1,2,3,4,5,6,7,8,9,10,11,12,13,14,15,16,17,18,19,20,21,22,23,24,25,26,27,28,29,30,31,32,33,34,35,36,37,38,39,40,41,42,43,44,45,46,47,48,49,50,51,52,53,54,55,56,57,58,59,60,61,62,63,64,65,66,67,68,69,70,71,72,73,74,75,76,77,78,79,80,81,82,83,84,85,86,87,88,89,90,91,92,93,94,95,96,97,98,99,100,101,102,103,104,105,106,107,108,109,110
0.0,0.008545494,0.009931059,0.0056065293,0.010203853,0.0060096337,0.008684647,0.010303143,0.009100481,0.008823796,0.009114067,0.0037519361,0.0056996928,0.00912731,0.010195567,0.009887963,0.009499799,0.009599247,0.005610148,0.00970715,0.009878211,0.0005039181,0.0077124434,0.008855174,0.0039258627,5.386519e-05,0.0074045435,0.001704768,0.0088074505,5.4042055e-05,0.010264344,5.6354198e-05,0.010022235,0.010422877,0.0050966754,0.00952348,0.00699578,0.008698299,0.00916552,0.00430658,0.0003935132,5.4200635e-05,5.141509e-05,0.009998596,0.0019407494,0.00554716,0.010121043,0.009766979,5.5484677e-05,0.009763319,5.924206e-05,0.009689229,0.007599328,0.010459342,0.00999666,0.009530268,0.009903554,0.005315206,0.009374791,0.00019562269,0.007555427,0.0065015294,0.009286226,0.0081053665,0.006804424,0.009495425,0.0097651845,0.0049895807,5.424033e-05,0.0055483673,0.00871067,0.009587031,0.010147869,0.0059567485,0.0031608169,0.0055608554,0.010513452,0.010138656,0.009092434,0.0094037615,0.008935476,0.0025651283,0.008610899,0.009406132,0.010026143,0.008508666,0.009751184,0.0010082034,0.009975991,0.010766363,5.639213e-05,0.009654308,0.0033790353,0.008370073,0.0045467503,0.0065610134,0.0072626756,0.007379199,0.0089908475,5.2920444e-05,0.0046198084,0.0028437846,0.0044208104,0.009976662,0.0055573815,5.5732726e-05,0.0075160055,0.0024907182,0.016098682,5.764815e-05
0.008565791,0.0,0.010683691,0.0068390113,0.010639546,0.006786444,0.00947385,0.010755361,0.009620046,0.009381344,0.009661274,0.004508584,0.0065074386,0.009734373,0.010799385,0.010465444,0.009957854,0.010253283,0.006287253,0.010045872,0.010342025,0.0012792187,0.008282437,0.009397912,0.00461874,5.963296e-05,0.007846632,0.0025107646,0.009302032,5.7922512e-05,0.010649768,5.9727292e-05,0.010330797,0.010654669,0.0058667716,0.010021837,0.0074395677,0.009365322,0.0096468115,0.005018844,0.0014683984,5.791437e-05,5.2785104e-05,0.010654961,0.00283847,0.006200536,0.01050073,0.010263406,5.3549225e-05,0.010301486,0.00074197777,0.010100539,0.008507326,0.010993626,0.010429583,0.010096012,0.010449064,0.0060505453,0.009992681,0.0012256864,0.00810692,0.0072595547,0.009874289,0.008702352,0.0073629315,0.010057238,0.010337691,0.005796376,5.7292105e-05,0.006161301,0.009210664,0.010078773,0.010730463,0.0069582337,0.0036672002,0.0063372147,0.011057815,0.010619222,0.009670308,0.009965016,0.009571088,0.003372235,0.009215077,0.010279249,0.010569087,0.009280682,0.0103325825,0.0019645817,0.010625114,0.011275741,5.9728474e-05,0.01024925,0.003603975,0.008936858,0.0054627294,0.007167122,0.008086507,0.008055295,0.009542016,5.2972086e-05,0.005529235,0.003587766,0.0051171286,0.010447504,0.006359225,5.77853e-05,0.007991905,0.0032412885,0.016410103,5.7188176e-05
0.01076279,0.011456492,0.0,0.008526188,0.013380578,0.008863679,0.01150235,0.01362073,0.011870847,0.0118186185,0.012027569,0.006647182,0.0081364615,0.01232298,0.013508097,0.012893815,0.012302099,0.012565457,0.0084101055,0.013170921,0.0135884965,0.003642049,0.01053346,0.011538955,0.006799956,6.737293e-05,0.010290334,0.0050384523,0.011566201,5.8955753e-05,0.013417295,5.5811226e-05,0.013426749,0.0134182265,0.007910038,0.012570311,0.009623445,0.0126848705,0.012141145,0.007012707,0.0033962668,5.5240314e-05,5.6229026e-05,0.01337657,0.004963132,0.008316993,0.01307615,0.012693724,5.5956967e-05,0.012716173,0.0031085736,0.012564077,0.010258729,0.014031152,0.0132969,0.012608445,0.0137777105,0.008184166,0.012393574,0.0033636326,0.010385567,0.009114001,0.011849274,0.010948746,0.009390257,0.013080979,0.012531598,0.0078797545,5.608747e-05,0.008271011,0.012776993,0.013265773,0.01337036,0.008549024,0.005993604,0.008435206,0.013729357,0.014149039,0.012711913,0.012044772,0.0119106695,0.005171888,0.011477439,0.012413877,0.013264157,0.011420186,0.012742988,0.004512807,0.014375943,0.01412726,5.9350805e-05,0.012555985,0.006733879,0.011276539,0.007441336,0.009273845,0.010184616,0.010095602,0.011653365,5.1808423e-05,0.007500584,0.0060797636,0.0071810894,0.013006055,0.008265698,5.5969394e-05,0.010404281,0.0056663156,0.018809818,5.665555e-05
0.0064697694,0.0077187954,0.008818389,0.0,0.008386203,0.004734584,0.0077978605,0.008886091,0.007968749,0.007526505,0.008153925,0.0021745714,0.0058217454,0.00782818,0.009623466,0.008721562,0.008697908,0.008783844,0.0040657213,0.008987831,0.00927293,6.511279e-05,0.0060783233,0.0075601493,0.002399439,5.602513e-05,0.0055325595,6.2765e-05,0.007719662,5.792184e-05,0.009426919,6.155537e-05,0.009737188,0.009073428,0.0041237483,0.0076535293,0.005018658,0.008945859,0.00808818,0.0026594857,0.0004314906,5.647894e-05,5.7800557e-05,0.009370105,0.00027216325,0.0044405023,0.00880294,0.007995731,5.6858687e-05,0.008931042,6.261403e-05,0.0086532915,0.006907724,0.00949006,0.009214511,0.008580918,0.009214603,0.0036437528,0.008432367,6.223925e-05,0.006116848,0.005581695,0.008243769,0.0065414067,0.004946019,0.008789957,0.008974001,0.0034193755,5.8527436e-05,0.0039668023,0.008925038,0.008904534,0.008632583,0.005960218,0.001326374,0.004169169,0.009529297,0.009028634,0.009473075,0.00814525,0.0076892846,0.0012313077,0.007118771,0.008676037,0.00920677,0.007612411,0.008644839,6.5909175e-05,0.009239208,0.009819836,5.5684948e-05,0.008514488,6.410354e-05,0.0068782633,0.0032207118,0.0051226215,0.0063521294,0.006577319,0.007940362,5.0307037e-05,0.003407166,0.0010214086,0.0026393507,0.008499678,0.0050776084,5.6041965e-05,0.00574431,7.305835e-05,0.017104672,5.5530792e-05
0.010137045,0.010796302,0.012504626,0.007930525,0.0,0.008325025,0.010884537,0.013019384,0.0113285,0.0111095365,0.011315288,0.00623035,0.007295911,0.011720756,0.012620443,0.012203612,0.011406073,0.011758843,0.008054193,0.012585289,0.0130462255,0.0032380526,0.010014137,0.0110345585,0.006347377,5.8590664e-05,0.009889837,0.0046881638,0.01090391,5.8766538e-05,0.012931754,6.1019735e-05,0.012877995,0.012775767,0.007278967,0.012038058,0.009345674,0.011350016,0.011355582,0.0067258216,0.0027631987,5.612331e-05,5.6571946e-05,0.012625868,0.0046331994,0.0076475907,0.012491518,0.011924549,5.5810484e-05,0.011849187,0.002755299,0.012006557,0.009578066,0.0132880835,0.012310929,0.01189156,0.013191163,0.00785691,0.011662469,0.0030419303,0.009721635,0.008470695,0.011237545,0.010409491,0.008908694,0.012258237,0.011804915,0.007692579,5.963603e-05,0.0077777593,0.011811503,0.0124201,0.012814238,0.007830188,0.0055123637,0.008030015,0.01301557,0.013057097,0.011946811,0.011571064,0.011322479,0.0047494164,0.010985868,0.011631702,0.012420972,0.0105580995,0.0121173505,0.0038229474,0.013404393,0.013374623,6.129418e-05,0.011906468,0.0065910523,0.010765695,0.0069681867,0.008858001,0.009432468,0.009444482,0.011146156,5.5599034e-05,0.0071388516,0.0057004564,0.006672268,0.012416789,0.007806519,5.8927286e-05,0.009815165,0.005561202,0.018028678,5.9800182e-05
0.005869469,0.006861756,0.008522994,0.0039931503,0.008507429,0.0,0.006993799,0.008867489,0.007511583,0.007020301,0.007734433,0.0017341587,0.0036583473,0.007523759,0.0093884785,0.00835973,0.00809435,0.008272592,0.0035106954,0.009547496,0.00913695,5.2843487e-05,0.005698716,0.0071036112,0.0014866682,5.2690877e-05,0.0052163894,0.00012681095,0.0070286375,5.550541e-05,0.009205179,5.5008815e-05,0.009816309,0.009179516,0.0028850327,0.007877497,0.0050823055,0.009589112,0.0075550755,0.00217339,5.6333927e-05,5.1950745e-05,4.9147824e-05,0.009112082,0.00035314824,0.003401257,0.009027685,0.00805121,4.804924e-05,0.008613395,5.4798587e-05,0.008194979,0.0059318827,0.009680117,0.009573382,0.008197152,0.009708238,0.0036771407,0.007882701,5.683659e-05,0.00561387,0.00445147,0.0075827893,0.006103341,0.004801068,0.008954349,0.00845168,0.0037643055,5.0055067e-05,0.0033395842,0.0093874335,0.0094636325,0.008746782,0.0043623676,0.0005667565,0.003981899,0.009232228,0.00924526,0.00951129,0.007620029,0.0070995456,0.00024371572,0.0068895617,0.007856096,0.009442016,0.0067980518,0.008096508,5.6740344e-05,0.009440967,0.009567875,5.4364325e-05,0.007894672,0.0016975378,0.006551405,0.0029651772,0.004726054,0.0051539945,0.0055205333,0.0073649506,5.1376508e-05,0.0026756136,0.0009726723,0.0025422487,0.008256986,0.003634489,5.006741e-05,0.005779492,0.0010914864,0.016423369,5.2228013e-05
0.00839853,0.009329895,0.010512049,0.006592814,0.010595499,0.006751596,0.0,0.010736259,0.009696681,0.009481495,0.0096328175,0.004660609,0.006618006,0.009749961,0.0107408995,0.010469703,0.0100980885,0.010243983,0.0062632854,0.010031966,0.010269175,0.001510946,0.0082557965,0.009462083,0.0048407023,6.258233e-05,0.008053791,0.0025009112,0.009327414,6.240599e-05,0.01041854,6.1954364e-05,0.01032886,0.010817196,0.0059053944,0.010061228,0.007371312,0.00910302,0.009627087,0.004890167,0.0018114975,5.73955e-05,5.3711476e-05,0.010684959,0.0026870721,0.006260073,0.0103734415,0.010128247,5.955607e-05,0.010342747,0.0007786013,0.010159881,0.008386201,0.010967511,0.01048914,0.010227495,0.010346665,0.005950066,0.0099727,0.001155805,0.00816952,0.0071722125,0.009725078,0.008694135,0.007403917,0.010023133,0.010376044,0.0057278876,5.9026752e-05,0.0062124333,0.0092074,0.010136651,0.010588068,0.006824042,0.0038977955,0.0062336326,0.010933404,0.010610863,0.009639224,0.009777543,0.009339126,0.0034295195,0.009058471,0.010111942,0.010612666,0.009113425,0.010314515,0.0018550478,0.010654686,0.011069231,5.98706e-05,0.010226866,0.003801731,0.00887947,0.0053521907,0.0071401414,0.008011965,0.00811125,0.009626646,5.538869e-05,0.0054381285,0.0036535026,0.0050351657,0.010415842,0.0064131133,6.0117418e-05,0.007907113,0.0030715389,0.016005175,6.2348714e-05
0.010991356,0.011610582,0.0135336025,0.008668991,0.013709738,0.009140317,0.01170329,0.0,0.01215435,0.012106605,0.012450928,0.0071699233,0.008327902,0.012630696,0.014032028,0.013261031,0.0124523435,0.012737853,0.008805211,0.013785472,0.014096825,0.0042138426,0.010867182,0.011779416,0.007248937,0.0008514907,0.010736691,0.005456268,0.011656367,5.831522e-05,0.013919045,5.674884e-05,0.014030511,0.013802676,0.008112434,0.012834323,0.009978383,0.013359807,0.012347167,0.007341917,0.0037219268,5.6716526e-05,5.3907497e-05,0.01377798,0.0054620244,0.008572363,0.013534912,0.0129267415,5.379464e-05,0.013137746,0.003697908,0.012983955,0.010484671,0.014430157,0.013747101,0.012934269,0.014474151,0.008401539,0.012572917,0.0038987924,0.010550268,0.009185899,0.012189005,0.011153297,0.0097687375,0.013476574,0.01273437,0.008410953,5.9290374e-05,0.008685443,0.013495212,0.013755814,0.013822833,0.008699897,0.0065008183,0.008909703,0.013979266,0.0145654315,0.013359105,0.012226512,0.012002646,0.0055606454,0.011757155,0.012442641,0.013717712,0.011464597,0.012884175,0.00489714,0.014880915,0.014498953,5.5921297e-05,0.012753665,0.007320038,0.011641535,0.0075838165,0.009502683,0.010359405,0.010354276,0.011908273,5.6324156e-05,0.0077542495,0.006365955,0.007513418,0.013267183,0.008411339,5.7129928e-05,0.010495065,0.0062978542,0.019300481,5.507076e-05
0.009289605,0.009840362,0.011231673,0.0068240105,0.0115862535,0.0072473553,0.00996702,0.011658031,0.0,0.010172522,0.010697881,0.0052650487,0.007142369,0.0105080865,0.011723888,0.011322258,0.01081297,0.011062542,0.0070383186,0.011326568,0.011536124,0.002037976,0.0089117335,0.010135977,0.0056523615,5.599484e-05,0.008874431,0.0030506186,0.010071446,5.8054968e-05,0.011583016,5.6887977e-05,0.011663146,0.011782938,0.006666801,0.010761177,0.00812831,0.010856662,0.010532116,0.0055068634,0.002204793,5.3410793e-05,5.641028e-05,0.011743027,0.0031375517,0.007058527,0.011493547,0.011008802,5.1929113e-05,0.011149553,0.0013426377,0.0111297695,0.008970055,0.011970456,0.011528509,0.011091074,0.011480635,0.006516705,0.010929575,0.0016064405,0.008999357,0.007790057,0.010550239,0.009342236,0.008070816,0.01134198,0.01111505,0.0062926263,5.7458805e-05,0.0067370147,0.0107447235,0.011266853,0.011539099,0.007284694,0.004619594,0.0068574552,0.011778317,0.01173901,0.010728278,0.010470834,0.010123988,0.0038759396,0.009810736,0.010782445,0.011654723,0.009586499,0.01097324,0.0025712035,0.011702832,0.011969726,5.7034304e-05,0.011058915,0.004680087,0.009966783,0.005733518,0.007583925,0.008824094,0.008874307,0.010466559,5.148644e-05,0.0059903334,0.0043849177,0.0056063146,0.011159227,0.006939158,5.792277e-05,0.008563967,0.0036236346,0.016477143,5.846631e-05
0.009083698,0.009663443,0.011205705,0.0067986515,0.011203841,0.006967423,0.009762817,0.0114174625,0.0102773,0.0,0.010439869,0.005069157,0.006935359,0.0102657005,0.011463279,0.011119392,0.010676877,0.010982697,0.006754282,0.010955094,0.011074245,0.0018182473,0.0087763565,0.010008613,0.005422131,5.24416e-05,0.008798367,0.0027554792,0.009954811,5.3758486e-05,0.011364738,5.4408858e-05,0.011240861,0.0115249595,0.0063709426,0.010559371,0.0080916565,0.0102905,0.010487168,0.0052882736,0.0018571927,5.325804e-05,4.8581183e-05,0.011448891,0.0028473558,0.006835443,0.011218345,0.010688736,5.3630753e-05,0.010996288,0.0009825947,0.010777356,0.008753762,0.011670161,0.011196666,0.0108561395,0.011100932,0.0064109163,0.010667425,0.0012961685,0.008630164,0.0077208946,0.010381701,0.0091355555,0.0077331965,0.010931113,0.011082664,0.005975774,5.3238167e-05,0.006640306,0.010333394,0.010951176,0.011200564,0.00706323,0.0043843593,0.0065185963,0.011593269,0.011217395,0.010293903,0.0103207575,0.010016418,0.00361685,0.0096606575,0.010548694,0.011326016,0.009487813,0.010740332,0.0023234608,0.0112687815,0.011779202,5.4433192e-05,0.01074223,0.00446539,0.009679832,0.0055159787,0.0074660303,0.008604175,0.008706741,0.010139106,5.1874867e-05,0.005766545,0.003998222,0.005248155,0.011161685,0.006946633,5.1124294e-05,0.008507815,0.0032610833,0.016465051,5.5994067e-05
0.009635307,0.010298381,0.011922132,0.0072768778,0.011886384,0.007447708,0.010446852,0.012252214,0.0110758785,0.010814658,0.0,0.005546775,0.0076341284,0.010875128,0.01262671,0.01187023,0.011761778,0.011824437,0.007459144,0.012442552,0.01234595,0.0023308024,0.009294246,0.010705726,0.0059379376,5.3112813e-05,0.009487701,0.0035134507,0.01050947,5.312474e-05,0.012228245,5.4760352e-05,0.012591905,0.01242314,0.0070076874,0.011208307,0.008509926,0.012054037,0.011155402,0.0058313916,0.0025520523,5.3820662e-05,5.069142e-05,0.012467263,0.003534048,0.007360268,0.012231037,0.011331508,5.2750267e-05,0.011988236,0.0017056471,0.011856382,0.009227653,0.012781819,0.012607303,0.011782209,0.012508537,0.006862669,0.011527625,0.0020535209,0.009410133,0.00811913,0.011016609,0.009601219,0.008282169,0.012199597,0.011933719,0.006419511,5.107989e-05,0.007238567,0.012012058,0.012505312,0.01206366,0.00747413,0.005154681,0.007072333,0.012446515,0.012461331,0.0123316115,0.010881633,0.010529316,0.004308788,0.010206392,0.011289377,0.012575188,0.010045824,0.011321328,0.0030912946,0.012479653,0.012548937,5.1486786e-05,0.011468683,0.0050353515,0.010511762,0.00597323,0.008001116,0.009501776,0.009307389,0.011131214,4.892023e-05,0.0064059766,0.004692709,0.0058193207,0.011861237,0.007388134,5.032998e-05,0.008847642,0.0038921663,0.016849598,5.18117e-05
0.0047167977,0.0055284286,0.007835118,0.002444375,0.0075805276,0.0026048678,0.00587577,0.008181163,0.0065846806,0.0060757217,0.006896408,0.0,0.0029365506,0.0062483703,0.00869467,0.0075138,0.007228158,0.0075142225,0.0020501586,0.00861373,0.008468871,5.6958743e-05,0.00435713,0.006211935,0.00015985491,5.254686e-05,0.0042128344,5.8127163e-05,0.0060114344,5.6690023e-05,0.00846579,5.2028012e-05,0.008920613,0.008491987,0.0017603511,0.006785447,0.0035097422,0.00820474,0.0067017907,0.00052862964,6.146998e-05,4.8097478e-05,5.2560375e-05,0.008366172,5.6488854e-05,0.002145416,0.008219846,0.006990759,5.2844724e-05,0.007898257,5.9550774e-05,0.0072294152,0.0047559408,0.009153015,0.008754065,0.0072855144,0.009196514,0.00178157,0.0068491353,5.7031557e-05,0.004370915,0.0033075854,0.0065830946,0.004939998,0.0034048257,0.008259015,0.0075012366,0.001392167,5.3645326e-05,0.0017914351,0.008255948,0.008302947,0.00797467,0.0029256877,5.707185e-05,0.0021065928,0.008511798,0.008957048,0.008723244,0.0065075653,0.0059112124,6.130943e-05,0.005572827,0.0069189356,0.008897885,0.005514038,0.0071957298,5.59503e-05,0.0092674615,0.008967779,5.64446e-05,0.007086779,5.7114707e-05,0.0055968813,0.0009843172,0.002990903,0.0042525274,0.0045077708,0.0063630557,4.906945e-05,0.0010051323,5.9248556e-05,0.0006728904,0.007437114,0.002506119,5.0310144e-05,0.004021556,5.481078e-05,0.017956369,5.369081e-05
0.0067514484,0.007986044,0.008929856,0.0064768116,0.008677996,0.0046202904,0.008213119,0.009208036,0.008346136,0.008031637,0.008440201,0.003252897,0.0,0.0075734304,0.009479213,0.009016367,0.009237041,0.009389825,0.004350628,0.009186602,0.008978723,5.919847e-05,0.0060625807,0.008168327,0.0034356404,4.942156e-05,0.006001981,5.6874745e-05,0.008278721,5.2297783e-05,0.009641742,5.006415e-05,0.009415508,0.009307807,0.00612158,0.007879431,0.0052082087,0.009189573,0.008315555,0.0028311084,0.003984608,4.74362e-05,4.6664845e-05,0.0094401995,5.93986e-05,0.005741442,0.009175411,0.0082704965,5.068023e-05,0.009187843,5.618926e-05,0.008736003,0.008049229,0.0096810805,0.009401939,0.008860895,0.009627881,0.0033094205,0.009004289,6.1216786e-05,0.006304419,0.007292709,0.008566841,0.006674235,0.00556915,0.009079894,0.009312872,0.0027128316,5.0585368e-05,0.0042630374,0.009284705,0.009130712,0.008777878,0.00793501,0.0027550014,0.0036216362,0.009647531,0.009548549,0.009922193,0.007981278,0.0074632843,0.0027315253,0.006875307,0.009123099,0.009531339,0.008008333,0.008380666,6.038879e-05,0.009550965,0.009684682,4.9384264e-05,0.008717982,5.7390174e-05,0.007307869,0.002925448,0.004809866,0.008048847,0.008353068,0.0086087575,4.4827404e-05,0.0040373337,0.0009543388,0.0025149153,0.008553538,0.0072388686,4.77818e-05,0.004970245,5.9260918e-05,0.019138178,5.2214436e-05
0.008901208,0.009622399,0.010935111,0.0066146944,0.011197032,0.007495504,0.009641393,0.011341001,0.009916417,0.009629775,0.009959507,0.0049975114,0.00588258,0.0,0.011161383,0.010897355,0.010090569,0.010353434,0.006788859,0.010726961,0.0109410025,0.0016774666,0.008704427,0.009665159,0.004882236,6.147415e-05,0.008377391,0.0034573975,0.009698705,5.9842045e-05,0.011240874,5.8526228e-05,0.010978627,0.011173656,0.0059199785,0.010865204,0.008205766,0.010102749,0.009976057,0.005287091,0.0009535613,5.7811874e-05,5.4494714e-05,0.011065593,0.0035020902,0.00632058,0.010881702,0.010729258,5.84599e-05,0.0105110295,0.0012424197,0.010616844,0.008434268,0.011595536,0.010867071,0.010504621,0.011149822,0.0066799987,0.010317563,0.001690101,0.008531239,0.0071579157,0.010057008,0.009078188,0.0077482783,0.010523584,0.010508173,0.0066096587,6.0477592e-05,0.0065171295,0.0100290105,0.010521556,0.011433194,0.0067154043,0.004022107,0.0070952475,0.011638079,0.011254218,0.010126273,0.010376876,0.010161932,0.0034228677,0.009995428,0.0101915095,0.0109304115,0.009386438,0.010961462,0.00256969,0.011236382,0.011811267,6.192007e-05,0.010596373,0.005560895,0.0092524225,0.00591975,0.007843175,0.007948795,0.007975088,0.009624704,5.6549576e-05,0.0058763647,0.004264734,0.005663199,0.0110150445,0.006093811,5.7325487e-05,0.008926337,0.0045656697,0.016862376,5.754817e-05
0.011846096,0.012388442,0.01464102,0.009393588,0.014680182,0.009684856,0.012534818,0.015266098,0.0133861005,0.0131951785,0.013807086,0.008067617,0.009753122,0.0130985305,0.0,0.014407895,0.014075332,0.0144205885,0.009617594,0.016147753,0.015976314,0.0051740035,0.011415243,0.0126647875,0.008379602,0.0026798525,0.011731828,0.00618429,0.012774788,0.00015018831,0.015315104,0.00054837076,0.016427062,0.015205596,0.009338757,0.013409961,0.010647398,0.01668731,0.013632143,0.008160667,0.0052349446,5.480761e-05,5.2322306e-05,0.01583885,0.006085914,0.00957557,0.015288126,0.013504976,5.232277e-05,0.015024699,0.0047121868,0.01416233,0.011213001,0.01630294,0.016003415,0.0143425865,0.016694384,0.009159287,0.013834743,0.0048039416,0.011329435,0.010316802,0.01319858,0.011749748,0.01049151,0.015960366,0.014327654,0.00876253,0.0003844518,0.009377078,0.016886814,0.016507816,0.014581913,0.0096889185,0.0074804383,0.00945865,0.015211254,0.01652687,0.017359778,0.012858267,0.012659908,0.0066653225,0.01229473,0.013719541,0.015821226,0.0123350555,0.0136498585,0.0058715735,0.016906647,0.015729614,0.00045415165,0.013826444,0.007694698,0.012711956,0.0081984075,0.010283416,0.011676759,0.011549841,0.013290435,5.249154e-05,0.00878166,0.0071490784,0.008109821,0.014185983,0.009783994,5.2242744e-05,0.010945555,0.0066451393,0.021509262,5.2968207e-05
0.010061488,0.010786083,0.012367344,0.007956278,0.012409541,0.008197508,0.010897892,0.012696656,0.011376163,0.011156861,0.011493812,0.0062168944,0.007991001,0.0113927685,0.012783047,0.0,0.011753379,0.011999304,0.008010468,0.012472347,0.012624273,0.0030720807,0.00986716,0.011109613,0.0066049066,5.3421834e-05,0.009797896,0.0042917114,0.010929276,5.6254685e-05,0.012601423,5.6610217e-05,0.012635928,0.012659179,0.007420373,0.011724586,0.009197399,0.012001234,0.011511523,0.006536651,0.0032345448,5.310134e-05,5.2279338e-05,0.012680343,0.0043966346,0.007803996,0.01252405,0.011764283,5.0693146e-05,0.012188099,0.0025094412,0.012074471,0.009845303,0.013112332,0.012595858,0.012042555,0.012839723,0.00747382,0.011734614,0.0027777362,0.009673645,0.0087684225,0.011408668,0.010211031,0.008960364,0.012451979,0.012064043,0.0071973694,5.4317294e-05,0.0076893237,0.012020741,0.012553081,0.012595535,0.008038793,0.005641981,0.007822501,0.0129275955,0.012991001,0.011975117,0.011308823,0.010962093,0.0049024494,0.010812623,0.011664924,0.012593192,0.010676851,0.011915635,0.003742618,0.013051547,0.01316382,5.446808e-05,0.011881249,0.0057597216,0.010815871,0.006646608,0.008720581,0.009748065,0.009673844,0.01137288,5.3663876e-05,0.007059711,0.0053541125,0.006538239,0.012269813,0.007859858,5.5047272e-05,0.009485149,0.0048836814,0.01725684,5.504449e-05
0.009740647,0.010318957,0.011788098,0.007628654,0.011933804,0.007661353,0.010505186,0.012290633,0.0110112615,0.010946757,0.0115296645,0.005779236,0.008284677,0.010842835,0.01274553,0.011847719,0.0,0.011925911,0.0074534956,0.012140134,0.01216539,0.0025691884,0.009374964,0.0106924,0.006279899,5.3506603e-05,0.009412105,0.003579252,0.01064682,5.7194724e-05,0.012046216,5.7315745e-05,0.012331037,0.012343961,0.007425669,0.011030517,0.008430332,0.0121446,0.011250042,0.005876323,0.0031862906,5.4092423e-05,5.0083974e-05,0.01254836,0.0035770647,0.007588472,0.012211572,0.011335911,5.5084245e-05,0.012047651,0.0020399801,0.011779048,0.009534604,0.012713478,0.012526283,0.011741334,0.0121890865,0.0067985044,0.01153544,0.0021943855,0.009267483,0.008537455,0.011111626,0.009691613,0.008436826,0.012381173,0.012001871,0.0064320755,5.6905654e-05,0.0072814743,0.012197643,0.0124174645,0.011854841,0.007996581,0.005371826,0.0070337025,0.012415908,0.012462259,0.012370944,0.010762347,0.0104135685,0.0045819604,0.010005346,0.01146231,0.012477904,0.010097182,0.011228238,0.0032064049,0.012489214,0.01245006,5.7852332e-05,0.011492707,0.004681951,0.010438755,0.006041752,0.007947614,0.00964378,0.009613798,0.011219651,5.1026214e-05,0.006593284,0.0046804347,0.0058066905,0.011611615,0.007679103,5.5507655e-05,0.008811189,0.003549834,0.016695214,5.2833006e-05
0.009942741,0.01059422,0.0121295005,0.007911899,0.01226047,0.007922555,0.010862367,0.012597018,0.011425115,0.011261201,0.011832027,0.006008497,0.008663192,0.011019136,0.01312053,0.0124017205,0.012135489,0.0,0.007834101,0.012787042,0.012755206,0.0028278865,0.00958374,0.011013061,0.0067329044,5.3304353e-05,0.009753493,0.0039562276,0.011075994,5.5451743e-05,0.012438811,5.284182e-05,0.0129337525,0.012663263,0.0077399802,0.011170204,0.008739905,0.012421953,0.011620659,0.0062625795,0.0037249597,5.2500545e-05,5.2258532e-05,0.012956535,0.003944578,0.008052333,0.012602565,0.011608553,5.297844e-05,0.012465428,0.002325629,0.012058687,0.009742395,0.013202778,0.013093634,0.012064181,0.012602532,0.0070900535,0.011897029,0.002612383,0.009664921,0.008917097,0.011432203,0.010089715,0.0087644635,0.012774388,0.012324649,0.006631331,5.2561263e-05,0.007669168,0.012387267,0.012866846,0.01202087,0.008321704,0.005685292,0.0074208393,0.012777981,0.012834164,0.012343597,0.011163281,0.010804769,0.0048351423,0.010313533,0.011750228,0.013034494,0.010447449,0.011577947,0.0037482863,0.012958861,0.012727695,5.594598e-05,0.01179907,0.0048030396,0.01077984,0.0063917115,0.00837488,0.010172509,0.010102893,0.011540478,5.18034e-05,0.0070462446,0.005187394,0.0062235263,0.011955948,0.008339367,5.119648e-05,0.009026374,0.0037405372,0.017080959,5.5772987e-05
0.005913328,0.006624561,0.008523893,0.0033529077,0.008516672,0.003973834,0.006999155,0.008887375,0.007466194,0.0071603484,0.007581833,0.0014741085,0.0036949115,0.007395182,0.009148858,0.008334348,0.007925745,0.00822579,0.0,0.00877257,0.008640366,5.628833e-05,0.0056767417,0.0070654997,0.0020197127,4.931847e-05,0.0056838924,5.1515883e-05,0.007044506,5.452205e-05,0.008855056,5.390249e-05,0.008945228,0.008967997,0.0029648433,0.0077283494,0.004881379,0.007887698,0.007576205,0.0020272871,5.999455e-05,4.9537626e-05,4.761107e-05,0.00882621,5.466148e-05,0.0035445509,0.008688936,0.008024282,5.1506162e-05,0.0082743745,5.2389485e-05,0.008174885,0.005940257,0.009420707,0.008976841,0.008010397,0.009102606,0.0031978565,0.00779361,5.708428e-05,0.0057735406,0.0044368003,0.007616247,0.0060305707,0.004752867,0.00860648,0.008277673,0.0027744842,4.859191e-05,0.00320158,0.007884829,0.008748968,0.00863571,0.0037373626,0.0009887597,0.003407795,0.009141428,0.009037809,0.008253316,0.0075625936,0.0068799164,0.00021871428,0.0067252195,0.0077394946,0.009060857,0.006464988,0.008116087,5.2395997e-05,0.00919463,0.009342314,5.5256583e-05,0.007906038,0.0011823389,0.0067069153,0.0023103545,0.0042743185,0.0052880123,0.0056038294,0.0072806845,5.2184478e-05,0.0025396964,0.00068627816,0.0021301925,0.0083523365,0.0037404,5.239782e-05,0.0054758913,0.00011546959,0.01596054,5.3430875e-05
0.01189464,0.012141777,0.014680649,0.009055832,0.014756678,0.0095308935,0.012231306,0.015252875,0.013434537,0.013128987,0.014249074,0.008151264,0.00961516,0.013233504,0.016187575,0.014458996,0.014136645,0.01443845,0.009692649,0.0,0.016830333,0.005187914,0.011506566,0.0126855485,0.008614332,0.0032770934,0.012140149,0.006398834,0.012472172,0.00036126855,0.016630752,0.00087649137,0.017844833,0.015924491,0.009127142,0.013416589,0.010631761,0.017764276,0.013727767,0.008239022,0.0051807477,4.968876e-05,5.2149073e-05,0.016005892,0.006389455,0.009394007,0.016264364,0.013519273,5.24872e-05,0.01494333,0.0046856836,0.014298622,0.010959347,0.016280606,0.016543789,0.014465529,0.017724415,0.008995534,0.01389391,0.0048419214,0.011362226,0.009996632,0.013002877,0.011823991,0.01034253,0.016389582,0.014462489,0.008919877,0.00056339515,0.009423523,0.01790839,0.017239204,0.014681385,0.009390284,0.007585593,0.00944523,0.015114564,0.016519817,0.019305538,0.012544506,0.012291262,0.0067360383,0.012209739,0.013375862,0.015995428,0.011774433,0.01337543,0.0061788945,0.017010018,0.015849112,0.00072256254,0.013735952,0.008303332,0.013078656,0.00823575,0.010133955,0.011602204,0.011463605,0.0135622285,4.9510767e-05,0.008587448,0.0072386814,0.008117432,0.014443497,0.009618259,5.1145013e-05,0.011044888,0.007001046,0.025455927,5.17117e-05
0.011579661,0.011991111,0.014367269,0.008955783,0.0146738775,0.009391018,0.012041103,0.015172432,0.013128188,0.012915315,0.013658514,0.0077505372,0.009190609,0.0130840605,0.015639732,0.014229229,0.013494816,0.01403078,0.009280471,0.01666157,0.0,0.004900199,0.0112105645,0.012406543,0.008079742,0.0026729095,0.011710101,0.0060596108,0.0123276,5.639017e-05,0.015887005,0.00028140933,0.01714333,0.015416014,0.008819788,0.01339267,0.010359852,0.01643123,0.013212061,0.007851573,0.0048472877,5.5251952e-05,5.11008e-05,0.015487947,0.005982538,0.009143725,0.015491074,0.013433952,5.2320647e-05,0.014449728,0.0043798992,0.014002206,0.010873872,0.015931455,0.015612421,0.014065104,0.017491419,0.008787412,0.0134711685,0.0044950424,0.011234,0.009740393,0.01271296,0.011671487,0.010142951,0.01570659,0.013868359,0.008603927,5.8573198e-05,0.009055806,0.016547246,0.016252788,0.014628115,0.009215166,0.007247434,0.009128667,0.015032527,0.016271958,0.017541418,0.012589489,0.012231352,0.0063479627,0.01218039,0.0130867995,0.015311084,0.01183485,0.013422118,0.0058528557,0.016664783,0.015678179,0.00013868455,0.013631913,0.008047883,0.012650367,0.0078797545,0.009850861,0.011169054,0.0110892765,0.013189032,5.108195e-05,0.0083867675,0.0069389595,0.007814657,0.014253087,0.009312612,5.4094442e-05,0.0107737845,0.0067615183,0.023947312,5.724025e-05
0.0022719863,0.0033537473,0.0065649743,5.4867676e-05,0.0062774923,5.2335366e-05,0.003855606,0.0071651316,0.004707763,0.004154914,0.005479681,4.750855e-05,0.00028500863,0.0044392426,0.008401361,0.006196278,0.0056888964,0.006089079,5.5029523e-05,0.0086853,0.008208855,0.0,0.0018347126,0.0041252533,5.2412943e-05,4.2975633e-05,0.0012297601,4.8385857e-05,0.0038793865,4.9377857e-05,0.007837469,4.434432e-05,0.0090595,0.007442181,5.3222597e-05,0.0047735753,0.0005490593,0.009723538,0.0050784103,5.69535e-05,5.020757e-05,4.59805e-05,3.305598e-05,0.007976525,4.958274e-05,5.4803593e-05,0.007462759,0.0052511985,3.736721e-05,0.0069477223,5.3876756e-05,0.0059151705,0.0025380747,0.008885099,0.008591929,0.0058451123,0.009849564,5.8111662e-05,0.0053041577,5.606896e-05,0.0016433843,0.00045879447,0.00484605,0.0023088146,0.00029898447,0.008231499,0.0063001285,4.8910017e-05,4.8261507e-05,5.5247772e-05,0.009982541,0.008887146,0.006639718,0.0003067483,5.4973174e-05,5.724863e-05,0.007589203,0.009392658,0.011547856,0.0044449023,0.0035191225,5.5059954e-05,0.003187282,0.0053116707,0.008539164,0.003437003,0.005413853,5.286433e-05,0.0098962495,0.008462941,4.9074817e-05,0.005489074,4.5855533e-05,0.0033863543,5.3296535e-05,5.5447563e-05,0.0016836777,0.0019950583,0.004736711,4.0502608e-05,4.9936065e-05,4.9791724e-05,5.0560833e-05,0.0058457195,5.4165208e-05,4.349239e-05,0.0011567929,4.3523418e-05,0.02244477,4.388075e-05
0.0072910716,0.007978161,0.009440154,0.004948057,0.009810179,0.0055136117,0.008215399,0.009877181,0.008587247,0.008328668,0.008641636,0.0033308507,0.004653138,0.008755316,0.009876088,0.009360357,0.008885965,0.009004003,0.005261966,0.009426153,0.009552427,5.7069425e-05,0.0,0.0083449455,0.0034556263,5.5227098e-05,0.0071037873,0.0014879568,0.008275968,5.337154e-05,0.009905745,5.313639e-05,0.009720933,0.009980222,0.004467241,0.009240304,0.0066725696,0.0082516065,0.008707071,0.0037229517,6.256208e-05,5.3840507e-05,5.0956725e-05,0.009676911,0.0015168132,0.004913504,0.009719068,0.009221359,5.4406508e-05,0.009149528,5.695052e-05,0.009144635,0.0071738246,0.01005837,0.009553481,0.009217107,0.009593477,0.005030047,0.00889753,5.678848e-05,0.0072222855,0.0057574357,0.00875421,0.0075431927,0.0062975464,0.009281374,0.009185408,0.0048383973,5.4653705e-05,0.0049676723,0.008246313,0.009276834,0.009771517,0.0050991448,0.002456091,0.0051555503,0.010233338,0.009698396,0.008650556,0.008883506,0.008444816,0.0019342947,0.008305034,0.008811223,0.009745666,0.007775948,0.009445141,0.0005952212,0.00972133,0.010307812,5.5589237e-05,0.009064505,0.003626184,0.008060072,0.004278311,0.0060425904,0.0066696163,0.0067118886,0.00842782,5.3758806e-05,0.004218684,0.0025158497,0.0039520636,0.0095888525,0.0049602836,5.1338706e-05,0.007262206,0.0025473733,0.015797598,5.2330615e-05
0.0085482,0.009223607,0.010567003,0.0064301803,0.010821875,0.00680245,0.009373785,0.011032982,0.009775222,0.009620492,0.00989167,0.004718616,0.006666495,0.009867713,0.010796388,0.010631662,0.010101463,0.010430358,0.006587873,0.010331621,0.010656435,0.0017350048,0.008416037,0.0,0.004890064,5.0662464e-05,0.008256592,0.0026483778,0.009481795,5.4284556e-05,0.010835833,5.5029406e-05,0.0106537305,0.011032094,0.0060577667,0.010264801,0.0077919895,0.009238898,0.009866257,0.0049402323,0.0017271865,5.0117073e-05,4.8343125e-05,0.010768284,0.0028238657,0.0064559565,0.010646547,0.010312671,5.2682255e-05,0.01033141,0.0009157455,0.010331485,0.008342479,0.011082061,0.010615551,0.010296192,0.010452398,0.0062104817,0.010118498,0.0012920531,0.008422857,0.007219434,0.010014027,0.008652162,0.007444469,0.010323986,0.010379416,0.005798962,5.2497177e-05,0.00628738,0.0091600595,0.010170181,0.010803723,0.006800239,0.0039938227,0.006387602,0.011175206,0.010737417,0.009683932,0.009998175,0.0095250085,0.0035894986,0.009347232,0.010019792,0.010801041,0.009154083,0.0104007935,0.001757593,0.010601152,0.011205033,5.1221727e-05,0.010358028,0.0043468387,0.009272469,0.0052425335,0.007171152,0.008047578,0.008249901,0.009763168,5.000393e-05,0.005550705,0.003722269,0.0052068983,0.010588406,0.006523208,5.3626623e-05,0.008081364,0.0032320535,0.015962014,5.4810855e-05
0.004974453,0.005774978,0.007882963,0.0024316418,0.0077988016,0.002550564,0.006121052,0.008244801,0.006693692,0.006326992,0.007042306,0.00038792085,0.0032211873,0.006402201,0.008648365,0.007687713,0.0073549724,0.007674791,0.0026055977,0.0079185115,0.008393989,5.0094575e-05,0.004588438,0.006202219,0.0,4.503054e-05,0.004657165,5.135908e-05,0.0062351855,4.894101e-05,0.008418274,4.6377707e-05,0.008810568,0.008476239,0.002160815,0.006624039,0.003591716,0.0079625305,0.0068879575,0.00063201203,5.2819763e-05,4.3685068e-05,4.4761906e-05,0.008440184,4.7600017e-05,0.0025478317,0.008302724,0.00705213,4.4829336e-05,0.0078883795,4.6279863e-05,0.007450842,0.004975371,0.009112843,0.008584734,0.0074747005,0.008598357,0.0017442047,0.007200537,5.2048923e-05,0.0048823487,0.0036269305,0.006911623,0.0050477334,0.0036092359,0.008269505,0.007627044,0.0010607012,4.3594206e-05,0.0020791027,0.008041235,0.00814358,0.008018706,0.0030065062,5.515437e-05,0.001901144,0.008482822,0.00898672,0.008551604,0.0066000316,0.0057862215,4.9440725e-05,0.005569523,0.0071403314,0.008822818,0.0056374124,0.007120021,5.344837e-05,0.009263587,0.009103322,4.1493844e-05,0.007307848,4.814751e-05,0.005975944,0.00076543953,0.002965655,0.004604057,0.0049789115,0.0066223443,4.023262e-05,0.0011850784,4.8674174e-05,0.0005612964,0.0076284152,0.0030683402,4.3833174e-05,0.003839306,4.680566e-05,0.01738121,4.3202737e-05
4.6521218e-05,5.2779247e-05,0.0050403583,3.4672077e-05,0.0042478903,4.2421976e-05,4.8595095e-05,0.006003309,0.0015705597,0.00076503854,0.0030160265,4.7109952e-05,3.490932e-05,0.0006421726,0.008189135,0.003985048,0.0032630663,0.0041074306,4.159328e-05,0.008845173,0.0080397595,2.5351324e-05,5.03092e-05,5.482376e-05,3.704172e-05,0.0,3.8921793e-05,3.919623e-05,4.9053477e-05,2.0262582e-05,0.0064861975,3.0618077e-05,0.009223047,0.0060802395,4.814552e-05,0.0013273214,3.3187047e-05,0.011365206,0.0023112677,3.9513692e-05,2.6194572e-05,3.7973066e-05,3.3940727e-05,0.0076035694,3.723269e-05,3.091947e-05,0.0064320657,0.0021520043,1.908439e-05,0.0057929372,3.8081133e-05,0.0035062185,4.518254e-05,0.009099782,0.008857526,0.0035637282,0.0110307215,4.8910777e-05,0.0023562924,3.9281702e-05,4.882591e-05,3.461566e-05,0.0009787667,5.2207895e-05,4.930559e-05,0.008431714,0.003944694,3.1926837e-05,1.920792e-05,4.225602e-05,0.011862594,0.009883132,0.0049028527,4.795344e-05,2.6231648e-05,4.707026e-05,0.0063895653,0.010655281,0.014303071,0.00037073297,5.3791515e-05,4.423412e-05,4.1308605e-05,0.002630887,0.008488592,5.1965122e-05,0.0021246618,3.4113767e-05,0.011732618,0.008215594,2.9267814e-05,0.0024554618,3.4595498e-05,3.8433234e-05,4.8279835e-05,4.977482e-05,5.0822742e-05,4.3798736e-05,0.0014080297,2.8715895e-05,3.9731236e-05,3.0512518e-05,4.149673e-05,0.0033977607,4.8917544e-05,4.106628e-05,3.6178717e-05,4.488531e-05,0.027676359,2.0189806e-05
0.0069697932,0.0075641964,0.009189428,0.004134474,0.009459457,0.0048178565,0.0077086315,0.009578722,0.0082688285,0.008018581,0.008456284,0.0028280448,0.004399555,0.0082067475,0.009656801,0.009172579,0.008669786,0.008960254,0.0049884147,0.009362001,0.009534692,5.3992415e-05,0.0068865637,0.008073738,0.0035422079,5.2037572e-05,0.0,0.0008980149,0.00775337,5.145191e-05,0.009854793,5.180826e-05,0.009611923,0.009975552,0.004137729,0.008573919,0.006099249,0.008674714,0.00832623,0.0032405688,5.7122677e-05,4.644602e-05,4.570167e-05,0.00953515,0.00061187457,0.0046548797,0.009718501,0.008846121,4.9545666e-05,0.009006859,5.2691026e-05,0.008893987,0.00651343,0.010016014,0.009373293,0.008969931,0.009568539,0.0044956147,0.008606198,5.3037773e-05,0.0071295286,0.005367757,0.008402663,0.007138458,0.0058580204,0.009155263,0.009037018,0.0039614057,5.185163e-05,0.0046157306,0.0086138295,0.009157714,0.009312261,0.004219596,0.0026414762,0.004497306,0.0097186025,0.0095392745,0.0086210705,0.008211665,0.00787669,0.0015566609,0.007737946,0.00844113,0.009580824,0.007044735,0.008750696,0.00044157478,0.009586092,0.010121438,4.7396963e-05,0.008821298,0.003001315,0.007821025,0.0033681213,0.0053950264,0.0064519593,0.0063929264,0.008447274,4.8440143e-05,0.0035741464,0.002108476,0.00347971,0.009301929,0.004438943,5.0302413e-05,0.006440685,0.0016904963,0.015328617,5.0342565e-05
0.0026393454,0.003540681,0.006532623,5.7788286e-05,0.0062536434,0.00048809106,0.0039720875,0.0071866894,0.0048523294,0.004352415,0.005888456,5.9164307e-05,6.458284e-05,0.0047658277,0.008870574,0.0065670554,0.006235104,0.0067088096,6.3028485e-05,0.009330136,0.008594889,5.841956e-05,0.002268194,0.0040633897,6.0786475e-05,4.8017002e-05,0.001795392,0.0,0.0038264974,4.8278864e-05,0.007748734,4.795099e-05,0.009682583,0.008096413,5.8103127e-05,0.0051647644,0.0012279055,0.010788393,0.0052082306,6.2167084e-05,6.045743e-05,5.658526e-05,5.2427597e-05,0.008433901,5.806027e-05,5.9530757e-05,0.008104188,0.0055267005,4.783757e-05,0.0072608264,5.618698e-05,0.0064861923,0.0024967943,0.009178757,0.009108962,0.006359253,0.010049986,6.273217e-05,0.005649053,5.8253387e-05,0.0020232694,0.00043085145,0.004792345,0.0029307262,0.00089756417,0.008797111,0.0066851433,5.4904027e-05,4.9483628e-05,5.8925136e-05,0.010892847,0.009516161,0.0066496204,5.8516565e-05,5.5214456e-05,6.131064e-05,0.007932509,0.009504523,0.012086579,0.004620348,0.0041076387,5.9919363e-05,0.0036486425,0.0053279884,0.009196779,0.0036678796,0.005594828,5.8336504e-05,0.009839417,0.00885824,5.751632e-05,0.005975866,5.7684276e-05,0.0036678216,5.4926517e-05,0.0010540984,0.0020262362,0.0017512561,0.0047257114,4.989567e-05,5.634839e-05,5.80937e-05,5.8825568e-05,0.0064005344,6.0369563e-05,5.183499e-05,0.0024031005,5.4573095e-05,0.020198554,5.3781467e-05
0.008491819,0.009234544,0.010519709,0.00643211,0.010571909,0.006540486,0.00936623,0.010668884,0.009685621,0.009381502,0.0097267665,0.004651996,0.0065706535,0.009682967,0.010769437,0.0104092425,0.010038459,0.010166383,0.0064448533,0.00989111,0.010350321,0.001523698,0.0082949065,0.009374487,0.0048835734,5.273249e-05,0.008101267,0.0024659242,0.0,5.100571e-05,0.01041947,5.423703e-05,0.01017865,0.010789951,0.006127536,0.009921753,0.0074524703,0.009039108,0.009808335,0.005042842,0.0016756796,5.440452e-05,5.237626e-05,0.010613791,0.002711789,0.006292668,0.010505393,0.010144691,5.2051622e-05,0.010235846,0.00068797084,0.010217105,0.008254275,0.010892817,0.010358414,0.010166274,0.010202943,0.005980154,0.009972323,0.0010132832,0.008195585,0.007234317,0.00977816,0.008609274,0.00746505,0.010029457,0.010287138,0.005634417,5.299946e-05,0.006090193,0.0090124095,0.010041737,0.010675705,0.006736687,0.003936034,0.0062560677,0.011011019,0.010480734,0.009403989,0.009751947,0.009340148,0.0033836772,0.009129336,0.010116745,0.010495182,0.009009688,0.010293947,0.0019723033,0.010341352,0.011068309,5.368557e-05,0.010049395,0.0038023079,0.008949637,0.005257754,0.007115868,0.008177971,0.0082784565,0.009634329,4.7828522e-05,0.0055608107,0.0036390712,0.004990746,0.0103740785,0.006526973,5.13505e-05,0.00797405,0.0029474143,0.01584035,5.2460004e-05
5.3684136e-05,5.5244993e-05,0.004523656,4.3260643e-05,0.003292568,3.32095e-05,4.8467205e-05,0.0056078336,4.7555153e-05,5.556166e-05,0.001269431,3.1410265e-05,4.830356e-05,4.6643192e-05,0.008317789,0.0028066654,0.001641134,0.0025194401,3.5423145e-05,0.009473099,0.008293358,2.1108583e-05,5.132599e-05,4.849689e-05,3.8884602e-05,3.844953e-05,3.5635327e-05,3.9534247e-05,4.829153e-05,0.0,0.0058113476,2.4985853e-05,0.009966862,0.0052046245,3.1169937e-05,4.923226e-05,4.7451987e-05,0.0140719665,0.00061665324,2.6408834e-05,2.3872572e-05,4.0440777e-05,1.7496106e-05,0.007624957,2.4143646e-05,5.058377e-05,0.005681977,0.00037181645,2.1368678e-05,0.005266578,2.9234143e-05,0.0021600223,5.4788237e-05,0.009614442,0.009182693,0.002155899,0.012077251,3.2299835e-05,0.00029802785,4.0689283e-05,4.1766823e-05,4.4955683e-05,5.787547e-05,4.859464e-05,3.1714768e-05,0.008836391,0.0026362045,3.9355677e-05,1.5894004e-05,4.9235525e-05,0.014561544,0.010724293,0.004221867,4.046573e-05,3.7412527e-05,4.75721e-05,0.0059181736,0.011420191,0.018895276,4.3287913e-05,5.708031e-05,3.0894105e-05,3.5287805e-05,0.000658626,0.008742376,4.70893e-05,0.00044707893,4.346216e-05,0.012541405,0.008356145,2.7499553e-05,0.0008793168,3.857757e-05,4.9375518e-05,3.105874e-05,3.9609506e-05,4.8274433e-05,3.992015e-05,5.6119363e-05,1.1812701e-05,2.6498094e-05,4.206282e-05,4.1107367e-05,0.0018306095,4.632191e-05,1.5383208e-05,4.6795125e-05,4.2210995e-05,0.031622175,3.318036e-05
0.010452348,0.010691357,0.012732512,0.007876369,0.012974128,0.008524755,0.010916127,0.013387319,0.011631709,0.011540595,0.011971358,0.006872088,0.00781337,0.011859601,0.013510528,0.012491962,0.011904692,0.012297329,0.008443365,0.0145469615,0.01424001,0.004084102,0.010422965,0.011148407,0.007421288,0.00177545,0.010833731,0.0053625503,0.011136178,5.1567837e-05,0.0,5.282697e-05,0.014725556,0.013639453,0.0078909835,0.011933231,0.009621726,0.013609395,0.011731059,0.007142355,0.0036973713,5.119052e-05,5.2281594e-05,0.013284826,0.0053147045,0.008108562,0.013733402,0.012183886,5.0603776e-05,0.012333043,0.0036612323,0.012363923,0.009590939,0.013711604,0.013446272,0.012321277,0.0147062065,0.008096265,0.0119037395,0.0037292577,0.010233555,0.008704813,0.011393655,0.010672362,0.00933395,0.013228985,0.012301264,0.007849,5.418308e-05,0.00831079,0.013847228,0.013836129,0.0131066255,0.007947314,0.0065171486,0.008302774,0.013462435,0.013926061,0.014736482,0.011346302,0.011128047,0.00559586,0.011199103,0.011619743,0.013266201,0.010390687,0.01197546,0.005108734,0.014136644,0.013892399,5.5089342e-05,0.012213675,0.0074785505,0.011235156,0.007217224,0.0090166535,0.010045077,0.009773778,0.011713697,5.2868752e-05,0.00750168,0.006337445,0.007161688,0.0129652815,0.008257531,5.2575975e-05,0.010061587,0.006214428,0.023074562,5.3152744e-05
1.8148914e-05,2.2143664e-05,0.004359471,2.6262256e-05,0.0033093442,1.2636495e-05,2.4787894e-05,0.005614117,2.111664e-05,1.8660581e-05,0.0016544694,1.0284204e-05,1.854489e-05,2.7938097e-05,0.008388242,0.0028876048,0.0019177134,0.0029394978,3.198832e-05,0.009302332,0.008317671,8.2701035e-06,2.8210394e-05,2.3771596e-05,2.4952156e-05,1.851901e-05,1.7307213e-05,1.2107845e-05,3.0228723e-05,1.4573172e-05,0.006116293,0.0,0.009870807,0.0056258906,1.575906e-05,1.8903365e-05,1.5685619e-05,0.012846687,0.0010280664,2.8104692e-05,1.9876145e-05,2.3513348e-05,6.1812134e-06,0.0076376954,1.9288433e-05,3.3164804e-05,0.005978225,0.00057464,2.9844132e-06,0.0054515842,2.47091e-05,0.002341244,1.6230753e-05,0.009441624,0.0091887815,0.0024729522,0.011886005,2.9458335e-05,0.0006577537,2.583834e-05,3.340263e-05,3.342979e-05,2.1748197e-05,3.5341393e-05,3.078621e-05,0.008768427,0.0029170993,2.1271971e-05,6.846975e-06,2.8184426e-05,0.013410899,0.010316627,0.0041963663,3.3182147e-05,2.7642189e-05,2.7636554e-05,0.006022741,0.011232804,0.016656896,2.2969285e-05,3.5367317e-05,1.6506585e-05,1.5581847e-05,0.001030417,0.008633128,3.749704e-05,0.0005411962,1.0462761e-05,0.0123252245,0.008298738,2.6900158e-05,0.001025144,2.4730178e-05,2.4023993e-05,2.162043e-05,3.031643e-05,2.5221847e-05,1.6790616e-05,3.0976946e-05,1.6886734e-05,1.6012584e-05,2.44714e-05,2.1637139e-05,0.002045275,1.3107207e-05,4.0355353e-06,1.6382739e-05,1.0685765e-05,0.030658824,1.2920759e-05
0.011973104,0.012249003,0.014843762,0.009475756,0.014999527,0.00972041,0.01249359,0.015422615,0.013508381,0.013355848,0.01430716,0.008234307,0.009810654,0.0132765155,0.016265415,0.014423999,0.014241759,0.01450202,0.009963465,0.017789405,0.017053522,0.0055623716,0.011737537,0.0128403995,0.008785746,0.003687862,0.012199103,0.0066751936,0.0126858,0.000850112,0.016720429,0.001276962,0.0,0.016041005,0.009454373,0.013472953,0.0108431345,0.017755987,0.013755311,0.008391141,0.005607202,5.0221457e-05,5.2926734e-05,0.016246218,0.006576895,0.0097151175,0.016306024,0.013597924,5.1525163e-05,0.015016128,0.005029209,0.01454294,0.011196317,0.01627176,0.016681861,0.014506333,0.01783207,0.009330379,0.01408731,0.0053035636,0.01163619,0.010204944,0.013078678,0.0120325135,0.010595956,0.01665429,0.014510318,0.0091634095,0.0010492109,0.009639869,0.018043788,0.017180765,0.0147293685,0.009666402,0.007880711,0.009580779,0.015295008,0.016647955,0.019430822,0.012759318,0.0125838565,0.006892498,0.012493289,0.013552285,0.016072828,0.01200207,0.013558083,0.0064936127,0.017108822,0.01596697,0.0011338062,0.014014516,0.008562627,0.01320068,0.00836415,0.010275807,0.011684021,0.011537982,0.013560025,5.0605035e-05,0.008870112,0.0074835224,0.008315735,0.014506039,0.009865301,8.0053745e-05,0.011109773,0.0072575775,0.025647705,5.1113588e-05
0.0103631085,0.01072514,0.012848736,0.007915255,0.013211247,0.008287037,0.010982957,0.013379959,0.011832146,0.011588639,0.012099298,0.006584522,0.007857962,0.011713691,0.0136861345,0.0127928555,0.012283755,0.012509869,0.008263624,0.014439174,0.014147586,0.003715435,0.010277447,0.011216163,0.0069910493,0.0010662061,0.01065103,0.0048537534,0.011282908,5.3445525e-05,0.014256303,5.326414e-05,0.014696443,0.0,0.007813962,0.011977407,0.00936811,0.013900414,0.0118672075,0.0067452034,0.0033102229,5.2713778e-05,4.9585266e-05,0.013499796,0.0047633545,0.00798662,0.013727535,0.0120558,4.9582817e-05,0.012783972,0.0032570881,0.012506177,0.0097989645,0.013824107,0.01377875,0.012510621,0.014500389,0.007807829,0.01229213,0.0034077205,0.010275344,0.008638688,0.011609371,0.010410097,0.009208426,0.013530665,0.012627245,0.0076039336,5.12237e-05,0.008181595,0.013814528,0.013992563,0.013059361,0.007888863,0.006070212,0.00818918,0.013311203,0.013846713,0.014275668,0.011406172,0.011133091,0.0052487995,0.011050873,0.011833231,0.01342395,0.010441652,0.012033105,0.004617447,0.013999529,0.013779506,5.4119795e-05,0.0122979935,0.0069542606,0.011491266,0.006944519,0.008729651,0.009998039,0.009901715,0.0119470125,5.1918752e-05,0.0072600814,0.005815773,0.006831494,0.012808342,0.008104408,5.049864e-05,0.009756525,0.005691144,0.018923923,5.3362015e-05
0.006061948,0.007008386,0.008469781,0.0042158854,0.008471261,0.003968896,0.0072831647,0.008773787,0.007525818,0.0072845505,0.007735195,0.0018089908,0.005521896,0.007153668,0.009001734,0.00849193,0.0081912335,0.008529515,0.003697336,0.008313008,0.008715142,4.8945945e-05,0.005605677,0.0072714016,0.00219396,5.0736584e-05,0.005384357,5.2476833e-05,0.0073268972,4.9786697e-05,0.008938869,5.170364e-05,0.009016842,0.008812019,0.0,0.0076136813,0.004690672,0.008146999,0.007650167,0.002013366,5.9114467e-05,4.3912714e-05,4.531348e-05,0.008819025,5.4494587e-05,0.00406092,0.008738802,0.008018969,4.4082073e-05,0.008412393,5.0256574e-05,0.00827104,0.0063080858,0.009323217,0.008600432,0.008258357,0.008683848,0.0028900479,0.008127409,5.317809e-05,0.005784825,0.005173473,0.0077164783,0.00604116,0.0048167105,0.00817215,0.008474542,0.0024702398,4.8847938e-05,0.003249691,0.0080181295,0.008253217,0.00856737,0.00517092,0.0011614145,0.003160411,0.009141414,0.008606913,0.008671274,0.0075095166,0.0068676914,0.00068129983,0.0064351065,0.008168036,0.00913206,0.006904802,0.008093912,4.8705915e-05,0.009050488,0.009437225,4.5886016e-05,0.008135127,4.8973416e-05,0.006692458,0.00231417,0.004204229,0.0061837323,0.006295982,0.007497029,4.222901e-05,0.0027449178,0.00032002848,0.0019112347,0.008174808,0.0047408715,4.962118e-05,0.004945735,5.221474e-05,0.016833508,4.7234316e-05
0.009031604,0.009639723,0.0112305,0.006761873,0.011449802,0.007641872,0.00968483,0.011592301,0.0100878,0.009801148,0.010169188,0.0052668187,0.005968163,0.010699828,0.011378741,0.011001388,0.010264901,0.010506972,0.006822641,0.011062545,0.011243956,0.0021930716,0.008978031,0.009930985,0.005045369,5.7828223e-05,0.0084975455,0.0038431557,0.009864457,6.0933042e-05,0.011390107,5.8111378e-05,0.011233895,0.011426351,0.006075957,0.0,0.008522387,0.010265523,0.0101337945,0.0056203627,0.0013019664,5.654473e-05,5.4227792e-05,0.011140476,0.0039216233,0.0065702177,0.011110503,0.011018547,5.7875422e-05,0.010612664,0.0015995865,0.010726723,0.008589913,0.011697178,0.011068253,0.01069887,0.011523598,0.00706747,0.010379188,0.002122583,0.008782023,0.007300279,0.010114288,0.009314417,0.007873253,0.010695547,0.010614465,0.0069297473,6.0301994e-05,0.0068390407,0.010261756,0.010944877,0.011760999,0.006966451,0.0042663617,0.0072682407,0.011783349,0.011479549,0.010279327,0.010636601,0.010388544,0.003574505,0.010242365,0.010335385,0.011043701,0.009617844,0.011101681,0.0028224739,0.011517278,0.01201437,6.0804934e-05,0.010682646,0.0060340757,0.009481924,0.0061626346,0.00813901,0.008101613,0.008181511,0.009835916,5.5463097e-05,0.0060130293,0.0045600086,0.0060191946,0.01127867,0.006302633,5.9365706e-05,0.009140426,0.0050637037,0.016995253,6.1545164e-05
0.0064817937,0.0071568247,0.008847978,0.0039851083,0.008926259,0.0047907047,0.0073957634,0.009147932,0.0077949995,0.0074450355,0.007889213,0.0024100416,0.003876177,0.007918789,0.009232114,0.0087534785,0.008135142,0.0082451245,0.0042542745,0.009118514,0.009016394,5.246027e-05,0.006447309,0.007645237,0.0024855407,4.745948e-05,0.0060872715,0.0006951553,0.0073711374,4.8790094e-05,0.00942339,5.086389e-05,0.009361922,0.009348473,0.0034566137,0.008378553,0.0,0.007999443,0.007797227,0.0028354437,5.7002595e-05,5.1473886e-05,4.994721e-05,0.009135525,0.000682519,0.004146866,0.00899551,0.0084631145,5.1061972e-05,0.008601061,5.389143e-05,0.00843244,0.006309513,0.009618271,0.00908893,0.008372187,0.009367838,0.004324689,0.008217899,5.4586915e-05,0.0063854093,0.0050113755,0.008055534,0.0067459047,0.005412056,0.008745818,0.008584076,0.004187189,5.204424e-05,0.0041352813,0.008025151,0.008833454,0.00908665,0.0042979456,0.0014106052,0.004378977,0.009376562,0.009302355,0.008382531,0.008175583,0.0075819115,0.0010065318,0.007474219,0.008116413,0.009155544,0.006939493,0.008669939,5.2186788e-05,0.0092223,0.009780214,5.3686686e-05,0.008391426,0.0030758954,0.0071878387,0.0033617264,0.00533939,0.0058059576,0.0058230194,0.0076999017,4.3264627e-05,0.0031005798,0.0017380894,0.0031088875,0.008824084,0.004274414,5.000864e-05,0.006424506,0.0015982549,0.015554929,5.1202733e-05
0.014214113,0.014606362,0.0171387,0.011588294,0.016804777,0.011771109,0.014607541,0.017721869,0.015873663,0.015605858,0.01672887,0.010463085,0.01225051,0.015463775,0.018645434,0.016842809,0.016582044,0.016920615,0.011769937,0.019467708,0.018736297,0.007487762,0.013713979,0.014988101,0.010700909,0.0056599053,0.014000598,0.008661709,0.014816806,0.0029118208,0.018335214,0.0034055598,0.019548813,0.017804436,0.011593417,0.015692173,0.012851787,0.0,0.01629082,0.010449545,0.008035899,0.0020494186,5.236418e-05,0.018592823,0.008746508,0.011830473,0.018078996,0.01572443,5.6050132e-05,0.017567879,0.0071175564,0.016639045,0.013419536,0.01863537,0.018999064,0.016769234,0.019978017,0.011187124,0.016187135,0.007336384,0.01345389,0.012609287,0.015172661,0.0140904365,0.012567247,0.019137649,0.016697917,0.010984613,0.0032445001,0.011602774,0.021525532,0.019747231,0.01705771,0.012238157,0.009822244,0.011615234,0.017500238,0.019278599,0.024846574,0.01499346,0.014727345,0.009109418,0.014404045,0.015868306,0.018524438,0.014512235,0.01561936,0.008461209,0.019800093,0.018185034,0.0032569647,0.016059227,0.009863772,0.015068337,0.010359935,0.0124465525,0.013968759,0.01385731,0.015763547,5.491663e-05,0.01088059,0.009424003,0.010190782,0.016713215,0.012092129,0.0021912472,0.013158494,0.008845715,0.026205687,0.0021279913
0.009571934,0.010213365,0.011845448,0.007376615,0.011970065,0.0075121876,0.01029339,0.012121601,0.010927495,0.010671605,0.011011365,0.0056178886,0.007464787,0.010947782,0.012362266,0.011747511,0.011326927,0.01164099,0.0074576302,0.011739279,0.0119784465,0.0022839524,0.009406076,0.010500615,0.0059340647,5.3396296e-05,0.009415061,0.0033558889,0.010458536,5.4660897e-05,0.012054369,5.3828844e-05,0.011997327,0.012265054,0.006869525,0.011182294,0.008651204,0.011258333,0.0,0.00595966,0.0024136505,5.3676704e-05,4.919789e-05,0.012269585,0.0035251477,0.007405398,0.01187877,0.011378146,5.4683143e-05,0.011607493,0.0017403441,0.011616442,0.009210386,0.0125482455,0.012016799,0.011470603,0.011980517,0.0067911968,0.01132774,0.0018559935,0.009331509,0.008205482,0.011011958,0.009796999,0.008431701,0.011877824,0.011671248,0.006581302,5.523511e-05,0.0071336078,0.011231374,0.0118131805,0.011895502,0.007613795,0.0048802304,0.0070869466,0.012501829,0.012189127,0.011316346,0.010869221,0.010637661,0.004166443,0.010202786,0.011208626,0.012085227,0.010041134,0.011367211,0.0028657035,0.012274351,0.012530283,5.203914e-05,0.0114963865,0.0050681466,0.010357565,0.006183201,0.008041201,0.009185977,0.009220002,0.010841828,5.138241e-05,0.006435013,0.0045525385,0.005855738,0.011743881,0.007336432,5.4925433e-05,0.009031526,0.0040065707,0.016983911,5.214758e-05
0.004699931,0.005682961,0.007719291,0.0026064499,0.0076327245,0.0028245973,0.0059538144,0.008222961,0.0064271637,0.0060154465,0.006798679,9.3165356e-05,0.002692671,0.006470195,0.00881704,0.007498571,0.007348156,0.007540334,0.0023845874,0.00870741,0.008543414,5.974624e-05,0.0044589774,0.00605435,0.00029281108,5.6660843e-05,0.0043154475,5.6514415e-05,0.005915933,5.8783284e-05,0.008611452,5.759366e-05,0.009040459,0.0083965715,0.0016195473,0.0067869923,0.0035959487,0.0090027945,0.006646477,0.0,5.9506157e-05,5.307877e-05,5.1102816e-05,0.00853751,6.256799e-05,0.0021770566,0.008349403,0.0070533985,4.859547e-05,0.007867001,5.75135e-05,0.0073304875,0.0049218033,0.009174272,0.008845102,0.007237099,0.0091671925,0.0019639488,0.006975675,6.145142e-05,0.004452725,0.0033021916,0.0067560556,0.0050243884,0.003618551,0.00837167,0.007666135,0.0017777096,5.824644e-05,0.0018467497,0.009159465,0.008789313,0.007848141,0.002800011,5.993307e-05,0.0022335423,0.008524977,0.009093632,0.009220743,0.0066205356,0.005987234,6.010237e-05,0.00560522,0.007026218,0.008855413,0.0055911117,0.007291059,6.178323e-05,0.009153662,0.009077003,5.4487627e-05,0.00716192,5.762797e-05,0.0055484525,0.0012701998,0.0032209882,0.004142841,0.0044223284,0.006501334,5.5593602e-05,0.0011822832,5.8960544e-05,0.0009103386,0.007438619,0.0025791908,5.7133377e-05,0.004286006,6.050345e-05,0.017105278,5.3073407e-05
0.0033414946,0.004717067,0.0072672367,0.0018925628,0.0069688037,0.0003259708,0.005175823,0.007674666,0.0057677124,0.0051480574,0.0062420904,5.200488e-05,0.004842774,0.004961317,0.00869109,0.006997738,0.006840132,0.00737249,5.45602e-05,0.008706453,0.008403383,4.2301257e-05,0.0025111265,0.005105364,5.0598217e-05,4.492933e-05,0.0018663252,4.477702e-05,0.005139638,3.8391274e-05,0.008162149,3.926365e-05,0.009135547,0.0079178335,0.0010542518,0.0054204855,0.0010295135,0.009838067,0.0059497706,5.3794698e-05,0.0,4.3684184e-05,3.3955395e-05,0.008338543,4.5254936e-05,0.00085315254,0.007842086,0.005984776,4.265433e-05,0.007824011,4.0873325e-05,0.006686098,0.0042460305,0.009099585,0.00898289,0.0067359316,0.009748652,5.4729353e-05,0.0064783473,4.30261e-05,0.002410474,0.0027794382,0.0057588704,0.0032621983,0.0014260869,0.0084486585,0.00735447,5.077853e-05,4.7033394e-05,5.3292893e-05,0.009926366,0.009101772,0.0072471215,0.003797552,5.21404e-05,5.4763525e-05,0.008057472,0.009448779,0.010977427,0.0053519034,0.004279808,4.6363068e-05,0.0036412391,0.0066638314,0.00901723,0.0049573057,0.005932153,4.2501684e-05,0.0097131645,0.0088164145,4.1041803e-05,0.006400901,4.0286483e-05,0.0041226037,5.0940173e-05,0.0006508035,0.004099519,0.004203882,0.0058172788,3.8728762e-05,4.9506732e-05,4.2563675e-05,5.084869e-05,0.006422646,0.002599915,4.222137e-05,0.001237094,4.5311426e-05,0.02322131,3.9404087e-05
3.7373604e-05,2.7004724e-05,0.0038167518,1.840055e-05,0.0025923625,3.3565062e-05,2.8484266e-05,0.0049859285,3.8229893e-05,2.3339342e-05,0.0010137765,1.1492391e-05,2.8443219e-05,3.87645e-05,0.008123881,0.0023006934,0.0012302101,0.0024214545,2.4912491e-05,0.009174643,0.007983639,2.1975055e-05,1.8472041e-05,3.4373414e-05,1.3701332e-05,1.7093274e-05,3.6052894e-05,1.2418145e-05,2.6785889e-05,1.3936805e-05,0.0054231794,1.4127458e-05,0.00972559,0.005063582,3.0657782e-05,2.3958692e-05,3.5976867e-05,0.012974869,0.00019907825,1.9192006e-05,2.111643e-05,0.0,1.9266321e-05,0.007336926,1.3255765e-05,3.4586887e-05,0.00540026,3.8450416e-05,2.2882916e-05,0.0049414146,1.27036055e-05,0.0016717606,2.3222758e-05,0.0091791,0.00900419,0.0016898238,0.011811361,1.5438081e-05,4.2871114e-05,1.2521346e-05,2.7957205e-05,1.96618e-05,3.2740307e-05,3.370919e-05,3.320509e-05,0.008514267,0.0021782226,3.3971104e-05,1.2225881e-05,2.970478e-05,0.013704417,0.010409987,0.0033658291,2.106204e-05,1.7324242e-05,2.0047304e-05,0.0054402417,0.011144542,0.017235901,2.7650434e-05,3.8659462e-05,3.2739114e-05,3.0175413e-05,0.00020287115,0.008404955,2.6870486e-05,2.9387056e-05,1.1751846e-05,0.012462284,0.0077672782,7.680335e-06,0.00017557234,2.7775972e-05,1.9845213e-05,2.1995407e-05,2.0809519e-05,2.6437669e-05,3.3317294e-05,3.6271653e-05,2.0086309e-05,3.156966e-05,2.0702068e-05,2.569001e-05,0.0011984691,1.9220694e-05,1.5496418e-05,3.6189074e-05,2.4079947e-05,0.032104664,6.6260995e-06
4.154614e-05,3.380202e-05,3.8994065e-05,1.714501e-05,3.7771468e-05,3.901223e-05,2.4510558e-05,4.5908546e-05,4.2752392e-05,2.2540708e-05,4.8986865e-05,1.3291322e-05,2.8187731e-05,2.5063375e-05,0.0035859924,4.223402e-05,2.525419e-05,3.487229e-05,3.5817306e-05,0.005793288,0.0035726922,9.800009e-09,1.1429461e-05,1.8383811e-05,7.717497e-06,1.12984635e-05,1.3664101e-05,3.6111232e-06,4.4405122e-05,2.5049505e-06,3.4961493e-05,2.801281e-05,0.0066395397,4.6588906e-05,1.5314785e-05,2.6404061e-05,2.2341992e-05,0.014886998,4.5234043e-05,4.4368085e-06,2.881771e-05,9.540772e-06,0.0,0.0017864509,1.0229474e-05,1.9479538e-05,2.728686e-05,4.6333906e-05,2.8901775e-05,3.299061e-05,2.3366083e-05,4.9555852e-05,2.0940675e-05,0.006033674,0.005309998,4.8777536e-05,0.011988519,3.4933873e-05,4.609375e-05,2.631993e-05,2.7413202e-05,1.8812156e-05,3.7363185e-05,2.061685e-05,3.2485324e-05,0.005149237,4.0211795e-05,1.1182866e-05,3.069783e-05,1.1556518e-05,0.016417088,0.008843123,4.1129537e-05,1.3945784e-05,7.23546e-06,1.7331155e-05,3.154934e-05,0.010939389,0.024294414,3.5759047e-05,1.8503406e-05,9.961658e-06,2.1267639e-05,5.2835025e-05,0.0039314977,3.2947144e-05,4.396776e-05,2.119256e-05,0.01374591,0.0027657186,1.1158807e-05,4.560156e-05,1.3739633e-05,2.643453e-05,3.3680357e-05,3.3181706e-05,1.6854028e-05,4.155119e-05,2.0798941e-05,2.6525093e-05,1.6395805e-05,3.5596408e-05,3.1485022e-05,3.2788317e-05,3.897161e-05,1.7287486e-05,2.1225705e-05,1.35000555e-05,0.044333346,2.8670845e-05
0.011631737,0.012145328,0.0142942285,0.009186973,0.0142958965,0.009405784,0.012197052,0.014945756,0.013178649,0.0128646465,0.013683996,0.007707056,0.009466293,0.012983677,0.015774095,0.014172506,0.013887358,0.014112945,0.009312777,0.015664095,0.015509167,0.0047112633,0.01124358,0.012620868,0.008226452,0.0022019097,0.011544963,0.005948825,0.012531622,5.55997e-05,0.0150562255,0.0001225007,0.015983963,0.01499351,0.009025806,0.01319961,0.010366033,0.016156495,0.013427134,0.00791916,0.004882888,5.3993455e-05,5.0204417e-05,0.0,0.0058086743,0.009237262,0.014872769,0.013300323,5.4197895e-05,0.014771133,0.004252762,0.014006843,0.010979091,0.015931066,0.015707279,0.014072474,0.016218873,0.00884911,0.013563195,0.0046111704,0.011169414,0.009918622,0.012788504,0.011538866,0.010299352,0.01557437,0.0141327595,0.00845438,5.630315e-05,0.009120102,0.016256811,0.016102953,0.014307356,0.009453232,0.0071232645,0.009150982,0.014887233,0.016140684,0.016861625,0.012675207,0.012310399,0.0064220433,0.012136319,0.013309267,0.015457676,0.011929701,0.013325275,0.0055650533,0.01647858,0.015474929,5.4832824e-05,0.013674865,0.0073656514,0.012445891,0.007987431,0.010000566,0.011425011,0.011266505,0.013164893,5.1577124e-05,0.008491079,0.0068319924,0.007886751,0.013876517,0.009354195,5.404862e-05,0.010705623,0.0063797394,0.020791009,5.4397904e-05
0.0031699974,0.0042950925,0.007119118,0.00067624386,0.0068580783,0.0012311821,0.004542528,0.007531357,0.00522572,0.0048477566,0.005874494,6.467109e-05,0.00032746771,0.0053484947,0.009068842,0.0066925,0.0062401756,0.006606606,7.315774e-05,0.009555864,0.008886024,5.585628e-05,0.002862907,0.0047153723,6.256039e-05,5.7752757e-05,0.0020607589,5.844737e-05,0.0045046764,5.69459e-05,0.008132464,5.7103603e-05,0.009897404,0.007940221,6.84397e-05,0.005723523,0.001828109,0.010899732,0.0056201494,6.1369996e-05,5.8501777e-05,5.5420536e-05,5.5843837e-05,0.008270003,0.0,7.2802744e-05,0.007921128,0.006063641,5.448129e-05,0.0074281353,5.898558e-05,0.0063557494,0.0031875935,0.008938314,0.00945787,0.0064293696,0.009817644,7.136367e-05,0.0057692886,6.290644e-05,0.0024185025,0.0012440694,0.0054764757,0.0034687712,0.0015189284,0.008968055,0.0066554123,6.857875e-05,5.378162e-05,7.022427e-05,0.010928423,0.009298434,0.0071135536,0.0011066061,6.6552966e-05,0.0006515452,0.007932432,0.009208361,0.012197837,0.0052065784,0.004597567,6.597663e-05,0.004250049,0.0059085363,0.009253167,0.004355219,0.0062047644,5.8217312e-05,0.009458192,0.008610951,5.877741e-05,0.0058783623,6.067723e-05,0.0041054,6.190206e-05,0.0016272808,0.0023422819,0.002446279,0.00522969,4.84517e-05,6.787196e-05,6.509261e-05,6.0326493e-05,0.0064049354,9.495675e-05,5.2186195e-05,0.0028446233,5.614936e-05,0.020587815,5.2483007e-05
0.0060347333,0.006986663,0.008557301,0.004048305,0.008506007,0.0039152196,0.007220882,0.008746124,0.0075131394,0.007241735,0.007708653,0.0018977156,0.004926069,0.007454772,0.009022733,0.008522187,0.0081937155,0.0083378395,0.003742915,0.008700645,0.008699357,5.5171953e-05,0.005807145,0.0072341096,0.0021427537,5.4014945e-05,0.005586252,5.6270444e-05,0.0072356057,5.4284952e-05,0.008907763,5.075292e-05,0.008970528,0.008984352,0.0036963483,0.0076410943,0.004899143,0.007965314,0.0077478276,0.002127565,5.7537785e-05,4.753964e-05,4.9671846e-05,0.008944563,5.7763435e-05,0.0,0.008721016,0.008005682,4.9214646e-05,0.0083764875,5.5238015e-05,0.008193657,0.006327165,0.009327592,0.008933728,0.008221351,0.008971272,0.0032488264,0.008006215,5.7524678e-05,0.005914017,0.005059654,0.007898475,0.006265658,0.004915929,0.008606539,0.008382131,0.002729076,5.421339e-05,0.0034331395,0.008058885,0.0087359445,0.008687178,0.004673182,0.0012347894,0.003376166,0.009086076,0.009008114,0.008549082,0.0075609656,0.007030717,0.0007846887,0.0066180383,0.008165536,0.009113457,0.0068634334,0.008143371,5.404652e-05,0.0090551395,0.0093356995,5.071293e-05,0.0081805,0.0005639586,0.0067095524,0.002448952,0.0045271516,0.005900281,0.0060554966,0.0074843396,4.9568956e-05,0.0027248997,0.0007759891,0.002115952,0.008406173,0.0043200245,5.1209772e-05,0.005233193,5.5166296e-05,0.015929751,4.882583e-05
0.010574748,0.010800696,0.012975848,0.007849401,0.013241682,0.008352074,0.011018718,0.013509687,0.01203958,0.011748341,0.0123500675,0.0066222157,0.008129413,0.011785347,0.014035536,0.012853407,0.012451399,0.012797568,0.008388599,0.015112339,0.014709567,0.003631988,0.010225885,0.011403772,0.0071956813,0.0012639064,0.010833995,0.004900287,0.011368101,5.405096e-05,0.014589227,5.4157288e-05,0.015296702,0.014140912,0.007785116,0.012062258,0.009506231,0.014689957,0.01208098,0.00692518,0.003529383,5.2025847e-05,5.174573e-05,0.013889013,0.004845134,0.008147911,0.0,0.012262373,5.365404e-05,0.013204106,0.0032185174,0.012704127,0.009792222,0.014311676,0.014261908,0.012804836,0.014992936,0.0077900845,0.012512815,0.0032957718,0.01033039,0.008675691,0.011823083,0.010537989,0.009271798,0.014010091,0.012740204,0.0075959656,5.415119e-05,0.008089421,0.014513175,0.0145629365,0.013148742,0.00793116,0.00623205,0.008014809,0.013540424,0.014111689,0.015182217,0.011388666,0.011250829,0.0052832235,0.011056411,0.0120670395,0.013950469,0.0106346775,0.012082882,0.0045318,0.014538862,0.014037026,5.336594e-05,0.012359281,0.006966797,0.011540414,0.0069884616,0.00878928,0.010091046,0.010114626,0.012187935,5.2897183e-05,0.007267883,0.0060062474,0.006905918,0.012971787,0.008082771,5.051121e-05,0.00981171,0.0056588682,0.020095063,5.0987124e-05
0.0093597695,0.0099531775,0.011456206,0.007091122,0.01167967,0.0076043126,0.010047342,0.011881691,0.010395541,0.010238637,0.010357417,0.005405042,0.0064886194,0.010830048,0.01156787,0.011263853,0.01063936,0.010821746,0.00725182,0.011138052,0.011497632,0.002475257,0.009198425,0.010102312,0.00556691,5.7008117e-05,0.009002264,0.0038742006,0.010158752,5.8682224e-05,0.011678839,5.818757e-05,0.011393892,0.011593411,0.0064217835,0.011003009,0.008599992,0.010390529,0.010413133,0.005789056,0.0018469496,5.5110955e-05,5.6413017e-05,0.011475781,0.0037664343,0.0068406085,0.011377794,0.0,5.5183697e-05,0.0110519705,0.0018451471,0.010918614,0.008910457,0.012028313,0.011187408,0.010903245,0.01152917,0.0069828792,0.010608125,0.002214181,0.008914973,0.0076920427,0.010400011,0.009623575,0.0082836095,0.010867405,0.010833979,0.0069241445,5.5405184e-05,0.0071184845,0.010426947,0.0111059835,0.011808555,0.0072061825,0.0046773674,0.0072829826,0.011973437,0.011789206,0.0105687445,0.010698593,0.010444137,0.0040888055,0.010206814,0.0106683,0.011298889,0.009805336,0.011269549,0.002998773,0.011777041,0.012331127,5.5450295e-05,0.01085634,0.005696159,0.009737809,0.0061334665,0.008066587,0.008596506,0.008668575,0.010133152,5.676044e-05,0.006186348,0.0047224755,0.0059953867,0.011467266,0.0068233577,5.5083132e-05,0.00920205,0.004778855,0.016795907,5.679867e-05
4.934399e-05,5.8425518e-05,5.841144e-05,4.4818495e-05,6.63482e-05,2.1723652e-05,3.6618334e-05,4.5625406e-05,5.6885798e-05,3.71619e-05,5.2926294e-05,3.084555e-05,4.5351833e-05,3.321418e-05,0.0052586733,4.7139212e-05,4.646433e-05,4.8881782e-05,3.0469699e-05,0.0068887314,0.0049688653,3.1507057e-05,4.605125e-05,5.5749428e-05,3.08906e-05,2.5749128e-05,4.46416e-05,3.145415e-05,3.7025628e-05,3.8982183e-05,4.7768805e-05,2.6960803e-05,0.0077164997,6.872005e-05,3.4079734e-05,3.462095e-05,2.2517734e-05,0.014797968,4.3318203e-05,1.787916e-05,3.9074268e-05,1.1616995e-05,8.330819e-06,0.0035955242,3.6954676e-05,4.2094383e-05,4.4679073e-05,5.6480658e-05,0.0,5.7613797e-05,3.1431067e-05,5.9861388e-05,3.9946823e-05,0.0071750986,0.0066275494,5.3000527e-05,0.012213099,4.1320476e-05,5.389929e-05,3.3281096e-05,2.8521208e-05,3.0100586e-05,5.4637734e-05,5.6567456e-05,4.804183e-05,0.0063771154,6.0201e-05,4.962862e-05,1.1309232e-05,4.741701e-05,0.016128533,0.009625621,4.3032796e-05,5.742437e-05,3.6688863e-05,1.8326253e-05,7.509945e-05,0.011349001,0.022719093,4.212981e-05,4.623952e-05,2.8677401e-05,2.9637282e-05,5.1453746e-05,0.005467296,3.8657516e-05,4.6129935e-05,1.9697782e-05,0.013730187,0.004490913,2.9011353e-05,4.115385e-05,3.2090145e-05,4.4223307e-05,2.8018074e-05,4.587434e-05,3.5512192e-05,3.7367987e-05,5.3902168e-05,2.9698662e-05,3.426922e-05,4.4853106e-05,4.2863918e-05,5.5961733e-05,4.037686e-05,3.676154e-05,4.29458e-05,3.997931e-05,0.04186492,2.6906679e-05
0.010752233,0.011498971,0.013309875,0.008677629,0.013223818,0.008656031,0.011713461,0.013758064,0.012423797,0.012162334,0.012629259,0.0068882625,0.009398784,0.012048603,0.014570904,0.013271127,0.013057889,0.0132026635,0.008390236,0.014249517,0.01420198,0.004022194,0.010371294,0.011871463,0.007233187,0.00068432407,0.010596805,0.0044990187,0.011833586,6.001367e-05,0.013412619,5.7905057e-05,0.014478611,0.013843812,0.008376738,0.012181309,0.009409559,0.014655975,0.012551057,0.007063858,0.0044348883,5.6592835e-05,5.52625e-05,0.014274973,0.004971611,0.008692681,0.013608333,0.012574395,5.445328e-05,0.0,0.0034148411,0.012998729,0.010657365,0.014622298,0.014364601,0.013043153,0.014588481,0.007974047,0.012849615,0.003698021,0.010274388,0.009540102,0.012176814,0.010773283,0.009522796,0.014167342,0.01325891,0.0075854496,5.967985e-05,0.008374862,0.014659492,0.014615764,0.013275808,0.009005714,0.0064291074,0.008339468,0.01385833,0.014650043,0.014914073,0.011999561,0.011625576,0.005759858,0.011286345,0.01266383,0.014356177,0.011342222,0.012590345,0.0044808704,0.014895493,0.014264385,5.7878904e-05,0.012891795,0.0057200375,0.011545486,0.007267448,0.00918443,0.010639394,0.010610811,0.012281965,5.478139e-05,0.007724308,0.005926704,0.0071441922,0.012911328,0.008532419,5.761758e-05,0.009936154,0.0052771247,0.018593524,5.748277e-05
0.001515856,0.002841154,0.006369876,5.9753263e-05,0.005994502,5.4078653e-05,0.003334737,0.007200397,0.004235828,0.0037432238,0.0050742887,5.0770355e-05,5.3461823e-05,0.0039974493,0.008407392,0.005947669,0.0055541634,0.0058926847,5.535053e-05,0.008815227,0.008182,4.8125177e-05,0.001089391,0.0034566254,5.2889754e-05,4.840001e-05,0.00066759234,5.075916e-05,0.0032797959,4.8074686e-05,0.007639199,4.054837e-05,0.0091725495,0.007390339,6.044836e-05,0.004302069,5.899357e-05,0.010265706,0.00465567,5.4273405e-05,5.1555988e-05,4.1320076e-05,4.737107e-05,0.00799337,5.1151987e-05,6.0522976e-05,0.007383541,0.0049585,3.8558712e-05,0.006883,0.0,0.0056219366,0.0017652401,0.008864316,0.008894806,0.005576037,0.009953839,5.6996723e-05,0.0048922766,4.95857e-05,0.00084636465,5.3083975e-05,0.004331255,0.0017583265,5.857476e-05,0.00830018,0.0060349787,5.515071e-05,3.972376e-05,5.627286e-05,0.010937253,0.009134484,0.006410205,5.968951e-05,5.5196335e-05,5.8494577e-05,0.0074924245,0.009374827,0.012368097,0.003837199,0.0030421773,5.0292703e-05,0.0024631564,0.005010242,0.008619966,0.002976537,0.005003364,4.4780216e-05,0.009943198,0.008562777,3.923983e-05,0.005109858,4.6519686e-05,0.0027216962,5.548296e-05,6.0596692e-05,0.00095977914,0.0011868873,0.004234,3.4943103e-05,5.617886e-05,5.5830056e-05,4.7367674e-05,0.0054399716,5.1555136e-05,4.5528872e-05,0.00063242804,5.312147e-05,0.023124188,3.948496e-05
0.009844729,0.010364659,0.012132653,0.0075886105,0.0122996615,0.0077798804,0.010578282,0.012456614,0.011178709,0.011015237,0.011456576,0.0059413095,0.0076092067,0.011108031,0.012660955,0.012074846,0.011615551,0.011923784,0.007770435,0.012349613,0.012485467,0.0028408566,0.009719046,0.010896786,0.00619053,5.4468408e-05,0.009663462,0.0038648013,0.010807702,5.4573913e-05,0.01256309,5.603048e-05,0.012652764,0.012514073,0.0073069,0.011461501,0.008869987,0.011805877,0.0113422135,0.006119104,0.0027948376,5.306456e-05,5.4989934e-05,0.012515291,0.0039235684,0.0075210733,0.012303701,0.0116402805,5.1570398e-05,0.012061567,0.0022220884,0.0,0.009405825,0.012768514,0.012478072,0.01184432,0.012519029,0.0072553125,0.011550519,0.0024407466,0.009483547,0.0084922565,0.0112428,0.010020503,0.008572064,0.012212962,0.01194115,0.00696133,5.4261596e-05,0.0074092853,0.011924976,0.012279058,0.012282931,0.007638297,0.0052778893,0.0074325176,0.012700841,0.012670616,0.011828289,0.011162973,0.010833369,0.004564673,0.010544116,0.011469811,0.012577115,0.010180917,0.011671162,0.0034518791,0.012682876,0.012926807,5.5719192e-05,0.011698783,0.0056438413,0.010529049,0.006434014,0.0083248615,0.009557074,0.009467795,0.0111168735,4.9857994e-05,0.006716279,0.0050472566,0.0062591117,0.0119536845,0.007664675,5.564795e-05,0.009261977,0.0043787234,0.01711994,5.4045126e-05
0.007791541,0.008663114,0.009681192,0.0058742417,0.009788707,0.005894611,0.00877291,0.010120223,0.008951243,0.008714291,0.008988456,0.0039055536,0.0064144684,0.00896925,0.010085805,0.009705429,0.0094578285,0.00967999,0.005559369,0.009441497,0.0096064145,0.0005510752,0.0074676475,0.008841274,0.0040069977,4.9909384e-05,0.0070528234,0.0014106422,0.008762669,4.9982867e-05,0.009933918,5.2747117e-05,0.009677874,0.009987133,0.005404517,0.00916245,0.006676951,0.008684712,0.009049002,0.004096295,0.0013792019,4.8627015e-05,4.9856375e-05,0.009951642,0.0018424431,0.0056831064,0.009755825,0.009443428,4.9530925e-05,0.009599852,5.5152996e-05,0.009569286,0.0,0.010277409,0.009888065,0.009388934,0.009775764,0.005103773,0.009342149,0.00034835117,0.0075056423,0.006671364,0.009205844,0.007894773,0.006696148,0.009444415,0.009678948,0.0048386394,5.2819334e-05,0.0053808885,0.008711563,0.009416173,0.009958398,0.0064201513,0.0030756926,0.005379374,0.010438381,0.009881803,0.009190815,0.009061831,0.008600106,0.0026494523,0.008291003,0.009562396,0.009954541,0.008542723,0.00955312,0.00088747323,0.009826602,0.0104945935,4.9832564e-05,0.009427046,0.0025136424,0.008230693,0.0044043087,0.0063468874,0.0074511115,0.0075579,0.008958759,5.004717e-05,0.0046617365,0.002641646,0.0041465205,0.009564802,0.005967567,5.2666095e-05,0.007175246,0.0016710577,0.015845852,5.314121e-05
0.011937679,0.0126483105,0.01533066,0.009661888,0.015426372,0.009843741,0.013133997,0.015980672,0.013846602,0.013631108,0.014310689,0.008567736,0.009761238,0.01382072,0.016443081,0.014856892,0.014416954,0.01465201,0.010075796,0.016461581,0.016398761,0.0059081106,0.011568338,0.013231409,0.008582097,0.0034037777,0.012225543,0.006888427,0.013245715,0.0006436338,0.015824014,0.00092894596,0.01673028,0.01574966,0.009344227,0.014046107,0.01072023,0.016667068,0.013948813,0.008444544,0.00525141,5.6320707e-05,5.5446333e-05,0.016304418,0.006449757,0.01003588,0.015633594,0.014186562,5.384902e-05,0.015287478,0.0049593453,0.014645395,0.011777145,0.0,0.016339576,0.014754666,0.01751813,0.009696142,0.014200789,0.0051520388,0.011759463,0.010215002,0.01357554,0.011939034,0.010682675,0.016334917,0.014610697,0.00917641,0.001099212,0.009597298,0.016971452,0.016684493,0.015280128,0.010194435,0.007995363,0.009706149,0.01588823,0.017549682,0.017589571,0.0134958,0.012825218,0.006779113,0.012920089,0.014051702,0.01608671,0.012802033,0.014322088,0.0066988063,0.018063778,0.016561806,0.0012125841,0.014369272,0.008510041,0.013043591,0.00853137,0.010479707,0.012044535,0.011815904,0.013667048,5.5270924e-05,0.008962442,0.007958485,0.008311811,0.014766514,0.009725106,0.00023690744,0.011339497,0.0076029063,0.02338457,0.00012836159
0.011615468,0.012519934,0.014878688,0.009294167,0.014813015,0.009305839,0.012541718,0.015590349,0.013696165,0.013339484,0.0144118415,0.0077450355,0.009563454,0.013376504,0.016591452,0.014693095,0.014540935,0.01491157,0.009601591,0.017027635,0.016565625,0.004867545,0.011172409,0.012891429,0.008257971,0.0031685254,0.012011686,0.006377459,0.012966149,5.456916e-05,0.01598486,0.00041949612,0.017119879,0.015789667,0.00899775,0.013629794,0.0102762515,0.018028555,0.01387594,0.007925475,0.0051504727,5.4735236e-05,5.1680516e-05,0.016463876,0.005924407,0.009742558,0.01588774,0.0132253785,5.2771153e-05,0.015475271,0.0048491037,0.014659184,0.011370963,0.016734704,0.0,0.014644934,0.017468087,0.009099211,0.014296289,0.004658967,0.011517542,0.009976664,0.013341869,0.011570054,0.010260991,0.01676737,0.014781398,0.008962125,0.00076195784,0.009210367,0.018078158,0.017274544,0.014850509,0.00977517,0.0077394857,0.009502767,0.015473972,0.017013796,0.019134223,0.012925608,0.012298084,0.006346317,0.012381499,0.013739494,0.016493432,0.012260793,0.0137116015,0.0062302677,0.017580085,0.016165284,0.00071408646,0.014155269,0.008015905,0.013046065,0.007992208,0.009964366,0.0118326945,0.011753301,0.0136593245,5.1712752e-05,0.00851727,0.007350624,0.0077237254,0.0144689325,0.00956429,5.198095e-05,0.011162264,0.0069093565,0.022486374,5.410315e-05
0.009793015,0.010375893,0.0120493295,0.00755635,0.012214168,0.0077331318,0.010563174,0.012485835,0.011093011,0.010900287,0.011352824,0.0059645046,0.0076567014,0.011079175,0.012778129,0.012024403,0.011666244,0.01184918,0.0076518175,0.012499597,0.012548546,0.0028458664,0.009635672,0.010728654,0.0062222844,5.4277843e-05,0.009640483,0.003936452,0.010711085,5.5582914e-05,0.012376329,5.281311e-05,0.012667525,0.012652229,0.007152452,0.011443744,0.008858235,0.012072331,0.0113253435,0.0061547454,0.0027415536,5.46138e-05,5.0393803e-05,0.012545332,0.0039046311,0.007660003,0.012286363,0.011596513,5.544913e-05,0.012094472,0.0021392552,0.011814236,0.009397436,0.012854224,0.012533247,0.0,0.012619522,0.007155017,0.011701922,0.0023896056,0.009556005,0.008412758,0.011136676,0.00998158,0.008691776,0.012242718,0.011964095,0.0068677836,5.350258e-05,0.0075185657,0.01187738,0.012498763,0.012151225,0.0077047395,0.0054723606,0.0073819887,0.012684665,0.0125467945,0.0119229015,0.011096967,0.010738133,0.0046343226,0.010402239,0.011342952,0.012453882,0.010316153,0.011597746,0.0035851267,0.012770602,0.012737607,5.6268367e-05,0.011677158,0.0056260778,0.010666127,0.006347138,0.008265706,0.009550315,0.009455244,0.01107997,4.8877737e-05,0.0067360257,0.0050237873,0.006139792,0.011961778,0.007715849,5.2328593e-05,0.009123077,0.0045121266,0.016923957,5.3519805e-05
0.013576482,0.013882053,0.016268767,0.0109517155,0.016302397,0.011343451,0.013758771,0.016976949,0.014840201,0.01478312,0.015619508,0.00987863,0.0112334015,0.0148768,0.017585061,0.015879583,0.015315397,0.015630841,0.01124907,0.018260567,0.018062394,0.0070991716,0.013129488,0.014233304,0.010114763,0.005339161,0.013391842,0.008195063,0.014018135,0.0024924993,0.0176528,0.0030639083,0.0184581,0.017016644,0.010774746,0.0152129205,0.012342629,0.018690143,0.01522002,0.0099134585,0.0071930494,0.0015100254,5.3787637e-05,0.017396769,0.008254963,0.011025007,0.01707993,0.015243823,5.6694327e-05,0.016337767,0.0066779656,0.015748428,0.012660767,0.017968519,0.017812477,0.015744533,0.0,0.010849908,0.015229097,0.0068422914,0.0127065405,0.011717401,0.014388137,0.013459935,0.011954068,0.01779573,0.01573975,0.010553483,0.002713174,0.011077088,0.019123979,0.018341986,0.016545825,0.011358743,0.00915959,0.011101532,0.016971163,0.018481866,0.020513507,0.014359614,0.014131505,0.008403932,0.013886978,0.014929713,0.017356677,0.013646044,0.015151739,0.008009023,0.019158382,0.01779458,0.002859302,0.015408066,0.009976789,0.014251412,0.009942409,0.011965488,0.012912858,0.012848004,0.014639249,5.3247775e-05,0.01036848,0.008978479,0.009929206,0.015899288,0.0112698125,0.001734222,0.012782916,0.008889792,0.028144397,0.001637065
0.0050611272,0.005828306,0.007783737,0.0026915001,0.007819859,0.0035615084,0.0061507737,0.008270246,0.0066416953,0.0062060608,0.0070274016,0.00082782493,0.00242711,0.0066146315,0.008820185,0.0076727853,0.007389948,0.0074467594,0.0026662168,0.00895898,0.0085385125,5.9690537e-05,0.0049798554,0.0063296305,0.0006983607,5.7770158e-05,0.0046262206,5.5971504e-05,0.006195231,5.7808415e-05,0.008583843,5.2712134e-05,0.009130585,0.008639155,0.001953931,0.006994878,0.004345108,0.009120005,0.0067707617,0.001237841,5.843262e-05,5.1343064e-05,5.0152248e-05,0.008437656,5.820148e-05,0.0025077944,0.008476912,0.007260625,5.71909e-05,0.00790168,5.8979636e-05,0.007549438,0.004922433,0.009184025,0.009007205,0.007324583,0.009255327,0.0,0.006965194,5.871733e-05,0.0049092523,0.0033411647,0.006888605,0.0052368087,0.003961581,0.008456336,0.0075892657,0.0027362825,5.8604448e-05,0.0025965034,0.009158258,0.0089610405,0.0079798,0.0029611147,5.5947112e-05,0.002977718,0.008530917,0.009053551,0.0090580005,0.0068728705,0.0062845997,5.9418588e-05,0.006066783,0.0070082666,0.009001021,0.00572361,0.007360701,5.632514e-05,0.009190573,0.009127843,5.4227145e-05,0.007243768,0.0012479797,0.0058383504,0.0019817052,0.0038597938,0.004263356,0.0045584347,0.0065323864,5.363257e-05,0.0016507743,0.00016273867,0.0017061472,0.007659177,0.002711754,5.7798807e-05,0.0050251856,0.0002369492,0.015832892,5.3563006e-05
0.009348649,0.009939666,0.011500209,0.0071447473,0.011554215,0.007309046,0.010097201,0.0117183775,0.010627425,0.010490581,0.0108475955,0.0055524833,0.0077096485,0.01058812,0.012068212,0.01147629,0.011189954,0.0114231985,0.0072431113,0.011537774,0.011711535,0.0025291091,0.009068444,0.010427561,0.005865528,5.3803742e-05,0.0091837365,0.0033416103,0.010334423,5.5042383e-05,0.011650165,5.2931107e-05,0.01171172,0.011871648,0.00693471,0.010750415,0.008363333,0.010972849,0.0107916,0.0056700795,0.0027475506,5.3115564e-05,5.0106843e-05,0.011851347,0.0034485299,0.007335826,0.011688594,0.0110457335,5.0182316e-05,0.011430963,0.001726256,0.011338427,0.0091810785,0.012163051,0.011897748,0.01125552,0.011690612,0.0067689857,0.0,0.0019502612,0.009168621,0.008075887,0.010628661,0.009449074,0.008256245,0.011467455,0.011472199,0.006444155,5.2214316e-05,0.0070200926,0.010903875,0.011572068,0.011447836,0.007547478,0.0050662486,0.006952071,0.011959425,0.011846193,0.010834634,0.010624476,0.010229335,0.0043411027,0.0098465625,0.010980256,0.011944469,0.009837043,0.011012731,0.002800738,0.011745194,0.011955611,5.2115935e-05,0.011066025,0.004713957,0.010158833,0.0060227267,0.0077420343,0.009230263,0.009162138,0.010712087,5.038291e-05,0.00638731,0.004453578,0.0057462035,0.011375218,0.0074055367,5.4520544e-05,0.008569395,0.0036148925,0.016264474,5.4544827e-05
0.0021316342,0.0035571344,0.006594893,6.816982e-05,0.00642266,7.5803895e-05,0.0038377137,0.0072127837,0.004626217,0.0040593706,0.00539292,6.275763e-05,8.0017475e-05,0.0044785803,0.00868642,0.0062741716,0.0059790374,0.0063290186,7.2904804e-05,0.009260046,0.008386121,5.7821395e-05,0.0015779322,0.004021138,6.2143736e-05,6.273592e-05,0.00072542205,6.670038e-05,0.0037126592,5.5206867e-05,0.008087906,5.418603e-05,0.00966616,0.007656503,7.3090865e-05,0.0049977764,0.00032984308,0.011210223,0.0049732877,6.4964166e-05,6.511601e-05,5.7548677e-05,5.6001143e-05,0.008125266,6.553025e-05,7.011693e-05,0.007818593,0.005398414,4.6071073e-05,0.0071398695,5.656156e-05,0.0058235987,0.002347226,0.008995513,0.008987799,0.0060180617,0.0101613905,6.585647e-05,0.005257617,0.0,0.0012591868,0.00018465116,0.0046658926,0.0023582901,0.0001956998,0.008523524,0.0063764355,7.2063696e-05,5.2900043e-05,6.511808e-05,0.011331975,0.009502668,0.006737772,0.00036996906,6.883591e-05,6.937194e-05,0.0076083774,0.009437409,0.012917931,0.0045125857,0.0038099352,6.375105e-05,0.0033099058,0.0053183986,0.008946755,0.0036515044,0.0055175144,5.784681e-05,0.009814843,0.008532702,5.6368743e-05,0.0053307917,6.6768574e-05,0.0031000276,7.215781e-05,0.00031184172,0.0014463313,0.0017522512,0.004479722,5.728253e-05,6.395289e-05,6.494983e-05,6.613309e-05,0.0057540145,7.3227704e-05,5.152473e-05,0.0013241831,6.2614214e-05,0.022929283,5.9959813e-05
0.007115295,0.007696593,0.009184066,0.0045258496,0.009365009,0.005048195,0.007931937,0.009518703,0.0083455155,0.007919204,0.008347055,0.0029457896,0.004590489,0.008359064,0.00951548,0.009056743,0.00875389,0.008802856,0.005132121,0.009087897,0.009180091,5.5582008e-05,0.006808281,0.008162148,0.0035542157,5.2660493e-05,0.006892727,0.0010886638,0.007908042,5.1549127e-05,0.009494059,5.1785824e-05,0.00926352,0.009600048,0.0043288884,0.00856926,0.006077954,0.0079176035,0.008288036,0.0034591837,6.0243525e-05,5.442799e-05,5.224798e-05,0.009380186,0.00093765353,0.004837906,0.009385623,0.008900794,5.1806554e-05,0.008824992,5.2730196e-05,0.008966905,0.006746935,0.009827134,0.0092676915,0.008912667,0.009175608,0.004548338,0.00864209,5.3746036e-05,0.0,0.005517816,0.0085405,0.007230923,0.0058870497,0.008908658,0.008888675,0.0041756127,5.0323364e-05,0.0047086803,0.008007811,0.008958795,0.009358821,0.0048585706,0.0025697406,0.00463294,0.009693898,0.009419846,0.00832312,0.008349174,0.007965108,0.0016656787,0.007792897,0.008669886,0.009498165,0.0073534194,0.008779979,0.00029092893,0.009287468,0.009814927,5.5054643e-05,0.008703314,0.0028099131,0.0077159954,0.0035827856,0.005618485,0.0064570424,0.0065835826,0.00831557,4.644687e-05,0.003901041,0.0021597077,0.0036157593,0.00913446,0.0047464366,5.1407365e-05,0.0066127176,0.0016869551,0.015199295,5.3239837e-05
0.0069045657,0.00781184,0.009075327,0.0052636783,0.008994537,0.00495728,0.00800374,0.009347575,0.008245992,0.00811352,0.008369145,0.0028249035,0.006366189,0.008098025,0.009547399,0.009143808,0.008836312,0.009189621,0.0046255533,0.0089428015,0.00910301,5.279128e-05,0.0064797136,0.00803597,0.0031796228,4.7126443e-05,0.0062570255,0.00014180453,0.008178688,5.037986e-05,0.009400479,5.0877443e-05,0.009222861,0.009389429,0.0048920778,0.008344798,0.005713789,0.008303182,0.008486286,0.0030810395,0.0010278348,4.9771013e-05,4.5592493e-05,0.00932798,0.0004244577,0.0050414065,0.00915928,0.008756018,4.8951562e-05,0.009155901,5.400414e-05,0.008921313,0.0073189232,0.009678023,0.009323268,0.008859977,0.009235788,0.0039344514,0.008823457,5.104076e-05,0.006574874,0.0,0.008512724,0.0070674918,0.0057344157,0.00903222,0.009121505,0.0035855873,4.9811704e-05,0.004463301,0.008275192,0.008638289,0.0092253955,0.006067924,0.0023298503,0.0042473446,0.009728864,0.009380161,0.008936468,0.008491837,0.0078273155,0.0018904136,0.007369883,0.00883633,0.009605434,0.007716649,0.008838018,5.2079246e-05,0.009422693,0.009798846,4.797719e-05,0.008750981,0.00081130833,0.007546893,0.0033791177,0.0053802533,0.006973956,0.007117516,0.008266691,4.6267643e-05,0.003816647,0.0014984547,0.0030376522,0.008913623,0.0056239716,4.374508e-05,0.005932436,5.0090362e-05,0.016015531,4.667575e-05
0.008861782,0.009399704,0.010768261,0.006680549,0.010988622,0.0068668067,0.009473776,0.011156159,0.010014571,0.009699791,0.010132104,0.004845811,0.0067660715,0.009964235,0.010934394,0.010787029,0.010422454,0.01055843,0.0066854623,0.010344481,0.010793266,0.0018848567,0.00851897,0.009617289,0.005322647,5.5071767e-05,0.008429949,0.0029641923,0.009681144,5.4814565e-05,0.010874603,5.393738e-05,0.010723924,0.01116839,0.0062296474,0.010141623,0.007919727,0.009873188,0.010103528,0.005191911,0.0018611166,5.0840787e-05,5.2843632e-05,0.010957675,0.0030022482,0.006677878,0.010828289,0.010410266,5.4385207e-05,0.010496104,0.001126645,0.010589893,0.008608551,0.011173484,0.01060458,0.010528499,0.010636484,0.0062954244,0.010350041,0.0014341457,0.008446257,0.0074788863,0.0,0.0089474,0.0076783593,0.010331032,0.010605986,0.005957795,5.4354194e-05,0.0064141923,0.009789614,0.010352876,0.010930483,0.0069380817,0.004392969,0.006422144,0.011238206,0.0107850935,0.009857665,0.0099511435,0.00968929,0.0037838388,0.009318118,0.0102054095,0.010851873,0.009234362,0.0105035715,0.0024000837,0.010756821,0.01133264,5.4150754e-05,0.010507793,0.0043503502,0.009358149,0.005575394,0.007308397,0.008285924,0.008477576,0.009957246,5.1901745e-05,0.0058194296,0.004077382,0.0053674835,0.010694912,0.006819043,5.4702963e-05,0.008295904,0.0033359847,0.01588615,5.1519248e-05
0.007703814,0.0084828995,0.009842022,0.0054086624,0.009989585,0.005921543,0.008488213,0.010040305,0.008806563,0.008642652,0.008895058,0.0037977828,0.0051657134,0.009135167,0.009939343,0.00976074,0.009303417,0.009301668,0.005559526,0.009549667,0.009765012,0.00047736906,0.0076181525,0.0087046195,0.0037719281,5.7111527e-05,0.0072242734,0.001808831,0.008502314,5.7479887e-05,0.010086378,5.8656995e-05,0.009880001,0.010128708,0.0048744306,0.009499745,0.006965278,0.008606538,0.008986769,0.004115644,0.00016401161,5.39461e-05,5.6218367e-05,0.009785434,0.0020111136,0.0054729744,0.00983928,0.009609492,5.441895e-05,0.009522174,6.132242e-05,0.009360258,0.007467251,0.010429371,0.009780165,0.009418613,0.009740716,0.005404663,0.009252246,0.00019355159,0.007510601,0.0061750496,0.009011613,0.0,0.0065751583,0.009369619,0.009456318,0.0050848173,5.7928984e-05,0.0053911866,0.008510368,0.009446533,0.010155073,0.005599477,0.0030199152,0.005680222,0.010443834,0.009935487,0.008924248,0.009168934,0.008939543,0.0022913045,0.008534031,0.009208302,0.009963079,0.0082387645,0.009776282,0.0010324616,0.009949021,0.010469118,5.6243673e-05,0.0093140565,0.0038726612,0.008287603,0.004634116,0.0065599415,0.0070341085,0.00708581,0.008775505,5.1155075e-05,0.004529733,0.002980296,0.0042925538,0.009696624,0.005396648,5.3961016e-05,0.0075455774,0.0027269344,0.01596066,5.618381e-05
0.0066228705,0.007439601,0.008937049,0.0043099658,0.0088701015,0.004740874,0.0074845385,0.0091605885,0.007988655,0.00759493,0.008100649,0.002596754,0.0044068904,0.00787922,0.0093108285,0.008651412,0.008340755,0.008481968,0.004463359,0.00892888,0.009029446,5.8407404e-05,0.0062979404,0.0077270647,0.002621468,5.4189448e-05,0.006228239,0.00052952825,0.0075890133,5.63357e-05,0.009280406,6.090853e-05,0.009181072,0.009335121,0.0037363023,0.008249321,0.0055854768,0.008046352,0.007950659,0.0030706625,6.501215e-05,5.840793e-05,5.3690164e-05,0.009017999,0.0005732216,0.0043281615,0.009044278,0.00853012,5.336576e-05,0.008752385,5.9701386e-05,0.008470218,0.006489171,0.009519218,0.009265366,0.008560273,0.009230063,0.004118919,0.0083685145,6.3389765e-05,0.0064288764,0.0052026133,0.0082167005,0.006864188,0.0,0.008728703,0.008610349,0.0038189015,5.9809154e-05,0.0042064344,0.008061047,0.008823702,0.00898528,0.0047940887,0.0017695302,0.004373131,0.009530789,0.009219355,0.008358731,0.00817232,0.0076162177,0.0011192127,0.0074110534,0.008424259,0.009238712,0.007214513,0.008727202,6.143194e-05,0.009235508,0.009705316,5.637598e-05,0.008351242,0.0023806558,0.007149689,0.003351416,0.0053140097,0.006047127,0.0062268036,0.0078627,5.454295e-05,0.0033545191,0.0015868524,0.003122159,0.0088295955,0.0043281163,5.6160192e-05,0.0061652483,0.0012578234,0.015515334,5.9142345e-05
0.011574024,0.0123768095,0.014886193,0.009223964,0.014908768,0.009844753,0.01277675,0.015690414,0.013725214,0.013366217,0.01442367,0.008225402,0.009983362,0.013430551,0.016709194,0.01495248,0.014545255,0.014866537,0.009725178,0.017213767,0.016642071,0.0049381084,0.011292701,0.013122252,0.008297438,0.0025965886,0.012024735,0.0062332344,0.012844169,5.629232e-05,0.015887704,0.0002848717,0.017369408,0.015843606,0.009034989,0.01376155,0.010741821,0.018047065,0.013911079,0.00782995,0.0049996004,5.316767e-05,5.047192e-05,0.01659085,0.006361018,0.009620355,0.016022762,0.013669759,5.05621e-05,0.015526796,0.0047146855,0.014685469,0.0113530895,0.016778102,0.016855158,0.01465449,0.01759975,0.009204178,0.014230557,0.004986204,0.011506592,0.01003061,0.013305583,0.011664941,0.010297131,0.0,0.014885371,0.00901983,0.0005965994,0.009616191,0.018142102,0.017448528,0.01489534,0.009884524,0.0076901764,0.009596657,0.01570206,0.01722728,0.019323481,0.012922419,0.012714099,0.006300304,0.012510914,0.013834912,0.016588928,0.012456381,0.01385492,0.006044435,0.017680168,0.016221784,0.0005905834,0.014347118,0.008025658,0.013090092,0.00802969,0.010254891,0.011960069,0.011777633,0.013662603,5.0756902e-05,0.008337707,0.007360784,0.008282168,0.014364119,0.009511946,5.423055e-05,0.011131779,0.0067686997,0.02273513,5.3196225e-05
0.010096046,0.010611696,0.012112681,0.007952392,0.012149192,0.007883315,0.010712425,0.012531383,0.011387671,0.011165595,0.011660377,0.006181611,0.00850058,0.01121593,0.012905354,0.012226931,0.011883256,0.012321787,0.007826356,0.012457833,0.012619643,0.002995031,0.009744751,0.011068137,0.006569815,5.4225675e-05,0.009821786,0.0040539573,0.011029032,5.402757e-05,0.012367946,5.1601117e-05,0.012730218,0.012587309,0.0077485433,0.011351119,0.0088306945,0.012157005,0.011457856,0.006410987,0.0034794137,5.334798e-05,4.9543745e-05,0.012773703,0.004105092,0.007849385,0.012446736,0.011627569,5.17401e-05,0.01234342,0.0023154044,0.011909487,0.009721314,0.013009076,0.012840765,0.012101378,0.0126564475,0.007320519,0.011798486,0.0027558566,0.009725324,0.008817975,0.01123784,0.010116693,0.008726234,0.012558972,0.0,0.0068620667,5.20728e-05,0.0075721405,0.012116863,0.012693406,0.0122347865,0.008125271,0.0056734025,0.0075611793,0.0126637,0.012847561,0.011974952,0.011158594,0.010803931,0.004876696,0.010390032,0.011628883,0.012767746,0.010538876,0.011682289,0.0035352986,0.012829987,0.01278046,5.521682e-05,0.011895868,0.0052629174,0.010706463,0.006496602,0.008438622,0.0098389825,0.009902254,0.011399355,4.6799985e-05,0.0069792657,0.0052585043,0.0063074497,0.012028544,0.00817967,5.210561e-05,0.009150587,0.0041987677,0.017063744,5.378829e-05
0.0047805095,0.005732342,0.0077356063,0.0024683964,0.007649071,0.0034895511,0.0060057677,0.008167062,0.006426605,0.005970779,0.0067855213,0.00060654455,0.0020638283,0.0066951774,0.008804303,0.0075090253,0.0072342036,0.007284426,0.0023966033,0.009127166,0.008674696,6.290818e-05,0.004751515,0.0061331554,0.0002596422,6.145973e-05,0.004332229,6.787158e-05,0.0059653926,5.855582e-05,0.008783723,6.38894e-05,0.009504795,0.008533328,0.0015130464,0.0071580117,0.0042262226,0.009765637,0.006607366,0.001110909,6.571162e-05,5.73098e-05,5.8182322e-05,0.008617732,6.808112e-05,0.0021517072,0.008464633,0.007213526,6.0476246e-05,0.007887718,6.4824824e-05,0.007431388,0.0049214526,0.009238793,0.009165886,0.0072649135,0.00948492,0.0026323458,0.006928687,6.800265e-05,0.0044723456,0.0031312318,0.006701896,0.005055079,0.0037221941,0.008625598,0.007516889,0.0,5.8462567e-05,0.0023428493,0.009744969,0.009162905,0.008059911,0.0027478859,6.612506e-05,0.0030800595,0.008582128,0.009020052,0.010435252,0.0067219916,0.0063242116,6.881812e-05,0.006026391,0.006857025,0.009092568,0.0056244773,0.007328197,6.2121144e-05,0.009204595,0.0091179805,6.305974e-05,0.007023753,0.0014910625,0.0057651773,0.0020102623,0.0038572568,0.0039820285,0.004124078,0.0064348243,6.1956256e-05,0.0015589499,6.698581e-05,0.0015366855,0.007405056,0.002201332,6.199261e-05,0.005056311,0.0005702486,0.016615124,6.4143926e-05
3.175037e-05,3.3970126e-05,0.004923054,3.5132383e-05,0.004077547,2.2282704e-05,4.42311e-05,0.0061121914,0.0007914032,4.6962043e-05,0.0023695042,3.3815722e-05,2.681829e-05,4.606042e-05,0.008608003,0.003667383,0.0028075848,0.0036171097,2.6748949e-05,0.009576295,0.008514449,3.47746e-05,3.719302e-05,3.2598957e-05,2.9407547e-05,2.0328656e-05,3.9688864e-05,2.2785776e-05,4.856053e-05,2.6380869e-05,0.0063870936,3.0044002e-05,0.010006778,0.0060648834,3.9410726e-05,0.00068129494,4.1371386e-05,0.01314014,0.0018756138,2.0001704e-05,1.9227067e-05,2.2961647e-05,1.2895708e-05,0.0077357073,2.001049e-05,3.5941517e-05,0.0064455736,0.0016613542,2.441605e-05,0.005909555,3.175469e-05,0.0031975051,2.7472843e-05,0.009573415,0.009343063,0.0030602734,0.011859046,2.983501e-05,0.0017045926,2.3291854e-05,3.4286633e-05,3.6337304e-05,3.6574613e-05,4.2000967e-05,3.0170844e-05,0.009062878,0.0036334612,2.4506488e-05,0.0,3.8382484e-05,0.013678247,0.010542792,0.004771846,2.7973998e-05,2.1172018e-05,2.5166843e-05,0.0063896193,0.011160668,0.017284818,4.5850553e-05,3.8235878e-05,2.8275928e-05,4.2051855e-05,0.0019450769,0.008910373,3.933262e-05,0.001507405,3.125706e-05,0.0121105295,0.008453514,1.905164e-05,0.0020664642,2.1491085e-05,3.4830708e-05,3.1318785e-05,2.952818e-05,4.2833843e-05,3.425585e-05,0.0004020666,2.4450417e-05,3.5073503e-05,3.3129727e-05,3.5464178e-05,0.0028381078,4.106892e-05,3.2213353e-05,2.6955728e-05,1.8736071e-05,0.03057347,2.167272e-05
0.0058101183,0.0066463742,0.008343303,0.0035698183,0.008302894,0.0039423998,0.0067768777,0.008653963,0.007242177,0.007000667,0.007528843,0.0015614534,0.0036951525,0.0073228837,0.008999615,0.008164324,0.0077589164,0.0079823015,0.0033203298,0.008817232,0.008712187,5.8504105e-05,0.005535996,0.0069430564,0.0015254297,5.4984415e-05,0.0053573917,5.904798e-05,0.006880697,5.539667e-05,0.008887343,5.1110776e-05,0.009153956,0.008913105,0.0027560492,0.007502072,0.0048823096,0.0080242725,0.0073852157,0.0018789355,6.243361e-05,4.9669754e-05,5.312796e-05,0.008817645,5.84396e-05,0.0034115927,0.008722981,0.007908164,5.0838233e-05,0.008207762,5.7486548e-05,0.0080765905,0.005768177,0.009318192,0.008909877,0.007980369,0.009212324,0.0030648515,0.007655117,5.6984e-05,0.0055746646,0.004266372,0.007532896,0.0059112064,0.004557316,0.008505269,0.00820434,0.0029793084,5.456884e-05,0.0,0.008067196,0.008832778,0.008476975,0.0039509158,0.00066486007,0.003485447,0.008984327,0.009108969,0.008370886,0.0073658065,0.0069820383,0.00010543529,0.0065852473,0.0077432534,0.0091503775,0.006492107,0.007949854,5.9880906e-05,0.009088981,0.009423611,5.7617308e-05,0.0077300672,0.001170055,0.0064141555,0.0023887071,0.0043054204,0.005186678,0.005308458,0.007205319,4.8585014e-05,0.002409963,0.0006274121,0.0021462028,0.008138192,0.00352932,5.1523704e-05,0.005411509,0.00020384455,0.016084988,5.7015804e-05
0.014771321,0.015142149,0.017818974,0.012214953,0.01750586,0.012421787,0.015165569,0.018300913,0.016410258,0.01620904,0.017124178,0.010953839,0.012801131,0.01599513,0.019318793,0.01741038,0.017075619,0.017351598,0.012441573,0.019949099,0.019409748,0.008184633,0.014327331,0.015531812,0.01129146,0.006231342,0.01460653,0.009121892,0.01538256,0.0034434712,0.018946877,0.003923288,0.020104354,0.018501032,0.012183881,0.01631393,0.013512445,0.021911377,0.016754607,0.010901736,0.008518119,0.002611497,5.281982e-05,0.019041505,0.009315927,0.01230984,0.018521588,0.016492428,5.649818e-05,0.018206446,0.007566981,0.017182074,0.014042606,0.019271027,0.019551232,0.017255638,0.020604452,0.011644007,0.016622378,0.007932928,0.013993637,0.013062372,0.01577675,0.0146027235,0.013046184,0.019571409,0.017196584,0.011527102,0.0037425864,0.012150709,0.0,0.020463621,0.017634524,0.012632733,0.010359138,0.011983955,0.018224228,0.020126736,0.02449394,0.015511604,0.015172464,0.009482955,0.014998703,0.016431695,0.01906991,0.014991065,0.01632517,0.009105747,0.020507425,0.018968921,0.0038205136,0.016765185,0.01046114,0.015572197,0.010960857,0.013004178,0.014356058,0.014400212,0.01618414,5.357137e-05,0.011438416,0.010072901,0.010868585,0.017174566,0.012655608,0.0027145469,0.013783857,0.009382229,0.028498216,0.002614803
0.0124920625,0.012883466,0.015641559,0.009915067,0.015621435,0.010363072,0.013086004,0.01623617,0.014342483,0.013967958,0.015151101,0.008778683,0.010426913,0.013990023,0.017551143,0.015351724,0.015160627,0.015514943,0.0102329375,0.018401075,0.01763436,0.0058659795,0.012126581,0.013550627,0.009164311,0.0039378316,0.012532059,0.00700154,0.013430083,0.0011690705,0.016774544,0.00166995,0.018863587,0.016695626,0.009987634,0.014148886,0.0111462455,0.019912224,0.014528542,0.008749719,0.006032129,0.00015268069,5.3591113e-05,0.017404728,0.007027275,0.01011942,0.016870463,0.014376437,5.1732106e-05,0.016222565,0.0054835756,0.015292648,0.011886465,0.017608775,0.017744023,0.0152707165,0.01884421,0.009676891,0.014770012,0.005651177,0.011955015,0.0109129,0.013877648,0.012437366,0.011108324,0.01791146,0.015449781,0.009453869,0.001500419,0.010037681,0.020122496,0.0,0.0155057665,0.0103298165,0.008241612,0.010124836,0.016348207,0.018197797,0.02147809,0.0135371685,0.0131636225,0.007282587,0.012835035,0.014392636,0.01747537,0.01293588,0.014255956,0.006902998,0.018769903,0.017002672,0.0015622021,0.014761834,0.00872043,0.013601666,0.008848619,0.010731928,0.012355865,0.012168988,0.014264908,5.3076143e-05,0.009302343,0.007815614,0.008853467,0.015026167,0.010361044,0.00029623226,0.011605383,0.007577082,0.025564082,0.00026023274
0.010559607,0.0111238565,0.012868943,0.008263234,0.013251395,0.008725556,0.011064633,0.013394632,0.011628701,0.011496578,0.011661005,0.0066843675,0.0075098244,0.012148591,0.012941939,0.012594924,0.0116757015,0.011804261,0.008371233,0.01270848,0.013248599,0.0036688899,0.010301582,0.011235437,0.00650449,6.166607e-05,0.010101606,0.0052010156,0.011195408,6.042445e-05,0.013213931,5.9901962e-05,0.012991955,0.012920004,0.0075187637,0.012612885,0.009701085,0.011882495,0.011704291,0.0070405193,0.0028308856,5.9513975e-05,5.7531335e-05,0.013015804,0.005114743,0.00796806,0.012690197,0.012475576,5.4236123e-05,0.012226605,0.003038563,0.012214565,0.009974635,0.013566472,0.012768798,0.012208324,0.013637433,0.008232849,0.011901525,0.0034764684,0.010036849,0.0087358495,0.01147657,0.010683566,0.009379528,0.012516686,0.012027104,0.008055332,5.8575162e-05,0.008213152,0.012010832,0.012716358,0.0,0.008108315,0.0058123376,0.008631641,0.013575379,0.013612792,0.012331933,0.011958587,0.011824725,0.0049926406,0.011532215,0.011834862,0.012663258,0.011069575,0.012586464,0.004383975,0.013802145,0.013960763,6.131042e-05,0.012136444,0.007339084,0.010973111,0.0073628863,0.009236393,0.009549671,0.009639879,0.011184938,5.6513916e-05,0.0073776566,0.006013206,0.0071245767,0.012775915,0.007847066,5.7644313e-05,0.010355455,0.006308615,0.018867955,5.757997e-05
0.0069943606,0.008445894,0.00913698,0.0065350025,0.008991607,0.005682088,0.008610672,0.009354905,0.008264649,0.00845051,0.00838142,0.0032044675,0.007789955,0.008122698,0.00955584,0.009035112,0.00902098,0.009257045,0.004824632,0.009205366,0.009141956,6.111679e-05,0.0063505904,0.008154937,0.0034295456,5.8442e-05,0.0060359575,6.430537e-05,0.008439439,5.8712165e-05,0.009811441,5.4690867e-05,0.009541649,0.009459578,0.005468142,0.008314003,0.0054051853,0.009327829,0.008331983,0.0031415157,0.0025170143,5.224251e-05,5.0511637e-05,0.009422091,0.0007098178,0.005555119,0.009161927,0.008596437,5.2460397e-05,0.009242924,6.042846e-05,0.008918746,0.007953085,0.009798761,0.009483695,0.008822645,0.009659347,0.0042090593,0.008773601,8.546428e-05,0.0067296205,0.006892719,0.008501563,0.0070493645,0.005809288,0.009173085,0.009162807,0.0035862,5.3938576e-05,0.0048767067,0.009295723,0.009188732,0.0091058975,0.0,0.002459932,0.0047402484,0.009678855,0.009537428,0.009915505,0.008863859,0.0077358596,0.0024323603,0.007686959,0.008989522,0.009670872,0.008582551,0.008744577,6.0001217e-05,0.009616465,0.0099111125,5.5434422e-05,0.008731633,6.204703e-05,0.007293574,0.003517902,0.0058072926,0.0075663216,0.0077229952,0.008244374,5.4383407e-05,0.0044546863,0.0018780059,0.0029431018,0.009242782,0.0063008913,5.4646214e-05,0.0057692565,6.2684856e-05,0.018442383,5.5806424e-05
0.004337237,0.005175786,0.0076318793,0.0016893798,0.0074443175,0.0017452146,0.0055834553,0.008067057,0.0061811055,0.0058263186,0.006663023,5.2412724e-05,0.002679831,0.005855537,0.008494677,0.0072478685,0.007075869,0.0073371017,0.0018732802,0.007943485,0.008145875,5.0951345e-05,0.004058927,0.0057102586,0.00021326852,4.9016202e-05,0.0040316004,4.7227168e-05,0.0055566365,4.918878e-05,0.00833006,4.7242105e-05,0.008280177,0.0077908267,0.0013972183,0.00624991,0.0027201509,0.008180155,0.0064725154,5.3627507e-05,5.185936e-05,5.046759e-05,4.757472e-05,0.008236597,4.906953e-05,0.0018534763,0.007764285,0.006753059,4.2203596e-05,0.0076421653,4.704591e-05,0.0071539506,0.0044269296,0.009051763,0.008182142,0.007114683,0.00874415,0.00088380795,0.006680565,5.1717998e-05,0.004295783,0.0030224798,0.0064866333,0.0045309574,0.0029210125,0.007875349,0.00734655,0.0004217198,4.9758477e-05,0.0012232547,0.008305814,0.008177974,0.0075582345,0.0024515844,0.0,0.001119382,0.008435635,0.009085184,0.008833018,0.0060063195,0.0053822394,5.2187857e-05,0.005038945,0.006832582,0.008676279,0.0052320524,0.006653232,5.3533364e-05,0.009429415,0.009003019,5.169117e-05,0.0068855346,5.1592164e-05,0.0053736446,5.6268214e-05,0.0023000399,0.004061116,0.004245686,0.006240064,4.0723447e-05,0.0005561363,5.6034278e-05,5.4150598e-05,0.0071536074,0.0022710636,4.8564176e-05,0.0032848187,5.0358325e-05,0.018866422,4.5645906e-05
0.0056149256,0.006437728,0.008208512,0.003331141,0.008316891,0.004165364,0.0066834483,0.008566985,0.006976737,0.0067631537,0.0073217642,0.0013519555,0.0029884998,0.007219914,0.009092451,0.008121703,0.0077692596,0.007917761,0.0031956944,0.0092457235,0.00902128,6.59974e-05,0.0053706607,0.00676425,0.0010374384,6.137796e-05,0.0050070356,6.563663e-05,0.0065097436,6.0343893e-05,0.008980295,5.8207588e-05,0.00953444,0.008910989,0.0024286208,0.007636734,0.004620983,0.009354767,0.0073222304,0.0018158318,6.655638e-05,5.6582918e-05,5.5510285e-05,0.0088497745,6.559508e-05,0.003078083,0.008780275,0.007853933,5.447715e-05,0.008324331,6.193293e-05,0.007889319,0.0055778814,0.009477795,0.009333336,0.007754072,0.009522873,0.003222743,0.0075238254,6.3181586e-05,0.005296267,0.003900877,0.0071856333,0.005822714,0.0043103034,0.008807808,0.008060437,0.0032309915,5.7737812e-05,0.0029673711,0.009232996,0.009259554,0.008409262,0.0035040362,0.00019669096,0.0,0.008963285,0.009243596,0.009260313,0.0073534786,0.006869281,6.863415e-05,0.006561892,0.0073646284,0.009294101,0.006412636,0.007864241,6.578922e-05,0.009297458,0.009291618,5.7874244e-05,0.0076575475,0.001756835,0.0062205126,0.0026117319,0.004424888,0.0047021233,0.0049780672,0.006999779,5.1496914e-05,0.0022529701,0.00053684384,0.0021340307,0.008054059,0.0029280705,6.169336e-05,0.0056045884,0.0009789494,0.016268589,6.195247e-05
0.010988663,0.011624698,0.013546914,0.008796031,0.0136668235,0.009178915,0.01170025,0.013957719,0.012262181,0.0120655345,0.0125237275,0.00726659,0.008530639,0.01261015,0.013880488,0.013278508,0.012602933,0.01277167,0.008934732,0.0137066785,0.014028313,0.004227175,0.010887556,0.011826384,0.007421817,0.0011986605,0.010736447,0.005552446,0.011916312,5.875705e-05,0.014025969,5.919638e-05,0.013988651,0.013644391,0.0083539905,0.0127841765,0.010129625,0.013378934,0.012460847,0.007586473,0.004000003,5.7459434e-05,5.4924283e-05,0.013940081,0.005492022,0.008699403,0.013450864,0.0127960695,5.351853e-05,0.013221679,0.0037823382,0.0129637895,0.010418146,0.0143299755,0.013656061,0.01291584,0.014538876,0.008654543,0.012537707,0.0040980508,0.0105931135,0.009356649,0.012127619,0.011247811,0.009828328,0.013620465,0.012925623,0.008356604,5.924489e-05,0.008861855,0.013419958,0.01370049,0.013709109,0.008809001,0.0065865577,0.008879233,0.0,0.014545274,0.013482349,0.0123637365,0.01218788,0.005741226,0.011837696,0.012569649,0.0137122795,0.0116415825,0.0130089335,0.0050632614,0.014843648,0.014581825,5.991535e-05,0.0127311,0.0074443547,0.011604693,0.007887806,0.00980142,0.0105611235,0.010409484,0.011982421,5.4312433e-05,0.008015122,0.006653206,0.0075971005,0.01326401,0.008629624,5.9019967e-05,0.010756932,0.006290863,0.019185474,5.619419e-05
0.013470984,0.014171665,0.016645307,0.011204279,0.0165868,0.0113749895,0.014150539,0.017203584,0.014867393,0.014814835,0.015418128,0.009871956,0.011049597,0.015108226,0.017683083,0.016047858,0.01546972,0.015745541,0.011321268,0.017640378,0.017645521,0.007038223,0.013230252,0.014333634,0.010168613,0.0048460243,0.013214726,0.0081225205,0.014211775,0.0022445037,0.017077086,0.0026380809,0.017840149,0.016791012,0.010886758,0.015260103,0.012244226,0.018159932,0.01522026,0.009886086,0.006887045,0.0011417723,5.4827393e-05,0.017682953,0.0081836805,0.011062681,0.016795572,0.015313825,5.407784e-05,0.016431522,0.006497378,0.015840303,0.012910534,0.018322254,0.017735267,0.015847472,0.019170845,0.010713381,0.01526551,0.0068797325,0.012990675,0.011741261,0.0146831805,0.013668991,0.012065885,0.017714009,0.015742341,0.010741581,0.0025314481,0.011186726,0.01870277,0.01820807,0.016747564,0.011511725,0.009267811,0.011108629,0.017254364,0.0,0.01956151,0.014562111,0.014339281,0.008300452,0.014065469,0.015415232,0.017436577,0.014084064,0.015496082,0.007917217,0.020377357,0.018067544,0.002544874,0.015427441,0.009841209,0.014248683,0.010022274,0.011989203,0.01301407,0.01296918,0.014796872,5.4781693e-05,0.010485181,0.008955113,0.009970608,0.01601634,0.011245761,0.0015338605,0.012783475,0.00869474,0.026993202,0.0014077188
0.017214628,0.017421955,0.019887751,0.0147228725,0.01957824,0.01500756,0.017472569,0.02036326,0.018656865,0.018388605,0.01927209,0.013612512,0.015337548,0.018351875,0.021141628,0.01944675,0.019255104,0.019367956,0.014917931,0.021887537,0.021497168,0.010999695,0.01671892,0.01787418,0.013826304,0.009072059,0.016950736,0.011869546,0.017619824,0.0063298764,0.021146221,0.0070001218,0.021974517,0.020511184,0.0146365035,0.018671978,0.015916895,0.023080828,0.019103814,0.013577837,0.011404825,0.005781128,0.0010144174,0.021018676,0.012148755,0.01480846,0.020631736,0.018726243,0.0015347787,0.020083774,0.01052344,0.019402035,0.016410468,0.021235572,0.021356152,0.019429589,0.02245622,0.014303319,0.018877795,0.010716445,0.016272996,0.015570869,0.017997758,0.01700422,0.015664764,0.02155649,0.019492231,0.013986293,0.00662928,0.014768896,0.02315514,0.022129778,0.019844165,0.015172846,0.013138953,0.014683628,0.020438017,0.021935383,0.0,0.01801743,0.017450513,0.012366652,0.017383857,0.018715138,0.020968214,0.017394707,0.0185842,0.011809115,0.022308871,0.020973558,0.006622381,0.018891603,0.013163612,0.01785445,0.013632187,0.015388532,0.01682771,0.01661199,0.018446764,5.6172827e-05,0.01409558,0.012691831,0.013551554,0.019451771,0.01517403,0.0057284376,0.016241066,0.012077892,0.028514948,0.005553871
0.008787291,0.009446825,0.010814193,0.0066276053,0.010849886,0.0071700593,0.009584479,0.011106331,0.009784136,0.009605428,0.00977219,0.0048966156,0.006127266,0.010176637,0.010988961,0.010592112,0.010082242,0.010322089,0.006624723,0.010282923,0.0106533775,0.0017112817,0.0086327,0.009644942,0.0047618775,5.793508e-05,0.008138064,0.0031562538,0.009589422,6.122796e-05,0.010789068,5.9976628e-05,0.010657953,0.011030199,0.0060387645,0.01041702,0.00797246,0.009272517,0.009873125,0.0053953077,0.0013689416,5.848989e-05,5.2405474e-05,0.010698438,0.0033838602,0.0063364794,0.010665459,0.010512566,5.8172973e-05,0.0102917645,0.001217181,0.010271092,0.008478112,0.011237656,0.010628586,0.010247038,0.010697828,0.006587373,0.010217871,0.0015996879,0.008469079,0.0072187036,0.010031738,0.008874861,0.0076166545,0.010275459,0.010474439,0.0062606204,5.935351e-05,0.0064201835,0.009761088,0.010244851,0.011075039,0.0067499806,0.0040675523,0.0068239886,0.011304641,0.0108165,0.00984082,0.0,0.010045124,0.003499628,0.009603598,0.010302373,0.010777933,0.009470497,0.010762347,0.0021823463,0.010864565,0.011461959,5.612049e-05,0.010444355,0.0049946746,0.009151469,0.005902211,0.0076823197,0.008073824,0.0081978645,0.009543177,5.315622e-05,0.0058206613,0.0041424725,0.00553611,0.010646906,0.0065331073,5.435444e-05,0.008661301,0.004079901,0.016401866,5.5071912e-05
0.008167238,0.008916682,0.010192847,0.0061480505,0.010385174,0.006621294,0.008902036,0.010504436,0.009168199,0.0090627745,0.009371757,0.0044570197,0.0053708884,0.00963453,0.010576517,0.010014799,0.009648996,0.009829913,0.006148972,0.009909385,0.010185017,0.0011958602,0.008097284,0.009149386,0.004297177,5.9806152e-05,0.0077424855,0.002845251,0.008954025,5.94532e-05,0.0104483245,5.9626196e-05,0.010265571,0.010491907,0.0053845188,0.009935499,0.0074470416,0.009366682,0.009274886,0.004807995,0.00056052994,5.909372e-05,5.8736143e-05,0.0102458885,0.0029779288,0.005944847,0.010189036,0.010184589,5.5063705e-05,0.009951175,0.0007698725,0.009876229,0.008031611,0.010826793,0.010253084,0.00979702,0.010361898,0.006104379,0.009524438,0.001303311,0.007789597,0.0066670827,0.009361692,0.008401872,0.0071226666,0.009965978,0.009778311,0.0059083537,6.203219e-05,0.005891136,0.009453275,0.009881557,0.010601768,0.006185932,0.0034362543,0.006321836,0.010837913,0.010375416,0.009269587,0.009792822,0.0,0.002929761,0.009222523,0.009737208,0.010446902,0.008757381,0.010297713,0.00197891,0.010450156,0.0110381255,5.789152e-05,0.009762999,0.0049444134,0.008555851,0.0054015717,0.007321935,0.0072991573,0.0075410716,0.008993649,5.534137e-05,0.0052131703,0.003740306,0.0050054356,0.0103086615,0.0057309438,5.9973725e-05,0.008125376,0.003902785,0.016110776,6.0484064e-05
0.0039288285,0.0049557276,0.007361263,0.0017297869,0.007086985,0.001418604,0.0052896338,0.007870345,0.005879834,0.0054260455,0.006384098,5.9297996e-05,0.0032800406,0.005650892,0.008439492,0.0070804376,0.0067561776,0.00692678,0.0009739604,0.0084227165,0.008189743,5.4529755e-05,0.0035336171,0.0055995276,5.604345e-05,5.3303047e-05,0.0032991474,6.1893465e-05,0.005299796,5.1228613e-05,0.008555498,5.8749883e-05,0.008722393,0.008057227,0.001077238,0.0058719185,0.0023818305,0.008608874,0.006055691,6.23551e-05,6.0221562e-05,5.3759413e-05,5.3050433e-05,0.008068565,5.6528184e-05,0.0012811226,0.007922812,0.0064462638,5.661679e-05,0.007464912,5.8291967e-05,0.0067503275,0.004220122,0.008818147,0.008557365,0.006803105,0.009226053,0.00032468297,0.0063711284,5.5374567e-05,0.0034510284,0.00273007,0.0060682734,0.0039910516,0.00234957,0.008056838,0.007092006,6.2922445e-05,5.439218e-05,0.0007950304,0.0088284835,0.008403478,0.0074389144,0.002994056,5.5892557e-05,0.00087468605,0.008179535,0.008849255,0.009580845,0.005690534,0.00501432,0.0,0.0045830947,0.006459083,0.0085054245,0.0049266904,0.006506872,5.3099102e-05,0.009199034,0.008672802,5.261722e-05,0.006435503,6.098456e-05,0.0048417537,6.1936254e-05,0.0020510515,0.0035963268,0.0039425064,0.006023834,4.5919085e-05,0.00010836954,6.0970884e-05,5.5546545e-05,0.0067441296,0.0017070259,5.1089228e-05,0.0029181892,5.4758493e-05,0.020760108,5.313866e-05
0.007958255,0.008549707,0.009980603,0.005640454,0.010333528,0.0065805335,0.008748409,0.010440869,0.008919092,0.008819924,0.0090903975,0.0039852834,0.0049365717,0.009467889,0.010157485,0.009825479,0.009212469,0.009430651,0.005871772,0.009832236,0.010137515,0.000890767,0.007944459,0.008844201,0.003927999,5.7396992e-05,0.0074600144,0.0025270525,0.00878176,5.7410445e-05,0.01039276,5.851213e-05,0.010152077,0.010418919,0.004867905,0.009745134,0.0072927796,0.00914155,0.009136468,0.004586837,6.7911235e-05,5.6917797e-05,5.5558197e-05,0.010103665,0.0024949852,0.0054974128,0.010023241,0.009819337,5.558121e-05,0.009636803,0.00032548633,0.009723226,0.0076305647,0.010579402,0.010079726,0.009604694,0.010170347,0.0058218916,0.009426637,0.00070313003,0.0076033706,0.006160283,0.009143563,0.008238882,0.0069147446,0.009614255,0.009562985,0.005818933,5.8957674e-05,0.005743723,0.009203781,0.009704508,0.010338835,0.0057167592,0.0030822963,0.0061516855,0.01051862,0.010086278,0.009152114,0.009466913,0.0091916,0.0024591822,0.0,0.009370494,0.010148849,0.008478917,0.010049125,0.001417,0.010223051,0.010754466,6.015804e-05,0.009635569,0.0045746225,0.008479177,0.0050822487,0.0068396097,0.0069977287,0.007136778,0.008738959,5.2500855e-05,0.0048277266,0.0035024413,0.004732617,0.010140622,0.005472351,5.9167804e-05,0.00809059,0.0036952365,0.016142063,5.867534e-05
0.009637053,0.010512472,0.011724158,0.007829367,0.011765214,0.0077835843,0.010441945,0.01205246,0.010762892,0.01071639,0.0109370835,0.005703757,0.007940536,0.010739364,0.011964222,0.011577978,0.011271105,0.011505261,0.007521918,0.011226483,0.011594207,0.002457879,0.009317708,0.010439805,0.0059976266,5.8128073e-05,0.009228731,0.0034868328,0.010531307,5.7423575e-05,0.01171145,5.768889e-05,0.01146085,0.011912319,0.0072530345,0.011043384,0.008393417,0.010832659,0.0110016735,0.006196019,0.0030324424,5.3999407e-05,5.711167e-05,0.01201024,0.0037051837,0.0076046027,0.011629179,0.011220796,5.5355933e-05,0.011593595,0.0018905152,0.0114693185,0.009546073,0.012386609,0.011779585,0.011375469,0.011652016,0.0069178436,0.011260877,0.0023907786,0.009158903,0.008435363,0.010991701,0.009793858,0.008412751,0.011380127,0.011504323,0.0065213004,5.751862e-05,0.0072216727,0.010929389,0.011358225,0.011803961,0.008027853,0.0051852437,0.0072889715,0.012260866,0.011984087,0.010918531,0.010887466,0.010547918,0.004422487,0.010151036,0.0,0.011984363,0.010312371,0.011434233,0.0034289644,0.012031164,0.01227239,5.6913042e-05,0.011347343,0.004678561,0.010027122,0.0063671893,0.008262963,0.009320737,0.009353099,0.010842711,5.341005e-05,0.006593413,0.0048222356,0.0060643386,0.011511617,0.0076633813,5.5582546e-05,0.008933516,0.003857797,0.0169186,5.653576e-05
0.011799502,0.0121770585,0.014448922,0.009473091,0.0144792,0.0096660415,0.012477942,0.015232243,0.013317094,0.013131263,0.014074421,0.007881968,0.009793629,0.013008048,0.01611891,0.01454983,0.01412054,0.014456111,0.009492832,0.016368574,0.015858307,0.0051276027,0.011378669,0.012638664,0.008359771,0.0027484393,0.011713935,0.0062479666,0.012730014,5.7028148e-05,0.0154449465,0.0006752693,0.016418418,0.015317079,0.009198714,0.013302332,0.010530221,0.017025704,0.013642217,0.00816124,0.0052810316,5.5272023e-05,5.2104857e-05,0.01601633,0.006139465,0.00948524,0.015365342,0.0133981705,5.0135768e-05,0.015019826,0.004713057,0.014346402,0.011343984,0.016278818,0.016171858,0.014369338,0.016721565,0.008898204,0.014026731,0.0048503405,0.0112360185,0.0102246115,0.013096299,0.011685004,0.0104551865,0.01614957,0.014449174,0.008824687,0.00025754274,0.009292838,0.017085,0.01661495,0.0144506125,0.009639508,0.0075358367,0.0092826625,0.015268449,0.01654529,0.01802008,0.012709209,0.0125013245,0.006644817,0.012084394,0.013621416,0.0,0.012110571,0.013563771,0.0058806697,0.016881622,0.015746059,0.0004407471,0.013869572,0.0075919596,0.012758813,0.008308853,0.0100980755,0.011711648,0.011508024,0.013483456,5.1516083e-05,0.008581687,0.0071891304,0.007969338,0.014130538,0.009681007,5.219109e-05,0.0108035775,0.0065111294,0.021322098,5.456308e-05
0.008505302,0.009444448,0.010654411,0.0068406505,0.010798122,0.006977872,0.009586884,0.010898196,0.009630941,0.009516039,0.00972589,0.00461582,0.0067057675,0.009828361,0.010861208,0.010538572,0.010230103,0.010270164,0.0062745083,0.010339769,0.010414249,0.001377182,0.008326933,0.009407311,0.004542736,6.023048e-05,0.007830728,0.0024994356,0.009497167,6.155197e-05,0.010605125,5.8560046e-05,0.010602004,0.010717676,0.005981967,0.010265705,0.0074540265,0.009500784,0.009761261,0.005077673,0.0017605755,5.8918504e-05,5.6040913e-05,0.010815214,0.002963194,0.0062721735,0.010439963,0.010323126,5.562938e-05,0.010377757,0.000775947,0.010282482,0.008536141,0.011306064,0.01080357,0.010178957,0.010634918,0.0060845255,0.010185353,0.0013017445,0.008141087,0.0073983665,0.00979781,0.008783578,0.0075158547,0.010252623,0.01042822,0.0057369703,5.9216774e-05,0.00613748,0.009611329,0.010344856,0.010819712,0.007206953,0.00376105,0.0064160866,0.011298521,0.011035014,0.010066488,0.010115012,0.009595645,0.0033552626,0.009294854,0.010210639,0.010948058,0.0,0.0105078835,0.0018963632,0.011005859,0.011365594,5.9609163e-05,0.010318127,0.0038595,0.008750737,0.0054988363,0.007281661,0.007996346,0.008089449,0.009522917,5.5392335e-05,0.0056107366,0.0036831396,0.0051444327,0.010572669,0.0066217873,5.9621005e-05,0.008105388,0.0031777404,0.016724743,6.0628205e-05
0.009357927,0.010042538,0.011496914,0.007178677,0.011692366,0.007717231,0.010003158,0.011791923,0.010241286,0.010090236,0.01041358,0.0054554692,0.0064101564,0.010778942,0.011607069,0.01124369,0.010470701,0.010624632,0.0070786118,0.011002314,0.011348615,0.0024474955,0.009241078,0.010014129,0.0054907706,5.8164966e-05,0.008890166,0.003971805,0.010083031,5.821562e-05,0.011592753,6.0506223e-05,0.011182111,0.011549037,0.006364482,0.011112739,0.008649678,0.010482632,0.010389247,0.005877357,0.0017588882,5.6497018e-05,5.78843e-05,0.011414518,0.0039641806,0.0068554985,0.011141272,0.011189402,5.604399e-05,0.01100183,0.0019034825,0.010872372,0.008874463,0.011890184,0.011233008,0.010831885,0.011623098,0.0071210945,0.010667666,0.0024036507,0.00892316,0.0075862114,0.010352825,0.009573285,0.008279931,0.010914991,0.010761828,0.00707854,5.9285157e-05,0.007168832,0.01056473,0.010898915,0.011835188,0.0071105887,0.004500291,0.0074493014,0.012040081,0.011676258,0.01057529,0.010750967,0.0106079625,0.00404631,0.010231964,0.010723928,0.011360583,0.010006726,0.0,0.003267953,0.011768267,0.012413305,5.7853482e-05,0.010827989,0.0059301257,0.009760707,0.006440561,0.008298585,0.008495092,0.008514131,0.009956673,5.3448006e-05,0.006263896,0.0048059216,0.0061044847,0.011275935,0.006814394,5.6343404e-05,0.009261629,0.005064548,0.017010275,5.7608922e-05
0.00245132,0.0036887426,0.0067508826,7.205735e-05,0.0065700114,7.835249e-05,0.0040780287,0.007374429,0.0049799597,0.0043775933,0.0056437375,7.205446e-05,0.00029748096,0.0047230422,0.009089569,0.006282443,0.0059716934,0.0063985907,7.082162e-05,0.008933483,0.008350319,6.753863e-05,0.0021019252,0.0040672314,7.260447e-05,6.766926e-05,0.0016618327,6.691847e-05,0.004025563,6.7612906e-05,0.007813709,5.900196e-05,0.009126584,0.0076282644,7.213206e-05,0.0052178437,0.0005662434,0.009853025,0.005270599,6.779065e-05,6.6481814e-05,6.567482e-05,5.941629e-05,0.008200264,6.9958915e-05,7.686687e-05,0.0076643284,0.005578916,6.542366e-05,0.007241578,7.0944596e-05,0.006141641,0.0026770271,0.009017063,0.009035129,0.0061857225,0.009774489,7.2759445e-05,0.0054266667,6.314509e-05,0.0018557004,0.0005167612,0.004862468,0.0027907179,0.0009794999,0.008455573,0.0064647044,6.920133e-05,5.9343693e-05,7.530642e-05,0.009836144,0.009301761,0.0068792943,0.0006325792,7.285842e-05,7.391563e-05,0.007828716,0.009519528,0.011193303,0.0045777475,0.004093853,6.8167195e-05,0.003367327,0.005773705,0.009337595,0.003774668,0.005704848,0.0,0.009814959,0.008675196,5.9867074e-05,0.005590507,6.771424e-05,0.0036262912,7.170578e-05,0.00058506744,0.0024995434,0.0024327824,0.0049331672,6.048635e-05,7.3346746e-05,6.7970985e-05,7.33248e-05,0.0065450883,7.292323e-05,6.6571185e-05,0.0018195788,6.995241e-05,0.022388257,6.002219e-05
0.014446898,0.014833164,0.017358026,0.012003021,0.017251072,0.012212551,0.014741503,0.017940141,0.015676066,0.015643122,0.016319022,0.010715558,0.012019162,0.015732137,0.018433342,0.016863251,0.01618955,0.016470926,0.012054053,0.018494908,0.018581511,0.007875675,0.013968192,0.015147551,0.01100032,0.006200951,0.014097575,0.0090751145,0.015039939,0.0034467697,0.018087216,0.003889544,0.018723583,0.017511763,0.011719617,0.01612917,0.013167411,0.019178357,0.01605693,0.010767692,0.007944801,0.002224147,5.3485393e-05,0.018295089,0.009192781,0.011982607,0.017453998,0.016134242,5.6461966e-05,0.01731086,0.0074379235,0.01659773,0.013606062,0.01899676,0.018379996,0.016460113,0.020009737,0.0115041025,0.01599243,0.007817672,0.01365441,0.01261293,0.015270709,0.014328451,0.012894723,0.018547663,0.01656137,0.011492893,0.003649426,0.0119220335,0.019796483,0.019048087,0.017439058,0.012468265,0.010051795,0.0119391,0.01793554,0.020284543,0.020712277,0.015268704,0.015177782,0.009335769,0.014859096,0.01598188,0.018205311,0.014832094,0.016114036,0.0089257825,0.0,0.018756056,0.0036013622,0.016188998,0.010532431,0.014986993,0.010962403,0.012842556,0.01391212,0.013691547,0.015429298,5.7484373e-05,0.011291626,0.009949091,0.010636563,0.01669234,0.012082451,0.0025529757,0.013610825,0.009699197,0.028476415,0.0026145647
0.011292909,0.012303065,0.0145146,0.009489188,0.014569102,0.009394488,0.012416773,0.015032364,0.0130087575,0.012869001,0.013201241,0.008135049,0.009258088,0.013394972,0.015037768,0.01406246,0.013220622,0.0135342805,0.009685006,0.014614962,0.0152856745,0.0053569186,0.011213635,0.012520072,0.008230403,0.0027966646,0.011690011,0.0065420712,0.012543282,6.104872e-05,0.01517914,0.0007716829,0.0152775515,0.014755149,0.009097736,0.013695546,0.010481979,0.014566128,0.0131775355,0.007898319,0.00506276,5.9879374e-05,5.476251e-05,0.015042907,0.006211937,0.009463443,0.0141506195,0.013733154,5.5969893e-05,0.0140623115,0.004823121,0.01368528,0.011186235,0.015641347,0.014514198,0.013766824,0.016272023,0.009453351,0.01324346,0.004796951,0.011366871,0.010138697,0.012903989,0.01155281,0.010276875,0.01473064,0.013642097,0.008833632,0.00028740714,0.009504502,0.01485713,0.014679325,0.014856827,0.009593755,0.0074445233,0.009703369,0.015272922,0.016135402,0.015339065,0.012955297,0.012498231,0.006378224,0.012493839,0.013455529,0.0147376275,0.012229829,0.013888902,0.0063708345,0.016494257,0.0,0.0007912764,0.013663252,0.008271814,0.012371977,0.0081792595,0.010165748,0.011192097,0.011083418,0.01265701,5.596351e-05,0.008347464,0.007514468,0.008033743,0.01421914,0.009342262,5.9071503e-05,0.011080819,0.0070782276,0.022508679,5.718078e-05
7.351542e-05,7.6480006e-05,0.00433893,7.303633e-05,0.0031264813,5.8255944e-05,8.208839e-05,0.005434847,8.592836e-05,7.602101e-05,0.0013990755,5.68611e-05,7.121567e-05,7.180807e-05,0.008254477,0.0026256791,0.0015570908,0.0026106003,5.3281376e-05,0.009431045,0.008146981,6.552472e-05,6.3505286e-05,7.5959215e-05,6.0629965e-05,3.3840457e-05,7.781379e-05,6.848473e-05,7.916178e-05,4.8310827e-05,0.0057929326,3.4691235e-05,0.009869936,0.0053104903,7.237936e-05,8.202179e-05,6.794633e-05,0.013952564,0.0006310246,5.2431053e-05,6.2538595e-05,3.4055178e-05,4.8394395e-05,0.007347377,4.9153074e-05,6.165658e-05,0.0057603065,0.0005651536,3.5456498e-05,0.0051772655,5.2061776e-05,0.0021062274,6.319581e-05,0.009208302,0.009176683,0.002148568,0.011957901,7.1018585e-05,0.00034669356,6.062468e-05,7.5269665e-05,7.519564e-05,7.337706e-05,6.556652e-05,6.24212e-05,0.008701842,0.0025383243,6.11688e-05,5.9497866e-05,5.58922e-05,0.014718126,0.010682721,0.004147371,6.299954e-05,6.6347406e-05,6.459585e-05,0.0058219144,0.011002857,0.018321069,7.249853e-05,6.6012355e-05,5.0553674e-05,6.564181e-05,0.00076447974,0.008714702,8.2181665e-05,0.0005614818,5.9536844e-05,0.012345693,0.008055196,0.0,0.0008928369,4.528464e-05,7.4621166e-05,6.6627e-05,6.080429e-05,6.942164e-05,7.1344526e-05,7.565789e-05,2.9965126e-05,7.0042595e-05,4.9600047e-05,5.974971e-05,0.0018552396,6.342371e-05,3.6769445e-05,7.753182e-05,6.298561e-05,0.030558467,4.2633423e-05
0.009530159,0.010219727,0.011697136,0.007219301,0.011769835,0.0076687727,0.010155685,0.012009396,0.010651905,0.010570958,0.010917002,0.0057270247,0.0074174795,0.010901186,0.01209076,0.011650415,0.011118627,0.011285501,0.007443892,0.011417222,0.011749493,0.0026166511,0.009323044,0.010421464,0.0059065507,5.321665e-05,0.009244732,0.0035720353,0.010396722,5.3180596e-05,0.011734245,5.673412e-05,0.011658037,0.011886169,0.0069566993,0.011159892,0.008669701,0.010906523,0.010764491,0.0060426216,0.0024247293,5.2202624e-05,5.348655e-05,0.011920964,0.0036895,0.007238745,0.011728275,0.01122131,5.4866076e-05,0.011489391,0.0019751736,0.011278465,0.009300504,0.012207639,0.011741366,0.011259431,0.0116502205,0.0071078693,0.011221001,0.0021935294,0.009247371,0.008180831,0.010800431,0.009693683,0.008373492,0.011403303,0.011482521,0.006805053,5.3369902e-05,0.0072466154,0.010893816,0.01148052,0.011835107,0.0074279527,0.005067205,0.007221565,0.012212981,0.011895886,0.010819381,0.010907553,0.010495401,0.004387004,0.010248363,0.011094531,0.011792918,0.009930484,0.011364323,0.0029269701,0.012048943,0.012407871,5.5888464e-05,0.0,0.0054309624,0.010253603,0.006164272,0.008207929,0.00917119,0.009103216,0.010619813,5.3215957e-05,0.0064937957,0.0048327865,0.006133539,0.011523868,0.007393554,5.4084765e-05,0.009094339,0.0043308386,0.016660096,5.306491e-05
0.002832748,0.0035663594,0.0063695754,5.658308e-05,0.0062982137,0.0012684033,0.0040001012,0.00705587,0.004795717,0.0041255127,0.005423904,5.5302284e-05,5.3684096e-05,0.0049362225,0.008205951,0.005970042,0.005645423,0.005757799,0.00035884796,0.008795293,0.008078213,5.4576376e-05,0.0028575426,0.0042357254,5.0587307e-05,4.579013e-05,0.002604845,5.2065752e-05,0.0040399306,5.0496015e-05,0.0076502096,4.8286867e-05,0.009096763,0.0074473512,5.4302716e-05,0.005318673,0.0022665,0.010098387,0.005037413,5.075428e-05,5.0380844e-05,4.8186143e-05,4.8513855e-05,0.0076866853,4.76885e-05,0.0001236785,0.0076112812,0.0055069258,4.901651e-05,0.0066760895,5.083877e-05,0.005900162,0.0026694755,0.008607653,0.008540076,0.0059151016,0.009356574,0.0008241535,0.005162301,5.4537377e-05,0.0027060576,0.00036391738,0.0047986014,0.0032876243,0.0012404905,0.008147058,0.0060624974,0.0010103941,5.1550083e-05,0.00034771176,0.0101240445,0.009059362,0.0065291724,5.6011595e-05,5.4435528e-05,0.0010409777,0.007189092,0.008752124,0.011340381,0.0047015008,0.0044208015,5.03985e-05,0.004116728,0.00494245,0.008364456,0.0036337054,0.005636996,5.027576e-05,0.0093276175,0.008121731,4.394821e-05,0.0053995918,0.0,0.0039844876,5.925214e-05,0.0019067416,0.0017262432,0.0017483539,0.0045949565,4.10378e-05,5.1228155e-05,5.4686643e-05,4.9530954e-05,0.0057609873,5.1768322e-05,4.958094e-05,0.0031673259,4.7376485e-05,0.018840376,4.972675e-05
0.007905899,0.008363086,0.009985849,0.005065563,0.010235484,0.005914925,0.008586092,0.010447437,0.009269375,0.008925021,0.009503445,0.0040962044,0.0055759996,0.0091444915,0.010520336,0.010037026,0.00964413,0.009716835,0.0058489735,0.0103959935,0.010487746,0.00095276075,0.007848939,0.0090722265,0.0045761312,5.3036187e-05,0.007903297,0.0018615848,0.008793275,5.0333052e-05,0.010533022,5.345807e-05,0.010590764,0.0107162995,0.0052948394,0.0094801765,0.007103284,0.009562713,0.009337348,0.004149486,0.0005450726,5.2102227e-05,5.319021e-05,0.01040872,0.0017919752,0.0057711056,0.010444095,0.009689356,5.1147585e-05,0.009899233,0.0001107135,0.009771722,0.0075733033,0.01057843,0.010430536,0.009923523,0.0104270615,0.0054904833,0.009739476,0.0001268098,0.0077616726,0.0065034693,0.009267794,0.007941522,0.006831598,0.01011563,0.009910033,0.0050225607,5.1134757e-05,0.0055459905,0.00952572,0.010183032,0.010177521,0.0053971605,0.00359055,0.00550248,0.010511575,0.010120238,0.009389081,0.009210714,0.008792962,0.0026704532,0.008489766,0.009238547,0.010468237,0.007977676,0.009570492,0.0014067482,0.010212184,0.010787935,5.006982e-05,0.00964882,0.0041087307,0.0,0.004441778,0.006274564,0.0074743847,0.007513111,0.009254125,4.798088e-05,0.0046997797,0.003046842,0.004426644,0.010105214,0.0053960746,5.304603e-05,0.007301284,0.002614761,0.015371281,5.2340492e-05
0.0047822804,0.005841921,0.007766004,0.0028117695,0.0076683527,0.003076407,0.0060400344,0.008194325,0.0064896513,0.006137614,0.0068447753,0.00026903657,0.0024194191,0.0065115583,0.008840764,0.0074727577,0.0072735646,0.0074343984,0.0022595932,0.009077353,0.008742413,6.084619e-05,0.0047109444,0.006065308,0.00017460198,5.3814154e-05,0.004203212,6.558578e-05,0.0060717827,5.5468765e-05,0.008640312,5.508645e-05,0.009485659,0.008594028,0.0016270326,0.0069417586,0.003704919,0.009562517,0.006675501,0.00089881395,6.474013e-05,5.45456e-05,5.1633382e-05,0.008536241,6.2265215e-05,0.0023016112,0.008403368,0.0072523775,5.256708e-05,0.007906725,6.021508e-05,0.007457438,0.004831563,0.009234608,0.009166218,0.007435145,0.009380709,0.002258317,0.006889017,6.0679544e-05,0.0044311713,0.003199645,0.0066326866,0.005109201,0.0035165402,0.008720458,0.007583268,0.00224005,5.605026e-05,0.0020537388,0.0095345555,0.009203714,0.007912217,0.0029942198,6.384406e-05,0.0026858842,0.008630961,0.009026686,0.010291327,0.0066469125,0.0062953597,6.19385e-05,0.0058093388,0.007032447,0.0091713,0.0057513015,0.0072918604,6.349534e-05,0.009151588,0.009123129,5.415716e-05,0.0070016473,0.00035393663,0.005541045,0.0,0.0036539966,0.0042044027,0.0042438116,0.006535466,4.9413866e-05,0.0014010078,6.6695575e-05,0.0012027759,0.0073634563,0.0024063645,5.3281532e-05,0.0047454457,6.424596e-05,0.0169581,5.432138e-05
0.0063610207,0.00721613,0.008737642,0.0042523877,0.008889918,0.004941599,0.0073587857,0.0091501875,0.0076560294,0.0074540996,0.0079468,0.0022829743,0.0037803557,0.007968108,0.009453793,0.008687721,0.008205981,0.008359139,0.0040226066,0.00928486,0.009267495,6.293851e-05,0.006303884,0.007394363,0.0021001035,5.951584e-05,0.005831596,0.000579879,0.0073906095,6.139534e-05,0.009368131,5.7905116e-05,0.009500639,0.009405259,0.0032993655,0.008234851,0.0055465787,0.00910635,0.007841366,0.0028118445,6.738474e-05,5.5030505e-05,5.9265785e-05,0.009198937,0.00078964815,0.003954313,0.009067943,0.008486926,5.528247e-05,0.0087086195,6.122833e-05,0.008422676,0.0063040773,0.009694004,0.009536512,0.00839401,0.009514818,0.003991401,0.008068404,6.591635e-05,0.006058903,0.0048526903,0.007935666,0.006615926,0.0052344142,0.009040979,0.008597304,0.0040070736,5.893483e-05,0.0038891055,0.009005789,0.009352579,0.009106616,0.004323408,0.0010738723,0.0043208823,0.009431806,0.009493309,0.008789565,0.008183568,0.0076452205,0.00070827606,0.0074518844,0.008106708,0.009441545,0.0071542948,0.0087445285,6.458596e-05,0.009510415,0.009697618,5.7191715e-05,0.008242347,0.0025262802,0.006907855,0.0035370248,0.0,0.0055977935,0.005604349,0.007542884,5.9080903e-05,0.0030958035,0.0014985217,0.0029385732,0.00861734,0.0039056567,5.7877565e-05,0.0062996424,0.0016915831,0.016138729,5.5255754e-05
0.0076373667,0.008447474,0.009726175,0.0059897504,0.009665211,0.005583534,0.00859483,0.009990278,0.009108436,0.008863611,0.009094857,0.0036788436,0.0070598233,0.008727228,0.00995154,0.009730242,0.009602544,0.009948785,0.005598357,0.009286212,0.009491538,0.0002221527,0.007340372,0.008810474,0.004148748,5.0417297e-05,0.0071809213,0.00096716115,0.008857999,5.0618146e-05,0.009764977,5.0851468e-05,0.009722556,0.0100289555,0.005676969,0.00886715,0.0063906214,0.008675886,0.009200218,0.0038163636,0.0018317944,5.021683e-05,4.9970186e-05,0.009894863,0.0012926705,0.0058411085,0.009698113,0.009347569,4.991086e-05,0.009712627,5.4192693e-05,0.009657837,0.0077649658,0.010208273,0.009731839,0.009511557,0.00962617,0.004759767,0.009466192,5.7160327e-05,0.007387759,0.0069643753,0.009285796,0.007665947,0.006422553,0.009407116,0.009915627,0.0042582722,5.0871273e-05,0.005247296,0.008717522,0.009425709,0.0097256275,0.0065265773,0.003289045,0.004957682,0.010188057,0.00965488,0.009125307,0.008969735,0.008373489,0.0026503373,0.008141581,0.009544133,0.01001858,0.00825597,0.009324989,0.00076579716,0.0096118795,0.010254191,5.2523985e-05,0.009453966,0.0016528298,0.008294208,0.0040412857,0.0060890247,0.0,0.007950784,0.009157474,5.0683866e-05,0.0045164805,0.0025440564,0.0036627566,0.009666333,0.0064439196,4.8209266e-05,0.0067555783,0.00058475,0.015594019,5.033025e-05
0.0077267783,0.008418179,0.009704906,0.005916914,0.009634796,0.0058193724,0.008784523,0.009997344,0.009007302,0.008776066,0.009120966,0.0036956442,0.0069863,0.008770115,0.010116716,0.009921779,0.009530593,0.009979185,0.0055247,0.009451853,0.009671256,0.0005449383,0.0073340316,0.008958791,0.004288183,4.4812503e-05,0.0072898082,0.0009915053,0.00885431,4.8314083e-05,0.009852611,4.7241207e-05,0.009866735,0.010079351,0.005607143,0.008945952,0.0065979525,0.00882769,0.009117681,0.0038898224,0.0017615692,4.739413e-05,4.6018376e-05,0.009975336,0.0012833033,0.005727999,0.009878235,0.0094452,4.5439636e-05,0.009713601,5.241296e-05,0.009658066,0.007829661,0.010224679,0.009802712,0.009543872,0.009654559,0.0048233876,0.0095194075,0.00012400644,0.0074938657,0.006894241,0.00919053,0.007823475,0.0065564984,0.009493445,0.009988015,0.004380173,4.6217683e-05,0.0051466557,0.008615393,0.009421371,0.009769955,0.0065335426,0.0032457034,0.0050457777,0.010373127,0.00977075,0.009196998,0.009048381,0.008386317,0.0026537238,0.0080484655,0.009510609,0.01003948,0.008464226,0.0094718095,0.00060061744,0.009767972,0.010275185,4.979049e-05,0.009612885,0.0018587321,0.00827555,0.004190368,0.0059696124,0.007669613,0.0,0.009104323,4.4243825e-05,0.0046112654,0.0025049224,0.003815207,0.009702149,0.0064206994,4.6779707e-05,0.006739856,0.00062591594,0.01565197,4.9302726e-05
0.008922484,0.00952531,0.010900071,0.00677853,0.011202535,0.0068131187,0.009779849,0.011304058,0.010337504,0.009953208,0.010544943,0.004907613,0.0071912636,0.009987859,0.011715401,0.011006735,0.01077691,0.011145745,0.006749044,0.011303381,0.011411034,0.0018049208,0.0085356245,0.009933532,0.005492694,4.9708426e-05,0.008833378,0.0026238519,0.009779072,5.3534743e-05,0.011392414,5.1163835e-05,0.011503941,0.011639451,0.006519477,0.010185997,0.0076667573,0.010811748,0.010298752,0.0052616186,0.0021864,5.013617e-05,4.70483e-05,0.011576179,0.0026571867,0.006889024,0.011462563,0.010586198,5.0603016e-05,0.011180089,0.0011683784,0.010845207,0.0086587975,0.011806086,0.0114696575,0.010913588,0.011265308,0.006094293,0.010650422,0.0011833548,0.008665138,0.007657922,0.010313055,0.008909519,0.007695461,0.01105366,0.011053094,0.005662473,5.193497e-05,0.0064675394,0.010587359,0.011172987,0.01109723,0.0071054413,0.004662039,0.006409567,0.0115083745,0.011224815,0.010530359,0.010110134,0.009739701,0.0038688432,0.009277858,0.010649452,0.011442214,0.0093418425,0.01041529,0.0023768924,0.011329528,0.011622132,5.252903e-05,0.010675459,0.0039853714,0.0096852025,0.00535773,0.0072856513,0.008762777,0.008767141,0.0,4.9901246e-05,0.005788372,0.003962229,0.005258692,0.010863778,0.0069594076,4.9000355e-05,0.008023117,0.003011426,0.015961897,5.0307808e-05
1.863224e-05,1.7316497e-05,4.7827183e-05,2.5117291e-05,5.50576e-05,2.2489336e-05,4.603248e-05,6.5571236e-05,4.828529e-05,2.5825027e-05,2.4765934e-05,4.132449e-05,1.584233e-05,3.351818e-05,4.8510865e-05,3.689353e-05,5.2212818e-05,4.4720975e-05,1.2167517e-05,0.0015190184,7.7802084e-05,2.6072032e-05,3.654322e-05,5.0387545e-05,3.722281e-05,1.2927476e-05,4.0765903e-05,3.591892e-05,2.3008415e-05,2.1818096e-05,6.346104e-05,2.137107e-05,0.0027855383,4.5718887e-05,3.9905248e-05,5.0087714e-05,4.051266e-05,0.014172291,3.8415277e-05,2.214021e-05,3.9501065e-05,2.514667e-05,1.5345207e-05,7.184164e-05,1.2980455e-05,1.1345209e-05,5.282711e-05,5.0526403e-05,9.578137e-06,3.975763e-05,1.0659182e-05,4.6861634e-05,1.4950511e-05,0.0018408668,0.00074381236,4.5258046e-05,0.010405165,2.5318805e-05,4.307969e-05,9.527181e-06,3.109034e-05,1.7924665e-05,4.3903576e-05,1.4447855e-05,3.140054e-05,0.00086109684,3.600024e-05,2.6824935e-05,1.7692992e-05,2.2134667e-05,0.016549138,0.006077344,4.936127e-05,3.4505483e-05,3.290491e-05,3.9266528e-05,5.8207323e-05,0.00910837,0.02690451,3.8343867e-05,1.716327e-05,3.619498e-05,3.8056227e-05,4.3958633e-05,7.554807e-05,1.9787125e-05,4.9248774e-05,8.823351e-06,0.013129225,6.744467e-05,1.2119422e-05,3.5873858e-05,2.7221418e-05,3.4342367e-05,3.8741e-05,1.1162808e-05,2.5339808e-05,3.1892825e-05,2.6357271e-05,0.0,1.6478598e-05,1.5405609e-05,3.6182264e-05,5.0328435e-05,3.4276163e-05,8.205166e-06,4.6133286e-05,2.1693324e-05,0.052199103,2.7157956e-05
0.005415886,0.006398729,0.0081511475,0.0034115964,0.008060094,0.0033249294,0.006513642,0.008562786,0.0070613353,0.006660325,0.0073332638,0.0007909033,0.0036607026,0.006773942,0.0089327935,0.008048276,0.0077054766,0.007879851,0.002950029,0.008884317,0.008749646,5.4538737e-05,0.005147078,0.006707474,0.0010308437,5.1946525e-05,0.004697171,5.6390556e-05,0.006442973,5.2489733e-05,0.008705528,5.2519434e-05,0.009105117,0.008675893,0.0024378242,0.0071716947,0.0039835726,0.008337191,0.0071087806,0.0014133733,5.9143156e-05,5.0285886e-05,5.0837974e-05,0.008766245,5.7411675e-05,0.003016374,0.008667348,0.007569163,5.1674062e-05,0.008214407,5.301107e-05,0.0077643623,0.0054902346,0.009272826,0.00906634,0.0078032385,0.008741498,0.0023758612,0.007427934,5.729093e-05,0.005006649,0.0040435144,0.0071543516,0.0054797516,0.0042068083,0.00845379,0.008000058,0.0020810764,5.2864238e-05,0.002673812,0.008277929,0.008514935,0.008202452,0.0038460968,5.9482663e-05,0.0029199873,0.008850727,0.009135802,0.008820447,0.0070747207,0.0064385706,5.769016e-05,0.0060681524,0.007520247,0.0089650145,0.006238671,0.0077409092,5.3326374e-05,0.009164935,0.009287669,4.930128e-05,0.007487453,5.944964e-05,0.005990903,0.0018968537,0.0037813901,0.0049589924,0.0050891717,0.006935821,4.4306675e-05,0.0,5.830602e-05,0.0015154755,0.0077482318,0.0031389864,5.2970347e-05,0.00491741,5.827003e-05,0.016799944,5.348006e-05
0.0034125554,0.0047847736,0.007191012,0.0012113022,0.0071399026,0.0016625957,0.005105498,0.0074675535,0.005739107,0.005186406,0.006263032,6.343421e-05,0.0012277509,0.0055495994,0.008644912,0.0070028272,0.006598966,0.006968745,0.00095857144,0.008970919,0.008539525,6.365602e-05,0.0031872038,0.0052681863,6.058961e-05,5.656891e-05,0.0031017067,6.2099534e-05,0.005088494,5.705267e-05,0.008196827,6.090984e-05,0.009195208,0.008219342,6.561009e-05,0.005529562,0.0024525898,0.009849731,0.006046571,6.1097075e-05,6.560346e-05,5.162686e-05,5.2066385e-05,0.008275638,5.74137e-05,0.00094454683,0.0080395965,0.0059841215,5.284352e-05,0.0075555146,5.7185105e-05,0.0068060756,0.003781145,0.0090135755,0.008915664,0.0068485904,0.009525823,0.00066468003,0.0061795227,6.011264e-05,0.0034658033,0.0020168691,0.005972051,0.003603062,0.0020063007,0.008441075,0.0069699115,0.00053647644,5.8222995e-05,0.00072376535,0.009909886,0.009182633,0.0070645697,0.0014676227,6.0012004e-05,0.0010675952,0.0081972405,0.009094019,0.010577284,0.0057501723,0.004701376,6.3357686e-05,0.004806613,0.0062204516,0.00890997,0.004753828,0.0065518557,6.4680724e-05,0.009412119,0.008772308,6.156571e-05,0.006354155,5.9169575e-05,0.004637293,6.0540082e-05,0.0022675786,0.0031170452,0.003124192,0.005623477,5.487538e-05,6.6809815e-05,0.0,6.318875e-05,0.006796072,0.0011087175,5.877169e-05,0.0034466956,6.313312e-05,0.018490981,5.4972268e-05
0.0044826367,0.0055128536,0.007626681,0.0020825274,0.007542268,0.0027461809,0.0056329644,0.008060961,0.0063117375,0.0057750964,0.0065968777,6.442746e-05,0.002056523,0.0061738733,0.008669927,0.007262926,0.0070228106,0.007131368,0.002085731,0.008963373,0.008519849,5.775192e-05,0.00434243,0.0058242953,6.2434774e-05,5.7222012e-05,0.0040229443,5.801599e-05,0.0057474226,5.88671e-05,0.008525423,5.217656e-05,0.009182426,0.008401568,0.0013315987,0.006664026,0.0034407694,0.009282992,0.006410284,0.0006077049,5.8788955e-05,5.3751388e-05,5.1077695e-05,0.008353489,6.184193e-05,0.0019941546,0.008266198,0.0068785246,5.077045e-05,0.0077946186,6.115136e-05,0.007102332,0.0045298664,0.009031805,0.00890955,0.007216892,0.00928032,0.0019898121,0.0067735547,5.7771525e-05,0.0041547455,0.0028507712,0.0064750607,0.0047415947,0.0033180914,0.008364767,0.0073840027,0.0018097479,5.6414287e-05,0.0018359447,0.009244724,0.008980554,0.0077297683,0.0024772345,6.1231054e-05,0.00220756,0.008380312,0.008932265,0.009244895,0.006361982,0.005807796,5.8889746e-05,0.0055544814,0.0065789702,0.008771343,0.005319714,0.0069451793,5.8708207e-05,0.009187312,0.008996888,5.926453e-05,0.006948891,7.0537375e-05,0.0054374044,0.001095806,0.0031170265,0.0037970184,0.0040347227,0.0062263343,4.8683985e-05,0.0010789131,5.907199e-05,0.0,0.0071544345,0.0019835243,5.764087e-05,0.004334561,5.6114754e-05,0.017231576,5.435638e-05
0.00984007,0.010303828,0.012027791,0.0072890646,0.012164815,0.007846881,0.010464028,0.012454959,0.010921499,0.010812119,0.011131025,0.005894907,0.0068474137,0.011205373,0.012281906,0.011716937,0.011201005,0.01145928,0.007770027,0.011970476,0.0123467585,0.0027873726,0.009762433,0.0105237765,0.0059620407,5.8621215e-05,0.009708447,0.004165046,0.01050817,5.9158483e-05,0.012629356,5.5702436e-05,0.012239526,0.012273836,0.006840186,0.011510285,0.008926593,0.010882483,0.01103747,0.006276461,0.002190181,5.757732e-05,5.2291845e-05,0.011978639,0.004197433,0.007409085,0.01208389,0.011509755,5.695314e-05,0.011508226,0.0022844665,0.0115142325,0.009164866,0.012623128,0.011926941,0.011482567,0.012365946,0.0074824085,0.01114274,0.0025298062,0.009603763,0.0080362735,0.010876206,0.01001411,0.008660367,0.011695131,0.011393742,0.0072035696,5.6798675e-05,0.0075197215,0.011294834,0.011775555,0.012332181,0.007257908,0.005165838,0.007717362,0.012557812,0.012342146,0.011491988,0.011054996,0.0109516485,0.0044059204,0.010634945,0.011231945,0.011932392,0.010058703,0.011643268,0.0035010977,0.01239949,0.0127871465,5.929591e-05,0.011395382,0.0063117174,0.010431573,0.0066017443,0.008521757,0.009028605,0.00897214,0.010786347,5.2360134e-05,0.0066003385,0.0052507985,0.006311042,0.0,0.007189264,5.5632157e-05,0.009603372,0.005219012,0.017613854,5.5705877e-05
0.006408437,0.0073324195,0.008683076,0.0048689907,0.008538594,0.004291059,0.007616017,0.009086973,0.007750115,0.007688593,0.008079315,0.0023105978,0.0069423513,0.0074032024,0.009329523,0.008762706,0.008688618,0.0090768775,0.00418852,0.008954305,0.008978746,4.7916925e-05,0.0060118805,0.0076004267,0.0028769057,4.673742e-05,0.005648392,4.9957147e-05,0.007539787,4.244203e-05,0.009249378,4.5958295e-05,0.009349708,0.009120671,0.004514202,0.007676948,0.005166982,0.009061301,0.00802625,0.0025596088,0.001634706,4.0413535e-05,4.3116685e-05,0.009137881,5.0505954e-05,0.0045033316,0.00903725,0.008096706,4.0154973e-05,0.008842154,4.730096e-05,0.0085687265,0.0067380155,0.009661115,0.009326406,0.00843189,0.00931933,0.0034541963,0.008388159,5.2361036e-05,0.0060615437,0.0057978043,0.008115858,0.006500104,0.0052647376,0.008858528,0.008896633,0.0029020507,4.2187912e-05,0.003843446,0.008987957,0.009021332,0.008744954,0.0062563955,0.0016697063,0.0036362486,0.009483014,0.009314046,0.009542782,0.0078755915,0.007264455,0.0012302655,0.006839934,0.008468449,0.009409953,0.007366242,0.008300588,4.9610117e-05,0.009472255,0.009581495,4.7294794e-05,0.008301936,4.825579e-05,0.006877885,0.0029295962,0.004721504,0.007059421,0.00678926,0.0078508,4.3511813e-05,0.0031854669,0.0011350226,0.0022258768,0.008543041,0.0,4.3391825e-05,0.0052072597,4.875432e-05,0.017632924,4.136074e-05
1.2714847e-05,2.237072e-05,0.0035436542,9.783916e-06,0.002253479,3.1871044e-05,2.464787e-05,0.00486291,3.2852193e-05,3.19048e-05,0.00024917166,2.0075711e-05,3.2322696e-05,3.2696997e-05,0.008171821,0.0017294259,0.0005582394,0.0015602497,1.2693456e-05,0.009435039,0.008138894,1.664967e-05,1.6101127e-05,2.350518e-05,1.0776329e-05,2.7372724e-05,1.9690258e-05,6.3018415e-06,3.7552432e-05,2.2674618e-05,0.005070273,1.6053313e-05,0.00989944,0.0046491837,1.6188556e-05,3.2746266e-05,9.106811e-06,0.014097117,2.3324379e-05,9.630964e-06,2.8104818e-05,2.1324428e-05,9.447335e-06,0.007236519,2.084497e-05,2.6606382e-05,0.005219409,2.0711786e-05,2.659655e-05,0.00472161,7.6015517e-06,0.0009651011,1.4489364e-05,0.009418411,0.009092175,0.0010990633,0.012405826,2.2376486e-05,3.774639e-05,2.9976254e-05,3.370785e-05,3.1693027e-05,1.587492e-05,2.611642e-05,2.1307394e-05,0.008888211,0.0016409932,7.1502873e-06,1.8861228e-05,2.4455085e-05,0.014744559,0.010683544,0.0031825493,2.3349108e-05,2.9220848e-05,2.9663182e-05,0.0052998713,0.01149568,0.019463666,2.7517628e-05,2.634255e-05,1.6167836e-05,2.4927143e-05,2.0842597e-05,0.008539175,2.3985212e-05,1.6738848e-05,3.8453363e-06,0.013073959,0.0079400735,1.2349152e-06,2.7800274e-05,2.7305658e-05,3.537769e-05,1.4116971e-05,1.8775014e-05,1.32056075e-05,1.7289305e-05,3.076503e-05,4.204093e-06,8.996206e-06,2.5940559e-05,1.943111e-05,0.000447911,3.311893e-05,0.0,1.7636483e-05,2.3476017e-05,0.033269927,2.798613e-05
0.0065523298,0.0072381226,0.008880242,0.0042050327,0.009158894,0.005162448,0.0075235954,0.0094360355,0.007865811,0.0074908,0.007944861,0.0024969995,0.0032845319,0.008225232,0.009641537,0.008813408,0.008314552,0.008369984,0.0042986674,0.009563946,0.009338809,6.4248416e-05,0.006615746,0.0075998246,0.0021899706,6.106227e-05,0.0060860966,0.0013598782,0.007359758,6.4312735e-05,0.0095904255,5.851463e-05,0.00987495,0.009595117,0.0033853685,0.008517784,0.006035376,0.009303259,0.008064198,0.0031180817,6.923297e-05,6.009035e-05,5.7055957e-05,0.009332767,0.001282059,0.0040349704,0.009245638,0.008667214,6.023138e-05,0.0087233065,6.2040155e-05,0.008457404,0.0062449104,0.010013726,0.009562764,0.008548542,0.009749024,0.004619904,0.008219244,6.35241e-05,0.0063673486,0.004797253,0.008060417,0.0069751395,0.0055606086,0.009241455,0.008640607,0.0046769883,6.235732e-05,0.0043000984,0.009342799,0.009454359,0.009262087,0.0040663835,0.0013406763,0.0049282927,0.009565021,0.0096564945,0.008878978,0.008375684,0.008005941,0.0010339138,0.007631722,0.008213613,0.009542009,0.0071669044,0.0087828385,0.0001709056,0.009659213,0.010080901,6.2570405e-05,0.008320385,0.003644039,0.007175391,0.0038941337,0.005759091,0.005531669,0.005548604,0.007579223,6.0438197e-05,0.0034822463,0.0021530788,0.0036073094,0.008852478,0.0037806171,6.1754756e-05,0.0,0.0029637183,0.015971905,6.1974955e-05
0.00245939,0.0034267246,0.006160553,7.548133e-05,0.006133681,0.00065254426,0.0037068399,0.006915346,0.0044293054,0.0039250464,0.005292415,6.9042384e-05,7.791952e-05,0.004580334,0.008692478,0.0058142836,0.0058996007,0.0057397857,7.538336e-05,0.009417719,0.008648543,7.360252e-05,0.0024112992,0.003752736,7.639518e-05,6.426999e-05,0.0018706784,7.424467e-05,0.0036437626,6.1865634e-05,0.0076424023,6.481944e-05,0.009672384,0.007797859,7.5508775e-05,0.0049437378,0.0013832296,0.011097028,0.004828917,7.094363e-05,6.832436e-05,5.9337137e-05,5.894973e-05,0.008100799,6.6512504e-05,7.745706e-05,0.008025393,0.0052465866,5.965748e-05,0.007253203,6.740831e-05,0.005589081,0.0020101431,0.009034381,0.009145424,0.00578169,0.010039406,7.62172e-05,0.0048375856,7.272184e-05,0.0020394528,8.298923e-05,0.004424086,0.0028562066,0.0010861049,0.008736003,0.0062861666,7.720595e-05,6.688399e-05,7.1926035e-05,0.011164858,0.0097094625,0.0064773103,7.996111e-05,6.7346096e-05,0.0004969221,0.0071993885,0.009322808,0.012560966,0.0044915145,0.0040159803,7.361638e-05,0.0037962103,0.0048007136,0.009006806,0.0034415107,0.005416336,7.013089e-05,0.0097461045,0.00836617,6.3668376e-05,0.005084047,7.393803e-05,0.00335253,7.487389e-05,0.0013041327,0.0010907908,0.001078634,0.00445056,5.7532383e-05,7.647438e-05,6.867061e-05,7.4455165e-05,0.0055963816,7.716549e-05,6.3488704e-05,0.0027834268,0.0,0.019783122,6.2230945e-05
0.02459723,0.025040448,0.025880476,0.023799082,0.025749657,0.02400053,0.024912626,0.026069527,0.025054412,0.025198616,0.025264895,0.023059402,0.023799716,0.025018068,0.026361667,0.025546622,0.025270911,0.025603915,0.023808705,0.026652107,0.026398377,0.021468055,0.024450658,0.024983099,0.023326145,0.019649096,0.024566984,0.02189477,0.025029842,0.018187918,0.026207421,0.018712291,0.026801992,0.025918458,0.023629991,0.025172254,0.023971856,0.0271177,0.025330644,0.023248885,0.021847367,0.018158646,0.014785468,0.026340172,0.021910368,0.02374235,0.025936568,0.025183454,0.015411116,0.025729813,0.021070175,0.025472868,0.024337385,0.026681505,0.026500862,0.025433326,0.027098762,0.023421956,0.02533718,0.02112695,0.024434369,0.024244525,0.025016937,0.024459405,0.024003498,0.026492378,0.025521979,0.023006607,0.019012747,0.023618884,0.027363162,0.026878156,0.025639717,0.023943909,0.022868715,0.023558673,0.025924185,0.02714081,0.027985431,0.024990287,0.024814663,0.02244262,0.02479594,0.025376644,0.026235485,0.024840038,0.025071157,0.021695085,0.027506467,0.026192524,0.01835197,0.025414163,0.02171349,0.024551168,0.022979144,0.023946704,0.024549998,0.024666067,0.02524159,0.01277078,0.023439303,0.022549795,0.023071866,0.025649091,0.023659656,0.018091248,0.02412891,0.021491555,0.0,0.017457183
7.685513e-05,7.679096e-05,0.003081586,6.7927285e-05,0.0016955534,5.662962e-05,6.678799e-05,0.004541663,7.3901974e-05,7.154073e-05,8.2736035e-05,5.9667414e-05,7.45825e-05,7.93278e-05,0.0077796397,0.0011488106,8.2064194e-05,0.0009049819,5.7108213e-05,0.00922736,0.0077984966,3.828287e-05,6.1670034e-05,6.361822e-05,5.8270347e-05,3.127936e-05,6.415206e-05,4.4481098e-05,6.489614e-05,4.3628035e-05,0.004673072,3.6257297e-05,0.009859411,0.0041297916,6.443225e-05,8.356405e-05,6.3093175e-05,0.014555809,8.8711466e-05,6.081027e-05,4.9341317e-05,3.2651384e-05,3.30804e-05,0.006821031,5.6995228e-05,5.1358333e-05,0.0046210177,7.4215044e-05,4.6856007e-05,0.004149029,5.514922e-05,0.00040736145,5.9304595e-05,0.009169787,0.008944554,0.00044972895,0.012305706,7.02506e-05,7.51232e-05,5.6259792e-05,5.2593998e-05,6.26922e-05,8.200562e-05,7.263909e-05,5.6795678e-05,0.008470511,0.0007278854,6.857276e-05,4.5617497e-05,6.826719e-05,0.015364689,0.010676625,0.0029818662,7.08326e-05,3.8678183e-05,6.8967136e-05,0.004816492,0.011556744,0.020134587,7.304649e-05,5.96055e-05,4.2342093e-05,5.6160094e-05,7.556065e-05,0.008312267,7.371021e-05,6.618491e-05,5.2526048e-05,0.012880812,0.007694061,5.2730946e-05,6.7071654e-05,5.5037795e-05,6.380595e-05,6.298484e-05,6.600722e-05,6.69712e-05,5.735669e-05,8.279848e-05,3.4351535e-05,4.9776994e-05,4.5472585e-05,5.3699176e-05,7.8984674e-05,7.031365e-05,4.0923616e-05,5.692022e-05,3.3233457e-05,0.03354158,0.0
