1,2,3,4,5,6,7,8,9,10,11,12,13,14,15,16,17,18,19,20,21,22,23,24,25,26,27,28,29,30,31,32,33,34,35,36,37,38,39,40,41,42,43,44,45,46,47,48,49,50,51,52,53,54,55,56,57,58,59,60,61,62,63,64,65,66,67,68,69,70,71,72,73,74,75,76,77,78,79,80,81,82,83,84,85,86,87,88,89,90,91,92,93,94,95,96,97,98,99,100,101,102,103,104,105,106,107,108,109,110
0.0,0.0071777576,0.009648898,0.0020489306,0.010418702,0.0055322093,0.007784729,0.010466745,0.0085614575,0.008394927,0.008904635,0.0032123271,-7.5374523e-06,0.009583088,0.009835505,0.009558316,0.008603843,0.008595173,0.0054831468,0.010216242,0.010278996,-1.5167536e-06,0.008103812,0.008638358,0.0030125335,-4.013447e-06,0.008095618,0.002937042,0.008117425,-2.7880158e-06,0.01148077,-7.516898e-06,0.0105096465,0.010926324,0.002551891,0.010033895,0.008177511,0.008608959,0.008798076,0.0036170299,-4.215223e-06,-1.7479803e-06,-6.815012e-06,0.009620236,0.00198257,0.0041497033,0.010554222,0.009872409,-8.147668e-06,0.008683125,-5.1227894e-06,0.009531353,0.0059251073,0.010213241,0.009803537,0.0093075335,0.010288449,0.0063101407,0.008823799,-6.575594e-06,0.007758778,0.003983773,0.008872426,0.008016844,0.0063698124,0.009252309,0.009002382,0.006136492,-6.568748e-06,0.0052812574,0.008637523,0.009492839,0.010636751,0.0011231388,0.0021757556,0.0057943487,0.010638072,0.009794015,0.009129274,0.009185212,0.008907502,0.00035377464,0.009128717,0.008149314,0.009681504,0.006953975,0.0098685,0.00030238775,0.009664715,0.01112743,-2.2069496e-06,0.009484545,0.008287094,0.008963923,0.0041690604,0.0064462293,0.0054405495,0.0053343046,0.008170634,-3.3890822e-06,0.0031560897,0.003198721,0.004862162,0.010581434,0.0027033591,-2.0138773e-06,0.008513382,0.005670643,0.016954737,-8.636999e-06
0.007074451,0.0,0.009331919,0.0022274614,0.009761169,0.0051061874,0.0074738977,0.009831437,0.00800203,0.007856885,0.008365137,0.002779892,-1.26922305e-05,0.009044021,0.009387551,0.009052622,0.007996058,0.008186311,0.0049997433,0.009508883,0.009684982,-1.1062418e-05,0.007514855,0.00805928,0.0025688484,-1.6786431e-05,0.0073999125,0.0024377778,0.0075110327,-1.4492085e-05,0.010788413,-1.6716089e-05,0.009773574,0.010078761,0.0022340757,0.009382623,0.0073910337,0.008259418,0.008192873,0.0031589763,-1.5856478e-05,-1.2772224e-05,-1.6372975e-05,0.009220363,0.0016151256,0.0036767386,0.009865019,0.009257577,-1.0326613e-05,0.00818679,-1.46257e-05,0.0088543175,0.0057400865,0.009698566,0.009188305,0.008792695,0.009793681,0.005797109,0.008357284,-1.5143249e-05,0.007158591,0.0036655727,0.008359553,0.0074790474,0.005784218,0.00875967,0.0085059,0.0056689424,-1.0392963e-05,0.004719342,0.0081164185,0.00894371,0.010106583,0.0011112381,0.0015333936,0.0053556915,0.010093847,0.009242099,0.008707427,0.008625436,0.008408545,2.2184075e-05,0.008567083,0.007973662,0.00917548,0.006638004,0.009329403,9.848625e-05,0.009288223,0.0105599305,-1.0343758e-05,0.008977073,0.007112572,0.008404789,0.0038834289,0.005871962,0.0051938896,0.004938764,0.007652308,-1.2500488e-05,0.0029267557,0.0026961083,0.0043290444,0.009938117,0.0023861942,-1.612996e-05,0.007779854,0.0050558564,0.016243769,-9.968554e-06
0.009901373,0.009729762,0.0,0.0049435254,0.012991742,0.007888504,0.010173755,0.013175528,0.01085206,0.010898219,0.011282139,0.0056540696,0.0021241284,0.012147754,0.012607266,0.012037004,0.010974252,0.011136734,0.0077836826,0.013030577,0.013350934,0.0025048656,0.010329157,0.010791129,0.0055134366,-5.9668328e-06,0.010364496,0.0055505256,0.010426765,-6.4219153e-06,0.013913135,-1.0466548e-05,0.013264964,0.013286368,0.005214496,0.012433786,0.010093043,0.012006976,0.011262795,0.005902501,-1.1583771e-05,-1.1771959e-05,-1.0850551e-05,0.012460449,0.0044432627,0.006593446,0.01288636,0.012222179,-1.1265433e-05,0.011205322,0.0020129674,0.011864043,0.008272647,0.013219292,0.012539709,0.011855548,0.013506928,0.008489875,0.011356727,0.0017405457,0.01003084,0.006429211,0.010943393,0.010330078,0.008489444,0.012276424,0.011306164,0.008302482,-1.055433e-05,0.0075102905,0.0121057965,0.012585011,0.013207775,0.0038586005,0.0046462123,0.008085616,0.013253737,0.013242218,0.012125362,0.011299193,0.01133383,0.0027534084,0.011363895,0.010776428,0.012378553,0.0095228255,0.012278755,0.0034094376,0.013494013,0.013847016,-7.658986e-06,0.011843926,0.010401728,0.011258624,0.0065749874,0.008630933,0.008093535,0.0078029614,0.010403808,-8.106984e-06,0.0057267486,0.005850344,0.007013079,0.012965538,0.005290465,-7.837581e-06,0.010708936,0.0078006308,0.018867172,-9.001413e-06
0.0039154217,0.003871349,0.006918979,0.0,0.0071376343,0.0015904394,0.0045718723,0.0076761604,0.005452663,0.0051282784,0.0062166727,-2.2279926e-06,-8.522295e-06,0.0066582435,0.0077902074,0.0066495347,0.005760356,0.005740305,0.0014677696,0.008572205,0.008618632,5.0538426e-07,0.00451549,0.0053476347,-5.515997e-06,-3.1095565e-06,0.004406643,-8.7611085e-08,0.0048108264,6.672325e-07,0.009890029,-7.6263314e-06,0.009300833,0.008378898,-1.1458407e-06,0.0065828073,0.0043356554,0.0077979583,0.0058819545,-1.8194399e-07,-6.496002e-06,1.1111107e-06,-1.9011031e-06,0.0074806786,-4.5343836e-06,4.8420683e-05,0.008053322,0.006407019,-5.731611e-06,0.005905013,-9.423518e-06,0.006813083,0.002421465,0.007876766,0.007683379,0.0066449023,0.0087287715,0.0024017598,0.0059200116,-4.4051654e-07,0.004224367,-9.889049e-06,0.0058042808,0.0043565356,0.0020375052,0.0071688336,0.006260139,0.0023602203,-4.983846e-06,0.0011157908,0.007831955,0.007603418,0.0078157205,-4.664204e-06,-6.2528297e-06,0.0019802004,0.0082726665,0.007390377,0.008709408,0.0059619495,0.005683592,-7.733063e-06,0.005845249,0.005193931,0.0074029923,0.0034762858,0.0070625492,-2.7221581e-06,0.0077152764,0.009038981,-8.558676e-06,0.006561977,0.003670085,0.005786149,2.4493647e-05,0.0026195252,0.0016881537,0.0015977704,0.0050067496,-7.5031826e-06,-4.3303426e-06,-4.0189275e-06,0.00052824436,0.0077665346,-2.6705943e-06,1.4523982e-06,0.004897175,0.0014435882,0.017735831,1.2268406e-06
0.010455884,0.010255424,0.012845992,0.0055951495,0.0,0.008590627,0.010743432,0.013746581,0.011477841,0.011347586,0.011726405,0.006457482,0.0025665346,0.012731828,0.012874405,0.012509542,0.011227478,0.0114819985,0.0086108195,0.013595811,0.013968929,0.0033642815,0.010989478,0.011470198,0.006254679,-5.659859e-06,0.011116841,0.0064239493,0.010932794,-1.0061416e-05,0.014574739,-6.5828476e-06,0.013869483,0.013799784,0.005800662,0.013097155,0.011013774,0.0118166795,0.011636917,0.006826694,-1.1520435e-05,-1.0372994e-05,-1.1768163e-05,0.012863937,0.0053639915,0.0071277097,0.013451489,0.0126231415,-9.890133e-06,0.011497708,0.0029199743,0.012464511,0.008794287,0.01364032,0.012710134,0.0122922575,0.01408463,0.009371405,0.011788655,0.0027082202,0.010538834,0.006992448,0.011497158,0.01096946,0.009196571,0.012611632,0.011738001,0.00934747,-1.0546385e-05,0.008219652,0.0122898,0.012896188,0.013833926,0.0044225007,0.005374158,0.0088987695,0.013707677,0.013311685,0.012511964,0.012003286,0.011922787,0.003591198,0.012061419,0.011156714,0.012688092,0.009846454,0.012825695,0.0039209123,0.013683928,0.014263349,-6.1060346e-06,0.012362594,0.0114285145,0.0119016,0.0073238784,0.009413677,0.008519828,0.008345175,0.011050897,-7.855426e-06,0.006577133,0.0066806143,0.00772202,0.013539138,0.006058638,-6.9436987e-06,0.011310123,0.008932435,0.019256042,-1.0272767e-05
0.0055281166,0.0053060777,0.008314943,8.832622e-06,0.008918471,0.0,0.0060375268,0.009236938,0.007000377,0.006614906,0.0076141846,0.0011258365,8.846281e-06,0.0082216645,0.009102871,0.008103297,0.0071096043,0.0071689705,0.0034099163,0.010364777,0.009818574,6.5244753e-06,0.0062808315,0.006972272,0.0004161286,8.894277e-06,0.0061558094,0.0015916813,0.0062938933,7.352501e-07,0.010890533,3.2529647e-06,0.010608525,0.00996477,5.5352734e-06,0.008650851,0.0066117165,0.009673049,0.0072355773,0.0013755059,-3.762286e-07,8.685613e-06,1.7953996e-06,0.008803645,0.00040702114,0.0017667009,0.009723811,0.008301286,4.844674e-06,0.0074485377,4.0519562e-06,0.00813861,0.004009369,0.009551679,0.009514249,0.008060216,0.010390127,0.0049303644,0.0073434226,9.637892e-06,0.005951128,0.0014737571,0.00719108,0.006086247,0.0043389346,0.008824889,0.007655921,0.005221331,-9.948875e-07,0.0030842163,0.009488544,0.009537317,0.009514543,6.388105e-06,5.7688026e-06,0.0043345178,0.009548021,0.008993915,0.00978224,0.0074670417,0.007147961,3.7592267e-06,0.0076407543,0.0064315195,0.009185654,0.0050140843,0.008352336,1.0826715e-05,0.00923725,0.010188124,7.238757e-06,0.007819676,0.0075333575,0.007375506,0.0025398228,0.004647759,0.0030338522,0.0031402656,0.0064869556,1.1408671e-06,0.0009499008,0.0014006268,0.0031179502,0.009144898,0.00023835442,3.9352376e-06,0.0070741144,0.004943114,0.017744107,3.5083244e-06
0.0073505263,0.007336246,0.0096117,0.0024312306,0.01016755,0.005548976,0.0,0.010273011,0.00854062,0.008409339,0.008787279,0.0033503536,-1.1828368e-05,0.0095208455,0.009786494,0.009516936,0.008594333,0.00864133,0.005399403,0.009936087,0.010059972,-6.4658925e-06,0.007926665,0.008579929,0.003181229,-9.96265e-06,0.008017123,0.002830758,0.007986258,-9.602659e-06,0.0109918825,-7.726211e-06,0.010214641,0.0106861275,0.002713317,0.009885018,0.007766212,0.008445324,0.00862734,0.0034466619,-5.6851036e-06,-6.4073324e-06,-7.601044e-06,0.009709156,0.0018904989,0.004163306,0.010181251,0.009571151,-1.1093224e-05,0.008689707,-7.548857e-06,0.009363871,0.0060877665,0.010130061,0.009705325,0.00937277,0.010139813,0.0061237016,0.008789909,-1.0074974e-05,0.0076534525,0.004024454,0.008662126,0.007918043,0.006255635,0.0091878865,0.009001523,0.0060414593,-1.12172365e-05,0.005198362,0.008564524,0.00945639,0.010424943,0.0014365043,0.0021603454,0.005695904,0.010432434,0.009687863,0.0091215335,0.008897835,0.008622913,0.00049076235,0.008863623,0.008253193,0.009676101,0.006937837,0.009767499,0.00036236545,0.009770339,0.010810519,-7.66594e-06,0.009412727,0.007664284,0.008772296,0.004210968,0.0062913015,0.0055644107,0.005450692,0.008188087,-6.0988477e-06,0.003273252,0.0031714449,0.0046593733,0.010358668,0.002935235,-7.927951e-06,0.008134002,0.005272339,0.016302207,-1.2340226e-05
0.011140641,0.010892704,0.013724473,0.006141163,0.014344811,0.009222803,0.011397094,0.0,0.012147623,0.012190227,0.012718514,0.0071940687,0.0034295141,0.01349412,0.014146563,0.013418245,0.012117369,0.012309506,0.009174724,0.014677614,0.014892552,0.004103048,0.011678397,0.012059796,0.00695788,0.0007036231,0.011797326,0.0069685522,0.01152267,-2.98765e-06,0.01545347,-4.3278856e-06,0.0149031235,0.014697565,0.006446806,0.013745428,0.011483284,0.013705129,0.012476586,0.0072339955,-4.9037885e-06,-3.4621382e-06,-4.2743413e-06,0.0138759045,0.005974311,0.007863238,0.014365243,0.013468136,-6.2583995e-06,0.012628946,0.0036220218,0.01329589,0.009521669,0.014644042,0.014011769,0.013188147,0.01524773,0.009733322,0.012545715,0.0033306354,0.011196373,0.0075249313,0.012289351,0.011540205,0.009863992,0.013696898,0.012515291,0.00986967,-4.7978842e-06,0.008938178,0.013853417,0.01410628,0.01470579,0.005110002,0.006150481,0.00958643,0.0145347705,0.014683298,0.013813251,0.012494137,0.012429771,0.0041913823,0.012675752,0.011795387,0.013849591,0.010581091,0.013433426,0.004746942,0.015026332,0.015257811,-5.3841227e-06,0.013059935,0.011927865,0.012626981,0.0077328454,0.009871441,0.0092800865,0.00908175,0.011652523,-3.5780372e-06,0.0069940933,0.007133395,0.008362805,0.014256318,0.006491932,-3.152733e-06,0.011816268,0.00943698,0.020428665,-2.0866316e-06
0.008434875,0.008082201,0.010465336,0.003052164,0.011273196,0.006280017,0.008646281,0.01129753,0.0,0.009276764,0.010002408,0.004238292,0.00076406973,0.010411055,0.010886539,0.010514055,0.009493725,0.009643708,0.006399144,0.011284342,0.011393736,0.00082357036,0.008753601,0.0094232345,0.0042810515,-8.951338e-06,0.008992774,0.0036269305,0.008934365,-8.402931e-06,0.012190172,-1.1047047e-05,0.011599254,0.011736946,0.0038200337,0.010714271,0.008683732,0.010267163,0.009690578,0.0043520755,-1.0581638e-05,-1.0243023e-05,-9.617464e-06,0.010885309,0.0026230766,0.005261707,0.011383769,0.010597018,-1.0777926e-05,0.009656245,0.00017643455,0.010481889,0.0069309855,0.011234026,0.010838169,0.010383301,0.01132196,0.006892139,0.00991612,-6.8896557e-06,0.008668414,0.004980958,0.009668839,0.008755101,0.007155622,0.010611829,0.009908649,0.0068043587,-8.275578e-06,0.0059674648,0.010166264,0.010668066,0.011475284,0.0023563455,0.0031808089,0.006541138,0.011385407,0.010911116,0.010247477,0.009764674,0.009595579,0.0013079306,0.009767757,0.00913259,0.0108312955,0.00765485,0.010577307,0.001408688,0.010904624,0.011795181,-9.27679e-06,0.010394805,0.00861568,0.010000101,0.0048604314,0.0069608935,0.0066543524,0.0064969407,0.0092144795,-1.242247e-05,0.0041237473,0.004163447,0.005470346,0.011207822,0.0038172158,-8.343651e-06,0.008957184,0.0059707207,0.016733099,-1.135632e-05
0.008437374,0.008082835,0.0106504895,0.0031648348,0.011102525,0.006191739,0.008621688,0.011271534,0.00948487,0.0,0.009957954,0.00424947,0.0006525994,0.010387998,0.0108418735,0.010521082,0.009564849,0.009770923,0.0063370834,0.011139012,0.011152207,0.0008101083,0.008838571,0.0094998665,0.0042640064,-4.4909375e-06,0.009150098,0.0035919878,0.009021108,-9.082928e-06,0.012213887,-9.462907e-06,0.011403188,0.011701766,0.0036960936,0.01072644,0.0088838795,0.009922777,0.009855565,0.004339646,-6.9676753e-06,-1.1217526e-05,-8.436714e-06,0.010808354,0.0025538285,0.0052337972,0.011334706,0.010489457,-4.5976326e-06,0.009694283,3.0066562e-05,0.010344817,0.0068858243,0.0111452555,0.010727652,0.010362957,0.011163019,0.0070200134,0.009859906,-1.8401973e-06,0.00852244,0.005080879,0.009707858,0.008758364,0.007028175,0.010415449,0.010083857,0.0067184744,-5.752027e-06,0.0060816505,0.0099798655,0.010571223,0.011353605,0.002232333,0.0031576685,0.006418384,0.011417513,0.01060133,0.01003836,0.009820096,0.009698069,0.0012134669,0.0098364735,0.009089281,0.010720793,0.007736961,0.01055734,0.0013694989,0.010682938,0.011821504,-3.725828e-06,0.010289304,0.008733668,0.009937309,0.004849184,0.0070548826,0.0066277506,0.0065046814,0.009087005,-9.32396e-06,0.0040932903,0.004021268,0.0053346073,0.011438602,0.004014223,-5.2517053e-06,0.009131286,0.005866351,0.016953336,-8.220707e-06
0.009146933,0.008897919,0.011499626,0.0039079073,0.011912108,0.006847151,0.009472757,0.012234476,0.010435614,0.010279126,0.0,0.0049065426,0.0017064682,0.011134492,0.012135641,0.011412546,0.010803714,0.010770498,0.007194172,0.012732574,0.01253553,0.0015109295,0.0094970325,0.010350118,0.004956037,-9.763268e-06,0.009962227,0.0044879024,0.009736433,-9.198675e-06,0.013175135,-8.364817e-06,0.012860222,0.012716664,0.0045658867,0.011512795,0.009434256,0.011800947,0.010668075,0.005059334,-1.0459085e-05,-1.4661765e-05,-1.3308883e-05,0.011958492,0.003416383,0.005959143,0.012460757,0.011271588,-8.695919e-06,0.010836569,0.00093991327,0.011564492,0.0075573833,0.012385022,0.012262078,0.011431486,0.012679038,0.00761123,0.010872659,0.00076453754,0.009446695,0.005705751,0.010496001,0.0093746595,0.007741916,0.011810517,0.011086526,0.007303297,-9.090902e-06,0.0068480293,0.011771629,0.012246703,0.01234408,0.0029523054,0.0041083377,0.0071306415,0.012400246,0.011969642,0.012182856,0.010529503,0.0103589725,0.0021408468,0.010521499,0.009996415,0.012100604,0.008476693,0.011277233,0.0023096863,0.012015005,0.012710608,-5.4993943e-06,0.011158424,0.009319729,0.010897106,0.005481712,0.007750457,0.007728905,0.0073113358,0.010231704,-8.181678e-06,0.0049300226,0.004869921,0.0060619563,0.012262412,0.004693778,-1.2347049e-05,0.009602855,0.0065816934,0.017411467,-1.0417442e-05
0.0044217296,0.0038337482,0.0076671867,1.6569056e-06,0.008127439,0.0021659876,0.00483846,0.008659373,0.006065517,0.0057033002,0.0068408255,0.0,-3.8043693e-06,0.007129261,0.008421125,0.007285289,0.0061905743,0.0063253785,0.0020821816,0.009604675,0.0092985,-3.2473096e-07,0.0051324475,0.00614704,5.5533505e-08,-4.217022e-06,0.0054086484,-2.6257449e-06,0.0052688643,-3.3863566e-06,0.010461059,-8.563807e-06,0.009880457,0.009456609,2.0143482e-06,0.007748106,0.0054026046,0.008337897,0.006413272,2.6318862e-06,-1.8286037e-06,-8.241424e-06,-8.208569e-06,0.00806891,8.915478e-08,0.00042957382,0.009083892,0.007365862,-2.1426881e-06,0.0066123833,-7.17541e-06,0.007242739,0.002642042,0.009048925,0.008733267,0.007202759,0.010020432,0.0033913797,0.00630822,-3.3172148e-06,0.0048740013,2.4182977e-05,0.0062333997,0.00503825,0.0030096886,0.008166568,0.00666079,0.003220602,-5.1574684e-06,0.0016331121,0.008419191,0.0084264055,0.008918532,-6.095051e-06,-5.8655764e-06,0.0026446052,0.008930492,0.008713347,0.009061939,0.0064255563,0.006088713,7.763469e-08,0.006535248,0.005360713,0.008647012,0.003558835,0.007587785,1.870229e-06,0.009074326,0.009735832,-6.4910087e-06,0.0070832693,0.006339015,0.0066664233,0.00066066714,0.003041088,0.0019284694,0.0018904504,0.00542895,-4.82475e-06,-6.2110075e-06,-2.513992e-06,0.0015104695,0.008533503,5.513158e-07,-1.792221e-06,0.005633025,0.0027870056,0.01946391,-3.660037e-06
0.0022643718,0.0020218228,0.0057879253,-1.1295367e-05,0.006272794,-7.5289466e-07,0.0030220996,0.0069992477,0.0041754446,0.0039857696,0.0051035886,-2.415955e-06,0.0,0.005052103,0.0066169244,0.0055660256,0.0046529,0.004729949,-3.0645608e-06,0.008205129,0.007633849,2.127797e-06,0.0027048693,0.0042369943,9.666976e-07,-6.720331e-06,0.0030755082,-1.7801503e-06,0.0034857448,-9.102186e-06,0.00960641,-1.793449e-06,0.00842046,0.007711082,1.8399531e-06,0.0055197855,0.00274888,0.0074575637,0.004614127,-2.335716e-06,-7.111327e-07,-6.422209e-07,-5.798184e-06,0.0064670295,-3.846044e-06,-2.9739012e-06,0.007537664,0.005298747,2.2403487e-06,0.004654126,-3.7431546e-06,0.0055480506,0.0011830612,0.007141303,0.0069551514,0.005549819,0.008714314,-8.633089e-06,0.0048647593,-6.661164e-06,0.0024404253,-3.954033e-06,0.004415693,0.0026339076,0.00040188959,0.0065244357,0.0050373273,-2.8946529e-06,2.0966427e-06,-8.452832e-06,0.0076740435,0.0070677935,0.0070013707,-4.847894e-06,-5.8256423e-06,-2.522059e-06,0.007393202,0.0071011223,0.008888367,0.004149916,0.0037699004,-3.767797e-06,0.004029745,0.0038159736,0.0067067496,0.0017392173,0.0054328907,-5.792915e-06,0.007315814,0.008172468,-5.004065e-06,0.005308838,0.0007000727,0.00465292,-6.8048566e-06,0.00015074699,0.00095749355,0.00086252636,0.0038758174,-1.1275441e-05,-1.1883242e-05,-3.2882297e-06,-3.8878256e-06,0.0067734043,2.3076566e-06,-8.98634e-06,0.0024157735,-9.15543e-06,0.020115625,-7.1377104e-07
0.009603682,0.009378147,0.011688447,0.004379243,0.012431538,0.008148715,0.009852016,0.012532352,0.010454151,0.010260703,0.010795563,0.00557026,0.0010380608,0.0,0.011836098,0.011616013,0.010264069,0.010433185,0.0077272295,0.012230514,0.012344446,0.0021150066,0.01012694,0.0105201,0.005103993,-5.9001386e-06,0.010067918,0.005671769,0.010090643,-4.1656585e-06,0.013426708,-5.450165e-06,0.012462054,0.012681304,0.0046254396,0.012409966,0.010397897,0.011021516,0.010658698,0.005703412,-1.9469542e-06,-5.177799e-06,-3.2830305e-06,0.011724301,0.004621421,0.006082656,0.012317777,0.01185689,-2.9109653e-06,0.010508968,0.0017177877,0.01150031,0.0079223905,0.012382893,0.011710053,0.011321352,0.012528901,0.008688604,0.010833179,0.0016306567,0.009771925,0.0058731143,0.010707036,0.010033794,0.008381346,0.011316183,0.010820334,0.008770375,-6.306626e-06,0.0073330277,0.010963378,0.011453033,0.012937106,0.0033361092,0.0041777827,0.008383415,0.012785638,0.011936272,0.011163547,0.011207329,0.011156638,0.0024669955,0.011540621,0.010017636,0.011622305,0.008968439,0.012093376,0.0029078627,0.011947229,0.01317184,-2.1870458e-06,0.011475522,0.011132969,0.010853739,0.0066207997,0.008782371,0.007304376,0.007125783,0.0098809,-2.1415578e-06,0.0055714785,0.005650551,0.007141127,0.012624505,0.0045321574,-7.1270288e-06,0.010904274,0.008563394,0.01867328,-2.6961704e-06
0.010376745,0.010086742,0.013208304,0.0053222273,0.0136619555,0.008087428,0.010616055,0.014194807,0.011764225,0.011676693,0.012456218,0.0064509823,0.0033688757,0.012294894,0.0,0.012943683,0.012167855,0.012417467,0.008362551,0.015367698,0.015099522,0.003367637,0.010576424,0.011296028,0.006469633,0.0009966808,0.011154987,0.0060101384,0.011043776,-1.1285542e-05,0.015165154,-7.864583e-06,0.015624645,0.014437159,0.0061070668,0.012637378,0.010446422,0.015390152,0.012149532,0.006438349,-7.3816323e-06,-1.166307e-05,-9.291575e-06,0.0143084,0.0049214344,0.00728055,0.014464322,0.012415025,-5.8335545e-06,0.012914917,0.0029671602,0.012854681,0.008658086,0.014870142,0.0146252485,0.012983452,0.015785588,0.008794925,0.012196625,0.0025633662,0.0103437565,0.0071042976,0.011694103,0.010520341,0.008984489,0.014532093,0.012504993,0.008506099,-8.506079e-06,0.008000058,0.015593424,0.015200843,0.013786407,0.0045532323,0.00551249,0.008472962,0.014112902,0.015000169,0.016143676,0.011498957,0.011474541,0.0036691176,0.011547227,0.011507094,0.014322703,0.009873423,0.012572398,0.004162652,0.015400867,0.0148208095,-5.483947e-06,0.012500054,0.010527671,0.012041599,0.0067183115,0.009026356,0.009044836,0.008702007,0.011454011,-1.04526835e-05,0.0064327843,0.0062744236,0.0072855237,0.013522641,0.0063087237,-1.01637925e-05,0.010603721,0.00802022,0.020881556,-1.0571317e-05
0.009278037,0.009133182,0.011650588,0.0044130445,0.012121902,0.007304238,0.009656616,0.012363556,0.010449622,0.0103279,0.010849835,0.005273884,0.0020016287,0.011318974,0.01199812,0.0,0.010521352,0.01067084,0.007438592,0.012439576,0.012495446,0.0019562165,0.009742651,0.0104529485,0.0053449376,-5.2888527e-06,0.009939819,0.0048654224,0.009872937,-5.317349e-06,0.013196071,-9.327243e-06,0.012582877,0.012628188,0.0047623552,0.011693007,0.009753502,0.011446065,0.010730829,0.0054718303,-4.988277e-06,-1.1517194e-05,-1.0896484e-05,0.011878452,0.0039379373,0.006133164,0.012433817,0.011388554,-7.439716e-06,0.010781213,0.0014379739,0.011476511,0.007930792,0.012418243,0.011953193,0.011388613,0.012688663,0.007856389,0.010792123,0.001192463,0.009388926,0.006134674,0.0105915805,0.00967417,0.008121083,0.011765264,0.010938622,0.0077031837,-9.713409e-06,0.0069907345,0.011476417,0.011992789,0.012544722,0.0033909783,0.0043175574,0.007548367,0.012564626,0.012206733,0.011518122,0.010654224,0.010476976,0.002504899,0.010792543,0.010111989,0.011823873,0.008861538,0.011552187,0.0026563653,0.0122936,0.013001541,-9.119895e-06,0.011268309,0.0095089795,0.010872608,0.005845134,0.008154102,0.0077256183,0.007446284,0.010205317,-9.272708e-06,0.005327404,0.005181952,0.00643698,0.012333786,0.0049495595,-6.1480127e-06,0.009878606,0.007109246,0.017474998,-7.220546e-06
0.008231562,0.007935873,0.010373587,0.0033067511,0.010938755,0.005989098,0.008531015,0.01125068,0.009370272,0.009412209,0.010184153,0.004083563,0.0014630345,0.010043985,0.011271948,0.010389957,0.0,0.009907408,0.006155005,0.011427671,0.011346255,0.00066502433,0.00852283,0.009303339,0.0042876024,-2.6827506e-06,0.008848543,0.0034320336,0.0088728275,-5.6213707e-06,0.011958921,-4.6084438e-06,0.011596493,0.011617431,0.0040021613,0.01026801,0.008239489,0.010918407,0.009764187,0.004071625,-9.794125e-06,-8.192877e-06,-6.5426248e-06,0.011054616,0.002356871,0.005181504,0.011433832,0.01024615,-5.9422314e-06,0.009928958,0.0001994179,0.010481948,0.0068754777,0.011324501,0.011193658,0.010388952,0.011355928,0.0064341943,0.009881941,3.1568626e-07,0.008265525,0.0051576737,0.009585666,0.008436201,0.006875093,0.011001755,0.010171132,0.006181006,-3.899993e-06,0.005842326,0.010982153,0.01116794,0.011088933,0.0025270858,0.0033077942,0.006012266,0.0113509735,0.010990642,0.011249284,0.009387447,0.009213876,0.0013911413,0.0092542125,0.00920984,0.011019016,0.0075558797,0.010157157,0.0014198142,0.0110466415,0.011590884,-3.6580192e-07,0.010166133,0.007748746,0.009777302,0.004491399,0.0066467845,0.006897624,0.0066427505,0.009350766,-3.2661158e-06,0.0041133994,0.0037815436,0.0049558766,0.010976677,0.004021521,-6.854775e-06,0.008480094,0.005036949,0.016252456,-8.5789725e-06
0.008175704,0.0079608485,0.010452865,0.00337343,0.0109975245,0.005992868,0.008634372,0.011293361,0.009527363,0.009472604,0.01023077,0.0040546786,0.0016626192,0.009958402,0.011389464,0.010683992,0.009962837,0.0,0.0062805964,0.011819567,0.011674199,0.00064032455,0.00846162,0.009353251,0.004492974,-1.9934625e-06,0.008925551,0.0035763972,0.00904687,-6.2660138e-06,0.012090017,-3.0123135e-06,0.011940891,0.011673404,0.0040861224,0.010145513,0.008265243,0.010940891,0.009874741,0.0042166975,-7.994676e-06,-8.343264e-06,-6.843501e-06,0.011201946,0.0024648116,0.005404011,0.011566371,0.010258367,-3.8460475e-06,0.010048255,0.00022896299,0.010504447,0.0068333847,0.011551996,0.011510703,0.010454308,0.011507783,0.006445884,0.009986356,1.1801569e-06,0.00840946,0.0053155483,0.009651605,0.008577222,0.0069528925,0.011133483,0.010240471,0.006104446,-6.2552976e-06,0.005968069,0.010914432,0.011352855,0.010986184,0.0026632424,0.003388325,0.0061396915,0.011448369,0.011102106,0.01096646,0.009519567,0.009341121,0.0013886307,0.00929254,0.009254415,0.011321236,0.007662568,0.010240359,0.0017445298,0.01125575,0.011602369,-5.505512e-06,0.010207876,0.007545743,0.00982558,0.0045843828,0.0068106563,0.0072001754,0.00689069,0.009432684,-7.2094977e-06,0.0043223533,0.004036134,0.0050962935,0.01106736,0.0044934102,-8.356329e-06,0.008419333,0.004894602,0.01637631,-6.177283e-06
0.0059324694,0.00547433,0.008600904,-5.3115116e-07,0.009178564,0.0039098472,0.0063963383,0.00947959,0.0072634034,0.007095112,0.0077512427,0.001367697,-7.7997065e-06,0.008363797,0.009113496,0.008362975,0.007301005,0.00747245,0.0,0.009751675,0.009497874,-2.1370797e-06,0.0065923627,0.007244908,0.0014563838,-4.338092e-06,0.0069310064,0.001485072,0.0066908617,-5.5076566e-06,0.010676364,-7.4995232e-06,0.009898207,0.009956292,0.0005084234,0.00875988,0.0067285607,0.008148763,0.007569954,0.0017574545,-7.759606e-06,-2.2222282e-06,-1.827468e-06,0.008771752,8.367091e-05,0.002415254,0.009592522,0.008578828,-6.550698e-06,0.00740891,-3.3893944e-06,0.0084034465,0.004468258,0.009514577,0.009133313,0.008161385,0.009936057,0.0048543806,0.0075717205,-6.12311e-06,0.0064722435,0.0020042434,0.007569855,0.0063929204,0.004736543,0.008704286,0.0077974326,0.004625248,-8.10471e-06,0.003385003,0.008167826,0.009009855,0.009620015,-2.4436779e-06,0.00036764913,0.0041831443,0.009693985,0.009008566,0.008655033,0.0077574006,0.0073085795,-1.7140871e-06,0.0077817156,0.0067115333,0.009040799,0.005113791,0.008692112,-4.2365537e-06,0.00920024,0.010166443,-8.62305e-06,0.008130346,0.007446231,0.007828084,0.0024020832,0.004639673,0.003629265,0.0036871603,0.006750354,-3.718849e-06,0.0013548281,0.0016411004,0.0031578958,0.009478449,0.000952459,-2.056075e-06,0.0071222666,0.0043330495,0.017291648,-4.1863323e-06
0.013539876,0.012928107,0.016334014,0.008201746,0.016865319,0.011173797,0.0134125715,0.01731623,0.014880685,0.014688539,0.015968913,0.009772902,0.0064625405,0.015600985,0.01774313,0.016070966,0.015262799,0.015477429,0.0116065005,0.0,0.019100418,0.006724319,0.013817741,0.014423937,0.009880023,0.005016613,0.014647106,0.009566564,0.013834364,0.00065813854,0.019677991,0.0017902164,0.020193068,0.018284153,0.009088342,0.015840277,0.013647877,0.019560829,0.01532108,0.009761842,0.0021824397,-8.072694e-06,-5.2861174e-06,0.01754142,0.008565538,0.010276644,0.018553922,0.015561988,-7.3828196e-06,0.015830446,0.0063045537,0.016068205,0.01154255,0.017940972,0.01824387,0.0161753,0.02000599,0.011866991,0.015316621,0.006029508,0.01350381,0.00994511,0.014579593,0.013739914,0.012009117,0.01804486,0.015681155,0.0119583765,-9.6100675e-06,0.011236931,0.019731315,0.01902512,0.017068926,0.007505048,0.008843249,0.011703004,0.01715895,0.018089702,0.021240842,0.014325174,0.014266594,0.007011367,0.014637478,0.014235474,0.017567553,0.01242328,0.015450295,0.007815215,0.01861276,0.01812058,0.0023880748,0.0155042205,0.01450669,0.015508827,0.010023869,0.012085994,0.012063872,0.011714476,0.014758674,-6.7266405e-06,0.009456085,0.009631638,0.010538424,0.016936101,0.009382466,-4.3457376e-06,0.013924224,0.011673079,0.028033128,0.0011470396
0.012637564,0.012192801,0.015444827,0.007460195,0.016203383,0.010428961,0.012641705,0.016653702,0.014003041,0.013890682,0.01480096,0.008744496,0.0053754323,0.014854451,0.016624255,0.015267262,0.014042538,0.014484149,0.010584589,0.01844275,0.0,0.0058021317,0.01292948,0.013575584,0.00873326,0.0036445225,0.013645467,0.008552406,0.013102154,-5.7546868e-06,0.018328445,0.0004752597,0.018905904,0.01719508,0.008148684,0.015218042,0.012778955,0.017649947,0.014228007,0.008733883,0.001136648,-4.292575e-06,-7.853501e-06,0.016455324,0.007499044,0.009397796,0.017201267,0.014887203,-5.502795e-06,0.014798905,0.005330437,0.01519438,0.010857079,0.017022088,0.016743662,0.015196447,0.019174444,0.011048772,0.014322882,0.0049927435,0.012784744,0.009062378,0.013706977,0.01298414,0.011194652,0.016795054,0.014520812,0.011012869,-4.724641e-06,0.010252221,0.017787796,0.017471086,0.016420752,0.006675911,0.007867774,0.010760358,0.016486738,0.017269952,0.01888625,0.013780567,0.013598229,0.0059920517,0.014012259,0.01335274,0.016311163,0.011887988,0.014894637,0.00676707,0.017693471,0.017350815,0.0010856073,0.014825029,0.013592154,0.014512631,0.009024962,0.011179901,0.011019612,0.010748013,0.013814341,-9.671655e-06,0.008620141,0.008681087,0.009619215,0.01614457,0.008408922,-7.375074e-06,0.013030761,0.010819145,0.025944987,-8.554492e-06
0.0017726385,0.00083400146,0.0061600553,-1.88312e-05,0.006941355,2.3663958e-06,0.0022515478,0.007707074,0.0038180372,0.0034810442,0.005240934,-1.2882973e-05,-9.796445e-06,0.005618669,0.007785732,0.005709162,0.004003553,0.0041432483,-5.944146e-06,0.009949158,0.009252865,0.0,0.002907771,0.0039294707,-3.5359958e-06,-6.1059236e-06,0.0028977094,-1.1829201e-05,0.0027061766,-7.806453e-06,0.010631439,-1.08155255e-05,0.010282323,0.008693766,-8.905505e-06,0.006065955,0.0032452857,0.009694741,0.0045103948,-9.27525e-06,-1.0673017e-05,-6.1885326e-06,-7.2932467e-06,0.0073336144,-1.2532617e-05,-1.1260192e-05,0.008554119,0.0056836903,-1.7600169e-05,0.0049421936,-5.9149706e-06,0.0057751075,-6.5194954e-06,0.008538503,0.008354129,0.005565903,0.010886442,0.00045454985,0.004377184,-8.35909e-06,0.002305486,-6.40375e-06,0.004220471,0.0023847858,7.3320297e-07,0.007873814,0.004901301,0.00044716822,-1.8690724e-05,9.168462e-07,0.00999995,0.0088594165,0.007890413,-8.201092e-06,-1.5322657e-05,-1.6634949e-06,0.008042772,0.008830683,0.011825954,0.004236813,0.0037089628,-6.4631226e-06,0.0045204638,0.0029177505,0.007955123,0.0005342355,0.0058804727,-8.503323e-06,0.009403315,0.009442983,-5.3178233e-06,0.005345492,0.0048098355,0.004850482,-8.7685714e-07,4.1326653e-06,2.9954977e-06,-3.3313695e-06,0.0032501998,-1.6409515e-05,-4.3047285e-06,-1.2181487e-05,4.692475e-07,0.0073007857,-1.3580065e-05,-1.8391218e-05,0.003473659,0.000369681,0.024389964,-4.786102e-06
0.0078052655,0.0074694804,0.009984009,0.00229618,0.010868329,0.0059933634,0.008189075,0.010876617,0.008905207,0.008752836,0.00927326,0.0037549313,-6.815227e-06,0.0100901695,0.01032236,0.0098686395,0.0088162515,0.008818934,0.006062427,0.010741087,0.010768042,0.00026835751,0.0,0.009011369,0.0034873423,-2.7302547e-06,0.008688396,0.003725276,0.0084557785,-7.318265e-06,0.01195354,-1.3744041e-06,0.011013991,0.011315861,0.0028434217,0.010632001,0.008808202,0.008940159,0.009183034,0.00398434,-1.3577536e-06,-7.150859e-06,-1.2961042e-06,0.010108286,0.002558392,0.0044332533,0.010975016,0.01018395,-3.6550327e-06,0.008888355,-4.9747478e-06,0.009825863,0.0063876184,0.010620298,0.010166009,0.009828791,0.010777951,0.0069995993,0.00919378,-5.3448844e-07,0.008327535,0.004135913,0.009199854,0.008342197,0.0067702434,0.00984978,0.00925796,0.006970881,-6.1365195e-06,0.0056366376,0.008953178,0.009984063,0.011112448,0.0011729341,0.0024254632,0.0063369568,0.0111920405,0.010146553,0.0094551,0.00954075,0.009295978,0.00070048054,0.009722454,0.008380832,0.010208628,0.0070818355,0.010421385,0.0008231358,0.010197068,0.011492036,-4.1936264e-06,0.009750556,0.009549975,0.009539364,0.004857321,0.0068522645,0.0057209725,0.0055524637,0.008443272,-7.771202e-06,0.0036860993,0.0038459916,0.0053718253,0.0110431425,0.0030342357,-3.0431465e-06,0.009180159,0.006744333,0.017428117,-1.0966781e-06
0.00824865,0.007975351,0.010340944,0.0031209784,0.01107195,0.006408924,0.008576992,0.011240537,0.009317951,0.009259332,0.0097404,0.004259081,0.00067417027,0.010359947,0.010494525,0.010366678,0.00929226,0.009512838,0.0065049673,0.010847809,0.011078096,0.0011101912,0.008843695,0.0,0.004050982,-2.4288765e-06,0.008953119,0.0038460474,0.008876022,-5.966244e-06,0.012032083,-1.6966155e-06,0.011150835,0.011553101,0.0036943518,0.010811032,0.008980357,0.009190845,0.009562877,0.0043280334,-8.071935e-06,-3.1947513e-06,-7.2161665e-06,0.010449294,0.0029179205,0.0051773204,0.011094536,0.010463673,-6.1140354e-06,0.009364419,0.00032979483,0.010228412,0.006808404,0.010894159,0.010473174,0.010132566,0.010859998,0.0072157667,0.009643821,0.00016092353,0.008656786,0.004875086,0.009669484,0.008619829,0.00707669,0.010135297,0.009700147,0.0069537256,-4.2701863e-06,0.0060945647,0.009128269,0.010124747,0.01132628,0.0022917048,0.0030873546,0.006668841,0.011346279,0.010452056,0.009753555,0.009845286,0.009554909,0.001555495,0.009899423,0.008865634,0.010516471,0.007732293,0.010566204,0.0010991773,0.010345894,0.011599505,-3.8270996e-06,0.010248342,0.00902494,0.009884736,0.004940812,0.007120823,0.006369595,0.0063599558,0.009025936,-5.4171837e-06,0.0042125704,0.004099387,0.005688522,0.011211027,0.0038689128,-1.7260676e-06,0.009091539,0.0063224197,0.016813545,-4.6796767e-06
0.0045038112,0.003962231,0.0075442516,-6.267844e-06,0.008138108,0.0018962765,0.004924099,0.008513044,0.005993012,0.005790464,0.0067983647,-9.736949e-07,-6.504962e-06,0.0070689125,0.008191607,0.0072792303,0.006186505,0.006362864,0.0024443432,0.008671612,0.008997846,-8.886822e-06,0.0051487056,0.005926731,0.0,-8.769769e-06,0.0055885827,-6.1412663e-07,0.0053450326,-1.0502352e-05,0.0101429485,-1.098376e-05,0.00953449,0.0092111975,-5.6277645e-06,0.0073685125,0.0051921564,0.00788571,0.0064301654,-3.7584985e-06,-4.0460886e-06,-1.546706e-06,-1.2438576e-05,0.007959546,-4.1748985e-06,0.0006996501,0.008942617,0.0072442936,-8.740905e-06,0.006436097,-7.3085807e-06,0.0072760885,0.0027545532,0.008812692,0.008360055,0.00720998,0.009203652,0.003079419,0.0064847874,-8.209014e-06,0.0051686177,0.00029309175,0.006388494,0.004978988,0.0030698266,0.007969597,0.006619932,0.0026309341,-8.626397e-06,0.001745475,0.007993168,0.008046168,0.00874587,-2.633235e-06,-6.5965373e-06,0.002248636,0.008711908,0.008552726,0.008657925,0.006356724,0.0058232127,-3.1791567e-06,0.006313468,0.005506081,0.008384508,0.0035884052,0.007349732,-2.3375087e-06,0.008876271,0.009675469,-1.0837635e-05,0.00711432,0.005599215,0.00678932,0.0003017359,0.0028727031,0.0021862707,0.0022504765,0.0055424743,-3.1008992e-06,-4.8409634e-06,1.299922e-06,0.0011662034,0.008507974,3.1649813e-07,-3.7545226e-06,0.0052487757,0.0019309963,0.018560745,-6.477169e-06
1.3767314e-05,5.3188764e-06,0.0048649074,-3.2600124e-06,0.0057376535,1.815846e-06,1.9271958e-05,0.0068395445,0.001659097,0.0013159276,0.0035719178,-4.6772857e-06,-1.8771334e-05,0.0035128903,0.007018269,0.003992977,0.002058075,0.0024310118,-4.3919104e-06,0.010288788,0.009219453,-1.2770702e-05,0.0001471607,0.001171794,-7.3130054e-06,0.0,0.0011234888,1.147077e-06,2.2405431e-05,-1.3071251e-05,0.010765307,-2.9041734e-05,0.010535166,0.008141223,-1.7382707e-06,0.0041855793,1.8916224e-05,0.010254647,0.002562651,-5.7193597e-06,-1.1657475e-05,-1.6949434e-05,-3.117396e-05,0.006492363,7.722513e-07,-5.6081362e-06,0.008241985,0.0038871854,-2.838239e-05,0.0032564315,-1.7284752e-05,0.0041002803,-6.1705673e-06,0.008089641,0.008066284,0.003985773,0.011633378,2.7035544e-06,0.002260257,-1.47692235e-05,1.5081684e-05,-7.5758885e-06,0.0017602788,2.613483e-05,-2.944533e-06,0.00742353,0.00284354,1.9162678e-06,-3.2000113e-05,2.8988904e-06,0.010671827,0.0090689715,0.006946041,-6.633237e-06,-7.655567e-06,1.8493258e-06,0.0071380893,0.008955849,0.013077038,0.0016855467,0.0012156374,-1.1662797e-05,0.0017821449,0.0008116304,0.007361015,3.3924048e-06,0.003920454,-7.242297e-06,0.009918766,0.009322085,-1.4019963e-05,0.0032554625,0.0023671773,0.0030318245,-8.776144e-06,1.9587374e-06,-5.3288636e-06,-1.6093271e-06,0.0010114617,-2.5016192e-05,-7.31902e-06,-7.1715017e-06,-2.5910936e-07,0.006226014,-6.4574624e-06,-1.1890167e-05,0.00044755352,3.1565703e-06,0.027446434,-2.2755812e-05
0.007858052,0.00746234,0.010017537,0.002068477,0.010787281,0.005725881,0.008064318,0.0108277695,0.008924366,0.008792349,0.009397367,0.0037448432,-2.9146568e-06,0.009843578,0.010358997,0.009987738,0.008955963,0.009133803,0.0062097153,0.0108599765,0.010956913,0.00061518577,0.008531564,0.009080453,0.00404685,-8.472427e-06,0.0,0.0036037893,0.008316486,-2.5588781e-06,0.012069149,-8.217947e-06,0.011087343,0.011542551,0.003074275,0.010267603,0.008572321,0.0095553,0.009127937,0.0040060617,-6.4590226e-06,-5.3844415e-06,-5.1137736e-06,0.010231921,0.002169294,0.0046710772,0.011200356,0.010123373,-6.3882653e-06,0.009059589,-2.631888e-06,0.009879277,0.006199415,0.01081124,0.010220891,0.009891974,0.010934288,0.0068451893,0.009242898,-6.628112e-06,0.0085984245,0.004291969,0.009204725,0.00832122,0.006776013,0.009964595,0.00944012,0.006497847,-6.382236e-06,0.0057259304,0.0095040705,0.010071965,0.01090743,0.00093588507,0.0031136402,0.006112221,0.010939124,0.010201739,0.009569936,0.009225182,0.009104542,0.000897674,0.009481519,0.0084075695,0.010300183,0.0067795697,0.010054733,0.0012937768,0.010263775,0.011538478,-2.5144523e-06,0.009822707,0.009244888,0.009617613,0.0044367085,0.0066379285,0.0059767384,0.0057123536,0.0088182,-9.076492e-06,0.0035568753,0.0039048723,0.005331665,0.0110145025,0.0030986925,-2.7329097e-06,0.008721156,0.0061901207,0.016971642,-5.8359324e-06
0.0036237584,0.002836958,0.007209255,1.0601704e-05,0.0077968515,0.0016273271,0.0040311674,0.008549121,0.0053661843,0.005063845,0.0068395687,1.2803834e-05,4.6577197e-06,0.0068679317,0.009295397,0.0072654313,0.0060922466,0.006410461,0.0011870884,0.01114408,0.010244178,7.3609494e-06,0.0045154556,0.0051844027,7.9826505e-06,7.054683e-06,0.0045838957,0.0,0.004227145,5.5724718e-06,0.010835447,-1.0611269e-06,0.011438768,0.010051466,6.0122948e-06,0.0073234686,0.0048896684,0.011464412,0.005912019,1.6883041e-05,3.9310657e-06,8.501912e-06,7.590191e-06,0.008857121,8.55552e-06,9.782813e-06,0.009930035,0.007011792,-2.117106e-06,0.0065612644,8.866013e-06,0.007491015,0.0015085802,0.009728818,0.009783226,0.0072478647,0.011541647,0.002923344,0.0061085555,3.4254342e-06,0.004092882,1.5725738e-05,0.005578949,0.0043781106,0.0020159015,0.009401211,0.0067302007,0.0031969775,7.1466334e-06,0.00072223356,0.011570415,0.010275295,0.0085931085,5.730152e-06,6.015635e-06,0.0021112503,0.009228994,0.009796038,0.012859025,0.0056953393,0.005535113,4.5056727e-06,0.005993542,0.0046322723,0.009652703,0.0026733908,0.007096899,3.870153e-06,0.010137024,0.010441107,8.166389e-07,0.007012264,0.00733168,0.0061076283,1.3988434e-05,0.002632393,0.00084651494,0.00022620289,0.0048089754,2.650751e-06,1.3156624e-05,9.785101e-06,0.00082794495,0.008642662,1.3029144e-05,8.062078e-06,0.00564539,0.0037747377,0.022081152,8.8745264e-07
0.0077012135,0.007510504,0.00984171,0.0026183631,0.010348327,0.0056003863,0.00808028,0.010404447,0.008758752,0.008558688,0.009113359,0.0036588132,9.3136776e-05,0.009670365,0.010031676,0.0096824085,0.008789862,0.008815867,0.005869328,0.0099715665,0.0103220055,0.0003344571,0.0082147345,0.008728806,0.00355641,-3.763628e-06,0.008313838,0.003120657,0.0,-5.5065e-06,0.011162628,-3.0825681e-06,0.010238252,0.0108519,0.0032771672,0.009954805,0.008096926,0.008568524,0.009045394,0.0039234553,-5.6706767e-06,-9.041486e-06,-1.1056916e-05,0.00985323,0.0022408692,0.004519452,0.010507037,0.009817888,-1.0146131e-05,0.0088147465,-6.1954906e-06,0.009653321,0.006230029,0.010255799,0.009774559,0.009543034,0.010166333,0.0064321402,0.009030411,-6.30134e-06,0.007939034,0.004420163,0.008964378,0.008086556,0.006607749,0.009398004,0.009155919,0.006213796,-3.2806406e-06,0.00537121,0.008556578,0.009553901,0.010709521,0.0017213839,0.0025340193,0.005993984,0.01071518,0.009755552,0.009055246,0.009115157,0.008881009,0.00080117217,0.009166206,0.008520547,0.009772076,0.007111224,0.009978574,0.0008349867,0.009649603,0.010998756,-4.2721276e-06,0.00946571,0.007924153,0.009074204,0.004423582,0.0065506785,0.006035457,0.0059156935,0.008446287,-1.1518453e-05,0.0037170018,0.0034883975,0.0049180137,0.01052392,0.0034056325,-6.442606e-06,0.008453025,0.005408508,0.016256101,-2.925565e-06
4.1407075e-05,2.589489e-05,0.0009799434,3.728978e-05,0.0027959032,3.1769632e-05,3.4224617e-05,0.0050826585,6.245988e-05,4.0691044e-05,6.099017e-05,3.326451e-05,2.9140712e-05,5.4569788e-05,0.004612644,6.797325e-05,5.5350953e-05,3.7857968e-05,1.2491476e-05,0.011866379,0.009799808,1.6470181e-05,4.309644e-05,4.4579992e-05,3.822421e-05,7.720883e-06,4.2901385e-05,2.1183056e-05,2.803389e-05,0.0,0.012438415,2.2634636e-05,0.012241182,0.00691065,3.8476577e-05,0.0006288063,3.4144377e-05,0.012823653,4.5037374e-05,2.1641019e-05,2.030996e-05,2.9427822e-05,1.3896779e-05,0.0037813368,1.15547045e-05,3.1022733e-05,0.0070306887,5.8606347e-05,1.9443847e-05,4.289159e-05,3.1360967e-05,7.405695e-05,1.4675982e-05,0.006788038,0.006777168,4.7183985e-05,0.013987244,3.8989107e-05,5.1783303e-05,2.0153166e-05,3.7314545e-05,3.116325e-05,5.2856918e-05,4.9865892e-05,4.222713e-05,0.006048702,5.08117e-05,2.971434e-05,6.8570425e-06,2.0618107e-05,0.013508875,0.009125801,0.0056670667,7.933195e-06,2.3279308e-05,3.3616237e-05,0.005148678,0.008175325,0.019028703,3.951344e-05,5.440914e-05,2.3862662e-05,6.547371e-05,4.8151865e-05,0.005193587,2.9439638e-05,6.912659e-05,3.0096346e-05,0.009666651,0.009467348,2.168448e-05,5.0360635e-05,5.3452874e-05,4.4867822e-05,2.9582985e-05,3.519902e-05,1.6517462e-05,2.5288256e-05,5.074787e-05,2.7526637e-05,3.0261854e-05,3.080163e-05,2.3254954e-05,0.003765256,4.0199036e-05,2.3462824e-06,5.2274296e-05,4.332397e-05,0.03689557,8.895111e-06
0.014514346,0.01384095,0.016807038,0.00934735,0.017539056,0.012653474,0.014496728,0.01791488,0.015492936,0.015517939,0.016126333,0.010940597,0.006918984,0.016702808,0.017486714,0.016520726,0.015409548,0.015709568,0.012840566,0.01944678,0.019014422,0.008118823,0.015196741,0.015328866,0.011172647,0.0061646034,0.015819531,0.011072689,0.014908911,0.0017883382,0.0,0.0030811767,0.019603284,0.018507427,0.010257641,0.0168365,0.015129739,0.017842613,0.015745293,0.011117645,0.0031142035,-3.9247357e-06,-3.002645e-06,0.01723816,0.009969126,0.011409887,0.018532773,0.0166631,-3.5729538e-06,0.015571542,0.007776181,0.016568178,0.012572353,0.01779513,0.017586088,0.016445486,0.019493684,0.013446575,0.0157308,0.007384589,0.014856334,0.011042669,0.015388464,0.015014746,0.013423,0.017327523,0.015917312,0.013379182,-6.804022e-06,0.012533605,0.01811856,0.018069576,0.017979104,0.008360642,0.010264238,0.0130164735,0.017970785,0.017908763,0.01914318,0.015556153,0.015510089,0.008292253,0.016096493,0.014834176,0.01725956,0.0133607965,0.01647622,0.00925303,0.018159159,0.01863769,0.0036104508,0.016417906,0.01625598,0.016153613,0.011435816,0.013390326,0.012883665,0.01241898,0.015291751,-1.1581118e-06,0.010773369,0.011202732,0.012034713,0.01795653,0.010424126,0.0009223837,0.015405559,0.013376416,0.028236514,0.0023197625
3.1722135e-05,2.2198712e-05,0.002661938,2.2013677e-05,0.0042314203,1.7256585e-05,2.1341219e-05,0.0061388314,2.4118182e-05,2.8601891e-05,0.00043289526,2.765092e-05,2.0608739e-05,0.0008960117,0.006056676,0.0010302835,4.2504264e-05,2.7019318e-05,2.3625707e-05,0.011635467,0.010072907,-6.723396e-07,2.4283361e-05,2.6784592e-05,1.0439774e-05,3.6501986e-06,2.2321325e-05,2.9423842e-05,2.876704e-05,-2.2399427e-06,0.012293579,0.0,0.012077862,0.00796761,9.728671e-06,0.00196848,2.9771512e-05,0.011860251,3.852781e-05,5.9340887e-06,8.686951e-06,1.873515e-05,2.3688708e-05,0.005261398,2.1369908e-05,2.1301365e-05,0.007953237,0.0010559693,-8.928957e-06,4.649389e-05,2.3433811e-05,0.0013475313,1.4751284e-05,0.0076910937,0.0077459295,0.0011380106,0.0135782035,2.265977e-05,3.0683004e-05,1.2779669e-05,3.8640384e-05,1.6466927e-05,2.6010277e-05,2.1425281e-05,3.5635407e-05,0.0070278565,4.000287e-05,2.8718738e-05,7.72e-06,1.06433035e-05,0.012521955,0.009301794,0.006516202,1.4271018e-05,1.3160555e-05,2.4365945e-05,0.006375952,0.008909986,0.016361497,3.7108253e-05,3.0193309e-05,2.055445e-05,4.7009955e-05,2.1876613e-05,0.006374954,1.562315e-05,0.0011435178,1.124713e-05,0.010151144,0.0099144215,1.8139746e-05,5.57655e-05,4.4660588e-05,4.0843013e-05,8.657357e-06,2.700449e-05,2.7820322e-05,2.6680043e-05,3.96641e-05,9.363417e-06,2.7492633e-05,1.5731839e-05,2.8820534e-05,0.0050058668,3.821954e-06,1.2813593e-05,3.2943717e-05,1.8990213e-05,0.03391448,6.3373595e-06
0.01354787,0.01298295,0.016431382,0.0085936235,0.017035373,0.011289633,0.013617873,0.017416226,0.014888551,0.014847478,0.015957233,0.009775216,0.006670973,0.015563567,0.017757788,0.015969865,0.015306934,0.015476321,0.011795493,0.020084511,0.019252708,0.007020074,0.013966509,0.014510572,0.00997988,0.005314463,0.014620261,0.009714334,0.013982694,0.0010733652,0.019683495,0.002103466,0.0,0.018326038,0.009370945,0.015815647,0.013761897,0.019490412,0.015282172,0.009831591,0.002612384,-6.3883263e-06,-9.931647e-06,0.017719418,0.008655944,0.010532159,0.018522486,0.015562823,-1.0780763e-05,0.015859807,0.006558782,0.016242843,0.0117262965,0.017870156,0.018319873,0.016146587,0.020043254,0.012102154,0.0154462475,0.006407655,0.013694891,0.010107301,0.014586591,0.0138687575,0.012182623,0.0182457,0.015668824,0.012094137,-8.281684e-06,0.011372792,0.019803839,0.018904625,0.017038863,0.007772523,0.009060101,0.011748714,0.017266972,0.018158134,0.021304399,0.014467028,0.01447736,0.0071157245,0.01483792,0.01435353,0.017580949,0.012597488,0.015552299,0.008035972,0.018651998,0.018164832,0.0026994308,0.015713954,0.014586617,0.015553138,0.010065696,0.012144718,0.012091594,0.011742493,0.014695891,-9.11312e-06,0.009675506,0.009772481,0.0106422715,0.016915005,0.0095733255,0.0002729923,0.01389119,0.0117967,0.02815682,0.0014513283
0.01153777,0.011051301,0.014042177,0.0065336283,0.014840387,0.009439365,0.01170712,0.014964053,0.012830688,0.012685523,0.013362674,0.007698757,0.0041605886,0.013585101,0.014792891,0.0139518455,0.012964278,0.013098566,0.009683106,0.016294695,0.015917446,0.0047380915,0.012103916,0.012503436,0.0077663464,0.0021546155,0.012691535,0.0074760607,0.01217941,-5.4568536e-06,0.016749779,-7.0859905e-06,0.016533958,0.0,0.007263408,0.013900918,0.011891102,0.015218262,0.013003918,0.007742532,-6.650146e-06,-6.7572387e-06,-9.656242e-06,0.01459052,0.0064037037,0.00836522,0.015525973,0.013614028,-9.954961e-06,0.013271042,0.0043322667,0.013815254,0.009909106,0.015028987,0.01502309,0.013761509,0.01625824,0.010185406,0.013270433,0.0040303557,0.011936645,0.00808446,0.012724197,0.011835905,0.01037072,0.014736382,0.013412639,0.01012776,-8.5287675e-06,0.009497597,0.01515258,0.015317764,0.014942734,0.0054742657,0.006811103,0.009937146,0.014869293,0.014958994,0.015702067,0.012707659,0.012610481,0.00500642,0.012985947,0.012230394,0.014545831,0.010623597,0.013612345,0.005645525,0.015138076,0.015539527,-6.012995e-06,0.013608134,0.0126039125,0.013456406,0.008205974,0.010174168,0.009983001,0.009693651,0.012695459,-6.8593226e-06,0.007605924,0.0076811435,0.0087542655,0.014790496,0.0073382775,-9.063486e-06,0.012118736,0.009872285,0.020997884,-3.4598447e-06
0.0043373415,0.003991564,0.007227828,-5.3069034e-06,0.00786864,0.0018013909,0.004884731,0.00818153,0.0057490594,0.0056500062,0.006496588,-9.423181e-06,-4.4205535e-06,0.0067216004,0.007767332,0.007113502,0.0059954333,0.006212914,0.0020407927,0.008388381,0.008586674,-9.652629e-06,0.004877179,0.005826764,-5.679755e-06,-1.8587176e-06,0.005055108,-4.2389047e-06,0.0052420623,-2.8606707e-06,0.009918531,-9.755092e-06,0.00906947,0.008699958,0.0,0.0072681117,0.0048897075,0.0074861543,0.006165746,-1.0620334e-05,-6.7336356e-07,-4.8949296e-06,-2.1263891e-07,0.0075357943,-7.746064e-06,0.0006800703,0.008557516,0.007160177,-4.8151637e-06,0.0060625565,-5.2580476e-06,0.007117639,0.002735885,0.008279537,0.007630666,0.007015288,0.008673095,0.0026429242,0.0063473214,-1.114848e-05,0.0047388747,0.00036063459,0.006058192,0.0047002234,0.0028377145,0.0071199867,0.00647082,0.0024190305,-8.980936e-06,0.001373736,0.0074059065,0.007479341,0.008385353,-1.8860912e-06,-1.7676773e-06,0.0019596573,0.008509376,0.007509291,0.008322575,0.0061152205,0.0056927474,-1.1745295e-05,0.005961267,0.005450987,0.007922136,0.0036309264,0.007260605,-6.9349953e-06,0.008042468,0.009234891,-2.6628518e-06,0.006900401,0.004537619,0.0063381083,0.00020044834,0.0026580307,0.0024352276,0.0022156634,0.0053191683,-9.672418e-06,-1.1349675e-05,-4.7838594e-06,0.00085065304,0.008105332,-3.834608e-06,-1.0770106e-06,0.004990757,0.0009820544,0.017762892,-9.975896e-06
0.009850972,0.0095237475,0.01209971,0.004683486,0.012801187,0.008415919,0.010020201,0.012903576,0.010748619,0.010545188,0.011120721,0.0059471894,0.0013299432,0.0123032965,0.012168792,0.011837631,0.010553462,0.010703927,0.007860785,0.012685706,0.0127687715,0.002732105,0.010507115,0.010907362,0.0053751213,-6.7232518e-06,0.010287231,0.00611826,0.010371938,-7.6443885e-06,0.013690443,-3.6749452e-06,0.0128375925,0.013051368,0.0049173995,0.0,0.010814527,0.01130108,0.010932781,0.0061433674,-8.353116e-06,-6.3496304e-06,-3.1651384e-06,0.011916536,0.005133017,0.006451549,0.012660353,0.012262369,-3.3844676e-06,0.010735018,0.00216789,0.011724328,0.008210984,0.012605552,0.012029913,0.011631072,0.013026259,0.009166471,0.011014178,0.0021729115,0.010125879,0.0061527807,0.010879215,0.010380669,0.00861394,0.011607414,0.011044995,0.009182179,-6.840144e-06,0.007760021,0.011313355,0.011997801,0.013385561,0.003777239,0.0045261616,0.008658885,0.013048695,0.012281137,0.011438928,0.011582381,0.011493101,0.002756904,0.011898723,0.010282069,0.011852375,0.0093290005,0.012346023,0.0032303182,0.012348072,0.013494814,-5.4116626e-06,0.011678731,0.0116089145,0.011190659,0.006967407,0.009183961,0.007581001,0.007466099,0.010211213,-2.7552112e-06,0.0058249584,0.0060247574,0.0075920937,0.01299979,0.004878884,-3.2514345e-06,0.011213464,0.009114577,0.018934088,-6.272085e-06
0.007871213,0.00743915,0.01019192,0.0021153337,0.010835385,0.0062297015,0.008209846,0.01099857,0.008949607,0.008709028,0.00936439,0.003804354,9.826549e-07,0.01016921,0.010468162,0.010091736,0.0088535305,0.008839175,0.0059682215,0.011269486,0.011072501,0.0006050179,0.00867755,0.009206259,0.0034135808,-9.79127e-07,0.008594666,0.0039993813,0.008398131,-9.9228764e-08,0.012369326,-1.1196905e-06,0.011489161,0.011545287,0.0026742895,0.01069557,0.0,0.009473198,0.0091004865,0.0040252595,-3.073372e-06,-6.5431045e-06,-7.091636e-07,0.010363318,0.0027544159,0.0045574266,0.011091572,0.010294147,-4.3730643e-06,0.009112628,3.9122983e-06,0.009954262,0.006368231,0.010970529,0.010506211,0.009821044,0.011387334,0.0073449337,0.009348621,3.478828e-06,0.008407114,0.0042009815,0.009358956,0.008434323,0.0067731095,0.010124069,0.009462021,0.007392327,-2.547485e-06,0.005748817,0.009520371,0.010347963,0.011320697,0.0011166473,0.0022975197,0.006538679,0.011176136,0.010514452,0.009980817,0.009699112,0.009318669,0.00071858324,0.0098336525,0.008427382,0.010408759,0.007047927,0.010517821,0.00032483452,0.010459886,0.011819536,1.3462435e-06,0.009935522,0.010194836,0.009590769,0.0049047843,0.0070768455,0.0056768465,0.0054862583,0.008514874,-6.444951e-06,0.0034487383,0.0040762452,0.005549648,0.011170035,0.0032322425,9.458009e-08,0.009331481,0.006969802,0.018058268,-3.959131e-06
0.013182281,0.0127181085,0.016099922,0.007998832,0.016213568,0.010655851,0.013114508,0.017070075,0.014655512,0.014508676,0.015790926,0.00933229,0.006387161,0.015121189,0.017506829,0.015779054,0.015068529,0.015306482,0.010981664,0.019125488,0.018286774,0.0061787507,0.013331373,0.014049392,0.009261692,0.0044423314,0.01386956,0.008979868,0.013513111,0.00017722738,0.018679453,0.001336068,0.019182343,0.017473942,0.0088581685,0.015383928,0.013143918,0.0,0.015215024,0.009212034,0.002155739,-9.703645e-06,-8.659665e-06,0.017435824,0.008080562,0.010012106,0.017690048,0.0150623135,-1.0164311e-05,0.015804766,0.0058651217,0.015744621,0.011294723,0.017576024,0.018003894,0.015817216,0.01949794,0.011309326,0.0149522945,0.0056222263,0.012919791,0.009868724,0.014095496,0.013314219,0.0115202125,0.018089324,0.015264887,0.0112235425,-1.199003e-05,0.01069581,0.02061821,0.018822838,0.016709015,0.007585897,0.008328573,0.011110593,0.016820118,0.018110316,0.024016742,0.014067309,0.013990836,0.0066048834,0.014121226,0.014049469,0.017401578,0.012462098,0.014980855,0.0072495677,0.018650882,0.017712554,0.0019000727,0.015150552,0.013210283,0.014858001,0.009358044,0.011659621,0.011786045,0.011456304,0.014327021,-1.2416033e-05,0.00902046,0.009027951,0.009839185,0.016506458,0.009106618,-8.7152375e-06,0.01328573,0.010657227,0.025922157,0.0007359138
0.008843416,0.008569904,0.011193194,0.0037296829,0.01176632,0.0066609746,0.009078631,0.011870306,0.010048298,0.009897105,0.010432667,0.0047238525,0.0012272084,0.010966242,0.011638882,0.011054912,0.010130113,0.010341476,0.006956927,0.01180677,0.0119443685,0.0012099671,0.009372589,0.009903449,0.0047085593,-5.651249e-06,0.009664626,0.0040748883,0.009444142,-4.6864443e-06,0.012779787,-4.745097e-06,0.012043993,0.01233212,0.004159096,0.01124541,0.009331808,0.010777639,0.0,0.004939867,-3.219056e-06,-1.0068984e-05,-5.032022e-06,0.011527888,0.0031467755,0.0057405657,0.011885104,0.011081095,-7.016726e-06,0.010224781,0.0007167207,0.011085625,0.0072888043,0.011920926,0.011440968,0.010879929,0.011925501,0.0072956868,0.010433519,0.00028758415,0.009130095,0.0055243284,0.010248626,0.009331368,0.007648648,0.011257155,0.010585266,0.0072138966,-8.563632e-06,0.006494013,0.010763371,0.011325472,0.011940191,0.0027972516,0.0035859628,0.006896344,0.012221384,0.011469176,0.010941155,0.010279579,0.010227981,0.0017312187,0.0102785155,0.0096761575,0.011378027,0.008224528,0.011086481,0.0018427457,0.011582718,0.012461507,-6.5571785e-06,0.010949281,0.009147575,0.010513656,0.005441067,0.0075453846,0.0071481634,0.006964894,0.009709323,-6.3014754e-06,0.004706399,0.0044788374,0.0058522853,0.011910561,0.0043659634,-6.7106976e-06,0.009547599,0.0064710686,0.017327702,-6.754331e-06
0.00432447,0.0039724503,0.007473982,-3.6033557e-06,0.008061894,0.0023019367,0.004865194,0.008578266,0.005838202,0.005572522,0.006648988,-2.4540157e-06,-6.359054e-06,0.007203384,0.008465849,0.0071865334,0.0062720194,0.006329329,0.0023496118,0.009580842,0.009253571,1.1524617e-06,0.0051033366,0.0058810697,-1.5397912e-06,-7.874296e-06,0.005382094,-1.7605647e-06,0.0051219133,-7.324429e-06,0.010441487,-1.6611418e-06,0.009881495,0.009234994,-6.549203e-06,0.0075969696,0.0052931793,0.009042723,0.0062833945,0.0,-5.0249846e-06,-1.2974734e-05,-3.1983468e-06,0.008164002,1.9506847e-06,0.00044295363,0.009098256,0.007335043,-1.1145683e-05,0.0065134782,-7.253617e-06,0.0072515355,0.0028097508,0.008976947,0.008725674,0.007065221,0.009872307,0.003393105,0.006360303,-5.1918886e-07,0.004864436,8.705148e-05,0.0063322373,0.005043151,0.0031884136,0.008186959,0.006766882,0.0034098118,-9.303266e-06,0.001588987,0.009225027,0.00880673,0.008650482,-7.029253e-06,-6.2055136e-07,0.0026466916,0.008836645,0.008766875,0.009456572,0.0064680013,0.0060916157,3.9802003e-07,0.0064209867,0.0054772305,0.008526302,0.0036305918,0.007592835,-6.007432e-06,0.008876469,0.009724387,-7.6591256e-08,0.0070609427,0.006336992,0.006467017,0.0008963631,0.0031898415,0.0018330177,0.0018211622,0.00552924,-4.8755956e-06,2.1873764e-06,5.726595e-07,0.0016110298,0.008405802,-4.991686e-07,-4.5068073e-06,0.0057339906,0.003082852,0.018445877,-8.571041e-06
-2.863807e-06,-6.130597e-06,0.004000658,-7.1926106e-06,0.0051311334,-1.5193607e-05,3.5931002e-06,0.006332444,0.00038677745,1.0676268e-05,0.0025596975,-1.3803657e-05,-4.6875016e-06,0.0027599137,0.0061125075,0.00312367,0.00065760297,0.0010890287,2.2908903e-06,0.009802951,0.008796414,-4.9270293e-06,3.4093107e-06,0.00017350509,-1.5570844e-05,-1.8629416e-05,-9.206408e-07,-8.043973e-06,-4.708072e-06,-1.5675494e-06,0.01094034,-6.343875e-06,0.010217216,0.007697852,-5.5224587e-06,0.003591549,1.4095709e-05,0.009584192,0.0015127168,-1.5868973e-05,0.0,-1.687212e-05,-1.6045502e-05,0.0055443104,-7.962063e-06,-1.9569976e-05,0.007534344,0.002941154,-9.60666e-06,0.0019106319,-5.988243e-06,0.0032710116,7.6294754e-07,0.0072167604,0.007186894,0.003067711,0.011137326,9.1666163e-07,0.0011832892,-1.1160919e-05,-6.3675375e-06,-3.833015e-06,0.00032004272,4.4770595e-06,3.1222962e-07,0.0065277945,0.0018511148,-1.0341691e-06,-1.453201e-05,-4.5466318e-06,0.0099522,0.008186666,0.0067580095,-2.4921384e-05,-1.6260037e-05,-7.669606e-06,0.0066560814,0.0078074634,0.0122042,0.0005971788,1.5420634e-05,-6.9758e-06,0.0006979168,5.4547813e-06,0.006550217,-3.4864654e-06,0.0030211494,-2.241724e-05,0.008521928,0.008967527,-2.4854862e-05,0.002547398,5.0759745e-06,0.0014461079,-1.5120481e-05,-9.798278e-06,3.0438987e-06,-1.5972346e-05,4.2426686e-06,-1.2782018e-06,-1.3418306e-05,-1.0624922e-06,4.0924483e-06,0.005769166,-2.0303247e-05,-6.14595e-06,1.48875e-05,9.31244e-06,0.02855857,-2.6159964e-06
-1.6624881e-05,-1.2622409e-05,7.99774e-05,2.5709352e-09,0.0017993296,-1.34481925e-05,-6.4567666e-06,0.00395877,-1.061109e-05,-1.7418946e-05,-1.3044247e-05,-4.609247e-06,-1.0500882e-05,-1.12640455e-05,0.0039807516,-5.751222e-06,2.8738784e-06,9.946958e-07,-1.3660699e-05,0.010696675,0.00869258,-1.2432855e-05,7.687362e-07,-2.292984e-06,5.739589e-06,9.6740705e-06,-1.5838594e-05,8.846554e-07,-4.0200052e-06,2.9145697e-06,0.011207088,-1.3264695e-05,0.011107786,0.0062066573,-1.533201e-05,-1.392665e-05,5.1637858e-06,0.010791298,-9.276846e-06,7.767669e-06,-1.0200443e-05,0.0,7.131398e-06,0.0030912703,-1.1007291e-05,-6.198285e-06,0.0061712083,-1.2342117e-05,-2.826533e-06,2.2198565e-06,9.5941805e-06,-1.1628254e-05,-1.6484006e-05,0.0057436586,0.005961544,-8.099672e-06,0.012683529,3.920112e-06,-1.7071956e-05,-1.729974e-05,-1.270056e-05,-1.4067582e-05,-1.6883905e-05,-1.1759215e-05,3.07215e-06,0.005126791,6.367874e-06,3.7790583e-06,-8.799392e-06,-1.7067969e-05,0.011648335,0.008020632,0.0042776642,-1.0003163e-05,-2.4531284e-06,-7.887532e-06,0.004202345,0.007163481,0.016113281,1.4477655e-06,-2.4479095e-06,-1.6308335e-05,-1.6528908e-05,-5.3334707e-06,0.0043709707,-1.0241873e-05,-9.424537e-06,-1.3130282e-06,0.008737681,0.0081561245,4.9732616e-06,-1.1324202e-05,3.5300086e-06,-8.473809e-06,-1.17101784e-07,-1.597618e-05,-1.0332038e-06,-1.5882702e-05,-7.685561e-06,3.5357336e-06,-8.573634e-06,-7.0243786e-06,-8.113277e-06,0.0027534154,-7.672338e-06,-1.2774065e-05,-5.2153177e-06,-9.96752e-06,0.035230283,9.272754e-06
3.705528e-05,1.5440572e-05,4.4744116e-05,2.3017838e-05,6.503964e-05,3.9372367e-06,3.4103305e-05,7.673119e-05,4.355009e-05,1.7752212e-05,3.9514507e-05,2.6474083e-05,-8.137392e-06,5.7526053e-05,5.5657376e-05,4.3784454e-05,4.1780797e-05,2.1018226e-05,3.2678672e-06,0.011225971,0.007829419,2.4870014e-06,2.86322e-05,3.52737e-05,1.6165728e-05,5.3965323e-06,2.9595922e-05,-6.382306e-06,2.5271138e-05,-1.1539866e-05,0.012333449,1.9751827e-05,0.011678491,0.0022247538,-5.245527e-06,6.141554e-05,1.8064979e-05,0.011424976,5.7483536e-05,1.3948078e-05,1.508078e-05,-5.3372282e-06,0.0,6.6508386e-05,2.4351504e-05,-5.337707e-06,0.0025559193,3.8018723e-05,-1.1966313e-05,5.2182673e-05,2.593808e-05,4.174748e-05,1.7560027e-05,0.0017446611,0.0018698595,4.4078985e-05,0.015075947,2.8419396e-05,4.8365247e-05,2.1606502e-05,3.799453e-05,5.9885683e-06,1.4442879e-05,1.6619451e-05,5.894632e-06,0.000997949,3.781809e-05,2.671504e-05,1.8910874e-05,-5.01715e-07,0.012940764,0.005971991,9.848549e-05,1.3635169e-05,1.5528354e-06,5.18974e-06,8.189798e-05,0.0045807343,0.021649737,3.8665105e-05,4.6282552e-05,1.9017329e-05,3.0215542e-05,1.689205e-05,7.03202e-05,-1.1480398e-06,3.767676e-05,-7.629792e-07,0.007388444,0.0067060874,-1.4748572e-07,5.7947593e-05,3.1259224e-05,5.291701e-05,1.9235138e-05,1.9632347e-05,6.2849886e-06,-4.2535307e-06,3.441431e-05,2.0043837e-05,1.3322233e-05,1.348209e-05,2.71492e-05,5.1234547e-05,2.4637493e-05,1.3579378e-05,2.091723e-05,1.2275068e-05,0.047779836,-9.175971e-06
0.010204004,0.009877381,0.012902997,0.0051338314,0.013320761,0.00785379,0.010316984,0.013917847,0.011593437,0.011385183,0.012373707,0.006135105,0.0030694657,0.012226801,0.014299844,0.012749197,0.0120140975,0.012139444,0.008100838,0.014925832,0.014676162,0.0029544334,0.010452195,0.011295033,0.0063547804,0.00054871535,0.01102031,0.005832672,0.010835512,-1.1046934e-05,0.014950714,-1.2350293e-05,0.0152240265,0.014268861,0.005817254,0.012476371,0.010221466,0.0148972655,0.011984127,0.0062405705,-1.5136094e-05,-1.4155908e-05,-1.1067096e-05,0.0,0.004699922,0.006977117,0.014089829,0.012253329,-1.5516029e-05,0.012700638,0.0025562309,0.01273898,0.0084556015,0.014540885,0.014366399,0.012754306,0.01535484,0.008541946,0.011962664,0.0024159001,0.010227664,0.0067280056,0.01132292,0.010352794,0.008832189,0.014186088,0.012345999,0.008260445,-1.0723869e-05,0.0077867615,0.01500542,0.014837813,0.013558728,0.0043257913,0.005192767,0.00821752,0.013833717,0.014656028,0.01568716,0.011361363,0.011173399,0.003458613,0.011437752,0.0111295665,0.013999231,0.009503694,0.012293953,0.0038863432,0.0150153795,0.0146132605,-6.569039e-06,0.0123896785,0.010291693,0.011821187,0.006559509,0.008791111,0.008821097,0.008446166,0.011361661,-1.2910377e-05,0.0061790193,0.006011317,0.0071200016,0.013257764,0.005897228,-1.1487953e-05,0.010418011,0.007837965,0.020217389,-9.651242e-06
0.003100987,0.0024743925,0.0070876568,-7.1381455e-06,0.007732515,0.0010388304,0.0035456442,0.008297449,0.004836638,0.004629252,0.006030212,-6.5426125e-06,9.105674e-07,0.0066653853,0.008881393,0.006618945,0.0051725227,0.0053563584,0.00043238947,0.010942471,0.0100733815,1.5324817e-07,0.004110172,0.004917189,-5.9669733e-06,-9.113203e-06,0.003866236,-1.5143723e-06,0.00386039,-2.3395641e-07,0.010788756,-2.2951073e-07,0.011240865,0.0093310885,-3.8859234e-06,0.0071295854,0.0044775205,0.011167634,0.005486319,3.646113e-06,-9.452376e-06,-4.287882e-06,-7.288159e-06,0.008067416,0.0,-4.682093e-06,0.009183981,0.0067401202,-1.1622321e-05,0.0060246177,-2.9659568e-06,0.006582217,0.0008973578,0.008952122,0.0095761465,0.0065357885,0.010949671,0.0023247863,0.005347391,-4.798443e-06,0.0033764811,2.5789839e-06,0.0053007575,0.003861112,0.0013459795,0.009003461,0.00584173,0.002533644,-1.2500072e-05,5.943517e-06,0.011218984,0.009590744,0.008460774,-4.9112396e-06,-2.9999853e-06,0.0016301502,0.008617806,0.009014486,0.012691886,0.0053422553,0.0050314213,-4.3421055e-06,0.005697379,0.0042043775,0.009090006,0.0022067928,0.006881603,-1.4497056e-06,0.009313024,0.0096932845,8.778991e-07,0.0061037536,0.0063886917,0.0057043666,-5.6268e-06,0.0019761124,-2.907367e-06,2.507002e-06,0.004338632,-4.360273e-06,-6.527185e-06,-3.2288378e-06,3.251956e-05,0.007960867,-6.7562255e-06,-7.043993e-06,0.0050827367,0.0028608656,0.022473697,-1.286235e-07
0.005113661,0.0048680212,0.007877555,-6.7654473e-06,0.008424848,0.0027364031,0.0056592245,0.008630117,0.00645651,0.0063192495,0.0070945006,0.0006129063,-5.9251192e-06,0.0076064155,0.008295856,0.0077610947,0.006733431,0.006758473,0.003019524,0.009097506,0.00893268,-5.6870294e-06,0.005795663,0.0065256986,0.0004069317,-1.0751937e-05,0.0059417295,9.634294e-05,0.0059533925,-1.315243e-05,0.010151099,-7.4637073e-06,0.009340678,0.009297176,1.9969553e-05,0.007863192,0.0058072223,0.007652167,0.0069186385,0.00067065354,-1.01411e-05,-1.1329247e-05,-3.594471e-06,0.008188267,-1.051475e-05,0.0,0.008961809,0.0077454117,-4.079268e-06,0.0066979122,-9.483933e-06,0.00764834,0.0037820444,0.008747698,0.008429609,0.0075908634,0.009242467,0.0038513727,0.0069409464,-7.3671026e-06,0.0056595826,0.0014674932,0.0069839642,0.00569214,0.0038469029,0.008037844,0.0070805755,0.0035156023,-1.24919225e-05,0.0025233335,0.007778685,0.008371947,0.008957714,-8.597849e-06,-9.786603e-06,0.0030742546,0.008924754,0.008337007,0.008450504,0.0068570045,0.006554697,-1.0052851e-05,0.0067946226,0.006232476,0.008404748,0.0045117876,0.007901373,-6.7364927e-06,0.008441727,0.009508428,-7.719686e-06,0.007586474,0.0058815177,0.0069890544,0.0013705716,0.003847009,0.0032090389,0.0030722152,0.0060715782,-1.4576515e-05,0.00033654418,0.000557387,0.0020179064,0.008810483,0.00031376292,-1.4197651e-05,0.0059435572,0.0025076352,0.016891962,-7.2982602e-06
0.011584534,0.010958127,0.013997704,0.006298708,0.014699673,0.00933475,0.011573544,0.014917083,0.012864583,0.0126817385,0.013442436,0.0075785676,0.0042446954,0.013490622,0.014964027,0.013840343,0.01296791,0.013224264,0.009654851,0.016789349,0.016300496,0.00449274,0.011889125,0.012515361,0.007814767,0.0022742106,0.0127114095,0.007389133,0.012100795,-3.8151197e-06,0.016913192,-7.485491e-06,0.016955024,0.015833074,0.0070714094,0.013816348,0.011860523,0.015825476,0.01304994,0.007773294,-6.076318e-06,-8.927979e-06,-9.087262e-06,0.014800018,0.006335121,0.008371038,0.0,0.013652865,-7.791942e-06,0.013504192,0.0041421656,0.013844695,0.00973564,0.015333456,0.015326199,0.013885536,0.016568162,0.010007231,0.013319688,0.0037628973,0.011833464,0.007960898,0.012772652,0.0118073765,0.01028166,0.015032264,0.0133516155,0.00996084,-5.874184e-06,0.009249417,0.015666809,0.015701404,0.014856612,0.0053303773,0.0068211006,0.00960834,0.0149241015,0.015039044,0.016418668,0.012523715,0.012569118,0.0048700804,0.012825519,0.012304937,0.0148936715,0.010653461,0.013498872,0.0054539456,0.015491011,0.0156205995,-5.6845984e-06,0.013497045,0.012500829,0.013333898,0.008096532,0.010077667,0.009916187,0.009735998,0.012774894,-7.1451086e-06,0.007458176,0.0077305255,0.008668323,0.014788579,0.007157027,-8.793865e-06,0.0120208,0.009686717,0.02195782,-5.2603577e-06
0.009456902,0.009165766,0.011609448,0.004399722,0.012277189,0.00761159,0.009671102,0.012427862,0.01033792,0.0102723865,0.010581286,0.0053611547,0.0013160545,0.0116435485,0.011644882,0.011377279,0.0102507295,0.010338244,0.007577704,0.011996008,0.012259302,0.0022956666,0.009969136,0.010332455,0.00520416,-1.2343642e-05,0.010040853,0.0053886687,0.009972107,-1.2354466e-05,0.013175329,-9.532637e-06,0.012230115,0.012452363,0.004627387,0.011865684,0.010078852,0.010693285,0.01049773,0.0056287986,-1.3147361e-05,-1.3242346e-05,-1.3248175e-05,0.011536456,0.0042255917,0.006043287,0.012171375,0.0,-1.50278665e-05,0.010491102,0.0016998722,0.011186778,0.007860734,0.012203076,0.011408026,0.011116031,0.012267441,0.008286515,0.01053066,0.0015489655,0.009527749,0.005915725,0.010451393,0.009972311,0.0083371755,0.011046385,0.01056663,0.008356798,-1.6221975e-05,0.0073030707,0.010745188,0.01141494,0.012653096,0.0034022531,0.004257686,0.007907397,0.012492057,0.011868496,0.010979103,0.010936763,0.010849044,0.0025874032,0.011083427,0.009971017,0.0113890935,0.008851986,0.011794735,0.0027890578,0.011883725,0.013054109,-1.200807e-05,0.011119269,0.010419542,0.010684622,0.0062418166,0.008394852,0.0074161883,0.0072962306,0.009822728,-1.4845581e-05,0.0053271404,0.0054656267,0.0068157474,0.012422141,0.004767282,-1.06400275e-05,0.010498362,0.007974307,0.017921709,-1.4187897e-05
9.930325e-06,1.4740516e-05,3.0587627e-05,1.5345096e-05,3.6350244e-05,1.0568991e-05,-5.0422557e-07,6.448943e-05,2.4108731e-05,1.3773655e-05,3.9046325e-05,-2.568825e-06,-1.5482035e-05,2.6355676e-05,6.180308e-05,4.409102e-05,2.9784977e-05,3.7580478e-05,4.682042e-06,0.0106792385,0.007199886,-1.8366018e-05,1.1145839e-05,2.1145173e-05,7.0206414e-07,-1.6144137e-05,3.1009997e-05,5.8910314e-06,5.5841365e-06,-5.05922e-06,0.011777911,8.120282e-06,0.0112042725,0.0016561917,7.451724e-06,4.72661e-05,1.6650634e-05,0.010837703,1.5979098e-05,6.3221605e-06,1.7605995e-05,1.7097722e-05,2.8063123e-06,3.936681e-05,2.6524378e-07,-1.1964554e-05,0.0019593195,1.8981984e-05,0.0,2.142693e-05,1.00609695e-05,3.8268416e-05,4.1655946e-07,0.001059156,0.0013038593,4.5631783e-05,0.014545746,-9.321627e-06,1.4592758e-05,5.3443327e-06,2.4464047e-05,-1.1636279e-05,4.568471e-06,1.5102604e-05,4.201144e-06,0.00034000192,1.795391e-05,3.4719826e-06,1.6726064e-05,6.7214596e-06,0.012452934,0.0054502366,6.550369e-05,-8.355925e-06,3.5000066e-06,9.538483e-06,5.3962034e-05,0.003977809,0.020760436,2.2429358e-05,6.0126204e-06,-4.948517e-06,3.1804248e-05,1.7672253e-05,5.495891e-05,2.3591315e-06,4.3631237e-05,-3.212546e-07,0.006785094,0.0061873714,-6.6006405e-06,4.767419e-05,2.3831106e-05,3.2848555e-05,1.4047902e-05,1.3920875e-05,2.0169489e-06,-3.243929e-07,1.4830161e-06,6.488513e-06,1.29824575e-05,-1.0672642e-05,-4.1724356e-06,6.7218236e-05,-1.235575e-05,-1.1037871e-05,1.0433728e-05,1.5608277e-05,0.04815583,2.1332971e-06
0.008374073,0.008279013,0.011011513,0.003563854,0.011349953,0.0061251423,0.008888129,0.011826211,0.009913335,0.009742325,0.010391943,0.0043219295,0.0018391012,0.010354788,0.012195781,0.010927985,0.01024245,0.010249892,0.006213319,0.012633962,0.01249025,0.001285629,0.0086437855,0.009622246,0.0043770676,-6.6008092e-06,0.009153757,0.0033318892,0.00918907,-5.429552e-06,0.012425897,-7.148252e-06,0.012846951,0.01222398,0.0041297604,0.010522675,0.008321416,0.012527282,0.010181905,0.004371161,-5.0574654e-06,-4.48258e-06,-2.8934476e-06,0.011885024,0.002848685,0.0054103318,0.011929672,0.01060131,-7.953089e-06,0.0,0.0006926241,0.010804607,0.0071443995,0.012348421,0.012129403,0.010798006,0.0128558595,0.006721201,0.010320793,0.00043907564,0.008380102,0.005306858,0.009766402,0.008626981,0.007073653,0.011885863,0.010544584,0.006420853,-5.5124056e-06,0.0060703093,0.01254253,0.012476348,0.011619017,0.002751754,0.0034793373,0.006423245,0.011895375,0.012289766,0.012890206,0.00974992,0.009532369,0.0017723404,0.009651415,0.009529044,0.011988621,0.007939717,0.010617598,0.001776716,0.012563101,0.012505697,-6.547599e-06,0.010686242,0.0077723567,0.0100284275,0.004834575,0.0069996594,0.0070165345,0.0068022828,0.009541881,-5.6360905e-06,0.0044061905,0.0041012648,0.005418292,0.011356495,0.003946757,-4.2927486e-06,0.008696312,0.0058844713,0.017249959,-5.7221546e-06
0.0009396385,3.7816335e-05,0.005947783,-4.3957675e-06,0.0067445054,2.9732228e-06,0.0015633298,0.007818505,0.0032673923,0.0030173587,0.0048350864,8.1044234e-08,-6.757803e-06,0.005290828,0.0077830004,0.0054327026,0.0037321863,0.0038224016,1.5293725e-05,0.010276316,0.009375252,8.434779e-06,0.0022283336,0.0032330262,-2.1027188e-06,9.65019e-07,0.0024592043,4.7235617e-06,0.001988466,9.685862e-06,0.010742182,-4.2253225e-07,0.010580424,0.008809337,6.7299965e-07,0.0057230173,0.0024861197,0.010287985,0.0040498883,3.7142453e-07,4.650096e-06,-4.4203507e-06,-7.6846527e-07,0.0073379916,6.930829e-06,4.857816e-06,0.008638748,0.00543215,1.0818658e-05,0.004636853,0.0,0.0054887803,1.3460936e-05,0.008515489,0.008682099,0.0052849143,0.011134805,1.776688e-05,0.0038815313,9.033205e-07,0.0015640355,1.2229555e-05,0.0036441758,0.0018101883,4.2547003e-06,0.007971914,0.004529204,1.798742e-05,3.7817292e-06,2.3530483e-06,0.011008918,0.009148348,0.0077958377,9.055105e-06,5.797731e-06,5.0889353e-06,0.008012752,0.008789769,0.012725367,0.0036023648,0.0032139784,7.71657e-06,0.0039000418,0.0023892343,0.008029579,1.4630401e-05,0.00550617,-1.9885434e-07,0.009437066,0.009654633,3.437475e-07,0.0049671964,0.0045828237,0.0043244846,7.83188e-06,1.5205024e-05,3.5369937e-06,3.0016713e-06,0.00260406,5.9330137e-06,3.360474e-06,1.2714436e-05,7.5042412e-06,0.0070678624,6.832967e-06,8.3157516e-07,0.0030961798,1.2545549e-05,0.025303585,-7.837879e-06
0.009415494,0.009055598,0.011758907,0.0043991567,0.012359638,0.007252689,0.009677287,0.012469437,0.0105973715,0.010536494,0.011163581,0.005379959,0.0019607719,0.011392409,0.012217308,0.011667334,0.010729351,0.010943459,0.0075663854,0.012658377,0.012698665,0.0021242078,0.009954713,0.01059135,0.0053023947,-4.6691666e-06,0.010163843,0.004858053,0.01010113,-6.4455244e-06,0.0135056935,-1.4112761e-06,0.012940751,0.0128283305,0.005008056,0.011788651,0.009803156,0.011588762,0.010907188,0.005433568,-6.7342658e-06,-7.1525806e-06,-8.683629e-06,0.012054081,0.00386389,0.006223466,0.0125584705,0.011614988,-6.3626867e-06,0.010983476,0.0015525797,0.0,0.007843067,0.012413546,0.012177573,0.011539097,0.01271,0.008023511,0.010954809,0.0012593574,0.00956386,0.006220007,0.010781658,0.009843593,0.00809976,0.011867587,0.011158522,0.007858458,-3.1419224e-06,0.0070824213,0.011719222,0.01205668,0.01258263,0.0033402205,0.004330272,0.0075356257,0.012684515,0.012223042,0.011709434,0.010859727,0.010706945,0.0025430245,0.0108852,0.0102572255,0.012148127,0.008710745,0.011661748,0.0027569397,0.01226132,0.013110037,-1.264608e-06,0.01143416,0.009819155,0.010939069,0.006009072,0.008126426,0.007894094,0.0075925803,0.010291349,-2.844663e-06,0.005349844,0.005271905,0.0065412065,0.012372351,0.005125874,-5.9840672e-06,0.010028925,0.0070068,0.0176775,-1.8403522e-06
0.0062736296,0.0061124726,0.008403827,0.00084859144,0.009024478,0.00411991,0.006728931,0.0093310885,0.0073427665,0.0072053843,0.0077538267,0.0019992222,-5.0607687e-06,0.00838477,0.008771449,0.0083535565,0.0074901273,0.007601195,0.004189978,0.009103932,0.0091301575,-3.8185462e-06,0.0067356233,0.007518542,0.0017302698,-6.912704e-06,0.0066567413,0.0012868326,0.006933555,-7.24812e-06,0.010329921,-1.0217592e-05,0.009319056,0.009573922,0.0014356681,0.008639529,0.0067202738,0.0077343876,0.00763691,0.0020524508,-8.534975e-06,-8.268275e-06,-3.6095462e-06,0.008609052,0.0004648399,0.002944508,0.009281567,0.008515142,-1.02825215e-05,0.0074778004,-6.842225e-06,0.008396592,0.0,0.009097438,0.008765216,0.008148562,0.009328304,0.004863562,0.0077173067,-2.9074292e-06,0.006556524,0.0027870599,0.007696116,0.006673231,0.0050330097,0.008265505,0.007854328,0.0047335923,-5.793201e-06,0.0038385189,0.007788144,0.008425372,0.009495874,3.4578192e-05,0.00068424793,0.0043525216,0.009610743,0.008624692,0.008424551,0.00775165,0.007472003,-2.9524583e-06,0.007724124,0.007188507,0.008661054,0.005789777,0.008638725,-6.0143498e-06,0.008620923,0.009959284,-2.257794e-06,0.0082127685,0.0063280617,0.0077701258,0.0026934375,0.0050106007,0.0043653916,0.004231296,0.0070414445,-7.818225e-06,0.0018155101,0.0016530117,0.0032890728,0.009216452,0.0017218688,-8.442834e-06,0.0070490534,0.0036325941,0.016006263,-9.203077e-06
0.010671865,0.010558248,0.014091639,0.0058334353,0.01460894,0.008469189,0.01142584,0.015108633,0.0124269705,0.012305461,0.013154731,0.007162714,0.0036568744,0.013218591,0.015119954,0.013587761,0.012695605,0.012834285,0.009022456,0.015883515,0.01572632,0.004340471,0.010931496,0.012077133,0.006891673,0.0018885277,0.011848261,0.006875065,0.011712717,-1.0035093e-05,0.015870621,-1.0823941e-05,0.016131239,0.015185132,0.006343558,0.0134816505,0.0107170185,0.015558707,0.012661946,0.0069238264,-1.1132654e-05,-1.20279165e-05,-1.3209721e-05,0.014967569,0.0054829526,0.007949123,0.015010026,0.013291256,-1.0160031e-05,0.013389803,0.0034275332,0.013529889,0.009442049,0.0,0.015156489,0.0135876965,0.016808525,0.009524442,0.012763465,0.0031390418,0.01097507,0.0072231805,0.012265464,0.010903338,0.009372294,0.015103399,0.012985406,0.009116555,-1.3185482e-05,0.0084244255,0.015867118,0.015575903,0.014686715,0.005329288,0.006245815,0.00892164,0.014986026,0.016213985,0.016565869,0.012336938,0.011825646,0.004034533,0.012373989,0.012036635,0.014780034,0.010542318,0.013430794,0.005171741,0.016750382,0.015847001,-4.607671e-06,0.013243549,0.01147151,0.012583789,0.007246155,0.009414575,0.009615596,0.009191259,0.012030855,-1.26892555e-05,0.0068284455,0.007258643,0.007687127,0.0142916,0.0064443597,-1.0372877e-05,0.011181346,0.009132106,0.022944575,-1.25924735e-05
0.010589972,0.010656446,0.013880321,0.0056893327,0.014240302,0.008190851,0.011069361,0.01496216,0.012499208,0.012255758,0.013489519,0.006603686,0.0036359788,0.013039824,0.015504399,0.013661641,0.013056082,0.013344078,0.008799846,0.016682137,0.016126262,0.0035583256,0.010785981,0.011964936,0.006800683,0.001931998,0.011872654,0.006690181,0.01167037,-5.210573e-06,0.016282089,-3.868815e-06,0.016754923,0.0154572,0.0062203757,0.013329718,0.010548444,0.017159406,0.012822912,0.006665593,-9.030653e-06,-9.277162e-06,-9.3349845e-06,0.015356041,0.0052444707,0.00790263,0.015498002,0.012573283,-9.506181e-06,0.013779539,0.0035973256,0.013787294,0.009258812,0.015733281,0.0,0.013718958,0.01700112,0.009209209,0.013091094,0.00292535,0.010974391,0.007213272,0.012277486,0.010784854,0.009200714,0.015767394,0.013384607,0.009203889,-8.620357e-06,0.008299291,0.017218359,0.016396651,0.014502711,0.005121344,0.006226329,0.008991898,0.014810167,0.015918005,0.018353118,0.012000605,0.011548559,0.003826257,0.01209413,0.011941359,0.015416776,0.010239313,0.013065215,0.0050053177,0.016505891,0.01569538,-6.24444e-06,0.013265347,0.011336218,0.012816125,0.0069746445,0.009163486,0.009642842,0.009346794,0.0122540025,-3.3811552e-06,0.006639233,0.0069493074,0.0073632323,0.0142487325,0.0065447963,-4.5959528e-06,0.0112855565,0.008765997,0.02230638,-3.9053934e-06
0.009232238,0.008943073,0.011555436,0.0042312015,0.012148473,0.0070628216,0.009535336,0.012374719,0.0103854295,0.010294507,0.010935446,0.0052536093,0.0018794164,0.011228951,0.012216299,0.011493014,0.01065665,0.01074569,0.007307451,0.012689043,0.012639974,0.0019691165,0.009734392,0.010294991,0.0051903846,-9.0211015e-06,0.010006245,0.0047639804,0.009876707,-1.1645786e-05,0.013191468,-1.1073722e-05,0.012835689,0.012842827,0.0047175465,0.011636913,0.009648684,0.011738787,0.010764811,0.0053200354,-1.0974083e-05,-1.0751896e-05,-1.0825133e-05,0.011966747,0.0036856728,0.0062178695,0.012416537,0.011446862,-1.1315196e-05,0.010899091,0.0013053053,0.011441327,0.0077036447,0.012381455,0.0121138,0.0,0.012690514,0.00777346,0.010981428,0.001045736,0.009497368,0.006006409,0.010544016,0.009667957,0.008077795,0.0117789125,0.011059912,0.0076099923,-9.687878e-06,0.007045712,0.011556495,0.012159663,0.012322901,0.0032725655,0.0043799295,0.0073364815,0.012543752,0.01198475,0.0116893435,0.01066551,0.010478257,0.002460989,0.010606735,0.010009397,0.011905917,0.008724201,0.011458061,0.002733768,0.01223514,0.012797202,-8.82371e-06,0.011286684,0.009632045,0.010949144,0.0057743425,0.007924714,0.0077544493,0.007449723,0.010130582,-1.1631657e-05,0.0052265394,0.0050941627,0.006271719,0.012251272,0.0050423536,-1.106717e-05,0.009742978,0.006976828,0.017370788,-8.571694e-06
0.014944996,0.014390985,0.017655987,0.009834032,0.018160231,0.012684586,0.014669654,0.018791802,0.016028931,0.016071854,0.01708422,0.0111821005,0.007911369,0.016963609,0.018888252,0.01722971,0.01617063,0.016389778,0.01286767,0.02044438,0.02012661,0.008314903,0.0151583655,0.015720064,0.011116597,0.006597052,0.015655264,0.010937701,0.015104587,0.002415551,0.02052697,0.0036142375,0.020620972,0.019164931,0.010481471,0.01735405,0.015072696,0.02026713,0.016548043,0.011109416,0.0040432364,0.00016779927,-8.1414655e-06,0.018681975,0.01004123,0.011617758,0.019160911,0.017012082,-3.979873e-06,0.016978309,0.007934009,0.017261017,0.012964342,0.019379606,0.01927764,0.017194139,0.0,0.013392823,0.016392667,0.007648145,0.0145766465,0.011401215,0.015696567,0.015079015,0.013311103,0.019216906,0.016700324,0.013226014,0.00097176834,0.01257216,0.02072771,0.019908154,0.018683327,0.009229312,0.010122408,0.013012571,0.018759333,0.019796617,0.022253472,0.015857909,0.015799463,0.008415854,0.01602791,0.015494218,0.018679133,0.013998684,0.016936766,0.009194917,0.020511262,0.019824935,0.004094003,0.016917638,0.015705327,0.016449453,0.011381013,0.013583144,0.013106705,0.012854376,0.015579499,-6.355692e-06,0.010929015,0.010999715,0.012015007,0.01814445,0.010766894,0.0016739878,0.015319914,0.013124609,0.030545166,0.0028712682
0.006005819,0.0055594197,0.008638567,6.1134466e-05,0.009295661,0.0045586834,0.0064533013,0.00966526,0.00730938,0.0069938074,0.008033382,0.0018170262,2.5558036e-06,0.008471638,0.009534342,0.008522522,0.007571765,0.007485956,0.004010159,0.010679654,0.010153656,-1.2115364e-06,0.006849102,0.0074419365,0.001206282,-2.956793e-07,0.0068236724,0.0022121547,0.006730204,3.0400338e-06,0.011182713,-1.4725368e-06,0.010822853,0.010427996,0.0005350926,0.0089180255,0.0072504887,0.010077411,0.0075942054,0.002006102,1.8499479e-06,-3.8421376e-06,-4.7421345e-06,0.009144426,0.0009298189,0.0024027387,0.010159957,0.008655636,-3.6619097e-06,0.0078415675,-3.252858e-07,0.008603791,0.0044024577,0.010022932,0.009915102,0.008298216,0.010805556,0.0,0.007601196,-1.580117e-06,0.0065698423,0.0018823413,0.007722168,0.006509735,0.004896023,0.009319217,0.007938339,0.0056776768,-5.0493936e-06,0.0038116777,0.010129535,0.009966921,0.009791152,-6.923534e-07,0.00022664797,0.004784334,0.009868043,0.009729927,0.010129364,0.0079384865,0.0075871204,1.2351433e-06,0.008056667,0.006763747,0.009735139,0.0052460018,0.008768851,-3.831834e-06,0.009888958,0.010710239,3.3490713e-07,0.008324757,0.00855457,0.007895839,0.0031115888,0.0051916735,0.0035391035,0.0036057262,0.0068392013,-1.6203471e-06,0.0014836657,0.002192243,0.0038392525,0.009609872,0.0009269555,-3.7970365e-06,0.00762667,0.005609346,0.017830947,-1.0802321e-06
0.008435745,0.008142588,0.010666118,0.0034014862,0.011154328,0.006271206,0.0087137725,0.0112746935,0.009570604,0.009533254,0.010084246,0.004468961,0.0014462774,0.010401414,0.01116688,0.010602019,0.009825921,0.009961873,0.0065370533,0.011398571,0.01147577,0.001262497,0.008825955,0.009644813,0.0044517186,-8.128863e-06,0.009213534,0.0038116719,0.009142574,-7.033524e-06,0.01214284,-5.8699584e-06,0.011552673,0.011731969,0.004087423,0.010607276,0.008810476,0.010309726,0.009886709,0.0044593597,-6.2422e-06,-1.0459302e-05,-4.359696e-06,0.010931213,0.0028646742,0.0055084433,0.011487992,0.010554304,-9.893336e-06,0.009895428,0.0005060708,0.010621063,0.0071078646,0.011356856,0.011141791,0.010481934,0.011437157,0.007043533,0.0,0.00020428009,0.008760109,0.005258558,0.009683452,0.008787484,0.007285225,0.010664685,0.010216724,0.006843741,-4.570759e-06,0.0061894166,0.010252591,0.010900575,0.011289432,0.0026677558,0.0035834182,0.0065555656,0.011484063,0.010951872,0.010274357,0.009843581,0.009624633,0.0017656978,0.009712951,0.00928865,0.011056634,0.007874931,0.01053405,0.0015761971,0.010878717,0.011687402,-5.48986e-06,0.010332094,0.008435339,0.010099768,0.005084661,0.0070481854,0.007045066,0.0067653954,0.009411241,-6.1479473e-06,0.004497005,0.004160783,0.00552946,0.011329785,0.0042929733,-7.5555513e-06,0.008860903,0.005800435,0.016404625,-8.982015e-06
0.0007003226,1.3145734e-05,0.0058021834,5.918225e-06,0.006821559,1.1254448e-06,0.0012611172,0.0075864373,0.0030536738,0.0026881907,0.0046980865,1.1021673e-05,1.0849858e-05,0.005235349,0.0078578,0.005312559,0.0035644318,0.003708794,2.7866695e-06,0.0107386345,0.009525316,2.5661375e-06,0.0018806402,0.0031147157,6.9527516e-07,1.3953922e-06,0.0017319886,1.3204827e-05,0.0016014625,-3.4990908e-06,0.011164505,3.185455e-06,0.0110970875,0.008883979,9.7441525e-06,0.0059159007,0.0023379475,0.011288641,0.0038373051,4.9305927e-06,8.974247e-06,9.591849e-06,-4.41825e-06,0.007239229,-3.9605593e-06,3.4690431e-06,0.008901376,0.00534499,1.0760415e-05,0.004447947,-8.608579e-07,0.005250694,4.642953e-06,0.008509748,0.008642788,0.0052761817,0.011424223,1.0607383e-05,0.0036572511,0.0,0.0010529184,5.1397546e-06,0.0032877068,0.0015512627,4.2244898e-07,0.008055132,0.0043532755,2.6770156e-06,6.9934063e-06,1.2780225e-05,0.01148526,0.0094809355,0.0078540305,-3.089155e-06,-6.458631e-06,2.3127607e-06,0.007881766,0.008787896,0.013500914,0.0035759765,0.0031965321,8.9008876e-07,0.004040298,0.0019847064,0.0081663225,7.93872e-06,0.005473299,-6.159695e-06,0.009298372,0.00950044,-3.732232e-06,0.004670763,0.004390912,0.0040403344,-1.4271866e-06,1.0991134e-05,1.4511502e-07,6.1958335e-06,0.0021695727,5.5286796e-06,4.293272e-06,-2.749657e-06,6.3448174e-06,0.0070578232,7.9220645e-06,-5.3254753e-06,0.0028806105,5.9689564e-06,0.025695533,-3.279932e-06
0.007459384,0.0070340685,0.009542144,0.0017787961,0.010225424,0.005351896,0.0077398615,0.010315771,0.00848616,0.008174885,0.008798782,0.0032180229,-1.8824488e-06,0.0094973985,0.009773544,0.009382985,0.008528314,0.008473497,0.005769677,0.010190385,0.010186725,9.4596326e-05,0.007916788,0.008636883,0.0034299952,1.3516837e-06,0.008277764,0.0031832294,0.00792534,-1.4166965e-06,0.011318736,-1.8158943e-06,0.010342868,0.01072839,0.0025890586,0.009762272,0.008004434,0.008405439,0.008587741,0.003592853,3.2164743e-07,2.7309175e-06,9.1582547e-07,0.00962305,0.001840126,0.0042292583,0.010437778,0.009684972,7.032603e-08,0.008376175,2.2429717e-06,0.00946889,0.005823555,0.010190875,0.009680691,0.009346339,0.010151128,0.0063245133,0.008763342,3.8828503e-06,0.0,0.0037900985,0.008819595,0.0078688115,0.0062191435,0.009277738,0.00878763,0.0061177616,2.6366126e-06,0.0052194027,0.008511732,0.009457804,0.010494507,0.00085662736,0.0024061142,0.0056508174,0.01045927,0.009669826,0.008916637,0.008833636,0.008656464,0.00030230946,0.009016558,0.008103952,0.009772636,0.00652015,0.009583458,0.00045509334,0.009562702,0.010799853,-1.2677489e-06,0.009202276,0.00852168,0.008985473,0.004025425,0.006273511,0.005385298,0.0052863923,0.008173997,4.365398e-06,0.0032447674,0.0033458343,0.004862609,0.010393946,0.00273592,-2.5230322e-06,0.008352566,0.0056612277,0.016569577,-1.1790137e-07
0.0050540008,0.004808353,0.007615599,-7.540336e-06,0.008097599,0.0027094015,0.005546294,0.008447978,0.006342449,0.006335509,0.0069303196,0.00041963963,-1.6134371e-06,0.0073585985,0.008089091,0.0075716246,0.0065673706,0.0068185045,0.0028789777,0.008631336,0.008609302,-7.811945e-06,0.00550628,0.0064123934,0.00037478868,-3.861413e-06,0.0056738867,-7.02524e-06,0.0060039125,-7.005385e-06,0.009898697,-8.028177e-06,0.008887781,0.0089249965,0.00019332363,0.0076755737,0.0055638594,0.007334863,0.006830703,0.00054846593,-2.9509354e-06,-9.6695585e-06,-6.5381005e-06,0.007827732,5.79393e-07,0.0017579966,0.008638795,0.0076446505,-9.301794e-06,0.006706408,2.9567326e-07,0.0075606112,0.003835584,0.008375522,0.00809401,0.007419048,0.0088271005,0.00341689,0.0069083497,-5.275349e-06,0.0053537725,0.0,0.00672214,0.005563397,0.0036905536,0.00772787,0.007008077,0.0032248257,-5.0959716e-06,0.0025076554,0.007341671,0.007569214,0.008684553,-3.6157626e-06,-3.310648e-06,0.0028743774,0.008795945,0.008020792,0.008222898,0.0069154953,0.0064562922,3.2269418e-07,0.0066058417,0.006102447,0.008168321,0.004488526,0.0077505,-2.0813846e-07,0.00813712,0.009231686,8.52859e-07,0.0073088165,0.0048947716,0.0068988283,0.0012151805,0.0036965858,0.0033600417,0.0032025601,0.0060182335,-1.0703188e-06,0.00039193686,0.00014762694,0.0018046546,0.008501246,0.0006470783,1.4052997e-08,0.0056461487,0.0016721513,0.016399458,-6.3423317e-06
0.008314726,0.007952532,0.010300039,0.0032610951,0.010962511,0.006201888,0.008450975,0.011084396,0.009323207,0.009109154,0.009737278,0.004143813,0.000794302,0.0101548685,0.010401195,0.010278465,0.009418213,0.009457781,0.00636015,0.010585706,0.010935083,0.001018082,0.008652601,0.009202515,0.0042858506,-9.12017e-06,0.008840354,0.0038640655,0.008853263,-3.2692485e-06,0.011755943,-3.1943375e-06,0.010944825,0.011405168,0.003732766,0.010377433,0.008766381,0.009583495,0.009562825,0.0043630158,-8.467716e-06,-1.1749757e-05,-9.836092e-06,0.010405909,0.002814733,0.0052204933,0.011004159,0.010289618,-1.1253739e-05,0.009308921,0.00030667026,0.010244811,0.0068884506,0.010734154,0.010220399,0.01012187,0.0107627995,0.0069704326,0.009642435,7.8868805e-05,0.008418725,0.005015466,0.0,0.008659372,0.007076628,0.009900447,0.009712093,0.0067621907,-1.0654432e-05,0.0059566847,0.009513004,0.010052393,0.011148026,0.002371094,0.003296989,0.0064092656,0.0111335805,0.0102560995,0.009676321,0.009538268,0.009455765,0.0015662967,0.00956257,0.008862346,0.010331123,0.0076213293,0.010398698,0.0015595111,0.010257365,0.011440658,-7.4814056e-06,0.010141897,0.008549194,0.00967934,0.0050195013,0.0069904984,0.006457392,0.0064340546,0.009012382,-1.2836474e-05,0.004289059,0.00418684,0.005540309,0.011029315,0.0040688277,-7.526019e-06,0.008975878,0.0059419204,0.016423114,-7.5706976e-06
0.007663449,0.0074647106,0.00987226,0.002265577,0.010507246,0.0057828375,0.007933529,0.010501924,0.008604285,0.0085423635,0.009004652,0.0036100305,-9.347339e-06,0.009888091,0.009890166,0.00974926,0.008745026,0.008637891,0.005776465,0.010354303,0.010461244,0.00014368597,0.008322104,0.008812497,0.0032331408,-7.2837925e-06,0.008233551,0.0033587315,0.00815143,-7.2958915e-06,0.011583392,-6.579813e-06,0.0106611075,0.010931469,0.00273262,0.010304791,0.008449468,0.008812997,0.008942674,0.0037937367,-8.9558425e-06,-9.665662e-06,-3.0323708e-06,0.009719187,0.0023868862,0.0044482015,0.01057491,0.010028328,-9.078664e-06,0.008765879,-7.038022e-06,0.009519853,0.0061602877,0.010486274,0.009890384,0.009511252,0.010414566,0.0067096218,0.009028524,-2.6776568e-06,0.008042119,0.0040598135,0.008929011,0.0,0.0064864154,0.009437894,0.009024809,0.0065288804,-6.166505e-06,0.0054545323,0.00873179,0.009651996,0.010938855,0.0012119315,0.002412929,0.0062295077,0.010873986,0.009890391,0.009248289,0.009282281,0.009239771,0.00047442404,0.009354072,0.008299978,0.00992982,0.0070410827,0.01021239,0.00067850144,0.009934592,0.011125308,-6.33345e-06,0.009462904,0.008996383,0.009187504,0.004606714,0.0067751976,0.0055872104,0.005426706,0.0082934,-3.2906796e-06,0.0034342203,0.0036689949,0.0050607794,0.010604243,0.0029844888,-9.393227e-06,0.008834418,0.0061352625,0.017075764,-3.0741417e-06
0.00637021,0.006123112,0.00877756,0.000673811,0.009243329,0.004369312,0.0066633117,0.0094710365,0.007559535,0.00728318,0.008021863,0.0021679401,-3.778048e-07,0.00849399,0.009067407,0.008439579,0.0075326893,0.007561862,0.004483753,0.009638979,0.009614608,-1.5985482e-06,0.006853981,0.0076333396,0.00181826,-6.118616e-06,0.007124931,0.0019984697,0.0070035397,-1.3438842e-06,0.010747081,5.6661605e-07,0.009864629,0.010026575,0.0011856426,0.008920143,0.006974889,0.008096315,0.007702387,0.0025111493,9.916666e-07,-5.4874054e-06,-7.318418e-06,0.008752121,0.00075318717,0.0029885636,0.00966501,0.008790056,1.9179522e-06,0.007721853,-5.0574336e-06,0.00844608,0.004853341,0.0093928445,0.009197859,0.008461718,0.009799712,0.005306376,0.007922863,-2.4252827e-06,0.0068017794,0.002688919,0.007920067,0.0069201174,0.0,0.008610517,0.007938962,0.00516313,-4.1845847e-06,0.004055627,0.008126839,0.008862352,0.00964882,-3.995674e-06,0.0008894724,0.0047509214,0.0098084565,0.0089858435,0.008549498,0.008094058,0.0077396953,-5.53404e-07,0.00809588,0.0072415075,0.009011287,0.0057052085,0.009004618,-3.4543166e-06,0.0090380795,0.010238197,5.5819373e-07,0.0083111795,0.00773999,0.007923084,0.003105157,0.005335216,0.0042536366,0.0042044246,0.0071374015,1.2456169e-06,0.0019462731,0.0021161214,0.0037337234,0.0096269045,0.001481315,-2.852979e-06,0.0073594064,0.004739292,0.016581919,-9.671877e-07
0.010335462,0.010265495,0.013678802,0.0052938126,0.014140918,0.00848458,0.011071773,0.014869318,0.012324364,0.012070192,0.013300813,0.006848408,0.0036514322,0.01289826,0.01540982,0.013713556,0.012834136,0.013053258,0.008707499,0.016686969,0.016020123,0.003363115,0.010721006,0.0119888205,0.0065918113,0.0011088017,0.011717303,0.006359011,0.011326139,-3.7959678e-06,0.016035013,-7.3747974e-06,0.016820336,0.015334294,0.005962733,0.013264874,0.01084743,0.016974697,0.012651508,0.0063385237,-6.388443e-06,-7.128563e-06,-8.591228e-06,0.0152740255,0.0054620495,0.0075307656,0.015450517,0.012828966,-4.5818265e-06,0.013604178,0.0032133204,0.013608879,0.008983746,0.01556922,0.01569919,0.013523349,0.016949529,0.009140102,0.012806511,0.0029800243,0.010770421,0.0069731893,0.0120259635,0.010684456,0.009020461,0.0,0.013263349,0.009075136,-8.9722225e-06,0.008492093,0.017076561,0.016369388,0.014373277,0.004853236,0.0059322882,0.008881779,0.014854677,0.015918758,0.018340502,0.011805224,0.011786409,0.0034932208,0.012040267,0.011809725,0.015305923,0.0101857055,0.013035031,0.0045555397,0.016393162,0.01557913,-2.4852784e-06,0.013254333,0.011293533,0.012677506,0.006803942,0.009255828,0.009504554,0.009095251,0.012028907,-7.7181185e-06,0.0061948895,0.0067603416,0.00774202,0.01397584,0.0062037855,-8.402404e-06,0.011095585,0.008539917,0.022366783,-4.484801e-06
0.008639885,0.0082891965,0.010744635,0.0037026186,0.011202838,0.006278951,0.0087943785,0.011542161,0.009795485,0.009676503,0.010360969,0.004534313,0.0017683115,0.010476844,0.011470552,0.010817949,0.0099979965,0.010341857,0.006566206,0.011774853,0.011839193,0.0011350247,0.00894778,0.009735317,0.004602168,-4.9375863e-06,0.009296831,0.0039318865,0.009304604,-7.840537e-06,0.012312447,-8.981376e-06,0.012026573,0.011901634,0.004378161,0.010651256,0.008695743,0.01096358,0.010019011,0.0046488955,-5.365267e-06,-7.21657e-06,-8.428115e-06,0.011319228,0.0029364275,0.0054842955,0.011703578,0.010594818,-5.9457e-06,0.010278027,0.0005136147,0.01065635,0.007117518,0.01166536,0.011547681,0.010793909,0.011858667,0.0070084655,0.010194199,0.00043575076,0.008765577,0.005486604,0.009758313,0.008911432,0.007209486,0.011217236,0.0,0.0066715665,-6.8762943e-06,0.0061881044,0.010930962,0.0114827,0.011524731,0.002745702,0.0036384154,0.0065982123,0.011647656,0.011418336,0.010878407,0.009838873,0.009657546,0.0017456119,0.009698731,0.009421807,0.011349543,0.008053391,0.010662212,0.0017704318,0.011427897,0.011967547,-3.248163e-06,0.010619837,0.008339881,0.010090541,0.0050012493,0.0071939053,0.0071379244,0.0069809635,0.009574623,-4.8126385e-06,0.004553203,0.00439417,0.0055111405,0.011438738,0.0045540365,-6.0748143e-06,0.008879425,0.005747481,0.016642958,-7.94594e-06
0.0058357753,0.00552917,0.008714655,8.665002e-07,0.009285004,0.004595008,0.006405285,0.009715038,0.0072161127,0.006868713,0.00792429,0.001669256,-5.14948e-06,0.008707166,0.009644342,0.008483044,0.007501199,0.0074177333,0.003848534,0.0110416785,0.010469548,7.5614435e-07,0.0067611863,0.007376565,0.0008582747,-3.6493777e-06,0.0067069484,0.0023584983,0.0065922043,-4.390193e-06,0.011609745,-2.3648695e-06,0.011388308,0.01050195,9.97454e-05,0.009240036,0.007301351,0.010872507,0.007546778,0.0019421686,-2.0174781e-07,-5.3496365e-06,-9.2388865e-07,0.009453161,0.0012151459,0.0020971752,0.010323993,0.008745217,-4.5391353e-06,0.007907514,7.8113196e-08,0.008618412,0.004440317,0.0102174245,0.010223264,0.008366137,0.011212555,0.005520027,0.0076788072,-2.909111e-07,0.0062687392,0.0016773667,0.007646955,0.0064358595,0.00474617,0.009627792,0.007972321,0.0,-7.926383e-07,0.0036448608,0.010866148,0.010323004,0.010036825,4.8874165e-07,2.8693767e-06,0.0049878582,0.010066196,0.009827514,0.0116738975,0.007899105,0.0077250763,1.8679051e-06,0.00816417,0.0066727097,0.009955211,0.005194275,0.008857871,-2.1686016e-07,0.010036377,0.0108576305,-4.3763557e-06,0.008234197,0.009000725,0.007980606,0.0031992993,0.0052721906,0.0033028645,0.0032146247,0.0068471525,-5.0033873e-06,0.0014211945,0.0021136643,0.0037725565,0.0095263375,0.00044196582,-3.6275278e-06,0.0077855694,0.0061154882,0.018851748,-4.5643517e-07
4.0654613e-06,2.3226725e-05,3.3174136e-05,-8.187401e-06,0.0014015646,2.218412e-05,4.7510766e-06,0.003886618,1.2822551e-05,1.3712257e-05,2.6200143e-05,1.6752398e-05,4.5615097e-06,1.5961321e-05,0.0035958753,1.7338312e-05,4.5716997e-06,2.6411322e-05,1.821691e-05,0.011209997,0.009023943,1.4049369e-05,9.64619e-06,2.4812976e-05,-4.739256e-06,9.98091e-06,3.715335e-06,1.7626335e-05,8.134099e-06,1.5927752e-05,0.01180668,-1.0515322e-05,0.011569203,0.006037721,5.0009903e-06,2.5957184e-05,2.1698905e-05,0.011562419,1.0412801e-05,1.4704188e-05,5.47908e-06,1.1248981e-05,7.6312535e-06,0.0024310746,-1.0248551e-05,-1.0093154e-05,0.0061447676,3.157595e-05,-1.002484e-05,1.4924037e-05,-1.1093977e-05,2.5051158e-05,3.5944206e-06,0.0056661903,0.0057860594,3.501085e-05,0.013522132,1.8097357e-05,1.187977e-05,-1.2397601e-05,7.798628e-07,9.616432e-07,1.746426e-05,2.2889157e-05,-2.8672441e-06,0.0051190387,2.8660565e-05,-8.518065e-07,0.0,1.6336995e-05,0.012468002,0.008183148,0.00434228,-5.191097e-06,-1.3200533e-05,3.332976e-06,0.003963383,0.0072605093,0.017780198,1.2321913e-05,1.1434584e-05,-5.2626324e-06,2.6406244e-05,1.9301871e-05,0.0040531554,1.4322347e-05,3.1490945e-05,-1.4621959e-05,0.008810866,0.008512359,-1.0245229e-05,1.992127e-05,2.4873485e-05,3.3921748e-05,1.7352892e-06,1.3423992e-05,8.105817e-06,-3.2830246e-07,3.988115e-06,7.3590118e-06,7.772466e-06,4.3281643e-06,1.2704353e-05,0.0024231425,5.3957237e-06,8.427597e-06,1.5581043e-05,1.63455e-06,0.03727264,-5.5325736e-06
0.005710674,0.0053495564,0.008333712,1.8024164e-06,0.008899596,0.0037419875,0.0060428483,0.009188644,0.006942594,0.0068246955,0.0076172827,0.0012784379,-1.4731212e-06,0.0082127815,0.008894656,0.008105835,0.0070173405,0.0071088905,0.00351316,0.009770689,0.009531576,2.1326873e-06,0.006348707,0.007040858,0.0007982768,1.7599713e-07,0.0065269317,0.0011079616,0.0063986112,-4.13039e-06,0.010688071,2.5634254e-06,0.010080667,0.009858332,8.573495e-05,0.008456494,0.006652831,0.008245789,0.007277998,0.0013952442,-1.3499498e-06,-1.8913245e-06,-1.5465494e-06,0.008693046,3.46336e-06,0.002096763,0.0095831035,0.008356384,-3.1793006e-06,0.007260439,9.0396554e-07,0.0082232775,0.0041221147,0.009353619,0.009013504,0.00804482,0.010011733,0.0046072095,0.0073365103,1.7482544e-06,0.0061621573,0.0016231323,0.0073758764,0.006136982,0.00437287,0.008553276,0.0076314607,0.0046994598,-4.491635e-06,0.0,0.008310288,0.009055385,0.009402721,3.8651715e-06,4.5986935e-06,0.004107324,0.009465386,0.00901842,0.008748303,0.007440822,0.0072670537,1.5379934e-06,0.0075495737,0.0065574087,0.00906258,0.004982675,0.008413254,1.4044095e-06,0.009037372,0.010184746,-1.8779521e-06,0.007869612,0.0073202522,0.0074792723,0.0022697505,0.0045036515,0.0033586528,0.0032392738,0.006556599,-3.08916e-06,0.0010191605,0.0013875875,0.003028841,0.009194691,0.00048330307,-1.3231579e-06,0.00692943,0.0043018716,0.01745383,2.0934744e-06
0.013718422,0.013210037,0.01675153,0.008580305,0.016900567,0.0112615,0.0136383455,0.017634014,0.015166766,0.015091795,0.016168848,0.009801198,0.006901489,0.01563885,0.018151352,0.016323984,0.015530471,0.015702557,0.011641521,0.019618968,0.018964242,0.006853906,0.01393726,0.014576538,0.009837856,0.0049925367,0.014479972,0.009407385,0.014054287,0.0006508638,0.019330988,0.0018287076,0.01974851,0.018179214,0.009419848,0.01599039,0.013803551,0.020979347,0.015658353,0.009636654,0.002624962,-7.3757806e-06,-8.054173e-06,0.017860478,0.00860833,0.01047,0.01813919,0.015817659,-8.489453e-06,0.016409867,0.0062879473,0.016269341,0.011888707,0.018183157,0.018537788,0.016287014,0.020126963,0.011746997,0.015365859,0.006176915,0.013453966,0.0102897575,0.014678456,0.013806351,0.0119733615,0.018500483,0.015730707,0.011741099,-1.266381e-05,0.011222921,0.0,0.019523209,0.017281195,0.007930035,0.008854632,0.011451626,0.017531099,0.018921442,0.02366024,0.014562339,0.014412461,0.00696229,0.014704191,0.014569762,0.017921174,0.01290043,0.015667327,0.007855008,0.019323802,0.018489564,0.0024178512,0.015838861,0.01380643,0.015362166,0.009932245,0.012189398,0.012147166,0.011965636,0.014726541,-6.8197123e-06,0.009549389,0.009655946,0.010497475,0.016971754,0.009660709,-5.157122e-06,0.013902944,0.0111624515,0.028202431,0.0011694011
0.011608193,0.011144046,0.014776494,0.0064208293,0.0151990745,0.009394684,0.011743001,0.01576365,0.013284231,0.0130185345,0.014371658,0.0077749807,0.0045964736,0.0138118705,0.01659223,0.014457563,0.01379344,0.014042016,0.009565778,0.018215923,0.017356224,0.0046913247,0.011901388,0.012776154,0.007820591,0.0027877258,0.0125420205,0.0074538896,0.012269717,-7.848628e-06,0.017256206,-6.3401535e-06,0.018658143,0.016527528,0.007329853,0.014012627,0.011598441,0.019178867,0.013614616,0.007622576,0.0001948326,-1.1150242e-05,-8.375644e-06,0.016430277,0.006505859,0.008404799,0.016635459,0.013882258,-7.0686256e-06,0.014658089,0.0043586716,0.0145569,0.009905991,0.016743131,0.016928548,0.014480777,0.018541452,0.009955316,0.013695636,0.0040585697,0.011558101,0.008257998,0.012945109,0.011802302,0.010188308,0.017046293,0.014175491,0.0098622665,-9.054982e-06,0.009270416,0.019398648,0.0,0.015335646,0.0057667177,0.0068475553,0.009772116,0.015846552,0.017231142,0.020839758,0.012773318,0.012580678,0.004894843,0.012715802,0.012720674,0.016532432,0.011035998,0.013779448,0.005784016,0.017826201,0.016706506,0.00033293423,0.014018374,0.012252546,0.013540076,0.00798995,0.0100902645,0.010276001,0.009874829,0.012972454,-1.1398308e-05,0.0075484044,0.0075535933,0.008662946,0.014974165,0.007436998,-7.6948845e-06,0.011907867,0.009633695,0.025522977,-1.0176946e-05
0.011595395,0.011262253,0.013942584,0.006568911,0.014790569,0.009722608,0.011631277,0.014891079,0.012501897,0.0124553405,0.012813188,0.007609374,0.0034019982,0.013923405,0.013938699,0.013635752,0.012194986,0.01222816,0.009635698,0.01451847,0.014959581,0.004483062,0.01202111,0.01241602,0.007104321,0.0005684961,0.012072392,0.007657867,0.011934787,-7.792047e-06,0.01568489,-7.4634336e-06,0.014781607,0.014727746,0.0067041977,0.014442054,0.012155084,0.013117114,0.0127129555,0.007827857,-7.3603387e-06,-4.9238683e-06,-8.494604e-06,0.013997185,0.0065515297,0.008129346,0.014426187,0.013920371,-3.7034024e-06,0.012578353,0.0038826002,0.013411951,0.009873554,0.01467227,0.013920726,0.01334268,0.015332139,0.010503984,0.012750436,0.0038233928,0.011583252,0.00792017,0.012454619,0.011964166,0.010363917,0.013630599,0.012678071,0.010463703,-4.5908805e-06,0.009359584,0.01326479,0.013965289,0.0,0.0053338534,0.006351343,0.010220966,0.015036842,0.014617924,0.013691923,0.013125112,0.01315268,0.0045059044,0.013367419,0.012037301,0.013678627,0.011042792,0.014039466,0.0050795497,0.014837458,0.015635401,-5.0801636e-06,0.013334702,0.012957424,0.012866039,0.008422419,0.01050678,0.009313835,0.009220617,0.011786064,-3.0843667e-06,0.0074817915,0.007698135,0.0089056,0.014680322,0.0067997086,-7.847107e-06,0.012598429,0.01043631,0.020952793,-6.345295e-06
0.0034066134,0.0035012558,0.0064814403,-6.003887e-06,0.007030626,0.0013319204,0.0043349676,0.0075063775,0.004859752,0.005137479,0.00564426,-4.1624813e-07,-4.734652e-06,0.0061701853,0.0070668515,0.0061683306,0.005169656,0.005324908,0.0009962436,0.008328601,0.0079727415,-4.6672844e-06,0.003806601,0.0050156405,-1.8077226e-06,-7.753681e-06,0.003919241,5.7176123e-07,0.0045227255,1.4999157e-06,0.009829405,-1.2252498e-05,0.008648095,0.008163297,-9.537387e-06,0.0064965715,0.0037528134,0.007715369,0.005277879,-5.4226725e-06,1.1406179e-06,-4.2246593e-06,-5.9514255e-06,0.00686026,-9.558519e-06,-4.1590188e-06,0.007811407,0.0061951117,-1.6925202e-06,0.005365265,-6.156809e-06,0.0062961765,0.0022620352,0.0075751967,0.0073631895,0.006093845,0.008766972,0.0018060295,0.005372323,1.4517486e-06,0.003778275,-1.768993e-06,0.0051276525,0.0038455934,0.0017014875,0.006947986,0.005577671,0.0013945083,-1.2167613e-06,0.0007720551,0.0077644843,0.0073532863,0.0076606073,0.0,9.752379e-07,0.0013671569,0.0077735065,0.007333366,0.008822839,0.0057429695,0.0047676577,-5.1208876e-06,0.005527692,0.004501826,0.007217843,0.0033225038,0.0063340715,-4.9608307e-06,0.0075668343,0.008591743,-6.62003e-06,0.005953007,0.0026989966,0.0053233476,-4.284608e-06,0.0021521312,0.0016949797,0.0015026742,0.004336816,-1.8187629e-06,-1.8261507e-06,-5.018376e-07,-7.0284036e-06,0.007838731,-9.41783e-06,1.1224748e-06,0.003949789,-1.7297217e-06,0.019007321,-1.5656333e-06
0.0037872572,0.0031491974,0.00726357,9.177871e-07,0.007832006,0.0009796696,0.0042460198,0.008381931,0.005395699,0.0052197576,0.006387629,-3.4760794e-06,-2.2967101e-06,0.006582718,0.008011055,0.0067967973,0.0057687983,0.0058875103,0.0016447888,0.0088315485,0.008853006,2.5147172e-06,0.0046389955,0.0053860284,-2.239925e-06,-9.259869e-07,0.005021802,7.7889825e-07,0.004549644,9.3231085e-07,0.010289702,-2.2926504e-06,0.009132339,0.008627215,-1.6068572e-06,0.0070652585,0.0044529107,0.008147408,0.00595702,-1.5248402e-06,-3.1043254e-07,-3.4608731e-06,2.5291492e-06,0.00772192,2.5837592e-06,-4.1466087e-06,0.008498549,0.006964905,-6.172796e-06,0.0060216887,-6.4486985e-06,0.006957772,0.0019409761,0.008747337,0.007959387,0.0068218177,0.009469509,0.0022975057,0.0058755474,-1.441398e-06,0.0045859544,1.2695156e-06,0.00589541,0.00442352,0.0022731617,0.007575358,0.0062290113,0.0020896283,-2.867287e-06,0.00078551914,0.0083103785,0.008108428,0.0083764605,3.446619e-06,0.0,0.0014408461,0.008701324,0.008643917,0.009026307,0.00571894,0.0053913477,-4.7333606e-06,0.0058373874,0.005005688,0.008216613,0.0029569452,0.0068949764,-6.8625204e-06,0.009046787,0.009661183,-1.8273661e-07,0.0066629155,0.005288039,0.0062469016,-3.7038205e-06,0.002138605,0.0013576361,0.0012010576,0.005033011,6.8111626e-07,-6.136434e-06,-3.7734692e-06,0.0002831744,0.008139884,-4.051155e-06,5.0766253e-06,0.004791428,0.0014341712,0.020290624,-1.300854e-07
0.005878156,0.0054933643,0.00851552,4.2025035e-06,0.009239811,0.0043637953,0.006314836,0.009419518,0.0070261653,0.0069271293,0.0077429963,0.0014682951,4.437711e-07,0.008449203,0.009294915,0.008393256,0.007353943,0.007378613,0.003773097,0.01050424,0.01014995,1.5535198e-06,0.006544276,0.00721856,0.00072791026,-5.0815893e-06,0.006552002,0.001795716,0.0063751424,-3.86642e-07,0.011099994,-1.8749477e-06,0.010765038,0.010177884,0.00016043332,0.008931975,0.006766309,0.009862078,0.0075499127,0.0017308106,1.3109354e-06,-4.034087e-06,-1.6639304e-06,0.0090378495,0.0007459184,0.0021544783,0.009957974,0.008639337,-6.415527e-06,0.007683702,-3.2265534e-06,0.00836525,0.0043005534,0.00981953,0.009743598,0.008147011,0.010612498,0.0051501472,0.007547333,3.79856e-06,0.0062566083,0.0016401438,0.0073758885,0.0064027957,0.0044958736,0.009162538,0.007821442,0.0053340257,-8.6223145e-07,0.0033775799,0.009757222,0.009785729,0.009656793,-1.3533504e-06,-7.984423e-07,0.0,0.009760037,0.009446819,0.009914223,0.007767859,0.0074901804,1.8772229e-06,0.007877198,0.0065095606,0.009517803,0.0052461233,0.008653515,-2.6790656e-06,0.009534401,0.010357385,-3.3468448e-06,0.0081330575,0.008223337,0.007630418,0.0028780564,0.0049822666,0.0032445875,0.0032801717,0.006699617,-5.6129275e-06,0.0012413599,0.0016872289,0.0034039097,0.009440712,0.000306002,1.6936336e-06,0.0074682967,0.0054576593,0.017901547,-1.9612557e-06
0.0110330125,0.010812385,0.013649783,0.0061901617,0.014200384,0.00913893,0.011296496,0.014450064,0.012164067,0.012059594,0.012702937,0.0071660397,0.003593265,0.013356991,0.013913305,0.013345951,0.01219113,0.012266809,0.00919519,0.014514797,0.0147339795,0.0039760084,0.011582736,0.01200435,0.0070288647,0.00096726033,0.0116908,0.006919651,0.011690751,-5.227921e-06,0.015464951,-4.0631517e-06,0.014775563,0.014445932,0.0066058426,0.013575223,0.011497416,0.013643087,0.012502433,0.007369812,-4.956181e-06,-6.1317883e-06,-5.765273e-06,0.013957653,0.0058610025,0.007890212,0.014191995,0.013243008,-5.0717e-06,0.012630383,0.0035671885,0.013185579,0.009364044,0.014457308,0.013831332,0.013079279,0.015225777,0.00984177,0.012419272,0.0033970692,0.011133201,0.007621034,0.012131377,0.011534711,0.009823581,0.01375896,0.012625066,0.009662453,-8.348192e-06,0.008989971,0.013699215,0.013966442,0.014489047,0.00515038,0.0061279666,0.009422877,0.0,0.01458002,0.013856368,0.012544565,0.012524319,0.0042508217,0.012636985,0.011853512,0.013766238,0.010672327,0.0134683745,0.0048013935,0.014906543,0.01524913,-7.4357317e-06,0.012942763,0.011865009,0.012478246,0.007925863,0.010060062,0.0094022015,0.009058212,0.011640789,-7.4188806e-06,0.0071478514,0.0072909407,0.008312661,0.014156254,0.0066566677,-5.471907e-06,0.011946336,0.009227524,0.020230072,-3.7845098e-06
0.011565356,0.011426519,0.01474092,0.0067127235,0.015115467,0.009339286,0.0117862495,0.01566607,0.012795592,0.012841828,0.013608589,0.007829479,0.0042650537,0.013857518,0.015681108,0.014117625,0.013090231,0.013263948,0.009646504,0.016411718,0.01631628,0.004828745,0.011960451,0.012530262,0.007863098,0.002722266,0.012224553,0.0074690026,0.012030976,-1.2533336e-05,0.016505525,-8.3119285e-06,0.016587764,0.015584675,0.0072472743,0.014042325,0.011608049,0.016367616,0.013278918,0.00773186,5.844647e-05,-9.220357e-06,-9.856047e-06,0.015668835,0.0065600085,0.008337772,0.015531862,0.013768375,-1.09488965e-05,0.013852756,0.0043182014,0.014070388,0.009920698,0.016400354,0.01587741,0.014028085,0.01778796,0.009901469,0.013174519,0.004202912,0.011582877,0.008101809,0.012726993,0.011994907,0.01012334,0.015802722,0.013453732,0.010033311,-1.009259e-05,0.0093742125,0.016908476,0.01641885,0.015494722,0.005967451,0.006899645,0.009678172,0.015685696,0.0,0.017841773,0.012749196,0.012690102,0.004912166,0.012876396,0.012740654,0.015453181,0.011153852,0.01395025,0.0057689315,0.018363426,0.016684547,0.00019862269,0.013647028,0.01219408,0.013174985,0.00808488,0.010278464,0.009941204,0.009695119,0.012517253,-1.14458335e-05,0.0077096904,0.0076133395,0.008699618,0.014898043,0.0072965594,-1.2551384e-05,0.01198478,0.009563425,0.025815507,-9.720391e-06
0.016554656,0.01590374,0.019194212,0.011651668,0.019367874,0.014300755,0.016351053,0.020097286,0.017792115,0.01765113,0.018696612,0.01289733,0.010146776,0.018399417,0.020344168,0.018732704,0.018078437,0.018087976,0.014519909,0.022006588,0.02148098,0.010138199,0.016714573,0.017307723,0.012810411,0.008284563,0.017186396,0.012531511,0.016683307,0.0041804565,0.02200734,0.0054488913,0.022068301,0.020604242,0.0123940855,0.018759841,0.016593495,0.022555871,0.018381769,0.012753888,0.0063238945,0.0023255292,-6.4780625e-06,0.020205675,0.011883105,0.013424175,0.02066147,0.018435404,-5.384624e-06,0.01863451,0.009707772,0.018867988,0.014695917,0.020527933,0.020725084,0.018835848,0.022438942,0.014789634,0.01799533,0.009477426,0.016118139,0.013291157,0.017281918,0.016598914,0.015003091,0.020866081,0.01839314,0.014590876,0.0028268034,0.014247068,0.02264974,0.021586128,0.019909503,0.011096542,0.012077992,0.014558317,0.020142805,0.021111498,0.0,0.017456576,0.017078979,0.010373735,0.0174857,0.017235326,0.020191895,0.015704812,0.018313354,0.011020682,0.021515327,0.020921841,0.0057336623,0.018345408,0.016759675,0.018037066,0.013032548,0.014977236,0.015061531,0.014630553,0.017361464,-6.9685652e-06,0.012672332,0.012671334,0.0135734,0.019661024,0.012687924,0.0035396162,0.016734552,0.014151005,0.028707352,0.004639797
0.008473898,0.008216401,0.010583217,0.0033901145,0.011072551,0.0067395563,0.0087898355,0.011280235,0.009327614,0.009241502,0.009608273,0.0044089435,0.00029545912,0.010609731,0.01068399,0.010317601,0.009288577,0.009423165,0.006536756,0.010789794,0.011059926,0.0010646353,0.009019007,0.009474908,0.0039571123,-5.448804e-06,0.008816259,0.0042749066,0.008987835,-5.5104138e-06,0.011953838,-6.1750375e-06,0.011143777,0.011530421,0.003735892,0.010897748,0.0090790605,0.009216874,0.009566571,0.0047923797,-6.371918e-07,-1.1563e-06,-6.868361e-06,0.010378685,0.0034042476,0.0050664656,0.011101414,0.010647339,-4.0739947e-06,0.009333552,0.00061299116,0.010154992,0.006969918,0.011037153,0.010472629,0.010072179,0.011086015,0.0075040627,0.009738697,0.00043947686,0.008687742,0.004944069,0.009678858,0.00882719,0.0072535793,0.010080532,0.009804666,0.007304031,-2.846146e-06,0.0061890776,0.009719372,0.010187441,0.011552945,0.0023362262,0.003191792,0.0070385644,0.011456563,0.01052075,0.009899823,0.0,0.010061697,0.0014846346,0.010097915,0.009186917,0.010494778,0.008070958,0.010909221,0.0015213375,0.01059957,0.011827746,-6.968144e-07,0.010317447,0.009474008,0.009729842,0.005580248,0.0076008253,0.0064314115,0.006355892,0.008823127,-5.0213425e-06,0.0044979705,0.0044732164,0.005952658,0.011236378,0.0039711837,-6.620535e-06,0.009586861,0.0069560767,0.017212275,-6.134658e-06
0.008147983,0.007974777,0.010238475,0.003206825,0.010888105,0.0064844405,0.008391109,0.010951628,0.00900053,0.008988689,0.009495526,0.0042819325,-1.0126405e-05,0.0103469975,0.01054514,0.010022863,0.009142075,0.009220583,0.006368776,0.010693079,0.01086446,0.0008791835,0.0087783,0.00927313,0.0038208545,-1.1318034e-05,0.008726686,0.0042832666,0.008645322,-1.1936016e-05,0.011890298,-7.1418967e-06,0.011025579,0.011274422,0.0033943655,0.010694552,0.008859623,0.00957306,0.009254448,0.0045185126,-5.8198266e-06,-5.462125e-06,-1.0848312e-05,0.010202073,0.0033028894,0.0049933456,0.010906813,0.0106039345,-5.7937004e-06,0.009259054,0.00048650464,0.010046953,0.00681831,0.010891734,0.010368768,0.009906038,0.011015674,0.0073312544,0.009336077,0.00045374868,0.00831128,0.0047028502,0.00930397,0.0086492235,0.007059434,0.0100473855,0.00939365,0.0072492324,-5.29722e-06,0.005955935,0.0096723335,0.010092379,0.0113575235,0.0020672742,0.002886281,0.006829682,0.011263819,0.010338423,0.009583782,0.00992716,0.0,0.001235217,0.010004389,0.008907316,0.01043526,0.007642526,0.0107317,0.001600231,0.010441004,0.0116770025,-5.540521e-06,0.009924287,0.009733498,0.009431179,0.0053858487,0.0075342427,0.0059612575,0.006005945,0.008564769,-6.1071964e-06,0.0041894694,0.0043834946,0.005733625,0.01118561,0.0035237884,-7.2318667e-06,0.009338635,0.007065529,0.017162552,-6.486666e-06
0.0024308048,0.0017561476,0.0063997875,-8.308284e-06,0.007012379,-6.1573137e-06,0.0029030757,0.007795255,0.0042663515,0.003976517,0.005446898,-7.3221786e-06,-8.755366e-06,0.0058426545,0.0074538267,0.0059625586,0.004528533,0.0045149606,2.6234204e-08,0.009167091,0.0086898655,-5.932173e-06,0.0033546905,0.0044932775,-1.0184125e-05,-1.0212223e-05,0.0035929258,-5.787892e-06,0.0032930742,-1.1909887e-05,0.010503424,-1.2956962e-05,0.009439946,0.00859284,-2.8366773e-07,0.0061979536,0.0035025044,0.008346551,0.0047976486,-9.001215e-06,-7.893399e-06,2.8327477e-06,-5.879906e-06,0.007031196,2.3598195e-06,-3.7338152e-06,0.008345622,0.0060291677,-1.4205668e-05,0.0050878613,-3.5855926e-06,0.0059225066,0.00033936105,0.008107657,0.0079332255,0.0058496697,0.009866746,0.0008729717,0.0047559054,-9.565241e-06,0.0028381464,-9.534826e-06,0.0046110256,0.0029766748,0.00052496773,0.0073300693,0.005147833,0.00068415585,-2.4167587e-06,-4.365676e-06,0.008636249,0.008038655,0.007927589,-4.97393e-07,-9.470164e-06,0.00014652904,0.008025287,0.008045299,0.009728677,0.0045906063,0.0041970066,0.0,0.0047489046,0.0035503926,0.0075474875,0.0013817194,0.006116346,-5.485004e-06,0.008507772,0.009084666,1.7925655e-06,0.005536106,0.0040150327,0.0051474283,-7.1864065e-06,0.0008125596,-7.277206e-06,-7.4520267e-06,0.0038488065,-3.2300707e-06,-4.6504447e-06,1.840174e-06,-1.5155988e-06,0.007331157,7.1544633e-07,-6.603426e-10,0.0037581688,0.00014827788,0.022595922,-2.5844322e-06
0.008678469,0.008294238,0.010731245,0.0033522004,0.011577936,0.007265283,0.008957525,0.011634641,0.009458616,0.009453643,0.009927505,0.0046055545,-3.7071964e-06,0.010976096,0.010820155,0.010544244,0.009373743,0.009487264,0.0068522696,0.011332812,0.011541824,0.0014070504,0.00940727,0.009716348,0.0041821455,-3.7826062e-06,0.009197642,0.004849503,0.009180018,-2.8559675e-06,0.012592851,-1.9889592e-06,0.011631715,0.011935131,0.003551323,0.0113100605,0.009557293,0.0100416085,0.009821626,0.00504753,-4.5600345e-06,-2.9613047e-06,-1.4253117e-06,0.010752225,0.0036896043,0.0052655744,0.011461993,0.010967803,-7.0765664e-06,0.009621954,0.00087559153,0.010607964,0.0071132197,0.0113555975,0.010906589,0.010423074,0.011545227,0.007913569,0.009942828,0.0006949733,0.008882014,0.004846342,0.009799868,0.009222731,0.007581859,0.0103974985,0.0098658865,0.008063265,-4.8030115e-06,0.006600783,0.010120174,0.0106242625,0.01185814,0.0022348324,0.0032742943,0.0074930745,0.011670587,0.010751721,0.010168082,0.01031938,0.010220193,0.0015178197,0.0,0.009182959,0.010828946,0.008046898,0.011204461,0.0018016424,0.010915967,0.012122308,-5.742235e-06,0.010523505,0.01036666,0.010119808,0.0058414815,0.0078239,0.0063270596,0.0062659862,0.008986408,-3.052449e-06,0.004534911,0.004968575,0.0062942384,0.0117660435,0.0038801427,-6.2305517e-06,0.0101332,0.007876544,0.017951498,-5.10004e-06
0.0078071305,0.007807594,0.010018162,0.0031204298,0.01048809,0.0057690716,0.008141032,0.010729406,0.008817452,0.008865043,0.009289886,0.0036447593,0.00069494307,0.009632222,0.010203476,0.009817602,0.009028967,0.009169017,0.0058943536,0.0102742165,0.010522579,0.0001843265,0.00815035,0.008741242,0.0036650612,-8.106276e-06,0.008372236,0.0029715213,0.008433861,-1.0526303e-05,0.011382796,-1.1336247e-05,0.010485574,0.010921659,0.0034588345,0.009977589,0.007877072,0.009347569,0.009209856,0.0040397127,-1.5916006e-05,-1.7725406e-05,-1.3301852e-05,0.010227943,0.002106495,0.004826056,0.010590836,0.009839876,-1.404562e-05,0.009169591,-1.0992996e-05,0.009867827,0.006536182,0.010722212,0.010162913,0.009719872,0.010574747,0.0062127863,0.0092973355,-1.01803225e-05,0.007844415,0.004688337,0.009142057,0.008220996,0.0065215314,0.009721659,0.009365098,0.0059206574,-1.2622658e-05,0.00543122,0.009454809,0.009841156,0.0107575925,0.0021574413,0.0027724935,0.005918021,0.010915369,0.010242099,0.009555771,0.009207705,0.009037627,0.0008469942,0.009085731,0.0,0.010243319,0.007433742,0.010065304,0.0012932308,0.010323696,0.011145065,-1.0378491e-05,0.009717411,0.007453081,0.009069008,0.004463449,0.006622013,0.0062132827,0.0060358616,0.008665676,-1.4312723e-05,0.003752048,0.0035563842,0.0048692883,0.010588936,0.00359862,-1.4337857e-05,0.008270811,0.005016192,0.016273461,-1.2767666e-05
0.010372329,0.009916672,0.0130738625,0.0054214112,0.013518543,0.008120042,0.010605837,0.014224853,0.011742469,0.011663972,0.012779767,0.0062928093,0.0034111396,0.012261919,0.014666276,0.013141826,0.012262225,0.01250696,0.008270329,0.015658513,0.015048708,0.003332959,0.010588657,0.011321034,0.0064686965,0.0010612941,0.011184369,0.0061198687,0.011042963,-9.077081e-06,0.015365231,-9.935868e-06,0.015685705,0.014612926,0.005988447,0.012590209,0.01037926,0.01579478,0.012213652,0.0064675054,-1.2451125e-05,-8.498517e-06,-1.0982327e-05,0.0145470295,0.00500167,0.007216299,0.014604929,0.012363112,-7.817384e-06,0.012948107,0.0029822167,0.0130941365,0.00882787,0.014909343,0.014852251,0.013063767,0.015885172,0.008578652,0.012436823,0.0026306068,0.010295529,0.0070385,0.011636636,0.010502455,0.008984334,0.014784539,0.012679867,0.008616027,-1.2484904e-05,0.007947078,0.015861176,0.015372956,0.013721499,0.004516864,0.0055869855,0.008338845,0.014239272,0.015084365,0.016876845,0.011409436,0.01137134,0.0036534793,0.011391931,0.011459489,0.0,0.0096902745,0.012546204,0.0041842223,0.015443155,0.014907801,-6.614036e-06,0.012596961,0.010482318,0.012138176,0.0068703536,0.008884562,0.009116099,0.008691927,0.011689954,-1.1531297e-05,0.006256119,0.0063486737,0.0071858275,0.01353538,0.0062500467,-1.2670121e-05,0.010514331,0.007918822,0.020788856,-9.356928e-06
0.0067651565,0.006723893,0.009097571,0.0018547074,0.009715856,0.004997311,0.007335985,0.009784023,0.0077905077,0.0077716014,0.008224013,0.002555452,-1.3701507e-05,0.008925408,0.00925986,0.008918486,0.008053178,0.007995389,0.004715311,0.009652628,0.009594712,-1.0954826e-05,0.007319614,0.007837964,0.0021799866,-1.0511783e-05,0.007169572,0.0021016353,0.007463504,-1.1577938e-05,0.01060564,-1.2223069e-05,0.009892405,0.009973081,0.0020072584,0.009411522,0.00716561,0.008227047,0.008091418,0.0028907491,-1.263745e-05,-1.0070515e-05,-1.4554958e-05,0.009191803,0.0013830833,0.0034361673,0.009642907,0.009104513,-1.4089756e-05,0.008030458,-6.316312e-06,0.00883493,0.005477716,0.00981717,0.009379975,0.008674102,0.009820281,0.0055471454,0.0083288,-6.8526033e-06,0.006954109,0.0034880883,0.0080545405,0.0073164515,0.005664169,0.008775143,0.008380665,0.0053129196,-1.0867139e-05,0.004405193,0.008353926,0.009035094,0.010008137,0.0009452609,0.0013069806,0.005143768,0.010150139,0.009460866,0.00894247,0.0085478835,0.008194075,-7.0318065e-06,0.008417344,0.007666949,0.0093656285,0.0,0.009292849,-8.627123e-06,0.009476736,0.010475542,-9.287509e-06,0.008834535,0.007109942,0.008003538,0.0035971846,0.0057109683,0.0048149484,0.0046908855,0.007418733,-1.173711e-05,0.002680035,0.0024767902,0.00404255,0.009883204,0.00235025,-1.1383951e-05,0.007645547,0.0046662656,0.016429337,-1.043616e-05
0.00948932,0.0092892395,0.011686168,0.004530179,0.012321801,0.0077459235,0.009666432,0.012370041,0.01022927,0.010166595,0.010678524,0.005438491,0.0013131559,0.011615557,0.011722366,0.011396807,0.01013198,0.01018639,0.007436711,0.01190034,0.01214606,0.0022900407,0.010041873,0.010281601,0.0051783905,-4.8205934e-06,0.009973606,0.005494741,0.009934633,-6.6596454e-06,0.0131277535,-9.377444e-06,0.012057032,0.012446787,0.0046204505,0.011994303,0.010152907,0.010823107,0.010516392,0.005748461,-1.0497272e-05,-1.075686e-05,-5.8647083e-06,0.011515621,0.0044299113,0.006098956,0.011975938,0.01173807,-8.505131e-06,0.010481569,0.0017804444,0.0111822495,0.007866719,0.012097653,0.011487843,0.01108216,0.012395374,0.0084424345,0.010632215,0.0017516448,0.009570106,0.0058632246,0.0104458975,0.009959997,0.00836861,0.01113691,0.010537988,0.008515633,-4.34039e-06,0.007384406,0.01091824,0.011245364,0.012709437,0.00334425,0.0041203033,0.008091057,0.012596129,0.011785305,0.011018853,0.011025778,0.011050275,0.0025813372,0.01113209,0.010073594,0.011493624,0.009091986,0.0,0.0030600273,0.011903892,0.01317353,-9.015087e-06,0.011129338,0.010641385,0.010746288,0.00657796,0.008653446,0.007366739,0.0071962294,0.009691637,-1.158587e-05,0.005442436,0.005566712,0.006948323,0.01226742,0.004857588,-9.490765e-06,0.010573366,0.008224091,0.018155115,-4.974004e-06
0.0020550096,0.0015025401,0.006388754,-3.8902067e-06,0.0071505564,-7.2282705e-06,0.0027014557,0.0077956608,0.0042392197,0.003833203,0.005454444,-3.6748372e-06,-1.902443e-05,0.005718183,0.008517778,0.005835036,0.004542004,0.004784317,-4.077594e-06,0.010139117,0.009285414,-1.5036293e-06,0.0030711598,0.003881586,-1.901786e-06,-1.3403835e-05,0.003320244,-5.542876e-07,0.0030364406,-6.1497403e-06,0.010411439,-1.758648e-05,0.010275108,0.008783963,-5.4461098e-06,0.0062787184,0.0028783726,0.009771259,0.004797405,-3.4205184e-06,-1.7292128e-05,-6.3923476e-06,-1.5864645e-05,0.0075897044,-4.038771e-06,-6.9399675e-06,0.008726236,0.0059491238,-6.9979797e-06,0.005349277,-1.093602e-05,0.0060280785,-6.918044e-06,0.008642724,0.008796639,0.005941745,0.010645014,0.00055042567,0.0046188496,-7.077547e-06,0.0025933292,-7.571582e-06,0.004347663,0.0029043462,0.00054943445,0.008092732,0.0052495594,0.0007762619,-1.0997318e-05,1.1131648e-06,0.0097805895,0.009214329,0.007899063,-8.554391e-06,-2.0801149e-06,6.448838e-05,0.008184321,0.008936879,0.011357164,0.004385855,0.004218177,-9.402273e-06,0.0045043244,0.0037580032,0.008786568,0.0012043696,0.006071331,0.0,0.009281983,0.009456248,-1.8839313e-05,0.005458793,0.0053181075,0.004968429,-6.663581e-07,0.00063456816,-4.495003e-06,-3.5249616e-06,0.0037385842,-1.1370167e-05,-3.1034924e-06,-6.539959e-06,-8.0629925e-06,0.007876472,-4.997289e-06,-1.5426556e-05,0.003773102,0.00085684005,0.023923205,-5.501452e-06
0.012443007,0.011997695,0.015343011,0.0074585755,0.015672415,0.010081471,0.0122807175,0.016291106,0.0134988325,0.013565662,0.014399313,0.008577676,0.0052146614,0.014375871,0.016310569,0.014822308,0.013702802,0.013880206,0.010281456,0.017155334,0.017140856,0.005568089,0.012595717,0.013238532,0.008604169,0.0039731893,0.013001804,0.008301018,0.012758653,-1.2086151e-05,0.017415857,0.00079478923,0.017359797,0.016196975,0.008009743,0.014804666,0.012422297,0.017261285,0.014008049,0.008523043,0.0011087768,-8.2260285e-06,-1.3160462e-05,0.016160991,0.0074663158,0.009172405,0.016080871,0.014483957,-1.0185712e-05,0.014615977,0.005162948,0.014718416,0.010526674,0.01695603,0.01640181,0.014531214,0.0185126,0.010581754,0.013793992,0.005052523,0.012143889,0.008898146,0.01321134,0.012554796,0.010857347,0.016513668,0.014161842,0.010671278,-1.0447936e-05,0.010013362,0.017877448,0.017137296,0.016078595,0.00688056,0.007593116,0.010406415,0.016255688,0.018128946,0.018866476,0.013354249,0.0134282885,0.0058748615,0.013566071,0.013206306,0.01610119,0.011811921,0.014464036,0.0066859163,0.0,0.017263066,0.0011558054,0.014300061,0.012727917,0.013805755,0.008931778,0.011034093,0.010753236,0.010330492,0.01304882,-1.2787827e-05,0.00843698,0.008502278,0.009260724,0.015469829,0.008065054,-7.926594e-06,0.012703703,0.010428404,0.027149078,0.00012217698
0.012182263,0.012342161,0.015443164,0.007809566,0.015938852,0.010229461,0.012859776,0.01636062,0.013748495,0.013695019,0.01420754,0.008913607,0.0053375564,0.014973763,0.015896019,0.014959052,0.0136342505,0.013853857,0.010806016,0.016280293,0.016841752,0.0060307733,0.0127481045,0.013541189,0.008731151,0.0034567078,0.013484917,0.008752216,0.013158731,-5.1729767e-06,0.017483406,0.000713386,0.016922202,0.016403534,0.008270403,0.015322044,0.012702137,0.0156649,0.014048985,0.00856292,0.0012464997,-3.218993e-06,-8.447026e-06,0.015887396,0.0074490192,0.00953813,0.015736466,0.01501272,-2.902266e-06,0.014292378,0.0055207843,0.014735776,0.011005689,0.016595032,0.015519458,0.014756929,0.017815826,0.011487651,0.01395773,0.005009833,0.012751666,0.00930583,0.01374701,0.012679261,0.01112454,0.015702998,0.014169417,0.010978677,-3.9652455e-06,0.010482857,0.015974931,0.015781142,0.016479924,0.006891538,0.007885513,0.011093757,0.016573317,0.016994044,0.016565394,0.01397228,0.013672693,0.005835092,0.0141297225,0.013565689,0.015615757,0.012111041,0.015183451,0.006965003,0.017384667,0.0,0.0014179155,0.014709386,0.013473088,0.014090237,0.009088822,0.011270783,0.0108986655,0.010615145,0.0131488135,-7.062553e-06,0.0083677685,0.009009185,0.009609562,0.015952604,0.008313596,-7.6827555e-06,0.013094711,0.010814046,0.024402218,0.00012927466
3.149035e-05,1.3325994e-05,0.0031113282,-5.480221e-06,0.0045405133,7.324569e-06,2.9908075e-05,0.006385586,2.231438e-05,3.211733e-05,0.00081895,1.1174638e-05,-4.037519e-06,0.0015916037,0.006332972,0.0013670529,1.7787994e-05,2.2483931e-05,2.6205755e-05,0.012042569,0.010218277,7.2680505e-06,1.4988437e-05,2.5326233e-05,2.0181438e-05,-1.05079225e-05,2.453176e-05,1.6975853e-05,1.3803636e-05,3.0671774e-06,0.012229295,8.587797e-06,0.012346039,0.008101346,5.625861e-06,0.0027937791,2.590803e-05,0.013177106,3.9503382e-05,9.537771e-06,-1.0544947e-05,-4.39832e-06,1.1182352e-05,0.0054245596,1.7767383e-05,-3.6497108e-06,0.008168771,0.0015941802,-1.7191624e-06,0.00010056214,-2.4757105e-07,0.001699411,2.6293113e-05,0.007820784,0.008129415,0.001416653,0.013770927,7.5100997e-06,2.1676069e-05,6.956937e-06,3.327928e-05,4.6625705e-06,2.5920548e-05,2.8233415e-05,2.8568895e-05,0.0073934463,2.1267617e-05,2.18208e-05,1.4869681e-06,2.4109073e-05,0.013993855,0.01003001,0.0068492405,-8.735992e-06,1.4406581e-05,2.744259e-05,0.006545213,0.00893254,0.018101973,2.1143924e-05,3.2763528e-05,-5.813974e-07,3.0906467e-05,2.690569e-05,0.00687324,6.6963507e-06,0.0016186525,7.677805e-06,0.010373113,0.009885956,0.0,0.0005717789,3.2227857e-05,4.0798936e-05,1.6003552e-05,2.4314664e-05,3.0753236e-07,-5.4789376e-07,2.6581898e-05,1.0132661e-05,1.968132e-05,1.6867594e-05,2.17283e-05,0.005230843,1.3141123e-05,-5.5508162e-06,2.8648505e-05,1.987372e-05,0.03367531,3.581008e-06
0.009137964,0.008931963,0.011370795,0.0039968016,0.011887209,0.007173437,0.009291685,0.012082592,0.010109138,0.010125886,0.010664282,0.00518294,0.0016813366,0.011243426,0.011693567,0.011287287,0.010255585,0.010321849,0.007269305,0.01179005,0.012028274,0.0019101795,0.009612618,0.010164271,0.005026906,-8.200532e-06,0.009798723,0.0045922697,0.0097210845,-8.685098e-06,0.012751578,-5.7952334e-06,0.012011419,0.012263686,0.0046381378,0.011548264,0.009668609,0.010743116,0.010370681,0.0053661014,-5.6850363e-06,-9.435216e-06,-4.5701177e-06,0.011506361,0.0036558132,0.0059359637,0.012041135,0.011248903,-9.818556e-06,0.010457478,0.0013121911,0.011071863,0.007746697,0.011908363,0.0114902295,0.010994956,0.0119091915,0.00793272,0.010662582,0.001007816,0.009364765,0.005883514,0.010369545,0.009555037,0.007924889,0.011108809,0.010733676,0.007760786,-1.039247e-05,0.0069516893,0.010744076,0.011316737,0.0122019965,0.0030738825,0.0041215327,0.0073660417,0.012254612,0.011503367,0.010760459,0.010649898,0.010412417,0.0023552105,0.010647972,0.0099043045,0.011410763,0.008478636,0.011405745,0.0022215513,0.011683612,0.012656476,-6.091328e-06,0.0,0.00971775,0.010722409,0.0057675387,0.008047667,0.0074974555,0.007223048,0.009823035,-9.9603385e-06,0.0051320186,0.005082247,0.0064626704,0.011999672,0.0048215715,-5.6621734e-06,0.009923753,0.00707942,0.01731071,-3.698773e-06
0.007384689,0.006764385,0.010248621,0.0010048712,0.010909341,0.0062899087,0.007808564,0.011427468,0.008792105,0.008261622,0.009611253,0.0039626784,7.3293445e-06,0.010145573,0.0117286015,0.009942952,0.009010767,0.008929884,0.005793059,0.013349459,0.0125508625,0.001149293,0.008419274,0.00880824,0.003180297,8.857459e-06,0.008578406,0.0053742016,0.008071848,7.802809e-06,0.013310464,6.0609113e-06,0.0135983415,0.01229059,0.0015449156,0.010562128,0.009023521,0.013589325,0.0090838745,0.004133352,6.8895965e-06,5.3228005e-06,-2.41443e-06,0.011234948,0.0037908363,0.0041001635,0.012317049,0.010190589,2.7473961e-06,0.009514556,0.00082440587,0.010107064,0.005866405,0.0121953,0.012219259,0.0100258365,0.013567523,0.0077019273,0.00906042,0.0006314484,0.008186639,0.0028718829,0.009040549,0.008205838,0.006090794,0.01180808,0.009557067,0.008067724,4.2504366e-06,0.005585448,0.013608397,0.012745893,0.011420083,1.02941185e-05,0.002248011,0.0068630935,0.011506329,0.012037883,0.01479106,0.009204714,0.009233898,0.00030925963,0.009659775,0.00795362,0.011896648,0.006626793,0.010337101,0.0020250857,0.0125713525,0.012569235,6.2970257e-06,0.00973455,0.0,0.0095958235,0.0053962795,0.0071177064,0.00470341,0.0045451196,0.008230721,-8.2000264e-07,0.003372023,0.004697618,0.006009869,0.010920205,0.002087971,3.1728964e-06,0.009513178,0.008811605,0.023005677,7.640355e-06
0.008764559,0.008281167,0.010852579,0.0030355765,0.011574901,0.00673999,0.008938993,0.011731438,0.009933473,0.009693447,0.010454913,0.004908752,0.0009249604,0.010752995,0.011282545,0.010872562,0.009952522,0.0098964395,0.0069764364,0.011945485,0.011956136,0.0016883475,0.009436693,0.01006203,0.0049921623,-9.825289e-06,0.009749042,0.00433672,0.0093442025,-9.159882e-06,0.012778334,-1.0858043e-05,0.012122181,0.012303203,0.0042095482,0.011140662,0.009478139,0.010539525,0.010147282,0.004800748,-1.1359547e-05,-6.168403e-06,-9.885536e-06,0.011157233,0.003189421,0.005737822,0.011948491,0.010954893,-6.0980983e-06,0.010035934,0.000889532,0.010767181,0.0072425576,0.011445608,0.011340969,0.010862471,0.011867025,0.007723523,0.010384903,0.00036327724,0.009156401,0.0054056705,0.010060383,0.009068497,0.0076670144,0.010984399,0.010338818,0.007408791,-4.6349824e-06,0.006585094,0.010517368,0.011179547,0.011785256,0.0021823687,0.0039563053,0.0070058685,0.011759244,0.010879931,0.010466607,0.010201729,0.009976349,0.001966598,0.0101851495,0.009211948,0.011245998,0.0077283923,0.010856141,0.0020586026,0.010994444,0.012247853,-5.12075e-06,0.010652987,0.010016201,0.0,0.0054037482,0.007436526,0.006993056,0.006828144,0.009632904,-1.1493577e-05,0.0046275584,0.0047014067,0.0061605163,0.011817722,0.0040262686,-4.7672875e-06,0.009492212,0.006971534,0.017189266,-7.889874e-06
0.0045720767,0.004316833,0.0076628244,-1.9768425e-08,0.008230452,0.002714823,0.0051406086,0.008683839,0.0060752756,0.005851697,0.0068513188,1.1570507e-06,-7.0581095e-06,0.0073654936,0.008640375,0.007319274,0.006365777,0.0063861907,0.002375542,0.010070934,0.0095789,-1.0752483e-06,0.0054952255,0.0060705417,-7.4760294e-07,-2.1297863e-06,0.005413186,0.0003913559,0.0054469216,-8.700867e-06,0.010569088,-1.0689637e-05,0.010446941,0.009562666,-4.378615e-06,0.00786567,0.0055288817,0.009727803,0.00647125,0.00027634992,-6.1269207e-06,-2.3344521e-06,-1.8090011e-06,0.008319833,3.60201e-06,0.0007564212,0.009280998,0.0076705185,-5.6716526e-06,0.0067549255,-6.592788e-06,0.007525891,0.002927176,0.009182604,0.009191241,0.0074149775,0.01019835,0.003804627,0.0064457282,-2.2681697e-06,0.0049883435,0.00021128767,0.006369412,0.0052677975,0.003224394,0.008690318,0.006864305,0.003961828,-5.903116e-06,0.001947266,0.00972596,0.009370492,0.008839495,-4.621619e-06,-2.3094123e-07,0.0032172033,0.0090782745,0.0088344645,0.010642308,0.006648216,0.0065310504,-2.9311432e-06,0.0067513525,0.0056543974,0.008998641,0.003979625,0.0077258744,-3.7081236e-06,0.009004872,0.009890325,-1.7086275e-06,0.007060201,0.0069294353,0.006609751,0.0,0.0037554787,0.0021012966,0.0018734632,0.005739161,-7.846036e-06,1.3088344e-06,0.0003478017,0.0020381473,0.008446554,2.2683826e-06,-6.5489503e-06,0.006274644,0.0040590907,0.018393278,-4.4336516e-06
0.006318706,0.0060536256,0.008791108,0.0006595663,0.009500202,0.0047635892,0.006728191,0.0097013535,0.0074407817,0.007349697,0.008089143,0.002031169,-7.3593205e-06,0.008833007,0.009422967,0.008695023,0.007577022,0.0076083895,0.004249766,0.010242131,0.010098802,-6.8577806e-06,0.007107722,0.007536377,0.0014729261,-3.909251e-06,0.0069906614,0.002257196,0.00699841,-5.908177e-06,0.011115272,-6.2872127e-06,0.010432145,0.010352967,0.0008454117,0.009158327,0.0072300523,0.009375095,0.0078068743,0.0023999515,-1.2005274e-05,-9.135797e-06,-1.2551649e-05,0.009151294,0.0011422861,0.0027630418,0.009936946,0.008974443,-7.0837777e-06,0.007879426,-2.7171216e-06,0.008619856,0.0048139933,0.009786708,0.00969366,0.008515689,0.010321304,0.005444007,0.007831348,-7.3529677e-06,0.006658779,0.0024325682,0.007848511,0.0068815504,0.005111801,0.009150158,0.008126394,0.005607612,-6.520347e-06,0.0039400714,0.009291668,0.009624493,0.010023179,-7.618322e-06,0.00035058463,0.004910273,0.009945145,0.009467677,0.009199446,0.008318497,0.007973697,-6.6799917e-06,0.008389403,0.0070725894,0.009429856,0.0057884236,0.009241719,-5.019572e-06,0.0095204115,0.01047238,-8.488838e-06,0.008431314,0.008246571,0.007952518,0.0034590927,0.0,0.0039400593,0.003717877,0.007005411,-8.269644e-06,0.0018128979,0.0022228195,0.0037740069,0.009667054,0.0011474035,-1.1090945e-05,0.0077414974,0.0054876707,0.017466946,-1.0657986e-05
0.006062619,0.0058379173,0.008412555,0.00089692906,0.008854131,0.0037352971,0.006473134,0.009164311,0.007439921,0.0073244646,0.007833803,0.0017223295,-4.543389e-06,0.008107132,0.008617883,0.008338878,0.007608714,0.007864069,0.004179344,0.008930423,0.008983717,-4.7973363e-06,0.0065582395,0.0074247955,0.0018242315,7.6667976e-07,0.0067334417,0.00087053684,0.006985224,-4.551168e-06,0.010138081,-4.291059e-06,0.009342963,0.009582424,0.0016517475,0.008301074,0.006378857,0.007724689,0.00774662,0.0017326539,-3.0736594e-06,-4.2020124e-06,-6.6324574e-06,0.00852995,-3.9113775e-06,0.0030738558,0.00919599,0.0083727,-5.20888e-06,0.007519866,-2.5362579e-06,0.008459383,0.0047596158,0.008996961,0.0085915765,0.008240202,0.009161802,0.0044680787,0.007795167,-5.308504e-06,0.006398674,0.0030413088,0.0077427686,0.0063981265,0.0047041983,0.00820494,0.008054308,0.0041139796,-4.7551093e-06,0.00364996,0.0077938875,0.008410189,0.009222438,7.799199e-05,0.0008615851,0.0038865446,0.009329775,0.008375407,0.008366315,0.0076064495,0.0072038835,-5.839577e-07,0.007524594,0.0071311505,0.008705066,0.005438386,0.0083714025,-4.5135575e-06,0.008386851,0.009689367,1.5026276e-06,0.0081952335,0.005491067,0.0077737626,0.0022836495,0.004703911,0.0,0.0045679025,0.007190857,-4.840189e-06,0.0016242863,0.0015409001,0.0027446765,0.009294384,0.002165557,-4.4237972e-06,0.0065941378,0.0024721299,0.015769016,-2.8210409e-06
0.0059701293,0.005618257,0.008212706,0.00061248563,0.008654638,0.0037760132,0.0064808168,0.0089979265,0.007159443,0.0070410836,0.0076650986,0.0015393789,-6.1975884e-06,0.007976232,0.008588578,0.008345294,0.007332418,0.007673229,0.0039077536,0.008912508,0.008991311,-1.6180923e-06,0.0063799387,0.0073894127,0.0017395935,-8.067982e-06,0.0066706142,0.0006692265,0.006787777,-2.925623e-06,0.010059113,-7.1056684e-06,0.009306358,0.009456845,0.0013458222,0.008210944,0.0064150817,0.007687231,0.007476294,0.0016040144,-9.047115e-06,-1.2874748e-05,-5.397661e-06,0.008415173,-6.338481e-06,0.0027366534,0.009193557,0.008303554,-1.2760318e-05,0.007355359,-6.1320898e-06,0.008268869,0.0046248985,0.008833837,0.00847062,0.008083853,0.009018494,0.0043547596,0.0076569766,-1.30384e-06,0.0063125296,0.002736654,0.007453695,0.006379996,0.0046595978,0.008095851,0.007926363,0.0040618,-9.343203e-06,0.0033753135,0.0075000627,0.008219588,0.009104384,-8.075583e-06,0.00058951305,0.003796485,0.009341441,0.008309601,0.008247057,0.0075139827,0.0070512006,-2.188419e-06,0.007264675,0.006907757,0.008529291,0.0054682866,0.008352938,-2.9085415e-06,0.008361084,0.009546327,-5.0186777e-06,0.008169519,0.005546853,0.0075773504,0.0022474392,0.004414569,0.004331864,0.0,0.006947907,-3.5738415e-06,0.0015222669,0.0013036671,0.0027289703,0.009152998,0.0018660222,-2.9354721e-06,0.0064270017,0.0024279037,0.015635453,-5.5683563e-06
0.007818196,0.007522875,0.009867027,0.0028197851,0.010607473,0.0055876994,0.008200046,0.010659195,0.009085379,0.008803592,0.009581235,0.0036496068,0.0006711996,0.009607567,0.010612819,0.009933781,0.0092180865,0.009499152,0.005877473,0.010973668,0.010981644,0.0003832198,0.008106337,0.008951235,0.0039139288,-7.010282e-06,0.008681125,0.0029636298,0.008395906,-1.0407303e-05,0.011693174,-7.3968904e-06,0.011152857,0.011306231,0.0034791655,0.009850884,0.007929694,0.009948387,0.009197349,0.0038888636,-7.0781675e-06,-8.121508e-06,-5.964717e-06,0.010453503,0.0019121188,0.004875616,0.011073709,0.009902612,-8.160189e-06,0.009431518,-2.4986778e-06,0.009930655,0.0063900305,0.010795629,0.010514762,0.009943264,0.010815733,0.00619345,0.009383509,-5.456961e-06,0.008082602,0.0046465993,0.009174465,0.008064361,0.006549484,0.010048466,0.009598324,0.0058956263,-8.385005e-06,0.005459543,0.009735688,0.010295787,0.010737738,0.0019852538,0.0030287164,0.0058409655,0.010833532,0.01012397,0.009767845,0.009137387,0.0089465985,0.0010994098,0.008951697,0.008770768,0.010354508,0.00718534,0.009744412,0.0010538347,0.010257391,0.011154909,-1.0968653e-05,0.009743334,0.0076210666,0.00943573,0.0042483993,0.006413985,0.0063792984,0.006169381,0.0,-4.822771e-06,0.003721359,0.003516206,0.0048659276,0.0106230965,0.0036413588,-6.511961e-06,0.008135452,0.0050425157,0.015887639,-7.262031e-06
2.2906203e-05,-5.802086e-06,2.6842657e-05,6.1419263e-07,3.9914336e-05,6.874003e-06,2.1511862e-05,3.9785446e-05,1.2153588e-05,3.2014648e-06,4.580077e-05,5.8586497e-06,1.2762895e-05,4.9710965e-05,6.811992e-05,4.5842065e-05,2.364741e-05,2.3615647e-05,1.2953631e-05,0.008846659,0.0043117804,-3.7198445e-06,2.3902916e-05,3.1955646e-05,1.8516363e-05,5.5211513e-06,4.972787e-06,1.6522985e-05,2.8547294e-05,2.0145613e-05,0.010324218,-9.039423e-06,0.00952021,7.140498e-05,2.2534941e-06,5.562421e-05,1.2123456e-05,0.00869959,1.613939e-05,-9.156691e-06,6.5991944e-06,1.7174962e-05,7.6194733e-06,3.5337773e-05,7.1275385e-06,-7.791074e-06,6.5196444e-05,2.802333e-05,1.1711421e-06,4.202207e-05,-1.2661616e-06,1.9228946e-05,2.3254738e-06,5.980037e-05,7.0341746e-05,2.038469e-05,0.014097377,2.1079926e-05,3.1681382e-05,-1.1413432e-05,3.7964432e-07,3.7574457e-06,1.4702343e-05,1.2984552e-06,1.4879644e-05,4.5919824e-05,2.7851827e-05,8.085633e-06,-5.333918e-06,-5.6428507e-06,0.010938884,0.0017141376,6.198248e-05,1.173801e-05,2.6128164e-05,1.8337363e-05,5.7056557e-05,5.5505883e-05,0.02217436,3.2561533e-05,2.4063545e-06,-1.14114755e-05,2.0855827e-05,2.3033006e-05,3.716605e-05,-7.0377455e-06,3.9231647e-05,1.0887249e-05,0.0035817774,0.0024545216,1.1410172e-05,2.2616925e-05,1.8004432e-05,2.0417257e-05,-3.055418e-06,2.0445374e-05,1.8981767e-05,1.5220571e-05,2.6873087e-05,0.0,-8.619166e-06,1.6129445e-05,-2.1649262e-06,3.7303726e-05,-1.0494315e-05,9.459115e-06,3.044231e-05,1.2943996e-05,0.054697823,8.048154e-06
0.004480638,0.0041599446,0.007471412,-2.0345376e-06,0.008030865,0.0021308484,0.0048997207,0.008491803,0.0059687896,0.0057121594,0.006710195,3.408586e-06,1.4276534e-06,0.0069872597,0.008192941,0.007274274,0.0061651524,0.006203661,0.0022575846,0.009384121,0.009071675,2.4323867e-07,0.005203928,0.006004716,5.7915913e-06,-4.2269075e-06,0.005168673,3.4571112e-06,0.005111867,-2.5185352e-07,0.01012376,-5.4737716e-06,0.009578062,0.00908134,6.0350585e-06,0.007460277,0.005026991,0.008054886,0.0062646265,1.1097848e-06,3.038622e-06,9.59249e-08,-8.4644225e-06,0.007995974,1.4018724e-06,0.00062835164,0.00899464,0.0073331036,-2.1320718e-06,0.0064777443,-1.3340401e-06,0.007215089,0.0027947384,0.008701054,0.00857581,0.007163758,0.009097948,0.0030917784,0.006326348,-3.298992e-06,0.0048077973,0.00022081374,0.0062078424,0.0049112886,0.0031245095,0.007885237,0.006645592,0.002983365,2.791627e-06,0.001769663,0.0080283,0.008178959,0.008544777,-8.4973453e-07,3.8110848e-06,0.0026527615,0.008729189,0.008461874,0.0087718675,0.00638198,0.005965266,-4.125665e-06,0.006314245,0.0054935226,0.008246804,0.0037532547,0.0075228666,-4.1273147e-06,0.008555231,0.009525381,-5.0586277e-06,0.006900264,0.005804072,0.00637182,0.0007923431,0.0031010138,0.002086772,0.0019315301,0.005474758,1.2749646e-06,0.0,3.740924e-06,0.0014774755,0.008222161,-3.1283827e-07,-2.8803277e-06,0.0057245856,0.002608922,0.017897451,1.6262468e-06
0.0037629432,0.0036315382,0.0074590263,8.0157415e-06,0.008166727,0.0020098554,0.004643325,0.008376007,0.0057443683,0.005374302,0.0067163133,3.93894e-06,8.161374e-06,0.007009304,0.008745132,0.0072547738,0.0060556703,0.0062665576,0.0018228255,0.010340979,0.009754828,-3.105411e-07,0.0046654157,0.005800759,3.5417725e-07,3.3403016e-06,0.0050273286,3.115734e-06,0.004948673,2.4493763e-06,0.010656893,3.7576951e-06,0.01052349,0.009647949,4.534041e-06,0.0070574707,0.0051605143,0.010259205,0.0062722997,4.866654e-06,-1.6466207e-06,5.554729e-06,8.340408e-06,0.008365841,2.0981865e-06,3.380057e-06,0.009358126,0.0069093746,8.946815e-06,0.0066397195,2.1861492e-06,0.0073189754,0.0023060963,0.009248375,0.009251173,0.0072616073,0.010661793,0.0031750652,0.0061625144,2.1981984e-06,0.0047231466,3.5211573e-07,0.0062029716,0.0043698936,0.0023693333,0.008716131,0.0066107954,0.0032715474,-1.3641602e-06,0.0013701174,0.010337897,0.009630659,0.008480317,1.6698981e-06,6.552928e-06,0.0024325692,0.00904972,0.009133354,0.0111280065,0.006260778,0.005507873,2.3927403e-06,0.00642375,0.0051555852,0.009034287,0.0033509305,0.007496314,-7.624125e-07,0.009479551,0.009931005,8.407167e-06,0.0068801935,0.006881008,0.0063632764,0.00012611666,0.0030809038,0.0014346201,0.0011425536,0.0052266438,5.439199e-06,3.2233108e-06,0.0,0.0012502057,0.008423177,8.5544684e-07,-2.7040162e-06,0.00581126,0.003407133,0.0201249,6.6286443e-06
0.00494442,0.0046621687,0.008026094,2.884417e-06,0.008619276,0.003224037,0.005388671,0.009044801,0.006484422,0.0060790027,0.007150647,0.00048123504,-1.0470094e-06,0.0076319063,0.008921611,0.0076457644,0.0066741393,0.006626247,0.0029673933,0.010341742,0.0097729005,1.0192574e-06,0.005809756,0.0064727645,5.4583056e-06,6.5730944e-07,0.00587273,0.00079383346,0.0057673254,-6.855082e-06,0.010856574,-1.5303214e-06,0.01052879,0.009832626,2.6098292e-06,0.0081915995,0.0060063414,0.009823004,0.006761788,0.0008455807,-5.749235e-06,-4.6139928e-07,-2.6895785e-07,0.008597613,6.33013e-06,0.0012825684,0.0095878085,0.007855854,-7.347049e-06,0.007193618,3.3874996e-06,0.007707533,0.0033758725,0.009425856,0.00937233,0.007734935,0.010473418,0.0043800147,0.0069165593,2.436322e-06,0.0053989217,0.0006622277,0.006823446,0.0055627692,0.0037689814,0.008780893,0.00721911,0.0043937,1.3902473e-06,0.002561944,0.009803425,0.00956323,0.0091667175,-3.1922734e-06,6.965042e-06,0.003567986,0.009308556,0.009156664,0.009923396,0.006971744,0.006672218,5.9712704e-07,0.0071525816,0.005773833,0.009046944,0.0042301817,0.007939308,5.3983413e-06,0.009439985,0.010205561,-3.7673517e-06,0.0075772135,0.007457462,0.007130576,0.0017274088,0.0039797397,0.0024220906,0.0024161306,0.006014168,-8.81743e-06,0.00029575187,0.0007628209,0.0,0.00874213,3.7920836e-06,-5.8085575e-06,0.0065806815,0.00447374,0.018927839,-1.7914422e-06
0.011073141,0.010639858,0.013285797,0.0058036866,0.013874835,0.009057462,0.01122385,0.01412157,0.011978961,0.011973823,0.012472158,0.007058075,0.002926349,0.013169017,0.013460948,0.01294375,0.01192916,0.012103207,0.009265379,0.013935671,0.014213108,0.0038432314,0.011677628,0.011880103,0.0067896885,0.00037189384,0.0118656345,0.006945639,0.011451737,-4.169358e-06,0.015258122,-7.7189503e-07,0.014182424,0.014244445,0.0062495684,0.013525129,0.011580836,0.012280992,0.012239756,0.0073172892,-2.520912e-06,-2.2233837e-06,-4.039419e-06,0.013140701,0.0059032748,0.007804705,0.013988269,0.013147317,-2.1601088e-06,0.012013326,0.0034001858,0.012901797,0.009278813,0.01389506,0.013249928,0.012806322,0.014214314,0.009977522,0.012179394,0.0031598427,0.011360884,0.0074540135,0.012055232,0.011510379,0.00987572,0.012982168,0.012235844,0.009847616,-2.6055354e-06,0.008884006,0.012712496,0.013182207,0.014307657,0.004686583,0.005954705,0.009540051,0.014198013,0.013514357,0.013001606,0.012420291,0.0124974325,0.0041219206,0.012663011,0.011647706,0.013131269,0.0102396775,0.013300778,0.0045475764,0.013598928,0.014631926,-1.8822982e-06,0.012777643,0.012250113,0.012500795,0.007911259,0.010024052,0.009019752,0.008759246,0.011578265,-7.866087e-06,0.0069315187,0.007213622,0.008318473,0.0,0.0064147078,-3.4182588e-06,0.012068571,0.00958111,0.019820832,-4.2348966e-06
0.0042403205,0.0038709952,0.006993781,1.6280479e-05,0.007875218,0.0016477902,0.0048180385,0.008461749,0.005560622,0.0056502866,0.0064413063,1.3515859e-05,5.813282e-06,0.006507048,0.008097246,0.006974554,0.0061350637,0.006455834,0.0020679305,0.009045372,0.008839419,9.621541e-06,0.0047968687,0.0057300027,1.45263975e-05,1.0948081e-05,0.0048405,1.8805273e-05,0.0050416575,3.7696425e-06,0.0102220075,1.347105e-06,0.0094089825,0.008995226,1.5943304e-05,0.0068636728,0.004871184,0.008403205,0.0061310963,1.3962853e-05,8.7963845e-06,1.8990942e-06,6.7744886e-06,0.007855727,1.6703902e-05,0.0007345745,0.008854763,0.006778484,7.387694e-06,0.006420337,9.9709505e-06,0.007013253,0.0028197933,0.00858341,0.00836054,0.0067864675,0.009308707,0.0026520414,0.0062092748,1.2064675e-05,0.0045687077,0.00070342876,0.006053602,0.004713017,0.0028367287,0.007826189,0.0065167984,0.0022939849,6.3897305e-06,0.001480288,0.00838432,0.008240658,0.00812481,1.1671212e-05,1.7899956e-05,0.001924546,0.008829731,0.00816822,0.009201923,0.006033588,0.0056502493,1.0865705e-05,0.0058834297,0.005355569,0.008219149,0.0036946083,0.007030561,9.789355e-06,0.0084175365,0.009362223,4.855978e-06,0.006653179,0.004062791,0.0060517755,0.00033457743,0.0026924245,0.0030094567,0.0023957659,0.00527582,7.0681444e-06,1.686677e-05,1.9359937e-05,0.0006261035,0.008070001,0.0,9.048751e-06,0.004720519,0.00035014394,0.018582826,1.0726578e-05
2.6058557e-05,4.5816564e-06,0.0003838676,-1.2071889e-06,0.0024575233,1.4512592e-05,1.1951982e-05,0.0046537183,1.7643844e-05,3.432849e-05,2.2476268e-05,9.642026e-06,1.7557078e-06,4.200806e-05,0.004290846,3.7706235e-05,3.079342e-05,1.6753089e-05,-3.3047468e-06,0.011654808,0.009620711,8.659972e-06,2.844745e-05,2.2948863e-05,-5.6524227e-06,2.4500157e-06,2.020908e-05,8.453347e-06,1.6453241e-05,-1.40493785e-05,0.012264703,9.169879e-06,0.011976778,0.006751796,-1.0888468e-05,4.357651e-05,3.214217e-05,0.012183421,3.2274045e-05,-7.1314585e-06,1.0315292e-06,7.688914e-06,1.4476576e-06,0.0032957587,-2.1556289e-07,1.8121385e-06,0.0068131853,2.2446133e-05,1.8627125e-06,1.7640548e-05,-1.7071387e-05,4.0000057e-05,1.9199011e-05,0.006409243,0.0064041303,3.2240016e-05,0.013946947,3.0995052e-06,1.2997422e-05,1.5646867e-05,1.9748222e-05,4.0551854e-06,2.5603771e-05,1.4320439e-06,4.4845257e-07,0.005798482,1.1817547e-05,-7.340495e-06,-1.2664622e-05,-7.3167307e-06,0.012970215,0.008692202,0.0052573215,2.6894907e-06,-1.4575894e-05,4.2556553e-06,0.004853461,0.007803673,0.0186244,2.1701018e-05,2.561372e-05,1.1721609e-05,1.415828e-05,1.0120427e-05,0.0047640894,1.7511657e-05,2.9991948e-05,-1.4095714e-05,0.009614496,0.009221505,-4.1715434e-06,2.7757258e-05,1.4210915e-05,2.727885e-05,5.296265e-06,1.2581436e-05,-3.9234883e-06,-1.807542e-07,1.3223078e-05,-4.8710154e-07,-2.9684602e-06,-3.276186e-06,8.900831e-06,0.003180885,-1.1772659e-05,0.0,2.64269e-05,2.2177076e-06,0.037157312,-1.3026755e-05
0.007714668,0.007359055,0.010022997,0.0022176742,0.010828838,0.006322087,0.00813639,0.011036057,0.008819154,0.008541219,0.009195772,0.003597172,-2.9392309e-06,0.010182731,0.0106721595,0.009934009,0.008855641,0.008795633,0.0057745734,0.011477015,0.011150134,0.0003444698,0.008560699,0.008917341,0.0029370314,-3.3990561e-06,0.008340551,0.0042611575,0.008175291,9.480577e-07,0.012257975,-6.904364e-07,0.011763052,0.011546469,0.0024454654,0.010529415,0.008848216,0.010544225,0.009158187,0.0040525133,6.615087e-07,3.803528e-07,-1.081614e-06,0.010353109,0.0029845585,0.004230247,0.011114704,0.010248298,-5.2106247e-06,0.009053625,1.3403463e-05,0.009755453,0.0061081504,0.011153806,0.010760064,0.009771149,0.011501369,0.0072614807,0.009142467,2.5285594e-06,0.00813906,0.0038491911,0.009143095,0.008412142,0.0066862246,0.010400051,0.009333974,0.0074600466,-1.5660327e-06,0.005623645,0.01059946,0.01074158,0.011208993,0.0008108069,0.0020140132,0.0067545013,0.011120068,0.010662562,0.01021845,0.009660302,0.009473843,0.0005080007,0.009686341,0.008383188,0.010589812,0.007101589,0.010368438,0.0009686655,0.010684238,0.011845271,-5.525962e-07,0.009632166,0.010161191,0.009309354,0.005122406,0.0072047007,0.005236418,0.0050604204,0.008225091,7.866102e-07,0.0036034456,0.0041450216,0.005690371,0.010925951,0.0025729649,-5.7008665e-06,0.0,0.0077742906,0.018119998,-2.9581845e-06
0.0051213815,0.0046800007,0.008172852,3.9286692e-06,0.00893947,0.0038131033,0.0055913874,0.00949424,0.0065211225,0.006132242,0.007602849,0.0010117193,4.8569764e-06,0.008013648,0.010336474,0.007909192,0.0072833668,0.006914338,0.0031497637,0.012156679,0.011325624,8.985839e-06,0.0061558005,0.0064768502,5.4274722e-05,5.1596057e-06,0.0059930864,0.0023218223,0.0057211383,-1.5891013e-06,0.0115300305,3.884037e-07,0.012370421,0.010832835,9.931726e-06,0.008436926,0.006431087,0.0127688935,0.00697504,0.0013217552,1.236296e-06,6.7884343e-07,-2.0596196e-06,0.009769245,0.0009044536,0.0010267019,0.010898167,0.008098044,9.766466e-07,0.008246931,8.564222e-06,0.007920037,0.0031599386,0.010802001,0.010976365,0.008021172,0.012467949,0.0050770747,0.0068388474,2.9266387e-06,0.0056370217,0.00026174635,0.006746212,0.005870171,0.0039828205,0.010517413,0.00784507,0.005428129,2.7682813e-06,0.0028049406,0.012816546,0.0115802,0.009598735,4.7073063e-06,1.1592679e-05,0.0045050313,0.009690579,0.010785879,0.014213095,0.0071066595,0.0069377017,8.07799e-06,0.0075621665,0.005814778,0.010666688,0.0044196,0.008258993,1.0205576e-05,0.011171992,0.011014181,5.6324943e-06,0.007551699,0.009355757,0.0071714213,0.0027830678,0.004622804,0.0019554936,0.0017535663,0.0061474135,-4.274798e-06,0.0005689147,0.0017181892,0.0034584426,0.008932443,5.77728e-06,-1.3955386e-06,0.007384195,0.0,0.02224693,5.7719576e-06
0.028679645,0.027914343,0.029767657,0.025738215,0.03037115,0.029095644,0.028628984,0.030935304,0.028804451,0.029158046,0.029384125,0.027283607,0.022688083,0.030451095,0.030077102,0.029474985,0.02820499,0.0284423,0.028416764,0.032197498,0.031702492,0.025503695,0.029561916,0.029311312,0.027317531,0.02375566,0.029268563,0.028394269,0.028746892,0.022635821,0.03347757,0.023243137,0.03234999,0.031231966,0.02621976,0.030759787,0.029934864,0.031211562,0.029291559,0.027571037,0.022912977,0.020906277,0.019942727,0.029978307,0.027292684,0.026983105,0.031036103,0.029854598,0.019995622,0.027875507,0.025797378,0.029592138,0.027597671,0.030589769,0.030469969,0.029426003,0.032700684,0.02909825,0.028885188,0.025847204,0.029133225,0.02694119,0.02880057,0.028823184,0.02815616,0.030439025,0.028837083,0.029165555,0.022039155,0.027793005,0.031595707,0.03112616,0.031251915,0.024527557,0.027039729,0.02878659,0.030924955,0.030792782,0.03273432,0.029550811,0.02939086,0.025313135,0.030209433,0.028162478,0.030161796,0.027414767,0.02985174,0.02605595,0.03123533,0.03156211,0.023290636,0.029652309,0.029942445,0.029490814,0.027784763,0.028777877,0.027390236,0.02715462,0.028133856,0.017996361,0.026709158,0.027766446,0.028066464,0.031281207,0.02695386,0.022247149,0.029949076,0.02847964,0.0,0.022783011
3.9532653e-05,1.48293175e-05,0.0016975272,2.3704488e-05,0.0035823474,8.4936055e-06,2.818861e-05,0.0057145115,5.3861375e-05,5.209488e-05,4.4454235e-05,5.6065833e-06,1.4093677e-05,0.000118123746,0.0053181183,4.4309934e-05,4.4082182e-05,4.81467e-05,2.165444e-05,0.012163306,0.010133308,1.1786181e-05,4.7662263e-05,4.6573838e-05,1.7238981e-05,1.9761294e-05,4.048864e-05,1.9477553e-05,4.540148e-05,2.0577432e-05,0.012483348,1.0145947e-05,0.012613136,0.007558416,2.2547978e-05,0.0014349475,4.5218643e-05,0.013200168,4.431367e-05,1.3343168e-05,-8.62996e-06,-3.3175107e-07,-6.743288e-07,0.0043952474,6.180572e-06,9.4166435e-06,0.007544176,5.6449717e-05,2.0446766e-06,5.4502027e-05,2.1900949e-05,0.00017098217,2.0650466e-05,0.0072900853,0.007497679,4.1705185e-05,0.014121555,3.6333644e-05,4.433263e-05,9.685403e-06,2.567105e-05,1.33470685e-05,2.9755236e-05,4.522391e-05,3.3301047e-05,0.006683322,5.353197e-05,2.785692e-05,-6.499818e-07,2.1408227e-05,0.014019816,0.009592836,0.006359295,-1.3269062e-06,2.5571559e-05,3.4075783e-05,0.0057069943,0.008710826,0.019258447,3.6942667e-05,4.692173e-05,2.3710472e-05,3.836205e-05,2.8787263e-05,0.005953457,1.4841394e-05,7.132031e-05,1.4430633e-05,0.010075839,0.009776493,2.0945581e-05,4.443923e-05,5.2420106e-05,5.268401e-05,1.7352024e-05,2.6792088e-05,9.090972e-06,1.0761229e-05,4.3351294e-05,1.9965284e-05,2.2525095e-05,3.0521278e-05,2.666607e-05,0.0043674204,1.1855497e-05,-7.970056e-06,2.8030552e-05,2.6753505e-05,0.03628843,0.0
