1,2,3,4,5,6,7,8,9,10,11,12,13,14,15,16,17,18,19,20,21,22,23,24,25,26,27,28,29,30,31,32,33,34,35,36,37,38,39,40,41,42,43,44,45,46,47,48,49,50,51,52,53,54,55,56,57,58,59,60,61,62,63,64,65,66,67,68,69,70,71,72,73,74,75,76,77,78,79,80,81,82,83,84,85,86,87,88,89,90,91,92,93,94,95,96,97,98,99,100,101,102,103,104,105,106,107,108,109,110
0.0,0.996916,-0.0015812757,-0.0015987195,-0.0018699875,0.996387,1.9182862e-06,-0.0014130309,-3.5979615e-06,0.9969263,-0.0016552133,-0.0015818327,-0.0012699289,-0.00091537973,7.710816e-06,-0.00097485876,-4.1354465e-06,-0.0015893276,0.99689054,-1.00652305e-05,-0.00042434363,-0.0016458316,-0.00064756727,-0.00015022964,-0.00079332525,-0.001302425,-0.0017061125,-0.00013994168,-0.0010773434,-0.00028735131,-0.0008115799,-2.6556374e-05,-0.0018617467,-0.0003774424,-0.00024709152,-0.00044868884,-0.00037889704,-0.0018199587,-0.00030576,-0.00020552884,-0.00016187156,-1.41912415e-05,-0.00013153456,-6.615349e-05,-0.0013855475,-0.0013778729,-0.0017156601,-0.00031714886,-0.0007785708,-0.0005694421,-0.0003388982,-0.0016299133,-0.0006084328,-0.0017595786,-0.0013789745,-1.2283464e-05,-0.0015998384,-0.00039292133,-0.0008729222,-1.454647e-05,-0.0016263687,-0.0016630753,-0.001631161,-0.0004482675,-0.0013752886,-1.5112428e-05,-0.0013161515,-0.00042322147,-3.547415e-06,-0.00093196146,-0.0016073021,-0.0015156089,1.08012855e-05,-1.0709638e-05,-0.0016140271,-0.00012305072,-0.0013791068,-0.0017720459,-0.0005991408,0.9964955,-8.121709e-06,-0.0013317167,-0.00018809535,-2.1740378e-05,2.8378977e-06,-3.968489e-05,-3.9736574e-06,-0.0015359705,-0.0017657701,-0.00063049525,0.9969217,-0.0005769889,-6.693379e-06,-0.0018954717,-9.648968e-06,-0.00085207436,-0.0002998024,-0.0012672284,-2.3729457e-05,-0.0016680745,-0.0006838681,-5.4840315e-05,-0.0003281124,1.1805694e-05,2.4028734e-06,-0.00047572164,-6.422178e-05,1.0837483e-06,-1.5914658e-05,-6.669691e-06
0.00066776917,0.0,0.0010550938,0.001041686,0.0010916624,1.0014644,0.00034246495,0.0009866946,0.00019015699,1.001935,0.0010577539,0.0010686275,0.00096484896,0.0008883731,0.00022307174,0.00092417444,0.00031878552,0.0010510918,1.0019408,0.00031501346,0.0007629881,0.0010761296,0.00085059,0.00066476164,0.0008875102,0.0009720972,0.0010695951,0.0006729504,0.000924855,0.00075347215,0.0008696069,0.00054344715,0.0010906492,0.0007873634,0.00069219584,0.0008085918,0.00081140536,0.0010745211,7.6948905e-05,0.0006744409,0.00066622515,0.00053921755,0.0006783774,0.00061561906,0.0009726844,0.0009766447,0.001091499,0.0007400685,0.00089515146,0.00083686155,0.00080333406,0.0010338828,0.0008605783,0.0010972181,0.0009838723,0.00048528027,0.0010530611,0.00080982834,0.0008964216,0.000417279,0.0010409971,0.0010771451,0.0010678476,0.00081117806,0.00095605844,0.00056556356,0.0009827187,0.0008068718,0.00017030038,0.0009023706,0.0010531408,0.0010043267,0.00034292752,0.00060834,0.0010604695,0.00066384213,0.0009904705,0.0010890766,0.0008188842,1.0015802,0.00027454633,0.00097017735,0.00070734805,0.0005957772,0.0003668156,0.00059781095,0.00048501842,0.0010035351,0.0010884423,0.0008315653,1.001959,0.00084791204,0.0005767936,0.0010793908,0.0006173756,-8.3972714e-05,0.00073479884,0.00096379576,0.0004937114,0.0010861617,0.0008565909,0.00060873927,0.0007678513,0.00046818444,0.00033752067,0.0008121001,0.00011523594,0.000528877,0.00044570048,0.00045849424
0.004044652,1.0021678,0.0,0.004625043,0.0046600527,1.0009935,0.0033472532,0.004655662,0.003315061,1.0019172,0.004646366,0.004652564,0.0045767687,0.004486309,0.0033678242,0.004825861,0.0033526146,0.004666778,1.0017974,0.0033711912,0.004225171,0.004643231,0.004420248,0.004094592,0.0044382075,0.004608595,0.004656703,0.0041459235,0.004842937,0.004303318,0.0044035376,0.0037418343,0.0046593463,0.0042347857,0.004183268,0.0042745913,0.0042487923,0.004667657,0.003272769,0.0041582664,0.0041059507,0.0037817608,0.0041089375,0.003957103,0.0046313615,0.0049329856,0.004641138,0.0042760596,0.0044508656,0.004348823,0.004239546,0.0048644138,0.0043654754,0.0046453755,0.004624532,0.0036718629,0.0046449807,0.0042673247,0.004485409,0.0035590974,0.004624638,0.0046672276,0.0046427012,0.004296833,0.004651611,0.0037478448,0.004907804,0.0042651454,0.0033195626,0.0045710364,0.0049529723,0.0046279673,0.0033986869,0.0039687804,0.0046843872,0.00410485,0.0045864633,0.004665346,0.0042955037,1.0009291,0.0033525133,0.004591459,0.0042057866,0.0039131716,0.0034146006,0.0039078845,0.0036222332,0.0046492303,0.004647046,0.004421966,1.0019866,0.004356439,0.003853484,0.0046812883,0.0039120982,0.0036238295,0.004237869,0.004592286,0.0037270845,0.0046305037,0.0044124946,0.0039638584,0.0042598336,0.003611681,0.0034613262,0.004276522,0.0033290577,0.003806154,0.0035500627,0.0036313722
0.003986217,1.0020789,0.004926244,0.0,0.004641285,1.0007678,0.0032694628,0.004733444,0.0032033364,1.0017766,0.0046320753,0.004634436,0.0045335875,0.004773322,0.0032479544,0.004802201,0.0032603298,0.0047619897,1.0016849,0.0032515435,0.0042147017,0.004624549,0.004416134,0.0040302053,0.004401907,0.0045803008,0.0046295,0.004058825,0.0048240446,0.004239319,0.00438934,0.0036581608,0.0046376875,0.0042031785,0.004128973,0.0042099636,0.004205511,0.004636325,0.0031404032,0.004092441,0.004039686,0.003728894,0.004034753,0.0038904462,0.0048991507,0.004914634,0.004934027,0.004226692,0.004409169,0.0043080044,0.0041856295,0.0049360804,0.0043042563,0.004610147,0.0045841276,0.0035823174,0.004655039,0.004211429,0.004452295,0.0034421177,0.0045977803,0.0046841158,0.004920272,0.0042548827,0.004896703,0.0036596945,0.0048731803,0.0042084455,0.0031997343,0.0046937135,0.004945057,0.004922508,0.0032856015,0.003884269,0.0047013634,0.0040364703,0.004885068,0.0046414477,0.004258164,1.0008215,0.0032266025,0.0048802905,0.0041206293,0.0038455587,0.0033375376,0.0038528908,0.003534994,0.0049231746,0.0046311244,0.0043996293,1.0018837,0.0043047583,0.0037739784,0.004667284,0.003835761,0.0030465066,0.0041802404,0.0045678876,0.0036356635,0.004927664,0.0043595885,0.003880402,0.004212932,0.0035079936,0.0032902258,0.004227581,0.003180511,0.0036926607,0.003436086,0.0035114372
0.00548898,1.0043348,0.0055531063,0.0055593336,0.0,1.0043927,0.005366093,0.005585973,0.0054020514,1.0042975,0.005548646,0.0055647553,0.005585754,0.005556156,0.0053953207,0.0055619758,0.00534564,0.0055597844,1.0043011,0.0053578746,0.0054749576,0.005557006,0.0055321488,0.0054935603,0.0055462522,0.0055848737,0.0055461237,0.0054865847,0.0055736024,0.0055219773,0.0055465354,0.0053890916,0.005508465,0.005466236,0.0054907924,0.0054837973,0.0054718745,0.0055167545,0.0055113495,0.0054861433,0.005481013,0.0053995783,0.005486848,0.005448913,0.0055920673,0.0055873324,0.0055399337,0.005528324,0.0055470625,0.0055037644,0.005480302,0.005581216,0.005517485,0.005526214,0.005581329,0.005387689,0.0055641155,0.0054818275,0.0055641,0.005374005,0.005567935,0.005556183,0.0055577634,0.005500106,0.005586845,0.0053929477,0.0055825682,0.0054817135,0.005434899,0.0055573415,0.0055589844,0.0055810595,0.0053664166,0.0054434827,0.005559889,0.005489,0.0055822567,0.005529313,0.005507003,1.004333,0.0053635966,0.005577964,0.0055040517,0.0054341154,0.0053513176,0.0054415306,0.0053831204,0.005589906,0.0055326824,0.005517739,1.0043162,0.0055161724,0.00542039,0.005509145,0.0054341713,0.005887465,0.005513037,0.00558637,0.0053755566,0.0055507123,0.0055404706,0.005435126,0.0055093495,0.005360342,0.005370846,0.005481868,0.0055017686,0.00540137,0.0053514186,0.0053654904
-0.00087655097,1.0002292,-0.0009023925,-0.0009309981,-0.00090588286,0.0,-0.0009387681,-0.0009226617,-0.001066344,1.0001483,-0.0009404367,-0.000888453,-0.0008955347,-0.0009440038,-0.0010232521,-0.00091225386,-0.0009961984,-0.00090760255,1.0001504,-0.00095684186,-0.00094347866,-0.0009161,-0.0009248249,-0.00090466323,-0.00090710615,-0.000925526,-0.0009364472,-0.000910456,-0.000935016,-0.00092298293,-0.0009195094,-0.0009056525,-0.0009041192,-0.00087189156,-0.0009531493,-0.0008678236,-0.0008532414,-0.00092015753,-0.001107669,-0.00096567115,-0.0009269243,-0.0009586528,-0.00088976155,-0.00092065905,-0.00093282224,-0.00091729977,-0.00087596633,-0.00091553223,-0.0008892022,-0.0008971224,-0.00084900035,-0.0009333681,-0.0008699002,-0.00088700943,-0.0009406297,-0.000917075,-0.0009218608,-0.0008624781,-0.0009190189,-0.0009137832,-0.00089888566,-0.0008978576,-0.0009239237,-0.0008679472,-0.00095827854,-0.0008687157,-0.0008971182,-0.0008593244,-0.0010566646,-0.00094172085,-0.0009021873,-0.00094767776,-0.0009623259,-0.0009206208,-0.00091392186,-0.00091805117,-0.0009187582,-0.00089917146,-0.0009198104,0.99969196,-0.0009943406,-0.00094710576,-0.0008796817,-0.0009102321,-0.0009453479,-0.0009287016,-0.0008995038,-0.0009242625,-0.0009181952,-0.00094804773,1.0001901,-0.00087327696,-0.0009161998,-0.0009269262,-0.00087320915,-0.001197486,-0.0009310469,-0.0009204952,-0.0009641428,-0.00088328694,-0.0008995633,-0.0009283957,-0.0008943908,-0.00089770317,-0.0009192056,-0.00088923005,-0.0010726483,-0.00090983853,-0.0009132075,-0.00092265493
-0.003376385,0.9962371,-0.0038406951,-0.003847732,-0.0038738537,0.99582434,0.0,-0.0038150114,-0.003339936,0.9962263,-0.0038511788,-0.0038462733,-0.0037753114,-0.0036703541,-0.0032965718,-0.0036937487,-0.003237779,-0.0038378248,0.9961936,-0.0032990947,-0.0035058972,-0.0038552443,-0.0035870252,-0.0033730115,-0.0036451183,-0.0037983542,-0.0038631083,-0.003394691,-0.003725795,-0.0034934937,-0.0036345047,-0.0032643075,-0.0038663002,-0.0034701484,-0.0034415503,-0.0034999107,-0.0034798533,-0.003863926,-0.0035390921,-0.0034316212,-0.0034009165,-0.0032507041,-0.0033889639,-0.0033377025,-0.0038120989,-0.003809435,-0.0038607642,-0.0034785133,-0.003627773,-0.0035488557,-0.003474971,-0.0038598566,-0.0035739848,-0.0038556904,-0.003820106,-0.003243299,-0.003849089,-0.0034906352,-0.0036790692,-0.0032419204,-0.003854026,-0.0038539395,-0.0038521427,-0.0035138587,-0.0038085075,-0.003288049,-0.0038010753,-0.0034885174,-0.003417292,-0.0036812315,-0.0038399757,-0.0038467085,-0.0032734121,-0.0033480814,-0.0038482286,-0.0033881457,-0.003808973,-0.003857349,-0.0035414759,0.9959476,-0.0032804115,-0.0037971095,-0.0034315658,-0.003307156,-0.003230581,-0.003323305,-0.0032445525,-0.003844841,-0.0038596322,-0.003574074,0.9962301,-0.003562859,-0.0032893203,-0.0038702197,-0.0033130492,-0.004475619,-0.0034795124,-0.0037833792,-0.003244388,-0.0038574329,-0.0036030994,-0.0033204171,-0.0034788314,-0.003236034,-0.0033001476,-0.003509586,-0.003515361,-0.0032673285,-0.0032384559,-0.0032150077
0.0027382039,1.0012547,0.004552621,0.004513851,0.004612935,0.9975441,7.549691e-05,0.0,-8.643274e-06,1.0008435,0.004555252,0.004543224,0.004355963,0.0041495822,3.6236244e-05,0.0041915257,0.00011947281,0.0045474605,1.0005683,5.394704e-05,0.003387692,0.0045442767,0.003927197,0.002898717,0.0040156837,0.004407995,0.0045727305,0.003045409,0.0042123822,0.0035485127,0.003910279,0.0015098365,0.004609224,0.0034700767,0.003221972,0.0036582102,0.0035065226,0.0046123522,2.108824e-05,0.0031489257,0.0029352722,0.0015516238,0.002987968,0.002514003,0.0044095377,0.004409071,0.0045856694,0.0033891879,0.0040582395,0.0037894472,0.0034917702,0.0045333407,0.0038524528,0.0045998455,0.004444368,0.0011667652,0.0045255767,0.0035952998,0.00410889,0.0006610988,0.004515105,0.0045801126,0.0045425785,0.0036021692,0.004416878,0.0015339256,0.004347839,0.0035906956,-1.7837769e-05,0.004178594,0.00450461,0.004496699,0.00019997987,0.0025131677,0.004581558,0.002920536,0.0043868176,0.004613015,0.0037071947,0.9977978,2.8279917e-06,0.0043905973,0.003251108,0.0022791487,0.00035017417,0.0023267271,0.0010257425,0.0044929557,0.004576644,0.0039196587,1.0009325,0.0038137585,0.0022177468,0.0046422435,0.0023558554,-7.071038e-06,0.0033626163,0.0043660663,0.001432074,0.0045498493,0.0039626756,0.0026234991,0.0034555718,0.0009484447,0.00027036143,0.003638337,4.5358895e-05,0.0016039289,0.00075288664,0.0010460424
-0.004202782,0.995789,-0.0044713323,-0.004484784,-0.004471088,0.99539477,-0.0041200737,-0.004474575,0.0,0.99576265,-0.004478104,-0.0044852816,-0.0044544344,-0.0043844776,-0.0041708117,-0.004399651,-0.004108285,-0.0044742147,0.9957335,-0.0041421214,-0.004279303,-0.0044848793,-0.004326573,-0.0041992734,-0.004369583,-0.0044660904,-0.0044846083,-0.004198877,-0.0044246465,-0.0042727953,-0.0043733413,-0.0041079163,-0.0044634035,-0.0042409366,-0.00424269,-0.0042631165,-0.004253477,-0.0044645206,-0.0044082636,-0.00423507,-0.004216097,-0.004122849,-0.0041999784,-0.0041699493,-0.0044739572,-0.004471672,-0.0044771805,-0.0042655533,-0.004361709,-0.004298146,-0.004249501,-0.0044969586,-0.0043203128,-0.0044685756,-0.0044788984,-0.004094329,-0.004485228,-0.0042539323,-0.004396903,-0.004104719,-0.0044920803,-0.0044799075,-0.004482425,-0.0042756135,-0.0044688056,-0.004120525,-0.004469619,-0.0042576394,-0.004279887,-0.004389873,-0.004478886,-0.004492744,-0.004124541,-0.004165729,-0.0044792774,-0.004211959,-0.0044713314,-0.0044647786,-0.004306304,0.99548674,-0.0041356483,-0.004463774,-0.0042248964,-0.004145589,-0.004096129,-0.004162255,-0.0040934277,-0.0044903485,-0.0044752667,-0.0043147593,0.9957705,-0.0043078368,-0.004133987,-0.0044605923,-0.0041454774,-0.005286857,-0.0042690025,-0.0044599557,-0.0041007875,-0.004482864,-0.0043379962,-0.00414782,-0.004264041,-0.004095627,-0.0041344063,-0.004270975,-0.004372157,-0.0041006934,-0.004093537,-0.004075441
0.0004457514,1.0019369,0.00076857983,0.0007531072,0.00080728036,1.0013181,0.00017558123,0.0007062822,5.4881457e-05,0.0,0.00076765043,0.00078330585,0.00069127383,0.0006223141,7.522481e-05,0.0006573333,0.00015125921,0.0007659425,1.0018731,0.00014934462,0.0005190434,0.00078733487,0.00059420755,0.00043867566,0.0006268578,0.00069261686,0.0007787977,0.00044431238,0.0006525673,0.00050966104,0.00060953014,0.0003381209,0.00080698245,0.00054767163,0.00045480783,0.00056617346,0.0005717528,0.00079003285,-5.9744943e-05,0.00043775,0.00043600652,0.00033130922,0.00045155876,0.0003945102,0.0006932186,0.00069777423,0.0008072089,0.00049970706,0.00063702936,0.0005868401,0.00056515884,0.0007454948,0.0006105219,0.0008135184,0.0007006818,0.00028975657,0.00076499226,0.00056926074,0.0006326832,0.00023581929,0.00075529446,0.00079237926,0.0007778523,0.0005695537,0.000673994,0.0003600875,0.00070662703,0.0005673455,3.796879e-05,0.00063581316,0.0007678198,0.0007163355,0.00017197106,0.00038921228,0.0007748104,0.00043467246,0.0007104255,0.0008049242,0.00056648185,1.0014517,0.000116538526,0.00068924227,0.00047709513,0.00038140145,0.0001923748,0.0003796312,0.00029029793,0.0007188335,0.00080119877,0.00057481177,1.0019001,0.000599319,0.00036548442,0.00079535064,0.00040380174,-0.000288946,0.00049200765,0.00068798213,0.0002903197,0.0008001499,0.0006027058,0.00038852295,0.0005273167,0.00027811073,0.00017102662,0.0005661716,2.0124875e-07,0.00032788556,0.00025685562,0.00026536512
0.004574544,1.0030823,0.004909402,0.0049133687,0.0049059126,1.0025386,0.004213639,0.004921411,0.0042106626,1.0029308,0.0,0.004920714,0.0048931977,0.004835445,0.0042342907,0.004846192,0.0042010266,0.0049222903,1.002886,0.004204688,0.0046688453,0.0049173594,0.004774058,0.0046008164,0.0048023914,0.0049040746,0.004918013,0.004610318,0.004858943,0.0047084894,0.0047917,0.0043865605,0.0048998245,0.0046562143,0.004642996,0.004679521,0.0046595675,0.0049043456,0.004275987,0.004628334,0.0046035643,0.0044227317,0.004599677,0.0045151436,0.004917847,0.0049053854,0.0049067647,0.0047011394,0.00480552,0.004726671,0.0046620267,0.0049402346,0.004744946,0.004905106,0.004907968,0.004353673,0.00491899,0.0046729953,0.0048325425,0.00429276,0.0049168733,0.004924547,0.004917448,0.00469446,0.0049128733,0.004388822,0.004892474,0.004676194,0.004238466,0.0048474455,0.00491046,0.00491998,0.0042203623,0.0045097917,0.004928823,0.004601609,0.004905353,0.004913725,0.004719055,1.0025073,0.0041993763,0.004899135,0.004649417,0.004490313,0.004229532,0.0044923876,0.004331952,0.0049298527,0.0049083484,0.0047627883,1.0029824,0.004736962,0.004454482,0.004910278,0.0044869008,0.004676128,0.0046795136,0.004898917,0.0043699476,0.0049087196,0.004782749,0.0045064534,0.0046906257,0.004307649,0.0042286837,0.0046845214,0.004277246,0.004407457,0.004274511,0.0043177325
0.004068001,1.002299,0.0046127895,0.004615541,0.004646493,1.0011868,0.003447949,0.0046355454,0.0034128113,1.0020664,0.0046305945,0.0,0.0045727384,0.004484971,0.0034452556,0.004478818,0.0034516088,0.0046480517,1.0019461,0.0034513788,0.0042523136,0.0046279025,0.0044107307,0.004112305,0.0044326247,0.0045952704,0.00463925,0.004135288,0.004835839,0.0042954846,0.0044155484,0.003795654,0.004642242,0.004236313,0.0041970983,0.0042696507,0.004245852,0.0046478193,0.0033664675,0.0041718385,0.0041198945,0.0038514996,0.0041131056,0.003986625,0.0045951917,0.0049144514,0.0046218457,0.004273652,0.0044503617,0.004344137,0.004242713,0.0047225645,0.004358812,0.004628543,0.0046047983,0.00371706,0.0046319673,0.00425955,0.0044818358,0.003605356,0.0046234527,0.0046521863,0.004627221,0.004289447,0.00460446,0.0037858244,0.0045576696,0.0042645396,0.003406332,0.0045326413,0.004940625,0.004610029,0.0034639675,0.00397438,0.004664709,0.004115266,0.0045806873,0.0046499413,0.0043078265,1.0011909,0.0034236298,0.004577394,0.00420411,0.0039474145,0.0035125455,0.003944539,0.0036756573,0.004626197,0.0046331584,0.004411817,1.0021302,0.0043471637,0.0038821585,0.004665458,0.0039334767,0.0037010638,0.0042404532,0.004582761,0.0037633337,0.004616032,0.004406277,0.003982302,0.0042660804,0.0036546122,0.0034940166,0.0042790766,0.0034067887,0.0038312883,0.003600911,0.0036784664
0.0018816231,1.0010202,0.004126391,0.004098127,0.0042662765,0.99699783,4.4264867e-05,0.0039909496,8.3145715e-06,1.000591,0.004150277,0.0041346196,0.0,0.003612707,5.1291954e-06,0.0036729549,4.887472e-05,0.004116994,1.0002954,1.383257e-05,0.0028252422,0.004135523,0.0033508723,0.002128443,0.0034559763,0.0039259745,0.0041931327,0.0021795265,0.003696865,0.002811339,0.0033353986,0.0009410646,0.004259375,0.0028268066,0.0025290486,0.0030209518,0.0028701215,0.004253042,2.4168085e-05,0.0023908382,0.0022304233,0.00090212096,0.0021423781,0.0016505738,0.00393404,0.0039394232,0.0041922214,0.0026823997,0.0035194815,0.0032020134,0.0028364619,0.0040954226,0.0032780534,0.004223752,0.0039605857,0.00036892507,0.004111931,0.0029544989,0.0035763187,2.986174e-05,0.00411308,0.004183362,0.004125649,0.0029410205,0.0039403667,0.0009860963,0.0038768684,0.0029544323,3.7378402e-05,0.003637054,0.0040947516,0.0040334766,-1.2674219e-06,0.001553064,0.004165261,0.0021075099,0.0039189206,0.0042365934,0.0031211874,0.99813694,2.1539959e-06,0.003922447,0.0024782398,0.0015308692,1.5999178e-05,0.0015437739,0.00014325324,0.0040465416,0.004200452,0.003332502,1.0007042,0.0031928446,0.0012970701,0.0042852736,0.0015109447,2.3089708e-05,0.0026377672,0.0038890885,0.0009151618,0.0041452707,0.0033930829,0.0016983574,0.002783249,4.8484744e-05,-1.3613877e-05,0.0030237408,1.300014e-05,0.0011365388,5.725444e-05,0.00048319472
0.00093653763,1.0016538,0.0029969953,0.0029660508,0.0031593605,0.9979143,4.2458967e-05,0.0028587526,2.0921383e-05,1.0012196,0.0030267357,0.003005136,0.002740937,0.0,1.2606765e-05,0.0025248874,4.5927547e-05,0.0029766655,1.0010144,1.560598e-05,0.0017137305,0.0030226402,0.0022324172,0.0010892055,0.0023307803,0.0027893085,0.00307682,0.001143667,0.0025448236,0.0017197772,0.0022046373,8.458222e-05,0.0031499802,0.0017683556,0.0014483379,0.0019235326,0.0018078687,0.003146059,-2.4086658e-06,0.0013247769,0.0011982144,0.00033173253,0.001103099,0.00069621543,0.0027999412,0.0028011738,0.0030878063,0.0015781338,0.0023819122,0.0021093106,0.0017749828,0.0029541464,0.0021826976,0.003115457,0.0028300101,5.203303e-05,0.0029812092,0.0018884557,0.0024602409,4.1920335e-05,0.0029754497,0.0030698576,0.0030097284,0.0018689033,0.0027978907,0.0001602365,0.002738769,0.0018967069,1.2273183e-05,0.002500976,0.0029679786,0.0028960318,1.2232462e-05,0.0006751444,0.0030303353,0.0010972453,0.00277565,0.003129982,0.0020245623,0.9984077,2.7916785e-06,0.00278142,0.001420291,0.0006503687,-3.9350516e-06,0.0006343211,-4.8169763e-06,0.0029126597,0.0030944983,0.0022246458,1.0013788,0.002088859,0.00044787713,0.003166334,0.0006343173,2.5114108e-05,0.0015611516,0.0027466086,7.198641e-05,0.0030347623,0.002275968,0.0007000677,0.0017062612,8.037927e-09,1.3842168e-05,0.0019524916,1.0998683e-05,0.00024222177,1.4525494e-06,6.009766e-05
-0.004113172,0.9958383,-0.0044022873,-0.0044139414,-0.0044030584,0.9954408,-0.0040376773,-0.0043996195,-0.004131528,0.9958156,-0.0044082883,-0.0044130376,-0.004380443,-0.0043074004,0.0,-0.0043249163,-0.004021715,-0.004400685,0.9957914,-0.0040629413,-0.0042036655,-0.0044141132,-0.004247532,-0.004108007,-0.0042904727,-0.0043925946,-0.0044134036,-0.004112058,-0.004347518,-0.004183936,-0.004284864,-0.004018152,-0.004396214,-0.0041632364,-0.0041613947,-0.004183407,-0.0041717635,-0.0043931026,-0.0043301387,-0.0041510696,-0.004134442,-0.0040401225,-0.0041205212,-0.0040786425,-0.004398945,-0.0043968135,-0.0044059088,-0.004185194,-0.004278945,-0.0042169066,-0.0041637714,-0.0044218623,-0.0042369454,-0.0043980354,-0.004403152,-0.004006827,-0.0044153724,-0.0041727396,-0.0043128775,-0.0040058848,-0.0044202018,-0.0044101966,-0.0044118557,-0.004193651,-0.0043964777,-0.0040505296,-0.0043962467,-0.004172853,-0.004167448,-0.0043103946,-0.0044083027,-0.004420356,-0.004044583,-0.004075976,-0.004407999,-0.004115577,-0.0043974947,-0.0043945755,-0.004214038,0.9955411,-0.0040497803,-0.0043887864,-0.0041403915,-0.0040610116,-0.004019316,-0.0040830458,-0.0040048202,-0.0044181785,-0.0044027795,-0.0042347084,0.995824,-0.0042273356,-0.004043293,-0.0043941303,-0.0040593846,-0.005197624,-0.004187829,-0.0043835067,-0.0040065553,-0.0044112024,-0.0042563467,-0.0040717605,-0.0041750493,-0.0039870604,-0.0040436974,-0.004187352,-0.0042633414,-0.0040183193,-0.0039996314,-0.0039643296
0.0010518141,1.0015612,0.003197948,0.0031496175,0.0033551431,0.99785197,2.940383e-05,0.0030574314,1.5539801e-05,1.001138,0.0032199805,0.003200114,0.0029281762,0.0026548707,-1.8197995e-06,0.0,1.853016e-05,0.0031798116,1.0008789,3.998437e-05,0.001848127,0.0032100186,0.0023987598,0.0012329343,0.0025075786,0.0029813098,0.0032595638,0.0012938499,0.0027286904,0.0018880969,0.0023706062,0.00016340123,0.0033397262,0.0019107913,0.0015934091,0.0021131525,0.0019597816,0.0033354333,1.2764114e-05,0.0014883806,0.0013196153,0.0004247569,0.0012467854,0.00082024117,0.0029861662,0.0029937224,0.0032777209,0.0017393525,0.0025733917,0.0022792332,0.001937837,0.003141755,0.0023545665,0.0033101304,0.0030274028,2.1021008e-06,0.003164625,0.0020441625,0.002637624,-1.1537533e-05,0.0031649151,0.0032648684,0.0032003568,0.002033924,0.0029898568,0.00021987763,0.0029056198,0.0020683666,2.0670523e-05,0.0026806376,0.0031492698,0.0030789094,-1.27468875e-05,0.0007625808,0.0032232217,0.0012688014,0.0029623332,0.003331424,0.0021971,0.9983228,-2.5279376e-06,0.0029735323,0.0015768121,0.00074773084,1.106373e-05,0.0007199211,4.4722736e-05,0.0031065757,0.0032780485,0.0024001151,1.0012773,0.002269156,0.00053035753,0.0033598372,0.0007331348,9.856041e-06,0.0017016864,0.002936292,0.00014386394,0.0032202748,0.0024590392,0.0008448448,0.0018535083,5.7389487e-05,5.735423e-06,0.0021051173,2.2646373e-05,0.00033831838,5.27887e-05,5.8002286e-05
-0.0034074592,0.9962207,-0.0038663656,-0.0038725624,-0.0038977433,0.9957969,-0.0032847344,-0.0038422155,-0.0033658952,0.99620706,-0.0038751252,-0.0038715857,-0.003804797,-0.003698067,-0.0033248737,-0.0037244456,0.0,-0.0038666117,0.9961762,-0.0033004214,-0.0035201646,-0.003881475,-0.0036175738,-0.003414941,-0.003672477,-0.0038270298,-0.0038866445,-0.0034271278,-0.0037560563,-0.003522674,-0.0036606062,-0.0032697113,-0.003890222,-0.0035036874,-0.003470716,-0.0035394705,-0.0035129464,-0.0038852291,-0.0035524997,-0.0034683403,-0.0034402322,-0.0032872632,-0.0034269318,-0.00336084,-0.0038437636,-0.003841192,-0.0038827148,-0.0035115618,-0.0036576546,-0.0035759632,-0.0035051976,-0.0038865488,-0.0036098126,-0.0038825348,-0.00384814,-0.0032712345,-0.0038736153,-0.0035240867,-0.0037064196,-0.0033038938,-0.003878577,-0.0038811145,-0.003879178,-0.003554742,-0.0038357268,-0.0033141593,-0.0038246063,-0.0035307212,-0.0034672075,-0.0037114322,-0.003867673,-0.0038764686,-0.0033063858,-0.0033818511,-0.0038700334,-0.003432842,-0.003834928,-0.0038817658,-0.0035738193,0.99592644,-0.003312569,-0.0038243567,-0.0034634909,-0.0033438518,-0.003237956,-0.0033581078,-0.00328119,-0.0038752856,-0.0038848792,-0.0036038086,0.99620885,-0.003590349,-0.0033268388,-0.0038935866,-0.0033467235,-0.0045081577,-0.003511466,-0.0038120914,-0.003272084,-0.0038824508,-0.0036319632,-0.003356199,-0.0035125786,-0.003273293,-0.0033437638,-0.0035396076,-0.0035441637,-0.0032960384,-0.0032808403,-0.003236713
0.0039026735,1.0018605,0.004921912,0.004907914,0.004637854,1.0004455,0.0030747447,0.00475094,0.0030061344,1.0015587,0.004628598,0.0046574,0.004846698,0.0047397953,0.0030706483,0.0048261825,0.0030740625,0.0,1.0014229,0.0030786218,0.004142806,0.0046618716,0.0044067455,0.003958809,0.004677812,0.0046275468,0.004623153,0.0040047965,0.0048433705,0.0041976366,0.004346112,0.0035367769,0.004636793,0.004168494,0.0040639644,0.004173765,0.004170732,0.004640079,0.0025196744,0.004039301,0.003973907,0.003600785,0.0039705555,0.0037914878,0.004953996,0.0049251653,0.0049269157,0.0041835518,0.004392302,0.004281156,0.004141019,0.005104029,0.0042687845,0.004603759,0.004623403,0.0034513131,0.0048912168,0.0041765585,0.0044300477,0.00331424,0.0049084593,0.0047180383,0.0049140835,0.004229084,0.0049134423,0.0035412875,0.004867399,0.004166921,0.0030089864,0.0047341594,0.004970062,0.004918687,0.0031131771,0.0037976077,0.0047373855,0.003965864,0.00491794,0.0046485234,0.004546967,1.0004326,0.0030585094,0.0048737777,0.004076173,0.0037415498,0.0031534606,0.0037375453,0.0033970817,0.00491515,0.0046474454,0.00438544,1.0016434,0.004279578,0.003670549,0.0046662795,0.003742104,0.002792946,0.00412381,0.004843423,0.0035136684,0.0049188733,0.004330655,0.003802491,0.0041738544,0.00338777,0.0031646297,0.004180349,0.0029828423,0.0036031879,0.0033036307,0.003398498
0.0003816918,1.0019016,0.0006837947,0.00066796574,0.00072273286,1.0012625,0.00012743796,0.00062379055,1.7301996e-05,1.001833,0.0006819415,0.00069909886,0.0006109486,0.00054409384,4.521643e-05,0.0005781722,0.000106275314,0.0006814679,0.0,0.000107341395,0.00044746467,0.00070207985,0.0005183444,0.00037217094,0.0005506023,0.0006110614,0.0006929574,0.00037677822,0.0005727698,0.00043881338,0.0005335984,0.00028018362,0.00072265184,0.00047866418,0.0003845223,0.00049401744,0.0005013515,0.0007053657,-0.000117923606,0.0003682697,0.0003690894,0.0002688739,0.00038454504,0.00033162753,0.0006111585,0.00061538804,0.0007219712,0.00043005886,0.00056104874,0.0005120891,0.00049517426,0.0006605826,0.0005358981,0.0007290548,0.00061765534,0.00023648872,0.00067978754,0.0004982752,0.00055503234,0.0001866817,0.0006711956,0.00070676475,0.0006924949,0.0004977777,0.0005921722,0.00030204895,0.00062596065,0.0004964573,6.0006146e-06,0.0005565429,0.0006831375,0.0006318604,0.0001240189,0.00032734033,0.00068967656,0.00037004522,0.00062764296,0.0007205925,0.0004929254,1.0014002,7.6605495e-05,0.00060678873,0.00041031535,0.00032148257,0.00014728932,0.00031852772,0.00023568675,0.00063597306,0.0007161252,0.0004989471,1.0018643,0.0005246463,0.00030445302,0.000710718,0.00034289254,-0.00034375762,0.00042183956,0.00060687814,0.00023373064,0.0007156421,0.0005270656,0.0003245805,0.00045702592,0.00022516487,0.00012227177,0.00049394317,-5.803919e-05,0.00026779715,0.00020688254,0.00021371937
-0.0036483651,0.996098,-0.004045689,-0.0040568695,-0.004069313,0.995693,-0.0035878997,-0.004035499,-0.0036572632,0.9960792,-0.004056554,-0.004058076,-0.004008382,-0.0039094943,-0.0036166082,-0.00393234,-0.0035493548,-0.0040484183,0.99605733,0.0,-0.0037779352,-0.0040621166,-0.0038321642,-0.0036702359,-0.0038847812,-0.00401713,-0.0040664263,-0.0036617217,-0.0039617326,-0.0037460285,-0.0038857043,-0.0035485034,-0.004062276,-0.0037285367,-0.00371295,-0.0037606044,-0.0037395298,-0.0040565105,-0.0038548086,-0.0036989779,-0.0036903322,-0.0035777288,-0.0036602982,-0.0036194026,-0.004032796,-0.004030013,-0.0040584505,-0.0037458288,-0.0038754307,-0.0037958724,-0.003735813,-0.004069961,-0.003820927,-0.004058389,-0.0040346105,-0.0035306753,-0.0040584197,-0.0037438858,-0.003915547,-0.0035489707,-0.0040668603,-0.004061229,-0.0040570856,-0.0037704196,-0.004026087,-0.003554727,-0.0040211184,-0.0037522074,-0.0036888106,-0.0039195665,-0.004055634,-0.0040591466,-0.0035594262,-0.0036062885,-0.004053179,-0.0036653548,-0.0040296195,-0.0040550395,-0.0038125059,0.9957864,-0.0035797164,-0.0040168264,-0.0036793868,-0.0035930967,-0.0035412577,-0.0036154315,-0.0035313205,-0.0040599294,-0.0040622517,-0.0038185357,0.9960852,-0.0038066497,-0.0035839973,-0.004063317,-0.0035877968,-0.004764674,-0.0037402315,-0.004007521,-0.0035433294,-0.0040617576,-0.0038463196,-0.0036079416,-0.0037449875,-0.00351107,-0.0035666933,-0.0037622869,-0.003818724,-0.003539722,-0.003527935,-0.0035078113
3.9534934e-06,0.99954957,0.00015966005,0.00022178117,0.00028226254,0.9971918,1.5027205e-05,0.00012989606,-5.6194194e-06,0.99932563,0.00020063733,0.00019664345,0.00016070667,0.00010307885,9.867143e-07,0.00011335037,1.0944518e-05,0.00017366945,0.9991205,3.5602876e-05,0.0,0.00020703436,2.0462514e-05,3.4221564e-05,3.517758e-05,0.00013522747,0.00026269414,3.1719428e-05,7.214774e-05,2.4079438e-05,4.551432e-05,1.3668687e-05,0.00026622196,2.4938658e-06,3.5452635e-05,5.4897213e-05,5.1719857e-05,0.00022543022,3.5213498e-06,7.063579e-07,4.3474334e-05,5.482285e-06,1.4923344e-05,3.539075e-06,0.00016834377,0.0001387708,0.00024376983,5.1780597e-05,7.1680035e-05,5.8149202e-05,4.9674352e-05,0.00018887054,1.3941389e-05,0.00022598893,0.000117175885,2.026704e-05,0.00019466419,2.7324704e-05,0.00010400421,2.7718497e-05,0.00025820074,0.00022126267,0.00018049503,4.270801e-06,9.706422e-05,4.6268913e-05,0.00017762961,2.2899214e-05,2.1068847e-05,0.00010833531,0.00020678763,0.00013841208,-3.5245926e-06,3.6454974e-05,0.00022593368,3.378177e-05,0.0001577239,0.00021312002,5.51416e-05,0.997624,1.2997168e-05,0.00017016653,1.2382647e-05,3.1370737e-06,2.3918938e-06,3.707043e-06,1.0181802e-05,0.00016570627,0.00022014162,5.408214e-05,0.9993792,2.4271218e-05,2.4338475e-05,0.00023111977,3.3936525e-05,8.179299e-06,4.016134e-05,9.474312e-05,5.118662e-06,0.00020634885,5.306697e-05,2.3072747e-05,9.2982003e-07,3.0244582e-05,-1.6148383e-06,4.517378e-05,1.5914706e-05,-6.779684e-06,7.752091e-06,3.2659842e-05
0.0044969283,1.0029895,0.0048515974,0.004857418,0.0048548146,1.002384,0.004108112,0.0048642238,0.0040915576,1.0028199,0.0048609134,0.00486358,0.004831978,0.004767444,0.004124605,0.004779422,0.0040895725,0.0048639826,1.0027888,0.0040882207,0.004597141,0.0,0.004711932,0.0045207012,0.0047354545,0.0048443666,0.0048630843,0.004527687,0.004798449,0.0046335342,0.0047330367,0.0042838333,0.0048502786,0.0045756903,0.0045639807,0.004610038,0.004589502,0.004852466,0.0041446905,0.0045502335,0.004523554,0.004335556,0.0045159,0.0044333767,0.004861575,0.00484587,0.0048499256,0.0046265195,0.004740367,0.004658031,0.004585873,0.004885583,0.0046771616,0.0048497478,0.0048529166,0.0042558312,0.004864718,0.0046025184,0.004771153,0.0041906834,0.004860743,0.004869089,0.0048629604,0.0046262173,0.004855421,0.004289659,0.0048313444,0.004606106,0.004125455,0.0047835773,0.0048536137,0.0048629865,0.004112014,0.0044271797,0.004871663,0.0045244927,0.0048460397,0.0048600286,0.0046543423,1.0023674,0.004085922,0.0048397477,0.0045714383,0.0044013723,0.0041298917,0.0044129184,0.004238219,0.0048752725,0.0048594875,0.0046968427,1.0028875,0.004661895,0.004362443,0.0048591266,0.004397134,0.0045256065,0.0046041645,0.00483977,0.004282598,0.0048563913,0.0047118645,0.0044196886,0.0046195434,0.004211572,0.0041185594,0.004615952,0.0041513196,0.0043113315,0.0041748984,0.004214802
0.00010645027,1.0017682,0.0019375726,0.001861704,0.00203147,0.99783164,3.848019e-05,0.0017867212,3.116111e-05,1.0014523,0.0019247012,0.0019369425,0.0016556275,0.001409845,4.040351e-06,0.0014508169,1.918659e-05,0.0019111804,1.0011604,-4.287461e-06,0.00060300523,0.00192605,0.0,0.00026697692,0.0012675268,0.001722119,0.0019708772,0.00038746407,0.0014305764,0.0007901162,0.0011200988,2.6316842e-05,0.0020386497,0.00077783223,0.00052414334,0.00097618776,0.0008349291,0.0020406772,3.3225708e-05,0.00042537317,0.00035493908,1.6487484e-05,0.0003161618,5.2249445e-05,0.0016904369,0.0017053975,0.0020003237,0.00061440124,0.001350059,0.0011113258,0.0008024149,0.0018302518,0.0011802316,0.0020452056,0.0017592483,2.4255272e-05,0.0018860725,0.00092638313,0.0013867102,5.4632666e-05,0.0018261364,0.002004958,0.0019174702,0.00091572426,0.0017100453,1.9628533e-05,0.0016211903,0.0009410517,2.9278064e-05,0.0014548311,0.001870576,0.0018268141,3.2400763e-05,7.0567505e-05,0.0019536829,0.00025769213,0.0016534233,0.0020608462,0.0010217895,0.9982015,7.4266272e-06,0.0016843101,0.00055432896,1.2213683e-05,3.0746134e-05,5.3160238e-05,5.6242356e-05,0.0018169587,0.0020108512,0.0012285582,1.0015411,0.0011185949,4.3957654e-05,0.002041157,2.1360554e-05,7.4745003e-06,0.0006097143,0.001656645,4.0449067e-05,0.0019309354,0.0012771209,2.1863605e-05,0.0007307968,1.0417032e-05,3.656031e-05,0.0010105708,3.0821953e-05,5.6982753e-05,3.4479528e-06,1.17861255e-05
-1.4132495e-05,0.99689007,-0.0013064102,-0.0013400246,-0.0016236121,0.99638677,-4.4159088e-07,-0.0011233134,-1.3857964e-05,0.9969113,-0.0014000775,-0.0013093572,-0.00095920544,-0.00061805977,1.7388922e-05,-0.00067394535,-2.0399768e-05,-0.0013131541,0.99684626,-1.95546e-05,-0.00015541566,-0.001384221,-0.0003246967,0.0,-0.00050581247,-0.0010243043,-0.0014417176,-1.5916223e-05,-0.0007878585,-2.2693615e-05,-0.0005076226,1.1375765e-05,-0.0016184036,-8.233187e-05,-1.6705075e-05,-0.00012356148,-7.906109e-05,-0.0015767538,-9.493865e-06,-1.9269964e-06,-4.202966e-06,-1.3061915e-05,1.1808823e-05,3.306915e-06,-0.0010920182,-0.0010897608,-0.0014641033,-5.364166e-06,-0.0004601062,-0.00026490365,-3.5443394e-05,-0.0013686444,-0.00031340474,-0.001499217,-0.0011043586,9.971744e-06,-0.0013310277,-8.3087565e-05,-0.00058681285,-7.661957e-06,-0.0013541124,-0.0013879423,-0.0013748982,-0.00014072454,-0.0010946234,-1.4978561e-05,-0.0010411907,-0.000111529895,4.6262307e-06,-0.00063175673,-0.0013151971,-0.0012317251,1.12207335e-05,-1.6810927e-05,-0.0013490012,4.796174e-06,-0.0011078258,-0.0015165904,-0.00026926125,0.9964908,-4.378167e-06,-0.0010495518,3.6443635e-06,-1.3911481e-05,6.46105e-06,-1.5576017e-05,7.971122e-06,-0.0012583242,-0.0015106371,-0.00032079476,0.99689573,-0.00028584685,1.0736437e-05,-0.0016489645,-9.602996e-06,-0.00045700697,-6.1714354e-06,-0.0009827078,-2.1368207e-05,-0.0014152387,-0.0003868654,-7.706401e-06,-8.454021e-06,-3.0745525e-07,2.9620521e-06,-0.00017196992,5.183208e-06,-4.4052445e-06,-8.758665e-07,-8.074796e-06
0.0004801908,1.0018158,0.0024704877,0.002435216,0.0027350264,0.9978873,2.8605273e-05,0.0023390572,3.537044e-05,1.0014219,0.002533386,0.0024739008,0.002196473,0.0019540684,2.1286709e-05,0.0020018427,2.221123e-05,0.0024432917,1.001206,1.0077094e-05,0.0011893552,0.0025337774,0.0016838318,0.0005753572,0.0,0.0022610277,0.0025786152,0.0006609025,0.002019467,0.0011847598,0.0016632156,6.184875e-05,0.0027301924,0.0012620434,0.0009331472,0.001439934,0.0012975057,0.0027292678,1.0318477e-05,0.00082760747,0.0007112073,6.152636e-05,0.0006328868,0.0002283633,0.0022589313,0.002270296,0.0026706597,0.0010458068,0.0018523765,0.0015794557,0.0012732449,0.0024198184,0.0016817439,0.0026862742,0.0023144982,4.0418636e-05,0.0024465297,0.0013760306,0.0019343364,3.2912343e-05,0.0024289486,0.002583008,0.002530273,0.0013732857,0.002274012,5.5891585e-05,0.0021981895,0.0013898886,3.111348e-05,0.0019822307,0.0024247896,0.0023560838,3.335762e-05,0.00023248079,0.0024947082,0.00060306775,0.0022507063,0.002703038,0.0014860047,0.998425,3.646056e-07,0.0022578947,0.00090657204,0.00019226658,-9.517571e-07,0.00017306265,6.666481e-06,0.0023730334,0.0026562538,0.0016854608,1.001571,0.0015884533,2.2192717e-05,0.0027363093,0.00018799225,2.4186307e-05,0.0010522585,0.00220749,5.9102942e-05,0.0025426769,0.0017350578,0.00026445359,0.0011631734,3.7451553e-06,-7.4831803e-07,0.0014325127,2.4790867e-05,4.3470238e-05,9.583125e-06,5.8100573e-05
0.0020049969,1.0012503,0.004267571,0.0042166864,0.004378461,0.9970163,-1.2083309e-05,0.004142794,-4.5465504e-06,1.0004244,0.0042775837,0.004257809,0.0040019513,0.003743659,1.2587989e-05,0.0038010553,1.5728256e-05,0.004254301,1.000192,2.4640365e-05,0.0028160808,0.00426665,0.0034898806,0.002170185,0.003582489,0.0,0.004312129,0.002349499,0.0038158991,0.0030011805,0.0034509902,0.0009818401,0.0043775095,0.0029596726,0.0026170623,0.0031464507,0.0029910593,0.0043714345,2.3488657e-05,0.002516819,0.0022928992,0.0008413036,0.0022903008,0.0017234142,0.0040553636,0.004076569,0.0043311124,0.0027816198,0.0036430673,0.0033387926,0.0029573613,0.004222131,0.0034204235,0.0043555736,0.004123431,0.0004292082,0.004233331,0.0030941903,0.003721065,7.557315e-05,0.004216369,0.004320686,0.0042616557,0.003098138,0.004084352,0.0010981563,0.0039964425,0.0031054197,-5.200918e-06,0.003781931,0.004212528,0.0041819504,3.4993896e-05,0.0017690646,0.0043064025,0.0022457307,0.004045157,0.0043790336,0.003201482,0.99760854,1.6363481e-05,0.0040460476,0.0026844188,0.0016230071,-5.094933e-06,0.0015773736,0.00022081818,0.004187748,0.0043229577,0.0034716076,1.0005363,0.00334099,0.0013627477,0.00440522,0.0016353304,4.7711187e-06,0.0027747152,0.004020992,0.0006352828,0.0042750225,0.0035388754,0.0017857068,0.002890765,0.00014560348,1.586842e-05,0.0031676847,4.1515963e-05,0.0009090381,3.1434705e-05,0.00029390882
0.0048169172,1.0034854,0.005062945,0.005069513,0.0050461525,1.0031925,0.0045482195,0.005076383,0.0045702197,1.0033847,0.0050643785,0.0050745886,0.005060558,0.0050137294,0.004575801,0.005021018,0.0045350636,0.0050706794,1.0033556,0.004541514,0.0048798895,0.0050684717,0.004960246,0.0048376042,0.0049862633,0.0050657205,0.0,0.004839297,0.0050318157,0.0049169613,0.0049784705,0.0046712896,0.0050409865,0.004864296,0.0048670964,0.004886011,0.004867945,0.0050487253,0.004651959,0.004854794,0.0048351497,0.0046956195,0.0048349705,0.0047690533,0.0050769704,0.0050700256,0.0050567887,0.004911598,0.0049900813,0.0049205017,0.004871726,0.005088998,0.00494168,0.005051361,0.005068844,0.004642333,0.0050717904,0.004877913,0.005011355,0.0046055415,0.005071835,0.005072618,0.0050679804,0.004898654,0.0050733257,0.0046663494,0.0050610355,0.0048808777,0.004597393,0.005019134,0.0050646286,0.0050778743,0.0045554386,0.0047626677,0.005077215,0.0048351004,0.005065529,0.005058135,0.0049214168,1.0031481,0.004547054,0.0050612665,0.0048709754,0.0047456287,0.0045534805,0.004752576,0.004628574,0.005085726,0.005053595,0.004952624,1.0034206,0.004930751,0.004719313,0.00504662,0.0047400086,0.0050543537,0.0048933416,0.0050636516,0.0046520685,0.005060417,0.0049725072,0.0047555612,0.0049016136,0.00460433,0.0045612864,0.0048858346,0.0046478477,0.004682811,0.004583992,0.0046165274
2.5210232e-07,0.9968535,-0.0012523006,-0.0013318546,-0.0016246698,0.99638194,-3.9091947e-06,-0.0010727689,1.9553314e-05,0.9968802,-0.0013826587,-0.0012889961,-0.0009653485,-0.0006080847,-5.684904e-06,-0.00066375366,-1.734621e-05,-0.0012849091,0.99681664,-2.3444918e-06,-0.00026875705,-0.0013734172,-0.0002726466,-5.6006547e-06,-0.0004794657,-0.0009786034,-0.0014328122,0.0,-0.00078899536,-1.7349756e-05,-0.00051591813,-4.74126e-06,-0.0016077813,-6.8935726e-05,-1.1006643e-05,-6.7883026e-05,-5.5981007e-05,-0.0015455795,-1.7054304e-05,-1.9996096e-05,3.1766886e-06,-7.2187504e-06,1.1537212e-05,2.8527998e-06,-0.0010819494,-0.0010647501,-0.0014298353,9.245466e-06,-0.0004488991,-0.00024872588,-9.6333415e-06,-0.0013588985,-0.0002798049,-0.0014723446,-0.0010466255,-1.2612627e-06,-0.0013187713,-3.0689753e-05,-0.00056667527,-1.3482148e-05,-0.001390033,-0.0013500712,-0.0013424295,-8.2391925e-05,-0.0010600212,-5.8543797e-06,-0.0010417717,-7.731038e-05,-5.3832576e-07,-0.00059704797,-0.0013262298,-0.0011861891,4.2255524e-06,1.7331978e-06,-0.0013099024,-1.778723e-05,-0.0010978251,-0.0014906315,-0.0002829346,0.99642956,-1.3641409e-05,-0.0010314414,-2.0410966e-05,-6.875933e-06,-1.843662e-05,6.6701e-06,5.140028e-06,-0.0012460109,-0.001494991,-0.00028188815,0.9968556,-0.000228683,-1.8523077e-05,-0.0016297423,-8.641101e-06,-0.00037975542,-4.841478e-06,-0.0009613631,-1.8737985e-05,-0.001400557,-0.00034230546,1.4833871e-05,-5.772551e-06,-1.8431272e-05,-1.50139895e-05,-0.00013713833,1.3990726e-05,1.2356327e-05,-7.982725e-06,1.2096689e-05
0.0012469878,1.0013876,0.0034272291,0.0034204337,0.003629062,0.9977326,-1.5848771e-05,0.0032936994,-1.3752717e-05,1.0008198,0.0034865593,0.0034486153,0.0031822862,0.0029070298,3.6979007e-05,0.0029552104,1.1221048e-05,0.0034178072,1.0006543,4.2599895e-05,0.0019883718,0.0034790062,0.0026250936,0.001418345,0.002761024,0.0032217887,0.0035134978,0.0014669214,0.0,0.0020657247,0.002741708,0.00041019288,0.0036196837,0.0021560946,0.0017636926,0.0022887038,0.0021977965,0.003608241,1.9328065e-05,0.0016521816,0.0014708953,0.0005633281,0.0014058525,0.0010852849,0.0032531354,0.0032417378,0.0035410852,0.0019532403,0.0028035836,0.0025134725,0.0021273051,0.0034069743,0.0025607941,0.0035674109,0.003267112,0.0001625047,0.003439649,0.0022502353,0.0028663513,9.71604e-06,0.0034331293,0.003509823,0.0034847902,0.0022555168,0.0032523607,0.00036243405,0.003187477,0.0022640915,1.6261642e-05,0.0029190797,0.0034102523,0.0033366738,2.4826439e-05,0.0009578065,0.003463693,0.0014415428,0.0032371809,0.003583873,0.002485042,0.99828017,6.7410792e-06,0.0032127982,0.0017538891,0.0009071294,6.686591e-06,0.0009301541,6.488353e-05,0.0033623865,0.0035547616,0.0026347758,1.0010672,0.002491489,0.00068276626,0.0036338295,0.00086259184,2.9429237e-05,0.0019045635,0.0031884469,0.0003570554,0.003479707,0.0026760653,0.00100612,0.0020639033,1.5819774e-05,-1.1027199e-05,0.0023214892,2.6599026e-05,0.0004529196,3.7594662e-05,5.595724e-05
-1.3096651e-05,0.9969813,-1.2823059e-05,3.08482e-06,-2.6776626e-05,0.9963806,1.262319e-05,-1.19061e-05,2.4471437e-06,0.9970006,6.489385e-06,-6.28683e-06,-5.3983176e-06,2.5638124e-06,1.8303625e-05,-1.8437278e-06,3.6710044e-06,9.394054e-06,0.9969149,1.2642237e-05,-6.7848127e-06,-1.621742e-05,-1.8032228e-05,6.8571585e-06,5.16439e-06,-2.26267e-05,-3.0059076e-05,-1.4194066e-05,-3.1567656e-06,0.0,3.6521687e-06,-1.265859e-05,-2.4592191e-05,-1.5598056e-05,7.4379595e-06,1.02789e-05,-2.397573e-07,-5.8308538e-06,-1.4548015e-05,-1.41243945e-05,-4.0822556e-06,-1.9990288e-05,-5.1618968e-06,-8.638316e-06,-6.0047596e-06,-1.2085084e-05,-2.2848502e-05,1.2975324e-05,-1.0731094e-05,2.438563e-06,2.2664537e-06,-1.0018049e-05,-1.0389886e-05,4.1310723e-06,-1.1134802e-05,-1.1913993e-05,-1.584732e-05,8.770624e-06,1.1531182e-05,4.53417e-06,-2.389408e-05,1.041317e-05,9.880794e-06,-2.0556365e-05,-1.9099236e-05,-7.0936526e-06,4.816848e-06,6.024202e-06,7.095425e-06,-1.8096129e-05,-8.9493205e-06,5.2994965e-06,2.0432317e-05,-3.711945e-07,-1.9018387e-05,-6.0414764e-06,-1.6569784e-05,3.1849004e-06,-6.9815687e-06,0.99641544,1.8985864e-05,-1.7938064e-05,4.868782e-06,1.31116785e-05,-6.722666e-06,1.773651e-05,1.803435e-05,-1.1128508e-05,-2.4336136e-05,-1.375872e-05,0.996972,2.6097514e-06,-1.05430745e-05,-8.477269e-06,3.6709855e-06,-1.7937842e-05,8.068954e-06,1.0943102e-05,1.3423241e-05,9.337447e-06,-1.8860686e-05,2.1047897e-05,-1.6259233e-05,-9.9352355e-06,2.1163623e-05,-3.4099849e-06,4.7933963e-06,-8.3627845e-07,-2.772431e-06,2.1763026e-05
0.00035632186,1.0016276,0.0023451678,0.0023848133,0.0026368157,0.997572,3.5015633e-05,0.0021487689,-3.6325707e-07,1.0009968,0.0024708742,0.0023812114,0.0020616038,0.0017922304,3.230532e-05,0.0018243593,2.9803914e-05,0.0023588396,1.0010309,-8.803081e-06,0.00089554535,0.0024824443,0.0015230642,0.00045019182,0.0016492752,0.0020670395,0.0024851104,0.00050068455,0.0019592524,0.0009778758,0.0,7.133935e-05,0.002624761,0.0011317597,0.00073400926,0.0011359266,0.0012005054,0.0025860055,2.7316593e-05,0.0005997158,0.00047768877,-4.7846214e-07,0.0003632338,0.00034890728,0.002095594,0.0020937205,0.0024923768,0.00087207824,0.0017245191,0.0014156275,0.0010962884,0.00229386,0.0014608711,0.0025443542,0.0021200632,1.672843e-05,0.002374495,0.0011796509,0.001806731,-2.31139e-06,0.0023824242,0.0024519875,0.002432332,0.0011726533,0.0021026726,1.7066961e-05,0.0020996372,0.0012238135,1.0269412e-06,0.0018013048,0.0023506957,0.0021731094,3.5133555e-05,9.9382545e-05,0.002391429,0.00048472726,0.0021287138,0.0025415472,0.0015749189,0.9983122,5.0108492e-06,0.0020584343,0.00068332773,0.000114399336,2.8281247e-05,0.00014034315,1.5409407e-05,0.0022513953,0.0025724825,0.0015298638,1.0013391,0.001356391,6.3045354e-07,0.0026060573,7.7182216e-05,9.000504e-06,0.00085374503,0.0020589556,1.6662525e-05,0.0024464924,0.001579731,0.00010215277,0.001036951,3.651923e-05,7.611044e-06,0.0012772942,2.8088876e-05,1.2059472e-05,5.271835e-05,4.660696e-05
-0.0014844111,0.99690926,-0.0025141838,-0.0025245901,-0.0026723316,0.9964124,-0.001298518,-0.0024126659,-0.0013378839,0.99691033,-0.0025546371,-0.0025127605,-0.002321424,-0.0020923284,-0.0013018971,-0.0021441167,-0.0012242981,-0.0025126063,0.99687535,-0.0012760917,-0.0017948011,-0.0025567745,-0.0019095433,-0.001514434,-0.002018897,-0.002355726,-0.0025831116,-0.0014976666,-0.002197245,-0.0016670239,-0.0019884196,0.0,-0.0026690003,-0.0017035613,-0.0016052858,-0.0017745505,-0.0017111406,-0.0026410993,-0.0016143242,-0.0015971779,-0.0015615307,-0.0013488998,-0.0015220533,-0.0013855172,-0.0024069382,-0.0024084602,-0.0025892183,-0.0016663849,-0.001996699,-0.0018448023,-0.0016903756,-0.00254395,-0.0018987614,-0.0026104923,-0.0024080654,-0.0012478797,-0.0025268972,-0.0017279028,-0.0020907572,-0.0012977192,-0.0025288155,-0.002556548,-0.0025452739,-0.0017806217,-0.0023966667,-0.0013125631,-0.0023569025,-0.0017634572,-0.0013642309,-0.0021163998,-0.0025183435,-0.0024806212,-0.0012914557,-0.0014190418,-0.002525951,-0.0015249175,-0.0023943086,-0.0026167552,-0.0018427137,0.99654716,-0.0012818192,-0.0023752386,-0.0015772721,-0.0013918886,-0.0012186058,-0.0014113088,-0.0012806103,-0.0024932097,-0.0026194858,-0.0018902706,0.9969083,-0.0018653614,-0.001378669,-0.0026722872,-0.0013942263,-0.0024700162,-0.0016739543,-0.0023292587,-0.0012855636,-0.0025695006,-0.0019412144,-0.0014133346,-0.0016885299,-0.0012545376,-0.0012967894,-0.0017798326,-0.0014958323,-0.0012853454,-0.0012655422,-0.0012097154
0.005490027,1.0043267,0.005557311,0.0055636517,0.005519002,1.0043883,0.005366454,0.005589022,0.00540315,1.0042927,0.005551134,0.0055683027,0.005589192,0.005558568,0.0053991834,0.0055647003,0.005343984,0.005561814,1.0042943,0.0053576925,0.005476976,0.005561662,0.0055361968,0.0054956176,0.005551729,0.0055888845,0.0055505065,0.0054889834,0.0055743293,0.0055257995,0.0055482998,0.0053929025,0.0,0.0054672933,0.0054937336,0.0054874606,0.0054753073,0.005521963,0.0055123162,0.0054884315,0.0054845316,0.005402821,0.0054913494,0.0054500997,0.0055980734,0.0055918647,0.005543364,0.005531471,0.00555061,0.005504721,0.005481563,0.0055855177,0.0055245114,0.0055301925,0.0055853976,0.005388969,0.0055673905,0.005483831,0.0055664326,0.0053749415,0.00557178,0.005559663,0.0055620917,0.005502055,0.0055909785,0.005391759,0.0055874423,0.0054841796,0.0054353,0.005562244,0.0055648633,0.005585039,0.0053680264,0.0054475996,0.0055639464,0.0054894043,0.0055848593,0.0055336556,0.005508047,1.0043235,0.0053600227,0.0055810316,0.005507172,0.0054376186,0.005351077,0.0054439586,0.0053838626,0.0055930815,0.005537718,0.0055216807,1.0043085,0.005520687,0.0054210606,0.005514459,0.0054337364,0.005892404,0.0055159084,0.0055910316,0.0053784135,0.005553173,0.005542403,0.005438683,0.0055109942,0.005360339,0.005372092,0.005484163,0.005503014,0.0054055774,0.005353608,0.0053651473
4.241875e-05,1.0001649,0.0002554543,0.00022806214,0.00021956004,0.99763423,-5.6362346e-06,0.00020157133,3.266469e-05,0.9998921,0.00023956921,0.00025751122,0.00018654029,0.00012325696,3.1816555e-05,0.00015587964,-2.9261973e-06,0.00023165165,0.99974954,3.651533e-05,3.792562e-05,0.00023883517,7.547536e-05,2.0509176e-05,9.349406e-05,0.00018616421,0.00024826403,-2.9520927e-06,0.00015722179,1.664513e-05,8.3202816e-05,7.751727e-06,0.00022392561,0.0,2.4823908e-05,4.530489e-05,1.819211e-05,0.00024654914,-1.2808485e-05,3.4796238e-05,1.0521722e-05,2.4179893e-05,3.665682e-05,-3.6880106e-06,0.00018752627,0.00018417703,0.00025906702,5.2165276e-05,0.00011802868,8.699183e-05,1.9951356e-05,0.00021379566,0.00010361856,0.00023805263,0.00020603879,-2.0555763e-06,0.0002410058,7.254166e-05,0.0001305263,3.0342033e-05,0.00022539581,0.00026562848,0.00024730488,2.922968e-05,0.00019305824,2.9124461e-05,0.00018742516,4.7692858e-05,1.1862834e-05,0.00013378174,0.00022770712,0.00021573913,3.0905343e-05,4.6838355e-05,0.0002565518,3.121273e-05,0.00017192631,0.0002486959,6.656133e-05,0.9979053,-1.2693915e-06,0.00020476141,4.912358e-05,2.8407196e-05,-4.459404e-06,-3.778118e-06,2.154102e-05,0.00020717141,0.00024767724,8.459351e-05,1.0000181,5.8292822e-05,-2.6161595e-06,0.00024439258,2.3917013e-05,9.945689e-06,4.909611e-05,0.00017337948,3.8651422e-05,0.00024392572,0.00011877119,4.0958275e-05,5.611762e-05,2.12688e-05,2.4505669e-05,6.416355e-05,2.5710358e-05,2.0313182e-06,3.8473692e-05,-6.6062885e-06
-1.20479e-06,0.9968162,-0.0005237583,-0.00056045223,-0.0009118795,0.99629486,-2.8832405e-06,-0.0003176381,-1.8271527e-05,0.9968326,-0.0006352817,-0.0005102036,-0.00012852444,8.404275e-06,1.715302e-05,-7.2990197e-06,1.7395048e-05,-0.00054290995,0.9967664,-1.0850372e-05,1.7482955e-05,-0.0006157829,-4.814439e-06,1.2349214e-05,-1.6121803e-05,-0.00017275238,-0.0006777667,1.7106582e-05,-7.633851e-06,7.4635714e-06,-1.6778045e-05,1.7945496e-05,-0.0009124424,-7.508217e-06,0.0,1.5192755e-05,3.131371e-06,-0.0008570089,2.5644101e-06,-1.697271e-05,3.4446416e-06,-1.6172411e-05,-1.5865406e-05,-1.6346605e-05,-0.0003017438,-0.00028504868,-0.0007042726,3.5569199e-06,-2.2551599e-06,1.6229142e-05,-8.739836e-06,-0.00061399414,1.6437936e-05,-0.0007613524,-0.00027533295,-1.7337403e-05,-0.0005495332,-2.9151429e-06,5.382193e-06,2.0345367e-05,-0.0005885653,-0.00061169214,-0.0006058056,5.918299e-06,-0.00028329357,4.3346454e-06,-0.00020386717,-2.0091313e-06,2.8101084e-07,-4.9921523e-06,-0.00055049127,-0.00043472418,2.26165e-06,-1.52215425e-05,-0.0005421073,-4.9248104e-07,-0.0003008585,-0.0007761244,3.6939116e-06,0.9963799,-1.5615673e-05,-0.00022645379,-2.0549793e-05,-1.4627447e-05,-1.1253336e-05,-1.9080797e-05,7.897792e-06,-0.00047641303,-0.00077453407,5.47525e-06,0.99681634,-8.183083e-06,-4.43748e-06,-0.0009440449,9.401117e-07,1.0633627e-05,-2.0353446e-05,-0.00014166668,-1.9123978e-05,-0.0006375603,-1.583368e-05,-1.8951445e-05,-8.718598e-07,-1.1634103e-05,-9.010801e-06,-9.205773e-06,-1.3624165e-05,-5.8904907e-06,4.671649e-07,-1.8071347e-05
1.7575338e-05,1.0008401,0.00081906357,0.00071176013,0.0007550383,0.9978217,5.035983e-06,0.0007357639,2.3742747e-05,1.0006378,0.0007318362,0.000773878,0.00059329555,0.0004800706,2.8717739e-05,0.00054147496,-3.3423094e-06,0.000770733,1.000276,2.761627e-05,3.541768e-05,0.0007252618,0.00043577634,2.215267e-05,0.00041881474,0.00067176705,0.00077788834,5.4242348e-05,0.00047420876,0.00018327539,0.0002244843,1.3467002e-05,0.00076381484,0.00015779759,6.664974e-06,0.0,0.00018545009,0.00079339574,2.7141883e-05,4.638777e-05,6.407711e-05,4.5811674e-05,1.0371017e-05,3.9599094e-05,0.0006426151,0.0006617015,0.00080498535,8.1534505e-05,0.0004590685,0.00034858397,0.00020401516,0.0006919334,0.0004003736,0.00083004864,0.00070312514,4.5159788e-05,0.00070305925,0.00029635313,0.00045626654,-4.5581214e-06,0.0006812571,0.0008383346,0.0007462927,0.00027456981,0.00065580034,4.8763177e-05,0.000539812,0.0002845722,3.424814e-05,0.0005220974,0.00071532023,0.00068691815,1.1112877e-05,1.6910491e-05,0.00079100864,6.258589e-05,0.0005962483,0.0008508948,0.00026188247,0.99804795,3.1676904e-05,0.0006476921,6.7241555e-05,4.6370787e-05,-6.4040996e-06,4.6811623e-05,2.6528896e-05,0.0006912487,0.0007630158,0.00042787573,1.0006617,0.00037403993,-5.107552e-06,0.00077923824,5.406679e-05,-1.3282442e-05,5.9926737e-05,0.00059950526,3.2233304e-05,0.00074799743,0.00043869237,8.2134065e-06,0.000115368326,2.3892064e-05,1.7252733e-05,0.00027135902,1.8630151e-05,2.832988e-06,-6.9079533e-06,3.001083e-06
5.2550604e-05,1.0002286,0.00030146271,0.0002850062,0.00029561028,0.9976315,1.7658518e-05,0.00028929362,3.5185098e-05,1.0000015,0.0003119856,0.000308196,0.0002478733,0.00021561878,2.7680177e-05,0.00021607986,3.293333e-05,0.0003102055,0.99978405,5.0030467e-06,5.12677e-05,0.00031545968,0.00014025536,5.7958445e-05,0.00013458307,0.00025995012,0.00032012674,5.7863617e-05,0.00021562696,1.4976594e-05,0.00010913369,1.35287755e-05,0.0002900957,3.8451955e-05,4.540443e-06,9.430909e-05,0.0,0.00032893484,1.0706088e-05,5.9643926e-06,1.9588702e-05,1.3412321e-05,2.028708e-05,3.8019443e-06,0.00023338156,0.00024478085,0.0003397896,1.9412757e-05,0.0002000448,0.00014152401,5.3474734e-05,0.0002772383,0.00014835366,0.000325981,0.0002856927,1.1485149e-05,0.00031053065,6.4914006e-05,0.00017064657,1.8183684e-05,0.00029439674,0.00032523714,0.00032173857,7.227176e-05,0.00025265996,4.1735297e-05,0.00024363396,9.5206975e-05,2.4663063e-05,0.00022208484,0.00028628422,0.0002905874,2.2368313e-05,5.278585e-05,0.00031650078,6.4872734e-06,0.0002624508,0.00033420842,6.997066e-05,0.997912,1.6269592e-05,0.00025910896,3.7775786e-05,3.383116e-05,3.8649864e-06,1.5230251e-05,2.6567515e-05,0.0002703938,0.0002949223,0.00014240376,1.0000826,0.000121635,5.6697877e-06,0.0002893972,3.8125152e-05,1.6514781e-05,1.4997232e-05,0.0002463188,4.594836e-05,0.00030839574,0.00018071962,1.1130775e-05,1.4115362e-05,-2.162822e-06,1.6313605e-05,0.00010486183,1.4093803e-05,4.931722e-05,4.2557214e-05,-4.35144e-07
0.005405927,1.0042275,0.0054870895,0.005494059,0.0054516653,1.0042661,0.0052660713,0.0055172755,0.0053031743,1.0041867,0.0054824837,0.0054995227,0.0055152583,0.0054844692,0.005299179,0.0054886816,0.005246259,0.0054937904,1.0041848,0.005262635,0.0053953966,0.0054899296,0.0054566483,0.0054116105,0.0054767984,0.0055169933,0.0054829107,0.005405389,0.005500235,0.0054466594,0.0054716724,0.0053012627,0.005445823,0.0053893276,0.005410235,0.00540805,0.005394189,0.0,0.0054152673,0.005405138,0.005398665,0.005312008,0.0054064197,0.005365704,0.0055253804,0.0055174227,0.0054751113,0.005449008,0.0054746894,0.0054281726,0.0054009417,0.0055160825,0.0054449695,0.005462822,0.005513076,0.0052946378,0.0054973476,0.0054028328,0.0054888744,0.0052808183,0.005500243,0.0054919403,0.005491501,0.005422047,0.00551976,0.005301133,0.005514616,0.005402837,0.005335722,0.005484115,0.0054941457,0.0055130245,0.0052702283,0.0053590317,0.0054961178,0.0054060393,0.0055116205,0.005462858,0.005427331,1.0041966,0.0052666273,0.0055100787,0.005422795,0.0053477595,0.005254832,0.005354157,0.005290789,0.005519832,0.005467505,0.0054439735,1.0042058,0.00544143,0.0053318613,0.0054480582,0.005347437,0.005797315,0.005433326,0.005516805,0.0052857855,0.005482751,0.005464342,0.0053488603,0.0054343627,0.005263648,0.005276519,0.005401561,0.0054018768,0.005311752,0.005256733,0.0052749435
-0.004901097,0.99535084,-0.0050382246,-0.005049579,-0.00500179,0.99494505,-0.00485701,-0.005055249,-0.004945653,0.9953135,-0.005036206,-0.005050215,-0.0050473525,-0.005004399,-0.00490694,-0.0050150305,-0.00484544,-0.005038897,0.9952849,-0.0048871706,-0.004934145,-0.005043145,-0.0049702614,-0.0048983498,-0.004996807,-0.005057883,-0.0050370814,-0.004901579,-0.005030925,-0.004951422,-0.004996725,-0.0048337122,-0.004994528,-0.004908599,-0.0049317065,-0.004921172,-0.0049179154,-0.0050003226,0.0,-0.0049255807,-0.004912714,-0.0048449007,-0.0049013994,-0.0048776013,-0.0050561517,-0.0050562066,-0.0050260546,-0.0049453657,-0.004992055,-0.0049481927,-0.0049174195,-0.0050599272,-0.0049626003,-0.005012144,-0.005063844,-0.0048278063,-0.0050504757,-0.0049200444,-0.0050155376,-0.004840362,-0.0050571216,-0.005035867,-0.0050425413,-0.004934599,-0.0050532166,-0.0048535573,-0.0050595314,-0.004918079,-0.0050132195,-0.0050076274,-0.005044374,-0.00507012,-0.0048580966,-0.0048757433,-0.00504241,-0.0049087405,-0.005055021,-0.0050073736,-0.004947843,0.995043,-0.004877959,-0.0050503747,-0.004919716,-0.0048624654,-0.0048454627,-0.0048755626,-0.004827524,-0.0050643547,-0.0050171334,-0.004959449,0.99532604,-0.004953852,-0.004847268,-0.0049895723,-0.0048617558,-0.005990143,-0.0049475515,-0.005052454,-0.0048233764,-0.0050386903,-0.0049776705,-0.0048628626,-0.0049338182,-0.0048251445,-0.0048787543,-0.00492839,-0.005089751,-0.004835328,-0.004830415,-0.004813138
-1.4528365e-06,0.99684703,-0.0007528452,-0.00079931953,-0.0011339334,0.9963437,-1.8431292e-05,-0.0005584443,-1.2260893e-05,0.9968688,-0.0008641346,-0.00075429084,-0.0003905308,-2.1470772e-05,5.7020866e-06,-7.19191e-05,-1.8265988e-05,-0.0007766683,0.9968024,9.2259523e-07,-3.6680772e-06,-0.00085218454,2.9718342e-06,-1.5233617e-05,1.2314838e-05,-0.00042179448,-0.00092250825,2.2421873e-06,-0.00020351338,-1.06145835e-05,-5.735944e-06,-1.4711135e-05,-0.0011296672,5.2351684e-06,1.4219033e-05,5.821474e-06,5.800556e-06,-0.0010727388,-1.52227e-05,0.0,8.767785e-06,-1.825833e-05,-1.5956464e-05,3.3536178e-06,-0.00054146955,-0.00052995456,-0.0009290792,-1.9361947e-05,1.9136992e-06,-8.771767e-06,7.690992e-06,-0.00084304134,-1.4364074e-06,-0.0009919725,-0.0005135924,9.255996e-06,-0.0007934168,1.12767875e-05,-2.3417137e-05,1.923744e-05,-0.000831362,-0.0008518823,-0.0008290071,-6.9288503e-06,-0.0005279068,-4.17704e-06,-0.00047716027,1.6793249e-05,1.08360055e-05,-3.457785e-05,-0.0007981389,-0.0006784008,1.671606e-05,-1.6889606e-05,-0.00079512765,8.40666e-06,-0.000547341,-0.001001349,5.1621028e-06,0.9964193,1.1041721e-05,-0.0004750235,6.721452e-06,-1.9713403e-05,8.892656e-06,1.4583198e-06,1.1938489e-05,-0.00072142616,-0.0010124427,-2.2867549e-05,0.99685085,-1.8156872e-05,-1.1983432e-05,-0.0011667217,-3.5619073e-06,-8.01223e-06,1.8609312e-06,-0.00039281853,1.644429e-06,-0.00087695784,1.1458351e-06,1.4617596e-05,8.698657e-06,-3.1617076e-06,1.6773865e-05,-7.133573e-06,1.4710117e-05,-1.1205352e-05,7.1856466e-06,1.6910702e-05
8.138953e-06,0.9968681,-0.0011054941,-0.0011405622,-0.0014474732,0.99635243,-1.5908374e-05,-0.00091666466,-6.88286e-06,0.99689525,-0.0012038194,-0.0011105596,-0.0007512065,-0.0004007379,1.189615e-07,-0.0004524531,-1.802869e-05,-0.0011187501,0.9968279,-1.6647755e-05,9.0248195e-06,-0.001195106,-9.476059e-05,-1.1989064e-05,-0.00027774824,-0.0008085213,-0.0012454056,7.659434e-07,-0.0005974615,-5.1047095e-06,-0.00034445332,2.1967173e-06,-0.0014397503,-2.1692633e-05,-1.432165e-06,-2.261377e-05,1.3218886e-05,-0.0013887074,-4.334777e-06,1.6879761e-05,0.0,-1.9766474e-05,-2.5798827e-06,9.145297e-06,-0.0008832712,-0.0008814203,-0.001261302,-2.5069603e-06,-0.00024741938,-5.1499017e-05,-2.2425756e-05,-0.0011757428,-7.615106e-05,-0.0013115802,-0.0008879875,-7.423736e-06,-0.0011394763,1.2550848e-05,-0.000350811,-1.8242792e-05,-0.0011748724,-0.001187986,-0.0011857805,7.182331e-06,-0.0008849428,5.0287895e-06,-0.0008289247,-7.569139e-06,4.266068e-06,-0.00040178027,-0.0011287524,-0.0010229455,7.8156245e-06,7.976637e-06,-0.0011337585,-3.296367e-06,-0.00090855756,-0.0013318207,-8.729351e-05,0.9964416,-1.8937937e-05,-0.0008342922,-6.714771e-06,-8.993971e-06,5.1381044e-06,1.0207617e-05,7.1282457e-06,-0.0010584818,-0.0013244593,-9.9600045e-05,0.99686974,-5.5068198e-05,-1.3042385e-05,-0.0014728252,1.3694438e-05,-0.00023577236,1.5465337e-05,-0.00077216903,1.5101084e-05,-0.0012149707,-0.00015172426,-1.1412893e-05,-7.785978e-06,6.7431174e-06,3.5813153e-07,1.334878e-05,-1.2005862e-06,-7.357481e-07,-4.997876e-06,-8.305474e-06
-0.0012615605,0.9969609,-0.0023573313,-0.0023558221,-0.0025188562,0.9964141,-0.0010014756,-0.0022494073,-0.0011210259,0.9969777,-0.0023873134,-0.0023449976,-0.0021328216,-0.0018907383,-0.0010849303,-0.0019355158,-0.0009927492,-0.0023500589,0.9969289,-0.0010677145,-0.0014816604,-0.0023886375,-0.0017062238,-0.001282896,-0.0018238416,-0.0021798934,-0.002422062,-0.0013286372,-0.0020154575,-0.0014652382,-0.0018063592,-0.0011157516,-0.0025189773,-0.0014937413,-0.0013712039,-0.0015636744,-0.0014932379,-0.0024963643,-0.0014297905,-0.001356862,-0.0013027178,0.0,-0.001307676,-0.0012287615,-0.0022335553,-0.0022254179,-0.0024366202,-0.0014545522,-0.0017714138,-0.0016359494,-0.0014767414,-0.0023827287,-0.0016805696,-0.0024543526,-0.0022342824,-0.0010737559,-0.0023561118,-0.001523071,-0.0018779988,-0.0010299413,-0.0023593628,-0.00240046,-0.0023899218,-0.0015739646,-0.0022246393,-0.0011120787,-0.0021781675,-0.0015305919,-0.0012273678,-0.0019198321,-0.0023495194,-0.0023117885,-0.0010876704,-0.0012549313,-0.0023638331,-0.0012964401,-0.0022214055,-0.0024643964,-0.0016399194,0.99657965,-0.0010670656,-0.0021902942,-0.0013654851,-0.0011715583,-0.0009986985,-0.0011871192,-0.0010740692,-0.0023206668,-0.002456039,-0.0016901955,0.99697024,-0.0016669746,-0.001141945,-0.0025353911,-0.001165434,-0.0022556828,-0.0014409025,-0.0021461123,-0.0011031309,-0.0024027985,-0.0017367527,-0.0012074708,-0.0014553597,-0.0010313175,-0.0011328219,-0.0015657396,-0.0012892192,-0.0011046891,-0.0010508725,-0.0010251369
-1.0762567e-05,0.9968809,-0.0012823187,-0.0013388505,-0.0016355873,0.99639827,-6.4919477e-06,-0.0011051777,-7.723225e-06,0.99690664,-0.001395253,-0.0013066863,-0.0009830381,-0.0006241923,-7.112358e-06,-0.0006814587,-8.1038725e-06,-0.0013114709,0.9968386,1.4054635e-05,-0.00026149192,-0.0013864937,-0.00031752774,-3.2770656e-06,-0.00049823534,-0.0010017946,-0.00145297,-1.7612232e-05,-0.00079911604,1.3113826e-05,-0.0005590686,1.1325927e-05,-0.0016259692,-8.623642e-05,1.03931425e-05,-0.00010471036,-7.822211e-05,-0.0015731093,-8.84772e-05,1.01022615e-05,1.6605385e-05,-6.08506e-06,0.0,-1.4155123e-05,-0.0011016477,-0.0010876532,-0.0014482895,-1.2931479e-05,-0.0004769787,-0.000260602,-4.5889232e-05,-0.001374148,-0.000300292,-0.0014952477,-0.001073588,-6.5482927e-06,-0.0013305332,-6.788969e-05,-0.00059747475,3.4822997e-06,-0.001394741,-0.0013718724,-0.0013612055,-0.0001154605,-0.0010835152,1.3619207e-05,-0.0010600672,-0.00010941236,1.8170687e-05,-0.0006340954,-0.001339789,-0.0012129692,-1.8634226e-05,-1.29642785e-05,-0.0013345457,-4.5168154e-06,-0.0011166079,-0.0015119879,-0.0003309691,0.9964544,9.629958e-06,-0.0010510732,-1.481902e-05,1.14182785e-05,-5.603061e-06,4.2475144e-06,2.7220199e-06,-0.0012659864,-0.0015144477,-0.00031548392,0.9968856,-0.00025522296,-9.302788e-06,-0.0016502755,-1.3572733e-07,-0.00047459084,1.3503972e-05,-0.0009824963,-2.0539337e-05,-0.001412259,-0.0003763776,-2.0621508e-05,-3.5018893e-05,1.2495279e-05,-1.4722599e-05,-0.00016908468,1.5801728e-06,1.9425077e-06,-1.4573632e-05,5.942551e-06
-0.0004183742,0.9969716,-0.0017859746,-0.0018042458,-0.002034353,0.9964486,-0.00017703591,-0.0016263053,-0.00022683061,0.9969806,-0.001848263,-0.0017801669,-0.0014923072,-0.0011841074,-0.00017827097,-0.0012467691,-0.00013661024,-0.0017845928,0.9969321,-0.00016919107,-0.0008098206,-0.0018453696,-0.00092908513,-0.0004510238,-0.0010821213,-0.0015407035,-0.0018956529,-0.00042613648,-0.0013182963,-0.000609432,-0.0010312604,-0.00018571212,-0.0020327363,-0.0006920946,-0.0005610604,-0.0007636657,-0.00068398885,-0.0019914692,-0.00062489626,-0.00054393866,-0.00049631554,-0.00025280894,-0.0004526812,0.0,-0.0016133457,-0.0016140831,-0.001904235,-0.00062533113,-0.0010466161,-0.0008624371,-0.0006576924,-0.0018303635,-0.00092206174,-0.0019365716,-0.0016116891,-0.0001687617,-0.0017997203,-0.00070526724,-0.0011664482,-0.00017200715,-0.0018170478,-0.0018486892,-0.0018297655,-0.00075898494,-0.0016030245,-0.00022924917,-0.0015470932,-0.00074169494,-0.0002405931,-0.0012112769,-0.0017937686,-0.0017237033,-0.00018642719,-0.00034386507,-0.0018070014,-0.00045239384,-0.0016035616,-0.0019507615,-0.0008533713,0.9965731,-0.00016849897,-0.0015733159,-0.0005202017,-0.0003218352,-0.00012832785,-0.00034244068,-0.00018623874,-0.0017473877,-0.0019438245,-0.0009203072,0.9969757,-0.00088050985,-0.0002993369,-0.002047224,-0.00031504923,-0.0012313308,-0.0006260511,-0.0015044869,-0.00020121392,-0.0018713848,-0.0009794672,-0.00033288,-0.0006504139,-0.00014734732,-0.00017151605,-0.0007769359,-0.00036706257,-0.00019051586,-0.00016773345,-0.000109113666
0.0024624637,1.0012453,0.0044341525,0.004408491,0.0045360806,0.9972581,6.4271946e-05,0.0043320414,-1.0787013e-05,1.0007511,0.004454539,0.004420856,0.0042182887,0.0039925175,5.2646465e-05,0.004049634,1.267566e-05,0.004429654,1.0005918,2.2699234e-05,0.0033015136,0.004451777,0.0037427114,0.0026414872,0.0038509537,0.0042538093,0.0044803834,0.0027353903,0.004073591,0.003282184,0.0037662976,0.0014525293,0.004535798,0.0032665113,0.0029748247,0.003444601,0.0032891762,0.004519448,2.6263422e-05,0.0028726808,0.0027493697,0.0013192156,0.0026528144,0.0021620851,0.0,0.0042958176,0.004482476,0.0031660201,0.00387526,0.0035910686,0.0032760412,0.0044308556,0.0036853286,0.0045059486,0.0042938604,0.000905013,0.004411258,0.0033811212,0.0039720833,0.00037537777,0.0044052647,0.0044793948,0.0044374657,0.0034110842,0.004287896,0.0014830476,0.0042249938,0.0034145794,2.2325668e-05,0.004024325,0.0044126958,0.004356494,-1.4043234e-05,0.0022123843,0.0044357954,0.0026708574,0.0042702793,0.004521649,0.0035721245,0.99772435,2.8220718e-05,0.004266157,0.0029374382,0.0020946935,5.1415667e-05,0.0020539756,0.0007570846,0.004384929,0.004493335,0.0037239597,1.0009308,0.0035986644,0.0019279204,0.004549191,0.0020881165,1.7558748e-05,0.0031235844,0.0042218803,0.0010961023,0.0044543515,0.0037812123,0.0021867119,0.003251173,0.0005954331,3.158619e-05,0.003440634,3.5716486e-05,0.001279929,0.0004138768,0.00073987345
0.002423624,1.0012679,0.004425806,0.004398983,0.004538026,0.99726796,3.937068e-05,0.0043199686,2.9494338e-05,1.000789,0.004450292,0.0044177645,0.004206241,0.003980097,5.403068e-05,0.0040320773,-6.123995e-06,0.004424024,1.0002291,1.9749199e-05,0.003228639,0.0044446182,0.003718363,0.0026081642,0.0038316832,0.0042491946,0.0044769137,0.0026862808,0.004055348,0.0032613312,0.0037492304,0.0014173219,0.004533762,0.0032430552,0.002939947,0.0034230433,0.0032675422,0.0045241388,1.16892625e-05,0.0028468273,0.0026846486,0.001282912,0.002618364,0.0021309184,0.004275807,0.0,0.004479943,0.0031285656,0.0038658725,0.0035764482,0.0032526874,0.0044195335,0.0036666088,0.004504481,0.0042855185,0.00084006967,0.0044074706,0.003352773,0.0039591035,0.00031011098,0.004398129,0.0044719786,0.0044333967,0.0033782283,0.004267186,0.0014982683,0.004203604,0.003389383,3.0092435e-05,0.004001181,0.0044020484,0.0043498906,2.8245966e-05,0.0021690207,0.0044382163,0.0026498935,0.0042537414,0.0045204232,0.0035444603,0.99774134,-8.238839e-06,0.0042522363,0.0029506488,0.0020548448,2.9071602e-05,0.0020197455,0.00071191887,0.0043740813,0.0044929064,0.0037060985,1.0009612,0.003576359,0.0018668412,0.0045504854,0.002055078,1.174806e-06,0.0030940922,0.004213204,0.0010777679,0.004444814,0.0037654394,0.0021593182,0.0032269289,0.00057613803,7.936653e-06,0.0034186575,2.7244474e-05,0.0012413415,0.00037813326,0.0007049159
0.00496041,1.003671,0.005160979,0.005161138,0.0051352964,1.0034957,0.004725313,0.0051813107,0.0047520204,1.0035896,0.005157546,0.0051664934,0.005163446,0.0051189195,0.004749539,0.005126208,0.004708743,0.005163718,1.0035677,0.004722109,0.0049876487,0.0051621213,0.005077145,0.004975335,0.0050989348,0.005166654,0.005158064,0.0049808067,0.005137757,0.005041581,0.0050901077,0.0048195734,0.0051292875,0.0049838806,0.004993943,0.0050084833,0.004991917,0.0051402575,0.0048479736,0.004981812,0.0049665063,0.004837943,0.00497402,0.004912037,0.005178613,0.005169089,0.0,0.0050409664,0.0050991336,0.0050393445,0.004994006,0.0051853424,0.0050569656,0.0051430776,0.005172306,0.0048010303,0.005166675,0.005004791,0.0051204013,0.0047720084,0.005166625,0.0051670917,0.0051635886,0.005025587,0.0051735137,0.0048221,0.0051611112,0.005004444,0.00478716,0.0051240004,0.00516225,0.005177084,0.00473241,0.00491233,0.0051705684,0.004972644,0.0051663276,0.005145508,0.0050341343,1.0034239,0.004725973,0.0051632696,0.005004427,0.0048900256,0.0047235205,0.004896548,0.0047908677,0.0051832735,0.0051450236,0.00506536,1.0036186,0.0050544874,0.004869168,0.0051343623,0.004889328,0.0052407808,0.005019336,0.0051666494,0.0048094112,0.0051552607,0.0050836946,0.0049004764,0.0050235353,0.0047638863,0.0047505023,0.005005477,0.004842394,0.0048417943,0.0047508855,0.0047778916
-1.0442628e-05,0.9968778,-3.0116446e-06,-5.200831e-06,-9.080311e-06,0.99633306,1.7589626e-05,-7.0367755e-06,1.997593e-05,0.9968837,-2.4758288e-05,5.651657e-07,-2.4932177e-05,-2.1538763e-06,1.31600345e-05,-9.7188895e-06,2.0583137e-05,7.5153534e-06,0.9968084,-2.1155928e-07,1.7476534e-05,-2.5269112e-06,8.018442e-06,1.246447e-05,1.660881e-05,-2.409086e-05,-1.910098e-05,-4.6792147e-06,-3.2200055e-06,-1.0937714e-06,-5.50935e-06,-7.1673426e-06,-1.029687e-05,3.0101755e-06,1.6961949e-05,-2.0789359e-05,-5.521965e-07,-3.8654466e-07,-1.93061e-06,-1.0986074e-05,-3.5552554e-07,1.0106535e-06,-1.2726359e-05,8.357326e-06,1.4624416e-05,1.22802885e-05,-3.0554645e-05,0.0,3.7810953e-06,-2.0006799e-05,-8.92882e-06,-1.6014515e-05,-1.8320725e-05,-2.2605948e-07,-1.7455965e-05,-1.0644784e-05,1.1481609e-05,1.5875068e-05,-1.567992e-05,-1.0027719e-05,1.091277e-06,7.016945e-06,-2.5095504e-05,3.0814297e-06,1.5183148e-05,1.571646e-05,-2.2836655e-05,1.6459033e-05,4.4615454e-06,-1.3973292e-05,3.953351e-06,1.141504e-05,1.6237467e-05,1.5437696e-05,2.3896248e-06,5.5511464e-06,-2.6685484e-07,-1.1022748e-05,2.0287468e-06,0.99640715,1.9824665e-06,-2.072202e-05,-1.9475196e-05,-8.863019e-06,-8.4043595e-06,-9.7213315e-06,1.15666235e-05,-2.9838042e-05,-2.4418368e-05,1.2445612e-05,0.9968723,4.549588e-06,-7.2616913e-06,1.6661497e-06,-1.0962794e-07,7.637565e-06,3.0873612e-06,5.6088297e-06,-3.9778406e-06,-3.117614e-05,1.1508492e-06,6.3861324e-07,-1.1753185e-05,8.0432073e-07,4.8744746e-06,1.0885333e-05,8.841853e-06,1.3688434e-05,-1.4775407e-05,4.0592695e-06
0.00038089787,1.0017422,0.0024292457,0.002369174,0.0026596691,0.9977673,1.0985636e-05,0.0022847313,1.1558695e-05,1.0013984,0.0024900122,0.0024509914,0.0021712098,0.0019046568,4.021458e-05,0.0019573781,-1.4435855e-06,0.0024044234,1.0010798,4.7299414e-05,0.0010933608,0.0024781087,0.0016427969,0.0005456887,0.0017356721,0.0022178856,0.0025805535,0.00058511214,0.0019549127,0.0011528449,0.0016341598,6.591021e-05,0.0026328184,0.0011676303,0.0009144731,0.0013582499,0.0012514999,0.0026345,2.3209644e-05,0.0007835719,0.0006482541,5.6288845e-05,0.0005515469,0.00024240495,0.0021741998,0.002203802,0.0025781565,0.0009944293,0.0,0.0015335778,0.0012169261,0.0023559295,0.0015759999,0.00262134,0.0022473424,-1.4670137e-07,0.0024088381,0.0013232153,0.0018861429,-7.429079e-06,0.0024099567,0.0025362433,0.0024139744,0.0012628024,0.0021919736,-4.2465886e-06,0.002137831,0.001322693,9.851421e-06,0.0019112536,0.0023820798,0.0023262883,2.4654806e-05,4.8073252e-05,0.0024811996,0.00055975514,0.0021435968,0.0026273848,0.0014496713,0.9983136,3.148958e-05,0.0021910956,0.00085784914,0.00010813418,5.1453862e-06,0.00016261528,1.6350612e-05,0.0023199772,0.0025926211,0.0016493864,1.0015036,0.001487614,1.6289569e-05,0.0026549462,0.00014084142,2.0641577e-05,0.0009825241,0.002172511,6.0864983e-05,0.0024871833,0.0016756332,0.00027484415,0.0011312453,4.6953566e-05,2.7516327e-05,0.0013726036,6.144726e-07,2.5615877e-06,4.8316273e-05,2.1895914e-05
2.4720897e-05,1.0015348,0.0015896021,0.0015001588,0.0016530942,0.9978333,2.6610966e-05,0.0013300675,-7.854938e-07,1.0012056,0.0015525741,0.0015957032,0.0012436531,0.00102687,1.531855e-05,0.0010659245,1.5841399e-05,0.0015179911,1.0009326,4.095025e-05,0.00038834626,0.0015535182,0.00086624833,4.3949574e-05,0.00091480825,0.0012976036,0.0015904945,9.007662e-05,0.0010582643,0.0004944195,0.0007625825,2.761178e-05,0.0016389522,0.0005354917,0.00029417285,0.00068944204,0.0005769569,0.0016646027,1.0618364e-05,0.00021410569,9.7321856e-05,1.2650487e-05,8.133162e-05,1.7128023e-05,0.0012443683,0.0012613557,0.0016220987,0.00037819895,0.0009854649,0.0,0.00055444235,0.0014589265,0.00083206664,0.0016759897,0.0013167418,7.8581625e-06,0.0015412107,0.00065643736,0.001001502,3.213666e-05,0.0015516472,0.0016379376,0.0015529704,0.00060702604,0.0012616392,1.8557275e-05,0.0011910934,0.0006357239,4.508171e-06,0.0010385661,0.0014874872,0.0013246004,7.693135e-06,6.6857116e-05,0.001610808,5.212611e-05,0.0012231966,0.0016947547,0.0006516987,0.99821424,2.4748835e-05,0.0012706978,0.00031459305,7.067282e-05,2.422754e-05,5.4392447e-05,1.9671083e-05,0.0013217707,0.0016238723,0.0008861342,1.0013213,0.00076613715,6.8127883e-06,0.0016508538,5.819721e-05,2.4431001e-05,0.0003566146,0.0012574448,1.8755416e-05,0.0015629528,0.00090008584,5.608658e-05,0.00046880188,2.0424637e-05,1.9865933e-05,0.000664638,-8.491578e-06,2.174879e-05,3.214322e-05,4.28671e-05
1.3677062e-05,0.9993107,2.9322573e-05,1.1522589e-05,1.3992444e-05,0.99730307,2.0154737e-05,5.0087314e-05,1.9389483e-05,0.99915,2.0298123e-05,3.117159e-05,1.8200593e-06,1.3477664e-05,3.5004847e-05,4.7888094e-05,-3.8238636e-06,3.4916728e-05,0.9989781,3.3129374e-05,-1.8082116e-06,2.8097957e-05,3.6147623e-05,-1.1163548e-06,1.4434885e-05,4.046479e-05,2.200721e-05,2.627734e-05,6.444564e-06,4.0397787e-05,4.401926e-05,3.6724614e-05,7.734746e-06,3.0996758e-05,3.3621448e-06,3.6028603e-05,4.70004e-05,3.4685232e-05,3.074623e-05,2.982187e-05,1.6682672e-05,2.7223296e-05,-1.5932361e-06,3.2217755e-05,1.9061079e-05,3.4806693e-05,2.2525748e-05,4.773378e-05,1.8387358e-05,2.1077345e-05,0.0,1.0053961e-05,2.9928711e-05,3.7714035e-05,1.0011002e-05,9.151245e-07,2.4575464e-05,4.433465e-05,3.654266e-05,-3.7416642e-06,2.5784384e-05,5.213795e-05,2.738373e-05,3.514714e-05,2.4566669e-05,-1.5821889e-06,2.5366053e-05,2.6479704e-05,3.4119916e-05,3.130915e-05,8.242199e-06,2.3571421e-05,-8.176958e-06,1.7258322e-05,2.151165e-05,1.589884e-06,2.5837628e-06,4.029453e-05,5.15515e-06,0.997515,3.5527002e-05,2.0261086e-05,3.4118642e-05,2.9566037e-05,-6.233512e-06,2.3377332e-05,3.526284e-05,1.4556561e-05,1.6768083e-05,4.959948e-05,0.99919915,4.774463e-05,1.8089266e-05,3.4973524e-05,3.342174e-05,1.6122536e-05,6.449954e-06,3.7848313e-05,2.4098563e-05,2.556447e-05,3.2836906e-05,1.0281657e-05,4.573967e-05,1.430507e-05,2.6885442e-05,1.7950206e-05,-5.626621e-06,9.409138e-06,3.676097e-05,3.0680694e-05
0.0035998444,1.0012921,0.0050452077,0.005056526,0.004641005,0.99944055,0.002512188,0.0051042684,0.0019642431,1.0008442,0.0050617643,0.0050614164,0.0049152323,0.004848566,0.002048342,0.0049076583,0.0025051215,0.0051361867,1.0007008,0.0020768829,0.003987516,0.0050789127,0.0044449433,0.0036758513,0.0046725525,0.005005994,0.004919849,0.0037271471,0.0049291984,0.00402696,0.004502385,0.0030908955,0.004688497,0.0041740965,0.0038175448,0.0042897095,0.004187607,0.0047442606,0.0017808498,0.0037753813,0.0036920165,0.0032172147,0.0036906009,0.0034518924,0.005083868,0.005009165,0.0049985424,0.0040348577,0.0045817345,0.004367659,0.0041552107,0.0,0.004433892,0.005004402,0.0050261277,0.0029761952,0.0050982204,0.004241517,0.004601846,0.002770715,0.004995004,0.005146504,0.0051170858,0.0042295805,0.005069236,0.0030962634,0.0049612015,0.004232012,0.0019305868,0.004937964,0.0050851754,0.005078837,0.002529251,0.0034414025,0.0051772427,0.0036789007,0.0050573247,0.004898924,0.00440956,0.99954915,0.002040972,0.005022644,0.0038154996,0.003385349,0.0026068646,0.003397188,0.0029050605,0.005111671,0.005112467,0.0044311495,1.0010033,0.004379416,0.0032823738,0.0046868073,0.0033711125,0.0018883708,0.003914936,0.0049893158,0.0030776893,0.0050243605,0.0045017567,0.0034566512,0.0040280824,0.0028761805,0.002127653,0.0042516934,0.0018645606,0.0031521474,0.0027775404,0.0028910616
3.812796e-05,1.0016463,0.0017945835,0.0017150121,0.0019895078,0.9977568,3.889946e-05,0.0016385055,3.2978707e-05,1.0013266,0.0017687227,0.0017811,0.0015238234,0.0012684729,4.2254735e-05,0.0013320916,6.782264e-07,0.0017557908,1.0010571,2.354379e-06,0.00055600214,0.0017739006,0.0011113145,0.00015970794,0.0011426177,0.0015906523,0.001812248,0.00024221808,0.0013013544,0.0007048792,0.00095971103,1.6762035e-05,0.0019930801,0.0007188763,0.000445433,0.0009051884,0.0007520634,0.002009046,2.851167e-06,0.00037065215,0.00027051236,2.552236e-05,0.00020506217,4.2050666e-05,0.0015576074,0.0015702969,0.0019993437,0.0005363118,0.0012077318,0.0009883712,0.0007328998,0.0016870333,0.0,0.0020453907,0.0016160792,2.9537594e-05,0.0017323858,0.00082555006,0.0012596978,5.62037e-06,0.0016893626,0.0018431157,0.0017681363,0.0008098845,0.0015655187,3.3413202e-05,0.0014824809,0.00086317566,5.787853e-06,0.0013105538,0.0017093031,0.0016653392,2.9811892e-05,6.781313e-05,0.0018014744,0.00018411664,0.001505425,0.0020654176,0.00086728216,0.99811256,3.28885e-05,0.0015524527,0.00046808884,3.4274046e-05,3.2129474e-06,6.90563e-05,1.2027075e-06,0.0016760011,0.0020034178,0.0011085724,1.0014209,0.0009834028,5.985154e-05,0.0019853034,4.1778625e-05,2.2608496e-05,0.00053025264,0.0015383884,1.7783852e-05,0.0017844256,0.0011384346,2.1968806e-06,0.00063381187,2.6883932e-05,1.6897833e-05,0.00086784305,-5.994269e-06,4.270721e-05,1.6429745e-05,3.2545586e-06
0.005171487,1.0039473,0.005314585,0.005319973,0.0052835136,1.0038836,0.00498843,0.0053372607,0.005021026,1.0038893,0.0053112702,0.0053223553,0.005329209,0.0052919094,0.005019547,0.0052988594,0.004967888,0.005321392,1.0038755,0.00498106,0.005184245,0.005315483,0.0052554808,0.0051827203,0.0052767177,0.0053306133,0.0053098463,0.0051822895,0.0053079547,0.005234385,0.005269814,0.00505177,0.0052769133,0.0051758164,0.00519282,0.005197316,0.0051846295,0.0052868524,0.0051244665,0.0051855408,0.005173834,0.005067604,0.005176546,0.0051293615,0.0053406092,0.0053329426,0.0053035947,0.005233219,0.005279433,0.005221228,0.0051888623,0.0053389138,0.0052405465,0.0,0.0053327624,0.0050378502,0.0053204005,0.0051949816,0.005294428,0.005018832,0.0053228824,0.0053181658,0.0053172735,0.0052132467,0.0053356243,0.005056506,0.005327354,0.005193142,0.005056935,0.005292893,0.005318365,0.005336644,0.0049951538,0.005126037,0.0053237504,0.005179604,0.0053264373,0.005295828,0.005224173,1.00382,0.004986098,0.0053249057,0.0052058864,0.005110044,0.00498087,0.005115204,0.0050323196,0.0053414972,0.0052968115,0.0052470905,1.0039102,0.0052379984,0.0050922926,0.005282343,0.0051068896,0.0055200346,0.0052178465,0.005330254,0.0050387857,0.0053118467,0.0052674026,0.0051145353,0.005217639,0.005008111,0.005007182,0.005194629,0.005116948,0.0050709625,0.0049963626,0.005018894
0.0024162822,1.0011157,0.0044563655,0.0044129854,0.0045336415,0.99719054,3.5498662e-05,0.00436107,2.7624781e-05,1.0006752,0.004463869,0.004447093,0.0042328127,0.0040050345,-1.0102997e-05,0.004053418,-9.27839e-06,0.0044463896,1.0004396,-1.8122279e-05,0.0031520443,0.004451957,0.003756823,0.0025623871,0.0038581553,0.0042989464,0.004486886,0.0027394341,0.004077154,0.0033219412,0.0037450898,0.0011038565,0.0045313737,0.0032671206,0.0029593466,0.0034488465,0.0033003509,0.004532204,4.0150633e-05,0.0028703923,0.0026471228,0.00119632,0.002676882,0.0021458934,0.004290885,0.0042976104,0.004503724,0.003138624,0.003898633,0.0036199982,0.00327452,0.004433246,0.0036860122,0.004517299,0.0,0.0008042197,0.004429879,0.0033926456,0.0039745015,0.00020549295,0.0044172565,0.004491527,0.0044540004,0.003401801,0.004310294,0.0012002406,0.004228936,0.0033959136,4.408176e-06,0.004031931,0.0044105677,0.0043915953,-3.3949786e-06,0.0021779793,0.0044845813,0.0026298082,0.004271457,0.004535848,0.0035098682,0.9975504,-1.7578506e-05,0.004272586,0.0030205303,0.0020208661,3.5647805e-05,0.0020022779,0.00064459414,0.0043961834,0.0044915276,0.0037480532,1.000789,0.0036368207,0.0018090812,0.0045601744,0.0020310527,2.2488215e-05,0.0031197262,0.0042485646,0.0010838411,0.004457707,0.0038039484,0.002219916,0.003220502,0.00055140856,5.696366e-05,0.0034529192,8.229916e-06,0.001281151,0.00031736997,0.00065651786
-0.0019304075,0.99682915,-0.0028084137,-0.0028232115,-0.0029400587,0.9963537,-0.0017904437,-0.0027333216,-0.001849691,0.9968332,-0.0028440475,-0.002815808,-0.0026592307,-0.0024647063,-0.0018073332,-0.0025030088,-0.0017654003,-0.002810662,0.996805,-0.0017770989,-0.0022029383,-0.002846787,-0.002299129,-0.0019566228,-0.0024029708,-0.0026846575,-0.0028692554,-0.0019408549,-0.0025596702,-0.0020895621,-0.0023949689,-0.0017683238,-0.00293167,-0.0021172618,-0.002041174,-0.0021763435,-0.0021354214,-0.0029115248,-0.0021062638,-0.002026229,-0.0019857495,-0.0018222341,-0.0019571427,-0.0018783191,-0.002721155,-0.0027204584,-0.0028719387,-0.0020921296,-0.0023890422,-0.002250401,-0.0021129092,-0.002837898,-0.0022869615,-0.0028864257,-0.0027248308,0.0,-0.002824279,-0.0021420824,-0.0024606297,-0.0017186893,-0.0028333422,-0.0028481917,-0.002835071,-0.0021787588,-0.0027157476,-0.001780813,-0.0026920142,-0.0021603922,-0.0018828028,-0.0024742917,-0.0028163795,-0.002787278,-0.0017645981,-0.0018561456,-0.0028267477,-0.0019579756,-0.0027190086,-0.0028894206,-0.002256477,0.99646974,-0.0017702188,-0.0026972198,-0.002004722,-0.0018422244,-0.001737314,-0.0018785521,-0.0017399557,-0.0027947654,-0.0028914174,-0.0022865394,0.99683225,-0.0022634896,-0.001829323,-0.002940526,-0.0018391246,-0.002991645,-0.0020941864,-0.0026657511,-0.0017780871,-0.0028541263,-0.0023297423,-0.0018771732,-0.0021087409,-0.0017150291,-0.0017593146,-0.0021864285,-0.0020134405,-0.0017598948,-0.0017309703,-0.0017048299
0.00404528,1.002219,0.004933396,0.004607158,0.0046464275,1.0010221,0.003395626,0.004635511,0.003334541,1.0019494,0.0046276986,0.0046353173,0.004562312,0.004473927,0.0033772443,0.0048096175,0.003385531,0.004654986,1.0018516,0.0033732879,0.0042415694,0.004626512,0.0044057183,0.004082832,0.0044173966,0.0045840577,0.0046329927,0.0041096606,0.004832022,0.004274127,0.0044158683,0.0037364925,0.0046426104,0.004233731,0.004170641,0.0042496407,0.004233924,0.0046399515,0.00329119,0.0041431366,0.004095633,0.0038165192,0.004089682,0.0039536785,0.004906868,0.004917313,0.004613215,0.004261585,0.004435092,0.0043295743,0.0042182617,0.0049173203,0.00433952,0.0046185283,0.004594287,0.0036723027,0.0,0.004244264,0.0044697993,0.0035434398,0.0046135914,0.004647662,0.0046194326,0.0042823637,0.0048271655,0.0037380762,0.004886548,0.004249692,0.0033323972,0.0045714667,0.0049379547,0.0049292026,0.0034048993,0.0039457837,0.0046686744,0.0040887417,0.0045645777,0.004645342,0.004300846,1.0010686,0.0033511943,0.0045608487,0.0041696643,0.003913963,0.00345277,0.0039216853,0.0036323497,0.004615398,0.0046351603,0.004402133,1.0020399,0.004329043,0.0038517602,0.004664639,0.0038991307,0.0036153686,0.0042219735,0.004575005,0.0037233224,0.004609144,0.0043848567,0.003947038,0.004252953,0.0036063713,0.0034049696,0.0042655417,0.00332847,0.0037700008,0.0035400598,0.003610245
1.16796455e-05,1.0005643,0.0005206017,0.0004500398,0.00048504487,0.99774015,3.3865057e-05,0.0004588696,7.9298425e-06,1.000333,0.0004890182,0.0004972241,0.00040380214,0.00030469464,3.2423297e-05,0.00031506186,1.3617305e-05,0.0005005017,1.0000827,1.8101417e-05,2.8125702e-05,0.00048139208,0.00024868583,2.3752358e-05,0.00025505733,0.00045410934,0.0005018246,5.2838386e-06,0.00030121588,5.660515e-05,0.00013845277,8.705494e-06,0.0004876783,4.378978e-05,3.768945e-05,0.00016119026,6.9757094e-05,0.0005133269,4.2789324e-07,6.211793e-05,5.103971e-05,8.058446e-06,1.8713445e-05,3.984691e-05,0.0003762379,0.0003907614,0.0005381253,2.3485609e-05,0.0002724138,0.00018905243,7.105466e-05,0.0004410879,0.00021924631,0.0005196006,0.00045237804,3.243122e-05,0.00047316164,0.0,0.0002894108,4.5788027e-05,0.0004418835,0.0005480589,0.0004963373,9.899294e-05,0.00039670596,2.8022896e-05,0.0003432355,0.00012360167,2.5829571e-05,0.00032473888,0.00043953577,0.00045485955,-5.006154e-06,2.0982212e-05,0.00051194394,3.6128837e-05,0.00035721017,0.0005356506,0.00011327096,0.99796844,2.0001862e-05,0.00040958272,5.880527e-05,3.616999e-05,3.91961e-05,4.7536574e-05,-1.3227652e-06,0.00043537578,0.00046485828,0.00025627977,1.0003994,0.00018817028,4.819496e-05,0.0004798934,4.5086046e-05,3.8546964e-06,2.5192458e-05,0.00037948706,1.3544039e-05,0.000487832,0.00025899537,3.7986298e-05,1.2950514e-05,2.6849635e-05,2.8251005e-05,0.00013348921,1.0868694e-05,1.1315639e-05,2.5032314e-05,4.4204833e-05
0.00068912405,1.001683,0.0028148051,0.0027873353,0.0030199445,0.99769294,3.6437923e-05,0.002669408,2.302157e-05,1.0012363,0.0028575147,0.002827584,0.0025544157,0.0022735016,1.7757904e-05,0.002333048,4.475908e-05,0.0028042637,1.0010968,-1.7904113e-06,0.0015365788,0.0028597703,0.0020151974,0.0008198451,0.002115304,0.002603779,0.0029071125,0.0008647986,0.0023396984,0.0014945804,0.0020263726,-3.865545e-06,0.002999551,0.0015338442,0.001197273,0.0016821637,0.0015876313,0.002901341,3.5331518e-06,0.0010777484,0.0009447,9.987908e-05,0.0008041446,0.0003969968,0.002604058,0.0026209217,0.0029148022,0.0013112986,0.002191599,0.001886753,0.0015607489,0.002777155,0.001982437,0.0028745162,0.0026456285,6.446841e-05,0.0028005433,0.0016547855,0.0,3.03703e-05,0.0027833031,0.0028893114,0.0028305813,0.0016299962,0.0026092615,5.755897e-05,0.0025569052,0.0017006061,-8.9204093e-07,0.002328614,0.002787831,0.0027043761,2.0655085e-05,0.00040017924,0.0028547042,0.0008711312,0.0025830492,0.0029585497,0.0018370007,0.9982334,4.739126e-05,0.002594158,0.0011748595,0.00038507738,8.745374e-06,0.0003266331,4.4012144e-05,0.0027348395,0.0029430857,0.002011314,1.0014095,0.0018580352,0.0001799338,0.0030104108,0.0003840646,-6.4289825e-06,0.0013275857,0.0025581126,6.941285e-05,0.0028704011,0.002074524,0.00037513304,0.0014989924,6.134318e-06,4.8910906e-06,0.0017332,1.545961e-05,2.8649074e-05,4.837621e-05,4.246908e-05
-0.0027896902,0.99651074,-0.003409465,-0.0034236414,-0.0034885209,0.99608064,-0.0026936843,-0.0033716362,-0.0027815616,0.99651325,-0.0034353742,-0.003424179,-0.0033259804,-0.003187623,-0.0027178898,-0.003207322,-0.0027209972,-0.0034114826,0.996485,-0.0027075275,-0.0029672638,-0.0034385147,-0.0030566575,-0.0027950974,-0.003142709,-0.003340519,-0.0034511145,-0.0027839362,-0.003262291,-0.0029104173,-0.0031598906,-0.002707399,-0.00347483,-0.0029192762,-0.0028734605,-0.0029505591,-0.0029381588,-0.0034636306,-0.003003025,-0.0028503821,-0.0028081108,-0.0026962133,-0.0027948767,-0.0027795075,-0.0033599758,-0.0033540204,-0.003449686,-0.0029170814,-0.0031318285,-0.0030288221,-0.0029211927,-0.0034384427,-0.0030417338,-0.0034522156,-0.0033647493,-0.0026379745,-0.0034277418,-0.0029382491,-0.003180697,0.0,-0.0034402036,-0.003434464,-0.0034347756,-0.0029618116,-0.0033551753,-0.0026765142,-0.0033473184,-0.0029371055,-0.002835179,-0.0031800286,-0.0034212382,-0.0034052797,-0.0026661912,-0.0027195616,-0.0034261257,-0.0027997254,-0.0033687486,-0.003454633,-0.0030360417,0.99616367,-0.0026713503,-0.0033434788,-0.0028374305,-0.0027151506,-0.002687507,-0.0027577847,-0.0026200865,-0.0034093407,-0.0034581202,-0.0030522393,0.99651104,-0.0030312864,-0.0026840565,-0.0034843832,-0.0026994448,-0.0038758554,-0.002910028,-0.0033308582,-0.0026880351,-0.0034413927,-0.00308014,-0.0027474812,-0.0029231983,-0.0025969811,-0.0026439314,-0.002972198,-0.0029456294,-0.0026442346,-0.0026093544,-0.0026134374
0.003772545,1.0015702,0.004953743,0.0049073207,0.0046235016,0.9998657,0.002863785,0.00483868,0.002773364,1.0011914,0.0048667425,0.004858431,0.0048016147,0.0047322195,0.0028226187,0.004928676,0.0028736966,0.0050848313,1.0010302,0.002834455,0.004111005,0.004905168,0.0044990513,0.003831368,0.0045967773,0.004821392,0.0046725944,0.0038412455,0.0049274247,0.004107042,0.004499686,0.0033776863,0.00463252,0.004174682,0.0039649666,0.0043740706,0.004202315,0.004623701,0.0026564822,0.003916096,0.0038321654,0.003480456,0.0038397443,0.003646283,0.005102715,0.0049881474,0.0049100406,0.004121406,0.0044767885,0.0043212087,0.00409709,0.0052309167,0.0042953454,0.0048748315,0.004812185,0.003248984,0.0048718615,0.004171652,0.0045168335,0.0030441692,0.0,0.0048789186,0.0051131076,0.00425364,0.0051052445,0.003346942,0.0048907334,0.004123317,0.0027415734,0.005047347,0.005029825,0.0050161434,0.0028477823,0.0036004442,0.004852801,0.0038382134,0.0050481213,0.004762659,0.0044684634,1.000022,0.0028016581,0.004948427,0.0039342497,0.0035959827,0.0029706503,0.0036030726,0.0031740621,0.005049987,0.004867886,0.0044693053,1.001316,0.004445661,0.0034936797,0.004667879,0.003565817,0.0025340805,0.004019241,0.004794469,0.0033133032,0.0048929034,0.0042996407,0.0036200117,0.0041145887,0.0031412626,0.0028209626,0.0041431147,0.0027120947,0.0033649614,0.003074825,0.0031766777
0.0046741804,1.0032581,0.004972964,0.004976094,0.004958817,1.002842,0.0043468894,0.0049858927,0.0043609203,1.0031418,0.0049725706,0.0049826335,0.0049598333,0.0049067545,0.0043746517,0.0049146954,0.0043358966,0.0049793497,1.0030872,0.0043483092,0.0047449428,0.004974391,0.00485086,0.004694586,0.004875054,0.004968698,0.0049747173,0.004707217,0.0049238726,0.0047944346,0.0048627043,0.0045000184,0.004953992,0.004734971,0.0047332593,0.004767484,0.00474339,0.00496328,0.004429552,0.0047203205,0.004696631,0.004534824,0.0046957666,0.0046194815,0.00498219,0.0049683065,0.004968124,0.00478411,0.0048794914,0.0048053483,0.0047450205,0.0049994974,0.0048242235,0.0049636746,0.004974709,0.004468854,0.004979626,0.004758246,0.0049060443,0.00441988,0.0049779173,0.0,0.0049754856,0.0047788857,0.0049777306,0.0045030676,0.004958312,0.0047604013,0.0043805176,0.0049146796,0.0049739615,0.004984277,0.0043597543,0.0046177283,0.0049894503,0.0046947477,0.004964923,0.0049671684,0.0047976477,1.0027828,0.004340717,0.004962931,0.00474431,0.004592076,0.004360335,0.004596778,0.00445268,0.004991845,0.004966346,0.0048406846,1.0031751,0.0048180455,0.0045626173,0.0049626087,0.0045886557,0.0048192106,0.004766711,0.0049624597,0.004485625,0.004971174,0.0048565953,0.0046138396,0.0047716387,0.004428153,0.0043754126,0.004765388,0.004432932,0.004527997,0.004405552,0.0044433284
0.0043970733,1.002807,0.0048020724,0.0048019425,0.0048072324,1.002081,0.0039359834,0.0048135608,0.0039241645,1.0026114,0.004810344,0.004813099,0.00477269,0.0047050947,0.0039535365,0.0047146427,0.003928625,0.0048162425,1.0025669,0.003934948,0.0045006154,0.004811123,0.004639948,0.0044280454,0.004667455,0.004786344,0.004810188,0.0044480795,0.0047363075,0.004554577,0.0046591773,0.004168647,0.004802689,0.004502281,0.0044789715,0.004535137,0.0045106173,0.004805939,0.003955853,0.0044605625,0.004429346,0.0042078723,0.004423343,0.0043314486,0.004807319,0.0047851936,0.0048018433,0.004543752,0.004671041,0.0045848708,0.0045041293,0.0048391456,0.004601935,0.0048002917,0.0047976836,0.004133169,0.004811779,0.0045249728,0.004702597,0.0040468485,0.0048022717,0.0048205075,0.0,0.004553063,0.004803499,0.004173364,0.004769827,0.004525446,0.0039558425,0.004723828,0.0047981017,0.004808482,0.003961233,0.004334008,0.0048236605,0.0044272,0.004790173,0.004811591,0.0045741126,1.002051,0.0039273505,0.004779737,0.0044920156,0.004298447,0.003966529,0.0043029143,0.004105103,0.004821701,0.0048087756,0.004629977,1.0026878,0.0045970893,0.004250295,0.00481444,0.0042891004,0.00432403,0.004519378,0.0047816974,0.0041668774,0.0048015458,0.004642352,0.004322958,0.004532445,0.0040751407,0.0039789286,0.004534224,0.003973712,0.004208422,0.0040387716,0.00408672
5.4978183e-05,1.000844,0.0007125558,0.0006613259,0.00072933757,0.9977944,-4.7511122e-07,0.00064008316,3.6598027e-05,1.0005918,0.0007034848,0.0006779667,0.00056411285,0.00044674068,-3.5267517e-06,0.000474281,8.399112e-06,0.00070773024,1.0003512,1.7213204e-05,7.269742e-05,0.0007004315,0.00039101552,3.3426727e-06,0.00039271213,0.00060304254,0.00071815104,6.234019e-05,0.0004381967,0.00014686439,0.00025997794,2.5206427e-05,0.00074298505,0.0001403083,6.626918e-05,0.00027023928,0.00014788675,0.000734324,4.0041127e-06,3.449997e-05,6.8388494e-05,5.235498e-05,5.7050955e-05,5.2256357e-05,0.00059142173,0.00059743784,0.0007647002,1.6292634e-05,0.00037593313,0.0002741752,0.00013186526,0.0006251797,0.00035027403,0.0007671383,0.0006311269,1.0018862e-05,0.0006683226,0.00022385937,0.0004143022,2.6175978e-05,0.00061664905,0.00074985484,0.0006966826,0.0,0.0006036237,4.9774608e-05,0.0005240568,0.00025468794,1.4310974e-05,0.0004831155,0.0006653695,0.00065715075,1.3934356e-05,4.996577e-06,0.00069302844,2.7147415e-05,0.000539903,0.0007866167,0.0002518826,0.99805325,2.6246089e-05,0.0005705561,6.964746e-05,5.5074153e-05,2.5640724e-05,5.0742077e-05,-2.6216494e-06,0.0006422003,0.000722978,0.00036652834,1.0006709,0.00030260137,4.1203886e-05,0.000712921,5.761784e-06,9.009828e-06,6.9735993e-06,0.0005692622,3.362471e-05,0.0006958229,0.0003891002,2.7459175e-05,6.5716544e-05,1.7563101e-05,3.2829215e-05,0.00023357052,7.346286e-06,2.7493328e-05,-3.7349464e-06,2.5791647e-05
0.0024317752,1.001251,0.004437785,0.0044141253,0.0045487992,0.9972613,5.354503e-06,0.004336598,3.2051725e-05,1.0007876,0.0044614673,0.0044353,0.004226393,0.0039915065,-3.117063e-06,0.0040412424,7.4532068e-06,0.0044350964,1.0005885,2.3202825e-05,0.0032044395,0.00445465,0.003745056,0.0025895755,0.003846776,0.004267229,0.004487374,0.0027078982,0.004075677,0.0032675434,0.003772239,0.0011208399,0.004542581,0.0032679546,0.0029567534,0.003428562,0.0032882013,0.004534722,-5.9781105e-06,0.0028604115,0.0026875094,0.0012577083,0.0026538104,0.002166455,0.0042887502,0.004285225,0.004497116,0.0031372053,0.0038831716,0.0035996125,0.0032576693,0.0044276183,0.003672078,0.004518029,0.0043103695,0.0008203944,0.004423973,0.0033709211,0.0039576325,0.0002407893,0.00441334,0.00448819,0.0044517284,0.00339689,0.0,0.001187723,0.0042247092,0.0033866817,1.506591e-05,0.0040077716,0.0044108694,0.004371724,1.1723504e-05,0.0021619715,0.0044601844,0.0026257655,0.0042683044,0.0045381263,0.003545143,0.9977096,-5.6623708e-06,0.0042598513,0.0029653532,0.0020274417,3.7158894e-05,0.0020335352,0.0006735768,0.0043846415,0.0045042844,0.0037269273,1.000938,0.0036068945,0.0018551686,0.0045666127,0.0020350919,2.44526e-05,0.003102861,0.004233142,0.0010919461,0.004456058,0.003780097,0.002198649,0.0032169363,0.00053805165,1.573489e-05,0.003431106,1.0158807e-05,0.0012662461,0.00033908445,0.0006569744
-0.0015217502,0.99692184,-0.0025312286,-0.0025488671,-0.0027003374,0.99642354,-0.0013922888,-0.0024408277,-0.001420145,0.9969339,-0.002576786,-0.002540019,-0.0023553537,-0.0021286767,-0.0014383057,-0.0021698722,-0.0013654219,-0.0025385513,0.99689347,-0.0013300965,-0.0018221362,-0.0025803733,-0.0019404436,-0.0015735416,-0.0020508904,-0.0023783378,-0.0026092383,-0.0015476855,-0.0022435791,-0.0016981616,-0.0020824238,-0.0013860129,-0.0026907662,-0.0017337591,-0.001640271,-0.0017984416,-0.0017556376,-0.0026658368,-0.0017070881,-0.0016173298,-0.0015832573,-0.0014120853,-0.0015384936,-0.0014961747,-0.002428789,-0.0024284178,-0.0026094336,-0.0017049661,-0.0020392996,-0.0018793022,-0.0017332033,-0.0025704023,-0.0019189407,-0.0026338801,-0.0024248264,-0.0013287105,-0.0025508066,-0.0017603452,-0.0021211759,-0.0013075407,-0.002565493,-0.0025793696,-0.0025666412,-0.0018021977,-0.0024177174,0.0,-0.0023920906,-0.0017860618,-0.0014985215,-0.002142385,-0.00254619,-0.002501336,-0.0013407818,-0.0014517431,-0.0025494364,-0.0015678303,-0.0024254897,-0.0026378182,-0.0019280966,0.9965251,-0.0013579656,-0.0023971023,-0.001587986,-0.0014374964,-0.0013290654,-0.001467273,-0.0013338563,-0.002516466,-0.0026446797,-0.0019226689,0.99692297,-0.0018890925,-0.00142379,-0.0027026297,-0.0014271706,-0.0025621352,-0.0016952491,-0.0023555115,-0.0013839344,-0.0025877694,-0.0019702446,-0.001462776,-0.0017294544,-0.0013013039,-0.0013244885,-0.0018128882,-0.0016213142,-0.0013276576,-0.0013230701,-0.0013179724
0.0020816626,1.0013605,0.0042045037,0.0042059575,0.0043721325,0.9970049,1.2705871e-05,0.0041043786,-1.543438e-05,1.0004578,0.0042567556,0.0042245653,0.0039983774,0.0037367342,-2.7103613e-06,0.0037792122,4.1179348e-05,0.0041997717,1.0003318,4.6715435e-05,0.0029875156,0.004247853,0.0034775569,0.0022200875,0.0035806166,0.0040377313,0.0042959377,0.0023293935,0.0038244736,0.0029315809,0.003548244,0.0011260475,0.0043671746,0.002996534,0.0026461254,0.0030870056,0.003021259,0.00434984,2.4869949e-05,0.0025049392,0.0023681712,0.000990452,0.0022484374,0.0018181956,0.0040502474,0.004049079,0.0043016174,0.0028084333,0.00362518,0.0033138576,0.002956597,0.0042105047,0.003405195,0.004323824,0.0040699327,0.00052247645,0.0042149234,0.0030690632,0.0037254249,4.8282473e-05,0.0042099687,0.004289376,0.004239073,0.0030917416,0.004061102,0.0011525803,0.0,0.0030983274,-9.830721e-06,0.003768473,0.0042173527,0.0041391524,5.5354e-06,0.0018075709,0.0042594615,0.0022515687,0.004039844,0.0043353206,0.0032864215,0.9977709,1.4557821e-06,0.004019643,0.0026193755,0.0016869562,2.6956708e-05,0.0016862209,0.00031998803,0.0041600964,0.004323434,0.0034527197,1.0006472,0.0033074347,0.0014738376,0.0043829805,0.0016909537,-2.0437767e-05,0.002790621,0.0039939354,0.0010730877,0.0042572697,0.0035173665,0.0017468652,0.0029248744,0.0001680975,2.9653418e-05,0.0031682216,1.16674155e-05,0.000851428,-1.1879992e-05,0.0003007407
1.786618e-05,1.0008414,0.0006640046,0.0006193552,0.0006645005,0.9978,2.5917276e-05,0.0006111954,-3.404861e-06,1.0005969,0.00063893653,0.0006423447,0.00050846545,0.00041129944,3.6853522e-05,0.00043527113,4.0790866e-05,0.000632006,1.0003803,-5.5462933e-06,7.5001146e-05,0.0006413972,0.0003426156,4.948807e-05,0.00034060839,0.000554,0.0006463942,5.4866836e-05,0.00042461205,0.00012999555,0.0002743949,5.3629643e-05,0.0006656419,0.00014827054,6.5064516e-05,0.00024992292,0.00017611185,0.000681833,3.582384e-05,2.3022745e-05,4.5647383e-05,3.6977905e-05,1.1767032e-05,1.336558e-05,0.0005483881,0.0005764392,0.0006818212,3.3254146e-05,0.00041971647,0.00029318404,0.0001619085,0.0005897609,0.00035027208,0.0007153555,0.0006128385,3.854803e-05,0.00061396795,0.00023908973,0.00043631904,6.082338e-06,0.0005636221,0.00069144845,0.0006404676,0.0002244374,0.00057443976,3.335397e-05,0.00050643383,0.0,3.292541e-05,0.00044274473,0.00062510086,0.00059332536,4.3895634e-05,1.5507634e-05,0.00065801304,1.000217e-05,0.00050988415,0.00071289507,0.00021609824,0.99806917,2.0862124e-05,0.00055340753,4.2076976e-05,3.7279286e-05,1.7146696e-05,3.2864526e-05,2.9972294e-05,0.00060361717,0.0007025732,0.00036256883,1.0006732,0.00028944743,5.643595e-05,0.00064027496,5.2446314e-05,6.6505127e-06,4.8731657e-05,0.0005174251,2.6041784e-05,0.00063615805,0.00038381337,5.9161568e-05,0.00012004331,2.0250269e-05,-1.7192788e-06,0.00024910245,3.683656e-05,5.4456737e-05,4.6339777e-05,2.4632682e-05
-0.0043697143,0.9956803,-0.0046069403,-0.004617082,-0.0045921006,0.99528134,-0.004322953,-0.0046147695,-0.0044091274,0.99564385,-0.0046063405,-0.0046190573,-0.004596167,-0.0045338674,-0.0043445495,-0.0045495336,-0.0043229475,-0.004604436,0.9956258,-0.004315131,-0.0044671106,-0.004615766,-0.0044831024,-0.004378226,-0.004521773,-0.0046020634,-0.0046149166,-0.0043712603,-0.004566391,-0.004439561,-0.004504122,-0.0042785183,-0.0045834114,-0.004401916,-0.004415917,-0.0044310335,-0.004411848,-0.0045848414,-0.004615979,-0.0044024335,-0.004400474,-0.004320708,-0.0043762396,-0.004330645,-0.0046114787,-0.004609497,-0.004605654,-0.0044356165,-0.0045172707,-0.0044551855,-0.004412569,-0.004626101,-0.0044722254,-0.0045966366,-0.0046118535,-0.0042671557,-0.0046188207,-0.004413071,-0.0045428197,-0.0042892583,-0.0046255514,-0.004611248,-0.0046109506,-0.00443119,-0.0046074027,-0.0043015494,-0.004605944,-0.004415973,0.0,-0.00453896,-0.0046118107,-0.00462961,-0.0043162783,-0.0043243407,-0.0046141893,-0.004365759,-0.0046082013,-0.004588229,-0.004456794,0.9953693,-0.0043250606,-0.0046037077,-0.004390301,-0.0043209326,-0.004295274,-0.0043425458,-0.0042724567,-0.004622567,-0.0045973454,-0.004470854,0.99566096,-0.0044674785,-0.004316435,-0.0045819026,-0.004318335,-0.0054646684,-0.0044370685,-0.004597337,-0.0042740484,-0.0046118987,-0.0044919024,-0.004337452,-0.0044258996,-0.004241517,-0.004325324,-0.004426934,-0.0045338846,-0.0042876657,-0.004267054,-0.0042546466
0.00094769214,1.0016397,0.003086692,0.0030364648,0.0032358542,0.99784476,2.087449e-06,0.0029461998,3.0461001e-06,1.0012177,0.0031040793,0.0030823138,0.0028163716,0.002537005,1.4412019e-05,0.0025896702,1.0698432e-05,0.0030676064,1.0010083,-3.7514776e-06,0.001725493,0.0031011747,0.0023107568,0.0011096306,0.0023885744,0.002877269,0.0031583954,0.0012185338,0.0026056846,0.0018056772,0.0022578712,6.119867e-05,0.003237049,0.0018028549,0.0014801776,0.0019954664,0.001855971,0.0032221412,-3.4959337e-06,0.0013640265,0.0012335749,0.00029817206,0.0011408459,0.0006963751,0.0028717115,0.0028796108,0.0031706598,0.0016077843,0.0024493304,0.0021581983,0.0018319264,0.0030267837,0.0022506781,0.0031973962,0.0029139079,2.4522162e-05,0.0030528984,0.0019478664,0.0025399504,4.0057785e-05,0.0030389794,0.0031527944,0.0030848992,0.0019362097,0.0028780806,0.0001353138,0.0028128552,0.0019615416,1.0687922e-05,0.0,0.0030418613,0.0029779037,4.8556816e-05,0.0007108664,0.0031196258,0.0011304631,0.0028414684,0.0032167176,0.0020859344,0.9982803,-4.587157e-06,0.0028541218,0.0014897906,0.00064708205,3.1750766e-05,0.0005982184,7.234659e-05,0.0029922167,0.003182127,0.0022965732,1.0013571,0.0021499712,0.00043353066,0.0032552213,0.0006429432,2.9366849e-05,0.0016041629,0.002818159,5.0195304e-05,0.00311681,0.00235318,0.00071250694,0.0017586533,7.9925994e-05,2.2913362e-05,0.0020141625,1.0365925e-05,0.00025699765,5.594735e-05,6.612355e-05
0.003933311,1.0019397,0.0049194205,0.0049086907,0.004634876,1.0005287,0.0031751376,0.004814904,0.0030993468,1.0016365,0.004613476,0.0046545374,0.0045305653,0.0047515035,0.0031460107,0.0048357495,0.0031546517,0.0048773033,1.0015024,0.0031260652,0.0041879546,0.0045868102,0.004414603,0.0039916392,0.0043728626,0.004675805,0.0046120686,0.0040171305,0.0048289136,0.0042052306,0.004380206,0.0035806713,0.004637163,0.004181288,0.0040921406,0.0041772043,0.0041866093,0.0046297796,0.0030175697,0.0040567606,0.004016385,0.0036813081,0.003997269,0.0038299188,0.0049238005,0.00492781,0.0049254736,0.0042076204,0.0044066994,0.0042914976,0.004158956,0.005006751,0.0042883,0.0046068155,0.004604088,0.00349953,0.004690683,0.004188617,0.0044327877,0.0033744513,0.0045921206,0.0047022663,0.0049228813,0.0042414023,0.0049194316,0.0035786731,0.0048618633,0.004201197,0.0030834274,0.004737395,0.0,0.004923023,0.0031751299,0.0038189592,0.0047419225,0.003986339,0.0048857178,0.004640394,0.0042489334,1.0005974,0.0031290655,0.0048722476,0.0040761954,0.0037925097,0.0032463074,0.0037918945,0.0034571565,0.004921657,0.0046509225,0.004416478,1.0017302,0.004277418,0.0037198083,0.0046656043,0.0037665046,0.0028987841,0.0041421,0.004747273,0.0035573186,0.004913531,0.00433841,0.0038202822,0.004196247,0.0034261718,0.0031782729,0.0042022355,0.0030605202,0.0036166892,0.0033576605,0.003437391
0.002722703,1.0012819,0.004989761,0.0049746665,0.00504293,0.9978845,0.0006898766,0.004545381,0.00038770138,1.0008496,0.005002133,0.0049905884,0.004448202,0.0042718607,0.00047279676,0.0043040044,0.0007091462,0.0049963538,1.0006325,0.00066549174,0.0036589478,0.0049929316,0.0040817824,0.0031970993,0.004148852,0.0044852747,0.0050142207,0.003005985,0.004326573,0.0037592715,0.0040887827,0.0018215,0.005041393,0.0036951713,0.0032745886,0.003818548,0.0037199396,0.0050407704,2.9704386e-05,0.0030857672,0.0029941152,0.0019245143,0.0033050466,0.0025394647,0.004502344,0.00449533,0.005011048,0.003644812,0.004180141,0.003944013,0.0036883773,0.0046014246,0.004002162,0.0050333394,0.0045158607,0.0015908952,0.0049814624,0.0037775568,0.004242138,0.0012179497,0.0045660636,0.0050255163,0.0049920916,0.0038144705,0.004513051,0.0018372735,0.0044492856,0.00378485,0.00025000257,0.004293588,0.00497219,0.0,0.0007867669,0.0025296467,0.0050182883,0.0028922197,0.0044809626,0.00504466,0.003888321,0.9980517,0.0006254351,0.0044773635,0.0034129913,0.0023425967,0.0009127255,0.0023900066,0.0014720005,0.0045661028,0.0050244317,0.004065865,1.0009665,0.0039660246,0.0022056228,0.005071575,0.0024041277,-2.2258215e-05,0.0035946446,0.0044550183,0.0017859741,0.0049922066,0.004094118,0.002576034,0.0036893901,0.0014242531,0.0008482708,0.0038204615,5.575138e-05,0.0019262537,0.0012433385,0.0014506624
-0.0032839184,0.99628377,-0.0037753186,-0.0037866668,-0.003819132,0.9958802,-0.0032028912,-0.0037491496,-0.0032852036,0.99627155,-0.0037879082,-0.0037859879,-0.0037162704,-0.0036036498,-0.0032413048,-0.00362616,-0.0031913375,-0.003776868,0.99624884,-0.0031969366,-0.0034412455,-0.0037948366,-0.0035084086,-0.0032989911,-0.0035681122,-0.0037308321,-0.0038017216,-0.003289519,-0.0036594595,-0.0033999225,-0.0035732342,-0.00318182,-0.0038097233,-0.003384613,-0.0033632359,-0.0034184696,-0.0034030764,-0.0038033836,-0.0034907726,-0.0033452406,-0.0033209957,-0.0032137176,-0.0032939848,-0.0032554509,-0.0037461414,-0.0037438555,-0.0037972634,-0.0033930696,-0.0035669114,-0.003471097,-0.003391666,-0.0037980035,-0.003496505,-0.0037982704,-0.0037504542,-0.0031486973,-0.0037881432,-0.0034058734,-0.0036083986,-0.0031457045,-0.0037960869,-0.0037924997,-0.0037877061,-0.0034291365,-0.003742418,-0.0031816158,-0.0037349593,-0.0034086213,-0.0033426532,-0.003611181,-0.0037827608,-0.0037801648,0.0,-0.003229826,-0.0037855075,-0.0033037735,-0.003743605,-0.0037975896,-0.0034798246,0.9959778,-0.0031988176,-0.0037321982,-0.0033314263,-0.0032195477,-0.0031805646,-0.0032442082,-0.0031453501,-0.0037830817,-0.0038019805,-0.0034972061,0.9962767,-0.0034791068,-0.0032003783,-0.0038121098,-0.0032158615,-0.0043952027,-0.003392955,-0.0037201312,-0.0031660653,-0.0037958792,-0.0035244222,-0.0032396798,-0.0034025619,-0.0031384202,-0.00317842,-0.00343013,-0.0034592552,-0.003161187,-0.0031418342,-0.003136065
-0.0005463755,0.99698764,-0.0018576451,-0.0018865968,-0.002115224,0.99647576,-0.00043333316,-0.0017214507,-0.00044620803,0.99699014,-0.0019344648,-0.0018775647,-0.0016170789,-0.0013117637,-0.00040740316,-0.0013622772,-0.00041407207,-0.0018687341,0.9969688,-0.00034210042,-0.00095540413,-0.0019254106,-0.0010463768,-0.0006031295,-0.0011968167,-0.0016353672,-0.001975893,-0.0005333291,-0.0014537922,-0.00071834715,-0.0012217461,-0.0004218002,-0.0021016053,-0.0008081417,-0.00071072066,-0.00087237475,-0.0008283653,-0.0020634914,-0.0008610775,-0.00067080656,-0.00061623263,-0.0004913298,-0.0005619418,-0.00052585825,-0.0016957474,-0.0016937288,-0.0019752092,-0.0007629063,-0.0012104406,-0.0010019753,-0.00079324393,-0.0019098724,-0.0010293546,-0.0020125913,-0.0016953645,-0.00032610126,-0.0018889541,-0.0008222726,-0.0012799691,-0.0002479183,-0.00193386,-0.0019299246,-0.001902806,-0.00086334307,-0.001686496,-0.00036679706,-0.0016548069,-0.00085180847,-0.00045387086,-0.0013056283,-0.0018894034,-0.0018034662,-0.00031779773,0.0,-0.0019002943,-0.0005876086,-0.0017098406,-0.0020202964,-0.0010304943,0.9965511,-0.00034161826,-0.0016658681,-0.00062385673,-0.00045720022,-0.0003685141,-0.0005168425,-0.00031362375,-0.0018302485,-0.0020204263,-0.0010441848,0.99699044,-0.0009934709,-0.0004345066,-0.0021252192,-0.0004348948,-0.0014059177,-0.0007429427,-0.0016164397,-0.0004093739,-0.0019469758,-0.0010920488,-0.0005105015,-0.0007799315,-0.0002814127,-0.00027604704,-0.00090617896,-0.0005843558,-0.00032969727,-0.0003043261,-0.00030593065
0.0043534175,1.002736,0.004788671,0.0047913026,0.0047911173,1.0019448,0.0038840817,0.0047952216,0.0038814973,1.0025665,0.0047951248,0.0048024575,0.004757991,0.00469075,0.003903227,0.004698264,0.003885689,0.004800326,1.0024695,0.0038898257,0.004488665,0.004792998,0.0046142903,0.0043885703,0.004644003,0.0047738566,0.0047990875,0.004408067,0.0047081155,0.0045312974,0.0046221064,0.004137195,0.004787541,0.0044744145,0.004456831,0.0045064054,0.004481806,0.004796312,0.00390679,0.004435741,0.004396506,0.0041824197,0.004392246,0.0042860876,0.0047808676,0.0047647324,0.0047906563,0.0045158598,0.0046574404,0.0045614084,0.0044835284,0.0048224316,0.0045848684,0.0047911485,0.004779663,0.0040832367,0.00479713,0.0044957423,0.0046820305,0.004009184,0.0047912872,0.0048075328,0.0047955196,0.0045176195,0.004780807,0.004137048,0.0047533303,0.00450066,0.00388035,0.004703862,0.0047872514,0.0047929287,0.003904327,0.004281548,0.0,0.0043908455,0.004769144,0.004802315,0.004541,1.0019034,0.0038848883,0.004766791,0.004462936,0.0042544077,0.0039271717,0.004251962,0.0040485663,0.004799273,0.004788106,0.004611833,1.0026088,0.0045740544,0.0042098314,0.0048003425,0.0042518275,0.004291195,0.0044931537,0.0047622407,0.0041084513,0.004786983,0.004625224,0.0042852266,0.0045049824,0.0040292647,0.003930372,0.0045130653,0.0039236527,0.0041710366,0.0039907885,0.0040515354
-1.4059777e-06,0.99689126,-0.0013270527,-0.0013640019,-0.0016542621,0.99638134,1.2975923e-05,-0.0011605335,-6.0674515e-06,0.9969005,-0.0014228397,-0.0013373347,-0.0010055855,-0.0006456215,6.754532e-06,-0.000699187,-6.056574e-06,-0.0013427696,0.99686444,-1.3992344e-05,-0.00021745946,-0.0014079844,-0.0003624888,-1.9254318e-05,-0.0005300992,-0.0010308167,-0.0014800767,-7.3921665e-06,-0.00080789893,1.8147392e-05,-0.0005244329,7.85293e-07,-0.0016471654,-9.120195e-05,-1.0659512e-05,-0.00015297395,-9.457617e-05,-0.0016005664,-4.5912213e-05,3.2472715e-06,-2.1776808e-05,1.1259911e-05,-8.113701e-06,1.8834067e-05,-0.0011275554,-0.0011119244,-0.0014881965,-3.146923e-05,-0.0004907673,-0.00028764695,-5.0000774e-05,-0.001397491,-0.0003174389,-0.001534046,-0.0011093961,-7.2428056e-06,-0.0013649204,-9.700872e-05,-0.0005983887,1.5952804e-05,-0.001394945,-0.0014261476,-0.0013868503,-0.00015210631,-0.0011204195,1.4357698e-05,-0.0010713821,-0.00012016983,1.1145581e-05,-0.0006562444,-0.0013690887,-0.0012683196,5.768297e-06,-4.970388e-06,-0.0013850811,0.0,-0.0011370443,-0.0015388362,-0.00031384564,0.99646866,3.6154279e-06,-0.001074988,-1.1476859e-05,-1.8204762e-05,1.7584292e-05,-1.3269295e-05,1.5789756e-06,-0.0012881099,-0.0015439085,-0.0003432375,0.99689734,-0.000300405,-9.812428e-06,-0.0016835197,-6.096661e-06,-0.00046340685,-1.4698957e-05,-0.0009984031,1.05980935e-05,-0.001438173,-0.00039925985,-8.769503e-06,-3.752361e-05,1.3303731e-05,4.305452e-06,-0.0001947219,5.0304106e-06,1.4620345e-05,4.200989e-06,-1.4673018e-05
0.0024061901,1.0012732,0.004415375,0.0044072536,0.0045459606,0.9971635,4.2850923e-05,0.004311458,4.9069327e-05,1.0007532,0.004453974,0.0044244975,0.0042116763,0.00397625,2.221509e-05,0.004022341,5.935639e-05,0.0044094515,1.0006117,-1.4068078e-05,0.003256099,0.004447126,0.0037109528,0.0025452382,0.0038331249,0.0042480407,0.0044812835,0.0026237199,0.0040610805,0.003210086,0.003769909,0.00145164,0.0045402586,0.003243593,0.002912299,0.0033739626,0.0032633352,0.004532108,1.6889002e-05,0.0028077133,0.0026378501,0.0012404392,0.0025582125,0.0021200061,0.004275987,0.004271232,0.004485395,0.003108582,0.0038628795,0.0035707622,0.003227901,0.004421049,0.0036446752,0.0045028524,0.004279703,0.0007950917,0.0044168197,0.0033349805,0.0039471337,0.0001520909,0.0044131624,0.0044722105,0.0044390536,0.003341154,0.004272917,0.0013580838,0.0042208727,0.0033526865,2.263314e-05,0.0040005124,0.0044035907,0.0043420335,4.1922365e-05,0.0021055776,0.004442987,0.002580806,0.0,0.0045204307,0.0035372362,0.9977065,5.748752e-07,0.004247061,0.0028913494,0.0020028048,1.3270194e-05,0.0020078507,0.0006303211,0.004372538,0.004494772,0.0036971155,1.0009508,0.0035679457,0.0018110042,0.0045605646,0.0019924482,3.1104326e-05,0.0030692248,0.0042142556,0.0010271713,0.004449783,0.0037559792,0.0020939808,0.0031954409,0.00044626382,4.870133e-05,0.0034038003,1.3804932e-05,0.0011704483,0.0002810201,0.0006221557
0.0052381936,1.0040278,0.005364993,0.0053677345,0.0053322874,1.0039961,0.005066204,0.005388424,0.00510227,1.0039765,0.005359704,0.005375304,0.005382371,0.005348875,0.005097025,0.005352925,0.0050461707,0.0053710495,1.003965,0.005062608,0.0052429778,0.005366655,0.0053140093,0.0052486532,0.0053339214,0.00538336,0.0053604306,0.005247649,0.005363703,0.0052948464,0.0053265756,0.005124386,0.0053274133,0.0052364036,0.005255843,0.0052567916,0.0052418592,0.005335559,0.005207237,0.005248387,0.0052393423,0.0051365932,0.0052434625,0.005199699,0.0053967233,0.005386988,0.0053539798,0.0052980464,0.0053368537,0.005283175,0.005250209,0.005390487,0.0052989665,0.005342586,0.005387879,0.0051131574,0.005372955,0.0052555865,0.005350964,0.005093458,0.0053727655,0.005367279,0.005369105,0.0052731163,0.0053902427,0.005123265,0.005380354,0.005253411,0.0051401327,0.005351805,0.005367721,0.0053880587,0.0050683534,0.0051941318,0.0053744065,0.005244685,0.005379115,0.0,0.0052812095,1.003924,0.0050690155,0.0053794906,0.0052699028,0.0051793773,0.005057472,0.005185791,0.005105435,0.0053932844,0.005344705,0.005303192,1.0039959,0.005299159,0.0051627485,0.0053287866,0.0051761153,0.005598635,0.005277123,0.005384395,0.0051103975,0.005360288,0.005324625,0.00518217,0.005277997,0.0050853286,0.0050865947,0.0052570463,0.005199943,0.005140861,0.0050718584,0.0050946428
9.681078e-06,1.0014435,0.001469772,0.0014481838,0.0016401056,0.99770695,1.734978e-05,0.0012645563,3.974052e-05,1.0009838,0.0015148622,0.001513101,0.001169751,0.0009821096,2.840951e-05,0.0010168798,4.5159955e-05,0.0014588916,1.0008829,3.3242042e-05,0.0004081026,0.0015392015,0.0008256144,6.568168e-05,0.0008780713,0.0011717178,0.0015491463,7.766647e-05,0.0010717711,0.0004185207,0.00095956074,2.1376234e-05,0.0016615989,0.00048116167,0.0002601857,0.0005781623,0.0005426708,0.0016209794,2.0407786e-05,0.00017155398,7.102796e-05,2.096909e-05,1.2634752e-05,8.951238e-06,0.0012124205,0.0012099452,0.0015562517,0.00032265155,0.0009409932,0.0007215421,0.00051164586,0.0013282476,0.0007578242,0.0016150766,0.0012295819,3.0903047e-05,0.0014686886,0.0005599843,0.0009904627,3.0208786e-05,0.0014631943,0.0015201468,0.0015219203,0.0005356206,0.0011951412,5.4949203e-05,0.0011803797,0.00059606327,3.229001e-05,0.001015847,0.0014482646,0.0012560425,3.429488e-05,1.5674426e-05,0.0014611477,6.132281e-05,0.0012180514,0.0016052069,0.0,0.99825764,3.8083017e-05,0.0011892723,0.0001646107,6.196715e-05,1.7966333e-05,4.0605923e-05,4.4912376e-05,0.0012964996,0.0015999603,0.0008223845,1.0012211,0.00068494404,3.200061e-05,0.0016357829,2.974609e-05,2.5683312e-05,0.0002951113,0.0011604357,3.6350753e-05,0.0015068066,0.00084480067,4.72745e-05,0.0004535303,4.948633e-05,-1.3329853e-06,0.0006238295,1.4486643e-05,5.216224e-05,3.1623207e-05,1.9438801e-05
-0.0005457456,1.0007269,-0.00050314434,-0.00052383624,-0.00048988365,1.0000212,-0.00066023925,-0.00053080544,-0.00081752025,1.000637,-0.00052767043,-0.00048292827,-0.00050938263,-0.00056153676,-0.0007728979,-0.0005285711,-0.0007104762,-0.00050410884,1.0006407,-0.0006970928,-0.0005691377,-0.0005029075,-0.00055486197,-0.0005709644,-0.000529954,-0.0005369032,-0.00052198576,-0.0005860423,-0.00054519804,-0.0005794117,-0.00053585926,-0.0005911825,-0.0004886951,-0.0005200348,-0.0006098576,-0.00051805953,-0.0004994327,-0.0005066345,-0.00087993377,-0.00062507566,-0.00059360825,-0.000631815,-0.00056445715,-0.0005908899,-0.0005385894,-0.0005281768,-0.00047104392,-0.00056633895,-0.00051293505,-0.0005324098,-0.00049811264,-0.00052691146,-0.00050774624,-0.00047538558,-0.0005474719,-0.0006194097,-0.0005124103,-0.00051148096,-0.0005388082,-0.0006425798,-0.0004967679,-0.0004886921,-0.0005121886,-0.00051450107,-0.0005645564,-0.00056687265,-0.0005059622,-0.0005089968,-0.00081926875,-0.0005585504,-0.0004971539,-0.00054927764,-0.0006916216,-0.00060483074,-0.00050618517,-0.000586238,-0.000522057,-0.00048698753,-0.0005492553,0.0,-0.0007379661,-0.0005519991,-0.000553803,-0.00059018366,-0.0006639869,-0.0006013277,-0.00060803036,-0.00052794744,-0.00050056487,-0.0005777847,1.0006816,-0.00051173184,-0.00059792696,-0.0005082398,-0.0005585114,-0.0010192029,-0.0005826462,-0.0005299475,-0.0006559929,-0.00047581378,-0.00053328474,-0.00060831814,-0.00054225133,-0.0006151895,-0.0006763135,-0.0005313468,-0.0008463808,-0.00061510585,-0.0006293989,-0.0006359762
-0.0037517534,0.99604285,-0.0041260184,-0.0041373833,-0.0041473196,0.9956478,-0.0036703998,-0.0041143447,-0.0037458658,0.9960253,-0.0041350527,-0.0041367467,-0.0040880376,-0.0040002884,-0.003703503,-0.004016306,-0.003657883,-0.00412731,0.99599874,-0.0036778643,-0.0038713987,-0.004141707,-0.0039219093,-0.0037543932,-0.0039752433,-0.0040996214,-0.004144382,-0.0037470388,-0.0040470855,-0.0038388257,-0.0039760796,-0.0036506248,-0.0041366895,-0.0038215767,-0.0038095128,-0.003845866,-0.0038352055,-0.004134117,-0.00396498,-0.0037958296,-0.0037731119,-0.0036724582,-0.0037525073,-0.0037199806,-0.0041132057,-0.004108444,-0.0041395416,-0.0038373056,-0.003967711,-0.003891671,-0.003827665,-0.004149903,-0.0039116046,-0.0041336548,-0.004116442,-0.0036288123,-0.004139312,-0.0038351475,-0.004005554,-0.0036236863,-0.004147169,-0.0041363314,-0.004138459,-0.0038593302,-0.004109473,-0.0036588036,-0.0041044545,-0.003838157,-0.0038078192,-0.00400111,-0.004132619,-0.004138655,-0.003659331,-0.00370265,-0.004134209,-0.0037634845,-0.00411025,-0.0041331975,-0.0038967654,0.99574,0.0,-0.004102443,-0.0037830072,-0.0036911166,-0.003644726,-0.0037149207,-0.0036264877,-0.004138704,-0.004138428,-0.0039108135,0.99603146,-0.003899822,-0.0036762578,-0.0041370327,-0.003688133,-0.004845384,-0.003835569,-0.0040917397,-0.0036371686,-0.004140407,-0.0039343406,-0.0036990233,-0.003836929,-0.0036161456,-0.0036585021,-0.0038567819,-0.0039099744,-0.003634342,-0.0036245903,-0.0036042908
0.0023271611,1.0014039,0.004315145,0.004282199,0.004430135,0.99729,4.1538486e-05,0.004203012,5.1581387e-06,1.000556,0.004333393,0.0043098554,0.004092157,0.003851975,4.5179328e-05,0.003906674,5.5495675e-05,0.0043048575,1.000345,-1.4888356e-05,0.0031296574,0.0043231416,0.0036061727,0.0024930337,0.0037129892,0.0041372096,0.0043657436,0.0025795356,0.0039269193,0.0031490198,0.0036123204,0.0014164414,0.004424007,0.0031360518,0.0028441763,0.003303554,0.0031635375,0.004415523,3.216388e-05,0.0027414027,0.0025754012,0.0012356048,0.0025194234,0.0020687557,0.0041509825,0.0041510304,0.004373911,0.0030156518,0.003752251,0.0034711524,0.00314493,0.00429316,0.0035440295,0.0043942044,0.0041710073,0.00081953075,0.0042915316,0.0032451842,0.003824114,0.00018872619,0.004295137,0.004359849,0.0043165684,0.00324656,0.004151688,0.001430329,0.004088953,0.0032595773,1.6706317e-05,0.003881625,0.0042807646,0.0042329845,4.3017495e-05,0.0020462268,0.004342212,0.002514454,0.004131,0.00441157,0.0034096795,0.99787265,2.2236853e-05,0.0,0.0028292194,0.001963786,1.2944367e-05,0.0019466946,0.00063424296,0.0042510475,0.004371871,0.003597159,1.0006961,0.0034738933,0.001764802,0.0044500064,0.0019473191,-4.3830023e-06,0.002975084,0.004096569,0.0010108519,0.004329796,0.0036503223,0.0020815472,0.0031003242,0.00047379907,3.100826e-05,0.0033034415,3.9272283e-05,0.0012166093,0.00032647947,0.0006724613
1.1179444e-05,0.9968099,-0.0006854609,-0.0007757197,-0.0011152951,0.9963305,-6.0263146e-06,-0.00049783924,1.8437657e-05,0.9968311,-0.0008396381,-0.00071417657,-0.0003672335,-3.3425018e-05,1.3620866e-05,-4.877893e-05,-1.7037331e-05,-0.00073489366,0.9967665,1.6789516e-05,-9.371733e-06,-0.00081843307,-2.9399675e-05,-1.6651231e-06,-4.8670076e-06,-0.00035794606,-0.0008961041,8.486672e-06,-0.0001811895,-3.3654137e-06,-2.6906726e-05,-2.2746948e-05,-0.0011078867,-1.2385353e-05,6.929351e-06,7.1906643e-06,-5.2190956e-07,-0.0010436838,1.1046766e-06,6.098834e-06,-2.0028936e-05,-3.1739523e-06,-4.05262e-06,-7.4759923e-06,-0.0005215298,-0.00048186956,-0.00089232007,-5.063321e-07,-8.640651e-07,-1.5609705e-05,1.2427057e-07,-0.0008179574,-7.857261e-06,-0.0009535208,-0.00044892103,-4.384103e-07,-0.0007543307,-1.1243466e-05,-3.2290412e-05,3.6665183e-06,-0.0008425407,-0.00080634345,-0.00078784704,-1.2089729e-05,-0.00048552957,-5.7217253e-06,-0.00044297607,1.269309e-05,-5.3131644e-06,-3.14008e-05,-0.0007841468,-0.0006192964,-2.9274086e-06,6.994925e-06,-0.0007417054,-8.764499e-06,-0.0005196361,-0.0009602141,-2.5969162e-05,0.9963602,2.5619836e-06,-0.00043850628,0.0,-1.17410555e-05,7.281859e-06,1.0896052e-06,-1.7000103e-06,-0.0006847691,-0.0009797605,-2.1716385e-05,0.9968038,-1.6617609e-05,-1.3852825e-05,-0.0011350852,-1.118015e-05,9.875776e-06,7.027753e-07,-0.0003515927,-2.054742e-05,-0.0008401862,8.234254e-06,-1.2261806e-05,1.234664e-06,1.2951967e-05,-6.6427506e-06,-5.6629547e-06,-2.212932e-05,-1.4487663e-05,-3.4350662e-06,2.7802575e-06
-0.00065122754,0.99699736,-0.0019594703,-0.0019756204,-0.002197853,0.9964693,-0.00045899546,-0.0018242645,-0.000505476,0.99700874,-0.0020197302,-0.0019599765,-0.0016971834,-0.00140257,-0.00048071807,-0.0014543826,-0.0004500366,-0.001965535,0.99697226,-0.00043209936,-0.0009798277,-0.002015791,-0.0011690693,-0.000700113,-0.0013064086,-0.0017333317,-0.0020637906,-0.0007081989,-0.0015467486,-0.00085885735,-0.0013247958,-0.00051716535,-0.0021920183,-0.00091760105,-0.0007976513,-0.0009883249,-0.0009362638,-0.0021522606,-0.0009219962,-0.0007681151,-0.00072587247,-0.00051376526,-0.00069888734,-0.00063639967,-0.0017980342,-0.0017923235,-0.0020716684,-0.00086788664,-0.0012859462,-0.0010967135,-0.0008964006,-0.001997773,-0.0011371443,-0.002105236,-0.0018019647,-0.0004370935,-0.0019765818,-0.0009450738,-0.001379831,-0.00037407235,-0.0019885257,-0.002025786,-0.0020027894,-0.000996635,-0.0017925042,-0.00047984108,-0.0017504913,-0.00096957694,-0.0005666368,-0.0014153874,-0.0019706779,-0.0019060011,-0.00043586036,-0.0005916347,-0.0019909667,-0.0006912495,-0.001799828,-0.0021116345,-0.0011265996,0.9965842,-0.00044112664,-0.0017551542,-0.0007593409,0.0,-0.00042060198,-0.00060570077,-0.00043663575,-0.0019204429,-0.0021150126,-0.0011541441,0.99700457,-0.0011155703,-0.00054238737,-0.0022095814,-0.00055043347,-0.0015438413,-0.0008597687,-0.0017046661,-0.00051953865,-0.0020320786,-0.0012052279,-0.0006191327,-0.00088254816,-0.00039976198,-0.00044380914,-0.0010156096,-0.00067499164,-0.00046279977,-0.00040842555,-0.00040711206
-0.003234543,0.99631584,-0.0037267136,-0.0037380178,-0.0037692667,0.99588704,-0.0031006844,-0.0037023881,-0.0031752028,0.9963037,-0.003738904,-0.0037339993,-0.00365902,-0.0035436642,-0.0031442214,-0.0035709802,-0.0030633323,-0.0037280002,0.9962748,-0.0031240054,-0.003371436,-0.0037444276,-0.0034536633,-0.0032359206,-0.0035161723,-0.0036811654,-0.0037520612,-0.0032462212,-0.0036069402,-0.003346523,-0.003503912,-0.0030963249,-0.003761723,-0.003329414,-0.0032941543,-0.003373798,-0.0033441111,-0.0037584286,-0.0033924072,-0.0032930644,-0.0032596556,-0.0031128444,-0.0032473358,-0.0031867304,-0.0037007334,-0.0036963574,-0.0037516814,-0.003337444,-0.0034997836,-0.0034137121,-0.003334821,-0.0037502972,-0.0034446775,-0.0037515066,-0.0037022103,-0.00308502,-0.0037360224,-0.0033505717,-0.0035522066,-0.003102342,-0.0037422995,-0.0037443181,-0.0037427132,-0.003384857,-0.0036930644,-0.0031232329,-0.0036783724,-0.0033599604,-0.0032611229,-0.0035551544,-0.0037304596,-0.00373327,-0.00312623,-0.0031916806,-0.0037326363,-0.0032572795,-0.0036901226,-0.0037495864,-0.0034154307,0.9960062,-0.0031254657,-0.0036794136,-0.0032823584,-0.0031600466,0.0,-0.003175383,-0.0030980383,-0.0037334992,-0.003752879,-0.0034412188,0.9963078,-0.003429481,-0.0031483015,-0.0037647954,-0.0031651664,-0.0043362924,-0.0033340151,-0.0036686787,-0.0030932107,-0.0037453128,-0.0034715044,-0.0031775595,-0.0033352186,-0.003084909,-0.0031530787,-0.0033689567,-0.0033681781,-0.003108694,-0.0030909525,-0.0030605556
-0.00056291994,0.9969844,-0.0018900012,-0.0019002985,-0.0021249678,0.9964544,-0.0003269188,-0.0017414711,-0.0003739999,0.99698985,-0.001946122,-0.0018878586,-0.0016055017,-0.0013097492,-0.0003896883,-0.0013644705,-0.00030144915,-0.0018941631,0.9969467,-0.0003234313,-0.0008991311,-0.0019413389,-0.0010752348,-0.00060157833,-0.001209614,-0.0016579453,-0.0019888903,-0.0006107645,-0.0014479473,-0.0007736954,-0.0012068894,-0.00038990905,-0.002119762,-0.00081811723,-0.00070168386,-0.0009006363,-0.00083142857,-0.002090713,-0.00079605175,-0.0006806688,-0.0006281761,-0.00039141602,-0.00059682823,-0.00051198294,-0.0017225011,-0.0017199623,-0.0020021365,-0.0007701077,-0.0011863338,-0.00099891,-0.0008099316,-0.0019261339,-0.0010565633,-0.0020367198,-0.0017284526,-0.00033587602,-0.0018917056,-0.000851197,-0.0012977248,-0.00031521663,-0.0019137126,-0.0019518688,-0.001929106,-0.00090860436,-0.0017145883,-0.00036727186,-0.0016624632,-0.0008868953,-0.00046550616,-0.0013368386,-0.0018906569,-0.0018277265,-0.0003276838,-0.00050408085,-0.0019143643,-0.00061724737,-0.0017111063,-0.002048557,-0.0010226513,0.9965853,-0.0003369159,-0.0016796635,-0.00066755665,-0.00046330225,-0.0002776677,0.0,-0.00034591852,-0.0018492461,-0.0020398009,-0.0010594677,0.99698806,-0.0010200215,-0.00044440676,-0.0021406363,-0.00046152636,-0.0014339733,-0.00076079165,-0.0016231015,-0.00038344154,-0.001960119,-0.0011225243,-0.00050086604,-0.000787455,-0.00033058494,-0.00035255626,-0.0009177139,-0.00056557026,-0.00036376837,-0.00033076614,-0.00031770754
-0.0021713409,0.99674743,-0.0029791717,-0.0029964775,-0.0030974508,0.9962977,-0.0020513304,-0.0029134143,-0.0021256106,0.9967514,-0.0030120444,-0.0029912994,-0.0028529647,-0.0026734597,-0.0020760112,-0.0027054462,-0.002042088,-0.0029818863,0.9967243,-0.0020401715,-0.0024311703,-0.0030165077,-0.0025187877,-0.0021948535,-0.0026116576,-0.0028756384,-0.0030362082,-0.0021738715,-0.0027609405,-0.0023263546,-0.002616932,-0.0020397624,-0.0030869015,-0.0023505113,-0.0022850016,-0.002392462,-0.002366529,-0.0030691426,-0.0023638515,-0.0022589492,-0.0022212432,-0.002081621,-0.002186544,-0.0021352782,-0.0029057285,-0.002900701,-0.0030371614,-0.0023305635,-0.0026072513,-0.0024738398,-0.002344621,-0.003008606,-0.0025033534,-0.003047391,-0.0029087518,-0.0019914475,-0.002998563,-0.0023688718,-0.0026668713,-0.0019629109,-0.0030121068,-0.0030167617,-0.0030064655,-0.0023994066,-0.002899907,-0.0020361785,-0.0028834709,-0.0023807634,-0.002174297,-0.0026814244,-0.0029908216,-0.0029664275,-0.00201332,-0.0020946194,-0.003000896,-0.0021961362,-0.0029046838,-0.0030544035,-0.0024816357,0.99639887,-0.0020293018,-0.0028839847,-0.0022417607,-0.0020892343,-0.0020254564,-0.002129669,0.0,-0.0029729882,-0.003053217,-0.0025077865,0.9967526,-0.002479565,-0.0020688465,-0.0030973107,-0.0020830857,-0.0032433635,-0.002325466,-0.0028578676,-0.0020288695,-0.0030224926,-0.002545293,-0.0021170508,-0.0023472388,-0.001966578,-0.0020001093,-0.0024149606,-0.0022806227,-0.002005659,-0.001981957,-0.001965513
0.0027598743,1.001178,0.005033133,0.0050223884,0.005091583,0.9977143,0.00071478164,0.004987612,0.00037273866,1.0006989,0.005050651,0.005035516,0.0048980745,0.004318943,0.00052738073,0.0043511316,0.0007154671,0.0050467225,1.0005127,0.0006597333,0.003767299,0.005045292,0.004119048,0.0032458068,0.004201278,0.004933053,0.005060406,0.0030130525,0.004382344,0.003791164,0.0041469913,0.0018229934,0.005087697,0.003732264,0.0032872786,0.0038496563,0.0037538684,0.005088461,1.85544e-05,0.003128394,0.0030259327,0.0019552868,0.0033011502,0.0025523826,0.004958514,0.0049460507,0.0050521796,0.0036939504,0.004224587,0.00399051,0.003732404,0.0050569675,0.004046846,0.005074213,0.004961573,0.0015913543,0.0050271438,0.0038067098,0.004298325,0.0012277871,0.005019837,0.0050685755,0.0050422824,0.0038371214,0.0049557136,0.0018114862,0.004896603,0.003819982,0.00025612983,0.004348687,0.0050230464,0.0050042183,0.0007831632,0.0025320994,0.005058727,0.002938757,0.004936506,0.0050930427,0.0039521656,0.9979167,0.00061471533,0.0049319747,0.0034117748,0.0023363756,0.000908764,0.002369965,0.0014727728,0.0,0.0050652195,0.004111565,1.0008447,0.003996368,0.0022105277,0.005120247,0.0024067338,5.1290586e-05,0.0036376095,0.004905812,0.0017655476,0.005039828,0.0041441345,0.0025886416,0.003739755,0.0014398041,0.00079821254,0.0038557604,5.2882562e-05,0.0019004735,0.0012610392,0.0014547578
0.005124758,1.0038916,0.0052769496,0.005282313,0.0052519008,1.0038018,0.004939933,0.0052992087,0.0049644504,1.0038221,0.0052755442,0.0052886466,0.0052916673,0.0052515105,0.004968245,0.0052584033,0.004916067,0.0052840323,1.003814,0.0049239662,0.00514604,0.0052831,0.005218658,0.0051394734,0.005237394,0.0052926247,0.005275419,0.0051355725,0.005271355,0.005188745,0.0052324757,0.004998224,0.0052464264,0.0051311734,0.005145695,0.0051568327,0.0051406915,0.00524972,0.0050649657,0.0051382077,0.005131766,0.005022863,0.005131004,0.0050811186,0.0053032306,0.0052979104,0.005265863,0.0051885494,0.005238664,0.0051797605,0.005141682,0.005303153,0.0052005486,0.0052591767,0.0052945637,0.004986482,0.0052871243,0.00514866,0.005256741,0.0049628057,0.0052884673,0.005284155,0.005283021,0.005167829,0.005299481,0.004998489,0.005290485,0.005151002,0.004992577,0.0052585183,0.005282808,0.0052977824,0.00493538,0.0050794054,0.0052870046,0.0051329597,0.005293706,0.00526254,0.005186042,1.0037454,0.00492895,0.0052877287,0.0051561026,0.0050627375,0.0049274117,0.005069944,0.004978986,0.005305175,0.0,0.005202435,1.0038519,0.005193338,0.0050413245,0.00524788,0.0050597386,0.005460425,0.005172654,0.005292456,0.0049881698,0.0052753147,0.0052233166,0.00506767,0.0051746876,0.00495767,0.004943366,0.005153402,0.00505889,0.005013607,0.0049405927,0.0049614487
0.00012824046,1.0017465,0.0019453411,0.001860293,0.002064576,0.99785894,-4.421439e-06,0.0018275087,3.789116e-05,1.0014193,0.0019147513,0.0019393793,0.0016902378,0.0014112247,2.5046058e-05,0.0014517145,-1.608399e-06,0.0019058196,1.0011494,2.890182e-05,0.0006236051,0.0019242521,0.0012616538,0.0002783849,0.0012888658,0.001757103,0.0019658976,0.0003874149,0.0015006849,0.00082828617,0.0011658357,-5.1589586e-06,0.0020562545,0.00079957006,0.0005445738,0.0009886083,0.0008542212,0.0020605652,-1.1256115e-05,0.0004453097,0.00034507975,2.7333892e-05,0.00032549276,8.1324164e-05,0.0017140412,0.0017463791,0.0019921,0.0006329792,0.0013783075,0.0010819017,0.000830026,0.0018334253,0.0011834868,0.0020609158,0.0018027555,4.4984416e-05,0.0018906955,0.0009455484,0.0013965392,4.156185e-05,0.0018676152,0.0019953703,0.0019161202,0.00091147923,0.0017481451,4.4950786e-05,0.0016620329,0.0009403023,3.5411053e-05,0.0014630915,0.0018600791,0.0018400189,4.3045242e-05,7.5591895e-05,0.0019668844,0.00028089393,0.0016986732,0.0020793623,0.0009819552,0.9982312,4.7364015e-06,0.0017215697,0.00058273965,3.327303e-05,1.5091869e-06,-3.7343352e-07,-1.2355099e-07,0.0018367016,0.0020203316,0.0,1.0015148,0.0010756777,4.9235612e-05,0.002070727,3.8370636e-05,1.0120096e-05,0.00062859163,0.0017019339,-2.5044844e-06,0.0019027676,0.0012798406,3.566288e-05,0.0007459777,2.0561454e-05,2.4402436e-05,0.0009665322,2.978126e-05,6.465015e-06,1.3349683e-05,4.3519263e-05
0.00054451183,1.001986,0.0008970557,0.0008822761,0.0009368356,1.0013988,0.00024503094,0.0008309342,0.000103920545,1.0019238,0.00089783507,0.00091168174,0.00081390206,0.0007417316,0.00013407733,0.00077706506,0.00022370761,0.0008936815,1.001928,0.00022063256,0.0006280907,0.00091731665,0.00070982863,0.0005387194,0.0007442942,0.00081695337,0.0009099173,0.0005460877,0.00077489315,0.00061922305,0.0007267401,0.00042904582,0.0009361366,0.0006553493,0.0005599131,0.0006752358,0.00067978073,0.00091951824,1.4388909e-05,0.0005417146,0.0005375204,0.00042176695,0.0005521819,0.0004936585,0.0008179049,0.000822405,0.0009355417,0.0006068302,0.00075321965,0.0006993987,0.0006722511,0.0008744059,0.0007226568,0.00094223174,0.0008267607,0.00037520996,0.00089402637,0.0006778222,0.00075123657,0.00031388324,0.0008831013,0.000920471,0.0009087286,0.00067826686,0.0007994167,0.0004508967,0.00083037536,0.000675288,9.020758e-05,0.00075479853,0.00089547934,0.00084486435,0.00024365608,0.00048688476,0.0009028919,0.00053656014,0.0008353093,0.0009339038,0.00068009365,1.0015262,0.00018509582,0.00081448234,0.00058017764,0.0004770091,0.00026672494,0.0004766412,0.0003752418,0.0008458972,0.0009317176,0.0006899266,0.0,0.0007106668,0.00045868458,0.00092479185,0.00049966224,-0.00020495521,0.0005999609,0.0008111206,0.00037905644,0.00092923286,0.00071742065,0.0004857983,0.00063540373,0.00036161472,0.00023978407,0.00067643117,5.0267427e-05,0.00041533695,0.00034004566,0.00034952903
5.169086e-05,1.001513,0.0016023593,0.0014951488,0.0016677602,0.9978193,2.108426e-05,0.0013548197,3.8244398e-05,1.0012053,0.0015592597,0.0015783525,0.0011959048,0.0010111494,2.6231332e-05,0.0010536944,6.703535e-08,0.0015482384,1.0009185,5.4444145e-06,0.0003564217,0.0015640135,0.0008663542,8.651641e-07,0.00092316326,0.0012582331,0.0015904577,0.00011495807,0.0010373628,0.0005041064,0.00073976285,3.0313098e-05,0.0016747798,0.0004941107,0.0002943665,0.00068781205,0.00053723826,0.0016866091,7.748749e-06,0.00022588369,0.00013120456,-8.329906e-07,0.00012598764,4.6283538e-05,0.001242153,0.0012453533,0.0016445707,0.00034127253,0.00094691035,0.00076113467,0.0005127334,0.0014642578,0.00083023345,0.001668038,0.0013094783,3.53692e-05,0.0015265775,0.0006232836,0.0009918292,3.8590653e-05,0.0014795398,0.0016551084,0.0015817676,0.00060998223,0.001256719,4.3724143e-05,0.0011503669,0.0006401059,3.6256206e-05,0.0010395992,0.0014782494,0.0013381894,-3.4979885e-06,-5.193962e-09,0.0016006363,8.1425715e-05,0.0012295669,0.0016836273,0.0006340545,0.99816567,4.987849e-06,0.0012442657,0.00028795446,3.155288e-05,2.8748329e-05,-2.8882857e-06,6.899146e-06,0.0013388328,0.0016031128,0.0008694821,1.0012969,0.0,6.470215e-05,0.0016700624,3.7548914e-05,1.8645262e-05,0.00033205078,0.0012196167,4.0998486e-05,0.0015609,0.00089567446,3.648833e-05,0.00041102254,5.970176e-06,3.637017e-05,0.0006477291,1.15890925e-05,-1.0720584e-06,8.899521e-06,1.6265658e-05
-0.0009454027,0.9969953,-0.0021425223,-0.0021566283,-0.0023499748,0.99647814,-0.00076875644,-0.0020194948,-0.0008403333,0.99700356,-0.0021972554,-0.0021494438,-0.0019122484,-0.001647041,-0.00078792206,-0.001692874,-0.00075946184,-0.0021463076,0.99697423,-0.00076977134,-0.0012511577,-0.0021904933,-0.0014209568,-0.0009761299,-0.0015523856,-0.0019522784,-0.0022328696,-0.00096611795,-0.0017752302,-0.0011376892,-0.001552136,-0.0008141449,-0.002339385,-0.0011947177,-0.0010889277,-0.001255139,-0.0012100592,-0.002312195,-0.0011592818,-0.0010612141,-0.0009986806,-0.00081488537,-0.0009786115,-0.0009173017,-0.0019955013,-0.0019908529,-0.0022404627,-0.0011477747,-0.0015438574,-0.0013693273,-0.0011735068,-0.0021744312,-0.0014002667,-0.0022678394,-0.0020058493,-0.0007410336,-0.0021569696,-0.0012196472,-0.0016225048,-0.00066400575,-0.0021777153,-0.0022021462,-0.0021809672,-0.0012586998,-0.0019933723,-0.00078865944,-0.0019568924,-0.001237272,-0.00091215473,-0.0016509203,-0.0021526918,-0.002095909,-0.0007327639,-0.0008643405,-0.002176017,-0.0009831896,-0.0019973097,-0.0022792127,-0.0013660906,0.9965989,-0.0007528494,-0.001963686,-0.0010503199,-0.0008507105,-0.000744746,-0.00089876185,-0.0007260943,-0.002108638,-0.0022685512,-0.001414293,0.9970041,-0.0013748443,0.0,-0.0023630701,-0.0008403039,-0.0018792984,-0.001135729,-0.001923415,-0.00080169097,-0.0022090818,-0.00146002,-0.0009082751,-0.0011606618,-0.00070935884,-0.00074068655,-0.001281425,-0.000989791,-0.0007672276,-0.0007141884,-0.0007084235
0.005579983,1.0044297,0.0056296717,0.005635679,0.005588241,1.0045178,0.0054668677,0.0056624636,0.00550499,1.0044022,0.005623312,0.005639301,0.005664187,0.005637177,0.0054995148,0.005641431,0.005444974,0.00563386,1.0044067,0.005459773,0.0055614864,0.0056325737,0.0056140954,0.005584886,0.005630488,0.0056634443,0.005621659,0.005573819,0.0056514265,0.005609906,0.0056272065,0.005489044,0.005582438,0.005553166,0.0055794837,0.00557275,0.00556259,0.0055912714,0.0056143245,0.005576169,0.0055699064,0.005494659,0.0055786194,0.005540597,0.005669191,0.005666279,0.005613698,0.0056160646,0.005632081,0.0055869264,0.0055654263,0.0056565674,0.0056026927,0.0056021214,0.0056590503,0.0054873414,0.005637499,0.005567977,0.005644952,0.0054733306,0.00564496,0.005632612,0.00563259,0.005584145,0.0056646117,0.0054874555,0.005662176,0.005565407,0.0055369264,0.0056371177,0.0056335656,0.005658084,0.0054683336,0.00553693,0.005636222,0.0055796625,0.0056597926,0.0056011905,0.0055898894,1.0044516,0.0054647494,0.0056569753,0.0055918577,0.00552681,0.0054521235,0.005536001,0.0054792175,0.0056650825,0.005606476,0.0056015644,1.004418,0.0056023533,0.0055149104,0.0,0.005529021,0.0059853927,0.0055998233,0.0056657507,0.0054701245,0.005626038,0.0056244945,0.005527943,0.0055973777,0.005457293,0.0054745195,0.005564758,0.0056031346,0.005500693,0.0054500923,0.0054616714
-0.00072891027,0.99700147,-0.0020008876,-0.0020234399,-0.0022380045,0.9964756,-0.00055586937,-0.0018713715,-0.00060234364,0.997017,-0.0020653424,-0.0020089243,-0.0017553822,-0.0014660128,-0.00055592495,-0.0015138524,-0.0005469362,-0.0020081864,0.99698085,-0.00051391753,-0.0010767629,-0.0020598355,-0.0012233265,-0.000776472,-0.0013682444,-0.0017851434,-0.0021059648,-0.0007514299,-0.001608395,-0.0009139915,-0.0013854821,-0.00060020597,-0.0022263485,-0.0009923581,-0.0008713469,-0.0010515824,-0.0010024777,-0.002194203,-0.0010082513,-0.00083834067,-0.00079349696,-0.0005998905,-0.00075686484,-0.0007091097,-0.001848629,-0.0018409321,-0.0021145556,-0.00094345864,-0.0013457016,-0.0011659814,-0.000965339,-0.0020454347,-0.0011972579,-0.0021444324,-0.001846234,-0.0005177333,-0.002022177,-0.0010086285,-0.0014365877,-0.0004444015,-0.0020476263,-0.0020681636,-0.002046922,-0.001056609,-0.0018403227,-0.000558564,-0.0018051651,-0.0010314612,-0.0006530203,-0.0014728497,-0.002020069,-0.0019486478,-0.000516529,-0.000649677,-0.0020306834,-0.0007652428,-0.0018548359,-0.002151469,-0.0011950621,0.99657774,-0.00052018586,-0.0018099063,-0.00081383233,-0.00063592,-0.0005142307,-0.00069000083,-0.00050874054,-0.001969582,-0.0021517123,-0.001211246,0.99701065,-0.0011731284,-0.00061791233,-0.0022495552,0.0,-0.0016331812,-0.00092280447,-0.001759502,-0.0005852183,-0.0020754496,-0.0012633239,-0.00068350136,-0.0009509613,-0.00046180186,-0.00049489574,-0.0010771931,-0.0007501307,-0.0005270645,-0.00048821783,-0.00047348984
-0.0056133834,0.9948641,-0.0056441077,-0.0056530223,-0.005579941,0.9944393,-0.0056040245,-0.005674014,-0.005684187,0.99480903,-0.0056361803,-0.005655034,-0.0056748153,-0.0056529837,-0.0056449,-0.005658964,-0.0056041456,-0.0056441496,0.9947818,-0.0056265546,-0.0056207962,-0.0056432113,-0.005632839,-0.005606443,-0.0056510684,-0.005680739,-0.005630544,-0.005606142,-0.0056711943,-0.0056393994,-0.0056528444,-0.005568946,-0.005571896,-0.005589353,-0.0056308755,-0.005597428,-0.005600107,-0.005578251,-0.0058527575,-0.0056251306,-0.005618766,-0.0055865054,-0.0056080786,-0.0055962396,-0.0056742732,-0.005674379,-0.00561727,-0.0056337826,-0.0056497524,-0.005618931,-0.005601349,-0.0056645004,-0.0056275786,-0.0056002005,-0.005683012,-0.0055624465,-0.005653886,-0.005600504,-0.0056643495,-0.0055712527,-0.005661123,-0.0056328154,-0.0056428206,-0.0056082592,-0.005675686,-0.0055835648,-0.0056826374,-0.0055956636,-0.005732208,-0.0056538763,-0.0056491583,-0.00568097,-0.005593691,-0.005587283,-0.005645777,-0.0056118113,-0.0056753936,-0.005594419,-0.0056195627,0.9945264,-0.00561567,-0.005673331,-0.0056191036,-0.0055846763,-0.0055991923,-0.005598294,-0.005558197,-0.0056741443,-0.00560543,-0.005627033,0.99483,-0.0056227744,-0.00557386,-0.005566158,-0.0055824784,0.0,-0.005638783,-0.005678,-0.005556346,-0.005636477,-0.0056366925,-0.0055845124,-0.0056209583,-0.0055593383,-0.0056051295,-0.0056045097,-0.0058147255,-0.005562844,-0.005562379,-0.005553662
-1.1589563e-05,0.9968201,1.395417e-05,1.0230082e-05,-0.00019468169,0.9962936,-5.762719e-06,8.224066e-06,-9.216842e-06,0.9968255,-9.5698815e-06,-3.134015e-05,-1.2043566e-05,-1.5737316e-05,-1.5473499e-05,1.3545331e-05,1.8925273e-05,-2.4865021e-05,0.99677193,6.1115197e-06,1.191722e-06,-2.5331963e-05,8.038676e-06,-1.1726099e-05,1.48888685e-05,6.192373e-06,-1.447575e-06,-1.7753711e-05,-1.6523585e-05,-1.1411074e-05,1.5511476e-05,-1.2672709e-05,-0.0001881543,1.6360726e-05,-6.6621974e-06,1.5059208e-05,1.9478097e-05,-0.00013213378,-1.216465e-05,1.890998e-05,-2.0211426e-05,1.5571406e-05,1.9996569e-05,-7.595837e-06,-1.4972933e-05,-6.06326e-06,-2.1057205e-05,9.059807e-06,3.3059607e-07,-2.1873755e-05,1.4909565e-05,3.3506833e-06,-1.3210696e-05,-3.756219e-05,6.7781657e-06,-1.0132202e-05,-1.6822432e-05,-1.3082958e-05,-4.0548543e-06,1.5411095e-05,6.0706284e-06,-3.6735106e-05,-1.1341011e-05,2.1489184e-06,-9.5230325e-06,1.9252047e-05,9.413293e-06,-8.521942e-06,6.4504457e-06,-1.6981425e-05,8.218647e-06,-1.1257791e-05,-4.6845594e-06,1.7872864e-05,-3.3741264e-05,-4.118577e-06,-2.2950442e-05,-5.2093248e-05,1.3934357e-05,0.996369,-1.0346266e-05,-3.1037787e-06,-1.9865285e-05,-1.0363653e-05,-1.5652746e-05,1.623656e-05,-8.517625e-06,-1.3100261e-05,-3.7225305e-05,1.5350297e-05,0.99681777,7.841091e-06,-5.655423e-06,-0.00023679768,1.0800066e-05,5.674777e-06,0.0,-1.465918e-05,1.1503061e-05,-4.599729e-06,1.2508015e-06,-1.4976207e-05,1.5353784e-05,-7.455752e-07,2.1983406e-05,-1.0985755e-05,-1.1825414e-06,1.0575944e-05,2.8672553e-06,-9.766296e-06
0.0018689537,1.0009496,0.0041512027,0.0041157263,0.0042920294,0.99691355,2.0159625e-05,0.0040161526,3.739772e-05,1.0004946,0.00417873,0.0041577048,0.0038989794,0.0036294407,-1.9134886e-06,0.0036901077,3.327334e-05,0.004140482,1.0002586,5.1286872e-05,0.0027687848,0.004165832,0.0033496683,0.0020474237,0.0034668506,0.0039597037,0.0042126016,0.0021320311,0.0037157638,0.002809386,0.0033545678,0.0008405349,0.004286447,0.0028231754,0.0024823733,0.0030024564,0.0028660533,0.0042753923,1.1603119e-05,0.0023688844,0.0021605557,0.0007948805,0.0020959743,0.001587373,0.0039521623,0.003962232,0.004222548,0.0026534628,0.003527798,0.0032120917,0.0028186266,0.0041174227,0.0032913166,0.004252112,0.0039938954,0.0002764144,0.004134192,0.0029466504,0.0036002237,2.5561556e-05,0.0041360934,0.0042077545,0.0041596675,0.0029410075,0.003966488,0.0009140251,0.0038928436,0.002961319,2.027462e-05,0.0036517524,0.0041126423,0.0040580714,2.5970076e-06,0.0015314183,0.004189407,0.0020973305,0.0039381534,0.004271921,0.003109395,0.9980425,5.1217372e-05,0.003939148,0.0024891363,0.0014778322,-1.3296431e-05,0.0014767569,6.3120366e-05,0.0040777004,0.0042246883,0.003344257,1.0006406,0.0032007103,0.0012272666,0.004312104,0.0014602172,2.672945e-05,0.0026252784,0.0,0.0008138244,0.004172584,0.003404122,0.00161609,0.0027653815,9.024172e-05,-1.1366437e-05,0.0030222556,1.7103199e-05,0.0010591557,6.832431e-05,0.00028594915
-0.0015780636,0.9969124,-0.0025486166,-0.0025689695,-0.0027075757,0.996432,-0.0013721958,-0.0024549381,-0.0014536228,0.99691606,-0.0025958463,-0.0025607222,-0.0023767273,-0.002157987,-0.0014073686,-0.0022024661,-0.0013443092,-0.0025537268,0.9968748,-0.0013833885,-0.0019235988,-0.0025918654,-0.0019679836,-0.0015914418,-0.0020842634,-0.0024067853,-0.0026260696,-0.001565828,-0.0022522868,-0.001731113,-0.0020476265,-0.0013860345,-0.0027017076,-0.0017868824,-0.0016930692,-0.0018358931,-0.0017830046,-0.0026820467,-0.0017003635,-0.001673873,-0.0016334079,-0.0014306024,-0.0015801865,-0.0014885601,-0.0024545311,-0.002447567,-0.002631,-0.0017486146,-0.0020575987,-0.0019165738,-0.0017726087,-0.0025865815,-0.0019645367,-0.0026471156,-0.00244927,-0.0013676377,-0.0025625534,-0.0017936907,-0.002155307,-0.0013801032,-0.0025885291,-0.0025949017,-0.0025822262,-0.0018378118,-0.0024408512,-0.0014116316,-0.0024172626,-0.0018214054,-0.0015037562,-0.002174495,-0.0025647078,-0.002519979,-0.0013785645,-0.0014965235,-0.0025729293,-0.0016043951,-0.0024459262,-0.0026553266,-0.00191781,0.99654615,-0.001384414,-0.002423299,-0.0016388906,-0.0014866528,-0.0013347741,-0.0015015968,-0.0013712696,-0.0025368852,-0.0026453717,-0.0019625353,0.9969114,-0.0019211209,-0.0014647021,-0.0027125457,-0.0014782668,-0.0025701537,-0.0017356657,-0.002383889,0.0,-0.00260536,-0.0020107115,-0.0014744854,-0.0017596676,-0.0013529895,-0.0013632614,-0.0018471719,-0.0016067227,-0.0013681764,-0.0013709968,-0.0013071819
0.0046215667,1.0031832,0.004935844,0.0049406425,0.004928775,1.0027026,0.0042792438,0.004947764,0.004284104,1.0030391,0.0049400814,0.004945254,0.004921645,0.004864622,0.004295806,0.004874078,0.0042642904,0.0049471916,1.0030078,0.0042692176,0.00470886,0.0049433857,0.0048085013,0.004646135,0.00483382,0.004934845,0.0049419184,0.0046546543,0.0048917388,0.0047448846,0.004827469,0.004439532,0.0049229143,0.004690766,0.004684487,0.0047194897,0.004698921,0.0049281893,0.0043388903,0.004667791,0.004644883,0.0044777263,0.004640241,0.004561971,0.004944608,0.0049322606,0.0049312105,0.004739133,0.0048369626,0.004762644,0.0047004945,0.0049679074,0.0047783838,0.004930047,0.004937508,0.0044101113,0.004944604,0.0047119744,0.0048633623,0.0043500224,0.0049448567,0.004948644,0.004942287,0.004731561,0.0049406653,0.0044417833,0.0049239667,0.0047103586,0.0043074414,0.004875971,0.0049377456,0.004946287,0.0042843153,0.0045594866,0.004952173,0.0046451287,0.004933047,0.004936478,0.004756397,1.002668,0.004264863,0.004926069,0.0046869246,0.004535727,0.0042921104,0.0045445985,0.0043888744,0.0049562803,0.0049327333,0.0047957273,1.0030941,0.004772697,0.004502584,0.004932715,0.004532062,0.004730381,0.0047175637,0.0049260543,0.0044215564,0.0,0.0048146048,0.0045568114,0.0047296807,0.004362307,0.004290778,0.004717733,0.0043408326,0.004462466,0.0043343375,0.004371099
0.0002034798,1.0017877,0.002143878,0.0020765632,0.0022668282,0.9978286,3.2798536e-05,0.001962993,3.0314668e-05,1.0014307,0.0021570188,0.0021388398,0.001763942,0.0015432463,1.4690717e-05,0.001587319,4.0849634e-05,0.0021119905,1.0012257,3.703967e-05,0.0007724307,0.00213582,0.0013404781,0.00031741388,0.0013951159,0.0018995384,0.0022079223,0.0004190181,0.0015798492,0.0008959696,0.0012529467,6.699865e-06,0.0022638023,0.00092379196,0.0006121424,0.0010896523,0.00096404913,0.0022570959,-1.0110314e-06,0.0005291995,0.0004082508,6.5166794e-05,0.00035853384,1.6266606e-05,0.0018208912,0.0018923868,0.0022311013,0.00071893353,0.0014583647,0.0012153008,0.00093667064,0.002048208,0.0012953903,0.0022533657,0.0019422587,2.9587231e-06,0.002093118,0.0010441516,0.0015359137,2.7005195e-05,0.0020600853,0.0021991741,0.0021348575,0.001016181,0.0018399027,-8.5119007e-07,0.0018177057,0.0010605687,-6.2640083e-07,0.0015876812,0.002070639,0.0020182347,4.1967152e-05,4.170485e-05,0.002164889,0.0003498814,0.0018531301,0.0022701768,0.0011133946,0.9982383,4.9765204e-05,0.0018665231,0.0006446825,7.978569e-05,2.6632766e-05,3.860633e-05,3.8753475e-05,0.0020157276,0.0022181254,0.0013415688,1.0015551,0.0012074311,1.8359244e-05,0.0022715481,8.6287604e-05,2.2686592e-05,0.00071008014,0.0017754353,4.5573693e-06,0.002166636,0.0,3.725685e-05,0.00083860446,6.021054e-06,-2.0653124e-06,0.0010971118,-7.1200097e-06,8.64517e-07,5.2902233e-05,5.7023477e-05
-0.0005285233,0.99698114,-0.0018061054,-0.0018494613,-0.002077536,0.9964902,-0.00029483583,-0.0016542309,-0.0003152483,0.9970142,-0.001888739,-0.0018205484,-0.0015587928,-0.001256247,-0.0003194851,-0.001306452,-0.00028172665,-0.0018208326,0.9969313,-0.00028024527,-0.00094629393,-0.0018899367,-0.0009941594,-0.00053471135,-0.0011538304,-0.0015876839,-0.0019364454,-0.00049335643,-0.0014014432,-0.0006693459,-0.001184462,-0.0003377733,-0.0020703417,-0.000788827,-0.0006452173,-0.0007984043,-0.0007788944,-0.0020247023,-0.0007481015,-0.0006127502,-0.0005770313,-0.00037286754,-0.00049608684,-0.00044468456,-0.0016632328,-0.0016582318,-0.001934492,-0.0007097358,-0.0011129329,-0.0009335058,-0.0007472843,-0.0018741514,-0.0009893327,-0.0019666099,-0.0016451146,-0.0002873954,-0.0018415025,-0.00076886313,-0.0012493168,-0.0002542871,-0.0018716943,-0.0018732824,-0.0018690826,-0.0008237148,-0.0016447022,-0.0003168201,-0.001628219,-0.00081277214,-0.00044093456,-0.0012777571,-0.0018398719,-0.0017496138,-0.00028001275,-0.0004422384,-0.0018380053,-0.00054715533,-0.0016664477,-0.0019828526,-0.000982743,0.9965791,-0.00027274582,-0.0016199066,-0.0005706279,-0.00042646,-0.0002779573,-0.00044851014,-0.00029387954,-0.001793064,-0.00198669,-0.0009850899,0.99698687,-0.0009318324,-0.00040404822,-0.0020832107,-0.00041162525,-0.0013294487,-0.0007026838,-0.001556844,-0.00031000937,-0.0019102404,-0.0010494125,0.0,-0.0007498403,-0.0002627965,-0.00019680381,-0.00086445484,-0.0004868815,-0.00024888894,-0.0002680617,-0.0002167822
-1.0794465e-05,0.99766743,-3.7282566e-06,-2.4498117e-06,8.316268e-06,0.99667156,2.5676678e-05,1.0227646e-05,2.5438185e-05,0.99760497,7.4162663e-06,-4.3592794e-07,-1.3625741e-07,3.072299e-06,-3.7954226e-06,6.000456e-06,-1.5883697e-05,3.3296483e-06,0.99752283,1.6810798e-05,-7.992753e-07,2.5762682e-07,8.135965e-06,4.3277937e-06,1.2394649e-05,9.120986e-06,-4.8498114e-06,9.339905e-06,8.168959e-06,-7.7810255e-06,-1.1927924e-05,-3.622137e-06,6.07695e-06,1.522725e-05,1.454669e-05,-2.1036421e-06,2.5181882e-05,2.6566797e-06,-1.8254355e-05,5.9883055e-06,-4.868701e-06,2.4858204e-05,-1.3789774e-05,1.0731676e-05,1.656693e-05,-7.7323675e-06,1.9568351e-05,1.0799868e-05,2.1474916e-05,-1.2776666e-05,5.5591875e-07,-1.2733089e-05,1.1252577e-05,2.0409405e-05,-1.0782323e-05,-1.6752687e-06,1.8802719e-05,-8.784724e-08,1.2901112e-06,1.8828673e-06,-2.6571831e-06,-1.3597405e-05,-4.3767122e-06,2.3148723e-05,1.35543005e-05,2.3261366e-06,2.2179618e-05,1.7829228e-05,-1.547854e-06,1.2225086e-05,4.0555246e-06,1.0224698e-05,-4.7940284e-06,1.229068e-05,4.5828733e-06,-7.2907187e-06,2.9035145e-06,1.9528323e-05,2.7493013e-06,0.99679816,5.682773e-06,-1.6878415e-05,5.3558147e-06,-9.380718e-06,-1.0647395e-05,-9.276075e-06,1.1054816e-05,-1.5485059e-05,-1.5795044e-05,9.357612e-06,0.9976327,-6.617647e-07,4.0455625e-06,9.336546e-06,-6.3614825e-06,1.6387236e-05,-1.1304116e-05,-1.3433374e-05,1.3914662e-05,1.7773793e-05,1.620169e-05,2.1922813e-05,0.0,9.696035e-06,-7.986172e-06,-3.4650504e-06,1.3216267e-05,-4.834291e-06,2.4874475e-06,4.128153e-06
-0.0023000205,0.9967103,-0.0030607136,-0.0030762383,-0.0031680935,0.9962489,-0.0021952174,-0.0030073607,-0.0022801377,0.9967143,-0.003090377,-0.0030725081,-0.002949893,-0.0027740793,-0.0021867927,-0.0028058859,-0.0021837193,-0.003063597,0.9966918,-0.0021553582,-0.002552194,-0.003093043,-0.0026259439,-0.002329413,-0.0027230037,-0.0029583091,-0.0031147723,-0.002309363,-0.0028635003,-0.0024382034,-0.0027137042,-0.0021807419,-0.0031603123,-0.0024702686,-0.002404288,-0.002516333,-0.002478983,-0.0031397059,-0.0024989706,-0.0023743014,-0.002358923,-0.0021979662,-0.0023215497,-0.0022670415,-0.0029997746,-0.002988229,-0.0031145918,-0.0024586644,-0.0027002944,-0.0025819934,-0.0024632483,-0.003092191,-0.0026085973,-0.0031245304,-0.002992275,-0.002130504,-0.0030796712,-0.0024827062,-0.0027638306,-0.0020974036,-0.0030949286,-0.0030958909,-0.0030881963,-0.0025191635,-0.0029888246,-0.0021723846,-0.0029738676,-0.0024938185,-0.0022412646,-0.002784097,-0.003078698,-0.0030466157,-0.0021697993,-0.0022321253,-0.003078384,-0.0023073468,-0.0029994233,-0.0031288485,-0.00259693,0.9963426,-0.002170015,-0.0029741568,-0.0023457434,-0.002226912,-0.0021590658,-0.0022713607,-0.002126851,-0.0030566382,-0.0031310427,-0.0026152853,0.9967128,-0.0025950484,-0.0022124073,-0.0031723848,-0.0022073123,-0.0033860973,-0.0024430947,-0.002945963,-0.0021709925,-0.0030970813,-0.0026495724,-0.0022563483,-0.0024635517,0.0,-0.0021415656,-0.0025212655,-0.0024167297,-0.0021444692,-0.0021111846,-0.0020821947
-0.0035289172,0.99615747,-0.0039505656,-0.0039701425,-0.0039904816,0.99577296,-0.0034625896,-0.0039329636,-0.0035276017,0.9961463,-0.0039685494,-0.0039695813,-0.0039121713,-0.003810499,-0.0034820517,-0.0038263125,-0.0034618773,-0.0039558522,0.9961157,-0.003440527,-0.0036957674,-0.003976928,-0.0037162146,-0.0035320462,-0.0037774427,-0.003918251,-0.0039805677,-0.0035011224,-0.0038647444,-0.0036089756,-0.0037890319,-0.00343051,-0.0039808764,-0.0036095572,-0.0035941515,-0.003626309,-0.003625827,-0.003973983,-0.0037361896,-0.0035725848,-0.003553125,-0.0034725582,-0.0035140414,-0.0034952566,-0.003933785,-0.0039298534,-0.0039738677,-0.003620508,-0.0037713675,-0.003686135,-0.0036123963,-0.003981382,-0.0037079623,-0.0039723143,-0.0039345454,-0.0033940822,-0.003970947,-0.0036170762,-0.003815727,-0.0033774371,-0.0039828513,-0.0039677587,-0.003970037,-0.0036404077,-0.0039272294,-0.0034186223,-0.0039306423,-0.003622982,-0.0035841747,-0.0038113042,-0.0039679618,-0.0039604064,-0.0034175923,-0.0034584329,-0.00396422,-0.0035344383,-0.00393603,-0.0039737956,-0.0037042934,0.9958346,-0.0034386911,-0.0039222087,-0.003543658,-0.0034686395,-0.0034443042,-0.0034948387,-0.0033865133,-0.0039663212,-0.00397874,-0.003706124,0.9961482,-0.003686541,-0.0034492777,-0.003981452,-0.003453661,-0.00461355,-0.0036168017,-0.0039144373,-0.0034059193,-0.0039758724,-0.0037339847,-0.0034574145,-0.0036268048,-0.003372874,0.0,-0.0036479342,-0.0036870302,-0.0033778483,-0.0033829834,-0.0033627439
3.1186428e-05,1.0011529,0.000924492,0.00087578746,0.00094088085,0.99782646,3.3797896e-05,0.0008340604,1.9938576e-05,1.0008407,0.00092018396,0.00093580136,0.0007450605,0.0006111906,6.386548e-06,0.00062729884,7.12863e-06,0.00089413417,1.0006528,3.543243e-05,0.00015854386,0.00091953273,0.00052157487,2.2541286e-05,0.0005228104,0.00078521937,0.0009498491,1.4405834e-05,0.0006432016,0.00024872264,0.0004315126,2.056009e-05,0.0009439044,0.00026365032,6.880041e-05,0.00034850553,0.00028846101,0.0009644372,4.0662385e-06,-4.661696e-06,1.8874143e-05,1.3628466e-05,5.443759e-05,1.5232796e-05,0.000766577,0.0007785367,0.00096910016,0.000121538804,0.00057454343,0.00043056128,0.0002758453,0.0008482423,0.00047748268,0.0009691966,0.0008172951,3.282847e-05,0.00089302385,0.0003571422,0.0006095105,3.6509282e-05,0.00084953435,0.00096130534,0.0009119331,0.00031455458,0.0007804342,2.7437447e-05,0.0007284121,0.00034945586,1.2746093e-05,0.00064301863,0.0008679925,0.00084201543,1.981424e-05,4.3963006e-05,0.0009269129,3.5285368e-05,0.0007538422,0.0009772872,0.0003570179,0.99817055,-1.1380143e-05,0.0007656517,9.331655e-05,1.825489e-05,3.3454162e-05,5.1167182e-05,-9.958268e-06,0.00083869376,0.00093983626,0.0005209005,1.0009623,0.00041636554,3.9883093e-05,0.00095782237,2.349179e-05,1.7447488e-05,0.00012947386,0.0007478769,1.0410899e-05,0.0009244751,0.00053241383,2.43572e-05,0.00021715567,1.1567209e-05,2.9558058e-05,0.0,3.195054e-05,2.9036679e-05,-1.5968528e-06,-8.059269e-06
-0.004784031,0.99542964,-0.0049414006,-0.00495074,-0.00491089,0.9950281,-0.0047408054,-0.0049549583,-0.004830396,0.995392,-0.00493954,-0.0049541686,-0.00494841,-0.0048992108,-0.004771263,-0.0049097165,-0.0047315145,-0.004940357,0.995366,-0.004760231,-0.004831168,-0.0049484153,-0.0048601534,-0.004779096,-0.0048907064,-0.00495539,-0.0049417377,-0.004778595,-0.0049294983,-0.0048325593,-0.004887826,-0.004709064,-0.0049036574,-0.004796808,-0.004817508,-0.0048114196,-0.004805655,-0.0049056644,-0.0050111334,-0.0048090713,-0.0047983583,-0.004732502,-0.0047842152,-0.004755845,-0.004956973,-0.0049565695,-0.0049321456,-0.004829619,-0.00488448,-0.0048383484,-0.0048037777,-0.004962399,-0.004855137,-0.0049172,-0.0049620275,-0.004702085,-0.004953182,-0.0048053027,-0.0049108956,-0.004714958,-0.0049612173,-0.0049407305,-0.004946236,-0.0048218556,-0.004954234,-0.0047354815,-0.004958645,-0.004805324,-0.0048651723,-0.0049038264,-0.004948611,-0.00497053,-0.0047420417,-0.0047512185,-0.0049458253,-0.0047850437,-0.004956202,-0.004914406,-0.0048374976,0.99511963,-0.0047533293,-0.0049508875,-0.0048001874,-0.004742773,-0.0047281184,-0.004762801,-0.0047022514,-0.0049646893,-0.004923984,-0.004850761,0.99540544,-0.004845137,-0.0047306004,-0.0048997467,-0.004740892,-0.0058700447,-0.0048330007,-0.004951376,-0.0047005806,-0.0049427967,-0.0048677283,-0.0047449227,-0.0048225257,-0.0046961796,-0.004747368,-0.0048164194,0.0,-0.0047078407,-0.004704228,-0.0046781213
-0.0015441928,0.99692476,-0.002512039,-0.0025460238,-0.002692132,0.99644756,-0.0014045105,-0.0024227053,-0.001425358,0.99694514,-0.0025723851,-0.0025296481,-0.0023519252,-0.0021286895,-0.0014048344,-0.002169341,-0.0013781192,-0.002524776,0.9968952,-0.0013559143,-0.0018854076,-0.0025735607,-0.001928261,-0.0015614745,-0.0020552115,-0.0023692537,-0.0026024978,-0.0015119702,-0.0022447433,-0.0016715273,-0.0020800817,-0.0013888357,-0.0026838628,-0.0017507072,-0.0016470538,-0.0017818576,-0.0017592439,-0.0026534947,-0.0017073355,-0.0016228507,-0.0015909565,-0.0014353595,-0.0015261809,-0.0014892739,-0.0024240187,-0.0024146745,-0.0025992852,-0.0017078542,-0.002030172,-0.0018802708,-0.0017292147,-0.0025616398,-0.0019208895,-0.0026195704,-0.0024099643,-0.0013383566,-0.0025414815,-0.001751748,-0.00212179,-0.0012986227,-0.0025662442,-0.0025652756,-0.002557226,-0.0017939496,-0.00240987,-0.0013624816,-0.0023953475,-0.0017786704,-0.001510663,-0.002137284,-0.0025390023,-0.0024847118,-0.0013521465,-0.0014475761,-0.0025380405,-0.0015657024,-0.0024240299,-0.0026271902,-0.0019241311,0.99652594,-0.0013524655,-0.002389066,-0.0015749253,-0.0014496656,-0.0013498919,-0.0014901597,-0.0013397632,-0.0025075967,-0.002630748,-0.0019158255,0.9969285,-0.0018841618,-0.0014373396,-0.002694082,-0.0014336646,-0.0025385192,-0.0016975942,-0.0023512705,-0.0013683045,-0.0025823594,-0.0019689184,-0.0014433764,-0.0017307188,-0.0013062756,-0.0012823613,-0.0018110034,-0.0015998377,0.0,-0.001323356,-0.0012789359
-0.0025345285,0.99662405,-0.0032338556,-0.0032475877,-0.0033274097,0.9961843,-0.0024236676,-0.0031865353,-0.0025026056,0.9966254,-0.003261372,-0.0032456014,-0.003132819,-0.002976797,-0.0024429532,-0.003003106,-0.002415111,-0.0032348803,0.99659973,-0.0024132684,-0.0027486132,-0.0032646991,-0.0028422375,-0.002557797,-0.0029259867,-0.00315056,-0.003280234,-0.002545113,-0.0030529539,-0.00267657,-0.0029288745,-0.0024163814,-0.0033189286,-0.0026900454,-0.0026354573,-0.0027310655,-0.0027048606,-0.0033033956,-0.0027301996,-0.0026135175,-0.0025834246,-0.0024403406,-0.002557775,-0.002503884,-0.0031758375,-0.0031721052,-0.0032823016,-0.0026790027,-0.0029164415,-0.002798915,-0.0026866733,-0.003262488,-0.0028266415,-0.0032872013,-0.0031796058,-0.0023702178,-0.003252521,-0.0027068213,-0.0029722652,-0.0023432404,-0.0032620025,-0.0032651036,-0.0032576905,-0.002740188,-0.003172071,-0.0024144624,-0.0031589943,-0.0027160512,-0.0025364812,-0.002982756,-0.0032448545,-0.0032290441,-0.0023948494,-0.002470365,-0.0032527193,-0.0025505484,-0.0031751043,-0.0032904518,-0.0028090598,0.99628425,-0.002410391,-0.0031562636,-0.0025959152,-0.0024570455,-0.002398865,-0.0024970968,-0.0023646737,-0.0032318134,-0.0032927627,-0.0028320777,0.9966261,-0.002810199,-0.0024393687,-0.003324946,-0.0024504184,-0.0036245675,-0.0026766036,-0.003136327,-0.002410766,-0.0032687113,-0.002864411,-0.0024888662,-0.00269,-0.0023410888,-0.002391876,-0.0027452244,-0.002666938,-0.0023891185,0.0,-0.0023382334
-0.0023433582,0.9966877,-0.0030878205,-0.003110623,-0.0031967256,0.99623984,-0.0022013346,-0.0030299115,-0.0022729954,0.99669236,-0.0031244825,-0.0030987333,-0.0029774045,-0.0028057029,-0.002173587,-0.002841531,-0.0021630279,-0.0030927705,0.99665964,-0.0021864907,-0.002596862,-0.0031257141,-0.0026596903,-0.002349136,-0.0027573702,-0.0029928102,-0.0031465467,-0.0023330834,-0.002890514,-0.002467473,-0.0027456621,-0.002182612,-0.0031911165,-0.0025179118,-0.0024382726,-0.0025419462,-0.0025174082,-0.0031712975,-0.0024969666,-0.002419055,-0.002399783,-0.002227942,-0.0023584678,-0.0022797282,-0.0030294503,-0.0030203525,-0.0031479837,-0.0024906546,-0.0027281435,-0.0026148923,-0.002490101,-0.003122274,-0.002646864,-0.0031543765,-0.0030263427,-0.00215993,-0.003109846,-0.0025173742,-0.0028017382,-0.0021486932,-0.00311914,-0.0031278525,-0.003118071,-0.0025595133,-0.0030233038,-0.0022161286,-0.0030081526,-0.0025376435,-0.002308833,-0.0028148429,-0.0031058863,-0.0030794805,-0.002195174,-0.0022779633,-0.0031049831,-0.0023494333,-0.0030281325,-0.0031590732,-0.0026202865,0.99634117,-0.0021836562,-0.0030039928,-0.0023918266,-0.0022599022,-0.0021652607,-0.0023039142,-0.0021634297,-0.003089181,-0.0031607589,-0.0026452022,0.99668914,-0.0026268524,-0.0022479484,-0.0031982278,-0.002250906,-0.003385122,-0.0024868797,-0.0029773095,-0.0021753334,-0.003133159,-0.002684854,-0.0022703446,-0.0024998637,-0.0021176967,-0.0021523843,-0.0025599974,-0.0023957274,-0.0021612833,-0.00214301,0.0
