1,2,3,4,5,6,7,8,9,10,11,12,13,14,15,16,17,18,19,20,21,22,23,24,25,26,27,28,29,30,31,32,33,34,35,36,37,38,39,40,41,42,43,44,45,46,47,48,49,50,51,52,53,54,55,56,57,58,59,60,61,62,63,64,65,66,67,68,69,70,71,72,73,74,75,76,77,78,79,80,81,82,83,84,85,86,87,88,89,90,91,92,93,94,95,96,97,98,99,100,101,102,103,104,105,106,107,108,109,110
0.0,0.99523896,-0.0040139193,-0.004015538,-0.004786164,0.99502665,-3.185985e-05,-0.0038013505,-9.072685e-07,0.99524206,-0.0041422467,-0.0040240227,-0.003652843,-0.0032978444,-1.6468139e-05,-0.0033663346,-1.0192667e-05,-0.0040110475,0.9952355,-4.848153e-06,-0.002545588,-0.0041200146,-0.0030087999,-0.0011813999,-0.0031371273,-0.0036899098,-0.0042103357,-0.0011440435,-0.003466034,-0.0019533313,-0.003145848,2.8522321e-05,-0.0047847196,-0.0025012447,-0.0016571061,-0.0026838763,-0.0025386445,-0.004750063,5.0254916e-06,-0.0014909102,-0.0012803932,-3.1229712e-05,-0.0010948499,-0.00065514026,-0.0037603742,-0.003752792,-0.0042293826,-0.0019633002,-0.0031229537,-0.0029523177,-0.0023653333,-0.0039989618,-0.0029780811,-0.0042953403,-0.003747556,-5.0958846e-05,-0.0040276903,-0.0026016526,-0.003247852,1.8310819e-05,-0.004022921,-0.0041635665,-0.004084848,-0.0026768912,-0.0037450555,-1.1024707e-05,-0.003690692,-0.0026522884,8.376147e-07,-0.0033018058,-0.0040135123,-0.0038831367,-3.6412064e-05,-0.0003588879,-0.004083079,-0.001088004,-0.0037381086,-0.00429953,-0.0029851303,0.9950845,-2.2643733e-05,-0.0037243778,-0.001452885,-0.0002565736,-8.296586e-07,-0.000480355,-1.0970716e-05,-0.0038998711,-0.004288154,-0.0030126953,0.9952429,-0.0029660128,-4.160004e-05,-0.0048108054,-0.000190483,1.3534946e-06,-0.0018968387,-0.003665556,-2.0104912e-05,-0.0041429987,-0.0030327463,-0.000500356,-0.0021683967,-4.100531e-05,2.1263932e-05,-0.0027627016,-9.614896e-06,1.8079028e-05,-7.86668e-06,-2.178668e-05
-0.002310874,0.0,-0.0025720766,-0.0025906106,-0.0026937136,0.9981627,-0.0024423634,-0.0025637243,-0.0025969513,0.99843633,-0.0026179685,-0.0025764792,-0.0025290293,-0.0024951145,-0.0025464357,-0.0024889973,-0.0024632255,-0.002569917,0.9984436,-0.0024513302,-0.0024505814,-0.0026075412,-0.002460803,-0.0023522014,-0.0024563405,-0.0025481684,-0.0026299434,-0.002307983,-0.0025127623,-0.002390225,-0.0024770936,-0.0022859676,-0.0027018678,-0.0024138836,-0.0023815455,-0.0024310173,-0.0024025436,-0.0027050623,-0.0027183143,-0.0023862298,-0.0023760963,-0.0023143145,-0.0023460553,-0.002303983,-0.002556694,-0.002555846,-0.0026253683,-0.0023860142,-0.0024444335,-0.002455274,-0.00236817,-0.0025911815,-0.0024266292,-0.002635885,-0.002556894,-0.002326574,-0.0025929206,-0.0024126382,-0.002480483,-0.0023750933,-0.0025834527,-0.0026074178,-0.0026013579,-0.002421129,-0.0025834362,-0.0022675807,-0.0025284104,-0.0024129148,-0.0026291038,-0.0024880196,-0.0025722007,-0.0025667073,-0.0024503598,-0.002302554,-0.0026013984,-0.0023458186,-0.0025348696,-0.002670082,-0.0024713848,0.99828583,-0.0024935498,-0.0025463498,-0.0023442486,-0.00229381,-0.0024175001,-0.002301692,-0.0023116104,-0.00257969,-0.0026588216,-0.002462186,0.998373,-0.0024343098,-0.0022935658,-0.0027357962,-0.0022663397,-0.0029470401,-0.0023775513,-0.0025387504,-0.002334235,-0.0026075083,-0.002448996,-0.0022971719,-0.0023989894,-0.0023200472,-0.0024269458,-0.002425785,-0.0026826595,-0.00231121,-0.0023527644,-0.0023500812
0.0018961205,0.99672693,0.0,0.0030454118,0.0032864837,0.9969382,0.0017286444,0.0029876207,0.0019616454,0.9966374,0.0031329375,0.003082509,0.002841893,0.0026334012,0.0019686047,0.0029936316,0.0017284626,0.0030951865,0.99665016,0.0018024988,0.0024072758,0.0031245893,0.002557403,0.0019697892,0.0025330633,0.0028864385,0.0031725636,0.0020098535,0.0030258477,0.0022751763,0.0025106897,0.0016182433,0.0033030673,0.002400811,0.0020999734,0.0024607182,0.002405171,0.003289486,0.0022997907,0.0020581158,0.0020130747,0.0016442194,0.002002382,0.0017745522,0.0029233566,0.003228889,0.0031887682,0.0022289844,0.0025535284,0.002539989,0.0023450106,0.0032750394,0.0025139665,0.00322286,0.0029287138,0.0016279056,0.0030762507,0.002435507,0.0026044059,0.001714489,0.0030457005,0.003170121,0.003109551,0.0024675594,0.002954349,0.0016161421,0.003173853,0.002437608,0.0020782899,0.0027196796,0.0033731963,0.0029725996,0.0017321398,0.0017777835,0.0031484081,0.0019804495,0.002880656,0.0032713572,0.002494368,0.99674076,0.0018297532,0.0028726463,0.0021065956,0.0017218222,0.0017131768,0.0017117601,0.0016444562,0.0030123433,0.00322583,0.0025598211,0.9966474,0.0025373988,0.001682052,0.0033374212,0.001726565,0.0030815625,0.002175817,0.0028586295,0.0016182926,0.003122909,0.0025228208,0.001771182,0.0022988133,0.0016386984,0.0018010283,0.0024711282,0.0022514462,0.0016708671,0.001633811,0.0016568501
0.0018304419,0.99669856,0.0033242938,0.0,0.003249715,0.99686384,0.0016683786,0.0030367812,0.0018854752,0.99657834,0.003100774,0.0030386937,0.002771234,0.0028972283,0.0018883758,0.002948688,0.0016619316,0.0031621438,0.99660265,0.0017222827,0.0023777238,0.003081282,0.0025419407,0.0019120987,0.0024794822,0.0028309773,0.0031246394,0.0019181913,0.0029833862,0.0022014722,0.0024783434,0.0015510113,0.003264746,0.0023527215,0.0020293014,0.0023752975,0.002346115,0.0032409676,0.0022251012,0.0019886282,0.0019369696,0.0015899125,0.0019236543,0.0017099405,0.0031735515,0.0031904483,0.0034552373,0.0021723516,0.0024928353,0.0024852883,0.0022778409,0.0033266447,0.00243724,0.0031627696,0.0028649839,0.0015580724,0.0030666809,0.0023629363,0.002549477,0.0016301621,0.0029947152,0.0031601454,0.0033692466,0.0024121737,0.0031788663,0.0015511686,0.0031219712,0.0023713203,0.002006156,0.002820738,0.0033463542,0.0032462724,0.0016582725,0.0016982701,0.003148556,0.0019103151,0.003158029,0.0032178955,0.0024353908,0.9967221,0.001746494,0.0031400393,0.0020201802,0.0016510041,0.0016533313,0.0016592238,0.0015641974,0.003261867,0.0031883742,0.0025221487,0.99660856,0.0024663296,0.0016134587,0.0033060834,0.001644326,0.0029995574,0.002110922,0.0028079932,0.0015466332,0.003402332,0.0024536569,0.0016863581,0.0022366638,0.001560477,0.0017054952,0.002406199,0.0021749835,0.0015830123,0.0015531926,0.0015736496
0.004256518,1.0010788,0.0047534313,0.0047596735,0.0,1.0004029,0.0041971733,0.004708099,0.004337583,1.0005947,0.0047910144,0.004764468,0.0046609286,0.004553551,0.004326197,0.0045744847,0.004179558,0.0047620437,1.0005243,0.00422307,0.0045017092,0.004789463,0.004535637,0.004286981,0.004516039,0.004665098,0.004800394,0.0042735594,0.0045879907,0.004397159,0.0045250324,0.0041275155,0.004842592,0.004482648,0.00431254,0.0045174677,0.004478784,0.004837966,0.004608627,0.004302405,0.0042892317,0.004150439,0.0042834664,0.004207622,0.00469097,0.004687036,0.004807854,0.0043958677,0.004517198,0.004548062,0.004462869,0.004769787,0.004527118,0.004817406,0.0046810964,0.004120959,0.0047711805,0.004498292,0.004537785,0.0041377614,0.0047637788,0.0047996435,0.004784734,0.004520396,0.0046947054,0.0041239862,0.00466296,0.0045097456,0.0044194176,0.004554663,0.0047604316,0.0047161696,0.004184085,0.0042018504,0.004786302,0.0042719524,0.004678309,0.004835912,0.0045502586,1.0002292,0.0042414945,0.0046701385,0.0043266728,0.0041927095,0.004165919,0.0041899215,0.0041199243,0.004738783,0.0048241713,0.0045265714,1.0007694,0.0045475718,0.004176718,0.004848614,0.0041864803,0.00517962,0.0043668537,0.004660818,0.004119343,0.004796545,0.004521268,0.0041940548,0.004432177,0.004107993,0.0042039934,0.0045209937,0.0045460532,0.004130131,0.0040979213,0.0041064196
-0.0041935216,0.9967011,-0.004699505,-0.004725682,-0.004769995,0.0,-0.004120402,-0.004645326,-0.0042274385,0.99672526,-0.0047669704,-0.0046974947,-0.0045701778,-0.004536693,-0.004175988,-0.004536206,-0.0041735587,-0.0047010393,0.99672705,-0.0041277567,-0.0044795857,-0.0047519915,-0.004506448,-0.0042461753,-0.0044807363,-0.0046202093,-0.0047749975,-0.004229993,-0.0045653423,-0.004368712,-0.004492777,-0.0041271914,-0.004789551,-0.004413553,-0.0043341704,-0.004440319,-0.004401481,-0.0047985115,-0.004244909,-0.004339908,-0.0042896015,-0.0041925046,-0.0042457404,-0.004199929,-0.004633036,-0.0046223113,-0.004726685,-0.0043506897,-0.004460388,-0.0044968626,-0.0043659545,-0.0047180443,-0.0044441717,-0.0047397576,-0.0046518105,-0.0041203266,-0.0047364663,-0.0044215857,-0.004504201,-0.0040915133,-0.0046857083,-0.0047305706,-0.0047523393,-0.004431686,-0.004671578,-0.004092857,-0.004578537,-0.00441389,-0.0042159366,-0.004541939,-0.0046933084,-0.0046799574,-0.0041502523,-0.00420087,-0.004735123,-0.0042572813,-0.0046182876,-0.00477304,-0.0045130635,0.9964039,-0.004158183,-0.0046367925,-0.004251527,-0.004176706,-0.004126974,-0.0041962643,-0.0040911837,-0.0046736603,-0.004788025,-0.0045217667,0.9967217,-0.0044600787,-0.004166043,-0.0048139305,-0.0041403193,-0.0043179933,-0.0043545747,-0.0046083126,-0.004180444,-0.004724881,-0.0044658617,-0.0042051403,-0.0043820366,-0.0040833447,-0.004085252,-0.0044593075,-0.0042171422,-0.0041299243,-0.0041041016,-0.004117099
-0.005054649,0.995096,-0.005314827,-0.0053228424,-0.005374443,0.99481803,0.0,-0.005283534,-0.005080912,0.9950857,-0.005339876,-0.0053198705,-0.005253598,-0.0051878067,-0.005033731,-0.0051962947,-0.004990193,-0.00531599,0.99507856,-0.0050415527,-0.0051928386,-0.0053380933,-0.005190843,-0.0050441595,-0.005174493,-0.0052596126,-0.0053542866,-0.0050645773,-0.0052095456,-0.0051132445,-0.0051766275,-0.0049939267,-0.0053747934,-0.0051674214,-0.0050913673,-0.0051837116,-0.0051662335,-0.005368387,-0.0052547986,-0.0050787292,-0.005068644,-0.0050040884,-0.005058592,-0.0050393664,-0.0052672075,-0.0052688704,-0.005353995,-0.0051111085,-0.005173792,-0.0052060243,-0.00515605,-0.005322405,-0.005197838,-0.0053596287,-0.005275982,-0.0049750563,-0.0053228997,-0.0051717316,-0.0051852637,-0.0049709748,-0.005323514,-0.0053419494,-0.0053295027,-0.005190127,-0.005269792,-0.0050029964,-0.005263802,-0.0051768515,-0.0051432303,-0.005192235,-0.005320261,-0.0053006387,-0.005000695,-0.005046486,-0.0053318306,-0.005057996,-0.005272099,-0.0053668665,-0.005201201,0.9949078,-0.005023825,-0.005264684,-0.005089819,-0.005030721,-0.004969181,-0.0050379178,-0.0049721156,-0.005299636,-0.005363595,-0.005187966,0.9950901,-0.005210027,-0.0050175255,-0.0053769043,-0.0050347447,-0.0061035994,-0.0051088133,-0.005252583,-0.004990142,-0.005343354,-0.005178447,-0.0050347145,-0.005123969,-0.004980982,-0.0050237193,-0.0051985728,-0.005213273,-0.0049845334,-0.0049608275,-0.0049438076
0.00077985355,0.99597085,0.0024836885,0.0024470713,0.0028362987,0.99557453,3.1814782e-06,0.0,0.0002571959,0.9959912,0.0025718359,0.0024872834,0.0021435854,0.0018208541,0.00028175514,0.0018724281,1.1176506e-05,0.002487509,0.9959942,7.8658646e-05,0.0013891958,0.0025530492,0.0016555121,0.0008666902,0.0016599232,0.0022021837,0.002634959,0.00093028066,0.0019253935,0.0012624305,0.0016153717,6.928844e-05,0.002854184,0.0013815983,0.0010262846,0.0015108527,0.0014012107,0.0028344123,0.0005987632,0.000983031,0.00087078713,1.8199378e-05,0.00091483095,0.0006010005,0.0022304042,0.0022267993,0.0026870496,0.0011580988,0.0017022734,0.001621101,0.0013256113,0.0024738198,0.0016100722,0.002747999,0.00226979,5.958896e-06,0.0024672418,0.0014629863,0.0017536546,8.562207e-06,0.0024566886,0.0026312333,0.0025360505,0.0014746825,0.002244644,5.0588358e-05,0.0021356414,0.0014708523,0.00037276823,0.0018497208,0.0024500375,0.0023711564,8.419319e-06,0.0006140332,0.0025651415,0.0008702461,0.0022058506,0.0028078554,0.001574174,0.9954693,0.00012228522,0.0022009488,0.0010352455,0.0004156493,4.6455784e-06,0.00046561542,1.5244092e-05,0.0023906168,0.0027298126,0.0016504765,0.9959656,0.0016201084,0.00052095985,0.0029060657,0.00049865904,0.0014633818,0.0011150613,0.0021491232,4.031212e-06,0.0025718966,0.0016390198,0.00063060154,0.0012613077,7.014627e-06,8.107788e-05,0.0015085576,0.0005763104,3.87279e-05,2.2862105e-05,-2.3198581e-06
-0.005631632,0.994832,-0.0057411734,-0.005746495,-0.005759731,0.99451643,-0.0056793066,-0.005726896,0.0,0.99480575,-0.005756568,-0.0057465727,-0.0057079685,-0.0056651393,-0.005760793,-0.005671166,-0.0056858086,-0.0057451064,0.99479645,-0.0057225167,-0.005706828,-0.0057553905,-0.005682846,-0.0056202607,-0.005656789,-0.005710926,-0.0057610385,-0.005622414,-0.0056787394,-0.0056454544,-0.0056728404,-0.0056171077,-0.005762654,-0.005683727,-0.005636983,-0.0056871744,-0.005677209,-0.005762602,-0.0060132924,-0.0056350813,-0.0056337165,-0.005633371,-0.005620955,-0.0056326073,-0.0057167327,-0.005717602,-0.005757585,-0.005648721,-0.0056600296,-0.005701917,-0.0056767026,-0.005753364,-0.0056879823,-0.0057599987,-0.005722385,-0.005611445,-0.00574963,-0.0056821383,-0.005664895,-0.0056366036,-0.0057516512,-0.005758116,-0.005751238,-0.0056980476,-0.0057179886,-0.0056227674,-0.00571594,-0.005692881,-0.0058697597,-0.005665774,-0.0057447758,-0.005737524,-0.0056793867,-0.0056313155,-0.005754555,-0.0056265816,-0.0057184426,-0.0057625463,-0.0057040886,0.99459743,-0.005718545,-0.0057142233,-0.0056357062,-0.0056343293,-0.0056590578,-0.0056343484,-0.0056112213,-0.0057382924,-0.005764309,-0.005680335,0.99481666,-0.005702895,-0.005626654,-0.0057604704,-0.005633422,-0.0068700854,-0.0056482065,-0.005708364,-0.0056186486,-0.0057590934,-0.0056695873,-0.0056222067,-0.005656981,-0.0056270156,-0.005691808,-0.005701385,-0.00595361,-0.0056052655,-0.0056184246,-0.005599308
-0.0026031325,0.9985817,-0.0029575424,-0.0029763507,-0.003078256,0.99819994,-0.0027220093,-0.0029361765,-0.0028913845,0.0,-0.0030095368,-0.0029603438,-0.0028900057,-0.0028427937,-0.0028370942,-0.0028400226,-0.002747239,-0.0029542183,0.9987059,-0.0027344737,-0.0027906932,-0.0029971416,-0.0028060102,-0.002651817,-0.00279673,-0.0029147926,-0.0030233362,-0.0026135542,-0.0028672088,-0.002713585,-0.0028162762,-0.0025687544,-0.0030889064,-0.0027455918,-0.0026975449,-0.0027707268,-0.0027344401,-0.0030933914,-0.00302016,-0.0027007915,-0.0026824581,-0.0026028738,-0.0026473417,-0.0025983802,-0.002925555,-0.0029241154,-0.003013586,-0.0027049968,-0.0027837532,-0.002801238,-0.0026968215,-0.0029757058,-0.0027676795,-0.0030227806,-0.0029299217,-0.0026038447,-0.0029806662,-0.0027481897,-0.0028239398,-0.002650915,-0.0029662813,-0.0029953422,-0.0029914242,-0.002758518,-0.0029562784,-0.0025484338,-0.0028902262,-0.0027482377,-0.002922121,-0.002837358,-0.0029561191,-0.0029470667,-0.0027317016,-0.0025961315,-0.0029892726,-0.0026484365,-0.0029033823,-0.0030584515,-0.0028189316,0.9983756,-0.0027785287,-0.002916311,-0.002649779,-0.002582783,-0.0026972804,-0.0025939145,-0.0025888565,-0.0029576006,-0.0030498945,-0.002809478,0.998664,-0.0027770186,-0.0025803898,-0.003120851,-0.0025531284,-0.0032635804,-0.0026983472,-0.0029037031,-0.002621062,-0.0029942836,-0.0027889244,-0.002594889,-0.0027230594,-0.0025960503,-0.0027101748,-0.0027686767,-0.0029809193,-0.0025926756,-0.002629632,-0.0026295693
0.0026302552,0.9977114,0.0035904748,0.0035946919,0.0037639313,0.9977085,0.0024885174,0.0035065932,0.0026851573,0.9975108,0.0,0.0036067863,0.003414478,0.0032428289,0.0026845934,0.0032766322,0.0024812722,0.0036061304,0.99751604,0.0025334859,0.0030817064,0.0036514152,0.0031736626,0.0026979514,0.0031655994,0.0034373256,0.0036834725,0.002700777,0.0033010775,0.0029266805,0.0031632814,0.002392942,0.0037770285,0.0030508488,0.0027913284,0.0031053645,0.0030495443,0.0037675912,0.0030101188,0.0027611302,0.0027264124,0.0024298076,0.0027025684,0.0025335143,0.0034744565,0.0034603816,0.003692484,0.0029002244,0.0031749704,0.00317007,0.003009752,0.0036129411,0.00315008,0.0037188486,0.0034670841,0.0023912315,0.003609011,0.0030774227,0.0032147816,0.0024434174,0.0035950034,0.0036755002,0.0036386065,0.0031039885,0.003477369,0.0023872596,0.0034213972,0.003092836,0.002791912,0.0032636793,0.003590455,0.0035240906,0.0024767227,0.0025220532,0.0036483875,0.0026883208,0.003457158,0.003749908,0.0031596958,0.9975406,0.0025580383,0.0034412432,0.0027899498,0.002493155,0.0024649191,0.0024913384,0.0023945714,0.003549862,0.0037238586,0.0031634104,0.99755836,0.0031657282,0.0024555877,0.0037979607,0.0024897198,0.0037303574,0.002862662,0.0034243804,0.0023880587,0.003657768,0.0031549004,0.0025177768,0.002965316,0.0023907968,0.0025160618,0.003118588,0.0029490013,0.0024139078,0.0023765701,0.0023959312
0.001964802,0.9968436,0.003097219,0.0030955216,0.003326871,0.99700284,0.0018071599,0.0030264014,0.0020292648,0.99674016,0.003179836,0.0,0.0028936947,0.0026882286,0.00202956,0.002710173,0.0018090965,0.0031354637,0.9967338,0.0018617138,0.0024886262,0.0031682544,0.002609663,0.0020400076,0.002592784,0.0029344563,0.0032179258,0.0020552385,0.0030836498,0.0023257048,0.0025839685,0.0016956589,0.0033420234,0.00245457,0.0021648128,0.002505998,0.0024599037,0.0033275753,0.0023619505,0.0021270125,0.0020730486,0.0017383386,0.0020554229,0.001856007,0.0029474094,0.003269737,0.0032237717,0.0022843278,0.0026171345,0.0025951406,0.0024061734,0.0031936455,0.0025625841,0.0032657706,0.0029650156,0.0016971153,0.0031277407,0.0024888772,0.0026587115,0.0017694137,0.0031049184,0.00321439,0.0031541842,0.0025154785,0.0029691348,0.001692173,0.0028833544,0.002494181,0.0021364365,0.002743367,0.0034198088,0.0030178637,0.0017916326,0.0018335655,0.0031956933,0.0020381324,0.0029304828,0.0033078052,0.00256357,0.99684227,0.001887162,0.0029203575,0.0021640076,0.0017955126,0.0017874656,0.0017953718,0.0017044039,0.0030473864,0.0032698219,0.002611629,0.9967496,0.0025820478,0.0017518084,0.0033795468,0.0017881221,0.0031218603,0.0022410557,0.0029097244,0.0016907373,0.003169823,0.0025769328,0.0018382077,0.002353516,0.0017019439,0.0018483868,0.0025248847,0.002306224,0.001736903,0.0016961455,0.0017237369
0.00011434145,0.9956665,0.0019057828,0.0018801639,0.0023177008,0.9952878,8.5091494e-07,0.001750596,2.1993801e-05,0.9957061,0.0020165066,0.0019140244,0.0,0.0012118667,-2.3070734e-06,0.0012602122,6.1010965e-06,0.0019087074,0.9957108,5.031276e-06,0.0007929905,0.0019875516,0.0010215624,0.00024380267,0.0010281958,0.0016095042,0.0020865381,0.00024855908,0.0013154963,0.0005856479,0.0009974652,7.418138e-06,0.002325304,0.00073202414,0.00040668366,0.0008530462,0.00075336976,0.002305184,7.4235136e-06,0.0003371628,0.00027477572,2.9664541e-05,0.00024528353,1.1995202e-05,0.0016478817,0.0016439478,0.0021382966,0.0005080045,0.0010818939,0.0009936613,0.00066910265,0.0019134886,0.0009803426,0.0022077411,0.0016737828,-4.543084e-06,0.0018931036,0.0008074641,0.0011406383,2.6310407e-05,0.0019231377,0.0020648264,0.0019554084,0.0008122311,0.0016690735,1.4799069e-05,0.0015624448,0.00082308793,1.7338205e-05,0.0012287077,0.0019029033,0.0017946094,-4.8297607e-06,3.157092e-05,0.0019953076,0.00021585294,0.0016254769,0.002263891,0.0009475615,0.9958809,-7.87224e-06,0.0016207417,0.00038049277,-9.17267e-06,2.0444326e-05,-8.049238e-06,2.6174946e-05,0.0018214518,0.002187436,0.0010117042,0.9956962,0.0009641247,1.0677182e-06,0.0023783122,3.4905897e-05,0.0007093436,0.0004688405,0.0015589317,2.0945783e-05,0.002017115,0.0010028192,-1.909742e-06,0.0006048451,-3.4863606e-06,-4.1224143e-06,0.00086808525,-8.2840625e-06,9.437731e-06,1.7385786e-05,3.20291e-05
4.1819276e-06,0.99532,0.00055824255,0.00053616276,0.00093356636,0.99555874,1.4387907e-05,0.00044394727,3.0583502e-05,0.995375,0.0006601259,0.0005513523,0.0002615601,0.0,-7.344206e-06,2.1217089e-05,1.6847874e-06,0.000572039,0.995409,8.407374e-06,1.6015065e-05,0.00062283326,8.819556e-06,-1.6716808e-06,5.3631666e-05,0.00031239746,0.00070848066,1.020891e-05,1.1460163e-05,4.480399e-05,3.3806577e-05,7.6192464e-06,0.0009293944,4.4288445e-05,-3.629528e-06,3.2216507e-05,2.3865377e-06,0.00091549015,1.8663168e-05,3.2713513e-05,3.84117e-05,2.820371e-05,3.5187525e-06,1.6593234e-05,0.00034836316,0.0003604211,0.00077142235,7.562572e-06,4.1264477e-05,4.441707e-05,4.076738e-05,0.00058760965,4.0712897e-05,0.000840324,0.00038176883,-1.7844636e-06,0.00052520365,4.5863682e-05,5.0446106e-05,2.760505e-06,0.0005856239,0.0006932659,0.000597502,-4.983718e-07,0.00036025967,-6.011089e-06,0.00026884867,2.1071117e-05,7.346796e-06,6.0365783e-05,0.00055098685,0.0004985158,-9.030638e-06,1.0339861e-05,0.0006219412,-4.0111454e-06,0.00033129906,0.0008785666,5.742078e-05,0.99547255,6.647726e-06,0.0003256195,3.3234955e-05,2.4337369e-05,2.6841939e-05,1.7368835e-05,4.4694318e-07,0.0005153288,0.00080766296,5.105223e-05,0.99538076,2.393728e-05,2.8992978e-05,0.0009812912,2.9080687e-05,2.1217775e-06,3.8008508e-05,0.00024789546,2.1076094e-05,0.0006623549,4.6613015e-05,2.051912e-06,-4.073589e-06,2.7368202e-05,2.9469153e-05,9.532951e-06,2.8598508e-05,-5.344069e-06,1.2893018e-05,-1.1260262e-05
-0.005576776,0.99485874,-0.0056983805,-0.005705533,-0.005721712,0.9945485,-0.0056183627,-0.005682235,-0.0057442593,0.99483466,-0.005717475,-0.005705321,-0.005662931,-0.0056186835,0.0,-0.0056253397,-0.0056224023,-0.0057045375,0.99482703,-0.005663479,-0.005661999,-0.0057144486,-0.0056374245,-0.005565839,-0.005614416,-0.005668186,-0.005723637,-0.0055684187,-0.005633327,-0.0055953283,-0.005621217,-0.0055623734,-0.005726161,-0.005634801,-0.005590571,-0.0056403168,-0.005631349,-0.00572408,-0.005961487,-0.0055821477,-0.0055847736,-0.005582174,-0.005574448,-0.005577727,-0.005674093,-0.005674822,-0.005718716,-0.005597818,-0.0056124274,-0.0056536025,-0.005625976,-0.005711127,-0.00564142,-0.005719392,-0.005677479,-0.0055542667,-0.005707951,-0.0056350995,-0.00561766,-0.005569846,-0.005707626,-0.005716505,-0.0057113897,-0.005647656,-0.0056738085,-0.0055745333,-0.0056690807,-0.0056404327,-0.005790031,-0.0056212177,-0.005706289,-0.005695469,-0.0056161038,-0.005579533,-0.00571395,-0.0055704624,-0.0056747934,-0.005723403,-0.005652387,0.99463147,-0.0056608,-0.0056682574,-0.005586712,-0.00558233,-0.0056038992,-0.005586298,-0.005553961,-0.0056954194,-0.0057239444,-0.0056349784,0.9948466,-0.005655384,-0.0055686035,-0.0057249325,-0.005580404,-0.00679886,-0.0055985022,-0.0056645386,-0.0055594957,-0.0057195104,-0.0056226947,-0.005577265,-0.005606039,-0.00555869,-0.0056255725,-0.005654135,-0.0058764,-0.0055497577,-0.005557099,-0.0055315713
1.2864877e-05,0.9953695,0.00081433065,0.0007743855,0.0011962432,0.9956399,7.2378333e-07,0.00069126923,7.921824e-06,0.9954312,0.0008996179,0.00080062135,0.0004972086,0.00014290084,2.1892018e-05,0.0,2.8468492e-06,0.00081833865,0.99544734,2.3766062e-05,2.8732242e-05,0.0008751723,3.593207e-05,1.1940009e-05,3.2051783e-05,0.0005446587,0.00096557726,2.0219903e-05,0.00024509628,1.2176199e-05,5.4228e-05,1.0745895e-05,0.0011881539,-1.9335007e-06,4.653732e-06,1.2469826e-05,2.2081953e-05,0.0011821872,2.2545739e-05,2.8434129e-06,-3.2142295e-06,2.4556906e-05,1.903193e-05,1.9456915e-05,0.00057836436,0.00059421343,0.0010366687,2.374541e-05,1.5668551e-05,6.361402e-06,5.4483326e-06,0.00083277636,1.0333166e-05,0.0010939268,0.0006176097,-2.7113501e-06,0.0007702698,2.0549935e-05,7.915896e-05,-6.8857457e-06,0.0008326522,0.0009536254,0.0008534762,2.772221e-05,0.0005995807,-1.2033846e-05,0.0004844602,4.187484e-05,1.575571e-06,0.00015979345,0.000788146,0.00072735327,1.1847849e-05,1.3254889e-06,0.0008761854,1.3850512e-05,0.0005544598,0.0011438804,2.581737e-05,0.9955457,3.0344425e-05,0.0005589788,-4.97885e-06,2.2983988e-05,-6.956322e-06,1.1413142e-05,1.647357e-06,0.0007571049,0.0010522705,2.1765018e-05,0.9954245,9.549004e-07,2.8729894e-05,0.0012407231,2.59893e-05,-1.1623908e-05,-3.7453683e-06,0.00048673284,8.759806e-06,0.000902279,1.5527947e-05,1.5092051e-05,2.9355833e-06,2.488681e-05,2.420831e-05,1.9293973e-05,3.1428553e-05,-4.887424e-07,7.741368e-06,-4.859025e-06
-0.00505015,0.9950977,-0.0053094723,-0.005314217,-0.005367503,0.994811,-0.004980144,-0.005279001,-0.0050617717,0.99508643,-0.005333886,-0.0053143203,-0.005251229,-0.0051864614,-0.0050214757,-0.0051946496,0.0,-0.0053126654,0.9950786,-0.005014121,-0.005181185,-0.005332374,-0.0051868814,-0.005045322,-0.0051721144,-0.0052535012,-0.0053479047,-0.005057721,-0.0052082282,-0.005109348,-0.0051784636,-0.004971692,-0.005372018,-0.0051675555,-0.0050836112,-0.0051846895,-0.0051571857,-0.005365867,-0.0052217063,-0.0050754123,-0.0050678626,-0.0049944487,-0.005053118,-0.005027856,-0.0052687624,-0.005267966,-0.005347334,-0.005110025,-0.0051679816,-0.0051973183,-0.005153969,-0.005320791,-0.0051941318,-0.005349973,-0.005274416,-0.00496034,-0.005317632,-0.0051717455,-0.0051812152,-0.0049841125,-0.005319134,-0.0053421613,-0.0053274273,-0.00519353,-0.0052663097,-0.0049893977,-0.005261335,-0.0051825154,-0.0051548327,-0.005188263,-0.0053140386,-0.0052948818,-0.004994863,-0.005042756,-0.005327036,-0.0050563416,-0.0052715917,-0.0053610713,-0.005197883,0.9949016,-0.0050191074,-0.0052576805,-0.005086887,-0.005028981,-0.004941529,-0.0050294246,-0.004966641,-0.0052965633,-0.0053584967,-0.0051841233,0.9950897,-0.005206065,-0.005004899,-0.0053719217,-0.0050366684,-0.0061014974,-0.0051040924,-0.005250539,-0.0049728714,-0.0053393776,-0.0051725474,-0.005027746,-0.00512761,-0.0049759657,-0.0050258995,-0.0051944978,-0.005202814,-0.0049784705,-0.0049542454,-0.0049287723
0.0017322991,0.9965409,0.0032717248,0.0032523654,0.003193851,0.9967413,0.0015540562,0.0030107668,0.0017870712,0.99645317,0.003042847,0.0030130816,0.0030342815,0.0028151548,0.0017964185,0.0029230567,0.0015510491,0.0,0.99646163,0.001620364,0.002272943,0.0030735873,0.0024786799,0.0018084137,0.0027020269,0.0028269445,0.0030704797,0.0018388345,0.0029492471,0.0021203437,0.0023893612,0.0014353382,0.0032146377,0.0022836607,0.0019289929,0.002302045,0.0022723235,0.0031943421,0.002128108,0.0018975617,0.001845297,0.0014713277,0.001835842,0.0015953837,0.0031741553,0.0031486794,0.0034031454,0.0020852364,0.0024251516,0.0024145178,0.002193789,0.0034438667,0.0023508095,0.003109774,0.0028485607,0.0014435796,0.0032506462,0.00229173,0.0024766831,0.0015345969,0.0032581715,0.00315213,0.0033122357,0.0023494328,0.0031437485,0.0014334137,0.0030604182,0.0022919946,0.0019085903,0.0028107716,0.0033217142,0.0031896771,0.0015482892,0.0015911848,0.003131062,0.0018094605,0.003137872,0.003179523,0.0026829217,0.9965664,0.0016512172,0.0030799892,0.001934791,0.0015394015,0.0015371701,0.0015322388,0.0014576962,0.003204695,0.0031580385,0.0024584378,0.9964628,0.0023967405,0.0014957993,0.0032573706,0.001543107,0.0029183617,0.0020136312,0.0030363132,0.0014337763,0.003337044,0.0023734435,0.0015878488,0.0021587373,0.0014538994,0.0016097223,0.002316108,0.0020802375,0.0014899627,0.001450073,0.0014752244
-0.0026892892,0.998612,-0.0030598792,-0.0030798307,-0.0031791343,0.99817187,-0.0027991666,-0.0030348643,-0.0029685872,0.9987324,-0.0031130733,-0.0030613365,-0.0029861273,-0.0029389937,-0.002915782,-0.0029358105,-0.0028260292,-0.0030562133,0.0,-0.0028142252,-0.0028861512,-0.003101684,-0.0029008125,-0.0027366984,-0.0028913224,-0.0030133952,-0.0031270173,-0.0026997917,-0.0029652826,-0.002803767,-0.002912761,-0.0026508665,-0.0031900269,-0.002838927,-0.0027864696,-0.00286388,-0.002826831,-0.0031950385,-0.0030984555,-0.0027895584,-0.0027693433,-0.002686009,-0.0027328723,-0.0026830144,-0.0030256337,-0.0030236507,-0.003116045,-0.0027942904,-0.0028757616,-0.002896735,-0.002789335,-0.0030785105,-0.0028617587,-0.0031239425,-0.0030300717,-0.0026843157,-0.0030839676,-0.0028417099,-0.0029197729,-0.0027299516,-0.0030674129,-0.003096892,-0.0030960164,-0.002852667,-0.0030563711,-0.0026294086,-0.0029885126,-0.002842074,-0.0030019558,-0.0029339257,-0.003057962,-0.0030482893,-0.0028113301,-0.0026827264,-0.0030907656,-0.0027360956,-0.003003495,-0.0031597905,-0.0029162583,0.99835163,-0.0028571747,-0.0030159415,-0.0027360925,-0.002667137,-0.002775134,-0.0026784688,-0.002669892,-0.0030587974,-0.003153053,-0.0029053406,0.9986869,-0.0028721166,-0.0026651886,-0.0032212748,-0.0026371782,-0.003341001,-0.002789317,-0.0030022413,-0.0027033957,-0.0030970105,-0.0028829768,-0.0026780353,-0.0028145958,-0.0026762027,-0.0027871719,-0.002864275,-0.0030591919,-0.0026723682,-0.0027099485,-0.0027088912
-0.00523584,0.99502045,-0.005447582,-0.0054498985,-0.0054893917,0.99472815,-0.0052413647,-0.005421216,-0.0053272583,0.9950045,-0.005469014,-0.0054526753,-0.005395867,-0.00533932,-0.005289234,-0.005348093,-0.0052236477,-0.0054508024,0.99499804,0.0,-0.0053632692,-0.0054689003,-0.0053442083,-0.005241992,-0.0053253076,-0.0054018414,-0.005475403,-0.0052397773,-0.005360017,-0.005278686,-0.005341161,-0.0051968107,-0.0054935426,-0.0053326744,-0.005260169,-0.0053486153,-0.0053237067,-0.0054900046,-0.005515436,-0.0052524456,-0.005258784,-0.005224022,-0.0052359994,-0.005233256,-0.0054097027,-0.005409499,-0.0054762075,-0.005283092,-0.005325408,-0.0053625545,-0.0053190803,-0.005455564,-0.0053505753,-0.0054830937,-0.005414946,-0.0051796064,-0.0054560085,-0.005333046,-0.0053360723,-0.0051966547,-0.005456499,-0.005473164,-0.005459768,-0.005353025,-0.005409574,-0.005195429,-0.00540438,-0.0053424486,-0.005366411,-0.0053419233,-0.005450994,-0.0054359958,-0.005217188,-0.005228586,-0.005462325,-0.0052393377,-0.0054109283,-0.005486591,-0.005365289,0.9948032,-0.0052564167,-0.0054017985,-0.005251039,-0.005231093,-0.0052098413,-0.0052356333,-0.0051790965,-0.0054375893,-0.0054832892,-0.0053435173,0.99501157,-0.0053622075,-0.005216035,-0.005493005,-0.0052222423,-0.0063735456,-0.005278294,-0.005396491,-0.005192513,-0.00547279,-0.005329902,-0.0052269166,-0.0052989097,-0.005174849,-0.00522564,-0.005357442,-0.0054691904,-0.005179664,-0.0051733484,-0.005159928
-1.8282504e-05,0.99462616,-0.0019609616,-0.0019519243,-0.0022980701,0.9944227,-3.341454e-05,-0.0016459003,-1.3869586e-05,0.9946002,-0.0021903752,-0.0019530703,-0.0013190492,-0.00093151873,1.2978339e-05,-0.0010262383,4.2832716e-07,-0.0019538098,0.99459463,1.2101498e-06,0.0,-0.0019449693,-0.0006029479,4.8215043e-06,-0.00074231153,-0.0014022307,-0.0021715334,-2.5121844e-05,-0.0011636047,4.4532786e-07,-0.0008623801,9.33602e-06,-0.0023419913,-3.589235e-05,2.3183642e-05,-0.0001965893,-1.7371945e-05,-0.0024252778,-1.513084e-05,-4.0522224e-05,-3.867614e-06,4.1936455e-06,1.6582471e-05,-4.1757703e-05,-0.0014681956,-0.001425424,-0.0023137562,-4.1365206e-06,-0.0007163995,-0.0004303928,1.4057006e-05,-0.0018888847,-0.0005423523,-0.0022887057,-0.0014974924,-2.1341151e-05,-0.0019280836,-0.0002180603,-0.0008523505,1.9978526e-05,-0.0017282638,-0.0022212653,-0.0020127345,-0.0002769674,-0.001416557,6.4175333e-07,-0.0013233536,-0.00018519463,-1.4518336e-05,-0.0009721812,-0.0019230434,-0.0017410262,1.22972e-05,-7.659449e-06,-0.0019574312,-1.5813459e-05,-0.0014006123,-0.00237768,-0.0004653901,0.99446076,6.3540206e-06,-0.0013749977,1.9484305e-06,-2.0613707e-05,-1.0621507e-05,-2.0057132e-06,1.9021367e-05,-0.0017467078,-0.0023860498,-0.000606294,0.99462026,-0.0005386192,-2.8924262e-05,-0.0023722444,-8.39476e-06,-1.8751756e-05,2.6950183e-06,-0.0013572865,1.0023029e-05,-0.0020491984,-0.0006666757,-3.4433866e-05,-1.39206995e-05,-2.2856071e-05,-9.996135e-06,-0.00022775296,-1.1483151e-05,-1.4304169e-05,2.2754202e-06,-9.211352e-06
0.0025067595,0.99753463,0.0034976816,0.003499568,0.0036805926,0.99757904,0.002365772,0.0034120933,0.002559494,0.9973497,0.0035689764,0.003512164,0.0033147573,0.0031409229,0.0025652328,0.0031740016,0.0023525509,0.0035168554,0.9973721,0.0024089515,0.0029648223,0.0,0.0030674022,0.0025707595,0.0030588375,0.0033380329,0.0035911847,0.002575857,0.0032007971,0.0028103907,0.0030631903,0.00225481,0.0036931918,0.002935049,0.0026686434,0.002990747,0.0029294882,0.0036845005,0.0028886548,0.0026383728,0.0026020478,0.0022984515,0.0025773912,0.0024052723,0.0033802118,0.003368949,0.0036063003,0.0027853532,0.0030664643,0.003060602,0.0028924313,0.0035201241,0.0030383137,0.003630108,0.0033740269,0.0022583457,0.003516644,0.0029641206,0.0031158703,0.002324079,0.0034974886,0.003583182,0.0035491565,0.0029954822,0.003382258,0.0022559648,0.0033227862,0.0029836053,0.0026729114,0.0031579928,0.0034974348,0.0034291171,0.0023520167,0.0023937372,0.0035553493,0.0025695693,0.0033632757,0.00366195,0.0030591153,0.9974111,0.0024321412,0.0033455326,0.0026686338,0.0023645137,0.0023432774,0.0023595786,0.0022647288,0.0034597986,0.0036406792,0.0030543334,0.99740183,0.003052648,0.0023223155,0.003715859,0.0023558268,0.003619989,0.0027463257,0.0033258924,0.0022596635,0.0035679108,0.0030471396,0.0023833213,0.0028542469,0.0022644957,0.002394626,0.0030074771,0.0028314395,0.002285434,0.0022534889,0.002271663
8.99992e-06,0.99476147,-2.3313429e-05,-2.4536455e-05,-2.5762993e-05,0.9948223,-3.7244931e-06,-3.9052643e-06,-1.0200696e-05,0.9947717,-2.4626266e-05,-5.275006e-06,4.5062725e-06,5.836716e-06,-3.906348e-06,1.5758014e-05,-2.4890545e-05,-2.164753e-05,0.99473786,-2.0552973e-06,-2.4482919e-05,-2.189843e-05,0.0,1.4753668e-05,1.35839655e-05,-1.7688553e-05,-8.974164e-06,1.4624146e-05,-7.1473582e-06,9.0871645e-06,-2.0300087e-05,-2.12558e-05,-2.6919619e-05,1.6971177e-05,-1.7897048e-05,-2.7012875e-05,-6.346116e-06,-3.495525e-05,-2.1888658e-05,2.3446912e-06,-1.7962386e-05,3.2670985e-06,-6.708906e-06,8.2119395e-06,-5.249801e-06,-2.4409604e-07,1.8182469e-06,4.820228e-06,7.5103867e-06,-3.075613e-05,1.6112808e-05,-2.0319401e-05,1.1214278e-05,-2.1559941e-05,-1.2165511e-05,-1.5242496e-05,3.2442342e-06,1.3833406e-05,-2.822993e-06,-2.4202198e-05,-5.8511405e-06,2.4304366e-06,2.2776861e-07,-9.355342e-06,8.107997e-06,-1.934651e-05,-2.4103787e-05,6.6475977e-06,1.01949345e-05,-2.2300554e-05,-4.3052487e-06,-2.8233731e-05,6.0893194e-06,6.2348154e-06,-2.0453726e-05,-1.12856576e-07,-3.1628526e-05,-2.1719863e-05,-2.4792353e-05,0.99478436,1.8326486e-05,2.3871914e-07,-2.3304145e-05,-2.8118131e-05,-2.4172683e-05,-1.4320421e-05,-2.3162622e-05,-5.5287674e-06,7.105289e-07,-2.8990542e-05,0.9947643,1.2278171e-05,-1.7004048e-05,-3.675471e-05,5.5059695e-06,1.257264e-06,8.567167e-06,-4.4754597e-06,-2.5466752e-05,1.34062475e-05,-5.0637736e-06,-1.461426e-07,-1.5134764e-05,-1.4150936e-05,1.3703838e-05,-2.0844871e-05,-4.249166e-06,-2.5355499e-05,-8.9092755e-06,9.698047e-06
-0.0009433115,0.99522114,-0.0037278435,-0.0037485855,-0.004134876,0.9950271,2.0581327e-05,-0.0035363447,-2.5840287e-05,0.995224,-0.0038705687,-0.0037461447,-0.0034021093,-0.0031006425,-9.745211e-06,-0.0031351452,-9.536194e-06,-0.0037378822,0.99521893,5.935817e-06,-0.002687482,-0.003845734,-0.00282099,0.0,-0.0029653914,-0.0034363924,-0.0039258073,-0.0010493903,-0.003230863,-0.0019919216,-0.002949118,6.467671e-06,-0.004129387,-0.002424705,-0.0015219655,-0.0025378175,-0.0024194133,-0.004096227,-1.383847e-05,-0.001431923,-0.0011733567,-7.027471e-05,-0.0010560252,-0.0006742306,-0.0034987219,-0.0034942003,-0.0039597508,-0.0019437831,-0.0029238965,-0.002779904,-0.002309334,-0.0037265318,-0.0028220692,-0.004020274,-0.0035089983,-2.3211905e-05,-0.0037517082,-0.0024874322,-0.0030534891,-1.0387352e-05,-0.0037452516,-0.0038854736,-0.0038115226,-0.002564227,-0.0034998346,-5.413465e-05,-0.0034560235,-0.0025255012,2.065926e-06,-0.003094191,-0.003723947,-0.0036151675,-8.2872075e-06,-0.0005010634,-0.0038077724,-0.0011147457,-0.0034999086,-0.0040386305,-0.0027874543,0.9950878,-2.4683353e-05,-0.0034662893,-0.0014014608,-0.00038336325,-1.3167293e-06,-0.00055229967,-2.1563716e-05,-0.003629904,-0.004017175,-0.00282505,0.9952257,-0.0028228075,-0.00018619328,-0.0041619823,-0.00034621696,5.7093534e-06,-0.0019333771,-0.0034077503,-1.5586491e-05,-0.0038772365,-0.0028761008,-0.00051106064,-0.0021204613,2.4187115e-05,-3.8286955e-05,-0.0026599327,-5.7572415e-06,-9.639116e-06,-4.532226e-05,-8.72575e-06
-1.4189758e-05,0.99513274,2.6561112e-05,2.2588451e-06,4.377514e-05,0.9953255,1.7621504e-05,-9.536692e-06,9.786192e-06,0.99518514,1.45064705e-05,5.622963e-06,2.0391819e-05,-1.9011813e-06,1.5875701e-05,3.4106502e-05,1.3655072e-05,2.5757707e-05,0.9952067,5.910794e-06,-3.202052e-06,4.034237e-05,-2.8182162e-06,-4.518322e-06,0.0,2.0360421e-06,2.8682369e-05,2.1123566e-05,1.4460907e-05,7.5046364e-06,-1.047348e-06,2.322006e-05,3.0027046e-05,2.7297705e-05,2.0263187e-05,1.9564259e-05,-1.22617375e-05,4.0113504e-05,1.2086767e-05,2.9084003e-05,-1.1034678e-05,2.6602618e-05,2.201395e-05,-5.4025224e-07,1.9473968e-05,3.4362332e-05,2.7832395e-05,2.7052669e-05,1.0872753e-05,3.077596e-05,-1.3392105e-05,-3.6996757e-06,3.6097204e-05,1.9783845e-06,8.262189e-07,1.1868095e-05,4.3232438e-05,3.300498e-05,8.54975e-06,-1.5117402e-05,4.3922082e-05,4.5712117e-05,4.1821404e-05,3.4985853e-05,3.8532067e-05,1.5791735e-05,1.9740128e-05,-3.2985936e-06,2.5746997e-06,1.3898098e-05,7.0096885e-06,1.2712969e-05,-6.20531e-06,1.2879869e-05,-7.1354034e-06,-2.2039542e-07,1.0023311e-05,1.4082163e-05,-8.431502e-06,0.99527156,8.813698e-06,1.3014669e-05,1.9097808e-05,2.4121437e-05,2.3363971e-05,1.4729239e-05,2.7321923e-05,2.0115283e-05,2.1526075e-05,3.516537e-05,0.9951894,-5.6338986e-06,-1.3773623e-06,1.4064729e-05,-1.6126898e-05,2.289208e-05,1.5300546e-05,1.1672625e-05,-1.1658533e-05,1.079817e-05,3.10431e-05,7.8390885e-06,-6.3182574e-06,3.7054144e-06,-2.322948e-06,2.9219931e-05,1.9738865e-05,1.0122216e-05,-7.27854e-06,1.4606942e-05
0.00027673537,0.9957341,0.0020644362,0.0020249279,0.0024437974,0.99535155,3.6487857e-06,0.0019029622,-3.7963198e-06,0.99576795,0.0021589098,0.0020621866,0.0016970781,0.0013566315,3.417919e-05,0.0014098485,5.72645e-06,0.002068551,0.9957977,5.801535e-06,0.0008886481,0.002131913,0.0011841604,0.0003676565,0.0011848017,0.0,0.0022234763,0.00042435058,0.0014589796,0.0007814319,0.0011337331,1.4678997e-06,0.0024617633,0.00089428906,0.0005548571,0.0010129842,0.00092122814,0.0024380435,5.0766743e-05,0.00050199736,0.00041455883,2.395129e-05,0.0004139059,0.000105111285,0.0017945729,0.0017936607,0.0022812362,0.0006547004,0.0012265263,0.0011373353,0.00082803774,0.0020548059,0.0011452392,0.0023509618,0.0018481297,1.3588194e-05,0.0020361736,0.0009786364,0.0013029205,-3.6451609e-06,0.002034194,0.0022165657,0.0021122077,0.0009865102,0.0018079139,1.7450193e-05,0.0017061649,0.0009912112,-1.1351359e-05,0.0013916,0.0020243633,0.001950282,2.2092492e-05,0.00011243155,0.0021524576,0.00039223512,0.0017719025,0.0024153641,0.0010849345,0.99552757,2.1130356e-05,0.0017624659,0.00057312363,2.757383e-05,1.5566584e-05,1.9214009e-05,1.56412e-05,0.0019692986,0.0023278494,0.0011711668,0.9957642,0.0011338351,-2.4932156e-06,0.0025170809,4.303397e-05,0.00088671775,0.00062632863,0.0017153833,6.584349e-06,0.0021657033,0.001174106,0.00010144101,0.0007637611,2.4684346e-05,6.6313e-07,0.0010286077,5.230904e-05,-2.598295e-06,-6.3570546e-06,4.4692487e-07
0.003054096,0.9983733,0.0038946446,0.0038986593,0.0040387358,0.9982459,0.0029327918,0.0038177092,0.0031174654,0.99811846,0.003952002,0.003911992,0.003739186,0.0035840904,0.0031104614,0.003613367,0.0029226723,0.003908279,0.9980972,0.0029700757,0.003459737,0.0039461236,0.0035286474,0.0031082719,0.003519102,0.00375636,0.0,0.0031092237,0.00363773,0.0033075446,0.0035175534,0.002841225,0.0040513943,0.0034265846,0.003192199,0.003473849,0.003422056,0.004040924,0.003429389,0.0031619705,0.0031333559,0.0028768976,0.0031161422,0.0029717963,0.0037878677,0.0037809035,0.003984205,0.00328876,0.0035235127,0.0035286827,0.0033894375,0.003912555,0.003511491,0.0040077125,0.0037814316,0.0028369867,0.0039125625,0.0034490032,0.003562954,0.0028796364,0.0038997352,0.003970408,0.003934812,0.0034777226,0.0037929837,0.002836104,0.0037444183,0.0034617211,0.0032179006,0.0036018235,0.0039014048,0.00383327,0.0029146192,0.0029641164,0.00394662,0.003099389,0.0037756232,0.0040320028,0.0035290713,0.9980659,0.0029919643,0.0037609264,0.0031943019,0.0029371714,0.0029059006,0.0029356186,0.0028370293,0.0038584804,0.004011929,0.0035228156,0.998182,0.0035247162,0.002904578,0.0040683695,0.0029280689,0.0041164295,0.0032578926,0.003746972,0.002840376,0.003955079,0.0035141704,0.0029592777,0.003350037,0.0028341608,0.0029500807,0.00348451,0.0033641309,0.0028602572,0.0028205374,0.0028389695
-0.001208117,0.9952106,-0.0036220134,-0.0036690815,-0.0040677735,0.99502194,5.0909803e-06,-0.0034154332,6.0856823e-06,0.99521613,-0.003790544,-0.0036608882,-0.0033198094,-0.003010135,-2.7391869e-05,-0.0030456623,-1.190265e-05,-0.0036498327,0.9952071,1.5822794e-05,-0.0028260583,-0.003764637,-0.0027044131,-0.0013492702,-0.002876563,-0.003329551,-0.0038519353,0.0,-0.00314509,-0.0017812912,-0.0028952966,2.413569e-05,-0.004058486,-0.002355915,-0.0018194664,-0.0023915155,-0.0023155787,-0.004021889,1.3691616e-05,-0.0017147246,-0.0014334174,-0.0003322326,-0.001052634,-0.0009018747,-0.0034127436,-0.003410712,-0.0038708255,-0.0018774262,-0.0028450948,-0.0026911327,-0.002212754,-0.0036468976,-0.002701235,-0.003945214,-0.0033841282,-5.6086367e-07,-0.003668333,-0.0023396043,-0.0029691907,-9.866519e-06,-0.003690718,-0.003790984,-0.0037318855,-0.0024272518,-0.0034220237,-3.9873812e-05,-0.003365592,-0.002421188,-2.095024e-05,-0.0029864134,-0.0036601813,-0.0035241523,-1.1976024e-05,-0.00054393447,-0.003719391,-0.0013667069,-0.0034247532,-0.003950091,-0.0027325894,0.9950693,1.7864546e-05,-0.0033705945,-0.0013689987,-0.0006805267,-1.32539635e-05,-0.0008770582,-2.1148471e-05,-0.0035348726,-0.003933722,-0.0027048711,0.99521464,-0.0026870212,-0.0003841518,-0.004087754,-0.00048902567,2.614988e-06,-0.001826895,-0.003322421,-2.2691953e-05,-0.0037981907,-0.0027555136,-0.00062535645,-0.002040763,-2.9223178e-05,9.778087e-06,-0.002551625,-1.14049135e-05,-1.5720957e-06,4.031299e-07,5.5521436e-06
2.3528197e-05,0.9954344,0.0011225002,0.0011216382,0.0015802138,0.9957269,-3.868907e-06,0.000998566,3.1302714e-06,0.9954774,0.0012601124,0.0011353871,0.0007983769,0.00044797952,1.5113403e-05,0.000494888,2.1707916e-05,0.0011317178,0.9955053,-3.973131e-07,2.1959719e-05,0.001239119,0.00026226812,3.8717983e-05,0.00027279125,0.0008371523,0.0013158811,2.7718685e-05,0.0,1.0619238e-05,0.0003213798,-7.6141765e-07,0.0015799812,4.5455734e-05,1.0215442e-05,9.1265036e-05,5.4048272e-05,0.0015624067,3.7267866e-06,1.611754e-05,-6.753251e-06,3.0728228e-05,2.774377e-05,1.3661426e-05,0.0008949298,0.0009056688,0.0013997757,1.5894176e-06,0.00031155138,0.0002340484,2.460742e-05,0.0011777559,0.00022728043,0.0014541411,0.0009234417,1.705431e-05,0.0011298629,4.0821822e-05,0.0003732688,1.7007196e-05,0.0011594122,0.0012946156,0.0012277659,6.894213e-05,0.0009209449,-6.262953e-06,0.00081622973,6.8487236e-05,-4.6745927e-06,0.00045192344,0.0011391495,0.0010542314,1.6294698e-05,2.1421107e-05,0.0012065765,2.3186978e-05,0.0008843445,0.0015033032,0.00023645101,0.9956116,1.0546494e-05,0.00087342574,-3.6756112e-06,2.2570563e-05,3.4360368e-05,3.414181e-05,1.5105672e-05,0.0010778419,0.001439196,0.00024749935,0.99546623,0.00021912769,3.755877e-05,0.0016347966,1.7081396e-05,8.708861e-06,1.7188411e-05,0.00079342385,3.6685367e-06,0.0012659826,0.0002443753,1.6020696e-05,3.593962e-05,7.428683e-07,2.6785976e-05,0.00011748753,-4.3038704e-06,1.9743823e-06,1.9399965e-06,-1.5946805e-06
5.395593e-07,0.9949413,-0.0027789734,-0.0028531542,-0.0035230354,0.9947554,-1.0448261e-05,-0.0023769233,8.89266e-06,0.99493355,-0.0030683978,-0.0028343836,-0.0022622761,-0.0018753646,-8.023714e-06,-0.0019475425,-3.010885e-05,-0.0027982001,0.9949253,1.1441691e-05,-0.0011417259,-0.0030264445,-0.0014250076,8.0264535e-06,-0.0016989667,-0.002226217,-0.0031581963,1.3138445e-05,-0.0021107986,0.0,-0.0017730949,-4.3210097e-05,-0.003511822,-0.00087639916,-3.360504e-05,-0.0009830274,-0.0008508925,-0.0034436183,-2.40041e-05,-2.677351e-05,-2.6335425e-05,1.7622142e-05,-1.863689e-05,-5.0101975e-05,-0.0024036928,-0.0023896187,-0.0032110235,-0.0003158658,-0.0016154017,-0.0013546572,-0.00069296814,-0.002821043,-0.0013867704,-0.0032926267,-0.00231883,5.1899056e-06,-0.002879992,-0.00084727677,-0.0018092004,3.7348334e-06,-0.0028757362,-0.003057518,-0.0029622593,-0.0010374914,-0.0024016032,-4.4487956e-06,-0.0023374073,-0.0009616889,1.31770785e-05,-0.0018516231,-0.0028620965,-0.002525884,-2.4591593e-05,1.390285e-06,-0.0029107728,1.0139136e-06,-0.0024167632,-0.0033198844,-0.0014776174,0.9947966,-5.37475e-06,-0.0023355049,-3.803225e-05,-2.7589387e-05,-3.2815733e-05,-1.43159195e-05,-2.7560869e-05,-0.0026275944,-0.0033137521,-0.0013940162,0.99493533,-0.001364381,6.8798986e-06,-0.0035720328,-5.441341e-06,-2.0984759e-05,-0.00021804469,-0.002250991,-3.54978e-05,-0.0030826835,-0.0014835497,-4.1460517e-05,-0.00048575283,-3.708629e-05,-1.8411893e-05,-0.0011554125,9.961517e-06,4.6960836e-06,-3.7562786e-05,1.38571895e-05
1.9768884e-05,0.99498326,-1.0710667e-05,1.9859488e-05,2.5953277e-05,0.9951243,4.0396662e-06,1.530676e-05,-1.3918754e-05,0.9950114,1.1302645e-05,1.6943426e-05,1.8861034e-05,8.564726e-06,1.5350332e-05,1.9769826e-05,5.287986e-06,2.2743989e-05,0.9950306,3.7231832e-06,-1.9437437e-05,3.0289162e-05,1.1872906e-05,1.3334314e-05,-6.8894497e-06,2.4839257e-05,1.880479e-05,-1.7622408e-05,1.5669199e-05,7.7679323e-07,0.0,1.7707527e-05,8.083597e-06,3.041938e-06,6.646449e-06,1.0106594e-05,1.0500688e-05,-1.1202997e-06,-1.3862426e-05,1.0774911e-05,1.6231632e-05,-3.9998286e-06,-2.3340483e-06,6.0569573e-06,2.81291e-05,7.592737e-07,6.2777553e-06,2.3525815e-06,-5.0497997e-06,-1.1385697e-06,-4.3174273e-06,-7.211114e-06,2.3395201e-05,1.7249236e-05,-1.380767e-05,1.8961817e-05,1.201291e-05,6.9372545e-06,-1.659544e-05,1.2453365e-05,9.747647e-06,1.1135779e-05,2.6999878e-05,-4.9651144e-06,-2.3299988e-06,-1.0686972e-05,1.9822386e-05,3.410012e-06,-1.5096336e-05,5.2905357e-06,-5.2010814e-06,4.53951e-06,-1.5196166e-05,1.38735595e-05,2.610727e-05,-7.851814e-06,-6.478903e-06,2.9100383e-05,1.9274378e-06,0.9950912,6.5283994e-06,-2.0120893e-05,5.4695533e-06,-1.1298707e-05,-4.6738487e-06,-3.9333077e-06,-7.791081e-06,5.887833e-06,-4.280217e-06,-1.0584733e-05,0.9950101,1.1998263e-05,-1.8583876e-05,1.6735572e-05,-1.8903684e-05,-2.0285255e-05,-2.1185765e-06,1.7427154e-05,2.1690055e-05,2.7283884e-05,-6.520356e-06,-1.1153547e-05,-9.940089e-06,1.6988186e-05,1.8734905e-05,1.5897314e-05,-4.1729213e-06,-5.0092017e-06,2.1845875e-05,3.6346792e-06
-0.0031148319,0.99535245,-0.00446282,-0.004469085,-0.0047104964,0.9951312,-0.0020113045,-0.00433832,-0.0016804979,0.9953626,-0.0045445636,-0.0044594244,-0.0042590615,-0.004055514,-0.0016736831,-0.004084345,-0.0018318355,-0.0044666785,0.9953613,-0.0018409067,-0.0038464104,-0.0045288317,-0.0039439118,-0.0031768722,-0.0039931494,-0.004264913,-0.0045875586,-0.0031854704,-0.004127215,-0.0035366411,-0.003961713,0.0,-0.004706012,-0.0037513617,-0.0033964943,-0.0038391503,-0.0037356326,-0.0046852008,-0.0016409791,-0.003346611,-0.0032849254,-0.0026403717,-0.0031797849,-0.0028767379,-0.004325936,-0.0043176357,-0.0046029426,-0.0035181025,-0.0039649783,-0.003933472,-0.003697724,-0.0044578975,-0.0039570183,-0.0046241237,-0.004312095,-0.0023058434,-0.004472517,-0.003778352,-0.004042197,-0.0022240586,-0.004465477,-0.0045611067,-0.0045082993,-0.0038411797,-0.0043076416,-0.0025331199,-0.00428128,-0.003838957,-0.0016086726,-0.0040662386,-0.004460948,-0.004391889,-0.0020092912,-0.002901949,-0.0045005027,-0.0032002444,-0.0043207807,-0.004648465,-0.003925517,0.9952119,-0.0018421554,-0.004287761,-0.0033483324,-0.0028583934,-0.0018668949,-0.0028940446,-0.0023301032,-0.0044011893,-0.0046329293,-0.00393973,0.99536186,-0.0039439197,-0.002759854,-0.004722463,-0.0028625592,-0.0015041605,-0.0035021761,-0.004250815,-0.00245893,-0.0045533255,-0.003951754,-0.0028907906,-0.0036150026,-0.0022560325,-0.0019608843,-0.0038850233,-0.001545261,-0.002455608,-0.0021903303,-0.0021361015
0.004215103,1.0010221,0.0047217645,0.004727441,0.004800098,1.0003567,0.004157587,0.0046758363,0.004301595,1.0005465,0.004758161,0.0047334414,0.0046261735,0.004520684,0.004292696,0.0045412667,0.00414679,0.004730867,1.0004759,0.0041839997,0.004462825,0.004757899,0.004502121,0.0042501106,0.0044826725,0.0046343063,0.004769588,0.0042383247,0.0045585786,0.004357567,0.0044891825,0.0040894104,0.0,0.0044467286,0.0042809476,0.004479735,0.0044418126,0.004810611,0.004571198,0.0042643277,0.0042537665,0.004107732,0.004249505,0.0041711484,0.0046595014,0.004655537,0.0047757057,0.0043608407,0.0044836076,0.004510896,0.0044261897,0.004741217,0.0044964547,0.0047864527,0.0046504093,0.0040831883,0.0047405986,0.0044603716,0.0045047407,0.004098738,0.0047314647,0.004768957,0.0047538322,0.0044860556,0.0046605417,0.0040824376,0.0046305135,0.0044757472,0.004386146,0.004524744,0.004728684,0.004681727,0.0041466816,0.00416765,0.00475615,0.0042394353,0.0046475017,0.0048051775,0.0045167007,1.0001862,0.0042004194,0.00463437,0.0042920923,0.0041566277,0.004127802,0.0041532344,0.004078019,0.0047066966,0.004794451,0.004492435,1.0007113,0.0045167585,0.0041384203,0.004818479,0.0041485676,0.0051446776,0.004333766,0.004631778,0.0040815487,0.00476356,0.004489685,0.0041569574,0.004400611,0.004069975,0.004169284,0.0044847005,0.0045088776,0.0040966384,0.004060444,0.004072067
8.883966e-06,0.99465674,-0.0020133562,-0.0019996897,-0.0027887477,0.9944572,-6.498573e-06,-0.0015920975,-2.015212e-05,0.99463874,-0.0023042287,-0.0020170473,-0.0013550028,-0.00090307556,-2.2724944e-05,-0.0009794676,-3.2019154e-05,-0.0019891353,0.9946305,2.3189355e-06,-3.5769393e-05,-0.0021802795,-0.00046183815,-4.6663732e-05,-0.00071111816,-0.001387102,-0.0023675638,-3.9531802e-05,-0.0010939118,-4.2326486e-05,-0.00072693446,-2.6011588e-05,-0.0027924222,0.0,-5.535287e-07,-2.1946944e-05,-6.0797043e-05,-0.0026808232,-1.8040628e-05,-1.0274801e-05,-2.2686527e-05,-5.1996913e-06,-2.066086e-05,-5.1817973e-05,-0.0015368437,-0.0015148799,-0.002411914,-1.0359439e-05,-0.00064407976,-0.0003590572,-5.8207806e-05,-0.001979613,-0.00043551283,-0.0025393385,-0.0015264519,4.596133e-06,-0.0020735695,-2.458999e-05,-0.0008306457,-7.936121e-06,-0.0019915516,-0.0022345588,-0.002106874,-6.358071e-05,-0.0015277053,-4.135204e-06,-0.0014311116,-6.8017716e-06,1.434945e-05,-0.00090737187,-0.0019301797,-0.0017305353,1.2322313e-05,-4.0081777e-05,-0.0020755553,-4.8911985e-05,-0.0015532555,-0.0025858711,-0.0004529167,0.9945054,-1.3286154e-05,-0.0014727684,-3.0800475e-05,-3.6550908e-05,-1.7374105e-05,-4.513384e-05,-5.4866287e-06,-0.001794977,-0.0025441102,-0.00048190288,0.99464697,-0.00041437068,-2.6583164e-05,-0.0028597994,-2.5962931e-06,-1.324705e-05,-5.6480854e-05,-0.0013693912,8.235977e-06,-0.0022394515,-0.0005593073,3.5975354e-06,-3.3115546e-05,-2.3254881e-05,1.18753e-05,-0.00015067961,-1.8473107e-05,-2.8567767e-05,-3.7003563e-05,-3.6113674e-05
-5.2882428e-05,0.99507916,-0.0032103108,-0.0032335778,-0.0039443886,0.9948876,-2.2757497e-06,-0.0029251394,1.6715061e-05,0.995075,-0.0034069486,-0.0032278337,-0.002746407,-0.002361071,1.6361206e-06,-0.0024134456,-1.2100443e-05,-0.0032083255,0.99506897,-1.7019627e-05,-0.0014485271,-0.003380991,-0.0019614797,-0.00013147548,-0.0021836893,-0.0027819362,-0.0034953442,-0.00013437176,-0.002561999,-0.0009984868,-0.002193637,-3.4721743e-05,-0.003946885,-0.0013968239,0.0,-0.001803822,-0.0013970232,-0.0038899216,1.8228278e-05,-0.0005456412,-0.0002560439,-3.7679798e-05,-8.752967e-05,-3.929682e-05,-0.0029019043,-0.0028864683,-0.003535948,-0.0010277074,-0.0021129695,-0.0018598808,-0.0012590783,-0.00320187,-0.001949113,-0.0036141807,-0.0028787183,2.2659844e-06,-0.0032416172,-0.0016953553,-0.0022932934,-2.8873952e-05,-0.0032150587,-0.003424593,-0.0033312715,-0.001615821,-0.002891713,-7.004669e-06,-0.0028179102,-0.0015430998,6.5937996e-07,-0.0023652515,-0.003213846,-0.0030300887,-3.385355e-05,-3.915563e-05,-0.0033009117,-0.0001717067,-0.002897434,-0.0036457228,-0.001958305,0.9949384,-1.9750547e-05,-0.0028424882,-0.00046175305,2.2996694e-05,-1.49105645e-05,-5.8887986e-06,-1.9384191e-07,-0.0030697407,-0.0036116142,-0.0019630587,0.99507827,-0.0019365788,-2.1424608e-05,-0.0039921096,-8.651295e-08,-1.6693959e-05,-0.00096056046,-0.0027632024,5.0456483e-06,-0.00341351,-0.0020359897,-6.0354864e-06,-0.0012349944,7.4421505e-06,-1.8103945e-05,-0.0017072138,1.2342488e-05,1.049596e-05,-1.7479171e-05,2.1878602e-06
-1.0868899e-05,0.99453473,-0.0013569727,-0.0014077335,-0.0021414603,0.99433655,-1.5303422e-05,-0.0009837858,-2.4064899e-05,0.9945116,-0.0015798141,-0.0013928129,-0.0009009907,-0.0005732148,-5.451341e-07,-0.00056009134,-1.4997931e-05,-0.0014004633,0.9945026,-2.6494286e-05,1.3393999e-05,-0.0015425113,-0.00017730928,-3.37521e-05,-0.0004059947,-0.0008918972,-0.0017295546,-3.0237725e-05,-0.00073414796,3.0746778e-06,-0.00047650404,8.98579e-06,-0.002165243,-4.999343e-05,-4.442881e-05,0.0,-3.335708e-05,-0.0020725962,-2.526271e-05,1.420687e-05,-4.4434887e-07,1.8544966e-05,-4.117615e-05,-4.1283536e-05,-0.0010262566,-0.0010018877,-0.001754782,-2.925338e-05,-0.00035356692,-0.00012012964,-3.9050024e-05,-0.0014344981,-0.00014766755,-0.0019388377,-0.00096091913,-2.939169e-05,-0.0013770285,-1.3229522e-05,-0.0005385839,1.6160398e-05,-0.0014551267,-0.0015962332,-0.0014844332,-3.1803433e-05,-0.0010010164,-2.9390934e-05,-0.0010286926,-2.729716e-05,-1.3047487e-05,-0.00055885955,-0.0013889101,-0.0011719097,6.8047357e-06,-2.1335682e-05,-0.0014813056,1.2518599e-05,-0.0010783366,-0.001963851,-0.00021916213,0.9943864,4.9908435e-06,-0.0009740212,-4.178541e-05,-3.466747e-05,-2.9331799e-05,-1.3151026e-05,1.8227355e-06,-0.0011930385,-0.0019733068,-0.00017751259,0.99452335,-0.00016025169,-2.4957028e-05,-0.0022471987,6.1836836e-06,-6.6404323e-06,-2.8239248e-05,-0.00090321095,4.0747127e-06,-0.0016473468,-0.0002715609,-2.3507264e-05,4.5307484e-06,1.6303951e-05,1.9740783e-05,8.753725e-06,-2.47591e-05,2.061225e-05,1.6035694e-05,-3.7003028e-06
1.2886686e-05,0.9946576,-0.001938596,-0.0020030527,-0.0026669314,0.9944635,1.697406e-05,-0.0014827034,-1.4692828e-05,0.99463964,-0.0020877412,-0.0019839834,-0.001260039,-0.00085958553,1.6294641e-06,-0.0009362799,-8.626606e-06,-0.0019974075,0.9946328,1.418441e-05,8.830969e-06,-0.0020558555,-0.00043866062,-3.355696e-05,-0.0006913515,-0.0013272475,-0.002234269,-5.395127e-06,-0.001085682,-1.6416781e-05,-0.0006197303,9.786802e-06,-0.0027190282,-3.3222543e-05,1.0000157e-05,2.7078647e-06,0.0,-0.002587641,1.0678555e-05,-4.3386976e-06,-3.634504e-05,1.686904e-05,-2.0275136e-06,-1.1316297e-05,-0.0015089392,-0.0014825657,-0.00227823,-1.421908e-05,-0.000643151,-0.00033067662,-3.7554182e-05,-0.0019884375,-0.0004276623,-0.0024105776,-0.0014254715,2.3083476e-06,-0.001842561,-7.09842e-05,-0.0008098611,-2.2063678e-05,-0.002037981,-0.0020977366,-0.0019772165,-3.910932e-05,-0.0014678546,-5.2105274e-06,-0.0013475136,1.6268172e-05,-1.4062891e-05,-0.00087191287,-0.0019643286,-0.0016436845,-5.189626e-07,3.6932095e-06,-0.0020558548,-4.013989e-05,-0.0015145008,-0.002463351,-0.00041232258,0.9945135,2.296984e-06,-0.0014328413,-6.4748306e-06,-4.2173127e-05,-1.0502075e-05,-4.4898738e-05,-4.5298484e-06,-0.0017399053,-0.0024202715,-0.00044269796,0.99464786,-0.00041160904,-3.321977e-05,-0.0028339594,-5.9174563e-06,-3.6314423e-06,1.280428e-05,-0.001267852,-1.676969e-05,-0.002116975,-0.00054606545,-2.0101586e-05,-4.9889248e-05,-1.3881252e-05,-1.9956511e-05,-0.00015546886,1.7805103e-05,3.476008e-06,-3.479344e-05,8.100438e-06
0.004066554,1.0006013,0.004613898,0.004613328,0.0046944087,1.0000176,0.003996969,0.0045607286,0.004144799,1.0001485,0.0046528676,0.004622705,0.004507807,0.0043968116,0.0041388785,0.0044207643,0.0039867633,0.0046217707,1.0000739,0.0040296344,0.0043252464,0.0046507674,0.0043716086,0.004096966,0.004355185,0.0045189667,0.0046621263,0.004093853,0.004436917,0.004217807,0.0043601003,0.00392676,0.0047104973,0.0043100943,0.004136024,0.004350399,0.00430675,0.0,0.0044225263,0.004120037,0.0041108993,0.0039478564,0.0041021896,0.0040182853,0.0045426213,0.0045388048,0.004674935,0.004217755,0.0043557915,0.0043847556,0.004290111,0.004630894,0.004367762,0.0046813735,0.004535776,0.003920147,0.0046298066,0.0043258355,0.004376894,0.003935636,0.004616845,0.004661065,0.004642786,0.0043477747,0.0045436528,0.0039157895,0.0045117456,0.004340943,0.004231273,0.0043978873,0.0046146214,0.0045680003,0.003979283,0.004011132,0.0046503716,0.0040909923,0.0045296326,0.0047001713,0.004386866,0.99983937,0.0040439963,0.004516811,0.0041459603,0.004000509,0.0039680223,0.0039952076,0.0039150054,0.0045948443,0.004687177,0.004364254,1.0002947,0.0043859086,0.0039724223,0.0047192145,0.0039886595,0.0050080884,0.004188188,0.0045130304,0.003917073,0.0046544936,0.004360162,0.0040033273,0.004263662,0.0039059555,0.004006473,0.0043542697,0.0043544197,0.0039338735,0.0038981081,0.0039144144
-0.0061157886,0.994549,-0.006134188,-0.0061425525,-0.006125579,0.99418753,-0.0062178606,-0.0061340434,-0.0063495347,0.99450797,-0.0061442736,-0.006142278,-0.0061216876,-0.0060925838,-0.0063088206,-0.0060972255,-0.006222714,-0.006138288,0.99449617,-0.006269537,-0.0061553335,-0.0061447835,-0.0061233053,-0.00610179,-0.00609474,-0.0061256406,-0.006145371,-0.0061067874,-0.0061016064,-0.0061139306,-0.006103839,-0.0061313086,-0.00612897,-0.0061375173,-0.0061116484,-0.006136907,-0.006131067,-0.00613135,0.0,-0.0061087,-0.006114553,-0.006144459,-0.006109219,-0.006121493,-0.006125553,-0.006127044,-0.006138175,-0.006113367,-0.006095442,-0.006145804,-0.0061309347,-0.006149985,-0.0061325235,-0.006134925,-0.0061311503,-0.0061323307,-0.0061446554,-0.0061344216,-0.006093552,-0.0061665694,-0.006146233,-0.006144278,-0.006141534,-0.006142521,-0.0061280043,-0.006138741,-0.0061253565,-0.006137325,-0.0064219623,-0.0060940646,-0.0061424593,-0.0061423443,-0.0062119043,-0.0061286553,-0.0061473926,-0.006107512,-0.006126931,-0.0061375136,-0.006143081,0.9942761,-0.0062672384,-0.006122836,-0.0061129425,-0.0061313417,-0.006204462,-0.00613105,-0.00613641,-0.006142314,-0.0061401767,-0.0061221733,0.9945247,-0.0061426475,-0.0061271493,-0.006124463,-0.0061304676,-0.0074514756,-0.0061154324,-0.0061223484,-0.0061309496,-0.0061457655,-0.006106538,-0.0061212773,-0.0061165276,-0.006152296,-0.0062351585,-0.0061473534,-0.0065129073,-0.006124949,-0.006148113,-0.0061257984
-3.8752005e-05,0.99512696,-0.0034176132,-0.0034367095,-0.003954616,0.99493325,1.6132919e-05,-0.003145611,-2.7652062e-05,0.9951262,-0.0036060552,-0.0034455145,-0.0029805596,-0.0025898567,-2.942365e-05,-0.0026561983,-2.4859648e-05,-0.0034205848,0.99511975,-1.8656556e-05,-0.0017800924,-0.0035711906,-0.0022364475,-0.00028068593,-0.002415924,-0.0030069281,-0.0036876549,-0.0002537197,-0.0027880603,-0.0010629346,-0.0024578054,-4.1835698e-05,-0.0039502787,-0.0016987395,-0.000787022,-0.0018281693,-0.0016862341,-0.0038986492,-1.9182355e-05,0.0,-0.00040666602,1.0446363e-05,-0.00018470811,-5.882545e-05,-0.0031211474,-0.0031026416,-0.0037143657,-0.0011131595,-0.002380838,-0.0021398994,-0.0015442163,-0.0034122346,-0.00219511,-0.0037954275,-0.0030961125,-1.5383917e-05,-0.0034467818,-0.001738553,-0.0025436364,1.4490635e-05,-0.0034370094,-0.0036124187,-0.0035220901,-0.001858588,-0.0031154458,-4.191036e-05,-0.0030544375,-0.0018165134,-1.3590952e-05,-0.0026083014,-0.003428502,-0.003251799,-2.745845e-05,-2.9114399e-05,-0.0035149031,-0.00023522468,-0.0031134733,-0.0038188398,-0.0022428564,0.99498254,-3.3201475e-06,-0.0030663903,-0.00055972085,-2.9777353e-05,1.3738682e-05,-5.880228e-06,1.2398607e-06,-0.0032774953,-0.003803381,-0.0022212302,0.99512726,-0.0021771053,-1.4412468e-06,-0.003990189,2.5608255e-05,-6.7304977e-06,-0.0010595206,-0.002988864,1.2908505e-05,-0.0036121635,-0.002283662,2.655777e-05,-0.0013274077,1.3200965e-05,3.1271068e-06,-0.0019732744,-2.3832628e-05,-3.1446085e-05,-1.4422768e-05,-1.8859164e-05
-0.000636998,0.99516815,-0.0036197337,-0.0036361879,-0.004069178,0.9949665,2.3954744e-06,-0.0033952028,1.8784558e-05,0.99516964,-0.0037715964,-0.0036391749,-0.0032324009,-0.0029025022,2.238194e-06,-0.002952386,-3.4149987e-05,-0.0036156415,0.9951591,1.9553112e-05,-0.0020892725,-0.0037506404,-0.0025758664,-0.0007855217,-0.0027417736,-0.003269491,-0.0038406989,-0.00077915407,-0.0030738935,-0.00158605,-0.0027906226,1.32009645e-05,-0.0040720957,-0.002114042,-0.00129094,-0.0022454795,-0.0021223393,-0.0040318705,-2.276438e-05,-0.0011936419,0.0,-5.473709e-05,-0.000763558,-0.0004722634,-0.0033499808,-0.003339332,-0.003870774,-0.0015910314,-0.0027062886,-0.0025369355,-0.0019765524,-0.003615516,-0.0025600716,-0.003945598,-0.00335364,-3.7094007e-05,-0.0036468203,-0.0021940987,-0.002847671,-2.4984867e-05,-0.003633463,-0.0037874146,-0.0037186674,-0.002268388,-0.0033464618,1.1522949e-05,-0.0032857857,-0.0022193536,-2.3340319e-05,-0.0028952258,-0.0036099483,-0.0034768956,-2.821894e-05,-0.00012332948,-0.00369316,-0.00086857745,-0.0033460828,-0.003966395,-0.0025934242,0.9950206,-2.322574e-06,-0.0033054259,-0.0011339774,-4.317475e-05,-3.4799392e-05,-0.000256526,1.3611805e-06,-0.0034996239,-0.0039361734,-0.0025827577,0.99517065,-0.0025564304,-4.784054e-05,-0.0041141957,-6.775941e-05,5.936384e-06,-0.0015393147,-0.0032505381,4.97057e-06,-0.0037777058,-0.0026284033,-0.00022131094,-0.0017919239,-1.6158436e-05,-1.7478541e-06,-0.002369814,7.705678e-06,4.612134e-06,-1.7549284e-05,1.7651177e-05
-0.002731332,0.99531925,-0.004475308,-0.004479623,-0.004750582,0.9950778,-0.0011221486,-0.0043361206,-0.0008995414,0.99532896,-0.0045550726,-0.0044767223,-0.0042312643,-0.0039983396,-0.00084939733,-0.0040305913,-0.0010768214,-0.0044618356,0.99532384,-0.0011212353,-0.0035972137,-0.004540058,-0.0038572613,-0.002817274,-0.003908486,-0.004252851,-0.0046140803,-0.0029470848,-0.0040954133,-0.0033454767,-0.0039043236,-0.0020503572,-0.0047467477,-0.0036121006,-0.003123889,-0.0037248973,-0.0036067292,-0.0047177756,-0.000331173,-0.0030638862,-0.0029243052,0.0,-0.0028939997,-0.0025753814,-0.004306166,-0.004293442,-0.004634982,-0.0033165037,-0.003882803,-0.0038152533,-0.003548986,-0.0044692196,-0.0038614878,-0.004664436,-0.0043085385,-0.0018404274,-0.0044827024,-0.0036644745,-0.0039621387,-0.0014503351,-0.004471524,-0.0045821094,-0.004526995,-0.0037338426,-0.0042986083,-0.0020068807,-0.0042694323,-0.0036691919,-0.0009498355,-0.004014792,-0.0044699386,-0.0043963175,-0.0013787654,-0.0025891205,-0.004512741,-0.0028810792,-0.0043047476,-0.004688762,-0.003846079,0.99516505,-0.0010822584,-0.0042749043,-0.0031066523,-0.0023717359,-0.0011160369,-0.0024524925,-0.0018044851,-0.0043918286,-0.0046733827,-0.0038585572,0.9953246,-0.0038730158,-0.0022785494,-0.0047653834,-0.002384665,-0.00024037977,-0.0032662945,-0.004226689,-0.002018878,-0.0045659053,-0.003861503,-0.0025232218,-0.003411823,-0.0016081985,-0.0013691001,-0.0037648096,-0.00025183946,-0.0020018641,-0.0015586646,-0.0015722606
-0.0011724022,0.99521285,-0.0036876632,-0.003712487,-0.004107855,0.99502,-1.8920964e-05,-0.0034800633,3.8533885e-06,0.9952182,-0.0038409503,-0.003713753,-0.0033612847,-0.0030538568,-1.5868862e-05,-0.0030947072,-6.9733314e-06,-0.003698905,0.9952095,-2.9122695e-05,-0.00277954,-0.0038152528,-0.0027729843,-0.0013638079,-0.002909966,-0.0033837508,-0.003906426,-0.001220812,-0.0031992951,-0.0020060837,-0.0029542253,-9.8136676e-05,-0.0041066026,-0.0023875919,-0.001828005,-0.0024577365,-0.0023666096,-0.004069753,-7.694629e-06,-0.0016824047,-0.0014658829,-0.00025006197,0.0,-0.0009521655,-0.003462024,-0.003456977,-0.0039231456,-0.0020950562,-0.0028894192,-0.0027303959,-0.002471967,-0.0036947883,-0.00275676,-0.0039957347,-0.0034410327,-5.9753394e-05,-0.0037144825,-0.0023983216,-0.0030149976,-1.3878837e-05,-0.0037379123,-0.0038415573,-0.0037728949,-0.0024879011,-0.0034687358,9.975303e-06,-0.003419277,-0.00247368,5.0587437e-07,-0.003055397,-0.0037062801,-0.003574836,-3.1498006e-05,-0.0005997721,-0.0037708608,-0.0013594406,-0.0034690201,-0.004001567,-0.0028024989,0.9950693,-6.6843363e-06,-0.0034242831,-0.0015624553,-0.0006379069,-1.1878818e-06,-0.00079510943,-5.7951176e-05,-0.0035834003,-0.00398594,-0.0027655757,0.9952166,-0.0027440968,-0.00039760058,-0.0041366154,-0.00050150184,-9.183412e-06,-0.002034146,-0.0033643083,-1.592136e-05,-0.0038436956,-0.0028098822,-0.00066054775,-0.0020920925,9.460815e-06,-2.9757695e-05,-0.0025984887,1.24096905e-05,-4.172462e-06,3.6088452e-06,4.841132e-06
-0.0011071493,0.9952421,-0.0044406224,-0.004459164,-0.004797041,0.99502325,8.536072e-06,-0.0042488915,-1.6139526e-05,0.99524415,-0.0045637987,-0.004442407,-0.0041222987,-0.0037843364,-2.9259128e-05,-0.0038300022,-1.3760635e-05,-0.0044475757,0.99524003,-1.0184295e-05,-0.002871438,-0.0045350916,-0.0031040695,-0.0012703858,-0.0032474385,-0.0041484428,-0.004629121,-0.0012961838,-0.003909866,-0.0021740675,-0.003170047,-3.788159e-05,-0.004791369,-0.0026762553,-0.001840298,-0.0028373997,-0.0026353528,-0.0047592157,-1.3883184e-06,-0.0017280808,-0.0015249805,-6.4856096e-05,-0.0012959703,0.0,-0.0042301705,-0.004215916,-0.004650478,-0.0021396917,-0.0031899647,-0.0030607993,-0.0025512034,-0.0044313334,-0.0031186128,-0.0046888175,-0.0042111664,-2.779056e-06,-0.004454233,-0.0027384036,-0.0037508917,-1.639657e-05,-0.004458618,-0.0045831245,-0.004506461,-0.002857809,-0.0042198487,9.4381585e-06,-0.0041714786,-0.0028177504,-2.140517e-05,-0.003789993,-0.0044386475,-0.0043417383,1.4221327e-05,-0.00059421215,-0.0044982987,-0.0013409515,-0.0042278203,-0.004704851,-0.0030584235,0.9950947,-2.3660565e-05,-0.004187116,-0.0016860097,-0.0004863829,-1.5613581e-05,-0.0006111109,-5.0501723e-05,-0.0043472643,-0.004696196,-0.0031186426,0.99524516,-0.003094208,-0.000260374,-0.004806347,-0.0004453339,-7.825858e-06,-0.0021061094,-0.0041131806,-5.384447e-05,-0.0045741186,-0.0031590813,-0.00053871144,-0.0023532456,-3.3336057e-06,6.887022e-06,-0.0029414343,4.7489127e-08,-2.7108345e-05,-3.9767576e-05,1.9523788e-05
0.0005235214,0.99585396,0.0022694094,0.0022535266,0.0026747698,0.99545807,5.071352e-06,0.0021006514,2.707667e-05,0.99586225,0.0023833886,0.0022582514,0.0019259723,0.0015914966,2.2883178e-05,0.0016460209,2.6273854e-05,0.002279201,0.99590194,2.4756057e-08,0.0012022933,0.0023647954,0.0014211204,0.0006375498,0.0014313001,0.001968076,0.0024456442,0.0006610221,0.0016991316,0.000991556,0.0014059835,0.00019076999,0.0026793438,0.0011461765,0.00078063074,0.0012586092,0.0011427215,0.0026516805,0.00031452224,0.00072742306,0.0006656961,1.4210043e-05,0.0006431993,0.0003272433,0.0,0.002042199,0.0024951962,0.00091655826,0.0014477781,0.0013680505,0.0010764714,0.002281769,0.0013851707,0.002550582,0.0020370574,1.3429083e-05,0.002255658,0.0011959398,0.001540877,-7.2577004e-06,0.0022631665,0.0024180645,0.002342241,0.0012491575,0.0020479271,0.00016178143,0.001945771,0.0012331505,0.00010776912,0.0016240932,0.0022626747,0.0021550623,1.885146e-05,0.00036608503,0.002334056,0.000631912,0.0020191811,0.002607809,0.00136457,0.99544823,5.2368006e-07,0.001991278,0.0007691574,0.00026873918,3.5811377e-06,0.00026445763,-8.1059525e-06,0.002191191,0.002551049,0.0013992777,0.99586326,0.0013702194,0.00027137448,0.002726027,0.00028250465,0.0011901839,0.00087032,0.0019251377,3.425525e-05,0.0023926897,0.001402315,0.00032542125,0.0010240172,2.5263287e-05,1.6612876e-05,0.001276834,0.0002979841,-2.324794e-06,7.831145e-06,3.2718446e-05
0.0005095165,0.9958356,0.0022416825,0.0022230954,0.0026434786,0.9954404,-3.4707396e-06,0.002080309,1.633183e-05,0.995844,0.0023506333,0.0022347504,0.0018980878,0.0015739268,1.6246533e-05,0.0016248883,1.881037e-05,0.0022550283,0.9958737,3.087503e-07,0.0011642138,0.0023413105,0.0013987212,0.00061930146,0.0014066072,0.0019477421,0.0024136123,0.0006380242,0.0016803397,0.0009814444,0.00139178,0.00018275487,0.0026518367,0.0011194118,0.00076663704,0.0012340447,0.0011267981,0.002622485,0.00030571088,0.0007147619,0.0006467619,8.461285e-07,0.0006211321,0.0003254383,0.0020184042,0.0,0.002463827,0.000892663,0.0014343791,0.0013505135,0.0010574156,0.0022533822,0.0013621616,0.0025197922,0.0020182244,-6.7679075e-06,0.0022315849,0.0011809239,0.0015253406,2.0462076e-05,0.0022299725,0.0023940261,0.0023176973,0.0012196113,0.0020162065,0.00020781007,0.0019126636,0.0012140851,0.000110975285,0.0015995213,0.0022268733,0.002128588,-3.029564e-07,0.00034448734,0.0023089,0.00062803976,0.0019871527,0.0025770993,0.0013397544,0.9954465,-7.798764e-06,0.0019648874,0.0007652042,0.00026175004,-1.4361458e-06,0.00025006424,2.3268902e-05,0.00216564,0.0025233263,0.001379135,0.9958485,0.0013454187,0.00025084088,0.0026901437,0.00027533324,0.0011698817,0.00085109886,0.0019062236,2.3518865e-05,0.0023589178,0.0013830733,0.0003119636,0.0010053498,2.1675538e-05,7.5052903e-06,0.0012528762,0.00029020695,-1.1383006e-05,3.5611317e-06,7.792069e-06
0.0032700244,0.9987302,0.004056617,0.0040496923,0.0041785114,0.9985375,0.0031550615,0.0039834483,0.003331565,0.99843496,0.004100246,0.0040618083,0.0039049948,0.0037608196,0.0033264882,0.0037894128,0.003141402,0.004062781,0.9984035,0.0031938723,0.003631574,0.0041010426,0.0037114967,0.003319236,0.003698487,0.0039200145,0.004122084,0.0033237964,0.0038119913,0.003505081,0.0036927743,0.0030736052,0.0041907206,0.003614465,0.0033928575,0.003667574,0.003613869,0.0041907956,0.0036416922,0.0033652103,0.0033382524,0.0031021677,0.0033310992,0.0031948509,0.0039515533,0.00394506,0.0,0.0034897008,0.0037049456,0.0037139307,0.0035846154,0.0040666247,0.0036958554,0.0041514896,0.003949031,0.0030630275,0.0040657,0.0036411574,0.0037358394,0.003101703,0.0040532057,0.0041168076,0.0040887343,0.0036674163,0.003956264,0.0030653377,0.0039073965,0.0036501714,0.0034317956,0.0037700604,0.0040539,0.003993925,0.003136559,0.003193438,0.004095568,0.0033157044,0.0039419434,0.004179049,0.0037092306,0.9983425,0.003218516,0.003926381,0.003399718,0.0031663054,0.003126342,0.003158757,0.003063672,0.004017576,0.004156948,0.0037008128,0.9985109,0.0037168579,0.0031313666,0.004208549,0.0031588941,0.004305096,0.0034548596,0.003910936,0.0030673328,0.004105915,0.0036965127,0.0031821553,0.0035469637,0.0030621602,0.003179676,0.0036776413,0.003574491,0.0030862857,0.0030498796,0.0030668275
-5.811697e-06,0.994971,-0.0028920188,-0.002923884,-0.00357201,0.99477816,-7.0917968e-06,-0.0025488248,2.0451505e-05,0.99496186,-0.0031282506,-0.0029303303,-0.0022797287,-0.0018592804,-2.0895595e-06,-0.0019162002,7.1107647e-06,-0.0029016829,0.99495614,-2.6000584e-05,-0.000963526,-0.0031004453,-0.0014763499,-1.7050346e-05,-0.0016548232,-0.0023869416,-0.003222923,-1.6880591e-06,-0.0020578578,-0.00022927887,-0.0016681735,-4.1291354e-05,-0.0035718847,-0.0008402933,-5.823447e-05,-0.0010032441,-0.00086421036,-0.0035007983,-2.4009758e-05,-5.496434e-05,-2.6074646e-05,-4.0935494e-05,1.1714985e-05,-1.9106019e-05,-0.002524036,-0.0025179756,-0.003263849,0.0,-0.0015978403,-0.0013729655,-0.0007209319,-0.0028826953,-0.0014341052,-0.00336495,-0.0024913312,-2.235855e-05,-0.0029341877,-0.0009232217,-0.0018035606,-2.1155767e-05,-0.0028937017,-0.0031400446,-0.0030304254,-0.001057375,-0.0025140848,-3.499738e-05,-0.0024438559,-0.0010181754,7.660428e-06,-0.001861228,-0.0028903738,-0.0026731545,-3.2664357e-06,-7.5274024e-06,-0.0030169368,-4.1394367e-05,-0.0025232318,-0.0034036445,-0.0014571426,0.9948275,-1.947169e-05,-0.0024594434,5.603246e-06,1.564562e-05,6.1664186e-06,-4.9338455e-06,-1.2184883e-05,-0.0027212268,-0.0033799023,-0.0014752512,0.9949677,-0.0014131,-9.437889e-06,-0.0036175977,-2.1651129e-05,-2.6070715e-05,-0.00022283255,-0.002379005,-1.1000236e-05,-0.003147269,-0.0015665111,1.8644845e-05,-0.00048774958,3.5913406e-06,1.3165987e-05,-0.0011844203,-2.7887803e-05,1.854759e-05,6.551308e-06,1.1487343e-05
-4.1738194e-06,0.99511784,1.4348899e-05,3.512168e-05,2.290348e-05,0.995308,1.31192255e-05,-1.1054653e-05,-1.3797971e-05,0.99517876,-7.3503948e-06,2.1060581e-05,3.1792675e-05,-7.758615e-06,1.9330611e-05,2.0778796e-05,-9.282205e-06,2.5873922e-05,0.99518204,-8.9603054e-07,1.5765945e-05,2.4102856e-05,3.0293857e-05,2.5370055e-06,-2.2903962e-06,5.82938e-06,2.6362153e-05,-7.3902797e-06,3.5339967e-06,-1.4763503e-05,-7.903463e-06,2.5957474e-05,4.354897e-06,-8.608995e-06,2.3005368e-05,-8.787418e-06,-1.1676199e-05,1.7054705e-05,-1.2828627e-05,7.750477e-06,1.7011596e-05,7.3171436e-06,-1.3742486e-05,3.845637e-06,-7.641496e-06,1.0578803e-05,-1.7198901e-06,-2.3590037e-06,0.0,3.4386943e-05,2.1943197e-05,3.769628e-05,5.640781e-06,-7.70494e-06,-1.0665716e-05,3.162048e-06,3.6532467e-05,1.866308e-05,2.5170996e-06,6.9086987e-06,7.7426506e-07,3.2087282e-05,3.6602419e-06,-1.1699128e-05,1.6808488e-05,-1.3063629e-05,-1.5761656e-06,-1.6289518e-05,2.5651161e-05,-4.1336338e-07,9.382068e-06,5.0939144e-07,-1.2574407e-05,-9.55516e-06,1.8259908e-06,2.356271e-05,3.5174915e-05,8.105459e-06,-1.2391101e-05,0.99525356,-1.1360992e-06,2.7529406e-06,1.0667147e-05,7.922787e-06,2.317599e-05,6.2130715e-07,-8.832056e-06,1.1455234e-05,8.258523e-06,3.2984135e-05,0.9951798,-1.2778229e-05,3.6835777e-06,4.3347176e-05,2.9365483e-06,2.4914265e-05,-6.4490814e-06,2.0759013e-05,-1.737032e-05,4.156023e-05,8.927839e-06,-8.37369e-07,-1.4330848e-05,-3.142653e-06,1.6358914e-05,-1.2488579e-06,3.505587e-06,7.769578e-06,-1.4745756e-05,-1.00625265e-07
-3.4940772e-06,0.9942975,-0.0003246915,-0.00036574446,-0.00065509556,0.9946,-6.206965e-06,-0.00023247607,3.981367e-06,0.9942748,-0.0004314005,-0.00034268622,-0.00017880068,-0.00011993986,-5.645592e-06,-0.00012963066,-2.5291109e-05,-0.00030532604,0.9942588,-8.044324e-06,-5.9423182e-05,-0.00042551165,-6.6110326e-05,5.2927317e-06,-9.428371e-05,-0.00018105746,-0.00048241575,-3.0539537e-05,-0.00013117904,-8.212056e-06,-7.0685004e-05,-9.094123e-06,-0.00064948475,-2.1752707e-05,-7.6088345e-06,-2.7709435e-05,-6.213207e-06,-0.00063130807,-3.007651e-05,-4.8523612e-05,-2.3328603e-05,-2.0049762e-05,-2.2821887e-05,-3.3703989e-06,-0.00022027438,-0.00019727928,-0.00051067484,-2.4732435e-05,-9.5089075e-05,0.0,-5.393724e-05,-0.00030986816,-6.818726e-05,-0.0005106073,-0.00022046536,-3.0340869e-05,-0.00036203273,-6.1757586e-05,-0.000111273555,-2.3446895e-05,-0.00035419586,-0.00043205198,-0.000375769,-1.9525374e-05,-0.00024882905,-7.663833e-06,-0.00019808389,-5.12582e-05,-9.554735e-07,-0.00012082983,-0.00036072748,-0.0002616349,-7.3814126e-06,-1.770815e-05,-0.00035180163,-3.5400576e-06,-0.00022437765,-0.00053014467,-3.8319264e-05,0.99459857,-2.7714628e-05,-0.00022834359,-3.718743e-07,-7.9973115e-06,-3.576499e-05,2.3326404e-06,-3.5409772e-05,-0.0002893462,-0.0005385754,-6.509684e-05,0.9942819,-4.728581e-05,-4.1965763e-05,-0.0006880163,-4.5683686e-05,-1.7380897e-06,-2.0215746e-05,-0.00019295595,-3.161271e-05,-0.00043445555,-9.488433e-05,-7.913467e-06,-5.269427e-05,-1.1375867e-05,1.4539432e-06,-3.923216e-05,7.4831146e-06,-4.3743844e-06,-3.385947e-05,-3.4724057e-05
-1.2321663e-05,0.9947267,-0.0021841943,-0.0023517967,-0.0026732606,0.9945251,-2.640563e-06,-0.0018389116,1.3210402e-05,0.9947087,-0.0025628435,-0.002348919,-0.0016231091,-0.0010842221,-1.261882e-06,-0.0011670518,-2.9781519e-05,-0.002193215,0.9947,-1.59927e-05,-6.845304e-05,-0.0025470196,-0.0006238999,-8.0507725e-06,-0.0008676903,-0.0016465205,-0.0027084963,1.6888715e-05,-0.0013797906,-1.537695e-05,-0.00089190475,1.360651e-05,-0.0026730897,-6.2634965e-05,-4.8936126e-05,-0.00012731506,9.894037e-06,-0.0028139686,1.5547943e-05,1.1463316e-05,1.3606995e-05,-5.3507815e-06,8.659288e-06,-1.0911569e-05,-0.0018242407,-0.0018002074,-0.0026891306,-1.0209363e-05,-0.00078355276,-0.00046614764,0.0,-0.002261079,-0.0005618453,-0.002805914,-0.0017798822,-1.6990754e-05,-0.0023515127,-3.4094086e-05,-0.0009898625,-6.209962e-07,-0.002247997,-0.0025920796,-0.0024836222,-0.00019319549,-0.0018131387,-3.3931767e-05,-0.0017406504,-0.000118869095,3.243289e-06,-0.0010611429,-0.0022276968,-0.001926371,-6.3865346e-06,-1.5901385e-05,-0.0024307033,-6.4262013e-06,-0.0017456098,-0.0027760703,-0.0005432655,0.9945738,-2.7118023e-05,-0.0017477198,7.828729e-06,1.4236734e-05,1.5534271e-05,-2.6575786e-05,-1.2999213e-05,-0.0019706134,-0.0028133048,-0.00059008994,0.994717,-0.0005304578,-3.6343085e-05,-0.002769831,-1.0310123e-05,6.595931e-06,1.8095956e-05,-0.0016509657,-9.797152e-06,-0.002606571,-0.00066995766,1.060013e-06,-5.1094125e-05,-1.783917e-05,9.840313e-06,-0.00027907765,-1.6538532e-05,-2.325557e-05,2.0809657e-05,-4.385938e-06
0.0014329238,0.9962351,0.0032706496,0.0032806932,0.0030914936,0.9964297,0.0012444675,0.003230813,0.0014739663,0.9961336,0.0033619215,0.0032927778,0.0029735786,0.002803017,0.0014854167,0.0028893668,0.0012364835,0.0033683786,0.996158,0.0012979775,0.0020455401,0.003369608,0.0024224923,0.0015250419,0.0025916207,0.0030820738,0.0032524453,0.001540335,0.0029175456,0.00188311,0.002444419,0.0011140633,0.0031613167,0.0022206984,0.0016430586,0.0023365368,0.0022239944,0.0031997503,0.0018298961,0.0016066344,0.001538594,0.0011516239,0.0015474842,0.0012838526,0.0031831483,0.0031144747,0.0033594111,0.0018853536,0.0025045013,0.0024122584,0.0021446482,0.0,0.002422877,0.0033975623,0.0031312578,0.0011153502,0.0033377847,0.002281701,0.0025306116,0.0012095395,0.0032205316,0.0034556193,0.0033970464,0.0022767305,0.0031750295,0.0011095274,0.0030353873,0.0022776006,0.0015927324,0.0028972905,0.003308052,0.0032291869,0.001233354,0.001280332,0.0034506335,0.0015121406,0.0031564077,0.003316601,0.0024598876,0.9962845,0.0013264257,0.0031076542,0.001637717,0.0012180887,0.0012251051,0.001224029,0.0011352416,0.0032779998,0.0035090705,0.0024076845,0.99616516,0.0024146163,0.0011812984,0.0031782067,0.001210193,0.0026441342,0.0017570762,0.0030576603,0.0011099903,0.003336199,0.0024394377,0.001270575,0.0019467976,0.0011282105,0.0012809478,0.002315846,0.0017785106,0.0011500048,0.0011222985,0.0011480261
-1.1575364e-05,0.99432725,-6.893721e-05,-6.611957e-05,-0.00017877636,0.9946411,-2.487963e-05,-5.868856e-05,-3.4265756e-06,0.9947089,-9.42183e-05,-0.00010380737,-2.1328902e-05,-8.558825e-06,2.88608e-06,-6.774625e-06,-9.487459e-06,-6.321613e-05,0.99428076,-2.7005039e-05,-2.7762651e-05,-8.7441265e-05,-1.1197383e-05,7.364064e-06,-2.773268e-05,-4.8974267e-05,-0.0001463022,-2.5476688e-06,-4.4895336e-05,1.1833455e-06,-2.4552473e-05,-2.5318313e-06,-0.00017289365,-1.3716862e-05,-1.270205e-06,-3.4549503e-05,-2.4975457e-06,-0.00017765272,-8.221795e-06,-4.313827e-06,-2.8827197e-05,-2.6884176e-05,-1.0206925e-05,-1.6595593e-05,-4.9425274e-05,-3.5974637e-05,-0.000149821,-3.678829e-05,-3.9298862e-05,-9.587824e-06,-2.3265393e-06,-6.488826e-05,0.0,-0.00013728987,-6.000998e-05,-2.3114824e-05,-8.449245e-05,-3.0196496e-05,-2.1051342e-06,-6.7381566e-06,-8.338164e-05,-0.0001260122,-0.00010755457,-1.0562202e-05,-3.9396684e-05,1.518075e-05,-5.8839927e-05,5.2818455e-06,6.9865505e-06,-4.5550205e-05,-0.000101758495,-6.476816e-05,-5.5358073e-06,-1.8833485e-06,-8.4096355e-05,-3.0578904e-05,-6.9032685e-05,-0.00013370506,-8.557881e-06,0.99464095,1.4500353e-05,-3.942774e-05,-2.68978e-06,-2.2028053e-05,-7.66719e-06,-2.1811436e-05,-2.9383978e-05,-7.776906e-05,-0.00016528585,-2.12473e-05,0.99431276,-5.502243e-06,-9.3484905e-06,-0.00019947422,3.5145115e-06,-8.977709e-06,-3.4004515e-05,-2.7239945e-05,-1.9375007e-05,-0.00011448154,-4.266819e-05,-2.128746e-05,-2.7229196e-05,-2.474368e-06,2.1640265e-06,-3.2900374e-05,1.6028785e-06,-1.5994923e-05,4.980094e-06,1.6408375e-06
0.0036416254,0.9995199,0.0043147095,0.004313918,0.0044211387,0.99916047,0.0035480128,0.004251038,0.003711304,0.99915916,0.004355689,0.0043249116,0.0041867387,0.0040560006,0.0037028282,0.004078983,0.0035334488,0.004322733,0.9991041,0.0035745534,0.0039612586,0.0043534725,0.0040171333,0.0036850893,0.0040025855,0.00419855,0.004374021,0.003682766,0.0041018324,0.0038398935,0.0040036547,0.0034697803,0.0044324123,0.003940886,0.003741687,0.0039855116,0.0039391196,0.004426081,0.0040001697,0.0037200793,0.0036995495,0.0034959284,0.0036866162,0.003581216,0.004223261,0.0042189984,0.004383067,0.0038275947,0.004009175,0.004026058,0.0039153006,0.0043259487,0.0040074815,0.0,0.004222599,0.003462207,0.0043295347,0.003963135,0.0040368265,0.0034931581,0.00431416,0.0043711164,0.004345427,0.003993718,0.0042284275,0.0034605653,0.0041884948,0.0039719143,0.0038069962,0.0040648747,0.0043185647,0.0042632576,0.0035303272,0.0035735758,0.0043547624,0.0036781454,0.0042099543,0.004419937,0.0040230677,0.9989719,0.0035950784,0.00420287,0.0037512784,0.0035523819,0.0035147006,0.0035490375,0.003461268,0.0042846417,0.004405063,0.004013537,0.99925977,0.0040271976,0.0035283796,0.004441617,0.0035454142,0.0046354323,0.0038002832,0.0041906717,0.0034655437,0.004360529,0.0040068845,0.00356486,0.0038754076,0.0034511117,0.0035644807,0.0039884844,0.0039413394,0.0034868715,0.0034424674,0.0034621845
0.000575933,0.9958679,0.00231962,0.0022859774,0.002687074,0.9954777,-7.3621923e-06,0.0021657355,4.1590953e-05,0.9958872,0.0024118808,0.0023149892,0.0019661922,0.0016394301,7.1476104e-05,0.0016893075,-6.1298315e-06,0.0023197392,0.9959194,2.8194418e-05,0.0011869224,0.0023903905,0.0014645901,0.0006602707,0.0014705996,0.002036345,0.0024724426,0.00071936677,0.0017417752,0.0010683998,0.0014274468,3.5154368e-05,0.0027056837,0.0011834035,0.0008344288,0.0013022484,0.001207998,0.0026851562,0.0003697746,0.00078551425,0.000689066,2.6826161e-05,0.00070830574,0.00040192192,0.002057953,0.002056986,0.002529236,0.0009568451,0.0015092382,0.0014276892,0.001123877,0.0023143117,0.0014274694,0.002595411,0.0,2.3240902e-05,0.0023005495,0.0012696371,0.0015798472,8.866971e-06,0.0022919888,0.0024663915,0.002375599,0.0012819052,0.0020734253,2.0156729e-05,0.0019703903,0.0012749335,0.00017273548,0.0016677851,0.0022820397,0.0022017187,2.3894988e-06,0.00041078712,0.0024002092,0.00068314135,0.0020362341,0.0026551837,0.0013772411,0.9954381,1.1219403e-05,0.0020306627,0.0008502423,0.00031060263,-2.7652932e-06,0.00030481696,1.5752761e-05,0.002225907,0.002575761,0.0014582761,0.99587727,0.0014266226,0.0002949831,0.0027554843,0.00032705913,0.0012311552,0.0009226955,0.001980264,2.6426338e-05,0.002418309,0.0014501791,0.00040382112,0.001059774,2.429561e-05,3.0027175e-05,0.001318576,0.00035705272,1.7754925e-05,2.46907e-06,1.761538e-05
-0.0037307828,0.9953826,-0.0045947456,-0.0046029915,-0.004778088,0.9951581,-0.0031736644,-0.0045054704,-0.0030593448,0.99539256,-0.0046579135,-0.0045995465,-0.004444993,-0.004304626,-0.003012446,-0.0043244986,-0.0031260252,-0.004596046,0.9953905,-0.0030889565,-0.0041846614,-0.004647475,-0.004228651,-0.0037635367,-0.004252585,-0.00445433,-0.0046853554,-0.003768207,-0.0043593305,-0.003974749,-0.0042561786,-0.0034060918,-0.0047780303,-0.004119015,-0.0038996197,-0.004168337,-0.004117209,-0.00476191,-0.0031333102,-0.003866906,-0.003816784,-0.0034989296,-0.003766659,-0.0036500583,-0.004485509,-0.0044851857,-0.004696484,-0.0039710696,-0.004245422,-0.004236595,-0.0040853536,-0.0045932825,-0.004236725,-0.004725168,-0.004488041,0.0,-0.0046067345,-0.0041381223,-0.004288981,-0.0031745187,-0.0046031335,-0.0046670097,-0.0046307673,-0.0041755624,-0.004483567,-0.003413036,-0.00446375,-0.0041698595,-0.0030302887,-0.004305128,-0.0045980276,-0.0045409454,-0.0031404686,-0.0036008882,-0.0046292646,-0.0037760262,-0.0044870577,-0.0047356524,-0.004237605,0.99523234,-0.0030684443,-0.0044692247,-0.0038578764,-0.0035888192,-0.0031069696,-0.0036313361,-0.0032843302,-0.004549441,-0.0047234516,-0.004230508,0.99539065,-0.004242324,-0.003532639,-0.00479039,-0.0035739106,-0.0037231427,-0.003958084,-0.0044437563,-0.0034053107,-0.004662271,-0.0042344667,-0.0036273317,-0.0040228036,-0.0032433916,-0.0030987284,-0.00420241,-0.0030435186,-0.0033727149,-0.0032102019,-0.0032161605
0.0019224506,0.9968215,0.0033750432,0.0030471883,0.0032880649,0.9969879,0.0017640255,0.0029840416,0.0019800314,0.9967106,0.0031349175,0.0030829657,0.0028378877,0.0026415281,0.0019851506,0.0030008564,0.0017616707,0.0031013854,0.99672663,0.0018149127,0.0024436682,0.0031248012,0.0025719246,0.001997078,0.0025418114,0.0028790345,0.0031677564,0.0020060842,0.0030407126,0.002274719,0.0025507084,0.0016468448,0.0033051819,0.0024179774,0.0021143653,0.0024560406,0.0024118456,0.0032866625,0.0023151534,0.002077494,0.0020274175,0.0016909676,0.002009259,0.0018043468,0.0032225987,0.0032373585,0.0031742286,0.0022460278,0.0025637283,0.0025504783,0.0023518172,0.0033511163,0.0025092885,0.0032130238,0.0029160345,0.0016530093,0.0,0.0024328567,0.0026111035,0.0017251639,0.0030519334,0.0031661454,0.003109556,0.002478405,0.0031516177,0.0016464192,0.003175683,0.0024493807,0.0020911882,0.0027421722,0.0033777663,0.0032967809,0.0017496602,0.0017900165,0.0031576643,0.0019920801,0.002876292,0.0032613354,0.0025187342,0.99683154,0.001836375,0.0028628388,0.0021048544,0.0017517721,0.0017450739,0.0017542205,0.0016599472,0.0030014298,0.0032312346,0.002570456,0.99673176,0.0025285261,0.0017089793,0.0033400576,0.0017399375,0.003076348,0.0021932477,0.002863985,0.0016459186,0.0031255048,0.002524756,0.0017851441,0.0023156295,0.0016520934,0.0017970543,0.0024788836,0.0022595697,0.0016804908,0.0016490349,0.001675359
-1.029979e-05,0.9946004,-0.0016829066,-0.0017600375,-0.0024578022,0.9944015,1.0241614e-05,-0.0012498517,1.6248732e-05,0.99457866,-0.0018888076,-0.0017048479,-0.0011017437,-0.00071185024,-2.4048806e-05,-0.0007651039,-1.3557679e-05,-0.0016935776,0.99457073,-2.1040618e-05,-6.1089463e-06,-0.0018637828,-0.00032177017,-7.506851e-06,-0.0005317957,-0.001087102,-0.00200809,9.258104e-06,-0.00089044735,-4.725044e-05,-0.0005400495,-7.5139036e-07,-0.002507517,-3.9451817e-05,7.025345e-07,-1.0050751e-05,-1.8047842e-05,-0.002365396,-2.2519507e-05,-6.1846786e-06,-4.3982378e-05,-5.3184663e-06,-1.2611063e-07,-1.04183155e-05,-0.001336645,-0.001257735,-0.0020306865,-1.1276849e-05,-0.00048826542,-0.00024187147,-2.2422899e-05,-0.0017596085,-0.00029423359,-0.002165975,-0.001202215,6.493074e-06,-0.0016368881,0.0,-0.00064584677,1.5781696e-05,-0.0017265966,-0.0018799558,-0.00176585,1.8391242e-05,-0.0012583054,8.421143e-06,-0.0012180579,-3.9273895e-05,-7.3580386e-06,-0.0007442936,-0.0017675392,-0.0013981955,-2.0364809e-05,-1.2425756e-05,-0.0017715081,1.0496421e-05,-0.0012838682,-0.0021670803,-0.00033634633,0.994452,-2.9395333e-05,-0.0012117964,1.032242e-05,-2.6897043e-05,-1.638113e-05,-4.3302574e-05,-3.5240046e-05,-0.0014628379,-0.0021524965,-0.00032119403,0.9945892,-0.00025955407,-1.5313186e-05,-0.0025795968,-4.086607e-05,1.4552152e-05,1.1444423e-05,-0.0011182684,-9.538313e-06,-0.0019289443,-0.00041619438,-3.4409542e-05,-2.9756306e-05,1.4830414e-05,-2.4057697e-05,-8.667583e-05,-2.423347e-05,-1.2402627e-05,-1.4150541e-05,-1.9020992e-05
8.4518615e-06,0.99526674,0.00029971485,0.00028350955,0.00067907624,0.9954718,-4.4662324e-06,0.00018575123,3.1348114e-05,0.99531776,0.00040375456,0.00029484893,9.846763e-06,1.598453e-05,-6.189773e-06,4.937434e-05,-3.6574113e-06,0.00032336658,0.99535155,1.2094176e-05,2.1454425e-05,0.0003779334,4.887757e-05,-1.027203e-05,2.3612642e-05,7.4323216e-05,0.0004596065,8.3571484e-07,3.3964487e-05,3.6007044e-05,1.6029122e-05,-2.566156e-06,0.00066073105,2.6855841e-05,3.6429712e-05,-1.2641032e-06,3.5148976e-05,0.00064204354,2.7808239e-05,2.4465502e-05,3.8113423e-05,9.418722e-07,3.232167e-05,6.9445196e-06,0.00011111887,0.00013725032,0.0004927413,3.6837686e-05,1.9593841e-05,1.13122005e-05,3.5243436e-05,0.00034005477,2.370465e-05,0.00057578343,0.00014531577,-1.9063475e-07,0.00026267907,2.169791e-05,0.0,3.248088e-05,0.00032557375,0.00043741462,0.00033767696,3.4402274e-05,0.000116507574,-8.7919825e-06,4.0726365e-05,1.4483087e-05,-1.3392482e-05,4.682759e-05,0.00028817743,0.00024736376,6.6665866e-06,3.6109038e-06,0.00036634825,5.277793e-06,9.013968e-05,0.0006058889,-1.3218236e-06,0.9954015,-7.747999e-06,8.936378e-05,2.6047912e-05,2.8402554e-05,-1.8934878e-06,1.1991108e-05,-5.7034498e-08,0.00028185206,0.0005627967,2.471992e-05,0.99532187,-5.219157e-06,-7.107311e-06,0.0007006636,-6.9184694e-06,2.8416325e-05,3.478851e-05,5.7824236e-06,1.0512174e-05,0.0004078587,2.6874419e-05,3.124004e-05,-6.037449e-06,7.361082e-06,2.4544206e-05,4.4876742e-05,-2.823206e-06,3.321498e-05,2.4209608e-05,6.995927e-06
-0.0045677214,0.9952549,-0.0049910317,-0.004998933,-0.0050872816,0.9950073,-0.004419588,-0.0049426304,-0.004484217,0.9952559,-0.0050294567,-0.0049998364,-0.004903599,-0.0048185075,-0.004411592,-0.004832573,-0.0044503263,-0.004992325,0.99524814,-0.0044319667,-0.004783268,-0.0050257347,-0.004794399,-0.0045733764,-0.004791107,-0.0049170703,-0.0050439397,-0.0045742523,-0.0048554833,-0.004669268,-0.004810119,-0.0044884547,-0.0050904155,-0.0047527063,-0.0046406616,-0.004768239,-0.004753559,-0.005083357,-0.0046481537,-0.004620223,-0.004590724,-0.004505319,-0.0045771603,-0.0045668315,-0.004924933,-0.0049242433,-0.005047405,-0.0046710228,-0.00479528,-0.0048129554,-0.00473247,-0.004996004,-0.0047971136,-0.00506677,-0.0049313726,-0.0044175754,-0.0050027994,-0.004759787,-0.0048131663,0.0,-0.004999024,-0.0050293566,-0.0050156945,-0.004776512,-0.0049265265,-0.0044585573,-0.0049133054,-0.0047718845,-0.004513519,-0.0048203547,-0.0049981754,-0.004962905,-0.0044008335,-0.004517683,-0.0050174356,-0.0045779343,-0.004925702,-0.005068941,-0.00481834,0.99506915,-0.004402668,-0.004920271,-0.004613647,-0.004521153,-0.0044203065,-0.0045521907,-0.0043938174,-0.004968638,-0.0050634467,-0.0047939247,0.9952575,-0.0048144204,-0.004491841,-0.005098954,-0.004503018,-0.005366487,-0.0046662134,-0.00490239,-0.0044752555,-0.0050312937,-0.004791214,-0.00454062,-0.0046963156,-0.004379539,-0.0043695276,-0.004794758,-0.0045794216,-0.004429682,-0.0043693134,-0.004382427
0.0016139749,0.9963631,0.0032727565,0.0032232336,0.0031638797,0.996554,0.0014398512,0.0030570682,0.0016744103,0.9962727,0.0032629834,0.003182282,0.0029610307,0.0027690076,0.0016787701,0.0030001116,0.0014450965,0.003414115,0.99627084,0.001501601,0.002224935,0.0032856483,0.0025574376,0.0017007133,0.0026015346,0.0029901413,0.003093194,0.0016995309,0.003006745,0.0020151935,0.002528316,0.0013206091,0.0031922169,0.0022737859,0.0018207945,0.002493598,0.0022975556,0.0031645645,0.002025415,0.0017817755,0.0017138664,0.00136706,0.0017179999,0.0014803025,0.003286208,0.0031829164,0.003361434,0.0020218918,0.0024836557,0.0024418249,0.0021358752,0.0035385457,0.0023576687,0.0033592111,0.0030102301,0.0013200643,0.0032077145,0.002280833,0.0025255624,0.001384183,0.0,0.0032800608,0.0034798023,0.002365604,0.0033158772,0.0013101608,0.0030539501,0.0022346296,0.0017853419,0.0030912058,0.0033418622,0.0032536937,0.0014126467,0.0014466118,0.0032196606,0.0016821868,0.0032360693,0.0032629443,0.0025859573,0.9964208,0.0015134407,0.0031230142,0.0017988378,0.0014165167,0.0014241544,0.001423635,0.0013197687,0.003305565,0.0033586596,0.0025166762,0.99628496,0.0025540786,0.0013662323,0.0032420277,0.0013960119,0.0028286907,0.0019167552,0.0029534297,0.0012911196,0.0032935722,0.0023114542,0.0014461536,0.0020809257,0.0013069516,0.0014525867,0.0022552789,0.0019709428,0.0013255884,0.0013112498,0.0013415627
0.0027951433,0.99791825,0.0037129505,0.00371283,0.0038688483,0.99789834,0.0026509285,0.0036343017,0.0028537211,0.9977172,0.003772519,0.0037286563,0.0035434137,0.0033757912,0.0028504264,0.003408979,0.0026522365,0.0037260535,0.99769205,0.0027017037,0.0032190697,0.0037644382,0.0033119163,0.002852158,0.0033017788,0.0035653256,0.003799456,0.0028614686,0.0034339945,0.0030785336,0.0032972374,0.0025640372,0.0038833802,0.0031953445,0.0029481198,0.0032535498,0.0031946904,0.0038734998,0.0031751848,0.00291719,0.0028834601,0.002599242,0.0028664188,0.0027043794,0.0035966008,0.0035884604,0.003808296,0.0030493184,0.0033136134,0.0033091488,0.003156693,0.0037290717,0.0032902579,0.0038343256,0.0035956302,0.0025574032,0.003729059,0.003228271,0.0033504916,0.0026129002,0.0037144695,0.0,0.0037547946,0.003250786,0.0036036493,0.002560656,0.003544755,0.003239873,0.002953998,0.0033942375,0.0037144849,0.0036468874,0.0026437868,0.002691376,0.0037681672,0.0028486995,0.0035786994,0.0038608292,0.0032994957,0.99770606,0.0027285488,0.0035672237,0.0029517869,0.0026625022,0.0026287527,0.0026599595,0.002560501,0.0036727292,0.0038409233,0.0033045528,0.99776113,0.0033103812,0.002622962,0.0039022532,0.002656944,0.0038792754,0.0030164423,0.0035494813,0.0025586535,0.003775887,0.0032973783,0.0026941458,0.0031133282,0.0025584188,0.002689455,0.0032594937,0.0031161818,0.0025938721,0.002549921,0.0025698417
0.0023368995,0.9973162,0.00337076,0.0033753547,0.003567418,0.9973982,0.002183841,0.0032886495,0.002392108,0.9971434,0.0034421443,0.003388341,0.003175468,0.0029982172,0.0023935898,0.0030291835,0.002176671,0.00339061,0.99716705,0.002233685,0.0028004588,0.003434925,0.002921898,0.0024039745,0.0029116326,0.0032077604,0.0034670718,0.002416081,0.0030643316,0.0026553322,0.002916042,0.002077778,0.0035809372,0.0027849067,0.002506844,0.0028419038,0.0027809108,0.0035659012,0.0027232915,0.0024741613,0.002433269,0.002114195,0.002419039,0.0022295632,0.0032483405,0.0032320214,0.003482298,0.002628259,0.0029222912,0.002905651,0.0027370693,0.0034018434,0.0028888772,0.0035108104,0.003246616,0.0020842957,0.0033932342,0.0028135004,0.0029669667,0.002150227,0.0033653916,0.0034624601,0.0,0.002846592,0.0032548776,0.002079685,0.0031832831,0.002826291,0.002508854,0.0030241886,0.0033679488,0.003303162,0.0021840404,0.0022247604,0.0034354841,0.0024013359,0.0032327054,0.0035472896,0.0029018929,0.99722767,0.002267101,0.0032136748,0.002511725,0.0021826278,0.002162078,0.0021812646,0.0020879381,0.0033329567,0.00352335,0.0029080356,0.997183,0.0029096263,0.00214711,0.003602612,0.0021778375,0.0034634853,0.0025835743,0.0031915556,0.0020813046,0.0034427207,0.0028964253,0.0022159654,0.0026949442,0.0020872285,0.0022305506,0.0028523477,0.0026668361,0.0021166818,0.0020798324,0.0020966397
3.9763863e-06,0.9945442,-0.0014277856,-0.0014753037,-0.00218339,0.9943433,-2.4634433e-05,-0.0010778568,-2.367071e-05,0.9945236,-0.0017411925,-0.0015184444,-0.00097355613,-0.00060596474,-2.7200203e-05,-0.0006461914,4.6183227e-06,-0.0014131888,0.9945134,1.522898e-05,-1.4258812e-06,-0.0016900065,-0.00021824561,-4.509925e-05,-0.00043490864,-0.000984232,-0.0017744474,-3.3730408e-05,-0.00075294124,-2.7005168e-05,-0.0004779192,8.304963e-07,-0.0022463724,-4.000444e-05,9.542287e-06,-2.1394494e-06,-4.599996e-05,-0.0021046032,-2.6805808e-05,9.706208e-06,-6.2325857e-06,-2.77498e-05,-4.411652e-05,-2.9053388e-05,-0.0010637846,-0.0010724975,-0.001818439,-6.1507366e-05,-0.00042193139,-0.00018127418,1.268277e-05,-0.0014152733,-0.00018207071,-0.0019354114,-0.0010261204,-1.3536396e-05,-0.0014802796,-7.628393e-05,-0.0005453131,-1.1322229e-05,-0.00150408,-0.0016893366,-0.0014891387,0.0,-0.0010708435,-2.3341787e-05,-0.0010385405,-1.9419058e-05,1.3653827e-05,-0.00059744704,-0.0014845208,-0.001240157,2.3846248e-06,1.261489e-05,-0.0015001439,-3.0882104e-05,-0.0011070968,-0.002003228,-0.00022682265,0.99439776,-1.7621725e-05,-0.0010362804,5.415747e-06,-3.7795446e-05,6.0399225e-06,-5.264641e-06,3.8873613e-06,-0.0013305182,-0.0019143152,-0.00023908922,0.9945374,-0.0001578193,-6.554368e-06,-0.0023621456,-3.6890284e-05,6.3235734e-06,-4.0760067e-05,-0.00097206654,4.7984287e-07,-0.001732741,-0.00030867237,-5.429368e-06,-1.1171056e-05,-1.4249444e-05,2.4622555e-06,-1.4044692e-08,-1.7129987e-05,-3.3631013e-06,-3.897021e-05,-3.3352015e-05
0.00056169793,0.99590164,0.002265067,0.0022472434,0.0026579222,0.9954964,3.123848e-05,0.002115025,1.4938862e-05,0.99590975,0.0023750127,0.0022662256,0.0019359798,0.0016080277,5.681109e-05,0.0016608966,2.9452807e-05,0.0022779116,0.9959325,2.2343347e-06,0.0011927948,0.0023575372,0.0014410589,0.0006583938,0.0014513767,0.0019801597,0.0024371909,0.0006880138,0.001719064,0.0010232256,0.0014322614,2.6802416e-05,0.0026665865,0.0011692188,0.0008145731,0.0012811874,0.0011761604,0.0026417787,0.00034977883,0.000769692,0.0006880685,-9.249322e-06,0.0006883863,0.0003845815,0.002035732,0.0020303116,0.0024895421,0.00094045897,0.001476142,0.0013975425,0.0010967583,0.0022768972,0.0013975917,0.002550477,0.0020521833,1.4111007e-05,0.002259815,0.0012311577,0.0015526192,-1.071433e-06,0.0022592053,0.0024221558,0.0023426993,0.0012653548,0.0,9.473247e-06,0.0019449615,0.0012528271,0.00015746328,0.0016318018,0.0022543813,0.0021620034,-5.6549848e-06,0.00039210127,0.0023461012,0.00065989426,0.0020062756,0.002604771,0.001373162,0.9954726,-1.4670807e-05,0.0019950413,0.00081030367,0.00029443196,-9.179567e-06,0.00029652668,1.151688e-05,0.0021898088,0.0025393148,0.0014218655,0.995903,0.0013961016,0.00028797577,0.0027135646,0.00030899234,0.0011967185,0.0008977436,0.0019383894,2.7899512e-05,0.0023801632,0.0014194242,0.0003746081,0.0010414585,8.993474e-06,2.6411979e-06,0.001294514,0.00032607975,-1.0484299e-05,-1.1949069e-05,2.9364182e-05
-0.0031808142,0.99536484,-0.0044671074,-0.0044688415,-0.004707242,0.99514484,-0.0022699218,-0.0043428876,-0.0019390779,0.9953796,-0.004540256,-0.004474068,-0.0042615863,-0.0040784734,-0.0020154333,-0.0041027674,-0.0021769318,-0.004461667,0.99537474,-0.0020122812,-0.0038595016,-0.0045326115,-0.003959707,-0.0032804022,-0.0039984304,-0.004277445,-0.0045791473,-0.0032593515,-0.004157388,-0.0035653615,-0.004032437,-0.0026967942,-0.0047046845,-0.0037842395,-0.0034378169,-0.003857688,-0.0037773405,-0.0046824235,-0.0019440021,-0.003393981,-0.0033225333,-0.002784977,-0.0032261768,-0.0030804605,-0.0043214024,-0.004318454,-0.0045977733,-0.0035664327,-0.0039963997,-0.0039529903,-0.0037392024,-0.0044596093,-0.0039637918,-0.0046392647,-0.0043186382,-0.0025211114,-0.0044761356,-0.0038083722,-0.0040578414,-0.0022816502,-0.0044724317,-0.004558224,-0.0045110164,-0.003870444,-0.0043157,0.0,-0.004293054,-0.0038575686,-0.0019491442,-0.004082732,-0.0044635395,-0.004394137,-0.0021720144,-0.00297101,-0.0045054234,-0.0032660614,-0.0043186485,-0.004645861,-0.0039910683,0.9952089,-0.0020284355,-0.0042989827,-0.0033672757,-0.0029485475,-0.0021647413,-0.0030039647,-0.002464,-0.0044015967,-0.004632418,-0.0039635953,0.9953754,-0.0039612134,-0.0028777805,-0.004718227,-0.0029100343,-0.002362075,-0.0035438414,-0.0042605908,-0.002681415,-0.0045505725,-0.0039664414,-0.003000807,-0.0036565394,-0.0023818847,-0.002075273,-0.0039005913,-0.001893873,-0.0025892921,-0.0023447503,-0.002412154
0.0002783103,0.99574816,0.0020356895,0.0020399205,0.002467054,0.99532664,1.1354056e-05,0.0018740069,-1.1921173e-05,0.9957565,0.0021718908,0.0020516275,0.0016975148,0.0013624232,2.411963e-05,0.001404799,2.4201834e-05,0.0020526669,0.9958031,3.4112414e-05,0.0009583686,0.0021453567,0.0011772256,0.00037448967,0.0011880989,0.0017472483,0.0022354114,0.0003958546,0.0014699937,0.00073920604,0.0011952092,1.9144385e-05,0.0024770878,0.000910501,0.0005459817,0.0009788198,0.0009134353,0.0024474093,4.8959984e-05,0.00047972598,0.0004168132,2.7953069e-05,0.000386625,0.00011262655,0.0018050094,0.0017934556,0.002278166,0.00066318864,0.0012203993,0.001129546,0.0008256447,0.0020671606,0.0011328707,0.0023570445,0.0018200572,1.1512033e-05,0.002040806,0.0009453231,0.0013073256,-1.0800747e-05,0.002048051,0.0022016307,0.002112161,0.0009768227,0.0018144089,1.835444e-05,0.0,0.0009808405,3.4311583e-05,0.0013900824,0.002042031,0.0019437791,1.9323887e-05,0.000102883576,0.0021346153,0.0003751767,0.001787984,0.0024063117,0.0011168581,0.9955132,3.841312e-06,0.001761478,0.0005331958,3.192643e-05,-1.2218813e-05,3.6652258e-05,-1.4493634e-06,0.0019670485,0.0023499506,0.0011546513,0.99576205,0.001113566,4.71918e-06,0.0025274106,4.0687373e-05,0.0008619767,0.0006266846,0.0016997581,3.591733e-05,0.0021852632,0.0011661189,6.696002e-05,0.00076843426,1.683781e-05,1.1029253e-05,0.0010286319,3.3723376e-05,1.6008193e-05,3.0880088e-05,2.472983e-05
1.2561259e-05,0.9945474,-0.0014521738,-0.001522752,-0.002235163,0.9943416,6.2110194e-06,-0.0011118496,8.41673e-06,0.9945252,-0.0016450469,-0.00145532,-0.0009544663,-0.0006105973,1.6032658e-05,-0.000688104,-5.0097287e-06,-0.0014056826,0.994513,-2.8342417e-06,-3.3122953e-05,-0.0015882537,-0.00017884145,-3.0576146e-05,-0.0004493437,-0.0009930311,-0.0018544041,1.7544262e-05,-0.00084637024,-1.467027e-05,-0.00048428157,-4.121539e-06,-0.0021630493,-3.3607474e-05,-2.6465597e-05,-1.9908235e-05,-2.2425289e-05,-0.0020910362,-1.0508499e-05,-3.3561235e-05,9.207966e-06,1.5759655e-05,1.0551969e-05,-3.1015505e-05,-0.0011028335,-0.0010723327,-0.0019048717,-4.7563368e-05,-0.00036985148,-0.0001430141,-3.9005965e-05,-0.0014957333,-0.00017082803,-0.0020030255,-0.0010509739,-1.3536812e-05,-0.0014425364,-5.463342e-05,-0.000524518,-1.0824685e-06,-0.0014796363,-0.0016476437,-0.0015318608,-3.9408216e-05,-0.0010872062,-1.7197273e-05,-0.0010523221,0.0,-8.704259e-06,-0.00059383764,-0.001507526,-0.0011934681,-1.0189772e-06,-1.4699542e-05,-0.0015082157,-8.1426315e-06,-0.0010774886,-0.0019426814,-0.00020875019,0.9943932,-9.0443206e-07,-0.0010571062,-2.4393816e-05,-2.0593496e-05,9.77106e-07,1.364833e-05,5.6964054e-06,-0.0013156991,-0.0019431161,-0.00022093688,0.9945346,-0.00017497718,-1.2393085e-05,-0.0022457975,-3.15281e-05,1.2849746e-05,-4.8876127e-06,-0.0009530339,1.0212687e-05,-0.0016777352,-0.00028826352,-9.3359195e-06,-3.261087e-05,1.7808663e-05,-4.346353e-06,-4.834751e-05,2.2616982e-06,5.929356e-06,-3.370224e-05,-8.792368e-06
-0.0057621147,0.9947549,-0.0058460203,-0.0058504012,-0.0058543105,0.99442655,-0.00584025,-0.0058359355,-0.0059691025,0.9947218,-0.0058598435,-0.00585054,-0.005817418,-0.0057773707,-0.0059129,-0.0057842396,-0.0058449786,-0.0058505004,0.9947159,-0.005861678,-0.00584334,-0.005858801,-0.0057988586,-0.0057541956,-0.005774885,-0.005820693,-0.005862378,-0.0057568345,-0.005790878,-0.0057725236,-0.005780991,-0.005757084,-0.0058564255,-0.005802283,-0.0057674055,-0.0058122906,-0.0057978556,-0.005854811,-0.0061924923,-0.005761521,-0.0057734773,-0.005782602,-0.005756823,-0.005760075,-0.005825832,-0.005825218,-0.0058581573,-0.0057768812,-0.005777033,-0.0058221677,-0.0058016293,-0.0058547873,-0.0058069746,-0.0058594937,-0.005829274,-0.0057520783,-0.00585262,-0.005803395,-0.005779402,-0.0057819183,-0.005856984,-0.0058578025,-0.005850206,-0.00581427,-0.005825531,-0.0057649976,-0.005822016,-0.0058109905,0.0,-0.0057806685,-0.005850398,-0.005844652,-0.0058249654,-0.0057611763,-0.00585753,-0.0057497174,-0.0058277054,-0.005858739,-0.0058209635,0.9945059,-0.00587096,-0.0058237305,-0.0057588764,-0.005773839,-0.0058215205,-0.0057765297,-0.0057535516,-0.0058460305,-0.005859744,-0.0057990854,0.9947355,-0.0058215777,-0.005769716,-0.005856184,-0.0057677138,-0.007036812,-0.0057750894,-0.0058180364,-0.005755297,-0.0058606328,-0.0057880064,-0.005768426,-0.0057774982,-0.0057533793,-0.0058385828,-0.0058238124,-0.0061013075,-0.005753925,-0.0057591214,-0.005748952
-3.3043827e-06,0.9953465,0.0006633219,0.0006252189,0.0010324985,0.995581,-9.008382e-07,0.00053875026,1.5667596e-05,0.99540764,0.0007544758,0.0006512805,0.00033422618,4.5551154e-05,3.5156292e-05,2.5027757e-05,2.0983145e-05,0.0006725088,0.9954325,-9.232834e-06,1.9311929e-06,0.00071621704,2.2812392e-05,4.091352e-05,1.7489775e-06,0.0004062458,0.0008185067,2.7332664e-05,7.338127e-05,1.4254429e-05,2.741522e-05,-7.695488e-06,0.001035057,4.4038232e-05,-5.60243e-06,4.1357587e-05,6.0691614e-06,0.0010162285,1.5181861e-05,3.0195755e-05,-1.2179488e-06,1.5065451e-05,6.836825e-06,5.812709e-06,0.00043425942,0.00044136323,0.0008731947,5.2566133e-06,4.4009787e-05,4.1341937e-05,-3.272445e-06,0.0006712197,5.3822645e-05,0.0009495369,0.00047731833,-9.80292e-06,0.0006097039,6.4818214e-06,5.8769638e-05,-1.3597911e-06,0.0006581828,0.0008060194,0.00069221266,1.1153945e-05,0.00044402527,2.9954821e-05,0.00035444114,3.3644264e-05,1.9547308e-06,0.0,0.0006323835,0.0005943456,2.323919e-05,1.3023264e-05,0.00072607456,-2.0296989e-06,0.00040929136,0.0009948141,2.1932824e-06,0.99549365,-2.3005314e-06,0.000404066,-2.4905653e-06,1.4208467e-05,9.246805e-06,3.686028e-07,-3.4385735e-06,0.0006108685,0.0009147778,1.8804076e-06,0.9953934,3.2309377e-05,2.3860506e-05,0.001082544,2.7447557e-05,1.3485612e-05,4.2350384e-05,0.00032470067,8.192289e-06,0.0007551769,2.0334212e-06,-3.2527537e-06,-3.3271985e-07,2.5969432e-05,-1.4184758e-05,9.249789e-06,3.1150998e-05,-1.9090221e-07,3.0030924e-06,-9.090357e-06
0.0017595657,0.99660116,0.0032789852,0.00326575,0.0032046596,0.9967812,0.001599884,0.0030729522,0.0018182064,0.9964984,0.003038824,0.003015755,0.0027240783,0.0028295936,0.001827303,0.0029390089,0.0015890746,0.0032414366,0.9965022,0.0016428614,0.0023222219,0.0030046431,0.0025002977,0.0018484179,0.0024111487,0.002886099,0.0030710336,0.0018509037,0.0029462578,0.002132304,0.0024330728,0.0014709283,0.0032206909,0.0022988236,0.0019647037,0.0023119592,0.0022928321,0.0031927545,0.0021650123,0.0019208388,0.0018756676,0.0015187244,0.001856571,0.0016279636,0.0031555556,0.0031605833,0.003407443,0.002117266,0.0024494901,0.0024386512,0.0022181312,0.0033539236,0.0023754595,0.0031205863,0.002836245,0.0014815717,0.00305891,0.0023079545,0.002488077,0.0015672315,0.0029496548,0.003139439,0.0033273983,0.0023628636,0.0031609703,0.0014711791,0.0030684443,0.0023173592,0.0019342095,0.0028193288,0.0,0.0032032025,0.001578493,0.001623374,0.0031444961,0.0018313888,0.003116804,0.00317514,0.002385215,0.9966283,0.0016791107,0.0030883378,0.0019477692,0.0015826419,0.0015800957,0.0015821347,0.0014945894,0.0032172569,0.003167923,0.0024991648,0.99651575,0.0024029708,0.0015374748,0.003262398,0.0015654323,0.0029501363,0.0020424186,0.0029432408,0.0014674851,0.0033515112,0.0023851667,0.0016073883,0.0021812432,0.001480365,0.0016252818,0.002343402,0.0021090398,0.0015035934,0.0014808304,0.0014989623
0.00078507164,0.9961908,0.0027542636,0.0027382951,0.0030984506,0.9957599,0.00036163142,0.002620217,0.00061131606,0.9961723,0.0028548562,0.002767621,0.002441386,0.0021489915,0.00062744995,0.0021969501,0.00036051782,0.002767795,0.9961923,0.00042804232,0.0017699309,0.0028368996,0.0019981263,0.0012170329,0.0020001975,0.0024999052,0.0029066517,0.0009452709,0.0022450988,0.0016234362,0.0019697961,0.00030662422,0.003110484,0.0017496818,0.0011721117,0.0018439752,0.0017621297,0.003084357,0.0009691675,0.0010175629,0.000971104,0.00028448168,0.0012996616,0.00063096994,0.00253957,0.0025242039,0.002943685,0.0015345495,0.0020248392,0.0019553492,0.0016778692,0.0027667528,0.0019452795,0.0030107682,0.0025566835,0.00026489963,0.0027554953,0.0018085091,0.0020943824,0.0003580462,0.002727221,0.00289882,0.0028192732,0.001837561,0.0025498213,0.0002745828,0.0024556536,0.0018195101,0.0007431253,0.0021778017,0.0027377822,0.0,0.0003591115,0.0006079973,0.002840884,0.0009008423,0.002515841,0.0030619816,0.0019157161,0.9956282,0.0004713805,0.0025003396,0.0012983908,0.00046624715,0.00035494796,0.0005099369,0.0003094407,0.0026776455,0.0030040173,0.0019849322,0.99616694,0.0019505192,0.0004576739,0.0031668209,0.000536281,0.0018370987,0.0014654181,0.0024555963,0.00027331483,0.0028600616,0.0019672762,0.0006228128,0.0016348332,0.0002600824,0.00043219634,0.0018575191,0.0009323155,0.00032402895,0.00026706635,0.00029700523
-0.004990066,0.9951235,-0.005273878,-0.005280749,-0.0053350595,0.9948563,-0.004936388,-0.005238925,-0.005020997,0.9951146,-0.005300171,-0.005278953,-0.0052106967,-0.0051419055,-0.0049760547,-0.005150858,-0.004938186,-0.0052750115,0.99510825,-0.004949639,-0.0051479307,-0.0052977814,-0.0051364168,-0.0049931267,-0.0051226956,-0.0052169063,-0.005310094,-0.004991335,-0.005166673,-0.0050542587,-0.0051353187,-0.004927148,-0.0053386837,-0.005112592,-0.0050308476,-0.0051271794,-0.005108705,-0.0053337063,-0.0052034874,-0.0050184326,-0.0050105043,-0.0049607977,-0.0049896375,-0.00497927,-0.0052257283,-0.005224931,-0.005311306,-0.005052742,-0.005125199,-0.0051539447,-0.0050973473,-0.005279928,-0.005141979,-0.005323879,-0.0052299397,-0.00489781,-0.005283114,-0.0051164157,-0.005137602,-0.0048889564,-0.0052820337,-0.0053051044,-0.005290424,-0.00513534,-0.0052265637,-0.004925683,-0.005217321,-0.0051289443,-0.005074422,-0.0051435414,-0.0052785673,-0.005254174,0.0,-0.0049603,-0.005291524,-0.004994261,-0.0052266056,-0.0053268587,-0.005156957,0.99493057,-0.004950059,-0.005218156,-0.0050179483,-0.0049689845,-0.00491975,-0.004975386,-0.0048852623,-0.0052575455,-0.0053234003,-0.0051370966,0.9951194,-0.005155102,-0.0049461355,-0.0053405534,-0.004960668,-0.0060207956,-0.005049834,-0.005207974,-0.0049199713,-0.0053046956,-0.0051287706,-0.004967498,-0.005071726,-0.0048941514,-0.004917861,-0.005142507,-0.0051586344,-0.0049031307,-0.0048789075,-0.004876976
-0.0013084247,0.99524885,-0.0044797077,-0.0044862176,-0.004814181,0.9950334,2.6468904e-05,-0.004293477,-2.8862429e-05,0.995252,-0.0046000094,-0.004492603,-0.0041755303,-0.0038619873,2.0859548e-05,-0.0039099148,2.2560567e-05,-0.004475392,0.9952472,1.6276036e-06,-0.0033890184,-0.004578253,-0.0035722172,-0.0015709342,-0.0037031271,-0.0041961046,-0.0046506026,-0.0014095766,-0.0040027895,-0.0022537862,-0.0037469221,-0.00024966255,-0.0048156297,-0.0031773339,-0.0020489395,-0.0033091428,-0.0031798782,-0.0047932863,-4.468533e-06,-0.0019058088,-0.001642785,-0.00054324686,-0.001423525,-0.0011046416,-0.004253596,-0.0042545376,-0.0046726633,-0.0022917143,-0.0037086708,-0.0035918823,-0.0030588014,-0.00446538,-0.0035869423,-0.0047367187,-0.0042423443,-4.7913196e-05,-0.0044968445,-0.003240014,-0.0038045498,-8.367571e-06,-0.004507397,-0.0046083024,-0.0045369663,-0.0033035849,-0.0042496393,-2.4861469e-05,-0.004188585,-0.0029119437,-5.5641935e-06,-0.003846196,-0.0044855797,-0.004358081,-4.4294447e-06,0.0,-0.00454718,-0.0015288055,-0.0042521446,-0.0047277715,-0.0036025832,0.9950833,1.36541275e-05,-0.0042230035,-0.0017672892,-0.0007644288,-2.030396e-05,-0.0009778519,1.8084505e-05,-0.004384165,-0.0047178636,-0.0036004812,0.99525577,-0.0035653368,-0.00048617437,-0.004840948,-0.0006015879,-1.4946275e-05,-0.002229503,-0.004173517,-0.00011360423,-0.00459739,-0.003617878,-0.0009214643,-0.002481615,-1.2787167e-05,-3.3948834e-06,-0.0034239937,1.4374377e-05,-7.701528e-06,-2.7504611e-05,1.2097052e-05
0.0023389044,0.99729604,0.0033891916,0.0033872048,0.003572076,0.99739,0.002189573,0.0033028736,0.002407105,0.9971666,0.003453645,0.003412179,0.0031963708,0.003010045,0.0024037752,0.0030432204,0.0021926356,0.00340557,0.9971484,0.0022465293,0.0028259754,0.0034436884,0.0029261336,0.002406649,0.0029230649,0.0032294656,0.0034850987,0.0024245542,0.00307207,0.0026696513,0.0029020195,0.0020867777,0.0035887037,0.0027919528,0.0025274844,0.0028503789,0.0027969207,0.0035789968,0.0027368246,0.0024843977,0.002445211,0.0021298702,0.0024261805,0.0022388508,0.00325128,0.0032366556,0.0034966995,0.0026322238,0.002939076,0.002924713,0.0027507779,0.0034089899,0.0029055094,0.0035330113,0.003260289,0.0020872704,0.0034102413,0.0028273056,0.0029770117,0.002156279,0.0033875732,0.0034805737,0.0034353265,0.002845871,0.0032637147,0.0020873647,0.0031930641,0.002836911,0.0025059674,0.0030311234,0.003384368,0.0033142057,0.0021758338,0.002220485,0.0,0.0024061494,0.00323606,0.0035669794,0.002901463,0.99720806,0.0022673728,0.0032254504,0.0025254178,0.002191832,0.0021684745,0.0021862763,0.0020886676,0.0033398538,0.0035352549,0.0029267343,0.9971786,0.002918161,0.0021487086,0.0036163102,0.0021840387,0.0034701487,0.0025969811,0.0032076396,0.0020838021,0.003457284,0.0029136797,0.0022320184,0.0026989179,0.002089879,0.0022271702,0.002864264,0.0026801687,0.002124906,0.0020859858,0.0021085388
-0.0011059401,0.9952172,-0.0036877864,-0.0037033854,-0.0040986547,0.9950239,2.3193907e-05,-0.0034936278,1.5471489e-05,0.9952203,-0.0038289493,-0.0037080902,-0.003359108,-0.0030318464,-2.0317873e-05,-0.0030846142,-3.5849341e-06,-0.0036918004,0.9952168,-3.721696e-06,-0.002706672,-0.0038032918,-0.0027794978,-0.0013274306,-0.0029014116,-0.003379682,-0.0038958422,-0.0013169614,-0.0031763867,-0.0018543025,-0.0028998605,-6.773476e-05,-0.0040957835,-0.0023712222,-0.001807477,-0.0024978516,-0.0023676981,-0.0040584537,5.0841727e-06,-0.0016341995,-0.0015029683,-0.00016369214,-0.0012903968,-0.000905895,-0.0034534791,-0.003436406,-0.0039231335,-0.0019023526,-0.0028787022,-0.0027371398,-0.0022453861,-0.0036825414,-0.002755218,-0.0039870604,-0.0034419748,-3.2495686e-06,-0.0037077772,-0.002407999,-0.0029866989,-7.577749e-06,-0.0037092115,-0.0038413866,-0.0037591506,-0.0024810391,-0.003452152,-2.1912194e-05,-0.0034059887,-0.0024617715,-2.8379445e-05,-0.0030438285,-0.0037007479,-0.0035735595,4.3223217e-06,-0.0006425571,-0.003770653,0.0,-0.0034453662,-0.003996358,-0.0027545749,0.99507606,-3.892492e-05,-0.0034198337,-0.0015859153,-0.00054153864,-2.4586992e-05,-0.00079374225,-4.1936215e-05,-0.0035814706,-0.003978354,-0.0027772328,0.99522203,-0.002753293,-0.00035258144,-0.0041301837,-0.00046378837,3.919186e-06,-0.0020370118,-0.0033523552,-4.0679988e-05,-0.0038345049,-0.0028024653,-0.00074352016,-0.0020603486,1.5681351e-05,-2.8814984e-05,-0.0025968151,-2.1651663e-06,1.8625835e-05,-4.031329e-05,-2.3454011e-05
0.0005239462,0.995869,0.002252971,0.0022538793,0.002666433,0.99545896,-1.0348413e-06,0.0020958644,2.8787805e-05,0.9958733,0.0023787608,0.0022613555,0.0019203293,0.0015950142,2.0131469e-05,0.0016417826,-8.074971e-07,0.002263712,0.99590784,1.9452495e-05,0.0011986098,0.0023590229,0.0014111014,0.00062317646,0.0014311553,0.0019678783,0.002440576,0.00063532055,0.0017018196,0.0009805955,0.0014276985,0.0002260387,0.0026787524,0.0011519633,0.0007780512,0.0012353638,0.0011472533,0.0026491855,0.00031574318,0.00072794076,0.0006502842,1.731748e-05,0.00063450146,0.00034776874,0.0020276578,0.00202301,0.0024906523,0.0009161981,0.001455199,0.0013762468,0.0010728347,0.0022802122,0.001372683,0.0025455914,0.002031106,6.2896593e-06,0.002260676,0.0011952131,0.0015354091,1.3069253e-05,0.002266444,0.00240806,0.0023360779,0.0012222854,0.0020308327,0.00010803449,0.0019450305,0.0012178613,0.00011905492,0.0016176293,0.0022535431,0.0021502846,1.10726905e-05,0.00034843537,0.0023399573,0.0006201668,0.0,0.002600095,0.0013637563,0.9954624,-4.1627645e-06,0.0019841949,0.00076665747,0.0002728518,1.1705475e-05,0.00027672233,3.1181797e-05,0.0021775956,0.0025420792,0.0013944897,0.9958737,0.0013651313,0.0002595657,0.0027307519,0.00027222204,0.0011609863,0.00087158266,0.0019213284,-5.3375475e-06,0.0023899872,0.0013991906,0.0003224828,0.001013557,2.2081844e-05,6.5410427e-06,0.0012721417,0.00028671537,3.8617594e-07,4.7058265e-06,2.4247189e-05
0.0037600303,0.99981153,0.0043973783,0.004397133,0.0044971406,0.999396,0.0036720054,0.0043414594,0.00383548,0.99941844,0.0044370415,0.0044093463,0.00427883,0.0041515,0.003823251,0.0041748765,0.0036632468,0.0044034803,0.9993658,0.0037103866,0.004059978,0.0044356706,0.0041211196,0.0038013475,0.004101327,0.0042885575,0.0044540074,0.0037986822,0.004193644,0.003949687,0.0041038967,0.0036014928,0.004509372,0.0040471056,0.003850403,0.0040929117,0.004044144,0.0045037596,0.004124176,0.00383221,0.0038124197,0.0036265214,0.003807208,0.0037031241,0.004314678,0.004308504,0.004466356,0.003941095,0.004109561,0.004126227,0.0040240325,0.0044090585,0.004107704,0.0044763335,0.004311136,0.0035957573,0.00441342,0.0040702806,0.0041300566,0.003621932,0.004400519,0.004450146,0.004428649,0.0040914183,0.004317886,0.0035931498,0.004279874,0.0040786536,0.003923869,0.0041572237,0.0043997806,0.0043488224,0.0036575391,0.0036985485,0.0044368,0.0037964045,0.004300912,0.0,0.00412741,0.9991887,0.0037309644,0.0042896084,0.0038620254,0.0036811528,0.0036424245,0.0036720878,0.0035946681,0.004370199,0.004483418,0.0041096536,0.9995405,0.0041324263,0.0036519284,0.004520309,0.003673199,0.004739323,0.0039075855,0.004279244,0.0035941098,0.0044455533,0.004108322,0.003691383,0.0039852313,0.0035861658,0.003688927,0.0040948438,0.004058973,0.003616421,0.003573889,0.0035860692
2.65883e-06,0.9943148,-0.0004100075,-0.00041419864,-0.00072532403,0.9946171,-2.9422577e-05,-0.000286356,-1.1259736e-05,0.99429816,-0.000557123,-0.0003889835,-0.00025627832,-0.00012616461,-9.224826e-06,-0.00014307883,-1.2807723e-05,-0.00041973655,0.99427986,1.4006596e-06,4.2197207e-06,-0.00050060364,-5.2717434e-05,-1.548531e-05,-0.00010307366,-0.00026575217,-0.0005417392,-4.2606775e-05,-0.00014999082,-1.8959237e-05,-6.316522e-05,-4.3084406e-06,-0.0007079857,1.396729e-05,-4.6102632e-05,-3.575671e-05,6.361607e-06,-0.00068854174,-2.4486146e-05,-4.215565e-05,-3.4329147e-05,3.508181e-06,-2.524205e-05,-7.1382283e-06,-0.00029226503,-0.00027365828,-0.00057085475,-4.381642e-05,-9.850727e-05,-4.2613283e-05,-1.6226633e-05,-0.0003811377,-5.96153e-05,-0.0006323945,-0.00028813782,-2.2184846e-05,-0.0004232576,-2.007648e-05,-0.00010089277,-3.3556968e-05,-0.00041577147,-0.00054951274,-0.0004518384,-3.6081e-05,-0.0002539542,-3.6219506e-05,-0.00023434348,-2.0207204e-05,-1.4403022e-05,-0.000121651814,-0.00039915327,-0.00038145468,-1.9220766e-05,5.905428e-06,-0.0005030367,8.13642e-06,-0.00027603665,-0.0006576227,0.0,0.9946151,1.3691002e-06,-0.00024323865,-1.0311637e-05,-1.6973976e-06,1.0534769e-05,3.5437154e-06,-3.6198144e-06,-0.0003813981,-0.00065376784,-5.7924975e-05,0.9943086,-7.4070325e-05,1.1846105e-05,-0.00078530336,-3.734616e-05,-8.567075e-06,-4.70929e-05,-0.00024847744,-2.6659765e-05,-0.0005383832,-9.534924e-05,-3.6064546e-05,-9.27935e-06,-2.37518e-05,1.6177967e-06,-1.5711319e-05,1.5065947e-05,-1.2328426e-05,-4.2601714e-06,-1.7495515e-05
-0.0038842896,0.99725217,-0.0043871943,-0.004409259,-0.0044647395,0.9967683,-0.0038414823,-0.0043345056,-0.003975145,0.9972886,-0.004449326,-0.0043829456,-0.0042633438,-0.0042220405,-0.003922392,-0.004221825,-0.0038866475,-0.004384223,0.997285,-0.0038625726,-0.0041534575,-0.004434894,-0.0041905227,-0.003937271,-0.0041661463,-0.004310123,-0.0044594733,-0.0039252066,-0.0042504864,-0.0040611797,-0.004175152,-0.0038157252,-0.004482519,-0.004100287,-0.004023551,-0.0041320054,-0.0040884325,-0.0044914545,-0.004014828,-0.0040283515,-0.0039832583,-0.0038733445,-0.003942647,-0.0038848086,-0.0043212967,-0.0043142233,-0.0044212504,-0.0040378366,-0.0041461773,-0.004181446,-0.0040519154,-0.0044011986,-0.004133756,-0.0044296514,-0.0043392736,-0.0038223732,-0.0044184076,-0.004110752,-0.004191956,-0.003818665,-0.0043750405,-0.004416985,-0.0044340743,-0.0041202162,-0.0043591973,-0.003792822,-0.004269388,-0.004104373,-0.0039766766,-0.004225873,-0.004378519,-0.004366017,-0.0038759555,-0.003894147,-0.0044189505,-0.0039494084,-0.0043038037,-0.004463781,-0.0041959058,0.0,-0.003896563,-0.004322366,-0.003952022,-0.0038654937,-0.0038438672,-0.003880952,-0.0037984014,-0.0043625496,-0.0044737533,-0.0042037787,0.9972793,-0.0041477173,-0.0038545886,-0.004506259,-0.0038331228,-0.0041407235,-0.0040409006,-0.004296316,-0.0038734784,-0.004413805,-0.004155044,-0.0038942923,-0.00406852,-0.0037978576,-0.0038350888,-0.004144773,-0.003990143,-0.0038359223,-0.0038181818,-0.0038293002
-0.0053227637,0.9949851,-0.005507267,-0.0055138646,-0.005548676,0.99469405,-0.005328966,-0.005483557,-0.0054261517,0.9949686,-0.005529371,-0.005513644,-0.005459873,-0.0054064556,-0.005386266,-0.0054128957,-0.005330791,-0.0055123474,0.9949591,-0.005360666,-0.005433813,-0.0055271713,-0.0054125953,-0.0053128535,-0.005396613,-0.0054652113,-0.0055366782,-0.005315787,-0.00542442,-0.00535692,-0.0054048486,-0.005287345,-0.0055503706,-0.005404025,-0.00534053,-0.0054142065,-0.005399352,-0.005546971,-0.005645327,-0.0053342655,-0.0053309896,-0.005309797,-0.0053175343,-0.005315044,-0.0054727606,-0.005473731,-0.005536029,-0.005358904,-0.005398213,-0.0054321126,-0.005394532,-0.0055174427,-0.005419437,-0.0055391123,-0.0054773283,-0.005270466,-0.005515731,-0.0054054246,-0.005404503,-0.005276337,-0.0055193882,-0.005530631,-0.0055212607,-0.0054210555,-0.005473757,-0.005289453,-0.005466873,-0.0054165833,-0.005485237,-0.005407849,-0.005512679,-0.0054961913,-0.005319505,-0.0053101676,-0.0055229682,-0.0053191558,-0.005475155,-0.005544607,-0.005434344,0.9947708,0.0,-0.0054675997,-0.0053323675,-0.0053134966,-0.0053088367,-0.0053189676,-0.005268768,-0.0054999157,-0.0055413637,-0.005412436,0.99497676,-0.005432329,-0.005301988,-0.005550883,-0.0053107636,-0.006476899,-0.005354993,-0.0054598786,-0.005281829,-0.0055311453,-0.005402981,-0.0053088167,-0.0053687743,-0.005274926,-0.0053224387,-0.0054277466,-0.005572691,-0.0052679507,-0.005265972,-0.0052520004
0.00041823662,0.9958061,0.0021814888,0.0021560239,0.0025796546,0.9954068,3.0432757e-06,0.002017153,3.0116224e-05,0.9958279,0.0022852756,0.0021822106,0.001837651,0.0014953216,2.0824971e-05,0.0015479696,-1.6321136e-06,0.002183689,0.99585056,2.1786132e-05,0.0010864472,0.0022609131,0.0013126278,0.0005251561,0.0013273569,0.0018850558,0.0023544303,0.0005485453,0.0016028227,0.0008948399,0.00129946,0.00010764755,0.0025872444,0.001040244,0.00068623276,0.001150358,0.0010482179,0.0025634211,0.00020322313,0.0006300693,0.00055711996,-3.4817904e-06,0.0005416179,0.0002429693,0.0019323006,0.0019258778,0.0024056346,0.0008103415,0.0013592789,0.001275978,0.0009731318,0.0021819319,0.001278288,0.002472241,0.0019517632,-8.676001e-06,0.0021646312,0.0011045845,0.0014336867,1.8955992e-05,0.0021829484,0.0023295132,0.002241604,0.0011221559,0.0019428231,9.216174e-05,0.0018421335,0.001119332,4.8730903e-06,0.0015207006,0.002164476,0.0020621852,7.2885614e-06,0.00024703582,0.0022628277,0.00051723176,0.0019086452,0.0025229454,0.0012465735,0.9955012,-1.6174721e-07,0.0,0.000678292,0.00017114668,7.4858003e-06,0.00016593719,-4.0750083e-06,0.0020916453,0.0024527295,0.0013039615,0.9958192,0.0012698493,0.00014677166,0.002638891,0.00017228704,0.001045945,0.00076204113,0.0018322833,-2.970499e-06,0.0022936948,0.0013027879,0.00022943005,0.00090657617,3.343779e-05,1.481139e-05,0.001166359,0.00018261111,1.3416068e-05,-8.391361e-06,8.935951e-06
2.7168613e-05,0.9951178,-0.003425762,-0.0034685836,-0.0040021767,0.9949266,1.5934056e-05,-0.003133472,-2.5202522e-05,0.9951158,-0.0036456543,-0.003460859,-0.0030049752,-0.0025981895,-3.0455178e-06,-0.0026573113,8.107392e-06,-0.0034413452,0.9951081,1.8270444e-05,-0.0019519355,-0.0036076773,-0.0021944363,-0.00023553628,-0.002423863,-0.0030012003,-0.0037311092,-2.7465672e-05,-0.002804793,-0.00079558784,-0.0024866096,-1.9924608e-05,-0.0039922823,-0.0016770697,-0.00066070905,-0.0016510315,-0.0015101004,-0.003946812,1.954163e-05,-0.0005101124,-0.00031912263,-3.515065e-05,-2.9404573e-05,-4.4458605e-07,-0.0031499497,-0.0031303214,-0.0037506204,-0.0009903559,-0.0023749946,-0.002116267,-0.0013864841,-0.0034451927,-0.0021671732,-0.0038368704,-0.003078162,-3.100878e-05,-0.0034810295,-0.0015207776,-0.0025375541,1.2188149e-05,-0.0034990862,-0.0036447893,-0.0035512673,-0.0016880123,-0.003144405,-2.0038946e-05,-0.0030689545,-0.0017762886,-2.1552869e-05,-0.0025933771,-0.0034823578,-0.0032627268,-3.5238045e-05,-8.881016e-06,-0.0035313102,-0.00012482467,-0.003144452,-0.0038462144,-0.0022575436,0.9949681,-2.3577693e-05,-0.003079787,0.0,-2.833924e-05,1.2880649e-05,-1.2788821e-05,1.3759613e-05,-0.0032913762,-0.0038421918,-0.0021845892,0.9951161,-0.0021562956,5.039575e-06,-0.0040409965,-3.652791e-06,7.4805134e-06,-0.0008838613,-0.003006856,8.108749e-06,-0.0036535314,-0.002249324,1.9497225e-05,-0.0011561365,-4.8755783e-06,1.5751899e-05,-0.0019426935,9.520427e-07,-2.5728135e-05,-1.1719028e-05,-2.1002672e-05
-0.0012791728,0.9952575,-0.0044868137,-0.0044943877,-0.004826746,0.99502873,3.5262658e-06,-0.004300932,-2.0782967e-05,0.99526215,-0.0045988555,-0.004491086,-0.0041699917,-0.0038523078,-2.6122063e-05,-0.0038946958,-1.8319677e-05,-0.004480459,0.9952584,-2.1946002e-05,-0.003253618,-0.0045823446,-0.0035968877,-0.0019058401,-0.0036964603,-0.0042008287,-0.004661176,-0.001954645,-0.0039930907,-0.0026873676,-0.0037325562,-0.00019097755,-0.0048238263,-0.0031616169,-0.0023970294,-0.003329479,-0.003176662,-0.0047968193,1.4369744e-05,-0.0022476458,-0.0020398926,-0.00027481842,-0.0018932952,-0.0010573898,-0.0042686784,-0.004253524,-0.0046819644,-0.0026610957,-0.003679611,-0.0035516955,-0.0030507843,-0.0044768844,-0.0035871465,-0.0047430675,-0.0042697755,-6.018313e-05,-0.004498009,-0.0032399278,-0.0038057559,1.5955377e-05,-0.004493071,-0.0046226433,-0.004547321,-0.0033488944,-0.0042530387,-4.436642e-05,-0.004216521,-0.003314735,9.71945e-06,-0.0038596198,-0.0044873985,-0.004379382,2.4263576e-05,-0.0008126021,-0.0045428793,-0.0018970063,-0.0042566494,-0.00474718,-0.0035917994,0.99509615,-3.796989e-05,-0.0042386963,-0.0022299457,0.0,-1.702354e-05,-0.00087609066,2.9894272e-05,-0.0043885834,-0.0047328016,-0.0036040163,0.9952632,-0.0035780515,-0.0005186684,-0.004844376,-0.00063684396,-2.397194e-05,-0.002625086,-0.004170465,-0.00017104346,-0.0046073343,-0.0036277794,-0.00092187675,-0.002852508,-1.8983534e-05,2.0886982e-05,-0.003425363,6.6307466e-06,2.328573e-06,-2.4581512e-05,-4.7015335e-05
-0.004928326,0.995142,-0.00522552,-0.0052311015,-0.005293438,0.99486697,-0.0048205717,-0.005189695,-0.0048816055,0.9951343,-0.0052522407,-0.0052309697,-0.005158624,-0.005088507,-0.0048537273,-0.0050975033,-0.0047989753,-0.0052303434,0.99512863,-0.0048539746,-0.00508125,-0.005250227,-0.0050817877,-0.0049195057,-0.005072564,-0.0051645255,-0.0052681193,-0.0049306653,-0.0051119053,-0.004992884,-0.005074792,-0.0048367335,-0.005295236,-0.005049772,-0.004962877,-0.0050778827,-0.005047846,-0.0052905255,-0.0050552404,-0.0049574506,-0.0049456456,-0.0048607,-0.0049276347,-0.0049015693,-0.0051775794,-0.0051771835,-0.0052686706,-0.0049931905,-0.005068164,-0.0050958004,-0.0050415974,-0.0052350317,-0.005089867,-0.005274152,-0.0051797996,-0.0048089763,-0.005233409,-0.005062415,-0.005084225,-0.004818863,-0.005235066,-0.0052589923,-0.005243905,-0.0050865,-0.005173931,-0.004843435,-0.005166435,-0.005075711,-0.0049504205,-0.005089454,-0.005230446,-0.0052057914,-0.004840391,-0.0049063456,-0.005241372,-0.004934404,-0.0051814253,-0.005284996,-0.005096194,0.9949531,-0.0048459056,-0.0051690866,-0.004960357,-0.004895577,0.0,-0.0048966305,-0.004820513,-0.0052091973,-0.00527936,-0.0050807204,0.9951389,-0.0051035415,-0.0048741577,-0.0053000157,-0.0048963255,-0.0059118485,-0.004984967,-0.005158094,-0.004833191,-0.0052573155,-0.0050729485,-0.0048997914,-0.005007812,-0.0048228386,-0.004858783,-0.0050868085,-0.0050245887,-0.0048282947,-0.0048006442,-0.0047832443
-0.0010554191,0.9952389,-0.0044662682,-0.004470786,-0.0048173275,0.99501294,-1.7443279e-05,-0.0042660106,1.4157148e-05,0.9952425,-0.0045743575,-0.0044635087,-0.00413193,-0.0037918894,-1.3381241e-05,-0.0038394616,3.6749468e-06,-0.00445941,0.9952388,-1.32382065e-05,-0.003150579,-0.004554723,-0.0035052192,-0.0012575919,-0.0036212462,-0.0041591683,-0.004640506,-0.0013333495,-0.00393103,-0.002570696,-0.003622719,-5.8758174e-05,-0.004810531,-0.00302488,-0.0021875587,-0.0032373962,-0.0030346867,-0.004782794,-1.19665165e-05,-0.0020648458,-0.0018490494,1.4711926e-05,-0.0016397133,-0.00070972316,-0.0042344066,-0.0042273216,-0.0046647564,-0.00249747,-0.0035899377,-0.0034444008,-0.0029393116,-0.0044492735,-0.003520636,-0.0047203624,-0.0042334697,-2.1879647e-05,-0.0044700284,-0.0031302716,-0.0037451617,-3.201901e-05,-0.0044726594,-0.0046060514,-0.0045231185,-0.0032665497,-0.00422942,-7.521445e-06,-0.004182066,-0.0032247356,-1.6065209e-05,-0.0038024548,-0.0044589215,-0.004344604,9.90433e-06,-0.00056197064,-0.004514361,-0.0017337822,-0.0042292797,-0.0047284006,-0.0034846293,0.9950849,1.1730928e-05,-0.004193385,-0.0020609912,-0.0003953841,-9.318176e-06,0.0,-2.5552765e-05,-0.004359246,-0.004718945,-0.0035275177,0.99524415,-0.003490745,-0.00021419997,-0.00482538,-0.00040616028,5.7015786e-06,-0.0024440032,-0.00412656,-4.7822145e-06,-0.004585178,-0.0035465586,-0.0005838423,-0.0027122574,3.1018517e-05,-2.1858361e-05,-0.0033230355,-1.2689318e-05,1.952926e-05,7.959141e-06,-1.5366373e-05
-0.003993375,0.99536645,-0.0046995585,-0.004706438,-0.004853995,0.99513954,-0.003607622,-0.004624229,-0.0035695706,0.995375,-0.0047565224,-0.004706694,-0.0045721796,-0.0044486145,-0.003514705,-0.0044674543,-0.0035952486,-0.0047004693,0.9953708,-0.0035573333,-0.0043676663,-0.0047468897,-0.0043935818,-0.0040216427,-0.004406143,-0.004582097,-0.0047791405,-0.0040195826,-0.004497679,-0.00418687,-0.004417836,-0.0037712685,-0.004853679,-0.0043098046,-0.004126766,-0.004344893,-0.004306303,-0.0048401514,-0.0036810893,-0.004097819,-0.004057506,-0.0038410416,-0.0040197778,-0.003945806,-0.0046052183,-0.004602029,-0.004786916,-0.004184071,-0.0044036573,-0.00440663,-0.004279406,-0.004698607,-0.004400593,-0.004812332,-0.0046067736,-0.0036797961,-0.0047115,-0.0043236697,-0.0044381493,-0.0035658563,-0.0047100303,-0.004760995,-0.004727933,-0.0043494725,-0.0046040206,-0.0037574247,-0.00458752,-0.0043475274,-0.0035850347,-0.0044536903,-0.0047035753,-0.004654046,-0.0035558944,-0.0038918331,-0.0047327993,-0.0040256586,-0.004603153,-0.004818841,-0.004408207,0.99520963,-0.003535165,-0.0045906836,-0.004092346,-0.0038909551,-0.0035826035,-0.0039273375,0.0,-0.0046617105,-0.00480948,-0.0043962314,0.99537414,-0.004404185,-0.0038419815,-0.0048659733,-0.0038728258,-0.0043175826,-0.0041754385,-0.0045709265,-0.0037565723,-0.004756525,-0.004394769,-0.0039161732,-0.0042276722,-0.0036311625,-0.0035216922,-0.0043751425,-0.003587861,-0.003720515,-0.0036030062,-0.0036105502
0.0008714715,0.9962578,0.0028142994,0.0028027045,0.003157262,0.9958215,0.00046926536,0.0026788278,0.00070706586,0.99624056,0.0029168888,0.0028236043,0.0025146334,0.002225331,0.0007286299,0.0022740944,0.00045457075,0.0028329375,0.9962658,0.00052896776,0.0019009929,0.0029041162,0.0020691913,0.0013114369,0.0020794685,0.0025627094,0.0029695595,0.0010290907,0.002321133,0.0017068111,0.0020624916,0.00040125786,0.003170685,0.0018371455,0.0012360914,0.0019222627,0.00183973,0.0031477157,0.0010673823,0.0011089166,0.0010652954,0.00038124417,0.0013790687,0.0007219284,0.002610356,0.0025985898,0.002999334,0.0016307534,0.0021005524,0.0020389922,0.0017655363,0.0028331475,0.0020232021,0.0030608813,0.0026191443,0.0003613104,0.0028237947,0.0018832504,0.0021748384,0.00045190816,0.0028084,0.0029549934,0.002884868,0.0019213719,0.0026201564,0.0003596184,0.0025258178,0.0018977944,0.0008388906,0.0022583522,0.0028044814,0.0027115156,0.00045721576,0.0007012044,0.00289901,0.0009904269,0.0025862928,0.0031137024,0.0020110568,0.9956989,0.00055950024,0.0025690729,0.0013576414,0.000526952,0.00045186488,0.0005612853,0.0004021885,0.0,0.0030592282,0.0020654902,0.9962343,0.0020304264,0.00053350406,0.0032217829,0.0006000223,0.0019365926,0.0015591433,0.0025241603,0.0003614255,0.0029183435,0.002045225,0.00071850687,0.0017245751,0.0003549898,0.00051894033,0.001939352,0.0010308913,0.00040112349,0.00035368427,0.00039018824
0.0035516145,0.9993462,0.004243068,0.0042455094,0.0043595564,0.999013,0.0034554903,0.004179518,0.0036182273,0.9989815,0.004289787,0.0042565316,0.0041159587,0.003981671,0.003614062,0.004005973,0.003444127,0.004254328,0.9989597,0.0034828472,0.0038840284,0.0042900494,0.003943521,0.0036024014,0.003927426,0.0041249623,0.004308985,0.003592664,0.004028938,0.003755374,0.0039341277,0.0033716136,0.004373152,0.0038623365,0.0036514467,0.0039025696,0.0038545828,0.0043638963,0.0039127055,0.00363216,0.0036143255,0.0034071766,0.0035970863,0.0034886915,0.004157677,0.00415378,0.004316485,0.003746642,0.0039308383,0.003949746,0.0038341968,0.0042593167,0.0039289542,0.004335161,0.0041500106,0.0033647662,0.0042630346,0.0038801436,0.0039638467,0.003401373,0.004247326,0.0043067588,0.004282057,0.003909121,0.004159362,0.0033658366,0.0041201413,0.0038971375,0.003712399,0.0039883233,0.00424929,0.0041930103,0.0034384893,0.003482803,0.0042878506,0.0035895766,0.004143375,0.0043567363,0.0039527128,0.9988375,0.0035046637,0.0041329144,0.0036591801,0.0034621018,0.0034231807,0.003458841,0.0033663798,0.004218067,0.0,0.00393298,0.99908763,0.0039466987,0.0034303905,0.0043809367,0.0034522223,0.0045558074,0.00371714,0.0041207857,0.0033712024,0.004299512,0.00392805,0.0034657985,0.0038012373,0.0033551438,0.0034667645,0.0039145565,0.0038532303,0.003387712,0.003349708,0.0033650112
1.8228542e-06,0.99475104,-8.320864e-06,-1.479366e-05,-1.2037452e-05,0.9948594,-1.5646323e-05,1.1836561e-05,-2.359142e-05,0.9947635,-8.741883e-06,1.0684714e-05,1.2201261e-05,1.3564577e-05,-1.3094921e-05,-2.7030546e-05,-2.5851074e-05,-1.1243844e-05,0.99473804,-1.0727241e-06,1.5867263e-05,-1.2641851e-05,-2.3091012e-05,4.791044e-07,1.19380675e-05,-9.110046e-06,6.665334e-06,1.0911541e-07,5.9255517e-06,7.973449e-06,-1.1832065e-05,-1.46830125e-05,-1.1325911e-05,1.629104e-05,-2.55743e-05,1.5652962e-05,-7.240194e-06,-1.93107e-05,1.2388097e-05,-4.8532576e-07,1.1340348e-05,-7.183565e-06,-1.6129545e-05,5.465196e-06,-4.97624e-06,7.5809867e-06,-3.1354324e-05,2.1904373e-06,-2.7618338e-05,-2.4776164e-05,-2.6528252e-05,-1.2279102e-05,1.1631441e-05,-9.0197855e-06,-8.902687e-06,-1.9022236e-05,-2.6185036e-05,1.7365192e-05,-5.249322e-08,-1.1476552e-05,-2.5009502e-05,1.4269136e-05,1.25395145e-05,-2.2502163e-05,1.0981586e-05,1.8541617e-05,-2.0400219e-05,-2.572431e-06,-1.0302535e-05,-1.6813146e-05,1.9101233e-06,-2.699468e-05,-3.8062183e-06,-1.208582e-05,-3.4256802e-06,-3.2444593e-06,-1.9508481e-05,-4.847787e-06,-1.7711034e-05,0.99480903,5.0991775e-06,1.0664393e-05,1.9201305e-05,1.0156799e-05,1.5482989e-05,-2.2129485e-05,4.6739992e-06,2.5528307e-06,7.009139e-06,0.0,0.9947512,1.4788264e-05,1.5848056e-05,-2.1261032e-05,-1.2537431e-05,-1.9381021e-05,6.2689364e-06,4.279089e-06,1.3839913e-05,-2.2528131e-05,-4.155233e-06,-6.5692147e-06,-1.49923435e-05,-2.1867494e-05,-3.7906998e-06,-2.1213427e-05,-2.0909682e-05,7.2601106e-06,-2.0721995e-05,6.7541037e-06
-0.0024731357,0.9985246,-0.0027925605,-0.002811741,-0.0029156695,0.9982345,-0.002601144,-0.0027761906,-0.0027667636,0.9986703,-0.002842507,-0.002795865,-0.00273439,-0.0026918577,-0.0027137222,-0.0026878458,-0.002624601,-0.0027896725,0.99866736,-0.002612294,-0.0026435275,-0.0028313452,-0.0026550023,-0.002518598,-0.002648391,-0.0027571307,-0.0028560057,-0.0024771793,-0.0027143625,-0.002570973,-0.0026693882,-0.002443002,-0.002925357,-0.0026006198,-0.0025582297,-0.0026220756,-0.0025891485,-0.0029291995,-0.0028970768,-0.0025617436,-0.0025468885,-0.0024747923,-0.0025131856,-0.0024673939,-0.0027675882,-0.0027661214,-0.0028485944,-0.0025644694,-0.002635227,-0.002650726,-0.0025524814,-0.0028118135,-0.0026191599,-0.0028583552,-0.0027698397,-0.0024802934,-0.0028151653,-0.0026012883,-0.002674626,-0.002529728,-0.0028033888,-0.0028298572,-0.0028254,-0.002611135,-0.002796483,-0.002422919,-0.002734889,-0.0026015532,-0.0027999405,-0.0026854184,-0.0027922743,-0.0027844792,-0.0026095277,-0.0024650346,-0.0028230425,-0.0025145467,-0.002745356,-0.0028935452,-0.002668243,0.99839044,-0.0026559161,-0.0027575307,-0.002513798,-0.002453764,-0.0025757565,-0.0024638427,-0.0024658525,-0.002795961,-0.0028841123,-0.0026579516,0.0,-0.0026275085,-0.0024525712,-0.0029584186,-0.002424592,-0.0031397545,-0.0025570597,-0.0027465601,-0.0024933605,-0.0028296208,-0.002640054,-0.0024615668,-0.0025807815,-0.0024733788,-0.0025867634,-0.0026192996,-0.0028580865,-0.0024662332,-0.002507488,-0.0025049462
-3.9072183e-05,0.99431264,-0.00031413964,-0.0003055178,-0.0005830094,0.9946359,1.5895981e-05,-0.00020282752,1.7112088e-05,0.99469584,-0.00040086478,-0.0003030584,-0.00016201557,-0.00010209897,-2.5168689e-05,-0.00010781572,-9.898718e-06,-0.00032123332,0.9942725,-1.7600933e-05,1.3605689e-05,-0.00038850997,-4.2278596e-05,-6.643216e-06,-5.7272457e-05,-0.0001550038,-0.00041070612,2.6038854e-06,-0.000108246044,-4.0128416e-05,-6.368116e-05,-2.8521981e-05,-0.00059281295,-1.0356831e-05,-1.1413555e-05,9.657533e-06,-4.247901e-06,-0.00055232726,-1.653828e-05,-4.0046914e-05,-2.016323e-06,8.050609e-06,-9.8878e-07,-1.4264648e-05,-0.00021093157,-0.00020237896,-0.00041093022,-1.4781585e-05,-8.8521265e-05,-2.0773494e-05,1.4873615e-05,-0.00030067065,-2.667344e-05,-0.00048406445,-0.00018947378,1.4021609e-05,-0.00032981727,-4.2842305e-05,-9.324251e-05,-4.22742e-07,-0.00032071676,-0.00038021695,-0.00032979329,-2.8504606e-05,-0.00020289328,-9.29182e-06,-0.0001700552,-2.3517441e-05,4.401408e-06,-9.140025e-05,-0.00031156806,-0.00021411016,4.0982442e-07,-3.624917e-05,-0.00034581055,1.0253087e-05,-0.00018293782,-0.0004753684,-2.1882532e-05,0.9946366,1.5786789e-05,-0.00018980664,-4.082938e-05,-9.278823e-06,1.3389161e-05,-8.6864175e-06,-2.1286545e-05,-0.00024585632,-0.00048199567,-4.2404885e-05,0.99430233,0.0,-2.1954495e-05,-0.0006196099,-3.406554e-05,-9.971092e-07,-7.893473e-06,-0.00016268849,1.2553726e-05,-0.0004209139,-7.376449e-05,5.289661e-06,4.17836e-06,-8.615601e-06,-2.4552628e-05,-2.0129663e-05,-9.271845e-06,1.0814051e-05,-2.5372916e-05,1.0640309e-05
-0.0023269483,0.99530846,-0.004461161,-0.0044736676,-0.0047661527,0.9950861,-0.00062556233,-0.004302668,-0.0002455962,0.99531716,-0.0045670387,-0.004472982,-0.0041973665,-0.0039316122,-0.00016635159,-0.0039670304,-0.0005665877,-0.0044532805,0.9953128,-0.0004217835,-0.0034956678,-0.0045505245,-0.003733103,-0.0024642309,-0.0038032823,-0.004219432,-0.0046147266,-0.0024801213,-0.0040444024,-0.0030748355,-0.003817511,-0.0015083278,-0.00476659,-0.003422203,-0.0028722496,-0.0035474333,-0.0034364418,-0.004739978,-1.168748e-05,-0.002770687,-0.0025644035,-0.0015889687,-0.0024738826,-0.002158928,-0.0042663496,-0.004257231,-0.0046357405,-0.0030471897,-0.003806002,-0.0037257995,-0.0033344051,-0.004451745,-0.0037397242,-0.0046842145,-0.0042700707,-0.0011571912,-0.0044770697,-0.0034916375,-0.0038917707,-0.0006223566,-0.004478796,-0.0045805504,-0.0045213634,-0.003542013,-0.0042615607,-0.0014089112,-0.0042200936,-0.0035355743,-1.6579272e-05,-0.0039323163,-0.004466486,-0.00436321,-0.0005402208,-0.0019065994,-0.004520894,-0.002498636,-0.0042619556,-0.0046933526,-0.003722029,0.9951562,-0.0003459738,-0.004235603,-0.0027476447,-0.0018778569,-0.0005531844,-0.0020306048,-0.0010342267,-0.004376235,-0.004683339,-0.0037448658,0.9953175,-0.0037353057,0.0,-0.0047859973,-0.001818226,-2.7149688e-05,-0.0030091936,-0.004198055,-0.001427341,-0.00456977,-0.0037577057,-0.0020554243,-0.0031836682,-0.00092868035,-0.00043580506,-0.003617061,1.1323662e-05,-0.001330485,-0.00083461957,-0.00093122746
0.0043970016,1.0015275,0.0048558232,0.00486074,0.004923805,1.0007879,0.004348376,0.0048142415,0.004489237,1.001046,0.0048889266,0.0048670913,0.004766112,0.0046657673,0.004479657,0.004690147,0.0043407083,0.0048653334,1.0009654,0.00437405,0.0046220077,0.0048906067,0.004654707,0.0044258437,0.0046354164,0.004777205,0.0049010343,0.004412098,0.004701372,0.004525961,0.0046403906,0.004286026,0.0049356474,0.0046098563,0.0044525075,0.004637604,0.0046066293,0.004934989,0.0047455807,0.0044394843,0.00443378,0.0043041203,0.0044264114,0.004357144,0.0048002843,0.0047966363,0.0049075936,0.0045270557,0.0046396484,0.0046701855,0.004590047,0.004876407,0.004649598,0.0049120537,0.004789661,0.0042731,0.004872392,0.00462401,0.0046565644,0.004289904,0.0048651686,0.0049001696,0.004883326,0.0046430225,0.004798189,0.0042702914,0.00476796,0.004632504,0.0045610555,0.0046723774,0.0048620934,0.0048218565,0.0043382505,0.004358082,0.0048896563,0.004416535,0.0047894353,0.004931899,0.0046750815,1.0006242,0.0043959455,0.004776412,0.0044644116,0.004345247,0.0043258425,0.0043414272,0.004272526,0.0048421356,0.004919729,0.0046451027,1.0012127,0.0046714502,0.004327344,0.0,0.0043393676,0.00529254,0.0045008645,0.004773282,0.0042740814,0.0048985006,0.004645003,0.0043483386,0.0045617204,0.0042668823,0.0043597175,0.004645548,0.0046872646,0.004288104,0.0042559183,0.004263652
-0.0018724794,0.9952677,-0.00447736,-0.004485342,-0.0048075696,0.9950429,-3.9374805e-05,-0.0042950977,1.4714748e-05,0.9952746,-0.004585823,-0.0044854474,-0.0041757803,-0.0038663577,-1.0909818e-05,-0.003910934,2.4201761e-05,-0.0044716764,0.995269,-1.1622087e-05,-0.0033766495,-0.004573283,-0.0036215202,-0.002089664,-0.003720114,-0.004197347,-0.004646673,-0.0020518836,-0.0040075206,-0.0027632336,-0.0037611143,-0.00051308196,-0.00480726,-0.0032343061,-0.0025269708,-0.0033808167,-0.003249258,-0.004775775,2.2078104e-05,-0.0023896627,-0.0021810727,-0.0005913705,-0.0020272273,-0.0016760867,-0.004259495,-0.004255793,-0.0046662213,-0.0027823874,-0.0037103395,-0.0035992812,-0.0031255204,-0.0044677234,-0.0036153933,-0.004724424,-0.0042535267,-9.9976925e-05,-0.004488643,-0.003298942,-0.0038168924,-1.1734777e-05,-0.0044934787,-0.00460307,-0.0045392374,-0.0033931262,-0.004250851,-0.00033948896,-0.004219767,-0.0033587678,1.0836885e-05,-0.0038716549,-0.0044797254,-0.0043696854,-4.5540553e-05,-0.0013958559,-0.004536437,-0.0020505453,-0.0042561027,-0.004726674,-0.0036386768,0.9951043,-1.9812427e-05,-0.0042289547,-0.002335479,-0.0013364437,1.8071041e-05,-0.0015338901,3.721616e-05,-0.0043771565,-0.004714645,-0.0036251792,0.99527425,-0.003618349,-0.0011533204,-0.0048288223,0.0,-1.770277e-05,-0.0027278063,-0.0041710455,-0.00041986807,-0.0045933863,-0.0036477412,-0.001515755,-0.0029472525,-3.1856656e-05,1.2429432e-05,-0.003477212,-8.608624e-06,-0.00024006038,2.3125247e-06,1.6365051e-05
-0.0065863756,0.994223,-0.0065449635,-0.0065522636,-0.006511554,0.99381965,-0.0067210076,-0.006553821,-0.0068518477,0.9941683,-0.0065501737,-0.0065506464,-0.0065467507,-0.006527115,-0.0068124416,-0.006530121,-0.006731515,-0.0065488787,0.9941524,-0.0067687714,-0.0066093127,-0.0065514827,-0.006565031,-0.0065707304,-0.006531309,-0.0065479167,-0.0065433388,-0.0065741856,-0.006531876,-0.0065710177,-0.006541693,-0.0066193193,-0.0065149716,-0.006588112,-0.0065726484,-0.0065856804,-0.0065790517,-0.006518904,-0.0070799883,-0.006571766,-0.006578831,-0.0066322093,-0.0065770797,-0.0065980116,-0.0065451954,-0.006547136,-0.0065353154,-0.0065725776,-0.006534013,-0.0065903096,-0.006581278,-0.006560299,-0.0065721245,-0.0065291636,-0.0065521644,-0.0066244383,-0.006553336,-0.0065830476,-0.006530123,-0.0066567464,-0.0065592392,-0.0065454976,-0.006547423,-0.0065897224,-0.006551353,-0.0066259345,-0.006549193,-0.0065847724,-0.006914682,-0.006529493,-0.0065521724,-0.006558222,-0.006707423,-0.0066018044,-0.006551865,-0.0065740566,-0.0065478603,-0.0065295077,-0.006587404,0.9939057,-0.0067674364,-0.006545444,-0.0065729194,-0.0066090613,-0.006711908,-0.0066087386,-0.0066271233,-0.0065587074,-0.0065333988,-0.006564576,0.99418944,-0.006585992,-0.0066116424,-0.0065079574,-0.0066079414,0.0,-0.006573297,-0.0065468997,-0.0066188397,-0.0065474967,-0.006546972,-0.0065979646,-0.0065702577,-0.0066406587,-0.0067261164,-0.0065902835,-0.0070136264,-0.0066091293,-0.0066383854,-0.0066229156
1.2196636e-05,0.99499273,-0.0029649732,-0.0029910721,-0.0036830849,0.9947992,-1.9920388e-05,-0.0026760171,1.6321414e-06,0.9949863,-0.0032407385,-0.003001381,-0.0024898795,-0.002042226,2.1170932e-05,-0.002114898,-3.1615502e-05,-0.0029679486,0.9949785,-3.8745957e-06,-0.0010687661,-0.003201309,-0.001586429,-3.6442918e-05,-0.0018316509,-0.002513309,-0.0033369318,6.4165795e-07,-0.002263981,-0.0003066668,-0.0018441222,-1.5520383e-05,-0.0036873391,-0.0009416189,-6.4647575e-05,-0.0011408997,-0.00097550335,-0.0036223987,-2.1409014e-05,-5.948688e-05,-2.516798e-05,-3.8722887e-05,1.1285647e-05,-2.5933421e-05,-0.0026368876,-0.0026286796,-0.0033945716,-0.00034128482,-0.001777976,-0.001492987,-0.00080148847,-0.002962301,-0.0015558028,-0.003488291,-0.002609195,-3.8969843e-05,-0.0030006263,-0.0010397388,-0.0019617027,-8.219325e-06,-0.0029836835,-0.003255591,-0.0031515048,-0.0011736891,-0.0026412015,1.3557154e-05,-0.0025572593,-0.0011100182,1.7732818e-05,-0.0020368863,-0.002981052,-0.0027932464,-5.842365e-07,7.683864e-07,-0.0031294033,-3.4362434e-05,-0.0026406988,-0.0035278932,-0.0015614209,0.9948476,-2.4159252e-05,-0.0025766536,-5.04918e-05,1.4285295e-05,2.048038e-05,-1.7387387e-05,-1.6910704e-05,-0.0027940455,-0.0034911812,-0.0015884181,0.99499035,-0.0015417215,-1.3111572e-05,-0.0037421566,2.0466678e-06,3.7208102e-07,0.0,-0.0025007701,-9.183051e-06,-0.0032528413,-0.0016603279,6.8650634e-06,-0.00054612255,-2.1333133e-05,1.52244775e-05,-0.0012745173,-2.2254428e-05,1.0079581e-05,1.5819762e-05,-2.677477e-05
0.00014870489,0.9957056,0.0019082242,0.0018845517,0.0023123077,0.9953256,8.542361e-06,0.0017543278,2.6815424e-05,0.9957422,0.0020196356,0.0019176068,0.001567466,0.0012223679,1.362421e-05,0.001274724,1.043277e-05,0.0019201762,0.99576205,3.1876785e-05,0.0007922942,0.001993955,0.0010385694,0.00025420723,0.0010468512,0.0016241968,0.002083642,0.00027156743,0.0013331913,0.0006261261,0.0010232014,2.912302e-05,0.0023278028,0.0007562926,0.00042690127,0.0008685686,0.0007763706,0.0023033435,1.60431e-05,0.0003671497,0.00029104052,-3.600516e-06,0.0002702398,3.5388835e-05,0.0016531526,0.0016597672,0.0021407257,0.0005266133,0.0010935502,0.0010091518,0.0006850567,0.0019214101,0.0010020031,0.002206847,0.001690877,1.4788354e-05,0.0019030238,0.0008247603,0.0011613087,-1.2013471e-05,0.0019175702,0.0020642616,0.0019697598,0.0008399092,0.0016751742,3.4409906e-05,0.0015671545,0.0008493084,6.2263935e-06,0.0012438219,0.0018920929,0.0017995628,1.9882016e-05,1.6120755e-05,0.0020014315,0.00025862013,0.001635673,0.002264175,0.0009633253,0.99591744,1.169158e-06,0.001622854,0.00041431867,1.2592645e-05,2.4419147e-05,1.11661375e-05,3.3074539e-06,0.0018284477,0.0021863591,0.0010252438,0.99573547,0.0009909695,2.7264585e-05,0.0023796218,1.2511253e-05,0.00071416626,0.0004910091,0.0,-9.406351e-06,0.0020227889,0.0010264512,1.7598384e-05,0.0006249107,1.0711571e-05,1.6010248e-05,0.00088949193,1.1330393e-05,3.1747008e-05,2.6828897e-05,2.9306425e-06
-0.0032722848,0.99536955,-0.004485629,-0.004496914,-0.004720668,0.99514943,-0.0022517475,-0.0043659625,-0.002047263,0.9953824,-0.0045631956,-0.004493586,-0.0042969114,-0.004108715,-0.0019966073,-0.0041329795,-0.0021869063,-0.004490114,0.99537784,-0.002178454,-0.003972509,-0.004546951,-0.0039968328,-0.00331481,-0.004043624,-0.0043030507,-0.004607521,-0.003317535,-0.004177444,-0.003631807,-0.004028025,-0.0027334408,-0.004718361,-0.0038395158,-0.0035157404,-0.0039023797,-0.003827844,-0.0046936814,-0.0020075403,-0.0034767096,-0.0034133173,-0.002863337,-0.003306222,-0.0030970755,-0.0043451604,-0.0043444526,-0.0046209856,-0.0036328959,-0.0040256046,-0.003996781,-0.00379649,-0.004485054,-0.0040143006,-0.0046478696,-0.004343354,-0.002620934,-0.0044976063,-0.0038583933,-0.004091175,-0.002453887,-0.0045016813,-0.0045751124,-0.00452911,-0.003908575,-0.0043493137,-0.0027721946,-0.004322189,-0.0038929037,-0.0020255414,-0.004112729,-0.0044869757,-0.004415285,-0.0022977586,-0.003073452,-0.00453389,-0.003345734,-0.0043536983,-0.0046615507,-0.0039950917,0.9952272,-0.0021152566,-0.004318368,-0.0034562342,-0.0030558303,-0.0021861752,-0.0030834465,-0.0025729616,-0.0044251014,-0.0046501346,-0.0040053786,0.99537736,-0.004013239,-0.002963398,-0.0047309077,-0.0030228554,-0.002451329,-0.0036052084,-0.0042911083,0.0,-0.0045729666,-0.004010076,-0.0030571811,-0.003705822,-0.002497315,-0.0021944328,-0.0039480757,-0.001907887,-0.0026594321,-0.0024603396,-0.0024218103
0.0026982094,0.9978146,0.0036365313,0.0036406373,0.0038059931,0.9977932,0.0025581238,0.003553639,0.0027554778,0.9976026,0.0037018738,0.0036510334,0.003463326,0.003297291,0.002753571,0.003328971,0.0025524644,0.0036482804,0.99760425,0.002607725,0.0031429231,0.0036945504,0.0032307315,0.0027626737,0.0032221752,0.003491267,0.0037267914,0.002763537,0.003356808,0.002984736,0.003222,0.002466972,0.0038183113,0.0031127476,0.0028540415,0.003162442,0.0031087943,0.0038078753,0.003078535,0.0028200585,0.0027901353,0.0025027038,0.002768232,0.0026059265,0.0035242871,0.0035116216,0.0037382883,0.0029636887,0.0032298488,0.0032239696,0.0030726409,0.003661968,0.0032062526,0.0037623595,0.003520602,0.0024615182,0.0036577133,0.0031371862,0.0032694133,0.0025154857,0.0036420275,0.0037187366,0.0036853089,0.003162764,0.0035245537,0.0024630988,0.00347352,0.0031487935,0.002857855,0.0033119603,0.0036421146,0.0035748994,0.0025476448,0.002596392,0.0036965157,0.0027562382,0.0035111818,0.0037945395,0.003223782,0.9976234,0.0026286605,0.0034919174,0.002853416,0.0025656926,0.0025367395,0.0025667914,0.002462695,0.003598311,0.0037719486,0.0032184706,0.9976556,0.0032214767,0.0025244416,0.0038416504,0.0025553883,0.0037884223,0.0029281261,0.0034731925,0.0024588706,0.0,0.0032124433,0.002588772,0.0030298384,0.002464269,0.0025868507,0.0031753452,0.0030165783,0.0024851575,0.0024533612,0.002467687
7.6205424e-06,0.994854,-4.26163e-06,7.753323e-06,1.4927574e-05,0.9950316,-1.8228448e-05,-4.480829e-06,5.3526205e-06,0.99490595,6.949087e-06,2.3331166e-05,1.7276794e-05,-3.6592771e-06,-1.1258168e-05,1.0945108e-05,-2.0917067e-05,-7.838394e-08,0.9949053,-1.297211e-05,6.9338753e-06,-4.9667433e-06,2.8780767e-06,6.5659e-06,1.2424153e-05,7.0982646e-06,-4.696445e-06,2.1708968e-06,8.799047e-06,4.0214272e-06,2.3021335e-05,2.0563646e-05,9.685342e-06,2.5541023e-05,-1.3607761e-05,-1.3592943e-05,-9.608526e-06,-1.200117e-05,1.3162028e-05,8.956032e-07,-4.0507352e-06,6.5252825e-06,-8.554604e-06,1.5262189e-05,-1.0926672e-05,-6.4269017e-07,1.35632845e-05,-4.791997e-06,4.391127e-06,-6.78283e-06,9.9936515e-06,4.98618e-06,-6.2084355e-06,1.3130601e-05,2.53001e-05,5.403214e-06,-1.220515e-05,-2.087238e-05,2.4187793e-05,-1.43019615e-05,-1.2278276e-05,2.5822399e-05,2.753328e-06,3.9622573e-06,-3.9669576e-06,2.0840214e-05,8.508756e-06,2.3885059e-05,-1.7450424e-05,1.6680115e-05,1.121154e-05,-1.446106e-05,2.3893797e-05,3.3081835e-06,-1.7536831e-05,-2.0139858e-05,1.7703507e-05,2.1717964e-05,3.1178001e-06,0.9949724,1.4180139e-05,-1.203702e-05,1.6330663e-05,1.4694619e-05,-2.0007306e-05,-1.2138756e-05,-2.0532589e-05,-1.5879548e-05,-1.190272e-05,-5.1375127e-06,0.9948936,-9.015121e-06,5.6049253e-06,1.787269e-05,-8.908563e-06,-1.9430681e-05,-4.9557807e-06,1.6821317e-05,-7.329265e-06,-4.4242825e-06,0.0,-1.5793119e-05,-3.9632237e-06,-7.91176e-06,-6.990335e-06,2.375644e-05,-8.45431e-06,-9.388238e-06,-2.1668577e-05,-5.986187e-07
-0.0011410438,0.9952445,-0.0044086496,-0.0044360575,-0.0047810315,0.9950309,4.297132e-06,-0.004197395,-6.8876525e-06,0.99525285,-0.0045384136,-0.0044149333,-0.004088588,-0.00375199,-5.009428e-06,-0.0037888966,-1.1853695e-05,-0.004413912,0.99524385,1.9849601e-06,-0.0033226635,-0.0045088376,-0.0034696395,-0.0012923813,-0.0036041802,-0.0041080797,-0.0046007065,-0.001191201,-0.0038908375,-0.0024944877,-0.003647795,3.1158146e-05,-0.00477205,-0.0030641293,-0.0022008023,-0.0031275565,-0.003029248,-0.004740582,-5.413149e-06,-0.0020781765,-0.0018889942,-5.475734e-07,-0.0011716787,-0.00074336416,-0.0041955216,-0.004187379,-0.00462592,-0.0025273322,-0.0035548536,-0.003419064,-0.0029252255,-0.0044110897,-0.0034754698,-0.0046711564,-0.0041604824,-4.383472e-05,-0.0044224514,-0.0030509175,-0.003713243,-2.2932145e-05,-0.004432511,-0.0045476602,-0.0044829594,-0.00319,-0.0041821483,-1.9666873e-05,-0.0041732024,-0.0031639577,2.1536069e-05,-0.003765037,-0.004407306,-0.0043092193,-2.118748e-05,-0.00058923854,-0.004482106,-0.0013437344,-0.0042043035,-0.0046814578,-0.003496844,0.9950919,-1.3850875e-05,-0.004148572,-0.001603601,-0.00051929674,5.894943e-06,-0.0006521333,8.607215e-06,-0.0043130796,-0.0046649156,-0.0034557604,0.99525017,-0.0034294496,-0.00027870853,-0.0047886204,-0.00043667224,2.2063425e-05,-0.002476688,-0.004082698,-1.9476047e-05,-0.0045475787,-0.0035136905,0.0,-0.0027528966,6.993363e-07,-1.12497255e-05,-0.0033137102,1.0246312e-05,1.1435403e-05,1.6256976e-05,2.3223616e-05
-2.4747005e-05,0.9948648,-0.0025197265,-0.0025418964,-0.0031959715,0.9946692,-1.3997725e-05,-0.0022406762,-8.4334415e-06,0.9948505,-0.0027575754,-0.0025474334,-0.002040254,-0.0015912286,-2.7111982e-05,-0.0016658218,-3.0517645e-06,-0.002518647,0.9948442,-2.328421e-06,-0.0007057446,-0.00272195,-0.0011108048,-3.3607105e-06,-0.0014018876,-0.0020681696,-0.0028570313,-8.009985e-06,-0.0018036789,-2.8368831e-05,-0.0013565752,6.2203603e-06,-0.0031606604,-0.0005874568,-1.46926495e-05,-0.00079180324,-0.0006208266,-0.003145172,1.4322077e-05,-2.5400195e-05,-2.0824436e-05,-1.3564801e-06,-1.7516508e-05,-4.3901953e-05,-0.0021793293,-0.0021683292,-0.002930821,-8.116625e-05,-0.0013501622,-0.0010186555,-0.00046534318,-0.0025077402,-0.001080078,-0.0030152274,-0.0021753546,-8.217742e-06,-0.0025684235,-0.00069378316,-0.001501066,1.4289918e-05,-0.0023959412,-0.002785469,-0.0026746823,-0.00082050293,-0.0022011693,1.1210186e-05,-0.0021164773,-0.0007501545,-1.7133707e-05,-0.0015849611,-0.002504513,-0.0023485192,8.137763e-06,1.5059876e-05,-0.0026566852,-3.4646462e-05,-0.0021994407,-0.0030468972,-0.0010588964,0.99472106,1.3259624e-05,-0.002117881,-5.1284915e-05,-1.443212e-05,1.5469963e-05,-4.2420357e-05,1.9275938e-06,-0.0023462353,-0.0030139168,-0.0011169028,0.99485666,-0.001101662,1.2893118e-05,-0.0032908353,-4.7509868e-05,-2.0773226e-05,-9.873233e-06,-0.002055229,7.143968e-06,-0.002779008,-0.001247024,-5.0180734e-05,0.0,-4.7659673e-06,1.6998169e-05,-0.0008411144,-5.3240715e-06,-3.7325095e-05,-2.5475782e-05,-6.796851e-06
-0.0040988442,0.9953426,-0.004755749,-0.0047624586,-0.004896971,0.99510497,-0.0037754064,-0.004687541,-0.0037737554,0.9953498,-0.0048068194,-0.004763262,-0.004635761,-0.004521245,-0.0036564132,-0.0045373826,-0.0037595711,-0.0047577387,0.9953465,-0.0036860392,-0.0044593182,-0.0047993776,-0.004474117,-0.0041386825,-0.0044845305,-0.0046474217,-0.0048307166,-0.0041305865,-0.0045670206,-0.004271949,-0.0044915597,-0.0039260113,-0.00489793,-0.004403079,-0.004230069,-0.0044333953,-0.0043942123,-0.0048847534,-0.0038682888,-0.0041984366,-0.004175867,-0.003958096,-0.004133875,-0.004066236,-0.0046690856,-0.004665148,-0.004839819,-0.004288384,-0.0044831857,-0.0044831545,-0.004373472,-0.00475921,-0.004475303,-0.004861064,-0.004668141,-0.0038337584,-0.0047668912,-0.0044085365,-0.00450794,-0.003711585,-0.0047633685,-0.0048076976,-0.0047841105,-0.0044354047,-0.0046640798,-0.0039024968,-0.004653994,-0.0044205086,-0.0036612928,-0.0045231744,-0.0047598723,-0.0047166054,-0.003742739,-0.0040259673,-0.0047853594,-0.0041227965,-0.0046706446,-0.0048682666,-0.0044912794,0.99516976,-0.0037037572,-0.004656814,-0.004179972,-0.0040223785,-0.0037514197,-0.004063842,-0.0038065847,-0.0047201235,-0.0048532262,-0.004469614,0.9953502,-0.004487738,-0.0039875084,-0.004914451,-0.003993908,-0.0045232237,-0.0042697135,-0.004633945,-0.0039042225,-0.0048097484,-0.004469276,-0.0040485184,-0.004319815,0.0,-0.003682312,-0.004461517,-0.0037584186,-0.003863467,-0.0037459717,-0.0037462292
-0.0051481994,0.9950572,-0.0053775567,-0.005384946,-0.005427056,0.99478626,-0.005146312,-0.0053478545,-0.005231675,0.99504644,-0.005403578,-0.005384881,-0.005323096,-0.005262451,-0.005184184,-0.005270579,-0.0051572225,-0.0053820056,0.99503684,-0.005154992,-0.005297755,-0.0054008937,-0.0052633225,-0.0051489132,-0.0052478635,-0.0053287763,-0.005409803,-0.0051335525,-0.0052854433,-0.0051919096,-0.005264534,-0.0051115723,-0.005430744,-0.0052500996,-0.005175106,-0.0052547976,-0.0052437405,-0.0054280143,-0.005436509,-0.0051672948,-0.005164595,-0.005146468,-0.0051391553,-0.005145243,-0.0053369636,-0.005337893,-0.0054106913,-0.005196919,-0.0052496176,-0.005285452,-0.0052347668,-0.0053848284,-0.0052661435,-0.005419906,-0.0053393827,-0.0050833477,-0.0053889584,-0.005248177,-0.005261089,-0.0050676805,-0.0053882156,-0.005403295,-0.005394211,-0.00526458,-0.0053378716,-0.005103633,-0.005329879,-0.0052595255,-0.0052835476,-0.0052626925,-0.0053822086,-0.0053630313,-0.005115894,-0.005125085,-0.0053963796,-0.0051474744,-0.0053368094,-0.0054214327,-0.0052905045,0.99484724,-0.0051472373,-0.0053309314,-0.0051565915,-0.005141895,-0.0051337993,-0.0051474036,-0.0050706957,-0.0053659976,-0.005418679,-0.0052586677,0.9950507,-0.005281944,-0.0051266183,-0.0054332167,-0.005124149,-0.006241211,-0.0051945746,-0.0053230613,-0.0050962735,-0.0054040705,-0.005254167,-0.005123928,-0.0052143876,-0.0050716302,0.0,-0.0052731554,-0.0053591896,-0.005065105,-0.0050692824,-0.0050540296
-4.34993e-05,0.9944436,-0.0010735332,-0.001145258,-0.0016975411,0.9942395,-3.3381362e-05,-0.000752931,-3.1884636e-05,0.9944186,-0.0012863455,-0.0011033044,-0.0006629489,-0.00039299898,-1.4009378e-05,-0.0004480402,4.799735e-06,-0.0010212107,0.99440473,-1.9820878e-05,-5.67575e-05,-0.0012556069,-0.0001175043,-2.784239e-05,-0.00028462947,-0.00066667446,-0.001438223,1.2790694e-05,-0.00050875964,-4.0229574e-05,-0.00028454416,1.303542e-06,-0.001738971,-3.0639715e-06,7.872149e-06,-1.6792541e-05,-1.0943301e-05,-0.0016228999,-2.0379604e-05,-1.797468e-05,7.948455e-06,-1.3533297e-05,8.151688e-06,-1.9888463e-05,-0.00075510977,-0.00074740505,-0.0014687198,1.19327315e-05,-0.00023494478,-7.3446136e-05,-1.8418781e-05,-0.0010485996,-0.00011751601,-0.0015762972,-0.0007194919,-4.1211566e-05,-0.0011006406,-3.604017e-05,-0.00035030287,-2.4402558e-05,-0.0010559473,-0.0013067257,-0.0011712646,-4.313333e-05,-0.0007422233,-4.1953776e-05,-0.0006894818,-6.7313877e-06,-1.8731407e-07,-0.00038659724,-0.001124529,-0.00088542164,-2.6483001e-05,-3.669474e-05,-0.0011719358,-2.4704455e-05,-0.00075815746,-0.0015117128,-0.00012663899,0.994289,-3.378825e-05,-0.00070329936,-1.8736586e-05,-4.4516903e-05,-3.4948098e-06,8.514404e-06,-3.3626617e-05,-0.0009790753,-0.0014902655,-0.0001384645,0.9944302,-0.0001019908,-4.087739e-05,-0.0017474592,-7.538434e-06,-2.3093447e-05,-2.439539e-05,-0.0006641685,-1.0421645e-05,-0.001297257,-0.0001834298,-2.855359e-05,-4.7268357e-05,1.3080155e-05,-5.7693314e-06,0.0,-3.0691914e-05,-4.032125e-05,-1.5116183e-05,-3.83081e-05
-0.0060258326,0.9946035,-0.006059392,-0.006066395,-0.006055696,0.99425304,-0.006123465,-0.0060569146,-0.0062541943,0.994566,-0.0060696523,-0.0060657985,-0.0060443245,-0.0060107093,-0.0062020887,-0.0060142106,-0.0061271708,-0.006063695,0.994553,-0.006167438,-0.00607567,-0.0060696676,-0.0060399347,-0.006011614,-0.006012155,-0.006046905,-0.0060712984,-0.0060134996,-0.00602095,-0.0060211485,-0.0060215914,-0.0060344744,-0.006059062,-0.0060508903,-0.006023733,-0.006050979,-0.0060456176,-0.0060586296,-0.006479713,-0.0060185725,-0.0060250103,-0.0060533336,-0.006015012,-0.006031274,-0.006047325,-0.006048831,-0.0060644452,-0.006026754,-0.006012823,-0.006061529,-0.0060449746,-0.0060732365,-0.0060463613,-0.006062275,-0.0060532433,-0.0060358727,-0.0060679736,-0.0060468363,-0.0060112146,-0.006068056,-0.0060730074,-0.0060704937,-0.0060669016,-0.006058981,-0.0060493215,-0.006046041,-0.0060482877,-0.006052661,-0.0063052117,-0.006012416,-0.006066038,-0.0060644173,-0.0061181723,-0.0060341996,-0.006070784,-0.0060150204,-0.0060504144,-0.006064411,-0.0060604876,0.9943354,-0.006167131,-0.006047013,-0.0060213413,-0.0060419734,-0.0061103916,-0.006041419,-0.0060356064,-0.0060635908,-0.0060662115,-0.006038184,0.99458075,-0.0060621253,-0.0060359375,-0.006055332,-0.006038902,-0.0073427805,-0.0060278466,-0.006041368,-0.006034417,-0.006072645,-0.006024956,-0.0060307817,-0.0060313735,-0.0060505643,-0.0061277454,-0.0060645007,0.0,-0.006025983,-0.0060476647,-0.006024721
-0.003249545,0.99537754,-0.0044598193,-0.004473694,-0.004700901,0.9951657,-0.0023788651,-0.0043402584,-0.002071598,0.99539363,-0.0045439377,-0.0044715875,-0.0042659123,-0.004091149,-0.0020638593,-0.0041150493,-0.0023294243,-0.0044654394,0.99538696,-0.002176811,-0.0039407555,-0.004530829,-0.003972269,-0.0033106108,-0.004019626,-0.0042782314,-0.0045859576,-0.0032630435,-0.0041700606,-0.0035765392,-0.004047999,-0.0027805788,-0.004702355,-0.0038198405,-0.0034936618,-0.0038550983,-0.0038071275,-0.0046805115,-0.0021114342,-0.0034425056,-0.0033728534,-0.0029027613,-0.003263458,-0.0031334327,-0.0043229237,-0.0043209963,-0.0045938245,-0.0036055706,-0.004005592,-0.003979484,-0.0037590165,-0.004462645,-0.0039791274,-0.0046349275,-0.0043159234,-0.0026181857,-0.0044788467,-0.0038216587,-0.004070117,-0.002345259,-0.0044763577,-0.0045505897,-0.004509478,-0.0038796898,-0.004321458,-0.002736153,-0.004305063,-0.0038688076,-0.0021019124,-0.0040939613,-0.004465088,-0.0043881666,-0.0023033032,-0.003036286,-0.004512096,-0.0033143423,-0.0043232287,-0.004641012,-0.0039996183,0.9952217,-0.0021209577,-0.004299361,-0.0033899464,-0.0030356897,-0.0022950128,-0.0031022097,-0.0025518723,-0.0044025076,-0.004625545,-0.003970874,0.99538684,-0.003978717,-0.0029569378,-0.004716612,-0.0029777607,-0.00248066,-0.003588938,-0.0042670704,-0.0027334737,-0.004549945,-0.003984506,-0.0030314191,-0.0036846595,-0.002457544,-0.0020958323,-0.003920233,-0.0019756984,0.0,-0.0024339738,-0.0024296967
-0.0043319445,0.9953113,-0.004866144,-0.004874656,-0.0049873777,0.9950747,-0.004092742,-0.0048080957,-0.004115064,0.9953152,-0.0049122935,-0.004874545,-0.0047635115,-0.004664129,-0.004051319,-0.0046780207,-0.004087741,-0.0048683044,0.99531096,-0.0040678773,-0.0046129143,-0.00490724,-0.0046301843,-0.004352835,-0.004630639,-0.0047746827,-0.004930451,-0.0043534343,-0.004702108,-0.0044695428,-0.00464348,-0.004192128,-0.004989069,-0.004568138,-0.0044330517,-0.0045959977,-0.004564969,-0.0049792845,-0.004253411,-0.0044086473,-0.004383443,-0.0042274646,-0.004354014,-0.004310393,-0.0047914516,-0.0047876844,-0.004936499,-0.004472968,-0.004629578,-0.0046443986,-0.004546953,-0.0048711444,-0.0046347072,-0.0049565393,-0.0047926703,-0.0041205273,-0.0048777433,-0.004578566,-0.0046540485,-0.004043711,-0.0048739584,-0.004915498,-0.004891888,-0.00460254,-0.004789902,-0.0041812356,-0.004777989,-0.004596687,-0.0041225045,-0.004666454,-0.004872076,-0.004834262,-0.004060859,-0.0042709066,-0.0048955437,-0.004352528,-0.0047902474,-0.004960733,-0.0046439334,0.99514467,-0.004058942,-0.0047803265,-0.0044046184,-0.0042697615,-0.0040715556,-0.00429999,-0.004099773,-0.0048382143,-0.004955317,-0.004628293,0.99531704,-0.004643213,-0.0042335205,-0.0049980045,-0.004256223,-0.004966965,-0.0044656754,-0.004762743,-0.0041827653,-0.0049167387,-0.0046265917,-0.0042898166,-0.004503323,-0.004079988,-0.0040442836,-0.0046210177,-0.0041784653,-0.004150678,0.0,-0.004064715
-0.0041524842,0.9953441,-0.004766124,-0.0047789803,-0.00490648,0.99511313,-0.0038257844,-0.004698585,-0.0038106008,0.9953497,-0.004820101,-0.0047739027,-0.00465314,-0.0045460584,-0.0037017725,-0.004558978,-0.0037944966,-0.0047726035,0.99534607,-0.0037824644,-0.0044925413,-0.0048115645,-0.004502919,-0.0041765715,-0.004512292,-0.0046600453,-0.0048454893,-0.0041653165,-0.004584167,-0.004308746,-0.00451468,-0.0039576944,-0.004910562,-0.0044355355,-0.0042779134,-0.0044550407,-0.004427752,-0.004895227,-0.0039282986,-0.004245645,-0.004222368,-0.0040148553,-0.0041789943,-0.004106877,-0.0046871873,-0.0046832636,-0.0048506106,-0.0043208376,-0.0044986694,-0.004507966,-0.0044006705,-0.004778204,-0.0045050443,-0.0048686913,-0.004686656,-0.0038946178,-0.0047807135,-0.004433138,-0.004533384,-0.003811668,-0.0047737774,-0.0048234668,-0.004799396,-0.004467319,-0.004685507,-0.003979861,-0.004676646,-0.004451674,-0.0038217155,-0.004544579,-0.0047724834,-0.0047325385,-0.003812102,-0.0040898016,-0.0047982135,-0.004181106,-0.0046896567,-0.0048764767,-0.004508073,0.99518156,-0.003771449,-0.0046693287,-0.0042355997,-0.004080801,-0.0037901697,-0.004115335,-0.0038712523,-0.004734609,-0.004868374,-0.0044937986,0.9953481,-0.0045115994,-0.0040393276,-0.004920877,-0.004066473,-0.0046032653,-0.00431362,-0.004652828,-0.003947075,-0.0048269485,-0.004493435,-0.0040771677,-0.0043582604,-0.0038325891,-0.0037496027,-0.004488976,-0.0037958692,-0.0039112945,-0.0038197078,0.0
