1,2,3,4,5,6,7,8,9,10,11,12,13,14,15,16,17,18,19,20,21,22,23,24,25,26,27,28,29,30,31,32,33,34,35,36,37,38,39,40,41,42,43,44,45,46,47,48,49,50,51,52,53,54,55,56,57,58,59,60,61,62,63,64,65,66,67,68,69,70,71,72,73,74,75,76,77,78,79,80,81,82,83,84,85,86,87,88,89,90,91,92,93,94,95,96,97,98,99,100,101,102,103,104,105,106,107,108,109,110
0.0,0.0084100105,0.009659342,0.005615671,0.009924671,0.006081723,0.0085354075,0.010025182,0.008879884,0.008609785,0.008830871,0.0040913355,0.005526425,0.00901943,0.009846403,0.009611266,0.009227798,0.009275953,0.0057807947,0.009346345,0.0095613515,0.001180809,0.007699074,0.008614448,0.0041294573,8.313807e-06,0.00742112,0.0024760258,0.008624436,8.361808e-06,0.010119656,5.7556995e-06,0.009670527,0.010121711,0.00511591,0.009408695,0.007109543,0.008314796,0.008918286,0.004693972,0.00059194484,8.808275e-06,6.8843146e-06,0.009664163,0.0025637487,0.005642546,0.009807924,0.00961485,3.3178615e-06,0.009473578,0.0007873311,0.009434527,0.007506145,0.01013903,0.009633856,0.009293458,0.009593927,0.0057024537,0.009091763,0.0009675123,0.007553537,0.0064555397,0.009093258,0.008067978,0.0069439984,0.009113488,0.009443761,0.0054096524,7.693756e-06,0.00580596,0.008329747,0.009211199,0.009936331,0.0058814376,0.003552428,0.0058179786,0.010274509,0.009815164,0.008695689,0.009289423,0.008962692,0.0028863803,0.008552774,0.009153099,0.009680056,0.00842002,0.009647962,0.0019928243,0.009641185,0.010548785,6.745493e-06,0.009403963,0.0045946864,0.008218932,0.0049664215,0.006760134,0.007127905,0.0071339295,0.008738418,1.8974991e-06,0.0049011656,0.003451496,0.0049086013,0.009787161,0.0054183383,5.849271e-06,0.007754182,0.0037100997,0.015631558,5.6514195e-06
0.008478664,0.0,0.010410925,0.0068696174,0.010364735,0.0068755248,0.009339811,0.010474038,0.009409379,0.009178892,0.009385005,0.0048761964,0.006372107,0.00963049,0.010447381,0.0101942755,0.009694061,0.009938116,0.0064871307,0.009678832,0.010020522,0.001993125,0.008285965,0.009175271,0.004862161,1.0954505e-05,0.007887314,0.0032970887,0.009134895,8.239034e-06,0.01050323,9.298136e-06,0.009972554,0.010355217,0.0059225396,0.009910558,0.0075727464,0.008972703,0.009408261,0.005433381,0.0017163625,5.6993736e-06,7.718085e-06,0.010318629,0.0034799078,0.006327538,0.010189666,0.010116013,8.162395e-06,0.010015103,0.0016204821,0.009852556,0.008430267,0.010666013,0.0100626815,0.009865914,0.010128108,0.006454928,0.009722521,0.0020218955,0.008128906,0.0072443117,0.009695324,0.008681454,0.00752167,0.009672025,0.010026078,0.0062293815,7.6272017e-06,0.0064415894,0.008817705,0.009696733,0.010516897,0.0069022025,0.004097761,0.00661301,0.010816171,0.010283052,0.0092589855,0.009858692,0.009604881,0.0037347884,0.00916797,0.010037247,0.010221119,0.009199419,0.0102317175,0.0029580703,0.010276482,0.011051276,1.1536987e-05,0.010007812,0.0048167105,0.008804635,0.005900102,0.0073808385,0.007977226,0.007838997,0.009305423,8.6061345e-06,0.0058380277,0.0042162067,0.005624723,0.010259965,0.006264995,8.6498785e-06,0.00823481,0.0044482904,0.01591029,8.955208e-06
0.010679959,0.0113387145,0.0,0.008542047,0.0131186275,0.008934046,0.011374265,0.013350203,0.011673886,0.011628287,0.011767156,0.006958085,0.007996085,0.012226244,0.013164216,0.012635677,0.012051576,0.012266455,0.008579585,0.01281562,0.013275756,0.0042355736,0.0105335,0.011330906,0.0069926074,0.0016460873,0.010320459,0.0057103783,0.011408131,7.4715053e-06,0.01327408,8.4066605e-06,0.013078281,0.0131334225,0.007945621,0.012464764,0.009738765,0.0122943185,0.011915097,0.0073663606,0.0035840278,8.519105e-06,2.8722188e-06,0.013048073,0.0055098906,0.008417563,0.012779446,0.012555353,4.0112263e-06,0.012436019,0.0038493986,0.012328941,0.0101852985,0.0137082655,0.012938753,0.012390406,0.0134568615,0.008535353,0.012139208,0.004037212,0.010399016,0.009088793,0.011681726,0.010927455,0.009527532,0.012705346,0.012236003,0.008255923,7.631968e-06,0.008512699,0.012384722,0.012890066,0.013164922,0.008490483,0.0063529,0.008673387,0.013493731,0.013811914,0.012298327,0.011944058,0.011938038,0.005465403,0.011431904,0.012183041,0.012924331,0.011340825,0.012644897,0.0053598597,0.014024999,0.013902474,9.846362e-06,0.012328635,0.007770029,0.011152593,0.007818856,0.009460136,0.010079143,0.009889418,0.0114312,3.7298441e-06,0.007761669,0.0066162203,0.0076183793,0.012828722,0.0081569785,7.2120197e-06,0.010619826,0.0067118653,0.01831552,8.588665e-06
0.006424829,0.0076176766,0.008510413,0.0,0.008080464,0.0049190912,0.007682476,0.008564736,0.0077518816,0.0073216124,0.007851812,0.0027447185,0.005736527,0.0077412343,0.009206558,0.008420087,0.008408762,0.008428309,0.004405695,0.008549288,0.008895105,5.7014913e-06,0.0061519016,0.0073361993,0.0028263964,3.1753038e-06,0.005667082,0.0009232011,0.007570753,8.244561e-06,0.009272892,5.801811e-06,0.009309089,0.008732198,0.0042857816,0.007552231,0.005261862,0.008467964,0.007832998,0.003288302,0.0008789058,4.6028777e-06,7.745144e-06,0.008977412,0.0011927008,0.0046974584,0.008445997,0.00785417,5.2870814e-06,0.00860858,4.0085033e-06,0.008383488,0.0068752537,0.009102641,0.008779617,0.008331442,0.008827809,0.0042481627,0.008143785,0.00021448801,0.0062234057,0.005638128,0.008072663,0.006578146,0.005230881,0.008330213,0.008624455,0.004052948,3.5855103e-06,0.0044073006,0.008444026,0.008446657,0.008396835,0.0059716213,0.0019918107,0.0045956974,0.009256939,0.008625696,0.008962778,0.0080617955,0.0077838628,0.0018246613,0.007117266,0.008416309,0.008795073,0.0075591924,0.008562613,0.0005606578,0.008815519,0.00956124,5.3018452e-06,0.008256469,0.0014640492,0.0067736018,0.003865645,0.0054643196,0.006284709,0.0063793594,0.0076989955,7.541855e-06,0.0038876683,0.0019275239,0.0033780488,0.008301406,0.005040973,6.1697006e-06,0.006115522,0.001709527,0.016449992,3.379331e-06
0.009958052,0.01058744,0.012167385,0.007842892,0.0,0.008291326,0.010664135,0.012676619,0.011045606,0.0108328145,0.010975293,0.0064216927,0.0070555317,0.011535802,0.0122107575,0.011867383,0.011075586,0.011383279,0.00811059,0.012165579,0.012666244,0.0036976067,0.00991454,0.010738019,0.006421069,0.0010421802,0.009815754,0.005233283,0.01065474,7.318225e-06,0.01270838,5.870205e-06,0.012465771,0.0124166515,0.0072049,0.01184626,0.009354144,0.010903138,0.011047333,0.006958359,0.0028297326,6.8827144e-06,4.2179713e-06,0.01222981,0.005053069,0.0076355333,0.01212208,0.011701122,4.824036e-06,0.011495646,0.0033612272,0.011690648,0.009408564,0.012900464,0.0118885925,0.011592747,0.01280967,0.008091805,0.011324549,0.0035825616,0.009631235,0.008341269,0.010981223,0.01028947,0.008936545,0.011819662,0.011431289,0.007951477,8.1836415e-06,0.007907147,0.011364346,0.011983178,0.012532085,0.0076723616,0.0057491562,0.008156624,0.012706737,0.012660098,0.011482859,0.0113808485,0.011253571,0.004920069,0.010845882,0.01131918,0.012014675,0.010388311,0.011932803,0.0045388276,0.012996444,0.013079076,6.739273e-06,0.011596711,0.0074999137,0.010547595,0.007226576,0.008935493,0.009228785,0.009144957,0.010837757,3.2765258e-06,0.0072845165,0.0061132237,0.006989499,0.012158295,0.007598541,4.912078e-06,0.00992654,0.006474353,0.017499479,7.157626e-06
0.005786643,0.0067305123,0.008236113,0.00402639,0.008214829,0.0,0.00685145,0.008573877,0.0072910977,0.0068097003,0.0074465903,0.0021640009,0.0034982401,0.007421481,0.009013921,0.008074388,0.00781456,0.007937302,0.0037525652,0.009167727,0.008806889,9.151467e-06,0.0057233376,0.006859742,0.0017892995,9.838119e-06,0.005300408,0.0010520822,0.006854134,1.1867643e-05,0.009091352,1.1022861e-05,0.009446616,0.00887146,0.002947444,0.00776364,0.0052408692,0.009176887,0.007305755,0.0026654107,1.1088424e-05,9.740563e-06,9.928689e-06,0.00875637,0.001089443,0.0035557717,0.008707116,0.007903234,1.269188e-05,0.008315511,1.11686595e-05,0.007937454,0.0058495943,0.009335312,0.009187203,0.007962093,0.009379352,0.0041503417,0.007595203,1.0362475e-05,0.00566311,0.004434393,0.0073974007,0.006095665,0.004999924,0.008542018,0.008116272,0.004267753,9.504927e-06,0.0036761735,0.008972288,0.009061343,0.008530157,0.0042919903,0.0010968324,0.004301517,0.008985727,0.008891047,0.009078929,0.007512208,0.0071540033,0.00066912174,0.0068502836,0.00759614,0.009077111,0.006714777,0.0080019,9.501818e-06,0.00907171,0.009344803,1.3132741e-05,0.007638741,0.0031391587,0.0064182384,0.003474755,0.0049786745,0.005042084,0.0052796495,0.0071198265,1.0091794e-05,0.0030367044,0.0017168025,0.0031386027,0.008074225,0.0035263554,8.785236e-06,0.0060810763,0.0025273513,0.015885627,1.1103064e-05
0.008270984,0.009173527,0.01022311,0.006568293,0.010300964,0.006784068,0.0,0.010441367,0.009461251,0.009251027,0.00933621,0.0049499427,0.006426552,0.009617081,0.0103791,0.010177856,0.009813588,0.009909235,0.006398303,0.009659742,0.0099389935,0.0021126443,0.008215418,0.009206477,0.0050058058,7.888017e-06,0.0080487365,0.0031882355,0.009127211,5.73244e-06,0.010259642,6.7154683e-06,0.009965502,0.010503714,0.0058973725,0.009920291,0.007448757,0.008708579,0.009364893,0.005224709,0.0019688134,4.919587e-06,7.755721e-06,0.0103371795,0.0032325275,0.0063241837,0.010049671,0.009954932,5.3557287e-06,0.0100378245,0.001542376,0.009890809,0.008266058,0.010632069,0.010114389,0.009975732,0.010021599,0.00628081,0.00967783,0.00184301,0.008142593,0.007099071,0.009515353,0.008631315,0.007508048,0.009630253,0.010043377,0.0060868,5.9626236e-06,0.006428562,0.00881399,0.009749009,0.010356861,0.0067193257,0.0042431536,0.0064419466,0.010675335,0.010269801,0.009231469,0.009637329,0.009334143,0.0037034878,0.008973884,0.009841675,0.010253966,0.008998099,0.010185252,0.002746412,0.010302342,0.010832283,8.376328e-06,0.009960396,0.004899539,0.0087118745,0.0057115494,0.0072957017,0.00786084,0.007853791,0.00936338,4.5780866e-06,0.0056731286,0.0041924315,0.0054633687,0.010206866,0.006255065,5.9387944e-06,0.008096342,0.0041712667,0.015522094,5.914362e-06
0.010893498,0.011479539,0.013261948,0.008664352,0.013439905,0.009188414,0.011562816,0.0,0.0119473245,0.011906395,0.012184073,0.007444631,0.008173434,0.012519824,0.013681239,0.012994292,0.012194564,0.012433129,0.008946909,0.013424523,0.013776172,0.0047524925,0.010849129,0.011561826,0.0074128243,0.0023315423,0.010746782,0.0060752127,0.011486601,6.7603705e-06,0.013761299,0.00024100902,0.013675834,0.0135106975,0.0081247,0.012713953,0.010068803,0.01296209,0.0121124275,0.0076574082,0.003878414,8.0552745e-06,2.9494963e-06,0.013442807,0.0059600826,0.008646894,0.0132313585,0.012774689,7.4201644e-06,0.012848018,0.004378244,0.012740361,0.010394549,0.014099964,0.013382932,0.0127067445,0.0141436625,0.008717112,0.012310598,0.004514791,0.010544367,0.009142252,0.012010285,0.011112513,0.009880536,0.01309551,0.012432284,0.008748408,7.18308e-06,0.00889579,0.01309615,0.013374077,0.013605957,0.008623534,0.0068209344,0.009116352,0.013733166,0.014219721,0.012938389,0.01211129,0.0120086465,0.0058170697,0.011695034,0.01220134,0.013371249,0.011370215,0.012769748,0.0056784926,0.014521604,0.014261756,0.00039210453,0.012516979,0.008283048,0.011505071,0.007921859,0.009659785,0.010240336,0.010138347,0.011677966,1.2027275e-06,0.007983501,0.00685615,0.007910379,0.013079247,0.008292708,5.825272e-06,0.010681088,0.007269582,0.018802175,5.1065804e-06
0.009127034,0.009647924,0.0109061245,0.006767408,0.0112556815,0.007248605,0.00976269,0.011325853,0.0,0.009905997,0.010364718,0.005506799,0.0069147013,0.010342064,0.01132068,0.01099372,0.010489866,0.010690038,0.0071292054,0.010911651,0.011164439,0.0025739456,0.008835412,0.009845345,0.0057633882,7.231163e-06,0.008821794,0.0036834676,0.009832915,6.717227e-06,0.011373269,4.963315e-06,0.011256371,0.011430191,0.0066136844,0.010589332,0.008169174,0.01041623,0.010232975,0.005794213,0.002310769,2.6338043e-06,3.901252e-06,0.01135428,0.0036352116,0.007078614,0.0111286165,0.01080114,3.5242938e-06,0.010804311,0.00204135,0.0108227385,0.008818071,0.011594066,0.011111971,0.010801172,0.011111009,0.00680447,0.010597008,0.0022411894,0.008931126,0.007681096,0.010304157,0.00924402,0.008136443,0.010907592,0.010744656,0.00661133,7.310865e-06,0.0069055604,0.010307121,0.010835905,0.011272454,0.0071503036,0.0049082604,0.0070310123,0.01148397,0.011356185,0.010272333,0.010298307,0.010085312,0.0040979395,0.009692679,0.010478795,0.0112556005,0.009440942,0.010810038,0.0033966564,0.011308099,0.0116924755,4.6089012e-06,0.010756816,0.005712005,0.009755441,0.006052937,0.0077016004,0.008632684,0.008579289,0.010163753,-3.7623553e-07,0.0061834916,0.004870139,0.0059881792,0.0109141935,0.006742338,3.3698316e-06,0.0087207,0.0046581845,0.015949808,5.8651735e-06
0.008941645,0.009491739,0.010899922,0.006761454,0.010893169,0.0069915685,0.00957806,0.011106031,0.0100243995,0.0,0.0101254545,0.0053427275,0.0067249774,0.010120477,0.011081991,0.01081053,0.01037337,0.010629838,0.006872842,0.0105635235,0.010724091,0.0023983328,0.008721727,0.009737436,0.005565236,6.361296e-06,0.00877177,0.0034309593,0.009737532,9.151932e-06,0.011181932,8.764609e-06,0.010857202,0.011192808,0.0063440446,0.010407726,0.008157526,0.009873098,0.010207206,0.0056084148,0.0019904692,6.0050547e-06,6.1501714e-06,0.011081522,0.003384597,0.0068807984,0.010874641,0.010501107,7.6046035e-06,0.010672358,0.0017271186,0.0104897935,0.008621316,0.011315905,0.010801977,0.010586053,0.010755132,0.0067302156,0.010354431,0.0019706837,0.008585971,0.0076326947,0.010155689,0.009059655,0.007822469,0.0105185,0.010731988,0.0063277953,8.869071e-06,0.0068395766,0.009919255,0.010542927,0.010954058,0.006947112,0.004706423,0.0067182905,0.011318679,0.010857059,0.009863226,0.010168496,0.00999955,0.0038687421,0.009563446,0.010264041,0.01094792,0.0093597,0.010598153,0.0031978083,0.0108974315,0.011523431,8.405723e-06,0.010460115,0.005555164,0.009493857,0.0058664833,0.00761118,0.00843395,0.008430845,0.009855239,3.6316112e-06,0.0059873424,0.004521271,0.0056622657,0.010936642,0.0067688855,8.211863e-06,0.008689161,0.0043535456,0.015967503,6.4263845e-06
0.009408777,0.01004275,0.011533567,0.0071501797,0.011495083,0.007383393,0.010178184,0.011858598,0.010740098,0.010484208,0.0,0.0057157986,0.007335547,0.010647264,0.012161672,0.01147917,0.011375338,0.011389811,0.0074809184,0.011966875,0.011911451,0.0027851101,0.009152472,0.010353438,0.0059754504,0.00027221467,0.009367941,0.004068076,0.010208974,3.0453493e-06,0.011956896,5.6957633e-06,0.0121244285,0.012008038,0.0068872585,0.010974626,0.008484541,0.011551282,0.010792779,0.0060451785,0.0025809184,2.080998e-06,5.490023e-06,0.012015874,0.0039558467,0.0073105507,0.011804209,0.011061101,5.1145653e-06,0.011579925,0.0023189262,0.011485804,0.009009927,0.012343221,0.012128921,0.011429013,0.012076594,0.0070797037,0.01113253,0.0026053663,0.009274933,0.007941552,0.010707488,0.009439123,0.008277908,0.011704066,0.011501131,0.006668532,5.0532562e-06,0.0073394226,0.011512374,0.012012582,0.011734819,0.00727189,0.0053659575,0.007176404,0.012088018,0.012015264,0.011814254,0.010645115,0.010425707,0.0044515007,0.010024756,0.010922017,0.012113349,0.009834493,0.011095202,0.003833333,0.012022674,0.012207917,4.6339937e-06,0.011104639,0.0059872377,0.010239867,0.006218888,0.00805246,0.009244868,0.008948022,0.010764227,1.7074727e-07,0.006526822,0.005099239,0.006124789,0.011552876,0.0071185413,2.8068698e-06,0.008934813,0.0048421333,0.016267104,4.553916e-06
0.004823583,0.0055761915,0.007655245,0.0027460433,0.007398265,0.0029861268,0.0059084576,0.00798423,0.006498266,0.006007296,0.006716384,0.0,0.0029811107,0.006320251,0.008382011,0.007336002,0.0070645944,0.007274616,0.0025809498,0.00828236,0.0082037635,1.3009208e-05,0.004600014,0.0061138915,0.00078109547,6.376371e-06,0.0045112967,1.360181e-05,0.0060013565,9.901591e-06,0.008451397,1.06206135e-05,0.008599892,0.008269393,0.002084496,0.006844603,0.0039420244,0.007818568,0.0065755537,0.0013874639,1.0849204e-05,9.860872e-06,1.4611707e-06,0.008077794,1.2469417e-05,0.0025801891,0.007974792,0.006997539,4.4771487e-06,0.0076856557,8.756665e-06,0.007084647,0.004878461,0.00887616,0.008421087,0.0071638813,0.008919741,0.002623726,0.0066782967,8.281301e-06,0.0046443986,0.0035197502,0.0065515675,0.005142622,0.0038809497,0.007897145,0.007263725,0.0022797508,6.5406143e-06,0.0024369897,0.0078697475,0.007941674,0.007877283,0.003097595,8.895496e-05,0.0027532754,0.008369171,0.008662906,0.00829948,0.0065789404,0.006183791,1.0020412e-05,0.0057382807,0.006785564,0.008590947,0.0056228614,0.007271972,1.3556542e-05,0.008947706,0.008841676,6.695473e-06,0.0069565047,0.0013609884,0.0056336615,0.0018759127,0.0035408926,0.004324534,0.004431494,0.006241364,2.7786155e-06,0.0016991268,2.066891e-05,0.0016633284,0.007384457,0.0026106897,4.992243e-06,0.0046101552,0.00020347975,0.017391784,4.53941e-06
0.0065437444,0.0077392305,0.008482472,0.0064355996,0.008230261,0.004642677,0.007937448,0.008749114,0.007974802,0.007671713,0.007987572,0.0036346065,0.0,0.0073479516,0.008916564,0.008563538,0.008793328,0.008873525,0.004504368,0.0086039305,0.008459269,0.0007416727,0.0059800604,0.007777925,0.0036523114,2.532003e-06,0.0059667057,3.9518704e-06,0.007970254,3.8986045e-06,0.009343622,1.7598351e-06,0.008845592,0.008820728,0.006081429,0.0076369313,0.005274405,0.008573021,0.007907199,0.003279255,0.0041903723,4.1686445e-07,8.6803766e-07,0.008899886,0.00054955337,0.005807356,0.008669728,0.007984987,3.1341094e-06,0.008713058,6.155673e-06,0.008315814,0.0078470595,0.009156888,0.008821661,0.008457518,0.009107165,0.0037412588,0.008556432,0.00059434737,0.0062409407,0.007155935,0.008237006,0.0065584294,0.005693408,0.008470477,0.00880123,0.003183077,1.98506e-06,0.004526315,0.0086683165,0.008528372,0.008408154,0.007767236,0.003207866,0.0038877614,0.009239207,0.009015457,0.009275772,0.0077513633,0.007420097,0.0031220743,0.0067293714,0.008713034,0.008974372,0.007807313,0.008166304,0.0006329571,0.008998089,0.009294867,5.2691576e-06,0.008304699,4.730771e-06,0.0070309113,0.0034064478,0.004997062,0.007800461,0.0079721315,0.008206548,3.0353522e-07,0.004343162,0.0016834975,0.003081918,0.008213834,0.0069826012,5.063842e-07,0.0052069086,5.296041e-06,0.018350687,2.9331654e-06
0.008905984,0.009594563,0.010779267,0.006716971,0.011036354,0.0076512904,0.009604496,0.011178771,0.009815128,0.009534604,0.009800181,0.0054047443,0.0058355294,0.0,0.0109347245,0.010741151,0.009941203,0.010159171,0.0070501603,0.010491889,0.010745015,0.0023873781,0.008791625,0.0095474245,0.0051795063,6.75829e-06,0.008502711,0.0042459536,0.00963186,7.370185e-06,0.011211185,7.3400856e-06,0.010751252,0.01099633,0.006044011,0.010851525,0.0084089525,0.00984164,0.00984894,0.0057388605,0.001244045,4.59833e-06,5.449136e-06,0.010853871,0.0041537406,0.006510686,0.010694344,0.010685785,8.324124e-06,0.0103409905,0.0021078917,0.010483126,0.00844929,0.011392617,0.010628506,0.010387798,0.010955551,0.007127717,0.010159742,0.0024778459,0.008634183,0.0072223623,0.009981795,0.009142073,0.007974093,0.010267969,0.01031533,0.0070801196,5.5801656e-06,0.006849523,0.009768676,0.010269669,0.011330609,0.0067445617,0.004487446,0.007421016,0.011511276,0.011043896,0.009851984,0.010367,0.0102768615,0.003816547,0.01003706,0.010056957,0.010707941,0.009401464,0.010957224,0.0035395734,0.011015509,0.011701088,6.815863e-06,0.01046671,0.006733117,0.009220493,0.006391624,0.008115909,0.007933201,0.007858387,0.009497924,4.3237446e-06,0.0062307366,0.0049105254,0.0062006568,0.010938082,0.0060882955,4.8994634e-06,0.00922989,0.0057393666,0.016520003,5.554606e-06
0.011603027,0.01211398,0.014207397,0.009248736,0.014251645,0.009591945,0.012245596,0.014822951,0.013024639,0.012842632,0.013381014,0.008193063,0.009441417,0.012841384,0.0,0.013981315,0.013659566,0.013952854,0.009611024,0.015606868,0.015479739,0.0055481233,0.011254096,0.012296844,0.008382838,0.0039611864,0.011589346,0.0066473135,0.012458026,0.0009234482,0.014987589,0.0014959174,0.015892196,0.014747187,0.009204066,0.013142224,0.010595846,0.016100531,0.013239977,0.008329027,0.0052314987,4.782149e-06,4.2384536e-06,0.015330624,0.006434882,0.009503337,0.014815991,0.013203454,6.9417965e-06,0.014569261,0.005228239,0.013759197,0.010975954,0.01579696,0.015460967,0.013956112,0.016181413,0.009330276,0.013416424,0.00526758,0.011176812,0.010125119,0.012869043,0.011569637,0.010460903,0.0154001145,0.013862452,0.008958091,0.00096223404,0.009444203,0.016298048,0.015942598,0.014208597,0.009464403,0.0076399464,0.009525342,0.014802649,0.015999015,0.01674023,0.012597668,0.012528472,0.0067685144,0.0120909205,0.013326362,0.015299064,0.012095448,0.013390484,0.006502818,0.016361875,0.015325096,0.0015239328,0.013434745,0.008508555,0.0124241235,0.008396869,0.010303244,0.01140943,0.011182764,0.01290266,6.3776024e-06,0.008868376,0.007488186,0.008362742,0.013841464,0.009493917,5.2935434e-06,0.010996959,0.007459427,0.020794794,0.00021051629
0.00988951,0.010584302,0.012031407,0.007880086,0.012072456,0.00817911,0.0106841335,0.012354534,0.0110970875,0.010883438,0.011155212,0.006428223,0.0077508013,0.011215316,0.012370792,0.0,0.011423841,0.011622208,0.008082796,0.012050876,0.012242437,0.0035593272,0.009777742,0.010816188,0.0066965255,0.0010497734,0.009734817,0.0048682694,0.010685104,7.5275716e-06,0.012381696,8.788144e-06,0.012221441,0.012300098,0.0073559796,0.011539108,0.00921883,0.011548712,0.011205159,0.0067915805,0.0033134883,6.5543463e-06,3.5246912e-06,0.0122823,0.004847313,0.0078059155,0.012153659,0.011545001,7.714759e-06,0.011832936,0.0031469727,0.011760439,0.009680854,0.012723887,0.012170486,0.011744486,0.012455707,0.00772961,0.011398494,0.0033500865,0.009594104,0.008646585,0.011155901,0.010100983,0.009004444,0.012009672,0.011689551,0.0074796802,6.800028e-06,0.007834294,0.011569521,0.012112597,0.012316461,0.007888365,0.005897914,0.00796777,0.012619757,0.012592465,0.011505241,0.011124596,0.010904593,0.005092496,0.010681894,0.011353439,0.012184233,0.01051416,0.011737585,0.0045008305,0.012641279,0.012869782,7.854164e-06,0.011573035,0.00671231,0.010603456,0.006928411,0.008814975,0.009550292,0.009377335,0.011065806,4.0540717e-06,0.0072244904,0.0057930183,0.0068801325,0.012014399,0.0076525514,6.023848e-06,0.009613059,0.0058381134,0.016717935,7.7948935e-06
0.009542352,0.010094438,0.01142656,0.0075315284,0.011570508,0.007621171,0.010264554,0.011923195,0.010702826,0.010644324,0.011160387,0.0059751454,0.008015136,0.010641316,0.012306965,0.011483712,0.0,0.011518031,0.007504403,0.011690468,0.011757148,0.0030490845,0.0092617385,0.0103694,0.006349494,0.00080445927,0.009322284,0.0041524447,0.010375555,6.825535e-06,0.011801,5.3972076e-06,0.01188935,0.011956103,0.0073347236,0.010822308,0.008432268,0.011667871,0.0109156715,0.006117789,0.0032453064,3.860281e-06,3.3217116e-06,0.012123935,0.004022466,0.007567714,0.011811834,0.0110906875,6.4362785e-06,0.011666785,0.0026774427,0.011436551,0.009343093,0.012301416,0.012074114,0.011415068,0.011782173,0.0070414473,0.011168674,0.0027657521,0.009161701,0.008388471,0.010831031,0.009557821,0.008459835,0.011911152,0.011597084,0.006704101,8.075218e-06,0.007409728,0.011722825,0.011950713,0.011552194,0.0078225555,0.0056093642,0.0071629095,0.012083838,0.01204164,0.011878742,0.010553891,0.0103365285,0.0047565354,0.009852365,0.011124862,0.012042312,0.009911641,0.011028399,0.0039672595,0.012057263,0.012133424,5.9733034e-06,0.0111562,0.0056498707,0.010195611,0.0063131135,0.008025143,0.009416803,0.009284318,0.010882593,3.4345628e-06,0.006741756,0.005111277,0.00613756,0.011329838,0.0074409437,3.389658e-06,0.008925305,0.004520839,0.016133105,3.530447e-06
0.009642002,0.010266558,0.011670855,0.0077031595,0.011799663,0.0077767456,0.010519168,0.012133257,0.011018097,0.0108606685,0.011366701,0.006087966,0.008278823,0.010721053,0.0125845885,0.011939987,0.011678068,0.0,0.0077745905,0.012242658,0.0122510735,0.0031798454,0.009369361,0.010590254,0.0066844,0.0012695806,0.009559722,0.0044069565,0.010704131,4.5010083e-06,0.01209759,4.3456707e-06,0.012396965,0.0121797975,0.007537398,0.010865016,0.008635975,0.011847745,0.011187526,0.0063869897,0.0036563314,3.5623584e-06,2.901197e-06,0.012433986,0.0042689843,0.007920479,0.012107714,0.011266917,5.4169845e-06,0.011985712,0.0028300998,0.01161879,0.0094478475,0.012692986,0.012544442,0.011640454,0.012099452,0.007220545,0.011432076,0.00305621,0.009455495,0.00865967,0.011051817,0.009854053,0.008680657,0.012207341,0.011820625,0.006792437,4.9565283e-06,0.0076868264,0.0118161775,0.012303229,0.011622437,0.00803516,0.005802325,0.007441683,0.012348846,0.01231548,0.0117536625,0.0108548105,0.010627284,0.0048875595,0.0100602005,0.01131219,0.012502069,0.010158376,0.011279941,0.0043868693,0.012429186,0.012315089,4.3595373e-06,0.011364804,0.0056486,0.010438969,0.006548781,0.008346277,0.0098409485,0.009669368,0.011103142,2.5322365e-06,0.0070808805,0.0054982025,0.006440146,0.011578075,0.007982965,2.9600455e-06,0.009036458,0.004583096,0.016425112,2.766808e-06
0.0058941506,0.0065692663,0.0083192885,0.0034710653,0.008299563,0.004164133,0.006929341,0.008673405,0.007312043,0.007017669,0.007356751,0.001974389,0.0035885614,0.0073801093,0.008848379,0.00812004,0.007715465,0.007955142,0.0,0.008461473,0.008380522,1.4506321e-05,0.0057671694,0.0068881526,0.0023500184,1.1542678e-05,0.005796763,0.0005129163,0.006936715,1.057293e-05,0.008792503,8.9509585e-06,0.008644265,0.008725049,0.0030822493,0.00770758,0.005116885,0.0075482456,0.0073953294,0.0025840425,1.0227048e-05,1.2970407e-05,1.0498699e-05,0.008540559,0.00032070905,0.0037565369,0.008429855,0.007955857,6.3698117e-06,0.0080446685,1.43619645e-05,0.0079832915,0.0059380564,0.009155691,0.008661096,0.007840694,0.008852788,0.0037520744,0.007567473,1.0501418e-05,0.005871855,0.004483808,0.007496926,0.0060925004,0.005016272,0.008267739,0.0080073625,0.0033795447,1.32115765e-05,0.0036051467,0.007549322,0.0084175505,0.008501864,0.003751521,0.0015403957,0.0038200456,0.008973661,0.008771198,0.007897303,0.007538039,0.0070220414,0.00069128204,0.0067670974,0.0075513134,0.008763323,0.0064701852,0.008108662,1.0690595e-05,0.008913301,0.009201714,1.1127922e-05,0.007721699,0.0027173853,0.0066361427,0.0029116897,0.004616111,0.0052292095,0.0054151574,0.0070881033,7.74833e-06,0.0029744008,0.0015041752,0.0028079879,0.008242435,0.0036735549,9.007288e-06,0.005869886,0.0016651982,0.015526358,1.322593e-05
0.0116060795,0.0118204625,0.014226287,0.00885213,0.0143022975,0.009398284,0.011900298,0.014791642,0.013036314,0.012742271,0.013793233,0.008209184,0.009238107,0.012948312,0.015645584,0.014006998,0.013690474,0.013944175,0.009626143,0.0,0.016321525,0.005478427,0.011298324,0.012280219,0.008544653,0.0044954754,0.0119331125,0.006799022,0.012112426,0.0010537234,0.01627482,0.0017194699,0.017302739,0.015446316,0.008928269,0.013126579,0.010526166,0.01717277,0.0133045465,0.008335202,0.005083089,9.426384e-06,8.715557e-06,0.015475656,0.0066703563,0.00925385,0.01577209,0.013185813,9.616353e-06,0.014461238,0.005115691,0.0138647435,0.010682603,0.015760258,0.015987236,0.014050346,0.017204393,0.009100989,0.0134397475,0.0052264584,0.01115939,0.009749306,0.012635479,0.01159544,0.010249654,0.015817182,0.013969731,0.009061553,0.0010849842,0.009428933,0.017316733,0.016663523,0.014286979,0.009112375,0.007674627,0.0094611645,0.014683409,0.015983466,0.018688336,0.012246769,0.012117843,0.0067475494,0.011966896,0.012948851,0.015456357,0.011493923,0.0130820945,0.0067502456,0.016460145,0.015426774,0.0016933786,0.013314011,0.0090209665,0.012752069,0.008366877,0.010098032,0.011283381,0.0110478345,0.013134088,3.7816749e-06,0.008608222,0.0075044995,0.008301451,0.01407395,0.009261857,0.00020776474,0.011051665,0.0077510313,0.02478164,0.00044914577
0.011451996,0.011832955,0.014065891,0.008923583,0.014373448,0.009417702,0.011871008,0.01486223,0.012889192,0.012685256,0.013357468,0.007981879,0.008992618,0.012950511,0.015249439,0.013931105,0.013203996,0.013691843,0.009382218,0.016260426,0.0,0.0053738765,0.011163557,0.012158761,0.008186369,0.00406562,0.011673681,0.006631725,0.01212751,0.0007019171,0.015686292,0.0013238935,0.016747722,0.015088694,0.008792126,0.013251603,0.010418219,0.015987307,0.012945444,0.008121941,0.004942607,7.3781916e-06,5.970187e-06,0.015111088,0.0064364965,0.00917645,0.015149796,0.013255539,4.898494e-06,0.014120604,0.004995039,0.013723875,0.010756956,0.015562894,0.015206569,0.013803793,0.017119016,0.009063278,0.013174555,0.005057971,0.011192769,0.009660884,0.012503234,0.011602778,0.010218134,0.015283838,0.013531202,0.008909215,0.0007016584,0.009230179,0.016102321,0.015826954,0.014383662,0.009109212,0.00750847,0.009307095,0.0147540085,0.015886884,0.017069967,0.012449151,0.012214432,0.006544687,0.0120940395,0.012817156,0.014922907,0.011714842,0.013283298,0.0065889326,0.01626476,0.015406954,0.0013058005,0.013365055,0.008944925,0.012480516,0.008183414,0.009980568,0.011014831,0.010836713,0.0129223075,3.7707016e-06,0.008578693,0.007381285,0.008170361,0.014036891,0.009138552,7.558774e-06,0.010937302,0.007684999,0.02340416,9.960179e-05
0.0027165094,0.0036879259,0.00647853,0.00017484563,0.0062057036,0.0003729413,0.0041569225,0.007038868,0.0047964198,0.0042881994,0.0054179276,1.0763454e-06,0.0006605127,0.0047801062,0.008069391,0.0061278734,0.0056503904,0.005930064,3.7614565e-05,0.008320064,0.007949132,0.0,0.0024958425,0.004232192,1.4342469e-06,-1.6225694e-06,0.0019908969,2.1666608e-06,0.0041300515,-9.850629e-07,0.007973893,-9.060742e-07,0.008707073,0.00728651,5.883572e-06,0.0050823637,0.0015132143,0.009235703,0.005102827,1.0030357e-05,2.8862169e-06,-4.4936196e-06,-3.5053105e-07,0.0076859714,1.4897615e-06,7.5939383e-06,0.0072677983,0.0054862215,3.9192632e-06,0.006796948,4.5283426e-07,0.0058979513,0.0029931136,0.00859811,0.008223899,0.0058609354,0.009537623,1.03864495e-05,0.0052704997,6.341805e-07,0.0023688963,0.0010804523,0.0050463853,0.00289614,0.0013332075,0.00781415,0.006142256,9.9547515e-06,3.8012931e-06,8.126069e-06,0.009488738,0.008460318,0.0066769845,0.0008590351,7.26384e-06,6.8759678e-06,0.0075414134,0.0090604685,0.010973399,0.004795144,0.00418734,9.788716e-07,0.003710108,0.0053287284,0.008214511,0.0038478137,0.005754621,5.5509595e-06,0.0095112715,0.008417034,-5.769846e-06,0.0055116327,-1.4129378e-06,0.003710478,7.878657e-06,0.0010477556,0.002081355,0.0021763407,0.0047998023,2.2262575e-06,7.1823756e-06,2.593848e-06,5.000276e-06,0.0059755496,9.454136e-06,-3.8177973e-06,0.0023413452,4.1160103e-08,0.021602228,3.1645836e-06
0.0072479323,0.007901911,0.009225057,0.0050230217,0.009588832,0.0056547616,0.008127861,0.009655125,0.008426728,0.008173721,0.00841538,0.0037447505,0.004549655,0.00870611,0.009581492,0.00914094,0.008672238,0.0087395,0.0055039893,0.00912091,0.009290902,0.00070525304,0.0,0.008164427,0.0037377903,1.2305097e-05,0.0071870117,0.0023432574,0.008152732,9.437089e-06,0.0098215835,1.1047929e-05,0.009423969,0.009735851,0.0045563066,0.009184897,0.006855173,0.007919031,0.008518287,0.0041857087,1.4061556e-05,1.0330173e-05,7.237282e-06,0.009396668,0.0022180616,0.0050780484,0.009462676,0.009128323,8.5759375e-06,0.008914116,0.0003588448,0.0089468695,0.007143936,0.009792718,0.0092447605,0.009037774,0.00933733,0.0054894798,0.008672622,0.00051183533,0.007285848,0.0057789683,0.008621672,0.0075685973,0.006503853,0.008954076,0.008922935,0.0053316522,1.1217513e-05,0.0052934964,0.00791646,0.008954317,0.009616265,0.0050909715,0.002927925,0.005481143,0.010050357,0.009428001,0.008303577,0.008828982,0.008532729,0.0023302622,0.008307262,0.008616131,0.009454383,0.0077489573,0.009400608,0.0016591315,0.009438385,0.010145443,1.0963585e-05,0.008873148,0.0049274857,0.007971569,0.00476909,0.006307563,0.0065986495,0.0065306546,0.008234713,6.4606643e-06,0.0045698704,0.0032015003,0.004513491,0.00945751,0.004897121,1.1283883e-05,0.0075614084,0.0038457469,0.015379135,7.804126e-06
0.008288034,0.008935247,0.010153735,0.0062690247,0.010402983,0.0067004575,0.009071046,0.010615135,0.009408097,0.009259713,0.009467719,0.004863818,0.006325628,0.009609935,0.010310463,0.01021276,0.009687055,0.009967366,0.006582875,0.009838935,0.010203237,0.0021790594,0.008243787,0.0,0.004906397,7.153794e-06,0.008113788,0.003195634,0.009148358,7.2542207e-06,0.010550004,6.494465e-06,0.01016931,0.010594153,0.0059031304,0.00999974,0.0077329325,0.008722438,0.00947467,0.005132839,0.001724243,2.0905666e-06,3.4667269e-06,0.010295968,0.0032298032,0.0063762553,0.010197981,0.0100127375,5.476273e-06,0.009899211,0.0015265814,0.0099341655,0.00808779,0.0106245065,0.0101175,0.009916362,0.01000657,0.006403316,0.009692631,0.0018308623,0.008260345,0.007005167,0.009672978,0.008458342,0.0074133314,0.009807642,0.009917422,0.006023165,7.614885e-06,0.006361267,0.008647001,0.009660373,0.010449309,0.006558896,0.004190108,0.006463493,0.010794264,0.010275491,0.0091570895,0.009730071,0.009392349,0.0037110618,0.009133955,0.009622112,0.01031915,0.008909419,0.0101464335,0.0025123581,0.01012953,0.010844492,3.9576926e-06,0.009963445,0.005315667,0.008968881,0.0054657967,0.0071931123,0.007756778,0.00785304,0.009367686,1.1811701e-06,0.0056464397,0.004117703,0.0054945736,0.01025412,0.0062155346,4.963897e-06,0.00814579,0.0041992264,0.015370358,1.4050047e-06
0.0049351715,0.005698411,0.0076319575,0.0025522825,0.0075327144,0.0027483508,0.006018752,0.007983006,0.00649464,0.006143764,0.0067640827,0.0009351731,0.0030745738,0.006371657,0.008284009,0.007423672,0.0070950855,0.0073426436,0.0029140757,0.007539699,0.0080757355,6.6539333e-06,0.0046740267,0.0059768884,0.0,4.5706297e-06,0.0047537438,7.3133483e-06,0.006093634,3.9669617e-06,0.008315868,8.306711e-06,0.008443794,0.00817742,0.0022667218,0.0065876315,0.0038428353,0.007550133,0.0066615855,0.0012412093,6.1919372e-06,2.1852134e-06,3.6013341e-06,0.008089946,7.9018555e-06,0.0027682043,0.007984716,0.0069602933,6.3311873e-06,0.0076083103,3.4837874e-06,0.0072113443,0.004952968,0.008791075,0.008200672,0.0072629936,0.00829246,0.0023568424,0.0069198236,5.45387e-06,0.0049734106,0.0036560611,0.0067578154,0.005101222,0.003892724,0.0078554,0.0072949883,0.0017381527,8.7290255e-06,0.0025261205,0.0076342556,0.007740464,0.007851112,0.003009966,0.00064245396,0.002356144,0.008274604,0.0086625125,0.008117275,0.0065550744,0.0059391595,3.6853808e-06,0.005604459,0.0069060004,0.008461066,0.0056250384,0.007101691,3.504856e-06,0.008920599,0.008927695,8.371797e-06,0.0070780143,0.0006961537,0.0058658025,0.001433696,0.0033430727,0.004514198,0.0047360174,0.0063778656,-7.267089e-08,0.0016591192,1.6773e-05,0.0013136446,0.007486377,0.0029420601,3.6418985e-06,0.0042791944,4.801605e-06,0.016842267,2.7352878e-06
3.853115e-05,0.00036353327,0.005556945,2.1661544e-05,0.0048213103,2.0892303e-05,0.0007540979,0.0064276108,0.0024479781,0.0017543581,0.0036125975,7.915064e-06,2.8017846e-05,0.0019866468,0.008186577,0.0045547066,0.0038987426,0.004511768,1.443808e-05,0.008843872,0.008225822,1.1240068e-05,2.8724093e-05,0.0008003685,9.666913e-06,0.0,3.676546e-05,2.0310015e-06,0.0007467186,1.9002719e-06,0.00749295,1.6090505e-06,0.00923784,0.006507319,1.1760502e-05,0.0025978105,2.6433192e-05,0.011050399,0.0030761624,1.137299e-05,1.0490008e-05,1.4060131e-05,4.350335e-06,0.0076745967,1.2969175e-05,2.1291178e-05,0.0067789773,0.0032860362,1.5845868e-05,0.006154643,1.0762449e-05,0.004178262,3.7269798e-05,0.009162077,0.008786901,0.004302778,0.011076081,1.5584928e-05,0.0030218111,5.1307024e-06,3.2394888e-05,2.3983555e-05,0.0020878662,3.849249e-05,2.1093118e-05,0.0082496535,0.0043391427,2.0921392e-05,7.898662e-06,1.6684218e-05,0.01151122,0.009678142,0.0056493846,3.3875363e-05,1.4267883e-05,1.4776948e-05,0.006959036,0.010604707,0.013791544,0.0017276858,0.00097492395,5.282099e-06,4.3754146e-05,0.0033734057,0.008504127,0.0006209999,0.0034555895,1.3357037e-05,0.011561238,0.008783362,9.8666915e-06,0.0032160373,1.0260594e-05,0.00055738835,2.2321054e-05,3.0596035e-05,2.948255e-05,3.4765122e-05,0.0022525366,3.7734385e-06,2.0815263e-05,7.5911053e-06,1.8376668e-05,0.004371462,1.703254e-05,-2.3069251e-06,3.654088e-05,5.0629315e-06,0.026616335,1.1677232e-05
0.006895707,0.007462443,0.008966446,0.0041736686,0.009225208,0.0049251476,0.007593383,0.009349847,0.008087185,0.0078436835,0.008212868,0.0031798284,0.0042563,0.008143942,0.009355205,0.008941041,0.008439838,0.00867961,0.005166674,0.009043072,0.0092643555,0.000407423,0.006900955,0.007868801,0.0037317788,7.8243675e-06,0.0,0.0016863085,0.007604645,1.1149832e-05,0.00974001,8.4325275e-06,0.009302855,0.00971461,0.0041742544,0.008510097,0.006244464,0.00833941,0.008121565,0.0036397742,1.40634975e-05,1.0985933e-05,1.1223691e-05,0.009243828,0.0012507897,0.004763713,0.009441807,0.00874017,9.03576e-06,0.00876275,1.070663e-05,0.008679491,0.0064597814,0.009745498,0.009057423,0.008776187,0.009311101,0.0048998543,0.0083612725,1.0192864e-05,0.007143379,0.0053506596,0.008247613,0.007134399,0.0060183583,0.008819608,0.008757203,0.0044127316,1.1688626e-05,0.0048974613,0.008283353,0.008828077,0.0091524655,0.0041856463,0.0030210118,0.0047892164,0.0095301205,0.009268747,0.008272328,0.008142002,0.007951382,0.0018713353,0.0077182637,0.008235003,0.009281063,0.007001779,0.0086974865,0.001442569,0.009304338,0.009958473,1.0774368e-05,0.0086143855,0.004220538,0.0077006374,0.003811101,0.005629163,0.006345429,0.006173718,0.008223905,1.0017557e-05,0.0038719655,0.0027233292,0.0039830105,0.009155689,0.004315937,1.1087143e-05,0.00672232,0.002926628,0.014918149,7.470587e-06
0.0030774693,0.0038780964,0.0065339305,0.0004865567,0.0062663495,0.0012969307,0.004292909,0.0071573323,0.0050093117,0.004542161,0.0059162825,1.9410056e-05,1.4850318e-05,0.005115565,0.008678788,0.006587425,0.006280163,0.006658226,0.0004981348,0.009123457,0.008469287,1.5604135e-05,0.0028875044,0.0042295735,2.0200527e-05,1.38935675e-05,0.0025173253,0.0,0.0041029225,1.2034191e-05,0.007968189,1.2421181e-05,0.009483851,0.0080551375,1.4473467e-05,0.0054880385,0.0021168971,0.010475465,0.0053060083,1.6164196e-05,1.536194e-05,8.034082e-06,1.2101038e-05,0.0082725845,1.9858799e-05,0.00021707875,0.008032679,0.005791191,6.0723573e-06,0.007211576,1.4814108e-05,0.0065518636,0.0029579557,0.00901824,0.008889031,0.006455855,0.009880249,0.000784265,0.0057007023,1.52185885e-05,0.0027030413,0.0010373751,0.005036805,0.0034850044,0.001825674,0.008538758,0.006636392,0.00085552764,1.4426407e-05,0.00040806146,0.01056945,0.009248274,0.006753394,0.0003946575,1.8807325e-05,0.0009987515,0.007969154,0.009303968,0.011703061,0.0049795248,0.00471609,1.5258998e-05,0.004145621,0.005411814,0.009011833,0.004074873,0.005940002,1.4962215e-05,0.009596112,0.00889981,8.326862e-06,0.006073319,0.0003801917,0.0040312186,2.3309349e-05,0.0020581242,0.0024343755,0.0019779615,0.0048552467,7.419675e-06,1.4822724e-05,1.942148e-05,1.790344e-05,0.0065901247,0.00012961094,7.0833685e-06,0.003445002,1.982411e-05,0.019608522,1.49109865e-05
0.008347106,0.009058539,0.010208587,0.006396854,0.010256228,0.006564899,0.009177905,0.0103521235,0.00942803,0.00913015,0.009408371,0.004930297,0.0063640494,0.009531822,0.010383677,0.010095325,0.0097313905,0.0098101655,0.0065656775,0.009494084,0.009994499,0.0021196986,0.00823645,0.009100324,0.005037463,8.364825e-06,0.008075395,0.0031491062,0.0,6.416987e-06,0.010230763,9.449314e-06,0.009789593,0.010452583,0.006104829,0.009763476,0.0075167287,0.008616502,0.00952412,0.005368343,0.001823081,6.4424867e-06,3.7862899e-06,0.010242323,0.003256013,0.00634123,0.010157143,0.00995075,7.0755436e-06,0.009907456,0.0014475097,0.009925191,0.008118705,0.0105338255,0.009959358,0.009891125,0.0098516205,0.0063030175,0.009656146,0.0016989241,0.008150284,0.0071474263,0.009547747,0.008530278,0.0075549046,0.009612557,0.009932784,0.0059871213,6.80695e-06,0.006289901,0.008593601,0.009628896,0.010423008,0.0066213757,0.004268028,0.0064564394,0.010731053,0.010115032,0.008968176,0.009594791,0.009318118,0.0036471288,0.009027137,0.009828027,0.010112592,0.0088779675,0.010145791,0.0028574392,0.009964519,0.010806084,9.400589e-06,0.009763013,0.0049058977,0.0087601105,0.0056103715,0.007257812,0.008007157,0.008003218,0.009348168,5.845605e-06,0.0057852035,0.0041692527,0.005410275,0.010142583,0.006353742,6.4821725e-06,0.008152317,0.004046385,0.0153306415,6.4714445e-06
6.998574e-06,1.2810846e-05,0.0050078207,1.50737915e-05,0.0038828426,-1.9882045e-06,7.329142e-06,0.0059658024,0.00051169493,6.7434116e-06,0.0019636839,1.556086e-05,5.6647805e-06,0.00032410404,0.008043808,0.0034297786,0.0023827925,0.0029199647,-1.6655481e-06,0.009136553,0.008252507,-8.883271e-07,7.729728e-07,-2.6921728e-07,6.308487e-06,1.7536622e-05,6.0009793e-06,1.34550855e-05,5.2397695e-06,0.0,0.0069847186,1.6496522e-05,0.009646628,0.005571867,1.5094485e-05,0.0013616697,1.1235678e-05,0.013276117,0.0015464609,-3.6929316e-06,1.6231166e-05,3.804817e-06,9.77023e-06,0.0074830195,-1.2883008e-06,-3.465715e-06,0.0059272037,0.0018352068,1.0649197e-05,0.0055961325,8.252357e-06,0.0029543715,4.637888e-06,0.009407628,0.008811282,0.0030428765,0.011755997,3.8985985e-07,0.0011218543,-1.4983251e-06,1.1684454e-05,1.223451e-05,1.1248441e-05,9.649751e-07,1.17688405e-05,0.008325449,0.0030434516,-4.192329e-06,7.226354e-06,7.2262746e-06,0.013693221,0.010143612,0.0050587696,1.3088364e-05,1.5762791e-05,-1.765827e-06,0.0064754076,0.0109995,0.01775947,6.071234e-06,1.2838716e-05,1.2750252e-05,-6.857587e-07,0.0015574931,0.008509661,1.2407726e-07,0.002196498,-4.580361e-06,0.011934227,0.00883565,6.3845806e-07,0.0018180346,2.2927472e-06,1.1964758e-05,1.0527957e-05,5.4663726e-08,5.983037e-06,1.6631118e-05,5.4785182e-06,7.229788e-06,1.0155952e-05,6.5807576e-06,-3.343028e-07,0.0030060147,-2.2588292e-06,1.8045383e-05,1.0844455e-05,2.1230924e-06,0.029562145,1.2861525e-05
0.010665625,0.010891423,0.012816035,0.008193205,0.013044396,0.008888846,0.011100124,0.013461837,0.011749439,0.011671255,0.012035588,0.007413363,0.007971699,0.012088358,0.013514046,0.012569176,0.011982225,0.012330427,0.008854023,0.014523451,0.0142655,0.00486143,0.010708668,0.011253906,0.007820973,0.0034410967,0.011101228,0.0062403455,0.011294354,0.00014094665,0.0,0.0009215385,0.014707736,0.013678188,0.008192913,0.012160972,0.010001943,0.01356624,0.011831339,0.0077286656,0.0041175573,1.0328544e-05,1.2455555e-05,0.013298631,0.006087047,0.008466456,0.013754638,0.012371502,1.0000391e-05,0.012393225,0.0045727394,0.012452881,0.009828575,0.01374071,0.0134327635,0.012429795,0.014738019,0.008684796,0.0119722225,0.004611601,0.010509389,0.008969182,0.011539323,0.010946766,0.009734664,0.013200176,0.012336618,0.008480019,1.2028978e-05,0.008809415,0.013809278,0.013805503,0.013243939,0.008204654,0.0070705293,0.008817861,0.01357315,0.013951802,0.01467579,0.011572465,0.011468632,0.006102817,0.011461645,0.011728936,0.01327052,0.010650065,0.012211551,0.0061419355,0.014150019,0.014020096,0.0008811077,0.012315685,0.008666811,0.011402732,0.007843611,0.009485101,0.010234379,0.009866104,0.01179518,8.581068e-06,0.008014679,0.007084452,0.007829813,0.013113158,0.008424119,1.1246545e-05,0.010568377,0.0074286107,0.022963986,1.256382e-05
2.9058589e-05,3.1041163e-05,0.004983682,6.944629e-06,0.004027475,1.0581862e-05,1.8936626e-05,0.006097536,0.0011814516,0.00010012705,0.0024389918,1.6262797e-05,2.224568e-05,0.0005631071,0.008223429,0.0036264244,0.0027639244,0.003436146,1.9369416e-05,0.009038887,0.008351883,1.403813e-06,1.9916844e-05,2.9688177e-05,1.8813422e-05,-2.680208e-06,2.1704123e-05,-9.6895064e-08,2.8848506e-05,-8.4768055e-07,0.0072153048,0.0,0.009623944,0.0060675186,4.6001e-06,0.0012848125,1.1989823e-05,0.0121310325,0.0020587128,9.375188e-06,6.420547e-06,1.3862331e-05,6.312353e-06,0.007578672,1.9148342e-06,6.4252094e-06,0.0062797507,0.0021638072,2.1463704e-05,0.005862134,5.8666237e-06,0.0032147497,2.4253819e-05,0.009350041,0.00890933,0.0034343218,0.011660706,1.0127648e-05,0.0015795357,1.659179e-05,2.0926556e-05,2.4058112e-05,0.00057048193,1.5729624e-05,7.882555e-06,0.008359489,0.0034219245,1.0339591e-05,-1.5092963e-06,4.5164156e-06,0.012652238,0.009823172,0.0051683006,2.1203941e-05,2.0191528e-05,1.559945e-05,0.006695384,0.010946762,0.015600661,0.00026952935,2.3768676e-05,1.50391825e-05,2.3589353e-05,0.0020673347,0.00847413,2.2997894e-05,0.0024231535,1.8411825e-05,0.011856959,0.008899887,1.3010026e-05,0.0020757476,1.2418678e-05,2.7008567e-05,5.4690177e-06,1.0469433e-05,2.462209e-05,1.2648969e-05,0.0006423112,1.9109046e-05,7.831348e-06,2.6842824e-06,1.087126e-05,0.0033247017,1.2518412e-05,-1.039213e-06,1.7568002e-05,1.8077224e-05,0.028787108,1.6352404e-05
0.011736493,0.011979877,0.0144360745,0.009325324,0.014594113,0.0096396925,0.012214399,0.01500757,0.013160554,0.013019108,0.013900207,0.008343048,0.009489529,0.013039192,0.015768148,0.014020318,0.013844784,0.014056696,0.009949601,0.017286384,0.016589142,0.0059030657,0.011580802,0.012486972,0.008770387,0.0049326774,0.012045585,0.0071206223,0.012377436,0.0015845834,0.016407669,0.0021610346,0.0,0.015610053,0.009310412,0.013229856,0.010789533,0.017205574,0.013381081,0.008536974,0.0055674873,0.00043334067,9.044738e-06,0.015761508,0.006905227,0.009627223,0.015860977,0.013312231,8.160204e-06,0.0145799825,0.005505722,0.01415807,0.010969712,0.015795501,0.016169472,0.014139225,0.017353306,0.009484321,0.013683374,0.0057325372,0.011485299,0.010010603,0.012761915,0.0118548665,0.010553668,0.01612575,0.01406674,0.009352309,0.0016144942,0.009695927,0.017492352,0.016648043,0.014381081,0.009442428,0.008020247,0.009645893,0.014909282,0.016153568,0.018851787,0.0125114685,0.012458596,0.006958609,0.01230077,0.013175653,0.015577924,0.011770703,0.013312367,0.0071044005,0.016599657,0.015588229,0.002141708,0.013642017,0.009317154,0.012925083,0.008544576,0.0102898935,0.011419061,0.0111764185,0.013183944,4.1657863e-06,0.008941927,0.007797946,0.008548006,0.014184502,0.009567515,0.0007742714,0.011164133,0.008045682,0.02500502,0.0008939971
0.010162042,0.010498655,0.012501026,0.007802744,0.012860019,0.008234539,0.010744795,0.013027129,0.011532465,0.01129533,0.011744243,0.00673209,0.0075864424,0.011515574,0.013265293,0.012443466,0.011939038,0.0121204285,0.00828184,0.014009224,0.013755231,0.0041099745,0.010152673,0.010902289,0.007015266,0.0024065897,0.010536724,0.005345393,0.011014189,8.354939e-06,0.014009661,7.667909e-06,0.014273179,0.0,0.0077048372,0.011774837,0.009347395,0.013442867,0.011543387,0.006932009,0.0033226188,7.2142475e-06,6.9229054e-06,0.013090255,0.0051373024,0.007937801,0.013342386,0.011816173,6.61621e-06,0.012415061,0.0037933034,0.012174399,0.009608875,0.013427485,0.013345072,0.012195563,0.014108488,0.008000529,0.011937682,0.0038921747,0.010154654,0.008481474,0.011334148,0.010267205,0.009202743,0.013081408,0.012239578,0.007828222,8.146579e-06,0.008273089,0.0133591,0.013544981,0.012766497,0.007709426,0.0062510204,0.008286677,0.01298947,0.013441874,0.013803171,0.011199207,0.011046322,0.005363025,0.0108923055,0.011506549,0.013005621,0.010256428,0.011833533,0.005279298,0.013584481,0.013472323,7.785514e-06,0.01197349,0.007781883,0.011250701,0.0071642143,0.008778902,0.009770573,0.009578548,0.011617174,4.4485155e-06,0.0073684384,0.0061745625,0.007104129,0.0125345895,0.007857688,6.542345e-06,0.009841971,0.006540388,0.018400898,9.194284e-06
0.005953949,0.0068643955,0.008149799,0.004262007,0.008141605,0.0040774313,0.0071144365,0.008442094,0.007263467,0.007036285,0.0073981923,0.0022631919,0.0053159995,0.0070403796,0.008577433,0.008162319,0.00786757,0.008138414,0.003932283,0.007870857,0.008330699,6.2639524e-06,0.0056170393,0.006987004,0.0024757474,9.468372e-06,0.0054313606,1.0712885e-05,0.00712227,9.86097e-06,0.008771342,4.2404367e-06,0.008586722,0.00844967,0.0,0.0074891606,0.00485378,0.0076753604,0.00735866,0.0025356924,0.00019746309,8.395495e-06,2.36143e-06,0.008412214,6.811591e-06,0.0042072246,0.0083589805,0.007850596,1.6941037e-06,0.008068599,9.502219e-06,0.007969355,0.0062073516,0.008936516,0.008158278,0.007978131,0.008308827,0.0034034345,0.007792586,9.232206e-06,0.0058070105,0.0051325588,0.0074955346,0.0060235993,0.0050246455,0.0077031124,0.008085586,0.0030282182,9.52194e-06,0.0035989305,0.007550752,0.007793248,0.008323843,0.0051029376,0.0016829333,0.0035143234,0.0088624,0.008216428,0.008179453,0.0073897773,0.0069338363,0.0011220415,0.006389384,0.007873588,0.00871147,0.006816941,0.007994562,6.6794746e-06,0.008643168,0.009185258,4.5786082e-06,0.007839188,0.0012338568,0.0065164105,0.0028785528,0.004486851,0.0060328506,0.0060067927,0.0071989386,2.927208e-06,0.0031310245,0.0011200204,0.002556999,0.007955986,0.004574615,6.1563155e-06,0.00527839,8.6170505e-05,0.016233806,6.8128775e-06
0.009042039,0.009618649,0.011083505,0.0068644937,0.011298196,0.0077937692,0.009654346,0.01143868,0.009996469,0.00971492,0.010020433,0.00566575,0.005925895,0.010698701,0.011161932,0.010854496,0.010125233,0.0103239985,0.0070823394,0.0108392015,0.011058506,0.0028810326,0.009069041,0.009822256,0.0053405236,7.330028e-06,0.0086273765,0.004606807,0.009805031,3.826779e-06,0.01137104,5.779082e-06,0.011018024,0.011260422,0.0062012416,0.0,0.00872238,0.010014042,0.010016408,0.0060630627,0.0015858801,1.8397075e-06,1.7827736e-06,0.010939109,0.00455176,0.0067607784,0.010934837,0.010981374,3.6081235e-06,0.010451978,0.0024384584,0.01060241,0.008609646,0.011503422,0.010840423,0.010591118,0.011338517,0.007505594,0.010231841,0.0028837025,0.00888859,0.0073670805,0.010047282,0.009382197,0.008097276,0.01045099,0.0104325935,0.0073856045,7.1904356e-06,0.007165523,0.010010341,0.010703948,0.011666101,0.0069961594,0.0047233594,0.0075855823,0.011664776,0.011277103,0.010014019,0.01063197,0.010504125,0.003959981,0.010287615,0.010209765,0.010832244,0.00963671,0.011101499,0.0037620983,0.011304233,0.011911232,6.024469e-06,0.01056247,0.0071681277,0.009458182,0.0066230576,0.0084076235,0.00809326,0.008074223,0.009721341,2.7805468e-06,0.0063604037,0.0051886784,0.006543235,0.011209894,0.0063041197,3.2665814e-06,0.009438859,0.0061977077,0.01666033,2.7464819e-06
0.0064914296,0.007132809,0.008668467,0.004127846,0.00874063,0.0049892007,0.0073563377,0.00895891,0.0076760165,0.0073343194,0.0077013546,0.0029078673,0.003822555,0.007916427,0.008963776,0.008569778,0.007960791,0.0080154715,0.0045671733,0.008835668,0.008781608,0.000119677825,0.006557305,0.0075078616,0.002847654,7.72117e-06,0.0062365634,0.0016613068,0.007297526,5.7028187e-06,0.009374372,8.032781e-06,0.009088436,0.0091362605,0.003609664,0.0083674425,0.0,0.00768577,0.007648661,0.003386424,7.877974e-06,5.7953484e-06,4.4400904e-06,0.008884144,0.0014833326,0.0043829717,0.008769038,0.008416685,3.6013619e-06,0.008399967,8.301944e-06,0.008273769,0.0063296286,0.009379161,0.008804713,0.008230953,0.009135322,0.0048676366,0.008033483,9.0672664e-05,0.0065107294,0.005089071,0.007969898,0.0068284716,0.0056878347,0.008440986,0.008356078,0.004762417,7.028131e-06,0.004537272,0.0077133607,0.008532325,0.008969109,0.0043433122,0.0019733275,0.004778699,0.00922994,0.009056296,0.008050101,0.00817007,0.00772603,0.001493738,0.007531912,0.007964091,0.00889083,0.0069615766,0.008673415,0.00046467027,0.008961321,0.009651632,6.5044815e-06,0.008239923,0.004515791,0.007146182,0.003938463,0.0056737205,0.005786694,0.0056895977,0.0075484766,5.7745387e-06,0.003534462,0.002525568,0.0037601802,0.00873513,0.00426462,4.0433147e-06,0.006799632,0.0030294578,0.015135029,7.5964035e-06
0.01404961,0.014403738,0.016737627,0.011537759,0.016417436,0.011784981,0.0143910665,0.017304912,0.015565568,0.015311248,0.016345883,0.010683305,0.012012672,0.015277382,0.01811907,0.016454324,0.016211413,0.016486343,0.011855915,0.018922638,0.018244253,0.007945201,0.013635811,0.014683502,0.010794542,0.00698883,0.013932193,0.009223586,0.014566287,0.0037758036,0.018025411,0.004412951,0.019008221,0.01737207,0.011546125,0.015492213,0.012890003,0.0,0.015946843,0.010714553,0.008118353,0.0027414775,5.860823e-06,0.018086048,0.009189682,0.011844418,0.017626526,0.015480033,6.2315567e-06,0.017127847,0.007719181,0.016278546,0.013259687,0.018127767,0.018450357,0.016424768,0.019446457,0.011455563,0.015815385,0.007895874,0.013385944,0.012501991,0.014907052,0.013989164,0.012626345,0.018569645,0.016269209,0.011283316,0.0038947335,0.011762231,0.020900598,0.019164154,0.016722437,0.012103279,0.01006807,0.011781342,0.01711736,0.018734781,0.024168389,0.01480327,0.014674107,0.009293909,0.014281711,0.015525543,0.01800121,0.01434265,0.015420231,0.009178802,0.019229855,0.017795112,0.0043989643,0.015717989,0.010737901,0.014847487,0.01065353,0.012561903,0.013776064,0.013562661,0.015427484,6.339034e-06,0.011061208,0.009856212,0.010537659,0.016418887,0.0118775,0.003008866,0.01329509,0.009745395,0.02541137,0.0032720566
0.009425942,0.0100377835,0.011531048,0.0073356046,0.011652426,0.0075306976,0.010104429,0.011800944,0.010669062,0.010419023,0.010690391,0.00588129,0.0072506955,0.010796607,0.011968974,0.011431361,0.011017179,0.011280927,0.0075693205,0.011335217,0.0116166165,0.0028454587,0.009347026,0.010225839,0.006067992,0.00011758203,0.00938294,0.004009753,0.010237353,7.2008997e-06,0.011859292,7.878381e-06,0.011600974,0.011924085,0.0068381,0.011023699,0.0087110195,0.01082583,0.0,0.0062683383,0.0025395118,6.330054e-06,5.0622007e-06,0.011891016,0.004046394,0.007444199,0.011525874,0.011183986,4.6053137e-06,0.011273812,0.0024611773,0.0113219125,0.009072938,0.012181496,0.011609998,0.011193404,0.011619851,0.0071002757,0.011009383,0.0025103113,0.009282099,0.008112862,0.010781242,0.009717143,0.008514357,0.011452884,0.011313652,0.006920901,7.5516937e-06,0.007324229,0.010800807,0.011391456,0.011640349,0.007494182,0.0051896987,0.007278471,0.012217135,0.011814345,0.010867836,0.010711637,0.010614476,0.004410024,0.010100864,0.010917802,0.011695185,0.009907502,0.011217957,0.00371461,0.01188763,0.012262173,7.937483e-06,0.011208121,0.0061247703,0.010168006,0.006522916,0.0081789,0.009012674,0.008941305,0.010553536,2.1855806e-06,0.006648254,0.005059011,0.006257748,0.01151169,0.007155808,5.2024334e-06,0.00920458,0.0050689415,0.016465586,4.8239326e-06
0.004860572,0.0057883463,0.0075992025,0.002966366,0.007509314,0.003262616,0.006040505,0.0080842,0.006400841,0.0060060793,0.0066769486,0.0009284677,0.002810555,0.006596452,0.0085668815,0.0073818187,0.0072440347,0.0073619694,0.002958068,0.008433656,0.0083347885,1.1802513e-05,0.0047520674,0.006018123,0.0009502473,9.777598e-06,0.004655372,9.64081e-06,0.0059655732,9.619546e-06,0.008645819,1.0577002e-05,0.008776645,0.00823126,0.0020033296,0.006900467,0.0040809885,0.00867765,0.0065792017,0.0,1.4183576e-05,1.3057766e-05,1.0432563e-05,0.008308194,1.0977494e-05,0.0026607623,0.008161528,0.007118194,9.609333e-06,0.0077183703,1.1477668e-05,0.007242871,0.0051087043,0.008956538,0.008572364,0.0071745533,0.0089480225,0.0028434207,0.006866167,1.2108092e-05,0.004771268,0.0035741888,0.0067825452,0.0052783634,0.004142359,0.00807197,0.0074924314,0.0027029887,9.329937e-06,0.0025407756,0.008833191,0.0084883785,0.007808146,0.0030350054,0.0001589386,0.0029239573,0.008439777,0.008860057,0.008855492,0.0067481305,0.006309865,1.2563037e-05,0.005823312,0.006953673,0.00860693,0.005759056,0.0074209184,1.4657693e-05,0.008894034,0.009007271,1.1357098e-05,0.007093208,0.0017001625,0.0056445985,0.0022000005,0.003817077,0.004274027,0.0044087647,0.0064410046,4.7956014e-06,0.0019223944,0.00036541707,0.0019380917,0.007441248,0.0027452616,1.182608e-05,0.004919248,0.00082794024,0.016599696,1.4250192e-05
0.0035325673,0.0048124515,0.006953476,0.002439743,0.006666459,0.0009705483,0.005227851,0.007327607,0.005619297,0.0050351173,0.0059442567,1.5969729e-06,0.0049436903,0.005068319,0.00814524,0.006693143,0.0065631596,0.0069680894,0.0005184275,0.008106877,0.007920767,1.6825129e-06,0.0029231373,0.0049613793,2.6961393e-06,4.295445e-07,0.002358119,6.114449e-06,0.0051440927,-2.7914753e-06,0.00805171,4.8317143e-06,0.008553787,0.00752286,0.0016114766,0.0054967212,0.0017369956,0.009151723,0.0057331515,8.111522e-06,0.0,1.5107588e-06,-2.8202662e-06,0.007833954,6.8516933e-06,0.0015919784,0.007407199,0.0059811063,3.7967754e-06,0.0074611334,7.261877e-06,0.0064345854,0.004455074,0.008608362,0.008401697,0.0065138503,0.009231067,8.107166e-06,0.0062096836,6.605965e-06,0.0028699755,0.00313578,0.00570799,0.0036017487,0.00222398,0.007819725,0.006957583,4.530259e-06,3.5273678e-07,0.0005697505,0.009236401,0.008466734,0.007062103,0.0041046347,8.2237597e-07,0.00026928788,0.0077913823,0.008922536,0.010209953,0.0054633934,0.00472012,4.4137173e-06,0.003923179,0.006445803,0.008479046,0.0051337713,0.006046468,1.6489106e-06,0.009138639,0.008560219,6.1187334e-06,0.006182774,1.3475602e-06,0.00418041,8.292286e-06,0.0015552262,0.004234329,0.004123526,0.0056316126,-3.4814361e-06,1.903937e-05,5.935192e-08,2.5001316e-06,0.0063035307,0.002773226,3.262011e-06,0.0021972207,4.4510634e-06,0.022161884,2.5794138e-06
2.0715657e-05,2.693181e-05,0.003985559,1.8219123e-05,0.0026018843,1.0776751e-05,3.859195e-05,0.0051318784,3.607803e-05,3.6057747e-05,0.0009334814,1.665118e-05,2.9221786e-05,3.7562124e-05,0.00797842,0.002336879,0.001224005,0.0021572483,1.7093555e-05,0.008993855,0.008046791,2.8057832e-06,3.1968753e-05,2.1906282e-05,1.51712675e-05,9.652383e-06,2.0555994e-05,-1.1484285e-06,2.3019204e-05,7.0337505e-06,0.0062943934,1.0387218e-06,0.009615818,0.0050410163,2.182366e-05,4.2155403e-05,2.1188955e-05,0.012857602,0.00032461504,2.6215168e-06,1.5655382e-05,0.0,-6.194692e-06,0.0072414503,1.4704101e-06,1.3992542e-05,0.0053084223,0.00010211491,6.8096147e-06,0.005045041,4.8957844e-07,0.0017731418,2.2829674e-05,0.009255262,0.008820363,0.0019083101,0.012087335,1.0701792e-05,4.3041273e-05,1.0742253e-06,1.5978336e-05,1.952805e-05,2.7310218e-05,3.3379336e-05,2.465133e-05,0.0081734415,0.0019018679,1.1257401e-05,-8.315565e-06,2.4683526e-05,0.013620255,0.010214656,0.0038144612,3.0786163e-05,1.2338915e-05,5.9942386e-06,0.0058424063,0.011337266,0.01718112,3.1595195e-05,2.4742712e-05,-3.871778e-06,3.6340087e-05,0.00024371465,0.008287122,2.5291338e-05,0.00035907613,-2.5479137e-06,0.01260061,0.0084163705,3.9217057e-06,0.00023554673,1.0388239e-05,3.2619857e-05,1.9846939e-06,1.5696714e-05,2.9836601e-05,1.9316367e-05,2.93177e-05,5.361177e-06,1.6390792e-05,-4.073646e-06,1.9962212e-05,0.0016795881,7.808746e-06,9.15103e-06,2.748362e-05,1.6279606e-05,0.031674102,-1.0535634e-05
7.279486e-06,2.0061165e-05,5.123649e-06,6.0830735e-06,1.545045e-05,-1.7740823e-06,7.1612926e-06,0.0004981508,1.5947833e-05,9.104623e-07,2.559671e-06,6.7316514e-06,-2.295559e-06,4.6165346e-07,0.005257184,1.3625302e-05,1.1679895e-05,2.5100271e-05,-1.392994e-06,0.007172841,0.0057943286,1.3988776e-05,7.644997e-06,9.878587e-06,1.1959269e-05,1.3138831e-05,3.854807e-06,-4.6352216e-06,2.104222e-05,-8.948387e-06,0.00213781,8.007504e-06,0.008028129,5.0146823e-06,2.1499452e-06,5.650571e-06,1.1567206e-05,0.014696383,2.2480512e-05,6.099513e-06,2.0912983e-05,2.4263378e-05,0.0,0.0038196817,2.4431283e-05,1.9417155e-05,0.00017060222,1.0802727e-05,1.5116706e-06,1.6224787e-05,-6.682324e-07,2.516391e-05,8.536657e-06,0.0077688964,0.006638515,3.842805e-06,0.013119557,5.5676282e-06,2.25232e-06,-1.9080376e-06,1.5001144e-05,1.1545212e-05,5.7433404e-06,2.0978974e-05,1.3286542e-06,0.006127021,-7.094707e-07,2.4631998e-07,1.4135204e-06,-1.9758265e-06,0.01598642,0.0094480915,1.4949319e-05,-3.9900124e-06,-2.979304e-06,-3.042339e-06,0.0013542966,0.0118952785,0.02290638,1.0220517e-05,1.3755668e-05,1.8379937e-05,2.0367008e-05,6.043481e-06,0.005650443,1.955062e-05,1.9726062e-06,-2.121864e-06,0.014084442,0.0064075254,1.7902874e-05,1.8293264e-05,5.468784e-06,2.17087e-05,7.666247e-06,1.8894862e-05,1.2503074e-05,9.082339e-06,2.492832e-05,2.044809e-05,3.7262241e-06,9.919485e-07,1.6595252e-05,-6.713036e-07,2.0103844e-05,1.870088e-05,-2.9286948e-06,1.24974285e-05,0.040414438,2.2141196e-05
0.011410602,0.011893322,0.013882203,0.009070532,0.013888109,0.0093405405,0.011929606,0.014525402,0.012838199,0.012533374,0.0132789295,0.007864736,0.009183271,0.012749074,0.015272442,0.013767663,0.013492658,0.013666049,0.00933082,0.015143398,0.015033882,0.005126277,0.011104698,0.012274885,0.008253733,0.003527551,0.0114199435,0.006447428,0.012236532,0.00046793,0.014746773,0.0011202941,0.015469912,0.0145544335,0.008917158,0.01295492,0.010339959,0.015593568,0.013056683,0.008116305,0.004916426,5.3024514e-06,5.248159e-06,0.0,0.006197629,0.009192644,0.014418901,0.01302072,4.3865557e-06,0.014340928,0.0048084697,0.013624463,0.010766116,0.01544916,0.015188698,0.013707321,0.015730195,0.00904891,0.013166238,0.0051191477,0.011036354,0.009752427,0.012479798,0.011380638,0.01029554,0.015038954,0.013689583,0.008681834,0.0005793618,0.009213701,0.015693568,0.015561958,0.01395703,0.009256022,0.0073148534,0.0092469165,0.014501041,0.015638143,0.016268035,0.012436992,0.012203418,0.006557835,0.011955545,0.012936783,0.014959455,0.011714643,0.0130889695,0.0062323688,0.015959833,0.01509442,0.0010491327,0.013304989,0.0082218135,0.012178535,0.008216926,0.010048237,0.011179801,0.010923143,0.012796011,5.0130316e-06,0.008606405,0.007203058,0.008171315,0.013551644,0.009095764,3.400056e-06,0.010781646,0.007229737,0.020104552,2.9709388e-06
0.0035227973,0.004541654,0.0070224167,0.0013000481,0.0067739342,0.0019423844,0.0047703567,0.00740345,0.0052919444,0.0049462137,0.005808854,1.4087904e-05,0.00065545726,0.0055994815,0.008780007,0.0066195754,0.0061923456,0.0064641032,0.0009792715,0.009242629,0.008658316,1.3333334e-05,0.003392224,0.0047923545,1.7862863e-05,1.7870054e-05,0.00269777,1.726872e-05,0.004695819,1.120802e-05,0.008253449,1.7052915e-05,0.0095944265,0.00780006,1.5694615e-05,0.0059454166,0.0026180241,0.010481746,0.0056274273,1.6234146e-05,1.650513e-05,1.8225663e-05,1.3000139e-05,0.008019392,0.0,0.0008282273,0.007749032,0.0062280246,1.4573808e-05,0.0072889533,1.6085967e-05,0.006328816,0.003558844,0.008680784,0.009141338,0.0064351144,0.0095410645,0.001334886,0.0057325554,1.6877544e-05,0.0030148071,0.0017664153,0.005627258,0.003931881,0.0023612587,0.008614015,0.0065165814,0.0013335448,1.570071e-05,0.00080660294,0.010501038,0.008932897,0.0071164644,0.0015442675,1.710181e-05,0.0017044347,0.007869512,0.008905911,0.011708708,0.005467044,0.0051081995,1.8515357e-05,0.0046531516,0.0059007085,0.008968941,0.0046669333,0.006444536,1.594442e-05,0.009113027,0.008546789,1.4471429e-05,0.0058819186,0.0003764917,0.0043836287,0.0007219767,0.0025388899,0.0026723081,0.0025939315,0.0052743056,7.983126e-06,0.00019167556,1.698029e-05,0.00017649507,0.0064928723,0.0005322417,1.558063e-05,0.003786718,1.8651665e-05,0.019864561,1.2217379e-05
0.006005489,0.006918668,0.008304424,0.004183533,0.008246544,0.004115968,0.0071361125,0.008480794,0.0073319897,0.0070707053,0.0074461186,0.002437191,0.0048360457,0.007408262,0.00866339,0.008265276,0.007947054,0.008025628,0.0040601445,0.00831926,0.008376307,1.0498851e-05,0.005891308,0.0070366217,0.0025186564,6.7680403e-06,0.0057040183,0.00033781226,0.0071122698,9.943592e-06,0.008787918,7.6051056e-06,0.008599426,0.008688184,0.0038370318,0.007585259,0.005142883,0.0075501245,0.0075306343,0.0027211749,1.06426605e-05,8.723534e-06,6.396672e-06,0.008604523,0.0005151422,0.0,0.008406808,0.007906081,3.7670445e-06,0.008100785,8.118745e-06,0.007963304,0.0063149473,0.00900291,0.00855685,0.008011498,0.008648398,0.0038388164,0.0077523673,1.1030824e-05,0.0060124025,0.0051141917,0.0077572693,0.0063213645,0.005198405,0.008207098,0.008073897,0.0033532204,9.831266e-06,0.003858023,0.007646881,0.0083379075,0.008505829,0.0047047236,0.0018334655,0.0038003891,0.00886864,0.008673831,0.008107662,0.007513065,0.0071563437,0.0013210314,0.0066437433,0.007943629,0.008757636,0.0068506557,0.00810457,5.4644683e-05,0.008702042,0.00913641,1.0410058e-05,0.007961323,0.0021625091,0.006619354,0.0030763333,0.0048759985,0.0058388356,0.0058657103,0.0072645154,5.2458864e-07,0.0031856364,0.0016379597,0.0028305429,0.008251458,0.0042795003,6.9237576e-06,0.0056178938,0.0009612995,0.015370895,8.412521e-06
0.010335905,0.01053597,0.01258912,0.007700956,0.01285073,0.00826547,0.010741734,0.013117795,0.011699559,0.011416224,0.011955022,0.006733993,0.007817207,0.01155213,0.013573287,0.012464511,0.012066702,0.01236681,0.008367931,0.0146397045,0.014275645,0.0039936253,0.010064506,0.011051106,0.0071783443,0.002570833,0.010675594,0.005361783,0.011060865,7.528512e-06,0.014299123,2.6140619e-05,0.014831027,0.013726049,0.007636714,0.011825776,0.009450435,0.014190352,0.011717474,0.0070764613,0.0035024155,6.471697e-06,4.927559e-06,0.013437936,0.005187664,0.008060979,0.0,0.011985846,4.430315e-06,0.01279522,0.0037206018,0.012332132,0.009565275,0.013874589,0.013786228,0.012450438,0.014560437,0.007949101,0.012117854,0.0037499259,0.010170967,0.008480536,0.011509394,0.010357231,0.009227746,0.01351878,0.012311482,0.0077907103,6.442879e-06,0.0081463475,0.014016227,0.014073097,0.012818838,0.007715609,0.0063724634,0.008079793,0.0131798815,0.013666223,0.014667327,0.0111456085,0.011130705,0.0053579914,0.010862447,0.01170119,0.01349061,0.010412238,0.011848035,0.0051639276,0.014083148,0.01369159,6.9780003e-06,0.011996041,0.007764544,0.011260075,0.007175747,0.008804854,0.009824192,0.009750281,0.011815941,1.3352485e-06,0.00734068,0.0063315523,0.007144976,0.012659304,0.0077920454,6.7134156e-06,0.009866951,0.0064844433,0.01952998,6.242603e-06
0.009347629,0.009910198,0.011280991,0.0071799783,0.011501902,0.00775143,0.00999379,0.0116993375,0.0102774985,0.01012602,0.010179969,0.005791088,0.0064228796,0.010808399,0.011320109,0.011088886,0.01047178,0.010609041,0.007491323,0.010879528,0.011278028,0.0031581353,0.009268012,0.009970668,0.005840913,9.476713e-06,0.00910405,0.004632346,0.010075272,1.1147752e-05,0.011620752,7.901886e-06,0.011141796,0.011395053,0.0065312055,0.010974075,0.008785495,0.0101031065,0.010267876,0.006217186,0.0021159898,7.001829e-06,6.276552e-06,0.011242742,0.004392282,0.0070138467,0.011169244,0.0,1.063569e-05,0.010859479,0.0026748567,0.010765424,0.008909841,0.011803146,0.010926048,0.0107655395,0.011309681,0.0074071856,0.010433853,0.0029714655,0.0089992145,0.007741447,0.010307083,0.009670635,0.008490098,0.010590712,0.010622922,0.0073734713,9.072142e-06,0.0074306,0.010141212,0.010830218,0.011687191,0.0072237607,0.005111574,0.0075924178,0.011825972,0.011555153,0.010265379,0.010672964,0.010541194,0.004461307,0.0102323275,0.010518979,0.011053895,0.009803293,0.011246938,0.003935372,0.011531477,0.012199043,9.177367e-06,0.01070949,0.006827432,0.009687774,0.0065853545,0.008322025,0.008563883,0.008538088,0.00998792,5.863532e-06,0.006519005,0.005337674,0.0065083727,0.011370167,0.0067950226,8.837154e-06,0.009487132,0.0059081656,0.016422046,9.762702e-06
1.5905034e-05,9.445635e-06,2.4591574e-05,1.615716e-05,1.9599065e-05,1.9989e-05,1.5477914e-05,0.0016904016,2.3203536e-05,3.7126972e-06,4.0595583e-06,1.6216914e-05,7.968212e-06,5.248365e-06,0.0061966265,2.3916242e-05,1.6676257e-05,3.938316e-06,6.6635253e-06,0.007577854,0.006353168,2.0456837e-05,1.9717505e-05,2.4855772e-06,1.5105603e-05,2.266011e-05,7.539558e-06,1.143303e-05,2.230664e-05,6.8890284e-07,0.0029918014,2.2741739e-05,0.00843016,0.0007279539,1.3893384e-06,2.5197785e-05,3.5905557e-06,0.01431446,1.2859635e-05,1.38251935e-05,4.4038447e-06,9.217422e-06,8.879227e-06,0.0048272978,-2.3317323e-06,7.5503444e-06,0.0014909822,1.9148689e-05,0.0,0.0013078504,9.94617e-06,2.128559e-05,1.7369677e-05,0.008209482,0.0072962358,1.1383583e-05,0.012845937,1.0989685e-05,7.920713e-06,7.565892e-06,1.2267647e-05,1.2970366e-05,2.2187878e-05,1.5272477e-05,9.311341e-06,0.0067649763,1.0986575e-05,1.2393554e-05,3.6673816e-06,1.7483771e-05,0.015509148,0.009748624,3.719009e-06,8.096334e-06,1.0181947e-05,1.6876284e-05,0.002505849,0.011827112,0.021367716,5.345923e-06,1.0980433e-05,-1.2089343e-06,1.6283037e-05,1.7918255e-05,0.0064547863,7.66827e-07,2.471582e-05,1.40600705e-05,0.013739207,0.007105901,4.491169e-06,7.011165e-06,1.8615776e-05,2.02609e-05,1.6474214e-05,1.1583187e-05,4.6230944e-06,2.2748816e-05,9.956106e-06,-3.5328196e-07,2.7640906e-06,-3.9459173e-06,9.274253e-06,2.1120828e-05,2.2027194e-05,2.223568e-05,1.7389935e-05,4.183224e-06,0.038497493,1.1330568e-05
0.010630404,0.011350535,0.013001868,0.008672392,0.012918127,0.008698465,0.011547934,0.013438938,0.012182557,0.011929036,0.012322527,0.0071619414,0.009226064,0.011911228,0.0141744595,0.012964877,0.0127626825,0.0128558455,0.00852219,0.013834094,0.013831837,0.0045757727,0.010331202,0.011621559,0.007390658,0.0022150136,0.010582114,0.0051321285,0.011635132,2.9265136e-06,0.013210288,0.00016620039,0.014071587,0.013504752,0.008377214,0.012033576,0.009482436,0.0142044155,0.012280184,0.007386572,0.0045980094,3.5101082e-06,-5.1030323e-08,0.01389747,0.0054873326,0.008757686,0.013255673,0.0123917665,2.3532355e-06,0.0,0.0041166097,0.012715726,0.010541341,0.014250001,0.013951404,0.012775564,0.014209121,0.008291406,0.012550535,0.0043406966,0.010244926,0.009479806,0.01196587,0.010709861,0.00962423,0.013736692,0.012915457,0.007924863,2.6273199e-06,0.008577093,0.014209762,0.014183061,0.013024571,0.008925584,0.006740504,0.008541418,0.013575382,0.014262146,0.014437377,0.011858795,0.011615135,0.006020406,0.011202567,0.012391475,0.013961913,0.011229584,0.01244953,0.0052934247,0.014492421,0.013988182,9.972568e-06,0.0126188975,0.0067189927,0.011374256,0.007613384,0.009333013,0.010497042,0.0103674345,0.012013894,3.6881413e-06,0.007956505,0.006430208,0.0075488384,0.012684653,0.008390646,3.619789e-06,0.010109167,0.0062786154,0.018023215,4.303384e-06
0.0021853014,0.0033609003,0.0063651027,1.2737359e-05,0.006022433,1.082453e-05,0.003830667,0.007144183,0.0044750557,0.0040371045,0.0051277475,9.923481e-06,1.2262896e-05,0.004512119,0.008106227,0.005983631,0.0056345677,0.0058315275,1.32202695e-05,0.0084718345,0.007959649,1.6379161e-05,0.002010663,0.003741624,1.1085729e-05,1.3418906e-05,0.0017028878,1.3318179e-05,0.0037211725,1.1567185e-05,0.007865958,1.38901805e-05,0.0088383425,0.007313821,1.6640382e-05,0.0047780783,0.000872025,0.009757358,0.00480775,1.2317079e-05,9.784108e-06,8.45729e-06,1.0732377e-05,0.0077380156,1.2823393e-05,1.1786183e-05,0.0072567533,0.0053411084,9.919639e-06,0.006799044,0.0,0.0057176994,0.0024740074,0.0085988445,0.008548143,0.0057083545,0.0096412655,1.0155578e-05,0.0049946425,1.4806794e-05,0.0018556663,0.00047326906,0.004705585,0.0025830255,0.0008638864,0.007903591,0.005980793,1.2591413e-05,1.5484666e-05,1.06102325e-05,0.010411787,0.008708679,0.0065445965,0.00019962389,9.044853e-06,1.36552035e-05,0.0075186524,0.009038274,0.011732922,0.004372678,0.0039261477,1.6863705e-05,0.0032092335,0.0051536425,0.0083236005,0.0035820245,0.0054993294,1.5145069e-05,0.00953804,0.008570545,1.4410003e-05,0.0052669775,1.6835798e-05,0.0032732566,1.0331157e-05,0.00080256094,0.0015928937,0.001595067,0.0044454965,-3.4726418e-06,1.212935e-05,8.087382e-06,9.052204e-06,0.0056957887,1.0687179e-05,9.648407e-06,0.0021288537,9.40741e-06,0.02215244,4.579476e-06
0.009696786,0.010188611,0.011823322,0.0075407904,0.011987533,0.0077907145,0.010390295,0.012141631,0.010923596,0.010765388,0.011141063,0.006181019,0.0073975623,0.010956685,0.012275591,0.011764478,0.011310838,0.011571543,0.007865828,0.011952115,0.012128834,0.0033588873,0.009653407,0.010626871,0.0063027716,0.0008746987,0.009618686,0.004474588,0.010587978,6.4831293e-06,0.012364618,5.125239e-06,0.012262874,0.012178076,0.0072673494,0.011303784,0.008917932,0.011381615,0.011060174,0.0064008264,0.0029035315,6.2819463e-06,4.803859e-06,0.012143455,0.0044074683,0.0075477595,0.011956291,0.011447067,3.4620964e-06,0.011732692,0.0028925524,0.0,0.009268346,0.01240835,0.012079097,0.011570627,0.012162895,0.007538892,0.011238067,0.0030512004,0.009424735,0.008395066,0.011013975,0.009934921,0.0086400835,0.011798081,0.011591266,0.0072753862,4.915802e-06,0.007580378,0.01150242,0.0118654445,0.012030456,0.0075187306,0.0055581336,0.007606184,0.012419687,0.012302075,0.011387741,0.011003686,0.010803143,0.0047810064,0.010438901,0.011183585,0.012194681,0.01004792,0.011520436,0.004242124,0.012303039,0.01266095,6.2990703e-06,0.011415328,0.0066336636,0.010338291,0.006745542,0.008446741,0.00938232,0.009193915,0.010831743,3.2665653e-06,0.0069082365,0.005514511,0.0066297604,0.011722444,0.0074827904,4.753951e-06,0.009417507,0.0053710584,0.016612684,4.4457192e-06
0.007665588,0.00850071,0.009369557,0.0058697765,0.009472678,0.0059440737,0.008593025,0.00979944,0.008699082,0.008468818,0.008669075,0.004246312,0.0062194928,0.008830713,0.009687444,0.009389271,0.009148046,0.0093166595,0.005728833,0.009033325,0.009244353,0.0012406291,0.0074389074,0.008569582,0.0042195125,4.034207e-06,0.0070677376,0.0022001758,0.008552347,4.047393e-06,0.009757733,5.3626813e-06,0.009278716,0.009646647,0.005410869,0.009012951,0.0067728525,0.008246062,0.008765604,0.004492684,0.0015780651,3.5605237e-06,3.3213175e-06,0.009569363,0.0024724584,0.0057708807,0.009403025,0.009258585,7.27795e-06,0.009264667,0.00074258726,0.0092784045,0.0,0.009909645,0.009475314,0.009115137,0.00941676,0.0054913317,0.009025352,0.001133936,0.007493996,0.00660323,0.008982768,0.007840666,0.006829265,0.009011282,0.009317383,0.0052520307,4.870411e-06,0.0056340587,0.00827489,0.008988531,0.009709357,0.0063244514,0.003481889,0.0056290873,0.010159366,0.009507148,0.00873585,0.00891801,0.008606067,0.0029823068,0.008209984,0.009275933,0.0095602255,0.008425941,0.009419039,0.0018983708,0.009438451,0.010235614,6.0530774e-06,0.00914,0.0037645805,0.008053224,0.0048263245,0.0065352526,0.0072938525,0.0072865174,0.008679459,6.590371e-06,0.0049458304,0.003264309,0.00464189,0.00934133,0.00581226,5.0982294e-06,0.0073988647,0.0029210285,0.015299667,5.3318863e-06
0.0118494155,0.012525348,0.015042821,0.00967709,0.015144502,0.009903847,0.012998803,0.015682604,0.013637157,0.013431678,0.014035941,0.008850762,0.009621986,0.013712489,0.016060732,0.014580283,0.0141517,0.014335446,0.01022517,0.016060336,0.016045403,0.0064409473,0.011561366,0.013018944,0.008747097,0.0048021995,0.012238242,0.007495435,0.013083157,0.00156371,0.015638212,0.00202798,0.016335187,0.015437385,0.0093721645,0.013927194,0.0108214915,0.01621885,0.013709079,0.008767351,0.0054240474,0.00015216217,4.077272e-06,0.015940117,0.006948346,0.01012618,0.015306424,0.014033634,6.1212536e-06,0.014980659,0.005628566,0.0143934935,0.011698986,0.0,0.015940215,0.014518836,0.017141916,0.010018416,0.013935755,0.0057661426,0.011761733,0.01018683,0.0134003805,0.011909037,0.010806349,0.015917825,0.01429795,0.009520217,0.0018299759,0.009821835,0.016518414,0.01626072,0.015050982,0.01013666,0.008314616,0.009925175,0.015623373,0.017160164,0.017103547,0.013385712,0.0128400205,0.0070452946,0.012867546,0.013808535,0.015707955,0.012714781,0.014207647,0.007464814,0.017655814,0.016297814,0.0024243707,0.014128886,0.009443836,0.012909478,0.008879561,0.010650885,0.011936517,0.011610906,0.013436123,2.4984174e-06,0.009204871,0.008446766,0.008715314,0.014569556,0.009612049,0.0011376671,0.01153535,0.0085461605,0.02279302,0.001345712
0.011345432,0.012217603,0.014417507,0.009123764,0.0143570565,0.009192741,0.012225878,0.015120128,0.013306727,0.012959882,0.013958129,0.007842699,0.009222033,0.013095969,0.016034886,0.014239026,0.014096726,0.014415413,0.009566624,0.016456004,0.016039139,0.0052094664,0.010985175,0.012496638,0.00822721,0.0044107363,0.011837173,0.006814169,0.0126216365,0.0007311733,0.01562567,0.0013259401,0.016554225,0.015302377,0.008833349,0.0133396,0.0101978555,0.017408215,0.01345641,0.008064481,0.0051150606,3.940525e-06,3.9342535e-06,0.015924947,0.00624776,0.009642045,0.01538544,0.012898259,4.444142e-06,0.014989,0.005332538,0.014228011,0.011108623,0.016198311,0.0,0.01423039,0.016922772,0.0092429845,0.013849352,0.0050945682,0.011336507,0.009756682,0.012985168,0.011362182,0.010203766,0.016176706,0.014287794,0.009133799,0.0013122834,0.009249187,0.017456366,0.016677782,0.0144505175,0.00952758,0.007867986,0.0095457155,0.015036275,0.016455058,0.018479485,0.012638632,0.012140665,0.006416156,0.012153508,0.0133166015,0.015940338,0.011995853,0.013425463,0.006832746,0.017003894,0.015731238,0.0017487822,0.013736321,0.008795002,0.012729618,0.008162765,0.009958743,0.011536821,0.011358618,0.013242346,6.008158e-06,0.008575393,0.007660155,0.007948156,0.014097755,0.009245868,0.00031412847,0.011187808,0.007694426,0.021739194,0.00063308695
0.009679241,0.010235671,0.011777792,0.0075412053,0.011939503,0.007778122,0.010410183,0.012207984,0.010874028,0.010686598,0.011074025,0.00623262,0.0074756,0.010963668,0.012431129,0.011750393,0.011397485,0.011533926,0.007779779,0.0121414885,0.0122302035,0.0033902726,0.009603988,0.010494278,0.0063685556,0.00093549036,0.00963094,0.0045743803,0.010525948,4.615509e-06,0.012217652,5.817614e-06,0.012316616,0.012353983,0.0071447,0.01132129,0.008937836,0.011686399,0.011079717,0.0064673307,0.0028782068,5.9990048e-06,1.4985693e-06,0.012212043,0.0044181854,0.007717782,0.011976775,0.011437674,4.9997557e-06,0.01180208,0.002835283,0.011560952,0.009292765,0.01253225,0.012172661,0.0,0.012301924,0.007469374,0.011425592,0.0030256044,0.009531493,0.008349866,0.010942854,0.0099288905,0.008791851,0.011865808,0.011650876,0.0072123753,5.704036e-06,0.007721001,0.01149409,0.012123846,0.011935332,0.0076169665,0.005779694,0.0075870175,0.0124404,0.012216833,0.011521176,0.010973535,0.010741022,0.004877346,0.010331256,0.01109284,0.012109636,0.010217018,0.011481639,0.004404149,0.012429705,0.012508447,7.969615e-06,0.01143035,0.0066388915,0.010510663,0.006689202,0.008419376,0.009409856,0.009216668,0.010830345,2.0663147e-06,0.006958407,0.005520266,0.0065396735,0.011767426,0.007565155,5.705091e-06,0.009308557,0.0055293445,0.016459113,2.5861175e-06
0.01372705,0.013996248,0.016209066,0.011205478,0.016250525,0.011650424,0.013861375,0.016902588,0.014863645,0.01481875,0.015572705,0.010396923,0.011322123,0.015005447,0.017418485,0.01583159,0.015278686,0.015541776,0.011640089,0.018076107,0.017926687,0.007856392,0.013363078,0.014256057,0.010512894,0.006952117,0.013641098,0.009039077,0.014092163,0.003630678,0.017694542,0.004371209,0.01827875,0.01693012,0.011041685,0.015329123,0.012685139,0.01844466,0.015211756,0.010472604,0.007589303,0.0025536886,7.167048e-06,0.01724794,0.008983823,0.011348226,0.016975943,0.015326564,9.033044e-06,0.016245328,0.0075701806,0.01572409,0.012821468,0.017817577,0.017625576,0.015737003,0.0,0.01140902,0.015193002,0.0076817675,0.012948511,0.011927011,0.014448016,0.013670525,0.012315937,0.017590715,0.015653552,0.011135213,0.0036714387,0.011535351,0.018873561,0.018126428,0.01654551,0.011531945,0.009706674,0.011560211,0.016931431,0.018302625,0.020225147,0.014489188,0.014384916,0.008895673,0.014073989,0.014920006,0.017191404,0.013795607,0.015273085,0.009000762,0.01895745,0.017752543,0.0042778957,0.015400416,0.01112641,0.0143567985,0.010528954,0.0123780025,0.013040628,0.0128768645,0.014638062,4.3985524e-06,0.01084808,0.0097006,0.010566446,0.015938226,0.011389654,0.002843244,0.013218891,0.010055411,0.027752636,0.003059345
0.0052072434,0.0059182043,0.0076699187,0.0030044988,0.007707949,0.0039451304,0.006228009,0.008142916,0.006617634,0.006196182,0.0069180937,0.0015805848,0.0025328754,0.006723244,0.008592389,0.007565566,0.0072949496,0.0072889454,0.0031871984,0.008713361,0.008349648,1.09743405e-05,0.005243329,0.0062985537,0.0013015325,1.1928459e-05,0.0049438737,0.0004118958,0.00623737,6.634177e-06,0.008617636,8.96189e-06,0.008892991,0.008491282,0.0023011148,0.0070922803,0.004781032,0.008823898,0.006709789,0.0020420325,1.0968255e-05,6.3751427e-06,6.5634636e-06,0.008230546,0.0003051169,0.00294978,0.008311039,0.0073143356,8.220419e-06,0.007762803,1.3430324e-05,0.007471016,0.0050853994,0.008983553,0.008760394,0.007266852,0.009053464,0.0,0.0068686805,1.3289119e-05,0.005202217,0.0035888944,0.006911716,0.005463672,0.004427392,0.008185239,0.0074336277,0.003559038,9.342198e-06,0.0032206003,0.008859449,0.008687883,0.007938144,0.0031638523,0.0006007559,0.0035948076,0.008448864,0.008834695,0.008726365,0.00698182,0.0065672775,9.193013e-05,0.006258472,0.0069397893,0.008776478,0.005866217,0.007469283,1.0847436e-05,0.008949491,0.009057148,7.566602e-06,0.0071804468,0.0030682082,0.0059247073,0.0028062393,0.004387421,0.0043831235,0.0045529855,0.006477888,6.5146182e-06,0.002310736,0.0012443505,0.002626442,0.0076596155,0.0028704565,7.563976e-06,0.0055847093,0.0020461923,0.015374489,6.352948e-06
0.009094719,0.009658126,0.011088545,0.006992619,0.011138681,0.00721575,0.009802582,0.011300977,0.010266615,0.010135427,0.0104280645,0.005691219,0.0073867557,0.010332713,0.011581844,0.011061239,0.010780268,0.01096563,0.0072352034,0.011040013,0.011254446,0.00295172,0.008898477,0.010050051,0.005876884,7.3934866e-06,0.009038386,0.0038607735,0.010008817,7.54753e-06,0.011353355,5.350168e-06,0.011222035,0.011433414,0.0067887376,0.010488028,0.00830751,0.010450031,0.010404732,0.005852775,0.0027528135,6.889074e-06,4.6225887e-06,0.011378559,0.003837077,0.0072589954,0.011238841,0.010749131,7.394527e-06,0.011000021,0.002307696,0.010944492,0.008935504,0.011702762,0.011397726,0.010878196,0.011236691,0.0069549824,0.0,0.0024678735,0.009007605,0.007870929,0.010293938,0.009258784,0.008224102,0.010949968,0.011016144,0.0066588223,8.137861e-06,0.007090754,0.010384091,0.011058687,0.011093675,0.0073192324,0.005247129,0.007024509,0.011576853,0.011379148,0.010297796,0.010361105,0.010097283,0.0044589457,0.009637354,0.010589047,0.011460828,0.0095978705,0.010758995,0.0035087646,0.011267547,0.011590289,7.8314815e-06,0.01067732,0.005625301,0.009860078,0.006236618,0.0077624074,0.008948655,0.008779395,0.010322105,4.6751074e-06,0.0064789946,0.0048296526,0.0060205646,0.011041344,0.0071125757,4.7919284e-06,0.008625723,0.004528834,0.015659712,4.587309e-06
0.0027486563,0.004031176,0.0065661697,0.00069002697,0.006424866,0.00088562386,0.004288152,0.0071343323,0.004847033,0.004324907,0.0054365727,1.9365375e-06,0.00070300617,0.004932345,0.008387238,0.006291139,0.0060429606,0.0062649846,3.463657e-06,0.008916516,0.008157052,2.0685545e-06,0.002436168,0.0042797285,-4.9328895e-07,6.4305846e-07,0.0017261147,-8.8159015e-07,0.004119898,3.1532554e-06,0.008295246,1.9004625e-06,0.009332851,0.007569232,2.6529083e-06,0.0054094,0.0015331059,0.010712689,0.0051040486,5.566942e-06,6.6510975e-06,7.9858975e-10,3.3878712e-06,0.007877914,-9.472167e-07,5.5520372e-06,0.0076849833,0.0057330537,3.1274115e-07,0.007053732,2.9463386e-06,0.0059062974,0.0029994603,0.008724049,0.008647588,0.006132701,0.009842057,0.0001215575,0.00534922,0.0,0.002212781,0.0010523769,0.005007266,0.003118087,0.0014651301,0.0081365425,0.006315584,0.00020676575,5.629099e-06,8.016611e-06,0.010814683,0.009087317,0.0068377196,0.0011302488,3.2963644e-06,0.000542919,0.0076114605,0.009092855,0.012299905,0.004990216,0.004608067,2.387948e-07,0.0039862576,0.0054387553,0.0086561935,0.0041990145,0.0059542563,2.526282e-06,0.00940519,0.008515341,5.9734584e-06,0.005464918,-9.3505315e-07,0.0036045841,6.57584e-06,0.0016683601,0.0020481483,0.0021420403,0.004676997,-1.0350238e-06,5.9644076e-06,5.1342836e-06,7.338867e-06,0.0059725926,6.3221334e-05,4.9670984e-06,0.0026978627,3.8713497e-06,0.021967286,2.181968e-06
0.007025844,0.0075800517,0.0089448765,0.0045454903,0.009115051,0.0051363003,0.007801334,0.009274348,0.008148001,0.0077277427,0.008088209,0.0032868122,0.0044239946,0.008278311,0.0092014,0.008808119,0.008507817,0.00850641,0.005304891,0.008765463,0.008899469,0.0005929274,0.006809108,0.007940711,0.0037514742,8.762339e-06,0.00691133,0.0018648481,0.007741923,7.3959386e-06,0.009378071,1.0199198e-05,0.008949845,0.009329688,0.004348544,0.008484927,0.006204404,0.007574712,0.008065733,0.0038471557,8.772575e-06,8.237392e-06,6.2939343e-06,0.009076912,0.0015644535,0.0049340497,0.0091031175,0.0087743085,7.631944e-06,0.00856475,1.875683e-05,0.008737388,0.0066719204,0.009544397,0.00894064,0.008702035,0.00890738,0.004940167,0.008381067,0.00013882696,0.0,0.005480601,0.00836822,0.007209853,0.00603242,0.008563217,0.008593881,0.0046090866,1.0383206e-05,0.0049725985,0.0076693213,0.008620443,0.009180874,0.0047982354,0.0029548767,0.00490352,0.009488571,0.009137251,0.007970339,0.008257534,0.008015991,0.001974212,0.0077552716,0.008442379,0.009186514,0.007287484,0.0087051,0.0012824917,0.008995085,0.009634489,6.60188e-06,0.008478429,0.004027095,0.007581374,0.004008932,0.0058310498,0.006333238,0.0063481396,0.008080187,8.189008e-06,0.004186326,0.002766799,0.00410763,0.008973602,0.0046079736,7.5287207e-06,0.006871232,0.0029169046,0.014790444,9.14972e-06
0.006792704,0.0076685403,0.008763499,0.00529544,0.00867489,0.00504841,0.007835751,0.009026078,0.007994459,0.007870403,0.008043659,0.0032323194,0.0061716316,0.007978652,0.009138971,0.008824404,0.008523877,0.008815203,0.004834685,0.008518714,0.00873149,0.00020403744,0.006476612,0.0077622514,0.0034309907,3.508339e-06,0.006292449,0.0010484406,0.007976706,5.4684774e-06,0.009230621,8.145099e-06,0.008809226,0.0090398975,0.004924021,0.008213899,0.005850147,0.007849775,0.008202979,0.0035481553,0.0012694797,4.447243e-06,2.138571e-06,0.008936693,0.0011619471,0.005167436,0.008795194,0.008584874,1.4092624e-06,0.008822578,8.504714e-06,0.008627457,0.007213403,0.009304881,0.008897812,0.008587043,0.0088702785,0.0043962593,0.008500496,0.000100006575,0.0065856623,0.0,0.008296363,0.007038116,0.0059125023,0.008582439,0.00874928,0.0040847613,4.9897985e-06,0.004774452,0.007825393,0.008196615,0.008983103,0.005993745,0.0027953088,0.0045576915,0.009453481,0.009001476,0.00846431,0.008364878,0.007870003,0.0022908652,0.0073137144,0.008551228,0.009199764,0.007620221,0.008727194,0.00075960316,0.0090284,0.009544942,5.7334555e-06,0.008463462,0.0022436306,0.0073740687,0.0038824335,0.0056233606,0.006825951,0.0068415934,0.007982835,3.4088696e-06,0.004160506,0.0022199263,0.0036192504,0.008695963,0.0054582017,5.178485e-06,0.006222148,0.00119372,0.015442009,4.842358e-06
0.008723718,0.009234494,0.0104767885,0.006643268,0.010692312,0.0068894182,0.009296305,0.010859647,0.009772079,0.0094625605,0.009831364,0.005108027,0.0065618916,0.009825375,0.010571119,0.010491564,0.010132134,0.010220758,0.0067982064,0.009971405,0.010459886,0.0024427427,0.008465194,0.009356695,0.005459923,7.236896e-06,0.008403525,0.003616096,0.009471933,7.814035e-06,0.01070147,8.015995e-06,0.010358734,0.010851155,0.0062022926,0.009996427,0.0079818275,0.00947672,0.009835786,0.005499115,0.0019877537,6.701084e-06,2.0072002e-06,0.010607449,0.0035181593,0.006720288,0.010500297,0.010230138,6.4552037e-06,0.010186492,0.0018426966,0.010315096,0.008479749,0.010836965,0.010228658,0.010270164,0.010308129,0.006602723,0.010049946,0.0020817025,0.008402432,0.007393539,0.0,0.008872767,0.0077636875,0.009938492,0.010270529,0.0062943553,8.684921e-06,0.0066035558,0.009396153,0.0099644,0.010695196,0.006825108,0.0047021406,0.006613341,0.010976812,0.0104434015,0.0094490815,0.00980463,0.009673041,0.004024789,0.009224181,0.009932594,0.010491512,0.009112348,0.0103674,0.0032455744,0.010405048,0.011089737,5.7139705e-06,0.010237234,0.0054038446,0.009179672,0.0059112203,0.0074464935,0.00812119,0.008211342,0.009684441,4.7279545e-06,0.006031049,0.0045808805,0.0057654115,0.0104801785,0.006647095,9.070702e-06,0.008471081,0.004387571,0.015414509,4.8161987e-06
0.0076613734,0.00841019,0.009634319,0.0054803905,0.009774807,0.006054161,0.0084034195,0.009824288,0.008651641,0.008493582,0.00867731,0.0041947598,0.0050682314,0.009086121,0.009655462,0.009548906,0.009097622,0.009046204,0.0057902434,0.009253165,0.00951101,0.0012073442,0.0076654484,0.008530743,0.0040396657,1.1988379e-05,0.007304086,0.0026251841,0.008385496,1.191676e-05,0.010003627,8.853439e-06,0.009591595,0.009892192,0.0049616843,0.009443763,0.007138861,0.008285218,0.008805241,0.0045586587,0.0004313435,7.5407734e-06,9.671097e-06,0.009515748,0.0026809513,0.0056321914,0.009590456,0.009518178,9.556534e-06,0.00929393,0.00082408695,0.0091703385,0.007437891,0.010171918,0.009481519,0.009246136,0.009491595,0.0058461493,0.009035503,0.0010127691,0.007570234,0.00619749,0.008883647,0.0,0.0067724115,0.009053755,0.009203194,0.005553856,1.0753316e-05,0.0057033836,0.0081911925,0.009134478,0.010004344,0.0055903373,0.0034700218,0.005990556,0.01026659,0.009673329,0.008588341,0.009115355,0.0090212105,0.0026713517,0.008534454,0.00902004,0.009681172,0.008213086,0.00973098,0.0020517951,0.009674575,0.010311951,8.787181e-06,0.009129797,0.0051121386,0.008201063,0.0051057627,0.006813588,0.0069665285,0.006911379,0.008589419,4.235502e-06,0.004868855,0.0036377348,0.004831484,0.009569762,0.005334863,8.360953e-06,0.007832205,0.003969357,0.0155530935,9.322649e-06
0.0066755284,0.0074525904,0.008785243,0.0045073354,0.008713876,0.0049997424,0.0074878833,0.008997525,0.00790614,0.0075197686,0.007943506,0.0031626238,0.0044169375,0.007913512,0.009065151,0.008499108,0.008198036,0.008281622,0.00483011,0.008666393,0.008817444,0.00024219435,0.006452488,0.0076298085,0.0030468593,1.3868335e-05,0.0064188633,0.0015701081,0.0075542806,1.1287305e-05,0.009257446,1.4139176e-05,0.008927045,0.009149181,0.003952503,0.008274861,0.005884049,0.00775118,0.00783409,0.003687173,1.1863426e-05,1.4452571e-05,1.357884e-05,0.008789626,0.0014510321,0.00462429,0.008842897,0.008516418,1.4512777e-05,0.008578158,1.5173002e-05,0.008341368,0.0065575354,0.009302558,0.009003914,0.008450566,0.009017591,0.0047268667,0.008218688,9.0001835e-05,0.006599137,0.005336281,0.008168846,0.006989406,0.0,0.00844706,0.008413124,0.0044632102,1.538211e-05,0.0046702013,0.007767,0.008543058,0.0088982005,0.004899927,0.0023965158,0.0048323064,0.0094116265,0.008993364,0.008039632,0.008205204,0.007802327,0.0016817608,0.0075099166,0.008304316,0.00899571,0.0072799446,0.008765057,0.0010317112,0.008992771,0.009602403,1.5285434e-05,0.008233089,0.003896688,0.0071510347,0.0039976616,0.005703144,0.006075777,0.0061396775,0.0077457684,1.2594348e-05,0.0038495138,0.002442743,0.003844015,0.00877005,0.00438403,1.4106105e-05,0.006589839,0.0027692758,0.015095093,1.2032029e-05
0.0112143215,0.011983814,0.0143314935,0.008962176,0.014360376,0.009636747,0.012370237,0.015126106,0.013244413,0.012895284,0.013878503,0.008239165,0.009544686,0.013060345,0.01605803,0.014405257,0.014008471,0.014276715,0.009607426,0.016551234,0.016023278,0.0051972247,0.011019355,0.012635479,0.0081827575,0.0037879625,0.011766504,0.0065924176,0.012408871,0.00053018966,0.015444686,0.0011229063,0.016712435,0.015265612,0.008780445,0.013380619,0.010577355,0.017332373,0.013398964,0.007887198,0.0048729973,5.866226e-06,2.7860006e-06,0.015958888,0.006603502,0.0094354665,0.015430244,0.013252645,3.99338e-06,0.014948829,0.0051222397,0.014163905,0.0109998,0.016147494,0.01618812,0.014149286,0.016961824,0.009264692,0.013690303,0.0053428477,0.011241619,0.009717783,0.012858791,0.011370758,0.010155305,0.0,0.014297335,0.009108608,0.001060151,0.009571308,0.017425412,0.01675779,0.014404801,0.0095398305,0.0077413796,0.009553384,0.015172444,0.01657244,0.018574363,0.0125446115,0.012470641,0.006286284,0.012194422,0.013318073,0.015942946,0.012099988,0.013480304,0.006576774,0.017007444,0.015696295,0.0015569003,0.013836086,0.008752475,0.012682814,0.008116373,0.010164465,0.011574443,0.011291477,0.013155044,2.16355e-06,0.008312446,0.007591504,0.00842697,0.013902291,0.009102417,4.2222596e-06,0.011076356,0.0074818395,0.021887776,0.00017594498
0.009790714,0.010280879,0.0116492715,0.0077429656,0.011682832,0.007730755,0.010366304,0.01206237,0.010975704,0.010760209,0.0111903725,0.0062566306,0.008114635,0.01091177,0.012364033,0.01176062,0.011422091,0.011810929,0.0077616186,0.011907432,0.01210996,0.0033406352,0.009525505,0.010640094,0.006516962,0.00088261464,0.009623986,0.004498219,0.010652895,3.206658e-06,0.012020738,6.758313e-06,0.012187349,0.0120986765,0.007542558,0.01103939,0.008720086,0.011578583,0.011019964,0.006532213,0.003409816,4.645541e-06,1.725353e-06,0.012246372,0.004424282,0.007714373,0.011946109,0.011281003,3.923301e-06,0.011859372,0.002815941,0.0114650605,0.009421472,0.012494157,0.01228625,0.011673122,0.012147889,0.007444726,0.011328957,0.0031921437,0.0095118815,0.008556056,0.010853152,0.009876712,0.008638775,0.011986098,0.0,0.0070156874,4.8446464e-06,0.0075859562,0.011540174,0.012124589,0.011830345,0.007837833,0.0057869535,0.0075766747,0.012229639,0.012324071,0.011380073,0.010844806,0.010621842,0.0049284175,0.010131581,0.011187638,0.012229615,0.010246197,0.011379498,0.0041680187,0.012295291,0.012362336,3.9233223e-06,0.011456016,0.0060986886,0.010358545,0.006650069,0.0084054135,0.009504639,0.009464318,0.010958837,-3.0378013e-07,0.007011543,0.0055652866,0.006519332,0.011645636,0.007821937,5.3265976e-06,0.009156954,0.0050373194,0.016399667,3.0967074e-06
0.004954137,0.005849737,0.007652339,0.002796792,0.007565617,0.003884801,0.006109821,0.008068832,0.00643303,0.005992213,0.006709012,0.0013782755,0.0021925769,0.006829774,0.008607299,0.0074317656,0.0071696164,0.0071581597,0.00294871,0.008916657,0.008520712,1.5105742e-05,0.005044035,0.006129045,0.0008993184,1.0643293e-05,0.0046894676,0.0004553626,0.006037597,9.499424e-06,0.008864393,1.2153767e-05,0.009303002,0.008420859,0.0018828806,0.007278194,0.0046858406,0.00950179,0.0065768487,0.0019381075,1.6132906e-05,7.6115334e-06,5.7903085e-06,0.008443583,0.00053113216,0.002611386,0.008334185,0.0072940057,1.0286046e-05,0.0077801584,1.3898175e-05,0.0073857126,0.0051069893,0.009068353,0.008951265,0.0072411033,0.009315309,0.0034396234,0.0068619433,1.349837e-05,0.00479683,0.00340333,0.0067550396,0.0053057275,0.0042164554,0.008385634,0.007391901,0.0,9.597508e-06,0.0029849433,0.009475601,0.008921813,0.008047287,0.002968667,0.00015576789,0.0037090639,0.008530995,0.008830048,0.010134725,0.0068572573,0.006627698,1.4589088e-05,0.0062430934,0.0068172393,0.008901069,0.0057945945,0.0074622147,1.2233419e-05,0.008991816,0.009079059,1.0626508e-05,0.0069898046,0.0033254784,0.0058868746,0.0028481453,0.0044017285,0.0041317334,0.004145056,0.0064152414,4.095541e-06,0.0022419514,0.0010983682,0.0024727958,0.0074385395,0.0024038344,8.4035055e-06,0.0056309574,0.0023826286,0.016186217,1.1447627e-05
-4.4444123e-06,-2.3340735e-06,0.0051050554,-1.2217968e-06,0.0042649503,-9.70964e-06,7.1783943e-06,0.0062161637,0.0012994978,0.00044372672,0.0025750583,-1.065216e-05,-8.311211e-06,0.0009957061,0.00827576,0.003880802,0.0030670809,0.0036072044,-2.3567468e-07,0.009192825,0.008369313,-1.6089616e-06,-4.1371295e-06,-3.2243966e-06,1.931782e-06,-3.1760596e-06,-6.0805837e-06,2.7389826e-06,-1.1495094e-06,-9.799138e-06,0.0071064536,-6.492278e-06,0.009653786,0.006107204,-9.142213e-06,0.001659103,-1.2525776e-05,0.012503486,0.0022736548,-8.645854e-06,-4.7211215e-06,6.532317e-06,-4.7401213e-06,0.0074816807,-6.654065e-07,-1.1840412e-05,0.006396305,0.0024869698,-1.1090858e-05,0.005982999,-2.0513514e-06,0.0035126645,-8.586621e-06,0.009345843,0.008943704,0.003452577,0.0116287945,5.823625e-07,0.0019743927,-7.947009e-06,-7.4265263e-06,1.0716567e-06,0.0007222606,-6.345299e-06,-7.940152e-06,0.008536428,0.0036337068,-3.1045403e-07,0.0,-6.0826796e-06,0.013027831,0.010026752,0.005234334,-7.982138e-06,-1.0040479e-05,-9.3223025e-06,0.006676434,0.01085554,0.016488167,0.0006946842,-1.4833834e-06,-9.573212e-06,-5.8580777e-06,0.0022994012,0.008606015,4.785061e-06,0.0025966251,2.4597744e-06,0.01168625,0.008780114,6.3524603e-06,0.0024460296,2.5967142e-06,2.4347048e-06,-1.4382695e-06,-7.704334e-06,-1.0250089e-05,-5.458881e-06,0.00086425024,3.5080488e-06,2.8972133e-06,4.4408544e-06,3.2186551e-06,0.0034787592,-5.721315e-06,-9.346262e-06,-1.22190695e-05,5.1671446e-07,0.029132346,-1.9369324e-06
0.0059052766,0.0066945637,0.008193951,0.0038318362,0.008152372,0.004278422,0.0068114195,0.00849032,0.0071740416,0.0069450997,0.007377829,0.0022421014,0.0037402993,0.007387431,0.008739151,0.0080160545,0.0076231034,0.0077822856,0.003780834,0.008539236,0.008490221,1.1011443e-05,0.0057447045,0.00686328,0.002066225,8.481795e-06,0.0056184866,0.0005322515,0.0068735485,1.1862415e-05,0.008883484,9.917004e-06,0.008885135,0.008726816,0.0030402222,0.0075548706,0.0052574947,0.007700632,0.0072807786,0.0026192553,8.680501e-06,1.1503717e-05,9.170898e-06,0.0085771205,0.0004909855,0.0037834237,0.008520003,0.007917514,6.222779e-06,0.008028829,1.1063434e-05,0.007955671,0.0058769058,0.009088888,0.008629964,0.00788097,0.008981091,0.0037911844,0.0075129424,1.1895596e-05,0.0058104135,0.0044566896,0.0075071757,0.0060839625,0.0049654553,0.008202394,0.008006964,0.0037411319,1.2304745e-05,0.0,0.0077433023,0.008529398,0.008395811,0.004099134,0.0014298673,0.004038462,0.008865929,0.008865626,0.008014855,0.007429518,0.007215312,0.0007897979,0.006727497,0.007631303,0.008892701,0.0065911924,0.008014632,1.7071776e-05,0.0088242935,0.009319631,9.313393e-06,0.007623026,0.0029142697,0.0064519863,0.0031523244,0.0047749584,0.0052512395,0.005248494,0.0071060793,9.025238e-06,0.0030067177,0.001636882,0.0029991777,0.008096484,0.0036297797,5.975992e-06,0.0059133167,0.0019448515,0.015612199,9.302703e-06
0.014681777,0.0150078405,0.017477728,0.012234377,0.017180292,0.012497499,0.015018745,0.017943664,0.016174635,0.01598979,0.01681292,0.011255963,0.012646743,0.015873896,0.018852064,0.01709005,0.016775288,0.01698976,0.012610523,0.019463345,0.018977147,0.008730468,0.0143256355,0.015302653,0.011472323,0.0076376298,0.014624415,0.009753026,0.01521008,0.00436843,0.018708354,0.0050211395,0.019622793,0.018135626,0.01222317,0.016176347,0.013628522,0.021345368,0.016481563,0.011246115,0.008694168,0.003421907,7.481697e-06,0.018597128,0.0098309945,0.012410271,0.018136328,0.016316839,0.00018991291,0.01783563,0.008249195,0.016891047,0.013959763,0.01881761,0.019062728,0.01698303,0.020125825,0.011985477,0.0163257,0.008565295,0.014007952,0.013038536,0.015586293,0.014576621,0.01318404,0.019061975,0.01683712,0.011890471,0.00447401,0.012389549,0.0,0.019937715,0.017359827,0.012565425,0.010692792,0.01222049,0.017901829,0.019630747,0.0238687,0.015389953,0.015188281,0.009759276,0.01494546,0.01615538,0.018607063,0.014889769,0.01619114,0.009893633,0.019983767,0.018636001,0.005028751,0.016494468,0.011409192,0.015435505,0.011329063,0.013189847,0.014248101,0.014187821,0.015925726,4.147788e-06,0.011700411,0.01058063,0.011293272,0.016947512,0.01252261,0.0036081478,0.0139907375,0.010333985,0.027730033,0.0038260987
0.012227815,0.01258479,0.015170372,0.009754652,0.015158122,0.010260403,0.012773886,0.015754048,0.013951402,0.013588856,0.014692886,0.00888622,0.010092693,0.01371088,0.016975477,0.014891345,0.014712361,0.0150122605,0.010207154,0.017808357,0.017089436,0.0062152403,0.011946746,0.013158519,0.009141659,0.005166372,0.012362036,0.007443856,0.013089792,0.0019103945,0.016400065,0.0025718214,0.018276235,0.016197512,0.009834376,0.013859115,0.011076379,0.019261716,0.0141055565,0.008898181,0.0060076825,0.0007853034,4.2570573e-06,0.016848024,0.0073578903,0.010028638,0.016355632,0.014047905,3.907655e-06,0.015725035,0.005971274,0.014856447,0.011631507,0.017051628,0.01715012,0.01485139,0.018272178,0.0098296115,0.0143212285,0.006094724,0.011782187,0.010702519,0.01352334,0.012235797,0.01105997,0.017299872,0.01494992,0.0096346615,0.002051396,0.010086284,0.019468857,0.0,0.015097817,0.010090879,0.008379004,0.010177935,0.01589867,0.017612495,0.020784868,0.013252846,0.013011539,0.0073611583,0.012612177,0.013966971,0.016903175,0.012674164,0.013968926,0.007509151,0.018164013,0.016552264,0.002591584,0.014340533,0.009497009,0.013289415,0.00902926,0.0107357185,0.01206757,0.011781108,0.013847085,5.78035e-06,0.009370981,0.008132028,0.009086727,0.014650429,0.010046367,0.0010004388,0.011639084,0.00836095,0.024763938,0.001292148
0.010588114,0.011120516,0.012728755,0.00838691,0.013110597,0.008901418,0.011051709,0.0132463025,0.011550574,0.011424088,0.01152256,0.0070914635,0.0074872607,0.012162929,0.0127257155,0.012458225,0.011546476,0.011630606,0.008643602,0.01248146,0.013061204,0.0043492815,0.010409203,0.011144753,0.0068033137,0.0015192243,0.010242378,0.0059596566,0.011153017,5.160031e-06,0.013191225,5.919478e-06,0.012771601,0.012758417,0.007662319,0.012618453,0.009918665,0.01162154,0.011598542,0.0074903294,0.003125747,5.252807e-06,4.7519075e-06,0.012815053,0.0057490095,0.008173452,0.012517494,0.01245144,5.085286e-06,0.012068992,0.0038641144,0.012099759,0.01001267,0.0133709125,0.012538986,0.012109753,0.013443921,0.008679865,0.011767471,0.00423361,0.010158101,0.00882217,0.011424871,0.010769704,0.009619819,0.012270739,0.011855444,0.008522205,7.688484e-06,0.008552209,0.01174943,0.012470282,0.0,0.008160792,0.0062677446,0.008965633,0.013461175,0.0134045435,0.012051768,0.011970473,0.011956155,0.005384107,0.011595308,0.01172307,0.01245079,0.0111054955,0.012599118,0.0053056367,0.013581093,0.013857554,3.4314337e-05,0.012028639,0.00844791,0.010963047,0.007832852,0.009521148,0.009557795,0.009552481,0.011082335,4.436693e-06,0.007737773,0.006639499,0.007654105,0.012717032,0.007862212,7.794684e-06,0.010666787,0.007421024,0.01851449,4.6411064e-06
0.006877578,0.008273723,0.008766883,0.0065839184,0.008622315,0.005787535,0.0084223915,0.008970811,0.007980355,0.008179593,0.008018029,0.0036904896,0.0076182885,0.007969558,0.009073497,0.008668728,0.008666752,0.008834552,0.0050800825,0.008704349,0.008701968,0.0008863889,0.0063544954,0.007863008,0.0037781547,1.0744749e-05,0.0061003743,0.0008312018,0.008222653,7.989971e-06,0.009591878,8.361409e-06,0.009051143,0.009056981,0.005551684,0.008141813,0.0055635753,0.008789441,0.008010871,0.003683303,0.0028665862,8.867388e-06,1.1141975e-05,0.008962564,0.0015311822,0.005734882,0.008742078,0.008391883,1.1897261e-05,0.008854933,0.00019524724,0.008584131,0.007847935,0.009347842,0.008985288,0.008507534,0.009209312,0.0047282884,0.008420581,0.0011083712,0.0067658057,0.0068679242,0.008262041,0.0070145996,0.006022539,0.008646635,0.00874611,0.0041355267,1.0619691e-05,0.0052341768,0.008754208,0.008667707,0.008807436,0.0,0.0030341581,0.00508333,0.009343046,0.009072682,0.009345024,0.00871043,0.0077597373,0.002944896,0.007617455,0.0086601665,0.009195012,0.008461409,0.00859537,0.0010973742,0.00913107,0.009590597,1.201887e-05,0.008407348,0.0014304353,0.007116759,0.0040768855,0.006072567,0.0074249483,0.007453707,0.007939018,1.09852945e-05,0.0048522083,0.0026969889,0.0035947799,0.008980467,0.006174701,1.1503036e-05,0.0060693547,0.0009693883,0.017720608,9.340229e-06
0.0044149063,0.005205049,0.0074610254,0.0019525191,0.007262326,0.0021117753,0.0055955406,0.0078818295,0.0060812063,0.005743321,0.006469616,0.00016394867,0.0026516297,0.0059334747,0.008190838,0.007067677,0.0068999687,0.0070812684,0.0023464384,0.0076271393,0.007894224,1.6822809e-05,0.004276433,0.0055866884,0.0007389681,1.2999132e-05,0.004265635,1.6603146e-05,0.0055253506,1.3583449e-05,0.0083215665,1.3997737e-05,0.007974394,0.0075691594,0.0016617067,0.0063183024,0.0031247567,0.00781704,0.0063367034,0.00063870475,1.42763865e-05,1.521e-05,1.4778823e-05,0.0079530785,1.8402368e-05,0.0022257578,0.007517639,0.006757149,8.527487e-06,0.007431301,1.6019598e-05,0.007001577,0.004528403,0.008792049,0.007858754,0.0069873775,0.008497517,0.0017005913,0.0064863083,1.4118277e-05,0.0045255036,0.003180721,0.006434988,0.004710781,0.0033609404,0.0075231036,0.0070921374,0.0013068472,1.4098039e-05,0.0018384847,0.007947266,0.007831128,0.007477008,0.0025834907,0.0,0.001751119,0.008305733,0.008819553,0.00844157,0.0060717645,0.0056615933,1.4004727e-05,0.0051962966,0.006681302,0.00837588,0.0053330143,0.0067396406,1.4395022e-05,0.0091408165,0.008904428,1.2826299e-05,0.0067460258,9.587878e-05,0.0053857258,0.0008255481,0.0028407995,0.004090695,0.004111814,0.006087269,1.4353077e-05,0.001211123,1.690083e-05,0.00066308613,0.0071051624,0.0022915048,1.0947173e-05,0.0038864417,1.2995756e-05,0.018362628,1.51861095e-05
0.0056899088,0.0064664236,0.008056939,0.0035509747,0.0081607,0.0044487338,0.006697308,0.00840278,0.0069028526,0.006699169,0.007168542,0.0019845504,0.0030137037,0.0072666975,0.0088391965,0.007972027,0.0076291263,0.007718235,0.0036215226,0.0089794025,0.0088076545,1.3202471e-05,0.005554635,0.006673026,0.001536402,1.0560894e-05,0.0052534104,0.00074355584,0.006489947,9.728145e-06,0.008987852,9.729726e-06,0.009277404,0.008728963,0.002680997,0.0076700794,0.00496099,0.009046006,0.007213365,0.0025034267,1.1224422e-05,5.7850943e-06,4.0418154e-06,0.008617205,0.000907581,0.0034158183,0.008582145,0.007852011,9.6157e-06,0.008149522,1.0386613e-05,0.00776699,0.005664463,0.009253774,0.009063583,0.0076535456,0.00930359,0.0038981058,0.00737702,9.522449e-06,0.0055083833,0.0040625446,0.007149949,0.0059728944,0.0046846713,0.008514547,0.007862872,0.0039305827,1.0081561e-05,0.0034817012,0.008922645,0.008969349,0.008323892,0.0036176455,0.0009155615,0.0,0.008844857,0.009006683,0.00892476,0.0073998584,0.007077866,0.00044237348,0.006679631,0.0072451164,0.009045095,0.006491882,0.007914497,1.1758657e-05,0.009041274,0.009190542,7.0957503e-06,0.0075448537,0.0034011523,0.0062480513,0.0033178264,0.0048556435,0.0047521456,0.004901773,0.0068976167,6.2335034e-06,0.0028048956,0.0014880152,0.0029297369,0.0080081895,0.0030129694,1.0035821e-05,0.0060669407,0.002624106,0.015822362,9.011853e-06
0.011024868,0.011629884,0.013406655,0.00893337,0.013527822,0.009367409,0.01169386,0.013808456,0.012189223,0.011997956,0.012387423,0.0076808534,0.008520047,0.012630683,0.013659669,0.013143461,0.012476595,0.012598447,0.009212313,0.013470586,0.013834241,0.004908541,0.011003555,0.0117435735,0.007720731,0.0028046935,0.01087908,0.006308424,0.0118819885,8.009783e-06,0.0139948,0.00055492105,0.013758776,0.013479871,0.008508284,0.012795066,0.010356856,0.013106705,0.012357915,0.00804056,0.004305153,4.82582e-06,4.1611634e-06,0.013734628,0.00612927,0.008914489,0.013274194,0.01277731,6.543918e-06,0.0130624315,0.004604138,0.0128506515,0.01046517,0.014128346,0.013419672,0.012818309,0.014335192,0.009106714,0.012407684,0.004856917,0.010719904,0.009453102,0.012081813,0.011342522,0.010077634,0.013367901,0.012755901,0.008830077,7.991113e-06,0.009208359,0.013146656,0.013445615,0.013622734,0.008875088,0.007040424,0.009222495,0.0,0.014328405,0.013186092,0.012382595,0.012327464,0.006140943,0.0119090425,0.012463105,0.013493723,0.011684691,0.013026814,0.005977104,0.014612532,0.014474311,0.0007238031,0.012627143,0.0085413195,0.01159956,0.008365768,0.010096129,0.010577729,0.010331086,0.011883306,3.66394e-06,0.008383611,0.0072798464,0.0081322035,0.013205826,0.0086490065,7.7980285e-06,0.01107581,0.0073925983,0.018807542,5.1796915e-06
0.013571626,0.01423188,0.016512146,0.01142028,0.0164647,0.011627283,0.014195404,0.017055638,0.014829496,0.014789253,0.015305048,0.010362745,0.01110713,0.015175404,0.0174378,0.01593219,0.015367011,0.015586334,0.011672571,0.017368827,0.017430807,0.0077882246,0.013414381,0.014296525,0.01053709,0.0064292974,0.013421482,0.008936578,0.014229567,0.0033749617,0.017048465,0.0039588627,0.017575141,0.016629277,0.011117357,0.015312407,0.01254352,0.01782913,0.015147757,0.010420279,0.007276124,0.002205804,5.42755e-06,0.017458573,0.008889481,0.011355787,0.016615467,0.015334667,6.5593276e-06,0.01627597,0.007383205,0.015751785,0.013019716,0.018092582,0.01746944,0.015775627,0.018921584,0.011243377,0.015168254,0.0077096345,0.01318579,0.011909193,0.014685696,0.013830403,0.01239091,0.01742724,0.015588967,0.011289046,0.003462039,0.011617961,0.018363724,0.017911268,0.016676687,0.011650354,0.009793758,0.011529878,0.017142896,0.0,0.019179815,0.014633421,0.014543716,0.008779527,0.01419822,0.015341805,0.01719526,0.014178053,0.0155575005,0.008883046,0.020091131,0.017950876,0.0039763907,0.015354392,0.010976009,0.014293453,0.010579964,0.012364,0.013095285,0.01294686,0.014739925,4.847649e-06,0.010934361,0.009655132,0.010581276,0.015985675,0.011322998,0.002652012,0.013176214,0.009854642,0.026479477,0.0028416035
0.017299825,0.017459624,0.019702971,0.014924027,0.019411726,0.015277294,0.01749782,0.020158902,0.01858401,0.01833536,0.019119889,0.014094302,0.015346104,0.01840416,0.020815117,0.019282883,0.019113112,0.0191583,0.015266867,0.021543037,0.021209018,0.011717391,0.016895799,0.017814228,0.014186611,0.010623304,0.01714126,0.012679552,0.017616794,0.0074327905,0.021055775,0.008242435,0.021633646,0.020298826,0.014854782,0.01870511,0.016210642,0.022644978,0.018991992,0.014097855,0.011753693,0.0067312904,0.0030051034,0.020714507,0.0128447395,0.015084087,0.020396072,0.018715998,0.0033246614,0.019854343,0.011372813,0.01926973,0.016502276,0.02092295,0.021005634,0.019314118,0.022116372,0.014826561,0.018740598,0.011519444,0.016465258,0.015721634,0.017975457,0.017152986,0.015977822,0.021183658,0.01928622,0.0145318685,0.0075451396,0.015182519,0.022713412,0.02173802,0.019728849,0.015280841,0.013647176,0.015103918,0.020268263,0.021577977,0.0,0.018067118,0.01763762,0.012821313,0.017509375,0.01859943,0.020643735,0.017460827,0.018616071,0.0127693,0.021921623,0.020790556,0.007982924,0.018783245,0.014252364,0.017890716,0.014177461,0.015753506,0.016888801,0.016572079,0.018350653,0.0004167389,0.014534688,0.013375937,0.014153855,0.019390505,0.015215251,0.006800806,0.0166229,0.013189483,0.027880957,0.006923661
0.008777578,0.009403395,0.010632447,0.0067248764,0.010665326,0.0073221824,0.009529701,0.010917485,0.009662837,0.009488513,0.009587876,0.0053082807,0.006068941,0.010152675,0.010733046,0.010411241,0.009908389,0.010101657,0.0068825637,0.0100168595,0.010427471,0.0024373597,0.008708565,0.009508259,0.0050581163,1.000891e-05,0.008253264,0.003958377,0.009504857,7.2107077e-06,0.010733038,6.8566633e-06,0.010399187,0.010826092,0.0061594034,0.010384293,0.0081674,0.008978107,0.009722881,0.0058501665,0.0016642972,7.526574e-06,6.1571463e-06,0.010457328,0.0040455763,0.0065243053,0.010451243,0.010448272,5.059672e-06,0.01009359,0.002102569,0.010111871,0.008478587,0.011004978,0.010358849,0.010105177,0.010472039,0.0070356023,0.010037247,0.0024033096,0.008561947,0.007271333,0.009936778,0.00892656,0.007836268,0.00998894,0.010255861,0.006733292,6.885664e-06,0.00674999,0.009467119,0.009960928,0.01094815,0.0067692064,0.004537539,0.0071487958,0.011151556,0.010575336,0.009530347,0.0,0.010145556,0.0039028495,0.009630404,0.010146652,0.010525233,0.009468263,0.010738509,0.0031731597,0.01061155,0.011324796,7.995596e-06,0.010291451,0.006191421,0.009100883,0.0063786497,0.00794984,0.008042577,0.008065832,0.009396363,6.9427724e-06,0.006175418,0.0047967928,0.006078581,0.01054689,0.0065122633,6.920151e-06,0.008959397,0.0052770334,0.016014574,8.456022e-06
0.008311243,0.009026608,0.010157901,0.0064072446,0.010346399,0.006934546,0.009000949,0.010459577,0.009196733,0.009096949,0.009336406,0.005034666,0.0054829195,0.009757476,0.010464228,0.009981741,0.009625482,0.009759206,0.006567876,0.009782799,0.010100215,0.002103817,0.0083269775,0.009166044,0.004764422,7.765607e-06,0.008014288,0.0038151422,0.009023387,4.4471894e-06,0.010533073,6.6335265e-06,0.010146444,0.010431909,0.00567293,0.010049464,0.007800455,0.0092102075,0.009274065,0.005427029,0.0010410822,3.8641906e-06,4.3776886e-06,0.010150463,0.0038070006,0.006296201,0.01011821,0.010267902,4.0974483e-06,0.009898291,0.0018336037,0.009866334,0.008189207,0.010736147,0.010126019,0.009803345,0.010274311,0.0067168223,0.00949521,0.002280009,0.008038348,0.00688465,0.009419486,0.008604722,0.0075006606,0.0098223835,0.009710219,0.0065398277,3.8931157e-06,0.0063804076,0.009296617,0.009738351,0.010619043,0.0063677,0.0040767444,0.0068040355,0.010829482,0.010274997,0.009093441,0.009915742,0.0,0.003508751,0.009399687,0.009732392,0.010337405,0.008908526,0.010419407,0.0031313759,0.010336205,0.011043149,4.641376e-06,0.009760641,0.0063039064,0.008658812,0.00603828,0.007743511,0.007426774,0.0075690565,0.008997627,5.5637856e-06,0.005732309,0.0045638983,0.005711067,0.010355601,0.005885816,5.2424207e-06,0.008572597,0.0052626375,0.01584875,6.8209374e-06
0.004041643,0.004995637,0.0071046106,0.0021081292,0.006831656,0.0018814718,0.0053064693,0.007590008,0.0057432926,0.005314151,0.0061305715,7.6065735e-06,0.0033406285,0.0057084137,0.008012677,0.0068291137,0.0065249316,0.0065998044,0.0015998296,0.00795735,0.0078118215,5.286712e-06,0.0038090206,0.0054591605,6.9517123e-06,4.9078353e-06,0.0036259464,5.0041876e-06,0.0052693374,-2.6434213e-06,0.008465724,-1.2012302e-06,0.008271397,0.0077383267,0.0014702653,0.0059118783,0.0028894632,0.008079707,0.005870588,0.00017902063,2.147601e-06,-1.1741156e-06,2.772358e-06,0.0076704207,6.6669486e-06,0.0018079246,0.007573079,0.0064231097,2.1936373e-06,0.007169109,6.8276017e-06,0.0065366193,0.0043589137,0.008432764,0.008102664,0.0066140667,0.008830062,0.0013337478,0.0061368356,8.078831e-07,0.003759398,0.0029842176,0.006002508,0.004214875,0.0029141977,0.0075667296,0.0067703975,0.0009260414,3.0306276e-06,0.0015689267,0.008299511,0.0079108365,0.00728072,0.003214977,6.784961e-06,0.0016558637,0.00796327,0.008440887,0.008999054,0.0057523097,0.0053265463,0.0,0.0047635236,0.0062675565,0.0080814315,0.0050431527,0.0065725846,3.433573e-06,0.0087569645,0.008471834,-9.866933e-07,0.006246654,2.4183012e-06,0.004860137,0.0006158207,0.0027105496,0.0036693728,0.0038443261,0.005848277,-8.162357e-06,0.0009500713,4.4167778e-06,0.00045248584,0.006636441,0.0018226106,6.265627e-07,0.0036172625,7.6276774e-06,0.01997958,-2.778001e-06
0.007928839,0.0084865615,0.009784706,0.0057161236,0.010133125,0.006714326,0.008675198,0.010238218,0.008778582,0.008685104,0.00888844,0.004382602,0.0048538875,0.009427629,0.009888052,0.009628028,0.009021395,0.009192995,0.006112824,0.009553873,0.009899496,0.0016119203,0.0080008125,0.00868592,0.0042093024,1.1686839e-05,0.00755673,0.0033292146,0.008676447,8.57538e-06,0.010327087,1.1196328e-05,0.009881389,0.010199549,0.0049650236,0.009697419,0.0074728485,0.008836034,0.008969129,0.0050295857,0.00033081204,9.82046e-06,5.4799e-06,0.009849181,0.0031531833,0.005664174,0.009793187,0.009739091,7.187802e-06,0.009424136,0.0012097347,0.009548013,0.00761103,0.010335323,0.009797534,0.009446808,0.009934965,0.006259743,0.009227113,0.0015047578,0.0076765115,0.006192704,0.009030004,0.008271629,0.00711802,0.009314602,0.009327142,0.0062818555,9.105298e-06,0.006059107,0.008899147,0.009408907,0.010198361,0.005715169,0.0035413406,0.006461261,0.010352933,0.009835266,0.008832565,0.009422231,0.0092778355,0.0028438994,0.0,0.009196093,0.009883304,0.008459772,0.01001113,0.0024110216,0.009960519,0.010606475,9.754072e-06,0.009465368,0.005784928,0.00841029,0.005546413,0.007092641,0.006945698,0.0069806078,0.008570989,5.93927e-06,0.0051664202,0.004150803,0.005265316,0.010025869,0.005431381,1.0637101e-05,0.00837543,0.004905939,0.015751367,8.900064e-06
0.009453687,0.01029862,0.011374523,0.007749296,0.011412867,0.0077618496,0.010216315,0.011695017,0.010469779,0.010428263,0.010581229,0.005926159,0.0076978477,0.010546942,0.01153893,0.0112268245,0.010926874,0.011111594,0.0075957677,0.010791368,0.011199861,0.0029766343,0.009218937,0.010131482,0.0060998728,0.00061417086,0.009162665,0.0040829093,0.01027434,5.2132737e-06,0.01148421,5.5613646e-06,0.011033742,0.011538964,0.007188679,0.010842894,0.008410564,0.01037094,0.010680294,0.0064622522,0.0031258645,3.3583212e-06,5.785388e-06,0.011598469,0.0041735168,0.0076052127,0.011244505,0.010988959,3.7238349e-06,0.011226889,0.0025637553,0.011140571,0.0093717445,0.011985192,0.011340142,0.011063266,0.011258037,0.0071806684,0.010908885,0.0029912738,0.0090725785,0.00830958,0.010724791,0.0096733915,0.008455078,0.010922738,0.011114233,0.006810943,6.6037383e-06,0.007368593,0.010468206,0.010904817,0.011509433,0.00786846,0.005454762,0.0074324883,0.011939589,0.011575547,0.010440232,0.010690294,0.01048055,0.004628544,0.010006777,0.0,0.011561743,0.010138403,0.01124365,0.0042214743,0.011610753,0.011967123,5.163794e-06,0.011023922,0.0056715477,0.009803203,0.006657096,0.008355054,0.009111362,0.009044725,0.010523325,3.6501976e-06,0.0067653665,0.005279643,0.006418023,0.011241715,0.0074477643,6.188658e-06,0.009054779,0.0048518647,0.016365489,6.68296e-06
0.011575902,0.01192558,0.014043575,0.009347791,0.0140767805,0.0095972875,0.012210567,0.014818009,0.012979956,0.012802415,0.01367432,0.008021658,0.009503482,0.012775369,0.01562362,0.014149632,0.013730415,0.014015237,0.00950018,0.015857402,0.015390423,0.0055129672,0.011237043,0.012294785,0.008373053,0.004026509,0.011585562,0.0067243204,0.012435601,0.0007963996,0.0151406815,0.0016225424,0.015913315,0.0148849385,0.009080181,0.013060057,0.010496448,0.01647053,0.013274926,0.008340929,0.005292236,4.052082e-06,1.7510455e-06,0.01553778,0.0064983326,0.009430216,0.014919297,0.013121554,5.305206e-06,0.014591142,0.005236988,0.013968949,0.011129056,0.015803676,0.015659623,0.014008227,0.016239101,0.009083529,0.013632548,0.0053259637,0.011099681,0.010051232,0.012789545,0.011522704,0.010441896,0.015621107,0.014010356,0.009036538,0.0008584306,0.009373164,0.016529053,0.016080795,0.014104583,0.0094377445,0.007705422,0.009364445,0.014887227,0.016050085,0.017434198,0.012471253,0.012389682,0.006756565,0.011902166,0.013251614,0.0,0.011896166,0.013327014,0.0065177074,0.016370244,0.01536953,0.0015153778,0.0135038225,0.008414718,0.012491291,0.00852117,0.010134948,0.0114644,0.011162906,0.013116797,4.681434e-06,0.008683704,0.0075388597,0.008235326,0.01381089,0.009415379,6.825128e-06,0.010873203,0.007324969,0.0206484,0.0002040253
0.008512854,0.009409625,0.010459775,0.006968038,0.0106024295,0.0071637076,0.009540685,0.010694554,0.009510713,0.009400972,0.009537484,0.005094985,0.006670991,0.009810468,0.010583138,0.010349079,0.010049653,0.01003778,0.0065827766,0.010048499,0.01016872,0.0022125803,0.008427816,0.009276065,0.0049046907,7.506788e-06,0.007982102,0.0034019097,0.0094215935,6.8860295e-06,0.010544717,6.4026103e-06,0.010318041,0.01050016,0.0061450736,0.010235624,0.0076853656,0.009176281,0.009607625,0.0056030974,0.0021313294,7.360619e-06,4.366201e-06,0.010555874,0.0037138436,0.006508396,0.010210224,0.010260522,6.219947e-06,0.010167209,0.001782416,0.010119708,0.008551503,0.011050525,0.010510857,0.010032573,0.010384945,0.006596264,0.01000365,0.002211655,0.008267107,0.0074797594,0.00970886,0.008856677,0.0077776425,0.009941136,0.010199392,0.0062739365,8.909057e-06,0.00652027,0.009286074,0.010035097,0.010685195,0.007251039,0.0043132207,0.0067923493,0.011133924,0.010766799,0.009720275,0.0100962045,0.009717268,0.003845255,0.009338519,0.0100520365,0.010675062,0.0,0.0104897525,0.002993374,0.010723457,0.011215537,8.257412e-06,0.010161613,0.005177961,0.008713285,0.006042552,0.0075922133,0.007985746,0.0079715075,0.009377442,6.968714e-06,0.006021695,0.004424763,0.0057625305,0.010469799,0.006636439,6.965665e-06,0.0084430985,0.0044962536,0.0162783,6.5157383e-06
0.009470808,0.010122167,0.011437651,0.0073972577,0.011630464,0.007989016,0.010072672,0.011723383,0.010243955,0.01009825,0.010354747,0.005973676,0.0064858007,0.010873267,0.011472995,0.011186892,0.010422319,0.01053081,0.0074496954,0.010855416,0.011241794,0.003269871,0.009435179,0.010005604,0.005902206,0.0002547244,0.009123494,0.0048603415,0.010123805,8.155766e-06,0.011651548,6.1147034e-06,0.011042073,0.011466721,0.0066106124,0.011197925,0.00896112,0.010305181,0.010363884,0.0064363787,0.0021766054,5.1070374e-06,4.5827232e-06,0.011296229,0.004717528,0.0071604974,0.01104894,0.011245077,8.055356e-06,0.010924678,0.0028742899,0.010837821,0.008998084,0.011776754,0.011084629,0.010813409,0.011513098,0.0076746764,0.010613841,0.0032949424,0.009135002,0.0077660526,0.010382586,0.00974338,0.00861325,0.010750897,0.010671268,0.0076510916,6.144351e-06,0.0076078065,0.010386832,0.010734629,0.0118271,0.0072545335,0.0050748875,0.007882801,0.012006478,0.011552184,0.010379061,0.010844427,0.010821508,0.004560974,0.01037733,0.010693633,0.011228638,0.010126062,0.0,0.0043263156,0.01163121,0.01239232,6.6862126e-06,0.010800579,0.0071856515,0.009833935,0.007019435,0.008675959,0.008590646,0.008513555,0.009935493,4.7746403e-06,0.0067294654,0.0055545997,0.0067471843,0.011296657,0.0069307103,5.5357928e-06,0.00966317,0.006320544,0.016734768,8.2682045e-06
0.0029907203,0.0041320017,0.0068597603,0.00041502877,0.0066824653,0.00084291975,0.00450299,0.0074429554,0.0052368823,0.0046675797,0.005766163,1.3510073e-05,0.00079500664,0.0051779253,0.008992194,0.006399287,0.0061166165,0.0064368863,0.00036613134,0.008832043,0.008331955,1.07614505e-05,0.0028205805,0.00431881,9.214113e-06,8.762999e-06,0.0024966327,1.0361732e-05,0.004400312,6.8093236e-06,0.00817606,5.2475652e-06,0.009035019,0.007690434,1.4692004e-05,0.005643659,0.0015396146,0.009633204,0.00547108,1.0173587e-05,1.4831596e-05,5.207053e-06,4.9172186e-06,0.008135234,1.2334123e-05,0.0007186613,0.0076964735,0.0059469016,1.3987021e-06,0.007293656,9.179428e-06,0.0063086776,0.0032340377,0.008960531,0.008907413,0.0063838526,0.009718787,1.5053604e-05,0.005569685,1.4881985e-05,0.0026369693,0.0012180426,0.005206396,0.003450938,0.0020118733,0.008284946,0.006501758,8.8929984e-05,5.2161604e-06,0.00018778275,0.009610698,0.009125991,0.007089149,0.0012471499,1.34431475e-05,0.000637486,0.007974881,0.009426824,0.010908583,0.0050462256,0.0048196474,8.71509e-06,0.0039612893,0.0059599746,0.009243833,0.0042888974,0.0061655045,0.0,0.009677691,0.008838962,1.2132293e-05,0.0057863435,1.0883956e-05,0.004091368,9.652382e-06,0.0016991672,0.0030048927,0.0027368923,0.005160684,-3.6647836e-07,1.4691212e-05,1.0592319e-05,1.5034419e-05,0.0068473616,1.4243325e-05,9.048498e-06,0.0029532667,1.4492138e-05,0.02188849,9.629207e-06
0.014562267,0.01490637,0.017229935,0.012233061,0.017136462,0.012481032,0.014799251,0.017796118,0.015648099,0.015629463,0.016214961,0.011217652,0.012088581,0.015811991,0.018186683,0.016754823,0.016095275,0.016318994,0.012420083,0.018222459,0.018366514,0.008629893,0.01416687,0.015124282,0.011380912,0.007762944,0.014317313,0.009893192,0.01507059,0.004570946,0.018062055,0.005198676,0.018457023,0.017355694,0.011965625,0.01619293,0.013481138,0.018838527,0.015993614,0.011312286,0.008344668,0.0032713213,9.02397e-06,0.018070394,0.009906107,0.012289494,0.017278709,0.016164964,0.0002656538,0.017157251,0.008324339,0.016517447,0.013729537,0.01876463,0.018112095,0.016396847,0.019754509,0.012044693,0.015904963,0.008651018,0.013865415,0.012795481,0.015285528,0.014503788,0.013231906,0.018258244,0.016415302,0.012051079,0.0045796013,0.012364162,0.019447595,0.01874626,0.017374512,0.012619572,0.010587041,0.012373587,0.017827597,0.02001626,0.020317122,0.015351993,0.015394202,0.0098256925,0.015006093,0.015916798,0.017962644,0.01493767,0.01618484,0.009893826,0.0,0.01863963,0.005017551,0.0161261,0.011658763,0.01504737,0.011529433,0.013228848,0.014008441,0.0136846015,0.015382973,7.990904e-06,0.01175329,0.010655338,0.011256401,0.016671006,0.012170894,0.0036629967,0.014014127,0.010851669,0.027942387,0.0040324917
0.011531051,0.012512078,0.0145697575,0.009831532,0.014625177,0.009784279,0.0126136355,0.015075661,0.013134407,0.013001848,0.013263145,0.0087433895,0.00945674,0.013613236,0.015006886,0.014124822,0.01329254,0.0135589875,0.010160494,0.014563554,0.015279697,0.0062226555,0.011529544,0.012637942,0.008724747,0.004546057,0.012031781,0.0074801086,0.012710874,0.0012688038,0.015338568,0.0022242256,0.0152326925,0.014783285,0.00945688,0.013902475,0.010908719,0.014474639,0.013274356,0.008547477,0.005571761,4.9848995e-06,5.3558856e-06,0.015029472,0.0070351055,0.009877931,0.01416485,0.013914478,4.8096517e-06,0.014095708,0.005825344,0.013769935,0.011438281,0.015627762,0.014465738,0.013866288,0.0162515,0.010098498,0.013313516,0.0057410044,0.011692066,0.010439239,0.013059622,0.011848564,0.010722382,0.014665731,0.013670391,0.009498368,0.0013764766,0.010047058,0.014763498,0.014609312,0.014965179,0.009867392,0.008087259,0.01024254,0.015351073,0.016103797,0.015219313,0.013176971,0.012837196,0.0069758194,0.012764655,0.0135494955,0.01470785,0.012475707,0.01410582,0.0074559655,0.016445633,0.0,0.0023522344,0.013758963,0.009536498,0.012567316,0.0088516455,0.0106602525,0.011412892,0.011209052,0.01275825,2.116977e-06,0.008913696,0.008329823,0.008758891,0.014358084,0.009570976,0.0007504575,0.01159506,0.008346323,0.02230109,0.0010821361
2.7170063e-05,1.9094881e-05,0.005083053,1.2837397e-05,0.0040766983,1.9907826e-05,2.4720466e-05,0.0060048383,0.0011979304,0.00024421548,0.0024942788,1.4152178e-05,2.4728384e-05,0.0010289125,0.008088904,0.003601157,0.0026968352,0.0033863666,1.5537744e-05,0.009145717,0.0081811305,2.4184219e-05,1.3504963e-05,2.716445e-05,1.4519602e-05,1.366559e-05,2.1056354e-05,2.627778e-05,2.6347358e-05,1.3045578e-05,0.00705547,8.155537e-06,0.00958246,0.0059229243,1.3923096e-05,0.0018645275,2.3688886e-05,0.01304696,0.001983117,1.4348278e-05,1.41396495e-05,1.6868897e-05,2.2638342e-05,0.007330743,1.2805181e-05,2.3647657e-05,0.006219262,0.002469746,4.5973475e-06,0.005694437,1.8977375e-05,0.003256978,1.2993409e-05,0.009049583,0.008880148,0.0033786292,0.01154694,1.8412778e-05,0.00165366,8.869733e-06,2.6272173e-05,2.3678685e-05,0.0006658614,2.1405645e-05,1.9328974e-05,0.008278356,0.0033381844,2.5010244e-05,6.267331e-06,1.6609141e-05,0.013711695,0.010100087,0.0052368566,2.2176075e-05,1.3493455e-05,1.2558116e-05,0.0065629426,0.010525415,0.016929664,0.00071563874,2.3415012e-05,2.1933585e-05,2.510536e-05,0.0021078626,0.008563092,2.864461e-05,0.0027137578,2.437746e-05,0.0116314525,0.008609304,0.0,0.002274249,1.263169e-05,1.57952e-05,1.9844048e-05,1.3512707e-05,1.2690466e-05,2.4735058e-05,0.000666044,8.639305e-06,1.232905e-05,1.9217905e-05,1.6397751e-05,0.0033868663,2.5266103e-05,1.8764926e-05,1.3015531e-05,8.713435e-06,0.02807312,5.4920333e-06
0.009358623,0.010020074,0.011366763,0.007145698,0.01143618,0.007652924,0.009942231,0.011673526,0.010373848,0.010298817,0.010580741,0.0059458087,0.007177245,0.010726424,0.011686446,0.011317811,0.010791902,0.01091184,0.007520286,0.011004032,0.011375734,0.0031194424,0.00923566,0.010127425,0.006004103,1.8644974e-05,0.009184953,0.0041682823,0.010153547,7.063909e-06,0.011523107,8.416608e-06,0.011252423,0.011532024,0.006893387,0.010977762,0.008695279,0.010465891,0.010460522,0.00630664,0.0025097097,7.5986413e-06,3.5579685e-06,0.011530919,0.00415411,0.00724387,0.011363257,0.0110056745,6.611647e-06,0.011140356,0.002634243,0.01096738,0.009136114,0.011828661,0.0113242585,0.010965204,0.011278412,0.007372291,0.010885921,0.0027853313,0.009169835,0.008058622,0.010548536,0.009585803,0.008421769,0.010968995,0.011110473,0.007097127,8.541096e-06,0.0073975846,0.01045546,0.011049661,0.011561722,0.0072786966,0.0053332495,0.007372908,0.01191209,0.011509128,0.0103646945,0.010725573,0.0104428185,0.0045852847,0.010119783,0.010786341,0.011392367,0.0097710835,0.011191266,0.0037113964,0.011651325,0.012123232,7.217853e-06,0.0,0.006417197,0.010040438,0.0064565907,0.008307315,0.008973196,0.008804202,0.010314424,4.6706123e-06,0.006665579,0.0052872505,0.0064869006,0.011272595,0.0071859974,4.7142053e-06,0.009230022,0.005318195,0.016139153,7.29008e-06
0.0034391577,0.0040803803,0.0065356405,0.0004724612,0.0064922967,0.002223449,0.0045007877,0.007187339,0.0051315217,0.004492012,0.0056396313,0.0001060354,1.8154018e-05,0.0054320716,0.008177465,0.006168417,0.0058716405,0.0059010074,0.0014787143,0.008733776,0.008095623,7.7202285e-06,0.0036151954,0.0046087094,1.3355974e-05,-1.6171565e-06,0.0034388022,9.815916e-06,0.004505549,-3.1069544e-06,0.0079655545,1.4012937e-06,0.009038901,0.0075670583,1.9648749e-05,0.005788664,0.003257552,0.009915245,0.0053127734,0.0005219656,8.184679e-06,-2.680449e-06,-1.042621e-06,0.0076927566,9.248088e-06,0.0011580648,0.007697461,0.005920678,-1.6502734e-06,0.0067890952,5.412541e-06,0.0061390786,0.0033065185,0.008598704,0.008479293,0.006173743,0.009307779,0.0022634938,0.00541489,8.644927e-06,0.0035139858,0.0011466617,0.005219055,0.0039783963,0.0022554067,0.008056969,0.006212133,0.0024813954,8.560293e-07,0.0015765709,0.009929927,0.008941624,0.006782023,0.0005470407,1.3371407e-05,0.0022550158,0.0073724454,0.00868569,0.011068549,0.005217315,0.0051408964,1.28685015e-05,0.004757299,0.005221199,0.0083387755,0.0041970154,0.006115617,9.823756e-06,0.009213448,0.008286226,-4.4851717e-08,0.0056818333,0.0,0.004515816,0.0015262485,0.002989139,0.0023238868,0.0022076915,0.0049134474,2.8760114e-06,0.0006507482,5.9451242e-05,0.0012394602,0.0060911016,0.0004196132,-3.0873202e-06,0.0042562285,0.0017135225,0.018333362,2.6530108e-06
0.007719295,0.008154904,0.00966655,0.004973995,0.009905641,0.0058838823,0.008361323,0.010123872,0.008981713,0.008645452,0.009162803,0.0042956807,0.005296149,0.008970768,0.010131239,0.009706303,0.009313963,0.009341545,0.0059044277,0.0100016715,0.010131688,0.0014399753,0.0077476096,0.008760587,0.0046399455,4.7503645e-06,0.007825022,0.0024675236,0.008535324,3.7610214e-06,0.010340802,5.13206e-06,0.010204709,0.010368882,0.0051961453,0.009302408,0.007113684,0.009147037,0.00903139,0.0044009387,0.0005863478,1.5315406e-06,3.4865423e-06,0.010031488,0.0022613162,0.005751332,0.010084748,0.009474612,2.0952077e-06,0.009558592,0.00077104697,0.009459678,0.0073924465,0.010220376,0.010028775,0.009629561,0.010085547,0.005744176,0.009394047,0.000717946,0.007665274,0.0063544526,0.009006214,0.007821283,0.006863619,0.009694156,0.009533367,0.0053145587,4.533194e-06,0.0056848153,0.009116949,0.009771826,0.009916746,0.0052224738,0.0038379813,0.005649094,0.010225139,0.009762478,0.008969935,0.00902627,0.008740985,0.0028376828,0.008353408,0.0089287795,0.010082056,0.0078151785,0.009402632,0.0022215506,0.009846731,0.010527961,2.7855635e-06,0.009338213,0.005129357,0.0,0.004731458,0.00636816,0.0072532846,0.007181993,0.008936273,1.0199375e-06,0.0048585013,0.0034995547,0.004775612,0.009860441,0.0051455637,3.2251571e-06,0.0074428264,0.0036576742,0.014907234,1.6176052e-06
0.004985721,0.0059783533,0.0076621613,0.0032098645,0.0075685,0.003548176,0.006161355,0.008070339,0.0064980146,0.006161973,0.006754764,0.0011602213,0.0026017774,0.0066568227,0.008606278,0.007380725,0.0071994765,0.007288803,0.0028957303,0.008820281,0.008550073,8.420455e-06,0.0050439104,0.006070166,0.0009195011,4.712338e-06,0.0046092737,4.8772246e-05,0.0061598355,9.25668e-06,0.008699552,8.694996e-06,0.009237228,0.008454443,0.0020767383,0.0070699207,0.0042296187,0.009241536,0.0066385246,0.0018468737,8.121664e-06,3.695385e-06,6.694582e-06,0.0083260825,0.00019465067,0.0028388086,0.008243935,0.0073395898,6.530505e-06,0.007773425,1.183605e-05,0.0073980773,0.005054104,0.009025431,0.008908388,0.0073991255,0.009164151,0.0031772729,0.0068156635,9.248188e-06,0.0048061013,0.0035274148,0.0066947043,0.0054001044,0.0040821475,0.008435814,0.007442526,0.0031893295,5.0373346e-06,0.0027896373,0.009208883,0.008914544,0.007884046,0.0032652565,0.00026632592,0.0034075847,0.00855833,0.008791889,0.009923883,0.0068000522,0.0066336836,1.0944393e-05,0.00605492,0.006988296,0.0089406045,0.00594254,0.0074364296,1.0663735e-05,0.008888505,0.009057577,8.717691e-06,0.0069624907,0.0024028476,0.005684596,0.0,0.0042753383,0.0043862923,0.0042909486,0.0065163397,4.2751212e-06,0.0021841847,0.0008980003,0.0022676052,0.007388692,0.0026511622,7.5099247e-06,0.0053884117,0.0017973387,0.016431866,4.8299808e-06
0.0064890655,0.007297528,0.008640339,0.0045263236,0.008790347,0.005277028,0.0074289828,0.009039688,0.007636841,0.0074451133,0.007851064,0.0029519987,0.0038730367,0.008064224,0.009258653,0.008594317,0.008123767,0.008220205,0.0044904226,0.009073456,0.009107712,8.97305e-06,0.006536579,0.007364158,0.0026419412,7.036067e-06,0.006119059,0.0017326775,0.0074258996,9.705286e-06,0.009415018,9.697935e-06,0.009297677,0.009277771,0.0036094002,0.008319759,0.0059305085,0.008855394,0.0077882116,0.0035301072,8.66894e-06,8.695054e-06,6.3831635e-06,0.009024172,0.0017680443,0.0043415613,0.008925848,0.008535202,7.754397e-06,0.008587318,1.1023369e-05,0.0083556585,0.006446819,0.009524642,0.009324438,0.008346855,0.009347806,0.0046952227,0.007981398,6.6733846e-05,0.006318897,0.0050711143,0.007955751,0.0068172435,0.005650023,0.008808159,0.008461051,0.004736475,8.294588e-06,0.0044408217,0.008752762,0.009119387,0.009072326,0.004501337,0.0018236373,0.0048648994,0.009365173,0.009310624,0.008510954,0.008281165,0.007894716,0.0013856259,0.007619541,0.008048084,0.009249928,0.007284258,0.008841111,0.00083175866,0.009308572,0.009645551,7.477517e-06,0.008186249,0.0041551846,0.0069878055,0.0042721885,0.0,0.0057053166,0.0055941762,0.007497288,1.7919616e-06,0.0036855163,0.0024675645,0.0037571723,0.008621157,0.0040510856,8.016654e-06,0.0067968536,0.0033130927,0.015748702,7.646742e-06
0.007463045,0.00824674,0.009385153,0.0059353397,0.00931595,0.0055912025,0.0083774,0.009642764,0.008815692,0.008578244,0.008738129,0.0039584967,0.006807169,0.008555251,0.009530068,0.009381629,0.009258136,0.009549528,0.005703117,0.008849238,0.009101775,0.0008446083,0.0072637787,0.008496502,0.0042820824,6.1899723e-06,0.007129877,0.0016930815,0.008606173,8.83552e-06,0.009551417,5.7070256e-06,0.009296057,0.009654353,0.005623116,0.008688299,0.0064395233,0.008218905,0.008881989,0.004149944,0.0019569502,7.469169e-06,1.0737884e-06,0.009487704,0.0018691994,0.0058711288,0.009310174,0.00912952,4.286386e-06,0.009354327,0.00035200745,0.00933157,0.0076015443,0.009817923,0.00929559,0.009203215,0.009246134,0.0050915396,0.009110571,0.0005855758,0.00731707,0.006847025,0.009022922,0.007564672,0.0065008914,0.008950785,0.009519669,0.0046274834,5.969745e-06,0.0054446883,0.008264903,0.0089760665,0.009448291,0.0063815014,0.0036197577,0.005159287,0.009881445,0.009262426,0.00865484,0.008788608,0.008342601,0.0029108196,0.008020431,0.009219239,0.009600179,0.0081030335,0.009160091,0.0017191931,0.009208041,0.009971275,6.6946695e-06,0.00913214,0.00285344,0.008070171,0.004410057,0.006231864,0.0,0.0076286267,0.008830164,2.355951e-06,0.004741686,0.003101023,0.0041003413,0.009407495,0.006218901,6.8575923e-06,0.0069405977,0.0017811699,0.015046452,3.799526e-06
0.007397534,0.008064148,0.009219319,0.0056976466,0.00914036,0.005657295,0.008409713,0.009507059,0.00856325,0.008339295,0.008615704,0.003805104,0.0065589026,0.008451044,0.009551943,0.009425334,0.009036314,0.009429512,0.0054660533,0.008876614,0.009142399,0.0009811331,0.007103152,0.008487979,0.0042477185,1.7438796e-06,0.007084664,0.0015488208,0.008446914,4.5743404e-06,0.009503828,7.992619e-07,0.009302043,0.009561578,0.005380953,0.008619647,0.0064881477,0.0082351975,0.008648817,0.004056341,0.0016987941,2.8162765e-07,2.6115254e-06,0.009424785,0.0016868572,0.0055913157,0.009348212,0.009079189,-4.774476e-07,0.009208966,0.00024741972,0.009184461,0.007502784,0.009695444,0.009225118,0.00908928,0.009141528,0.0049931733,0.009011047,0.0006750278,0.007266621,0.0066060484,0.008774321,0.0075704525,0.0064800153,0.008893921,0.0094386665,0.004587617,5.7691454e-06,0.005185084,0.008028341,0.008832355,0.009351641,0.006221572,0.0034010592,0.0050871423,0.0099261515,0.009240917,0.008596852,0.0087172175,0.008209045,0.0027388663,0.0077766743,0.009038641,0.009478966,0.008157426,0.009162523,0.0013928799,0.009228021,0.009855189,2.2063039e-06,0.009139999,0.002903473,0.00789161,0.0043975245,0.005957028,0.0073009585,0.0,0.0086264955,2.5538052e-06,0.0046723248,0.0028979185,0.004091111,0.009299585,0.0060230885,3.5630135e-06,0.006779508,0.0016661673,0.014976615,3.908358e-07
0.008687851,0.009263054,0.010507387,0.006648902,0.010805134,0.006744819,0.009503516,0.010906541,0.009993728,0.009615258,0.010140778,0.0050776745,0.0068859123,0.009754298,0.011246057,0.010609615,0.010383116,0.0107022105,0.006765637,0.010821837,0.010972759,0.002276665,0.008387073,0.00957274,0.005526079,1.06336265e-05,0.008701962,0.0031911721,0.009470036,8.458344e-06,0.011112627,1.10954215e-05,0.011031025,0.01121721,0.0063927174,0.009948157,0.0076366854,0.010307153,0.0099293925,0.0054788147,0.0022169324,6.550332e-06,5.7387733e-06,0.011119783,0.0030921032,0.0068345224,0.011028233,0.010309131,4.7813674e-06,0.010768269,0.0017991858,0.010467797,0.008437004,0.011365879,0.010987154,0.010553228,0.010832799,0.0063113472,0.010247582,0.0017504003,0.008521269,0.0074751214,0.009995165,0.008739839,0.007683448,0.010552985,0.010612883,0.005916197,7.7610875e-06,0.006567934,0.010086484,0.010676891,0.010764343,0.0068998556,0.004870834,0.006515671,0.0111459885,0.010779706,0.0100120725,0.009869548,0.009633323,0.004014533,0.009089729,0.010277482,0.010975702,0.0091237705,0.010185222,0.0031406432,0.010874134,0.011279359,7.2117605e-06,0.010304878,0.0049632336,0.009407365,0.005607058,0.0073359055,0.008497245,0.008398021,0.0,2.1017254e-06,0.0059090555,0.004375554,0.005568302,0.010549297,0.0066778697,7.2321873e-06,0.008112495,0.0039940644,0.015377806,8.639155e-06
1.9733985e-05,2.6033216e-05,2.6655638e-05,2.4767716e-05,4.8370857e-05,3.4065208e-05,1.710252e-05,3.4137593e-05,3.276953e-05,2.2649403e-05,4.7352285e-05,3.4315315e-05,3.593707e-05,2.7126598e-05,0.0011144159,2.461341e-05,3.8551967e-05,3.2737e-05,2.7038112e-05,0.0038862047,0.0020742305,5.8705946e-06,2.4278124e-05,4.6745026e-05,2.660525e-05,2.186789e-05,2.1697611e-05,1.5990909e-05,3.9775146e-05,5.8259384e-06,5.37977e-05,3.3822147e-05,0.00518547,5.082571e-05,4.4351313e-05,2.418738e-05,1.633352e-05,0.014490504,4.714419e-05,1.7062755e-05,1.18082025e-05,2.9297276e-05,2.1011541e-05,5.8092162e-05,1.995064e-05,1.7794506e-05,5.2300915e-05,3.799989e-05,1.2662574e-05,4.4110348e-05,3.893386e-05,4.965913e-05,3.4852757e-05,0.0047225165,0.0030298082,4.825819e-05,0.01260756,3.7813523e-05,2.0829148e-05,1.8970135e-05,3.9478164e-05,2.4782923e-05,3.3706023e-05,1.8725374e-05,3.1439173e-05,0.0026357777,3.1804582e-05,2.6233021e-05,1.0206942e-05,3.4821318e-05,0.016572317,0.007419465,4.799344e-05,3.9602615e-05,2.4215806e-05,2.5686311e-05,5.4257518e-05,0.011018251,0.025707655,3.5528516e-05,4.9242808e-05,1.3256748e-05,2.7891141e-05,4.2197655e-05,0.0017390918,3.1128624e-05,4.1559146e-05,3.3227276e-05,0.0142115215,0.002671109,2.0821783e-05,3.846687e-05,1.3883768e-05,4.626362e-05,2.351195e-05,2.7379983e-05,3.2193697e-05,2.6439393e-05,2.3199933e-05,0.0,1.1884092e-05,2.6071215e-05,2.9947909e-05,2.7133214e-05,1.3361324e-05,6.5997906e-06,2.0843147e-05,2.3200708e-05,0.04781631,2.2002352e-05
0.0055232644,0.006455133,0.00798999,0.0037030308,0.007896797,0.0036892064,0.0065515107,0.008385726,0.0069908253,0.006603263,0.0071708243,0.0015413254,0.003723008,0.0068456475,0.008651706,0.007889913,0.0075604906,0.0076638297,0.0034589684,0.008581562,0.008509572,1.2374503e-05,0.0053775106,0.0066251885,0.0016237997,7.056888e-06,0.0049832747,1.0213576e-05,0.00644116,6.0919383e-06,0.0087004965,8.740248e-06,0.008812921,0.008474215,0.002755997,0.007230855,0.004397093,0.007986304,0.006999094,0.0022266202,8.672581e-06,3.965939e-06,6.326093e-06,0.008506993,1.3971901e-05,0.0034315197,0.008446537,0.007580305,7.32157e-06,0.008028792,9.103647e-06,0.0076365722,0.005617982,0.009024029,0.008764325,0.0076972307,0.008492032,0.0031688712,0.0072772414,1.0279835e-05,0.0052660615,0.004255543,0.007131593,0.005675217,0.0046571153,0.008125924,0.007788878,0.0029171985,5.563246e-06,0.0032870818,0.0079275,0.008187439,0.008117063,0.004018222,0.00084826106,0.0035291398,0.00872476,0.008871231,0.008434373,0.007148564,0.006700411,0.000298416,0.0062265717,0.0074054226,0.008688353,0.00634976,0.0078185145,1.2459891e-05,0.008876953,0.0091774175,8.670357e-06,0.0073749064,0.0018756095,0.0060357484,0.0027344835,0.0043015904,0.0050391844,0.0050305845,0.0068320967,4.435632e-06,0.0,0.00090111536,0.002447144,0.0077021555,0.003250118,5.4488773e-06,0.0054672905,0.0010291496,0.016279878,8.386383e-06
0.003708103,0.004998274,0.0071149305,0.0017428689,0.0070724706,0.0022904156,0.0053062565,0.0073678205,0.005791496,0.005265513,0.0062014307,1.4563168e-05,0.0014915441,0.005777574,0.008404914,0.0069407895,0.00655522,0.0068404996,0.0017578842,0.00870794,0.008352341,1.1242351e-05,0.003638171,0.005325656,1.0011263e-05,1.1238328e-05,0.0036230783,1.41767905e-05,0.0052427053,1.5299911e-05,0.0082995845,1.4711411e-05,0.008941299,0.008098403,0.00046238027,0.005740418,0.0031380393,0.009505539,0.0060497704,3.818557e-05,1.4621603e-05,1.0649795e-05,6.2478857e-06,0.008061492,1.0578209e-05,0.0016360577,0.007892156,0.0061355573,6.8478234e-06,0.007439228,1.1282483e-05,0.006779235,0.00409814,0.008804255,0.008649243,0.0068492265,0.009306395,0.00181217,0.0061411825,1.1691629e-05,0.0039612455,0.0024547891,0.006096978,0.0040009124,0.0027230761,0.008142126,0.0068453327,0.0017333134,9.523495e-06,0.001646496,0.009558303,0.008876096,0.00707987,0.0018497914,1.5772499e-05,0.0019879276,0.008154237,0.008853995,0.010173167,0.0059845787,0.0051612095,1.505219e-05,0.005157248,0.006215722,0.008673278,0.005031517,0.006777395,1.2473025e-05,0.009136414,0.00873693,1.3770165e-05,0.0063573527,0.001132818,0.004859784,0.00077002466,0.003066173,0.0033797345,0.003230313,0.005644382,1.090943e-05,0.00045894083,0.0,0.0008147786,0.0068770503,0.0014503296,1.2138997e-05,0.0042756656,0.00022521794,0.017908106,1.5505053e-05
0.0046928776,0.005659328,0.007536112,0.0024858408,0.007455246,0.0032302146,0.0057670446,0.0079526715,0.006330147,0.0058075264,0.006516304,0.0009060512,0.0022317867,0.006335662,0.008447801,0.007181922,0.0069583924,0.0069955103,0.0027230934,0.008720007,0.008340912,9.656145e-06,0.004682545,0.0058350484,0.00063693797,7.989552e-06,0.0044274363,1.0728748e-05,0.0058419947,8.05591e-06,0.008596278,6.8631493e-06,0.00894822,0.008273566,0.0017759274,0.0068108463,0.0039758454,0.0089776935,0.006383453,0.0015605297,8.334196e-06,7.6012407e-06,3.4921093e-06,0.008155276,7.5064854e-06,0.0025394242,0.008116658,0.006976986,5.5833025e-06,0.0076744705,8.7168155e-06,0.007053874,0.0047615403,0.008838678,0.008665179,0.007191516,0.009080878,0.002922115,0.0067072026,8.069713e-06,0.0045334157,0.0031785578,0.0065466366,0.0050393376,0.0038906422,0.008093565,0.0072504887,0.0027788323,6.1156134e-06,0.0025787535,0.008936292,0.008705148,0.0077178017,0.0027566394,1.7878257e-05,0.0029442464,0.008322698,0.008714239,0.008895152,0.0065271044,0.0061626164,1.1723299e-05,0.0058128643,0.0065436237,0.008553661,0.0055245752,0.007105255,9.023521e-06,0.008941974,0.0089484565,5.465806e-06,0.006919875,0.0021355061,0.005587453,0.002067267,0.0037510488,0.003982677,0.0040818336,0.0062118405,2.7725775e-06,0.0018666369,0.00042184928,0.0,0.0071924827,0.0022221778,8.235774e-06,0.004996676,0.0012926612,0.016731594,6.815168e-06
0.00983162,0.010267127,0.011865941,0.0073759174,0.011998713,0.00799352,0.010416442,0.012287687,0.010810648,0.010706039,0.010960814,0.006265905,0.006777376,0.011193907,0.012048179,0.011553157,0.011041653,0.011254476,0.008000037,0.011726092,0.012142408,0.0034382641,0.009832734,0.01039547,0.006211364,0.0009115035,0.009800385,0.0049044136,0.010428899,1.3301599e-05,0.0125813885,1.1267029e-05,0.012002445,0.012085978,0.0069381515,0.011493782,0.009110508,0.010614305,0.010901043,0.006690637,0.0024321035,1.1157189e-05,1.0690108e-05,0.011757008,0.004808979,0.007569059,0.011884893,0.011459102,8.801124e-06,0.011328013,0.0030837809,0.011369457,0.009168549,0.012414082,0.011680004,0.011354341,0.012165018,0.007896773,0.010974837,0.0032674703,0.009682597,0.008079881,0.010789336,0.010066082,0.008863001,0.011431906,0.011191451,0.007647703,1.2216741e-05,0.007824431,0.011028242,0.011515667,0.012225116,0.0072757443,0.005578437,0.008023317,0.01242455,0.012127362,0.011210989,0.011038576,0.011059713,0.0047518103,0.010666826,0.011092082,0.011701528,0.010065214,0.011634252,0.004418286,0.012174408,0.012671181,1.0951783e-05,0.01125697,0.0074157384,0.010382858,0.0070436075,0.00877828,0.008994412,0.008839102,0.010644813,1.1094431e-05,0.006923057,0.0058484804,0.006809915,0.0,0.0071506402,1.1040417e-05,0.009891365,0.0063377856,0.017279388,1.31516e-05
0.0061694905,0.007054234,0.0082265325,0.004764054,0.008079225,0.0042694802,0.0073106834,0.0086238105,0.007363309,0.0073100748,0.007615102,0.0026156164,0.0065990547,0.007160324,0.008764661,0.008302456,0.008238112,0.008553846,0.0042890287,0.008382087,0.0084619075,4.5480724e-06,0.0058922325,0.007190491,0.0030260063,2.8501022e-06,0.005581265,0.00051030645,0.007204095,8.6214743e-07,0.008946366,4.0007626e-07,0.008787218,0.008632883,0.0044253953,0.0074190777,0.0051905923,0.008444286,0.0076049143,0.0029223124,0.0017432807,-5.4014947e-08,-2.9746602e-06,0.0085925795,0.0004576819,0.0045108544,0.00853683,0.007786738,1.08450855e-07,0.008359263,9.4747395e-07,0.0081372345,0.0065051476,0.009133202,0.008745378,0.008018839,0.008800415,0.003811822,0.007923888,5.3296944e-06,0.00596088,0.0056144246,0.007765015,0.006342115,0.005322563,0.00825292,0.008376642,0.0033087383,7.9777885e-07,0.004047948,0.008372883,0.008418937,0.008364389,0.006034692,0.0020517444,0.0038410686,0.0090605,0.008775456,0.008898744,0.007612343,0.0071748,0.001526285,0.0066613434,0.008029341,0.008849986,0.007133874,0.008054239,5.131582e-06,0.00891373,0.009185445,2.3484135e-06,0.007877605,0.0013788299,0.006588433,0.003319439,0.004847506,0.006775453,0.0063803126,0.007428117,-3.586873e-06,0.0034156719,0.001771946,0.0027129855,0.008197572,0.0,1.595076e-06,0.005389752,0.00013858228,0.016863436,-1.2563736e-06
1.22554475e-05,4.412782e-06,0.0041765408,7.761379e-06,0.0029865773,1.275283e-05,1.28964575e-05,0.005347394,7.294127e-06,1.6516653e-05,0.0010500402,1.0157573e-05,9.053458e-06,1.9368621e-05,0.007927895,0.0024746635,0.0014133102,0.0020207132,8.876844e-06,0.009107866,0.008153353,1.01358755e-05,1.4979182e-05,3.6702286e-06,2.0161226e-05,1.7875096e-05,1.3703989e-05,8.729745e-06,1.0658324e-05,-4.9692235e-06,0.006413289,1.8112874e-05,0.009595279,0.005089639,1.9953453e-05,1.0618858e-05,1.7563932e-05,0.013291006,0.0004626618,2.0840664e-05,3.2408634e-06,1.0653773e-06,1.9229894e-06,0.0071329367,6.6853377e-06,3.3273093e-06,0.005516647,0.0005535145,2.678535e-06,0.0051306933,1.3183926e-05,0.0018873484,4.4482017e-06,0.009290032,0.0087372875,0.0021313652,0.012163107,1.9976722e-05,1.657792e-05,2.1132324e-05,4.4766093e-06,1.99382e-05,1.619742e-05,1.606758e-05,6.9702555e-06,0.008362935,0.0021068873,1.0604745e-05,-4.7895355e-06,7.942811e-06,0.013881533,0.0101028625,0.0042171343,1.2570814e-05,1.7020562e-05,3.6362127e-07,0.006019882,0.011172413,0.018318892,6.2172617e-06,1.9546453e-05,2.578932e-06,2.098976e-06,0.00023603952,0.008332399,9.683233e-06,0.0008465586,1.0059978e-05,0.01254759,0.0086195525,-1.8040224e-06,0.0006638581,1.5967616e-05,1.8075285e-05,-1.7935848e-06,1.883958e-05,1.4734879e-05,2.0422593e-08,4.2122097e-06,1.2811284e-05,1.1326385e-05,1.9397568e-05,1.1640023e-05,0.0018413204,1.6621028e-05,0.0,1.1352337e-05,1.0031873e-05,0.031146098,7.384332e-06
0.0067217853,0.0073639625,0.008849233,0.004495937,0.009126776,0.005517073,0.0076385974,0.009393193,0.007906857,0.00753613,0.007911931,0.003142091,0.0034191,0.008365552,0.009522608,0.008784405,0.008294452,0.008299803,0.0047745127,0.009433683,0.009253651,0.000322851,0.006874177,0.0076250923,0.002732251,1.0394398e-05,0.006402643,0.0024435276,0.007442985,1.0406672e-05,0.009703152,7.4578284e-06,0.009752222,0.009538135,0.0037089605,0.008647959,0.0064378576,0.009129352,0.008071854,0.0038122358,1.0089162e-05,6.670351e-06,9.058508e-06,0.009230456,0.0022061067,0.0044255895,0.009176617,0.008766764,9.206581e-06,0.008665816,0.00014120435,0.008452276,0.006418814,0.009918708,0.009426845,0.008559585,0.009655938,0.005301369,0.008193388,0.0005988925,0.0066536046,0.005046364,0.008132837,0.007205902,0.0059850374,0.009087089,0.008574886,0.005378169,9.611112e-06,0.004843803,0.009167935,0.009300085,0.009286448,0.004274298,0.0020600287,0.0054627326,0.009561474,0.009548246,0.00867955,0.00851836,0.008283809,0.0016802414,0.007833101,0.008213879,0.009427201,0.0073402203,0.008923612,0.0014328979,0.0095332945,0.010091228,8.301133e-06,0.008325217,0.005149023,0.007301969,0.0045979656,0.006230816,0.0056777997,0.0055913776,0.0075939395,8.364903e-06,0.0040557394,0.003068507,0.004387633,0.008913273,0.0039707012,9.148126e-06,0.0,0.004467962,0.015680874,1.0749606e-05
0.0031377305,0.0039816964,0.0063242693,0.0007560258,0.0063363826,0.0017441724,0.0042558387,0.007041589,0.0047969464,0.004327121,0.00551521,2.6252786e-05,2.9123194e-05,0.005121089,0.008634911,0.0060194004,0.006135744,0.005882723,0.0009738443,0.009345316,0.008660289,2.419098e-05,0.003264031,0.0041613393,2.4654915e-05,2.1998621e-05,0.0028427118,2.6774887e-05,0.004151504,2.1066557e-05,0.007997457,2.1352942e-05,0.009602382,0.007931564,2.7411224e-05,0.0054516434,0.0025202169,0.010874987,0.0051260996,2.9263176e-05,2.606439e-05,1.8202176e-05,2.0141935e-05,0.00808185,2.7179954e-05,0.00029922376,0.008120281,0.0056983125,1.7961622e-05,0.0073527438,2.657015e-05,0.005840625,0.0027118637,0.008994319,0.00905582,0.0060575604,0.009960855,0.0015767418,0.005101773,2.7164473e-05,0.002978041,0.0008472715,0.00488728,0.0036346905,0.0022393896,0.008607778,0.0064363563,0.0017301501,1.83303e-05,0.0008452498,0.01092076,0.009557812,0.0067351963,0.00019075256,2.3963647e-05,0.0018761016,0.0073761633,0.009218315,0.01223359,0.0050535663,0.004809144,2.8500275e-05,0.004511187,0.005087986,0.008950529,0.0040387176,0.005931205,2.694756e-05,0.009588179,0.008520578,2.0894562e-05,0.0053846915,0.0020537423,0.003975358,0.0010606624,0.002520113,0.0017569122,0.0015925519,0.0048019453,1.3994245e-05,7.310803e-05,2.478213e-05,0.0007050038,0.0059702285,3.0367091e-05,2.0541784e-05,0.0040075467,0.0,0.019206798,1.9312996e-05
0.024766417,0.02507668,0.02581724,0.02385904,0.025740815,0.0240849,0.025021639,0.02603131,0.025120983,0.025274124,0.025280347,0.023391614,0.02389332,0.025155071,0.026217777,0.025571493,0.02528331,0.025608381,0.02409601,0.026487231,0.026326267,0.021891685,0.02464935,0.025053162,0.023562022,0.020578237,0.02477651,0.022341292,0.025100369,0.018635603,0.026327176,0.019410921,0.026643092,0.025910866,0.023835273,0.025319062,0.024268022,0.026892768,0.025369834,0.023559067,0.02205693,0.018748006,0.015742501,0.026226142,0.022254046,0.02392636,0.025893884,0.02531981,0.016302524,0.025722537,0.02153736,0.02550987,0.024493154,0.026531054,0.02636097,0.025532253,0.026977794,0.02369827,0.025381776,0.021550411,0.024640325,0.024382865,0.025132623,0.024698699,0.024249626,0.026303612,0.025504159,0.023370564,0.019165862,0.023941565,0.027084744,0.02668422,0.025693256,0.023983298,0.023278896,0.023872567,0.025931498,0.026894717,0.027644249,0.025100147,0.025047248,0.022713423,0.024951363,0.025436573,0.026143128,0.024944458,0.02522468,0.022309618,0.027225228,0.026225924,0.019005023,0.025454544,0.022225011,0.024768984,0.023277193,0.024216836,0.02472212,0.024747036,0.025299754,0.013935317,0.023723155,0.02291529,0.0234279,0.025717039,0.02376897,0.018544743,0.024510907,0.022100668,0.0,0.01814676
2.35116e-05,1.3357066e-05,0.004131738,1.3531143e-05,0.0029677632,1.7032333e-05,1.950999e-05,0.005395853,2.2799784e-05,1.3388968e-05,0.0009328274,2.0196755e-06,2.000047e-05,1.7230874e-05,0.0077354237,0.0024550231,0.001276392,0.001947827,2.3488776e-05,0.009064897,0.008019875,2.2929707e-05,1.7839382e-05,2.0210438e-05,2.0067822e-05,1.2561597e-05,2.2466582e-05,6.415002e-06,1.4922007e-05,1.9981902e-05,0.006432672,1.5263782e-05,0.009698824,0.005022956,1.6518226e-05,6.0036233e-05,6.19873e-06,0.013657176,0.0005334713,8.854116e-06,9.386988e-06,1.9106556e-05,9.319581e-06,0.0069582523,5.481862e-06,1.5581787e-05,0.0053208936,0.0008307069,1.883634e-05,0.004922196,2.3080866e-05,0.001928351,2.0362335e-05,0.009153432,0.008747348,0.0020708018,0.012022223,8.198006e-06,2.6533166e-05,1.5383159e-05,1.7837825e-05,2.4015746e-05,7.8094e-06,1.8512426e-05,1.6441238e-05,0.008111801,0.0017961811,1.955002e-05,7.892101e-06,1.547452e-05,0.014354843,0.010146529,0.0044652703,9.285456e-06,2.010814e-05,1.919581e-05,0.00588224,0.01117653,0.01868703,2.1675796e-05,1.2503742e-05,1.128013e-05,1.5147107e-05,0.0003661348,0.008294701,2.2632283e-05,0.0011602775,7.6148917e-06,0.012220081,0.008565369,1.8287954e-05,0.00052289525,2.0356123e-05,4.784583e-06,1.3413918e-05,3.706291e-06,4.4804688e-06,1.9927867e-05,1.9830297e-05,5.366992e-08,1.1225693e-05,1.544538e-05,2.217822e-05,0.0020562608,1.6725118e-05,1.5411957e-06,1.3440319e-05,8.158799e-06,0.030822827,0.0
