1,2,3,4,5,6,7,8,9,10,11,12,13,14,15,16,17,18,19,20,21,22,23,24,25,26,27,28,29,30,31,32,33,34,35,36,37,38,39,40,41,42,43,44,45,46,47,48,49,50,51,52,53,54,55,56,57,58,59,60,61,62,63,64,65,66,67,68,69,70,71,72,73,74,75,76,77,78,79,80,81,82,83,84,85,86,87,88,89,90,91,92,93,94,95,96,97,98,99,100,101,102,103,104,105,106,107,108,109,110
0.0,0.0077281035,0.009949764,0.0031118058,0.010485897,0.005209256,0.007934187,0.010524703,0.008703316,0.008517883,0.0088804,0.0029678298,0.00062786986,0.00943659,0.010087161,0.009690044,0.008894034,0.0089189075,0.0054002255,0.0103488015,0.010400683,3.642767e-05,0.007856329,0.008374382,0.0029951055,3.836898e-05,0.007934105,0.0023939444,0.0082251,3.0551648e-05,0.0115455985,3.4831708e-05,0.010641221,0.010918828,0.002902202,0.0098329075,0.007365452,0.008900921,0.008919711,0.0037704022,3.304961e-05,2.8446615e-05,2.7486427e-05,0.009818063,0.0016186156,0.0043046824,0.010618463,0.009961082,2.757796e-05,0.009037236,3.5975467e-05,0.009587262,0.006218891,0.0104774125,0.009974044,0.009428195,0.010484618,0.0055716005,0.008892744,3.7017093e-05,0.007622446,0.004520823,0.008968866,0.008033973,0.006463911,0.009342354,0.009152934,0.005300592,3.020139e-05,0.0051583415,0.008921719,0.009654071,0.010582846,0.002316563,0.002371767,0.005437887,0.010716781,0.010209452,0.009425696,0.009249149,0.008989714,0.0005808915,0.008875028,0.008706474,0.009866599,0.0074230493,0.009958589,0.0017268467,0.010092283,0.0112378355,3.4416054e-05,0.009465692,0.0069268825,0.008583092,0.0041966834,0.006367949,0.005756027,0.0055143735,0.0085074585,2.8790997e-05,0.0036227247,0.0029768767,0.004443973,0.0105798375,0.0029219787,3.2252326e-05,0.0082412865,0.0048301346,0.01720294,3.053575e-05
0.0076401555,0.0,0.010131504,0.0039586,0.0103205005,0.0054114303,0.00819729,0.010377671,0.008666178,0.008505849,0.008851093,0.0031778838,0.0011738802,0.009429935,0.010114823,0.009690573,0.008805701,0.009029807,0.0055037974,0.010071342,0.010254353,3.9824256e-05,0.007821479,0.008340478,0.0031699063,4.161149e-05,0.0077689984,0.0025287878,0.008164402,3.4839286e-05,0.011293834,3.3753764e-05,0.010337864,0.010533034,0.0032265887,0.009706962,0.00713758,0.0089924745,0.008829251,0.003937283,3.027107e-05,2.7275904e-05,2.9094283e-05,0.009896665,0.0019375713,0.0044564824,0.01038445,0.009859945,2.7410337e-05,0.0090623945,3.773016e-05,0.009416844,0.006623703,0.010443843,0.009827761,0.009417402,0.010427683,0.005669989,0.008953275,3.8214992e-05,0.0075791785,0.0048186774,0.008990223,0.008047083,0.006460316,0.009312755,0.009172237,0.0054541067,2.5848194e-05,0.0052085966,0.008841573,0.009563671,0.010544521,0.002998255,0.0023578892,0.00561301,0.010664624,0.010134359,0.009429724,0.009229756,0.009039726,0.0009475368,0.008860434,0.009062833,0.009835555,0.0076813246,0.0099426955,0.002151065,0.01018711,0.011138874,3.1556665e-05,0.009475201,0.006250136,0.008533648,0.004543844,0.0063911956,0.006102569,0.00571198,0.008521082,2.5613386e-05,0.004032561,0.0031114155,0.0045510936,0.010425555,0.0032304164,2.7147666e-05,0.008073335,0.0048706597,0.016870935,3.0557083e-05
0.010309674,0.010618775,0.0,0.0062998002,0.013421778,0.008025431,0.010711104,0.013596741,0.0113621475,0.0113998465,0.011649517,0.0058643166,0.0037065763,0.012414264,0.013196063,0.0125366505,0.011615965,0.011813465,0.008122584,0.013492706,0.013808281,0.0024807162,0.010513099,0.010953391,0.005913552,0.0019404112,0.010616453,0.0055058836,0.010918995,3.4071116e-05,0.014327611,3.1609503e-05,0.013726482,0.013642002,0.005938516,0.012646206,0.009775124,0.012609893,0.011759741,0.006456243,3.0507776e-05,2.8501338e-05,3.139245e-05,0.013000745,0.0045693684,0.0071523767,0.013303839,0.012688156,3.0383499e-05,0.011899987,0.0024082644,0.01229689,0.008942884,0.013818249,0.01305235,0.012343304,0.01402381,0.0082610445,0.011807956,0.001876672,0.010312682,0.0073139747,0.01142268,0.010748189,0.008978985,0.012711951,0.011825761,0.007990187,3.1544187e-05,0.007817954,0.01270004,0.013082283,0.013535069,0.005331186,0.0052377526,0.008193418,0.013701462,0.013969997,0.012720767,0.011755127,0.011811064,0.003379234,0.011540914,0.011664668,0.012909728,0.0103378305,0.012752265,0.0050925435,0.014228089,0.014306484,3.5577676e-05,0.012214614,0.009578965,0.01130525,0.007028269,0.008976996,0.008786628,0.008369092,0.011090145,2.8462715e-05,0.006556347,0.006081931,0.0070777833,0.013345773,0.0059026508,3.0859977e-05,0.010877895,0.0074998834,0.019404331,3.1868854e-05
0.0047962596,0.0055919583,0.007900763,0.0,0.007734802,0.0022918321,0.0057039554,0.00822588,0.006370548,0.006025832,0.0068092835,3.407909e-05,3.0915086e-05,0.007082499,0.008613708,0.0074441796,0.0068904115,0.006905597,0.0024055974,0.009001574,0.009101273,3.1497642e-05,0.0049824277,0.005758394,3.5354675e-05,3.698271e-05,0.0049406225,3.9429466e-05,0.0058114813,2.6904496e-05,0.010210204,3.528348e-05,0.009732013,0.008749259,4.293248e-05,0.0069039175,0.0040281964,0.008513988,0.006715882,0.00052558637,3.240876e-05,2.4914338e-05,3.1937063e-05,0.0082407575,3.570981e-05,0.0015215102,0.0085032135,0.0071564815,3.3012664e-05,0.007108555,3.228647e-05,0.0074917027,0.0039407383,0.0086966,0.008340656,0.0074222377,0.009246611,0.0024484121,0.006736755,3.6579655e-05,0.0048991656,0.0018173617,0.006703065,0.0052112425,0.003195831,0.007708647,0.007158458,0.002267658,2.727142e-05,0.0020830876,0.008518996,0.008195187,0.008194273,0.00025705175,3.781796e-05,0.0025743747,0.008858363,0.008399005,0.009337913,0.006803481,0.006585071,2.9557157e-05,0.00621742,0.006771308,0.00812851,0.0051128874,0.007829433,3.868412e-05,0.008710335,0.009562054,3.3618835e-05,0.0071866787,0.0024336851,0.00590838,0.001321584,0.0035333221,0.0032495942,0.0029969332,0.0062589664,2.5474366e-05,0.0007822493,3.463019e-05,0.0011654376,0.008235711,0.00037781792,2.8839504e-05,0.00532798,0.0013741041,0.017992193,2.9200855e-05
0.010327993,0.010581863,0.01294831,0.006331283,0.0,0.008174435,0.010728518,0.013633836,0.011457574,0.011311933,0.011558931,0.006118924,0.003512395,0.012454697,0.012929654,0.0124753695,0.0113341175,0.0116144195,0.008416713,0.013540789,0.01390545,0.0028019932,0.010642,0.011106758,0.0061152745,0.0020064004,0.010853569,0.0058293627,0.010887307,3.0117411e-05,0.014454433,3.2203046e-05,0.013812469,0.013636677,0.0059542125,0.012772152,0.010184596,0.011890798,0.01159682,0.0068256953,2.995123e-05,2.6660091e-05,2.8495888e-05,0.012876357,0.00492271,0.0071271327,0.013350236,0.012554109,2.6628952e-05,0.011649764,0.00274452,0.012363666,0.008903478,0.013699577,0.012688726,0.012249199,0.014070803,0.008615494,0.01170852,0.0022562572,0.0102965785,0.007308522,0.011441067,0.010848446,0.009142969,0.012527321,0.011723603,0.00849604,2.780162e-05,0.007979842,0.012354889,0.012864272,0.013622949,0.005258022,0.005414505,0.008459436,0.013609178,0.013492582,0.0125767505,0.011913143,0.011850656,0.0036501733,0.011702133,0.011487023,0.012684085,0.010101774,0.0127507225,0.004976538,0.013871399,0.014185052,3.271167e-05,0.01220163,0.0101497695,0.011445655,0.0072104614,0.009208649,0.00864708,0.008361579,0.011203454,2.6720216e-05,0.006833606,0.006361624,0.007241703,0.013378956,0.0060866936,3.0567408e-05,0.010935454,0.008087827,0.019265862,3.31056e-05
0.005354464,0.0057884925,0.008488586,0.00089708687,0.0087996675,0.0,0.0060196435,0.00911479,0.006987867,0.006581586,0.0074088518,0.0006827585,3.04119e-05,0.007839716,0.009228442,0.008078382,0.007293668,0.0073931967,0.0031359557,0.01033498,0.009772112,2.8924745e-05,0.0057892953,0.006472543,0.0002510085,2.9262188e-05,0.005770801,0.00075970613,0.0062471563,2.8259623e-05,0.010764154,2.5684189e-05,0.010577071,0.009760023,0.0001673084,0.008201531,0.0054457374,0.009856628,0.00719495,0.0013881177,2.7986214e-05,2.7119095e-05,2.0944342e-05,0.008870093,3.1379714e-05,0.0018096841,0.009608004,0.008215188,2.5292591e-05,0.007696183,3.3406155e-05,0.008025321,0.0041998224,0.009685071,0.0095378095,0.008029381,0.010438414,0.0038604543,0.0072522233,3.1464013e-05,0.005603227,0.00197194,0.007130621,0.0059162723,0.00426492,0.008755331,0.007661329,0.0040274593,2.5964788e-05,0.0027626834,0.009665553,0.009551941,0.009244221,3.112146e-05,3.3922905e-05,0.0037153556,0.009443156,0.009314992,0.009976161,0.0073475153,0.007048759,3.2394542e-05,0.0071308333,0.0069275703,0.009226061,0.0053929826,0.008257593,3.1690106e-05,0.009574314,0.010123165,2.7045613e-05,0.0076112594,0.005709432,0.0067407545,0.0023888508,0.0043632677,0.0032688868,0.0032156976,0.0067129415,1.9137571e-05,0.0013444541,0.0009702394,0.0024392565,0.008939616,0.00038803494,2.8196557e-05,0.00654234,0.0037003488,0.017827025,2.7186486e-05
0.007532247,0.008059401,0.010020336,0.0037542698,0.010339286,0.005449048,0.0,0.010427563,0.008814423,0.008674422,0.008892986,0.0033715225,0.0013990463,0.009509046,0.010133316,0.009769649,0.009022865,0.009096966,0.005526054,0.010123257,0.010248335,3.606056e-05,0.007851986,0.008480438,0.0034223099,3.6061163e-05,0.008013702,0.0025459705,0.008262181,3.070245e-05,0.011109209,3.158929e-05,0.010400557,0.010762763,0.0033294316,0.009814819,0.007147282,0.0087979045,0.00888109,0.0038396858,3.17171e-05,3.01562e-05,3.0604242e-05,0.010002698,0.0018196526,0.0045635067,0.0103226025,0.009789515,2.8002245e-05,0.009172788,3.8499773e-05,0.009547181,0.0065785255,0.0104835415,0.00995934,0.00961746,0.010389878,0.005621703,0.009006153,3.5755224e-05,0.007692551,0.0047979965,0.008908286,0.008097443,0.006544455,0.009363912,0.009288725,0.00544601,2.842383e-05,0.005303066,0.008909087,0.009694824,0.010471872,0.002923206,0.0026117223,0.0055637867,0.010611371,0.010182861,0.009462519,0.009110151,0.008861401,0.0010367447,0.0087668,0.00895284,0.009953446,0.007587062,0.009986012,0.0019932634,0.010272447,0.010998363,3.409212e-05,0.009527843,0.0064875246,0.008539308,0.0044752415,0.0064177555,0.00608944,0.00584603,0.008665436,2.4872184e-05,0.003973326,0.003208124,0.0044973968,0.010457363,0.0034171315,3.1027866e-05,0.008035792,0.0046822224,0.016531881,3.0651045e-05
0.010927289,0.011147793,0.013726724,0.006842114,0.014135732,0.008738039,0.011299819,0.0,0.01203608,0.012066331,0.01245694,0.0067899707,0.0043676686,0.013115931,0.014095506,0.013287808,0.012137853,0.012360344,0.008894541,0.014483349,0.014695471,0.0034723536,0.011237822,0.011604729,0.0067477315,0.0028535505,0.011428715,0.006302387,0.01139527,3.05404e-05,0.015193243,3.3990887e-05,0.014706458,0.0144076375,0.0065511055,0.0133135505,0.0105595905,0.013655599,0.012342892,0.0071603716,2.9615463e-05,2.6207059e-05,2.551987e-05,0.013783482,0.0054643415,0.0078023244,0.014137482,0.013296646,2.8207902e-05,0.012691035,0.0033891334,0.013096905,0.009565768,0.014593319,0.013881977,0.013048462,0.015097024,0.00888954,0.012375626,0.0028391457,0.010859134,0.0077843443,0.012144783,0.011329859,0.009732041,0.013497647,0.012413034,0.008942193,2.848006e-05,0.008626504,0.013792477,0.013955791,0.014379431,0.0059286226,0.00611898,0.009069832,0.01432778,0.014753046,0.013743108,0.012315725,0.012269162,0.0041918494,0.012218003,0.012049035,0.013741355,0.010768486,0.013261884,0.005728997,0.015098653,0.015057534,3.5540128e-05,0.012801833,0.010511937,0.012061327,0.0075506084,0.009588446,0.009350443,0.009037013,0.0117143495,2.4658946e-05,0.007186373,0.0067429035,0.00780431,0.013985521,0.006486427,3.1340394e-05,0.011348421,0.0084865345,0.02027533,3.4937068e-05
0.008573509,0.008712402,0.010857188,0.0041588773,0.011450517,0.006126087,0.008902817,0.011467392,0.0,0.009512216,0.010101107,0.0041572894,0.0021295408,0.010405988,0.011231413,0.010754712,0.009881556,0.010056902,0.006459247,0.011513876,0.011614722,0.0005005411,0.00865841,0.009310748,0.0043987236,4.1890955e-05,0.008969875,0.0032764531,0.00916234,3.3986307e-05,0.012361268,3.5185716e-05,0.011827906,0.01184449,0.0042772926,0.01065615,0.008087666,0.010640555,0.009923061,0.004624408,3.628583e-05,3.434656e-05,2.8781807e-05,0.011182157,0.002439121,0.0055366033,0.011556313,0.010804349,3.141169e-05,0.010098196,0.00028353365,0.010652942,0.007332996,0.011587917,0.011111205,0.010614105,0.011606714,0.0063658757,0.0101050595,3.8323564e-05,0.008674872,0.005604148,0.009879023,0.008896536,0.0073726876,0.010806294,0.010169673,0.0061850767,2.890869e-05,0.0059924205,0.010532816,0.010927637,0.01154604,0.0036001357,0.003497106,0.006353526,0.011572943,0.011399825,0.010620311,0.009946686,0.009790308,0.0016605316,0.009668266,0.009758918,0.01111454,0.008211193,0.010777491,0.0028264287,0.011402644,0.012004962,3.3967826e-05,0.010500765,0.0075005786,0.009779149,0.005020539,0.007019746,0.0070693814,0.006788588,0.009638581,2.6543737e-05,0.00468866,0.0041108066,0.0052327407,0.011327955,0.004156174,3.2422333e-05,0.008844015,0.005345834,0.017063133,3.6588885e-05
0.008542729,0.0086964285,0.011022789,0.00426304,0.0112500535,0.0059980233,0.008858638,0.011412804,0.009709295,0.0,0.010031238,0.0041236714,0.002004111,0.010349379,0.011166512,0.010738323,0.009931646,0.010169632,0.0063619353,0.0113435015,0.011346671,0.0004253826,0.008707174,0.00935058,0.0043507186,3.720559e-05,0.009091553,0.00319814,0.009222016,3.5383786e-05,0.012361306,3.5799603e-05,0.011606383,0.011781787,0.0041280603,0.010633735,0.008228207,0.010273112,0.010067394,0.004586823,3.186088e-05,2.902074e-05,2.6993348e-05,0.011082002,0.0023241453,0.0054830275,0.011482009,0.010669023,3.108566e-05,0.010116542,9.7128825e-05,0.010489733,0.0072724586,0.0114768315,0.010973889,0.010566375,0.011424979,0.006437321,0.01002146,3.9891263e-05,0.008492642,0.005689738,0.009893767,0.008873524,0.007221357,0.01058673,0.010322128,0.0060421843,2.9681913e-05,0.0060675303,0.010323475,0.010806309,0.0113956155,0.0034528526,0.0034436437,0.006188873,0.0115852235,0.011070669,0.010387751,0.009981319,0.009876121,0.0015245689,0.009699585,0.009707895,0.010984421,0.008274597,0.010742565,0.0028137155,0.011162235,0.01201194,3.4718203e-05,0.010368908,0.0075570513,0.009678258,0.0049865684,0.0070858095,0.007024147,0.006773791,0.009493469,2.5307945e-05,0.0046342677,0.003924018,0.0050512957,0.011533722,0.004329784,3.4498615e-05,0.008981302,0.0051801093,0.01726642,3.3876855e-05
0.008983004,0.009225764,0.011606667,0.0046816785,0.011796107,0.0063875513,0.009434537,0.012114569,0.010394516,0.010226528,0.0,0.0045023486,0.0027099706,0.010834884,0.012196839,0.011366944,0.01090159,0.010898799,0.0069453316,0.012678749,0.012469627,0.00083717733,0.009104303,0.009942609,0.0047616186,0.00039190942,0.009642485,0.003822222,0.0096673025,3.588785e-05,0.013060571,3.3873584e-05,0.012804597,0.012539594,0.004697821,0.0111590065,0.008528786,0.011889589,0.010615451,0.0050144703,3.5849167e-05,3.3523047e-05,3.0815034e-05,0.011970255,0.0028962854,0.0059203003,0.012351175,0.011182998,2.7574015e-05,0.010992153,0.00070660084,0.011448107,0.0076581296,0.012451418,0.012249265,0.011372349,0.012678224,0.006769629,0.010769422,0.00024575405,0.009152361,0.006013186,0.010413683,0.009218565,0.0076571275,0.011723188,0.011060334,0.0063726185,3.076077e-05,0.006561758,0.011852432,0.012221054,0.012125544,0.0038411424,0.0041018953,0.006634085,0.012304901,0.012171223,0.0122689605,0.010423337,0.010264924,0.002142138,0.010124802,0.010336098,0.01210368,0.008734468,0.011192894,0.0034196465,0.012226281,0.0126380315,3.6795587e-05,0.010976079,0.007911561,0.010387443,0.005330295,0.0075082323,0.007841981,0.0073013846,0.010367028,2.8662682e-05,0.0051724245,0.0044913646,0.005504857,0.012097659,0.004719831,3.104751e-05,0.009188944,0.0056283884,0.017473644,3.2083863e-05
0.004321109,0.0044785454,0.00804709,3.68567e-05,0.008178321,0.0015757846,0.004930356,0.008712788,0.0061815665,0.00578361,0.0067353477,0.0,3.3750344e-05,0.0068499763,0.00875525,0.0074062506,0.0065135686,0.006692717,0.0018149026,0.009807007,0.009474768,3.3623277e-05,0.00467857,0.0056796786,3.901482e-05,3.7527534e-05,0.0050726677,3.5647256e-05,0.005314465,3.5735746e-05,0.010559617,2.9282255e-05,0.010081451,0.009421202,3.872648e-05,0.0073977173,0.004167699,0.008778488,0.006507938,3.48705e-05,3.5577374e-05,2.7294893e-05,2.9032308e-05,0.008318941,3.8840102e-05,0.00045801164,0.009149611,0.0074299606,2.4786377e-05,0.007042064,3.3567107e-05,0.007257473,0.002908954,0.009407796,0.008955276,0.0073095555,0.010328948,0.0022264817,0.0063159126,3.455099e-05,0.0045676357,0.00059162715,0.006270436,0.0049456386,0.0030025472,0.00827325,0.0067918305,0.0019158327,3.2101325e-05,0.0013045818,0.008852897,0.008653933,0.008807037,3.4108954e-05,3.384962e-05,0.0020070036,0.0090059275,0.009307745,0.009543579,0.0064222626,0.0061014504,3.5823232e-05,0.006088048,0.006041358,0.008881477,0.004087048,0.0076446976,3.7260117e-05,0.009698289,0.009884246,3.3681234e-05,0.006983976,0.0043464587,0.006044958,0.0005321585,0.0027959591,0.002205441,0.0019819099,0.0058033466,2.0618281e-05,3.5119327e-05,3.468915e-05,0.0007609652,0.008487662,3.760406e-05,2.9024315e-05,0.0051474213,0.0014750216,0.01991121,3.049885e-05
0.0033743659,0.0041334606,0.006811867,3.189528e-05,0.0068192193,0.00017877576,0.004439441,0.0074552135,0.005255513,0.0050384956,0.005727021,3.270168e-05,0.0,0.005448684,0.007421034,0.0064205206,0.005983225,0.006082859,0.00071465404,0.00841665,0.007937461,3.0821895e-05,0.0033009774,0.00475373,2.8433768e-05,2.8226601e-05,0.0037345511,2.9064135e-05,0.0047290926,3.4172404e-05,0.009652306,2.9887542e-05,0.008632017,0.007929195,2.692818e-05,0.00578106,0.0025027369,0.008034855,0.0055420715,2.5336152e-05,3.2151213e-05,2.2259226e-05,2.925018e-05,0.007211569,2.633673e-05,0.0007099918,0.007848854,0.0060936008,2.191798e-05,0.006005349,3.0207839e-05,0.006257388,0.0031930022,0.007906494,0.0075300327,0.0063779065,0.009009032,0.00014739382,0.005818228,2.8966899e-05,0.0033284347,0.0014245174,0.005486573,0.0036959115,0.0019334077,0.006976676,0.0060670725,2.7353268e-05,2.4960478e-05,0.00037432264,0.008207904,0.0075287493,0.0072423723,2.7421931e-05,2.9118923e-05,8.638936e-05,0.007894085,0.008065407,0.009302741,0.0051342226,0.004826022,2.9573643e-05,0.004441876,0.005704734,0.0073953564,0.003802571,0.006243938,2.644832e-05,0.008244826,0.008535806,2.9716171e-05,0.005985632,3.079989e-05,0.0047743507,3.3587694e-05,0.001379196,0.0030234628,0.0027833849,0.0053629423,2.9392002e-05,2.6356834e-05,3.2398068e-05,2.6395815e-05,0.0071469015,0.00046569147,3.2039334e-05,0.0029427588,2.7600445e-05,0.019891635,2.672107e-05
0.009231986,0.009518436,0.01157101,0.004997498,0.012083192,0.0074629197,0.009605885,0.01217099,0.01020346,0.009996869,0.01038872,0.004979189,0.0019244647,0.0,0.011671648,0.011350477,0.010163945,0.0103644505,0.007280531,0.0119276615,0.012030298,0.0012716117,0.0095078,0.00988931,0.0047374708,3.843636e-05,0.009535543,0.004788078,0.009819171,3.0875395e-05,0.013050339,3.5786947e-05,0.012156368,0.012259721,0.0046026367,0.01180649,0.009240797,0.01087764,0.010387599,0.0054773735,3.2332446e-05,3.0444557e-05,2.823851e-05,0.011512537,0.0039055394,0.0058730203,0.011966751,0.011543183,2.4103316e-05,0.010453924,0.0013074735,0.011162555,0.00783143,0.012216308,0.0114584835,0.011049742,0.01227346,0.0076122144,0.010519904,0.0009255537,0.009268219,0.006018212,0.010418045,0.009666399,0.008097764,0.010993201,0.010584676,0.0075932075,3.0973144e-05,0.006844043,0.010807343,0.011188209,0.012463723,0.0040708887,0.0040029115,0.007665284,0.0124452105,0.011905913,0.011006886,0.010878257,0.010844536,0.00232021,0.010902467,0.010169839,0.011397041,0.009028885,0.011777333,0.003854013,0.011923722,0.012848529,3.3043056e-05,0.011067815,0.009447841,0.01011725,0.006267924,0.008326145,0.0072460896,0.006942764,0.0098206615,2.5738962e-05,0.005640247,0.0050753234,0.006375607,0.012211178,0.004373513,3.315148e-05,0.010249622,0.007367555,0.018440252,3.5560515e-05
0.010661032,0.010822117,0.013721208,0.0064854785,0.01396823,0.008115974,0.011024371,0.014494248,0.012150721,0.012056682,0.012706046,0.0065391194,0.0047518527,0.012447975,0.0,0.013322963,0.012683402,0.012959638,0.008578067,0.015706617,0.015434814,0.0032286118,0.010651254,0.011354115,0.0067362324,0.0035901954,0.011288645,0.005864169,0.011416831,3.3932713e-05,0.015455052,3.3860106e-05,0.015962804,0.014676049,0.0066827126,0.01274065,0.010061383,0.01586341,0.01252562,0.0068506906,3.2706474e-05,2.8616992e-05,2.8109542e-05,0.014730574,0.0049216575,0.0076967487,0.014762015,0.01276056,2.8445456e-05,0.013479302,0.0032243936,0.013166554,0.0092003895,0.015338634,0.015015581,0.013347139,0.01617804,0.00848008,0.012528256,0.0025822164,0.010506535,0.007842195,0.012049789,0.010817234,0.009349684,0.014857147,0.01290548,0.008112898,3.2238862e-05,0.008185085,0.016060878,0.015577128,0.014000444,0.0058345753,0.005956079,0.008470796,0.014443015,0.015588504,0.016608208,0.011839173,0.011831923,0.004133356,0.01161706,0.01224714,0.014735791,0.010548598,0.012928953,0.0056223325,0.015995514,0.015161404,3.7274058e-05,0.01275818,0.009672542,0.0119930655,0.007042346,0.009256161,0.009593898,0.009138214,0.011998297,2.5770942e-05,0.007102207,0.0063864673,0.0072367745,0.013785748,0.0067989384,3.014445e-05,0.010666121,0.007601401,0.02129639,3.237888e-05
0.009357198,0.009683384,0.0119673,0.0054194178,0.012230113,0.007111262,0.009857887,0.012463669,0.0106365355,0.01050361,0.010893445,0.0051480597,0.0032522785,0.0112584755,0.012268019,0.0,0.010839675,0.011018825,0.0074452474,0.012587481,0.012636976,0.001594692,0.009600382,0.010294212,0.005412887,0.0010110802,0.009862655,0.004491171,0.010040027,3.4187808e-05,0.013287663,3.23712e-05,0.012729419,0.012667069,0.0051519396,0.011582379,0.009129304,0.011732279,0.010901815,0.005686986,3.2904154e-05,3.1754378e-05,2.6245541e-05,0.0121026775,0.003716539,0.006354719,0.012533763,0.011529052,2.8294708e-05,0.01114676,0.001492597,0.011585721,0.008270949,0.012693182,0.012148114,0.011553685,0.012889479,0.0073019266,0.010920698,0.0009865542,0.009342306,0.0066891084,0.010744568,0.009760708,0.00828287,0.0118914135,0.011136401,0.0070666703,3.1845444e-05,0.006965889,0.011755887,0.0121747665,0.012551867,0.004521866,0.0045700897,0.0073227417,0.012687225,0.012606853,0.011798697,0.010781156,0.010620016,0.0027881209,0.01064376,0.010664143,0.0120363375,0.009345546,0.011696593,0.0039675236,0.012700804,0.013141306,3.4534078e-05,0.01131722,0.008396961,0.01060744,0.0059561576,0.008166559,0.008081859,0.00768361,0.0105600115,2.3336546e-05,0.0058145565,0.0050788084,0.006162023,0.012389662,0.0052390583,3.044106e-05,0.009718628,0.0064550354,0.017707173,3.2965934e-05
0.008553237,0.008738649,0.0109481225,0.004569643,0.0113014765,0.0060373666,0.00898347,0.011609127,0.009805918,0.009835958,0.010475711,0.0041887583,0.0029785126,0.010237423,0.011802644,0.010819055,0.0,0.010501511,0.0064002024,0.0118401665,0.011751821,0.00052865804,0.008623939,0.009386663,0.004583402,0.00040772845,0.009014019,0.0032791935,0.009286358,3.3016815e-05,0.012324449,3.6330395e-05,0.012008525,0.011914544,0.004634186,0.010410746,0.00785027,0.011469607,0.010188235,0.0045237765,3.1952946e-05,3.261199e-05,2.9553912e-05,0.01153411,0.0023683473,0.0056363326,0.011793526,0.010644193,3.1147134e-05,0.010560977,0.0004882289,0.010841133,0.0074641164,0.011862849,0.011649005,0.010802598,0.011827192,0.006114669,0.010258767,3.823771e-05,0.008458369,0.0059588756,0.009983175,0.00876958,0.007279418,0.011385113,0.01061961,0.005776473,2.9050383e-05,0.0060550915,0.011528213,0.0116125755,0.011357512,0.0039195884,0.0037973083,0.0060230643,0.011736939,0.011658731,0.011798754,0.009767467,0.009610312,0.0019057525,0.0093540475,0.01001386,0.01149227,0.008287472,0.010560306,0.003011168,0.011724402,0.011997171,3.2192656e-05,0.0104665095,0.0068685715,0.009754943,0.004846709,0.0069049164,0.007493333,0.0071182875,0.0099533135,2.8732138e-05,0.0048458567,0.0039135935,0.0049122865,0.0112919,0.004544156,3.41124e-05,0.008568974,0.004629933,0.016770454,3.505577e-05
0.008518983,0.008785908,0.011061567,0.0046375557,0.01138757,0.006058444,0.009104887,0.011684386,0.00998165,0.009921735,0.010550199,0.0041669006,0.0031543558,0.010182788,0.011947784,0.011141022,0.010550235,0.0,0.0065370803,0.0122537855,0.012104383,0.0004980967,0.008591191,0.0094652185,0.0047896705,0.0007612293,0.009107093,0.0034274706,0.009483968,3.0303725e-05,0.012484223,3.1087002e-05,0.012377512,0.011997989,0.0047177607,0.010316239,0.007903876,0.0115182595,0.010326793,0.004667081,3.276417e-05,3.059445e-05,2.6436515e-05,0.011713844,0.0024915233,0.0058661434,0.011951995,0.010680095,2.9007537e-05,0.010721294,0.0005133104,0.010890376,0.0074383477,0.0121220695,0.011991634,0.010893458,0.012006565,0.0061527817,0.010384273,3.813479e-05,0.008615636,0.0061127986,0.010071472,0.008929241,0.007365264,0.011545219,0.010711898,0.005721191,3.1046016e-05,0.006199906,0.011488636,0.0118289655,0.011288278,0.004045769,0.0038635829,0.006168353,0.011870984,0.0118046375,0.011542939,0.009927711,0.009762538,0.001895386,0.0094222035,0.010080019,0.011821094,0.008411431,0.010674023,0.0033219801,0.011967903,0.012041227,3.3633136e-05,0.010537086,0.0066881906,0.009837426,0.004955216,0.0070899506,0.0078089405,0.007378406,0.010045982,2.6447122e-05,0.0050609726,0.0041750213,0.0050734016,0.011411489,0.0050011086,2.9897721e-05,0.00854121,0.0045190854,0.016928054,3.2167998e-05
0.0059059975,0.006053442,0.0089489315,0.00081814197,0.009266195,0.0034762283,0.0065179644,0.00955428,0.007406167,0.007215201,0.0077120946,0.0010107056,3.416728e-05,0.008180731,0.009417997,0.008504863,0.007615371,0.007823026,0.0,0.009968378,0.009681747,3.8680104e-05,0.0062800017,0.006913289,0.0013901809,3.5637077e-05,0.006742058,0.0008207717,0.006780142,3.2969805e-05,0.01081528,3.697063e-05,0.010111675,0.009983148,0.00081664167,0.008516847,0.005768278,0.00852999,0.007696991,0.0018679074,3.5377514e-05,3.053561e-05,2.8580407e-05,0.009009789,3.8994647e-05,0.002513746,0.009710487,0.008671198,3.4269313e-05,0.0077779596,3.701972e-05,0.008463498,0.004743489,0.009832575,0.009347932,0.008290493,0.010212173,0.0039626756,0.0076251705,3.777396e-05,0.0062970296,0.0025407232,0.0076542725,0.0063799564,0.0047994573,0.008830055,0.007954242,0.0035991126,3.1643194e-05,0.0031729254,0.008540733,0.009223641,0.009563828,3.656116e-05,0.00053589826,0.0037123763,0.009791517,0.009507589,0.00905895,0.007798674,0.0073638433,3.5088386e-05,0.007465486,0.007316125,0.009267423,0.005582861,0.008779343,8.677912e-05,0.009720241,0.010312927,3.3890537e-05,0.008095902,0.005920038,0.0073915566,0.0023570613,0.004487367,0.0039219903,0.0038295677,0.0071130176,2.7991991e-05,0.0018101183,0.0013300851,0.0026083144,0.009494085,0.0011112788,3.5958143e-05,0.006776051,0.003319909,0.017687347,3.7368874e-05
0.013182311,0.012981087,0.016217276,0.00853615,0.016547436,0.010517645,0.013133119,0.01696638,0.014634183,0.014435789,0.015586952,0.009185323,0.0068839127,0.015096931,0.01757805,0.015811814,0.015144253,0.0153746065,0.011216402,0.0,0.018819088,0.0058972314,0.013260253,0.013836617,0.009544726,0.0070328577,0.014215221,0.008796789,0.013555876,0.0003301227,0.019372053,0.0016495554,0.019938674,0.01792314,0.008939391,0.015276652,0.012616678,0.01941436,0.015063658,0.009505552,0.0019848924,3.3772238e-05,3.3981363e-05,0.017330624,0.0078539485,0.01000316,0.018273314,0.015258248,3.249337e-05,0.015724164,0.0058534523,0.015748682,0.011379627,0.017763464,0.018001413,0.015908591,0.019756345,0.01090442,0.015005117,0.0052685486,0.013074074,0.009959841,0.014296881,0.013391389,0.011723627,0.017740123,0.015444682,0.010881355,3.4837984e-05,0.0107441135,0.019570038,0.018764148,0.016616557,0.007860668,0.008658655,0.011020086,0.016828896,0.018033419,0.021075014,0.013994406,0.013943013,0.0067243227,0.014054606,0.014310294,0.017340945,0.012381779,0.015137746,0.008635267,0.018563317,0.017796332,0.001869606,0.015122101,0.013147226,0.014882017,0.009638152,0.011626542,0.011919401,0.0114697525,0.014683385,3.2266667e-05,0.009419851,0.009094717,0.009816192,0.01657402,0.009106698,3.4401724e-05,0.0133270165,0.010610301,0.027838584,0.00059272227
0.0123608755,0.012348146,0.01538933,0.007969215,0.015947456,0.009863614,0.012460884,0.016367001,0.013830534,0.013707517,0.014482635,0.0082587,0.0060454765,0.014416335,0.016517479,0.015076327,0.013997417,0.014458564,0.010258006,0.018219046,0.0,0.0050983387,0.012440335,0.0130643165,0.008467367,0.0056796395,0.013255673,0.007844658,0.012904845,3.56875e-05,0.018034542,0.0004685781,0.018677542,0.016871087,0.008128201,0.014723622,0.011818885,0.017547982,0.014036277,0.008578976,0.001192718,3.1260457e-05,3.201016e-05,0.01630545,0.006896476,0.009237215,0.016946858,0.014656144,2.6779273e-05,0.014780062,0.0049965987,0.014940141,0.010802257,0.016906532,0.016556034,0.01499885,0.018970227,0.010162897,0.0140892,0.0043754,0.012410691,0.009202356,0.01350154,0.012714447,0.010990876,0.016545398,0.014355989,0.01002555,3.080598e-05,0.009859684,0.01767093,0.01726386,0.01603289,0.0072543984,0.0077649467,0.010172638,0.016217813,0.017272148,0.018760063,0.013531748,0.01336452,0.0058632432,0.013499926,0.013517795,0.016142262,0.01196278,0.014658709,0.0076433197,0.017699119,0.017088253,0.000717905,0.014510709,0.012235982,0.013928479,0.008750464,0.010818182,0.010981802,0.010608185,0.013814444,2.733409e-05,0.0087002935,0.008225769,0.008991957,0.015827045,0.008267412,3.3825734e-05,0.012506249,0.009832584,0.025751205,3.3350323e-05
0.0012629861,0.0013699624,0.006567258,3.2471067e-05,0.006892093,3.4385113e-05,0.0020196317,0.0076872,0.003708769,0.0033139954,0.0048625516,3.1830048e-05,2.5553065e-05,0.004982004,0.008196308,0.0056810076,0.0042150165,0.004428563,3.347118e-05,0.010304377,0.0095335925,0.0,0.001898842,0.002939774,3.443874e-05,2.7944852e-05,0.002082142,3.186272e-05,0.0024157101,2.189905e-05,0.010814124,2.7654989e-05,0.0106353145,0.008578454,3.0303469e-05,0.005349411,0.0010992964,0.01040413,0.00441251,2.621283e-05,2.660295e-05,2.8417007e-05,1.5449268e-05,0.0076044416,2.4682242e-05,2.5726356e-05,0.008598876,0.0055684964,2.9879098e-05,0.005330785,3.145052e-05,0.00560001,3.0890933e-05,0.009013628,0.0086243935,0.005518422,0.011439439,2.9992527e-05,0.0041185385,3.0769337e-05,0.0014851694,2.6985394e-05,0.0039736335,0.0019095894,3.6193225e-05,0.007976774,0.004845541,3.0900803e-05,3.0708376e-05,3.4623612e-05,0.010718045,0.00918522,0.0076230937,2.2898568e-05,3.3820612e-05,2.9358467e-05,0.008050067,0.009703283,0.012696865,0.0039432147,0.0034242566,3.4566197e-05,0.0035757518,0.0036015057,0.008211818,0.00088729674,0.0057547973,2.4321995e-05,0.010354868,0.009642715,3.47834e-05,0.0049708346,0.0016581491,0.0036758806,2.5093334e-05,3.296661e-05,2.8755449e-05,2.7195585e-05,0.003491759,1.682932e-05,2.404435e-05,3.4670575e-05,3.655059e-05,0.00710736,2.6118449e-05,2.1654956e-05,0.0024214997,3.0138512e-05,0.025348572,2.4418188e-05
0.0075128586,0.0077119754,0.009999495,0.003013673,0.01064993,0.0053443946,0.008030127,0.010649299,0.008755238,0.008587688,0.008967134,0.0031871223,0.00012467519,0.009645197,0.010299461,0.009715308,0.008823324,0.00886491,0.005674851,0.0106128305,0.010618944,3.7140275e-05,0.0,0.008450066,0.0031622667,4.1016632e-05,0.008237192,0.0028671324,0.008266846,3.473624e-05,0.011747466,3.6537454e-05,0.010882595,0.011035867,0.0028720153,0.0101321135,0.0076941135,0.008970368,0.009018516,0.0038174186,3.061739e-05,3.059109e-05,2.7634536e-05,0.010031854,0.0018539848,0.0042776493,0.010772475,0.00998146,2.7916298e-05,0.008942773,3.848139e-05,0.009600364,0.0063709263,0.010602971,0.010064409,0.00966868,0.010705216,0.0059442217,0.008974396,3.7876256e-05,0.007897089,0.0043605776,0.009006022,0.008058482,0.0065580467,0.009667277,0.009124926,0.005809025,3.3662214e-05,0.005194133,0.008974096,0.009873995,0.010769007,0.0020089129,0.0023071277,0.0056599868,0.010984633,0.010281898,0.009493323,0.009302668,0.009072738,0.00058474933,0.0091655515,0.008645913,0.0101186065,0.0072415923,0.0102157835,0.0019093916,0.010346536,0.011322224,3.679327e-05,0.009442689,0.007899669,0.008875368,0.004557063,0.0064552,0.005734057,0.0054272185,0.008492665,2.3685681e-05,0.0038263113,0.0033072466,0.004623481,0.01076206,0.0029353874,3.4403278e-05,0.008597027,0.0055596544,0.017428692,3.5149875e-05
0.007910943,0.008142485,0.010287971,0.0037427847,0.010798484,0.0057454878,0.008365792,0.01095979,0.009113861,0.00903894,0.009385435,0.003664978,0.0015583098,0.009877487,0.010406369,0.010157109,0.009234262,0.009490322,0.0060768677,0.010649939,0.010865208,0.0002474956,0.008264364,0.0,0.0036775647,3.85462e-05,0.0084557,0.002979914,0.00863835,3.0169935e-05,0.011760017,3.6040605e-05,0.010950718,0.01121672,0.0036650018,0.010276602,0.007877559,0.009143848,0.0093428,0.0041114492,2.998334e-05,2.8540426e-05,2.8100487e-05,0.010311607,0.0021988894,0.004969182,0.0108279325,0.010207692,2.8869441e-05,0.009355448,3.8134724e-05,0.009949181,0.006739572,0.010809875,0.010309548,0.009912654,0.010718937,0.006163848,0.0093756,4.0859908e-05,0.008185439,0.005033718,0.009422336,0.008290148,0.006818405,0.009898873,0.0095113795,0.0058092657,2.914062e-05,0.0056190505,0.0090751825,0.009951888,0.010937545,0.0030406266,0.002908185,0.0059752446,0.011083989,0.010509584,0.009713834,0.00956175,0.00928492,0.0013897973,0.0093145175,0.009050155,0.010365607,0.007824975,0.010309769,0.0020458177,0.010416451,0.01137216,3.6465965e-05,0.0098959105,0.007408088,0.009192791,0.004601469,0.0066919723,0.00632047,0.00618491,0.009002316,2.2561164e-05,0.0042848503,0.0035290392,0.0049277865,0.010874702,0.0037332883,2.8846656e-05,0.008483612,0.005139982,0.01673463,3.0728166e-05
0.004506225,0.004663839,0.008045135,3.472776e-05,0.008331352,0.0014066498,0.005099486,0.00870404,0.0062100408,0.0059806723,0.0068194033,3.5577064e-05,3.6870908e-05,0.0069324146,0.008650015,0.0075172363,0.006601142,0.0068184347,0.0023006066,0.009067127,0.009344083,3.509169e-05,0.004826899,0.0055786907,0.0,3.6739388e-05,0.0054165777,3.7780534e-05,0.0054777986,3.3824293e-05,0.010454296,3.612251e-05,0.009925989,0.009352718,3.3265253e-05,0.007163908,0.004105393,0.008469868,0.0066409097,3.2857115e-05,3.0396002e-05,3.1028078e-05,2.7806625e-05,0.008330803,3.437661e-05,0.00077855424,0.009195599,0.007435414,2.0314152e-05,0.0069482913,3.624092e-05,0.007417686,0.0030713358,0.0092990715,0.008716066,0.0074346787,0.009675256,0.0020485455,0.0065961652,3.1560165e-05,0.005003659,0.0008719911,0.0065336963,0.0049986076,0.0031605132,0.008216868,0.006855827,0.0014535967,3.218096e-05,0.0014913271,0.008572912,0.008415561,0.008781224,3.5917576e-05,3.6099133e-05,0.0017083755,0.008926,0.009268584,0.009294787,0.006456577,0.0059342193,3.394272e-05,0.0060018892,0.0062504313,0.008745955,0.0041489853,0.0075263353,3.767002e-05,0.009626623,0.009964056,3.1907006e-05,0.00713727,0.0038579907,0.0063334797,0.00023792326,0.0027098693,0.0025012454,0.0023871425,0.0060183643,2.8538569e-05,3.624259e-05,3.78588e-05,0.00052059063,0.008624735,3.3305e-05,3.1560823e-05,0.0048956014,0.00078310206,0.019235175,2.8797765e-05
0.0009382785,0.0012083335,0.007037101,3.052806e-05,0.00718779,3.4831864e-05,0.0016791924,0.008091459,0.0037351123,0.0034325467,0.0051058526,2.377511e-05,1.3962079e-05,0.0046779793,0.0088198595,0.005793847,0.0045573507,0.0049798777,5.167567e-05,0.011500652,0.010410181,1.5240185e-05,0.0015618497,0.002391944,2.777715e-05,0.0,0.0029134233,2.7983106e-05,0.0021832718,1.773592e-05,0.011863054,6.3833e-06,0.011724676,0.009266963,2.3612449e-05,0.0050943154,5.128514e-05,0.011792611,0.004534288,3.802687e-05,8.07288e-06,4.692889e-06,3.22121e-06,0.008188899,2.5362393e-05,3.9520677e-05,0.009587155,0.0056242505,7.113514e-06,0.005656709,2.2633334e-05,0.0057458617,4.319108e-05,0.009798742,0.009548594,0.005786168,0.012747713,4.4133212e-05,0.004157689,9.915321e-06,0.0016624691,3.8888225e-05,0.0038470945,0.001837571,5.3248717e-05,0.008688386,0.004900516,3.8181955e-05,1.4300446e-05,3.7169815e-05,0.01212018,0.010376285,0.0078603225,1.9812982e-05,3.2431384e-05,3.8381364e-05,0.008493632,0.010983716,0.014363949,0.0035993035,0.0032471223,8.698519e-06,0.0029086857,0.0040730773,0.009002369,0.0004371671,0.005659012,4.3755063e-05,0.011907773,0.010442417,7.1584686e-06,0.004799837,0.0011168651,0.003998061,3.2096104e-05,5.46881e-05,4.240463e-05,3.874225e-05,0.003798431,3.4559453e-06,2.897479e-05,3.4204357e-05,3.816295e-05,0.0075265463,1.7100563e-05,1.689559e-05,0.0017337648,4.3351218e-05,0.028177204,4.4033704e-06
0.007636251,0.007729892,0.010127584,0.0027058918,0.010686441,0.0051368405,0.007952952,0.01071517,0.00884945,0.008699246,0.009180851,0.0032094044,0.00037485716,0.00950893,0.010435242,0.009919165,0.009020066,0.009228238,0.0058953124,0.010894213,0.010952076,3.826061e-05,0.008078981,0.008604697,0.003768157,3.7095942e-05,0.0,0.0028297114,0.008185762,3.301555e-05,0.012043476,3.472989e-05,0.011117173,0.011406512,0.0030725223,0.009878583,0.0075730057,0.0097067645,0.009045229,0.00386738,3.1278836e-05,3.4335542e-05,2.765829e-05,0.010249424,0.0014959688,0.0045207585,0.0111457845,0.01001662,2.6792932e-05,0.009173065,3.77179e-05,0.009744294,0.0061931764,0.010898307,0.0102276,0.009815923,0.011007695,0.005891771,0.009092671,3.7473557e-05,0.008264421,0.004485141,0.009078455,0.0081107505,0.0066116564,0.009892896,0.009374982,0.0054300716,2.9691975e-05,0.005327724,0.009651422,0.010081166,0.010687188,0.001625624,0.003028151,0.005498123,0.010842252,0.01044207,0.009748324,0.00905931,0.008952211,0.0007476551,0.009030606,0.008703654,0.010307446,0.006946516,0.009938477,0.0023882464,0.010523866,0.011491764,3.530288e-05,0.009604939,0.007800268,0.009077548,0.004166878,0.0062949075,0.005988647,0.005590219,0.008932321,2.6206979e-05,0.0036990913,0.003424355,0.0046519856,0.010862865,0.0029474918,3.270327e-05,0.008241279,0.0051589147,0.017192964,3.5301935e-05
0.0031634625,0.0031512494,0.0074147605,3.195096e-05,0.0076527465,0.00049346883,0.003746612,0.008427547,0.005202436,0.004873588,0.0064880736,3.5520214e-05,3.0154377e-05,0.0063026794,0.009496033,0.0071668574,0.006166334,0.0065273903,0.0005047349,0.0113152955,0.010343386,3.467896e-05,0.0037003069,0.0043662796,3.473148e-05,3.1412437e-05,0.003947971,0.0,0.0039451267,2.8950859e-05,0.010899325,3.5068253e-05,0.011608347,0.0098930225,3.5747333e-05,0.006689713,0.0032165216,0.011876235,0.005763979,3.4485034e-05,3.6147485e-05,3.3495588e-05,2.5730777e-05,0.00896114,3.2864446e-05,3.4212637e-05,0.00990312,0.006830929,2.6784419e-05,0.006764346,3.7033617e-05,0.007279844,0.0013515832,0.00996111,0.009887494,0.007132758,0.01181844,0.0012305407,0.0058346232,3.6760903e-05,0.0034228377,3.2507905e-05,0.00532092,0.003947296,0.0015962346,0.009375929,0.0066118483,0.0013111912,3.3882803e-05,3.7804133e-05,0.011983026,0.010409428,0.0082899155,3.8838167e-05,3.808896e-05,0.0009572522,0.0091366125,0.010299103,0.013363989,0.005382776,0.005216833,3.218444e-05,0.0052038794,0.0050666914,0.009745186,0.0028357625,0.006893719,3.271156e-05,0.010690066,0.010473304,3.8110797e-05,0.006653398,0.004989644,0.00520506,3.293481e-05,0.0019432976,0.00070963806,3.4492175e-05,0.004914559,3.355632e-05,3.8859886e-05,3.3683526e-05,3.391946e-05,0.008417916,3.137629e-05,3.2210417e-05,0.0047784136,0.0018776526,0.022682518,3.4307803e-05
0.00781381,0.008132647,0.010218157,0.0037437524,0.010502862,0.0054180045,0.008331549,0.010551897,0.008993073,0.008777207,0.009189899,0.003550725,0.0014847695,0.009636718,0.010363553,0.009905296,0.00916415,0.009223033,0.005902948,0.010178796,0.0105213635,4.230959e-05,0.008087128,0.0085864635,0.0036528814,4.087364e-05,0.008258778,0.0027397757,0.0,3.806277e-05,0.011308911,3.669208e-05,0.01044414,0.010933948,0.0037268025,0.009870029,0.007452173,0.008928351,0.009261157,0.004184039,3.4061966e-05,3.106192e-05,2.980928e-05,0.010133905,0.0020279277,0.004779985,0.010655134,0.010003439,2.7592825e-05,0.009244808,4.2016236e-05,0.009804821,0.006630825,0.010594752,0.010028457,0.009752578,0.010435059,0.0058597326,0.00919743,4.0546773e-05,0.007915515,0.005050979,0.009157546,0.008208896,0.006805132,0.0095759565,0.009399704,0.005549764,3.4395744e-05,0.005366554,0.008909421,0.009795714,0.010755703,0.0029798718,0.002838237,0.0057769287,0.010887066,0.010234636,0.009415149,0.009280395,0.009064667,0.001139959,0.009035372,0.00914538,0.010041933,0.007661531,0.010168742,0.0022867054,0.010139635,0.011194916,3.787734e-05,0.00955026,0.0067451,0.00881499,0.0045713745,0.006588977,0.006445052,0.00620332,0.008859051,2.5847758e-05,0.004272855,0.003403517,0.0046437536,0.010622034,0.003756189,3.2114713e-05,0.008307623,0.0047330013,0.01656873,3.716034e-05
3.7447477e-05,2.1832819e-05,0.0026507468,3.7993763e-05,0.0029334966,2.9888843e-05,4.325157e-05,0.0051093027,4.5914225e-05,2.5567853e-05,4.4372886e-05,1.6277732e-05,2.6249882e-05,3.6040085e-05,0.0059087076,3.6102127e-05,3.2742082e-05,3.1761876e-05,3.0898213e-05,0.0120523935,0.010014514,3.3090015e-05,2.5849009e-05,4.1870582e-05,2.0202391e-05,3.262328e-05,4.49713e-05,3.660277e-05,3.6756155e-05,0.0,0.012123012,3.7307997e-05,0.012426214,0.0063947816,2.3489047e-05,3.3454606e-05,3.0493857e-05,0.014192272,3.960647e-05,3.5795583e-05,1.5928958e-05,2.0119007e-05,2.6047528e-05,0.0047616754,2.4506027e-05,2.2874436e-05,0.0069096065,2.7914051e-05,3.644496e-05,4.070541e-05,3.351632e-05,4.5690693e-05,2.1819791e-05,0.008096115,0.007444861,4.3138214e-05,0.014568472,4.3214153e-05,3.911359e-05,2.064996e-05,2.9301173e-05,3.9253086e-05,4.4411896e-05,3.9448823e-05,2.3623848e-05,0.0062376685,2.6576346e-05,3.7025588e-05,1.3322746e-05,2.133804e-05,0.014795819,0.009683904,0.0049076886,1.747559e-05,2.8332803e-05,2.7067757e-05,0.005286676,0.010431312,0.020334726,4.0521012e-05,3.0168529e-05,2.442482e-05,4.3244512e-05,3.496445e-05,0.0060480395,3.853886e-05,4.278618e-05,1.9734818e-05,0.011973358,0.009623601,2.47079e-05,2.8502633e-05,2.1729255e-05,3.1634318e-05,2.782357e-05,3.6989713e-05,3.8496237e-05,2.3396757e-05,2.329955e-05,1.2995754e-05,1.8499537e-05,1.9201427e-05,3.457253e-05,0.0033685558,2.7337042e-05,1.03933635e-05,4.224802e-05,4.137773e-05,0.037161812,1.0145629e-05
0.0138018755,0.013564387,0.016335348,0.009352758,0.0168429,0.01164638,0.013844837,0.01717954,0.014885445,0.014909618,0.015368598,0.010014322,0.0069797197,0.01581924,0.016955761,0.015893994,0.0149436155,0.015271732,0.012112007,0.018825002,0.018340077,0.0069270832,0.01426184,0.014364045,0.010533802,0.007972938,0.0150410775,0.009952673,0.014274005,0.0011452009,0.0,0.002631796,0.018968545,0.017763754,0.009784802,0.015886419,0.01369595,0.017327905,0.015128373,0.010520298,0.002522514,3.2174015e-05,3.1708943e-05,0.016655225,0.00889694,0.010789327,0.01788407,0.015981311,2.9968534e-05,0.015082015,0.006974763,0.015874576,0.012044203,0.017246503,0.01696987,0.015820017,0.018849274,0.012110233,0.015050237,0.006270609,0.01407055,0.010714906,0.014736427,0.014305018,0.012793569,0.016643083,0.015325166,0.011910549,3.3353164e-05,0.0116843935,0.017583916,0.017426891,0.017124817,0.008367146,0.009764809,0.011959249,0.017253567,0.017495861,0.018598665,0.014850858,0.014814812,0.0076329084,0.015126219,0.014578668,0.016669402,0.012976029,0.015790276,0.009818336,0.017751262,0.017920157,0.0027297875,0.015659418,0.014502362,0.01516779,0.010687591,0.01255899,0.012409297,0.011836297,0.014879899,2.9620996e-05,0.010418437,0.010327149,0.010944932,0.01722314,0.009833403,3.276881e-05,0.014418381,0.011911672,0.027654195,0.0014138551
3.320541e-05,3.264479e-05,0.0038231136,2.7360822e-05,0.004229893,2.2360104e-05,3.600385e-05,0.0061191344,4.0094972e-05,3.3985852e-05,2.3892984e-05,2.4938898e-05,3.3730234e-05,4.2635158e-05,0.007028956,0.0012259652,2.2076763e-05,3.5631867e-05,2.9486919e-05,0.012205421,0.010529787,3.25063e-05,2.3394985e-05,3.0824987e-05,2.2654564e-05,1.2716928e-05,2.4350627e-05,1.6841557e-05,2.8515491e-05,3.2496962e-05,0.012490888,0.0,0.012645397,0.007669535,3.0169773e-05,0.0005420231,2.3530836e-05,0.01325953,3.9109822e-05,2.80729e-05,2.6887119e-05,2.813517e-05,2.525036e-05,0.0059295874,3.593717e-05,1.5666157e-05,0.00802737,0.0010652649,1.9103958e-05,0.0009225506,3.4890963e-05,0.001201566,1.7969041e-05,0.008776507,0.008306968,0.0012801136,0.014490453,2.4294019e-05,2.3071801e-05,1.21834855e-05,2.7218468e-05,2.6150501e-05,3.420913e-05,1.939632e-05,3.2718555e-05,0.007196912,4.2127813e-05,1.7200719e-05,3.2382464e-05,2.8673127e-05,0.013897024,0.009910261,0.005878551,2.268018e-05,2.1591957e-05,2.1452868e-05,0.0064396495,0.01086542,0.017939925,2.2047103e-05,3.8104135e-05,2.8393151e-05,2.3366609e-05,3.5771223e-05,0.0069917073,2.8039325e-05,0.0011283917,1.8351891e-05,0.012225861,0.010204866,1.4534921e-05,3.5310153e-05,1.855241e-05,3.4258235e-05,2.508944e-05,3.6555633e-05,3.046115e-05,1.649887e-05,3.2662185e-05,2.0617837e-05,2.0044152e-05,2.3422721e-05,1.7909466e-05,0.0046350583,2.3925617e-05,2.4112209e-05,2.9763782e-05,3.771288e-05,0.03527336,1.4075269e-05
0.013180597,0.013024756,0.016293535,0.008925907,0.016698238,0.010633254,0.01332798,0.017044896,0.014628033,0.014579702,0.015559081,0.009189716,0.0071014804,0.015044834,0.01756976,0.015693203,0.015172306,0.015361055,0.01139644,0.019805111,0.018943438,0.006203686,0.013398463,0.013913849,0.0096380105,0.0072785406,0.01417263,0.008946882,0.013691927,0.00076247804,0.019342674,0.0019715102,0.0,0.017939081,0.009219728,0.015238594,0.0127261,0.01931415,0.015008251,0.009573833,0.0024420905,3.131396e-05,2.955333e-05,0.01748685,0.00794932,0.010258961,0.018213298,0.015245454,3.3604956e-05,0.015735269,0.0061130743,0.015906725,0.0115560405,0.017669212,0.018052617,0.015862992,0.019763906,0.011139378,0.015121612,0.0056632175,0.013253729,0.010117034,0.014291665,0.013510519,0.011888899,0.017918285,0.015417736,0.011021741,3.0992476e-05,0.010875709,0.019612268,0.018617785,0.016567063,0.008138796,0.008870925,0.011065249,0.016917024,0.018076465,0.021105606,0.014124664,0.014147153,0.0068343305,0.014243445,0.014415282,0.01733284,0.01254648,0.01522725,0.008829132,0.01857535,0.017817724,0.002194297,0.015315981,0.013210395,0.014908869,0.009680499,0.011682372,0.011941309,0.011492771,0.014604968,2.8568807e-05,0.009633689,0.009233104,0.009921707,0.016531676,0.009298598,3.595836e-05,0.0132843945,0.010730687,0.027914679,0.0009091117
0.011053102,0.010990534,0.013795319,0.0068069343,0.014400078,0.0086591495,0.0113149835,0.014500239,0.012459135,0.012303125,0.012856381,0.006983935,0.004580298,0.012960473,0.014504681,0.013569848,0.012719247,0.0128775025,0.009141307,0.015916966,0.015515942,0.0037820584,0.011412961,0.011794557,0.00727664,0.003984659,0.0121030165,0.0065469835,0.011776861,3.4082954e-05,0.01630677,3.6550977e-05,0.016151026,0.0,0.0070128567,0.013223943,0.010733633,0.014951941,0.012618275,0.007358789,3.2131033e-05,2.8425051e-05,3.114018e-05,0.014259642,0.0055668293,0.007979293,0.015105999,0.013189026,3.0409863e-05,0.013051915,0.0037565215,0.013372505,0.009635233,0.014733824,0.0146641405,0.013372252,0.015897915,0.0090833455,0.012838737,0.0031629626,0.011358378,0.007998796,0.012316031,0.011358755,0.009954374,0.014315181,0.013052803,0.00892804,3.044845e-05,0.008882701,0.014874024,0.014943411,0.014381615,0.005805796,0.0064820433,0.009131183,0.014422434,0.014780841,0.015422861,0.012256921,0.012169988,0.0046296897,0.012278712,0.012187213,0.014200451,0.010482168,0.013180329,0.006301297,0.014966532,0.01510808,3.5163583e-05,0.013102095,0.011054315,0.012685806,0.0077025164,0.009595146,0.00972858,0.009335214,0.012491161,2.7992945e-05,0.0074585667,0.0070005767,0.007900394,0.014298035,0.006967206,3.011689e-05,0.011392461,0.008664409,0.020695183,3.338195e-05
0.0046669776,0.0050842124,0.007896474,3.9050017e-05,0.008190517,0.0017680615,0.0054312088,0.008491025,0.006230109,0.006104535,0.006722256,3.9083923e-05,3.7977796e-05,0.0067846035,0.008351863,0.0075553805,0.006684077,0.006940031,0.0022786676,0.008739338,0.008944027,4.2244883e-05,0.004839311,0.0057647103,4.34014e-05,3.6499194e-05,0.005107116,3.7265763e-05,0.0057043964,3.5211528e-05,0.010169211,3.642099e-05,0.009419502,0.008887385,0.0,0.007251818,0.0040931148,0.008085726,0.0066068317,7.103975e-05,3.2862918e-05,3.0299647e-05,3.257251e-05,0.008045257,4.1321124e-05,0.0012920522,0.008837934,0.0075480947,2.6396214e-05,0.006840837,3.6351674e-05,0.0074523827,0.0035325533,0.008876871,0.008087169,0.0074360133,0.009122871,0.002011409,0.0067295562,4.1866093e-05,0.004860485,0.0015160885,0.006483072,0.0050325645,0.0033233433,0.007464108,0.0069576357,0.0016581066,2.8376176e-05,0.0015927218,0.007994152,0.007911091,0.008534939,3.6384543e-05,3.859883e-05,0.0018523525,0.008852001,0.008316547,0.00891112,0.0064988113,0.006107089,4.1245647e-05,0.005899658,0.0065174005,0.008411016,0.0046304236,0.0076571126,3.8718066e-05,0.008862657,0.0095921885,3.146907e-05,0.007146522,0.002947472,0.0060684746,0.0006564421,0.0029131502,0.0032372961,0.0028465376,0.0060723443,3.1114312e-05,0.00025831896,4.0463907e-05,0.0006802793,0.008327875,0.00018999356,3.142551e-05,0.004927454,0.00020300322,0.018201463,3.435242e-05
0.009332209,0.009504486,0.011828389,0.005134139,0.012304372,0.0075814216,0.0096237045,0.0123892985,0.010349121,0.010133983,0.010566448,0.0052124714,0.0020609808,0.011603284,0.011855566,0.011423637,0.010307884,0.010487858,0.0072715073,0.0122292135,0.012301383,0.0017563137,0.009741895,0.010132598,0.004867311,3.6986636e-05,0.009609979,0.0050938283,0.0099552395,3.031254e-05,0.013153916,3.4900277e-05,0.012378261,0.012478619,0.004749552,0.0,0.009517333,0.011006345,0.010512948,0.0057660844,3.1813397e-05,2.4942983e-05,2.4887499e-05,0.011557464,0.004266408,0.006095353,0.012158938,0.011795361,2.8358098e-05,0.01052695,0.001609536,0.011238662,0.007968768,0.012284964,0.011627791,0.011212005,0.0126129715,0.007947418,0.01055519,0.0013204785,0.009477949,0.0061485334,0.010443587,0.00986257,0.0081801275,0.011137949,0.010664566,0.007861677,2.5785726e-05,0.0071248515,0.011005706,0.011580992,0.012755686,0.004348178,0.0042067417,0.007793466,0.01255123,0.012093926,0.011127113,0.011099883,0.01102515,0.0024595521,0.011109434,0.010282649,0.011477984,0.009236247,0.011871887,0.0039964644,0.012166817,0.013013795,3.2477805e-05,0.011122754,0.009800703,0.010314018,0.006459453,0.008577045,0.007375753,0.0071409815,0.010003615,2.2875163e-05,0.0057381373,0.0053024655,0.006678355,0.012429474,0.0045783594,2.8393537e-05,0.010405903,0.0077656354,0.01852962,3.205224e-05
0.006962735,0.007073802,0.009661165,0.0021641895,0.010061002,0.0048987367,0.007431749,0.010226763,0.008228335,0.007966186,0.008488531,0.0025533016,3.3738437e-05,0.009115409,0.009934588,0.009382289,0.00830724,0.008333694,0.0049417866,0.010658171,0.010423594,3.5396697e-05,0.007505163,0.008039017,0.002434071,3.1188934e-05,0.0075315638,0.0024594194,0.0076199817,3.17946e-05,0.011658663,2.8261902e-05,0.010873185,0.010734519,0.0020527209,0.009585794,0.0,0.009041108,0.008368828,0.0031917626,2.635069e-05,3.005886e-05,2.6654181e-05,0.009769307,0.0013175071,0.0037450977,0.010368725,0.009516417,2.740706e-05,0.008601611,3.517202e-05,0.0091663115,0.0057296655,0.0104375295,0.009896691,0.009100483,0.010843268,0.005619098,0.008553251,3.491735e-05,0.00735393,0.0038037403,0.008572875,0.00753901,0.0059394855,0.0094363475,0.008769404,0.0055432627,2.7159776e-05,0.004651314,0.0090833455,0.009740329,0.0104179,0.0012932535,0.0015054448,0.005190265,0.010427193,0.010153813,0.009586009,0.008868662,0.0084904665,3.6336303e-05,0.008656039,0.00814044,0.009804225,0.006604166,0.009734209,0.0007166541,0.01012352,0.011133386,2.8990677e-05,0.009054918,0.0079457695,0.008329852,0.003925344,0.0060343468,0.005073638,0.0047455365,0.00798538,2.8260252e-05,0.0029248034,0.002866232,0.004100599,0.010330808,0.0025512238,3.0932915e-05,0.0081089055,0.005014291,0.017658949,2.6587528e-05
0.013561971,0.01355446,0.016723918,0.009231371,0.016613383,0.010782039,0.013604485,0.017459547,0.015135963,0.014982732,0.016126782,0.009509523,0.007758176,0.015367582,0.018069377,0.016251087,0.015673293,0.01593499,0.011299997,0.019564569,0.018716818,0.006121141,0.0135040935,0.0141879935,0.009627465,0.0071628876,0.014099757,0.008959526,0.013978502,0.00077126507,0.019073403,0.0020188,0.019618623,0.01780511,0.009493723,0.015573255,0.0128424205,0.0,0.015688624,0.009721589,0.0030034063,3.5258552e-05,3.1025527e-05,0.017948974,0.008182952,0.010507445,0.018085856,0.015508597,3.2602547e-05,0.016452119,0.006218959,0.016147085,0.011922771,0.018143723,0.018482449,0.016272465,0.019985873,0.011089888,0.015369573,0.0057280073,0.01318702,0.0106747905,0.014540376,0.013703696,0.011985634,0.018495861,0.015751973,0.010924422,3.4178407e-05,0.010965265,0.0211797,0.019286614,0.017011456,0.0089103915,0.008871733,0.011205382,0.017244667,0.018810865,0.02457769,0.014504696,0.014444025,0.007135993,0.01428644,0.014889415,0.01790559,0.013219942,0.015435403,0.008830324,0.019359509,0.018141897,0.002247926,0.015497653,0.012449231,0.014890232,0.009782832,0.0119854985,0.012407885,0.011962966,0.01496429,2.8710223e-05,0.009772713,0.009251762,0.009888745,0.01687335,0.009670174,3.3255885e-05,0.013448727,0.010352179,0.026448775,0.0010710141
0.008933072,0.0091579,0.0115441615,0.004794171,0.011895814,0.0064540557,0.0092993565,0.011992365,0.010254766,0.010094082,0.010491459,0.004587872,0.0025343352,0.010913504,0.011942208,0.01125374,0.010478427,0.010721894,0.006969283,0.011988844,0.012116411,0.0008191324,0.009229839,0.009743458,0.004780597,0.00021093826,0.009594232,0.0036766394,0.009628832,3.587964e-05,0.01290684,3.3645163e-05,0.012224449,0.012393583,0.0045701684,0.011138183,0.008674375,0.011104714,0.0,0.0051681753,3.305149e-05,3.0694624e-05,3.0296453e-05,0.011781629,0.0029068908,0.005973755,0.012012299,0.011243179,2.9452465e-05,0.0106258895,0.0007685104,0.011214664,0.0076527717,0.0122295385,0.011668762,0.01106744,0.012163287,0.0067099105,0.01057893,5.98255e-05,0.00908835,0.0061098426,0.010418915,0.009430652,0.007824737,0.011408716,0.01080661,0.006538849,3.201547e-05,0.0064674923,0.011083036,0.0115386145,0.011964082,0.0039762994,0.0038572343,0.006657602,0.012370202,0.011912964,0.011264857,0.010424542,0.010390122,0.0020189171,0.010129297,0.0102706915,0.011621759,0.008740787,0.011254046,0.0032483698,0.012035175,0.012630948,3.637072e-05,0.011013019,0.007976672,0.010245634,0.005560911,0.0075641265,0.0075289547,0.007219288,0.010095368,2.3505676e-05,0.005224336,0.0043701297,0.005557704,0.011988512,0.0046677915,3.096999e-05,0.0093858745,0.005782826,0.01761221,3.5204448e-05
0.004484309,0.0048511163,0.008041239,3.9094335e-05,0.008315531,0.0020149732,0.005208397,0.008818475,0.00617208,0.005887019,0.0067680534,3.7584807e-05,3.4209883e-05,0.0071583134,0.008971677,0.007516996,0.006811029,0.006903916,0.0023878925,0.009934522,0.009591414,3.608802e-05,0.0049229814,0.0056789224,4.0836356e-05,3.6888112e-05,0.005320628,3.5300374e-05,0.0054124915,3.808301e-05,0.010698669,3.8948343e-05,0.0102355825,0.009389488,4.0788647e-05,0.007476103,0.004358013,0.009618222,0.006599299,0.0,3.288106e-05,3.120826e-05,2.522295e-05,0.008593041,3.8960545e-05,0.0007776883,0.009350405,0.007605468,2.41371e-05,0.007157343,3.3450677e-05,0.007482734,0.0033504127,0.009502831,0.009120889,0.007380365,0.010314059,0.002568584,0.00660063,3.8125032e-05,0.004827843,0.0009336693,0.0066086208,0.005206824,0.0034432758,0.008472755,0.0071192826,0.002435748,3.624256e-05,0.0015760033,0.009791227,0.009195484,0.008732934,3.6870177e-05,3.8378177e-05,0.0023180249,0.009102178,0.009504796,0.010047766,0.006695727,0.0063376967,3.3655284e-05,0.006229496,0.006367013,0.008934382,0.004392192,0.007863787,3.6072823e-05,0.009635167,0.010038782,3.9535902e-05,0.0071903956,0.004685143,0.0061169113,0.0010726972,0.0032250616,0.0023859742,0.0021997641,0.006136112,2.4090388e-05,0.00012285734,3.8530758e-05,0.001202513,0.008558462,3.9359136e-05,3.3643548e-05,0.0055170753,0.0021373953,0.018966338,3.7178215e-05
4.1414016e-05,4.2639174e-05,0.0053164917,3.4411583e-05,0.0054533095,3.592261e-05,4.883998e-05,0.006564712,0.001498103,0.0010044739,0.0028623214,3.9208546e-05,4.5900924e-05,0.0026366333,0.0070664473,0.00395047,0.0023018476,0.0028052523,3.773446e-05,0.009715083,0.008852181,4.0913244e-05,3.94698e-05,4.3405886e-05,4.440823e-05,4.899331e-05,4.7697875e-05,4.6054738e-05,4.4648543e-05,3.2867156e-05,0.010511381,4.2896743e-05,0.010139736,0.007431411,4.3878434e-05,0.0032142552,4.5024484e-05,0.010307821,0.0024083918,3.19503e-05,0.0,3.5773202e-05,2.2963817e-05,0.0063468893,3.779032e-05,3.5277575e-05,0.007463897,0.0036185149,2.4279734e-05,0.003748913,4.794417e-05,0.0038064062,4.3344553e-05,0.008154965,0.007761575,0.0038465837,0.011296906,3.5727782e-05,0.0020511765,2.8876764e-05,3.9906077e-05,3.5103334e-05,0.0013601597,4.0215604e-05,4.3589447e-05,0.006779,0.0029278877,3.6038487e-05,3.438043e-05,3.6965965e-05,0.01060293,0.0085556405,0.0065006865,3.1467403e-05,3.9978248e-05,4.040143e-05,0.006944379,0.009249487,0.0127352225,0.0014988092,0.00072339433,4.370546e-05,0.00043637073,0.0018089535,0.0072453446,4.281079e-05,0.0036777323,3.9486054e-05,0.009937113,0.009083125,4.536195e-05,0.002939339,3.865431e-05,0.00051644427,4.3407876e-05,5.085385e-05,4.4378943e-05,4.519153e-05,0.001120462,3.789772e-05,3.5082674e-05,3.3246313e-05,3.8492297e-05,0.005728976,3.0475183e-05,3.9722432e-05,4.2284584e-05,4.5614022e-05,0.028030394,3.3369335e-05
2.0250822e-05,3.6230093e-05,2.4188164e-05,1.4381174e-05,3.5336307e-05,1.7618368e-05,2.1792992e-05,0.0023649565,2.2329828e-05,2.1003116e-05,1.9127547e-05,2.0673271e-05,1.084768e-05,2.076505e-05,0.003817954,4.073815e-05,3.8015798e-05,2.4519411e-05,2.5391782e-05,0.011598409,0.00898947,2.5390642e-05,2.069236e-05,3.2315955e-05,1.0679862e-05,8.663063e-06,1.7324508e-05,2.4531699e-05,3.3133798e-05,1.528148e-05,0.011697253,1.1367164e-05,0.0120433085,0.0044858293,2.4190313e-05,3.6466077e-05,2.6211672e-05,0.013032356,2.7763615e-05,3.0403851e-05,1.5832476e-05,0.0,8.978996e-07,0.0022652633,3.3731783e-05,2.0546495e-05,0.005063422,1.984859e-05,2.996226e-07,1.8268142e-05,1.3424143e-05,3.7019872e-05,1.3802547e-05,0.006186519,0.005677126,3.608678e-05,0.01472132,2.9709334e-05,3.0467689e-05,3.4583674e-05,2.8776733e-05,2.4161523e-05,2.170889e-05,2.209066e-05,1.932175e-05,0.0041236025,3.7751244e-05,1.9169724e-05,2.4912044e-05,3.3626846e-05,0.014100413,0.008378894,0.001874619,2.6343894e-05,2.8478367e-05,2.317302e-05,0.0027367885,0.009431712,0.019780809,2.6161622e-05,2.3698003e-05,1.5108114e-05,3.5417637e-05,2.3051618e-05,0.003707823,1.3088555e-05,4.2130134e-05,1.1449046e-05,0.011583481,0.008070432,4.3622335e-06,3.562403e-05,2.4697656e-05,3.126857e-05,3.061649e-05,2.0025165e-05,2.9161278e-05,3.346841e-05,1.6371876e-05,2.0813355e-05,1.7734254e-05,2.0672855e-05,1.6480899e-05,0.00035300248,1.1257073e-05,8.4885705e-06,3.6758447e-05,1.1428341e-05,0.04091931,1.7825892e-05
1.1956142e-06,2.0899332e-05,3.4966877e-05,1.9549496e-05,2.3293456e-05,2.851622e-05,1.3080858e-05,2.613231e-05,1.549532e-05,1.4443322e-05,1.378969e-05,2.6922811e-05,2.2861284e-05,1.807297e-05,1.9274048e-05,1.7624565e-05,3.0907493e-05,2.7836424e-05,2.7274986e-05,0.011471046,0.007875872,3.0614156e-06,2.90286e-05,1.5404541e-05,1.7249238e-05,3.0559372e-06,2.1911219e-05,1.740387e-05,1.4726523e-05,2.7954165e-05,0.011701474,9.356444e-06,0.011902199,0.00068262196,1.3168596e-05,1.2912068e-05,1.078738e-05,0.013730917,6.89806e-06,4.2321617e-06,2.7494787e-05,9.761871e-06,0.0,2.2288295e-05,2.2982947e-05,2.3949744e-05,0.0018435342,2.813222e-05,-7.326897e-06,1.5710151e-05,-2.1771118e-06,1.7057671e-05,1.6710741e-05,0.003440619,0.0024397047,1.7361635e-05,0.016089568,2.444357e-05,2.3511464e-05,1.5304135e-05,2.4997576e-05,4.298116e-06,2.950104e-05,1.7877375e-05,2.5148844e-05,0.00063823006,3.0238667e-05,8.628648e-06,6.563924e-07,2.1550402e-05,0.0151672745,0.0065150275,3.6417667e-05,2.2713906e-05,1.296452e-05,1.615576e-05,7.914654e-06,0.008218786,0.024200438,1.4911073e-05,2.2694607e-05,4.5888305e-06,1.987512e-05,1.8084662e-05,7.910929e-06,1.8260569e-05,1.1504089e-05,2.778281e-05,0.011259349,0.006482561,1.0175471e-05,3.225263e-05,1.6687263e-05,1.7769315e-05,3.3040117e-06,9.303069e-06,2.8645603e-05,5.3228362e-08,1.3546118e-05,2.285474e-05,2.3285553e-05,1.4605245e-05,2.0714615e-05,2.2425367e-05,2.410636e-05,-2.874282e-06,2.2886135e-05,2.7812257e-05,0.049218297,1.774157e-05
0.010359425,0.010483184,0.013293012,0.0061518135,0.013509276,0.0077484804,0.010590165,0.014100731,0.0118561955,0.011638383,0.012499614,0.0060791597,0.0043062605,0.012256102,0.014648344,0.013005869,0.01240195,0.012560798,0.008180243,0.015152417,0.014897799,0.0026635425,0.010398372,0.011227406,0.006477278,0.003002389,0.011023346,0.0055453666,0.011078761,3.094237e-05,0.015123982,3.194756e-05,0.015449354,0.014391693,0.006249618,0.012456623,0.009706369,0.01525774,0.012235471,0.006512186,3.3564305e-05,2.7509144e-05,2.7805614e-05,0.0,0.0045501697,0.0072513763,0.014271887,0.012473607,2.747912e-05,0.013138012,0.0026617162,0.012929313,0.008861941,0.01489119,0.014643066,0.012994347,0.015634311,0.008087363,0.012170994,0.0022784742,0.010261478,0.0073262258,0.011551648,0.010518947,0.009065559,0.014396527,0.012623092,0.0077285166,3.1715816e-05,0.007834898,0.01535912,0.015099327,0.013653756,0.0054643997,0.005492698,0.00807901,0.014041433,0.015126684,0.016040687,0.01157089,0.0113953175,0.0037747463,0.011380402,0.011743399,0.014293992,0.0100452965,0.012521511,0.0052041514,0.015493194,0.014835801,3.5850328e-05,0.012523855,0.009309656,0.011647166,0.0067367805,0.008883634,0.009233824,0.008746369,0.011781039,2.4362278e-05,0.0067072934,0.0059782593,0.00692899,0.013398932,0.006234257,2.9738778e-05,0.010349595,0.0072801337,0.020530667,3.112629e-05
0.0029499389,0.0032602458,0.0074838726,3.5833946e-05,0.007716731,0.00030131423,0.003642896,0.008273143,0.0049268934,0.0046855547,0.0058369734,3.27341e-05,3.5472924e-05,0.006252442,0.009206802,0.006704337,0.0055298093,0.0057731085,0.00011612717,0.011071343,0.010177479,3.1756335e-05,0.0035165655,0.004304536,3.154932e-05,3.7780417e-05,0.0034124954,3.60019e-05,0.0038905547,3.5937355e-05,0.010782674,3.0159563e-05,0.01136752,0.0091862455,3.5752095e-05,0.006623231,0.0029105286,0.011609627,0.0055460515,3.496265e-05,3.6089834e-05,2.1651163e-05,2.5756495e-05,0.008291638,0.0,3.156932e-05,0.00916453,0.0067474036,2.851751e-05,0.00650015,3.114332e-05,0.0065399664,0.0012407652,0.009307139,0.009765943,0.0066049513,0.011208287,0.0008981965,0.0053134486,3.320824e-05,0.0029580854,3.27959e-05,0.005308266,0.0037219163,0.0013458036,0.009042645,0.005955919,0.00092828524,2.3882048e-05,3.1949323e-05,0.011650609,0.009770294,0.008224522,3.6693546e-05,2.9493724e-05,0.00085688825,0.008622332,0.009654458,0.013167667,0.005289801,0.005004384,2.8572213e-05,0.0050913566,0.0050237756,0.00930163,0.0028563798,0.0068851695,3.2497126e-05,0.009985655,0.009767719,2.8468727e-05,0.005922828,0.0039076866,0.0048815147,3.6394493e-05,0.0016694978,0.0001829681,3.7335943e-05,0.00476858,2.8438126e-05,3.7620022e-05,3.616007e-05,3.526086e-05,0.007809425,3.3496126e-05,2.820647e-05,0.004437887,0.0012474293,0.022825688,3.0040033e-05
0.005273045,0.0057047065,0.008404934,0.00063813536,0.008649085,0.0025215198,0.00600737,0.008851226,0.006774059,0.006617401,0.0072074234,0.00047095466,3.7727266e-05,0.0075747618,0.008758379,0.008071916,0.007235279,0.007298262,0.003063555,0.009395472,0.009226004,3.5739577e-05,0.0056427177,0.0063513247,0.0005285166,3.806905e-05,0.0058776434,3.9734205e-05,0.0062339376,3.6857968e-05,0.010360976,3.89277e-05,0.009640089,0.00942443,0.00061152497,0.00776097,0.0049621677,0.008164891,0.007217906,0.0010078837,3.3410684e-05,2.9394165e-05,3.423822e-05,0.008578827,3.8597416e-05,0.0,0.009173522,0.008006721,2.4497003e-05,0.0072962176,3.9109214e-05,0.007862114,0.00431002,0.009231284,0.008786398,0.007883815,0.009632897,0.0031129895,0.0071748327,3.6665133e-05,0.0056357766,0.002284419,0.0072493544,0.0058628186,0.004124349,0.008293125,0.0074148998,0.0026478807,3.241884e-05,0.0025423053,0.008280787,0.008720299,0.00903889,4.2365107e-05,3.972626e-05,0.002803039,0.009175938,0.009015584,0.0089718755,0.007093558,0.0068100607,4.0152394e-05,0.0066342326,0.0070743426,0.00878219,0.005255546,0.008167026,3.8596365e-05,0.009138061,0.009793915,3.728654e-05,0.0077130683,0.0043528657,0.006657126,0.0015801087,0.0039154775,0.0037422336,0.0034444632,0.0066301264,2.9333998e-05,0.0010760359,0.00045154023,0.0016691876,0.008950739,0.00074026856,3.0752894e-05,0.0057660146,0.0016453865,0.017343376,3.788568e-05
0.011265045,0.011059457,0.0139336,0.006708878,0.014441012,0.008712375,0.011339662,0.014638455,0.012663728,0.012471218,0.013112392,0.0070122923,0.0047683343,0.013046064,0.014859597,0.01363323,0.012892356,0.013171366,0.009280607,0.016618665,0.016096652,0.0036707132,0.011370127,0.011972354,0.007486312,0.0043292628,0.012303384,0.0066277436,0.0118626105,3.377677e-05,0.016687417,3.3165008e-05,0.016778523,0.015537978,0.006963287,0.013319214,0.010867667,0.015754577,0.012838421,0.007544932,3.5384015e-05,3.2003532e-05,2.803817e-05,0.014650542,0.0056504477,0.00813276,0.0,0.0134056555,2.8110986e-05,0.013453324,0.0037134667,0.013577655,0.009615337,0.015225307,0.0151540125,0.01367071,0.016411293,0.009066972,0.0130562745,0.0030319828,0.0114279315,0.008021313,0.012532473,0.011498192,0.010025663,0.014795974,0.013162105,0.008918668,3.0033092e-05,0.008787169,0.01558625,0.015517416,0.0144838225,0.005790925,0.0066497996,0.008959214,0.014666284,0.015052103,0.016343817,0.012243978,0.012298922,0.004620785,0.012293273,0.012427109,0.014732151,0.0106640225,0.013245291,0.006306345,0.015513511,0.015382251,3.4232085e-05,0.013166086,0.011139871,0.012743006,0.0077487817,0.009659017,0.009813427,0.009526917,0.01273661,2.815211e-05,0.0074631004,0.007209911,0.0079710735,0.014489134,0.0069255345,3.5389632e-05,0.011469641,0.008649729,0.021891318,3.2994634e-05
0.0094880555,0.009675498,0.011881524,0.0053727166,0.012339563,0.0073624044,0.009831386,0.012476044,0.01048111,0.010403932,0.010573478,0.0051929783,0.0025346102,0.011525465,0.01186975,0.0115073575,0.010531865,0.010644872,0.0075378134,0.012091343,0.012349511,0.0018961598,0.0097724125,0.010118784,0.0052359537,0.00049480895,0.009919366,0.0049510193,0.010094563,3.2908207e-05,0.013209195,3.0841224e-05,0.012325594,0.012437682,0.0049808403,0.011694088,0.009385401,0.010938009,0.010623234,0.005798168,2.9766703e-05,3.0395808e-05,2.5643023e-05,0.011712976,0.003950644,0.006225825,0.012220601,0.0,2.8978186e-05,0.010820119,0.0017124708,0.01124927,0.008158756,0.012431806,0.011557071,0.011236456,0.012415614,0.0076740705,0.010610288,0.001292,0.0094280355,0.0064314185,0.0105613,0.010013176,0.008448308,0.011123134,0.010718921,0.0076553705,2.7390586e-05,0.007233393,0.010977784,0.011547373,0.0125996675,0.0044937786,0.0044703684,0.007628918,0.012559868,0.012225937,0.011213591,0.0110095125,0.010940091,0.0028411988,0.010876161,0.010481039,0.011552995,0.009288008,0.011885606,0.0040724766,0.012247831,0.013141406,3.419672e-05,0.011118119,0.009244445,0.010369355,0.0063011562,0.00835687,0.0077331015,0.007497048,0.010140665,2.4864381e-05,0.005780187,0.0053158524,0.0064867144,0.012420208,0.005019122,2.6904054e-05,0.010278744,0.007260277,0.01808937,3.073821e-05
4.418711e-05,4.7011632e-05,4.8682887e-05,1.4298688e-05,3.8224753e-05,2.6205367e-05,4.504809e-05,4.0989235e-05,3.6424386e-05,5.1796116e-05,4.4279717e-05,1.5236994e-05,3.0282614e-05,4.059541e-05,0.00018788328,3.4368444e-05,4.2021762e-05,3.6778703e-05,2.860165e-05,0.011073421,0.007607469,3.990712e-05,2.2510698e-05,4.933717e-05,1.8492656e-05,1.3737177e-05,4.230211e-05,2.080752e-05,5.058373e-05,9.908573e-06,0.011219448,1.6788437e-05,0.011580984,0.00076449144,4.1095274e-05,2.9165978e-05,2.5864552e-05,0.0134144295,2.9837933e-05,1.8439314e-05,3.225583e-05,5.6821286e-06,3.248438e-05,4.2512733e-05,4.2507563e-05,2.722019e-05,0.0018526086,5.3166503e-05,0.0,4.5012643e-05,1.758326e-05,3.6897447e-05,2.8744016e-05,0.0035051417,0.0025929755,4.9757782e-05,0.015610824,2.9512508e-05,4.4896307e-05,1.9048495e-05,4.3944296e-05,2.1957318e-05,4.558098e-05,2.923705e-05,2.9172796e-05,0.00072800077,3.6198046e-05,3.427772e-05,3.0966457e-05,3.0091593e-05,0.014867657,0.006511851,4.5938075e-05,3.0095516e-05,2.1760603e-05,4.2002506e-05,5.7011388e-05,0.008207322,0.02317706,2.4457104e-05,4.3931694e-05,1.8162908e-05,2.5256297e-05,4.9000522e-05,5.0630617e-05,3.159775e-05,4.252932e-05,2.8887702e-05,0.011117645,0.0064932797,3.6693644e-05,4.1026604e-05,2.2664724e-05,2.4697183e-05,3.9858085e-05,3.5218425e-05,2.8478526e-05,1.7246295e-05,3.198557e-05,3.549571e-05,4.5126755e-05,3.733644e-05,3.8040715e-05,4.3215576e-05,3.0633473e-05,1.2380246e-05,3.123209e-05,3.417043e-05,0.04827927,7.4405316e-06
0.008824323,0.00921333,0.011677272,0.0050250916,0.01180264,0.0063289884,0.009475795,0.012269848,0.010455717,0.01027151,0.010783737,0.004609564,0.0035857062,0.010651983,0.012806931,0.011450797,0.010921033,0.010968489,0.006588765,0.013095751,0.012957691,0.0013690799,0.008859699,0.0098206755,0.0048376755,0.0009326119,0.009425534,0.003361387,0.009719818,3.4680852e-05,0.0128304465,3.953007e-05,0.013307706,0.012585166,0.0049376185,0.010764687,0.008051065,0.013142968,0.010704547,0.005001659,3.464247e-05,3.5004152e-05,3.483883e-05,0.012445043,0.0030611248,0.0060361675,0.012347916,0.011096265,3.302484e-05,0.0,0.0011843173,0.011264503,0.007877808,0.012969103,0.012660053,0.011312019,0.013387493,0.006550361,0.010806387,0.00069828064,0.008695349,0.0062758424,0.010279174,0.009086351,0.007617916,0.012342296,0.011096586,0.0061841696,3.602402e-05,0.00643419,0.0131496005,0.012990195,0.011969926,0.0043587275,0.0041416516,0.006598665,0.012364689,0.013044277,0.013496395,0.010241147,0.010055266,0.0025160124,0.009864097,0.010451247,0.012545727,0.008819398,0.011129507,0.0034989358,0.013324064,0.012990865,3.5068817e-05,0.01108335,0.006958435,0.010091426,0.00535722,0.0074031097,0.0077651986,0.007428027,0.010265076,3.1462758e-05,0.005305615,0.004398058,0.005554355,0.011754823,0.0046845865,3.4738892e-05,0.008904583,0.0056377985,0.017772911,3.567282e-05
0.00085027766,0.001125732,0.0065968623,3.3041688e-05,0.0068670805,4.270884e-05,0.0017791564,0.0079375105,0.00350033,0.0031995205,0.0047143023,3.6571175e-05,3.2293214e-05,0.004882659,0.008355156,0.0056681666,0.004304727,0.004467017,3.6114932e-05,0.010631997,0.009691958,3.894218e-05,0.0015696946,0.0025549312,3.793261e-05,2.8132528e-05,0.0020061205,3.4535922e-05,0.0021171104,3.0521318e-05,0.0109190615,2.2718728e-05,0.010934792,0.008788293,2.986408e-05,0.0052007237,0.00059975835,0.011033978,0.004249568,3.81727e-05,3.483127e-05,2.1308846e-05,3.166666e-05,0.0077763777,3.973167e-05,3.6883128e-05,0.008782212,0.0055778697,3.0896954e-05,0.005360969,0.0,0.005565895,3.888945e-05,0.00912672,0.009072092,0.00550111,0.011660004,3.251902e-05,0.0039502783,3.2688957e-05,0.001154521,4.0942603e-05,0.003765051,0.0017348444,3.2283344e-05,0.008177441,0.004788149,3.813335e-05,3.2262797e-05,3.4300792e-05,0.011745303,0.0095461095,0.0076429467,3.4195044e-05,2.9165492e-05,3.55478e-05,0.008170484,0.009783016,0.013541508,0.0036401257,0.0032925538,3.991432e-05,0.0032354312,0.0035285838,0.008440363,0.0006517087,0.0056462814,3.7427002e-05,0.010478628,0.009921301,3.5838882e-05,0.0048562437,0.0015367405,0.0033842637,3.1510725e-05,3.278618e-05,3.9987826e-05,3.0086238e-05,0.003268808,3.6245023e-05,3.9249564e-05,3.924926e-05,3.4409688e-05,0.007034129,2.9737812e-05,2.674003e-05,0.0023813231,3.305027e-05,0.026012039,2.8648792e-05
0.0093594855,0.009472752,0.01195987,0.0052420353,0.012349103,0.00690788,0.009746925,0.012452453,0.010657591,0.0105841765,0.011082037,0.0050905314,0.0030201247,0.011204598,0.012372495,0.011722168,0.010920457,0.01116314,0.0074294955,0.012702365,0.012732965,0.0015797375,0.009680017,0.010300453,0.0052131047,0.0010703707,0.009958083,0.0043167076,0.010135764,3.4479872e-05,0.013490812,3.4257686e-05,0.012983584,0.012756034,0.005234447,0.011549708,0.00903447,0.01176864,0.010955159,0.0054930034,3.3147393e-05,3.0095902e-05,3.231112e-05,0.012163136,0.0034718732,0.006286398,0.012549139,0.0116331,2.6969787e-05,0.011232102,0.0014296564,0.0,0.0080380365,0.0125755705,0.012258487,0.01158138,0.0128059,0.007317056,0.010955644,0.00086141686,0.009381485,0.006614965,0.010802309,0.009796747,0.008117407,0.011879049,0.011231271,0.007065773,3.1857573e-05,0.0069068084,0.011892073,0.012128347,0.012472317,0.004289572,0.0044244705,0.0071603754,0.01269163,0.012514287,0.011886015,0.010860081,0.010719549,0.0026487426,0.01060543,0.010684921,0.01224614,0.009057812,0.01168207,0.003918846,0.0125609655,0.0131395105,3.4873763e-05,0.011358468,0.008565318,0.010548802,0.005969657,0.007997221,0.008099814,0.0076789265,0.010520189,2.4900102e-05,0.00568434,0.005009534,0.0061105066,0.012311398,0.005240935,3.442906e-05,0.009733601,0.0062043425,0.01782463,3.577534e-05
0.0065699965,0.0069997106,0.008966349,0.0023951454,0.009322489,0.0041196705,0.007178608,0.009617905,0.0077557447,0.0076075066,0.007979549,0.0021097243,0.0002891195,0.008484001,0.009274024,0.008742928,0.008069847,0.008216413,0.0044234307,0.009432395,0.009458922,3.8517952e-05,0.0067543173,0.007514291,0.0020703066,3.7051956e-05,0.0067490693,0.0010722439,0.0073428266,3.1579413e-05,0.010584491,3.2495085e-05,0.009646413,0.009773325,0.0022036906,0.008673831,0.006150682,0.008251763,0.0080254115,0.0025813878,2.6737673e-05,2.4289491e-05,2.5350722e-05,0.009052899,0.00047562295,0.0034669065,0.009552703,0.008865821,2.1845231e-05,0.008119866,3.3769447e-05,0.008704382,0.0,0.009606298,0.009172189,0.008524028,0.009732938,0.004409226,0.008059039,3.345016e-05,0.0066982415,0.0037336266,0.008073261,0.006978189,0.0054493393,0.008583086,0.008279453,0.0041803126,2.2250342e-05,0.004046855,0.008298158,0.008811399,0.009665295,0.0017758847,0.0012674857,0.0043075965,0.009929431,0.009293186,0.008934169,0.00809887,0.007845438,3.3863387e-05,0.007723427,0.008069361,0.009087026,0.0066069746,0.008999698,0.00062945846,0.009299011,0.010293623,2.7950706e-05,0.008452367,0.0051458804,0.0076127336,0.0030883031,0.005250703,0.005042964,0.004765801,0.007674135,2.2947092e-05,0.0026890137,0.0017840153,0.0031952919,0.009442899,0.0023620261,2.5389723e-05,0.007047247,0.0030680522,0.016411358,3.2337553e-05
0.010990386,0.011342494,0.014620242,0.0070742164,0.014925626,0.008539933,0.011870573,0.015415369,0.012836653,0.012705955,0.013418415,0.0073049576,0.005132355,0.013385243,0.015588598,0.013981443,0.013231758,0.013400065,0.009274012,0.016204203,0.016050467,0.0042696735,0.011029939,0.012156254,0.0072063906,0.004498027,0.011999687,0.0067676217,0.012111636,3.263258e-05,0.016139427,3.814563e-05,0.016451342,0.015415729,0.0069786836,0.013594332,0.01034217,0.016024828,0.013053506,0.0073877242,4.5893226e-05,3.0898827e-05,2.6232237e-05,0.015391567,0.0055487435,0.008422323,0.015298685,0.013651541,2.5155146e-05,0.013974688,0.0037491133,0.0138556985,0.010021604,0.0,0.0155463405,0.013968988,0.017185146,0.009242254,0.0131172845,0.0032260374,0.011163004,0.008007502,0.01264731,0.011227242,0.009771034,0.015421291,0.013402856,0.008759089,2.972452e-05,0.008656859,0.016324164,0.015946323,0.014900232,0.00669518,0.006738525,0.008960658,0.015316414,0.016812176,0.017015485,0.0126964515,0.012206561,0.004580627,0.012462189,0.012810978,0.015192482,0.011264266,0.013799305,0.006674654,0.017351441,0.016180545,3.8354054e-05,0.0135141,0.010594068,0.012538298,0.0076159798,0.009679983,0.010214695,0.009670477,0.012607205,2.444819e-05,0.0075545665,0.007416579,0.0076876194,0.014554066,0.006986794,3.288467e-05,0.011265199,0.008772856,0.02330899,3.373142e-05
0.010606744,0.011125153,0.01413435,0.0065523065,0.014280308,0.0079332,0.011195333,0.015000466,0.012630117,0.012372112,0.013480804,0.0064014243,0.0046985326,0.012917775,0.015710477,0.013778552,0.013309418,0.013619081,0.008738751,0.01676163,0.016199796,0.0031055748,0.010593688,0.011758646,0.0067789988,0.004239459,0.011738225,0.0062635327,0.011777695,3.226736e-05,0.016309509,3.4268403e-05,0.016831432,0.015437328,0.0065068267,0.013154847,0.009893507,0.017371962,0.012940633,0.006791417,3.2123266e-05,2.6878954e-05,2.8132465e-05,0.0155213615,0.0049564904,0.008036685,0.015538823,0.012657531,2.9548193e-05,0.014078681,0.0035475895,0.013835442,0.009528333,0.015940864,0.0,0.013821231,0.01713042,0.008619179,0.0131596085,0.002631215,0.010870556,0.0076620644,0.012364368,0.010812567,0.009294255,0.01583378,0.0135248015,0.008518919,2.9626177e-05,0.008201505,0.017422961,0.016513785,0.014454001,0.006082066,0.0063807457,0.008709514,0.014882194,0.0162475,0.018554233,0.012080091,0.011644878,0.0039844876,0.011894857,0.012427954,0.015572673,0.0106437085,0.013165076,0.006162766,0.016841026,0.015777303,3.404433e-05,0.013261545,0.0102135,0.012506796,0.0070205117,0.009120111,0.009915793,0.009504503,0.012527809,2.4646284e-05,0.007014605,0.0067747976,0.007036228,0.014253216,0.0067430567,2.8759066e-05,0.011079993,0.008071643,0.022460109,3.356122e-05
0.009294307,0.009478067,0.011863446,0.0052102846,0.012248432,0.0068510533,0.009723785,0.012466483,0.010559833,0.010453659,0.010963193,0.005098986,0.00307779,0.011158256,0.012475488,0.011657579,0.010957526,0.011073753,0.007291206,0.012833098,0.012777509,0.0015709365,0.009577502,0.010118433,0.0052312524,0.0010677289,0.009914706,0.0043562776,0.010025346,3.3860117e-05,0.013281954,3.1762578e-05,0.012978641,0.01287491,0.005072414,0.011515191,0.0090002725,0.012018403,0.010923476,0.005509081,3.2779797e-05,2.8685394e-05,2.7162252e-05,0.012178049,0.003431668,0.006410188,0.012510556,0.011576261,2.9989264e-05,0.011256619,0.0013259859,0.011537248,0.008020408,0.012648855,0.012298898,0.0,0.012888232,0.007194018,0.011093188,0.00079673436,0.009433747,0.006526937,0.010679752,0.009739635,0.008218142,0.011893835,0.011241566,0.006952185,3.2194395e-05,0.00699974,0.011827701,0.012333161,0.012322946,0.004366005,0.004601598,0.007090766,0.012658132,0.012379372,0.01196362,0.010779931,0.01060658,0.0027124367,0.010445124,0.010546786,0.012107486,0.009188377,0.0115919,0.0040286556,0.012637409,0.012932302,3.5443165e-05,0.011321568,0.008500758,0.010667708,0.0058649555,0.007920547,0.008079971,0.0076580322,0.0104718795,2.3147502e-05,0.005689546,0.0049612997,0.00597427,0.012298855,0.005285881,2.942956e-05,0.009569677,0.0063135903,0.017609453,3.100792e-05
0.014738906,0.014629271,0.017661296,0.010439161,0.017940486,0.012211091,0.014563063,0.018542666,0.015914882,0.015957817,0.016822958,0.01079636,0.008680013,0.016576553,0.018834384,0.017097259,0.016196275,0.016439212,0.012619357,0.020230154,0.01990443,0.0077238125,0.014734595,0.015270815,0.010937394,0.008653511,0.015318512,0.010333485,0.014982223,0.0023962818,0.020244122,0.0037241185,0.020402512,0.018860912,0.010559223,0.01690086,0.014175305,0.020201625,0.016421564,0.0110404445,0.0042345687,0.0003776165,3.213438e-05,0.018582048,0.009549103,0.011551585,0.018929642,0.016835388,3.0749485e-05,0.017028883,0.0077132666,0.017061885,0.01300067,0.019312598,0.019133478,0.01705365,0.0,0.012595246,0.016223835,0.0071673817,0.014266265,0.011632143,0.0155583015,0.014879824,0.013187361,0.019000199,0.016602656,0.012328391,0.0010940459,0.012272112,0.020645496,0.019733485,0.018324967,0.009909049,0.010105572,0.012514796,0.018536894,0.019856768,0.022154503,0.015679428,0.015638016,0.008385696,0.0155723365,0.015741503,0.018560985,0.01415658,0.016762355,0.010143265,0.02057251,0.019591752,0.0038566159,0.016661547,0.01438617,0.01590849,0.011201183,0.013308187,0.013167009,0.012803839,0.015646933,3.0391575e-05,0.011100742,0.010645495,0.011480551,0.017867466,0.010743769,0.0013689362,0.014862463,0.012212434,0.030328432,0.0026032382
0.005450819,0.0056055244,0.008503437,0.0005761224,0.008897848,0.0035445523,0.006043181,0.009265485,0.006954013,0.006614167,0.0075106584,0.00088252756,3.3528926e-05,0.0077709043,0.009384903,0.008181157,0.0074016303,0.0073636626,0.0033191845,0.010446218,0.009883805,3.6443984e-05,0.0060052094,0.006593611,0.00055370043,3.741682e-05,0.00610573,0.00095236755,0.0063086054,3.1070238e-05,0.010852953,3.088938e-05,0.010586136,0.009980294,0.00028246286,0.008156575,0.005770887,0.010035121,0.007227692,0.0015357219,3.4160545e-05,2.9302832e-05,3.4561577e-05,0.008925642,3.9240153e-05,0.0019492154,0.0098055815,0.008254827,3.2340773e-05,0.007729241,3.5453944e-05,0.008179946,0.004129783,0.009882242,0.009682497,0.007947923,0.010649454,0.0,0.0071624294,3.9428243e-05,0.0058555477,0.0018697644,0.007299248,0.0059702746,0.0044190655,0.008990027,0.0076085064,0.0040923683,3.176745e-05,0.0030484279,0.010082109,0.009736876,0.009252066,4.0336556e-05,3.8809245e-05,0.0037501524,0.00949142,0.009781163,0.01012839,0.007470842,0.007130179,3.620081e-05,0.007212968,0.006879019,0.009505235,0.005197824,0.008359591,3.869429e-05,0.009967328,0.010404358,3.3513625e-05,0.00779577,0.0064924667,0.006941342,0.0024900518,0.004494212,0.0033061574,0.0032129094,0.006701239,2.5040446e-05,0.0013593445,0.0013031893,0.002700336,0.009138447,0.0005741048,3.6790763e-05,0.0067388653,0.003960664,0.017811578,3.5836885e-05
0.008465896,0.008654122,0.010953171,0.0043644994,0.011231913,0.0060187117,0.008873593,0.011345842,0.009719077,0.009667193,0.010085957,0.0042737653,0.0026539047,0.010299527,0.011409988,0.01074245,0.01010743,0.010269497,0.0064839455,0.0115277255,0.011597513,0.0008225179,0.008632598,0.009437385,0.004451453,3.8278922e-05,0.009085535,0.0033598216,0.009262818,3.2810134e-05,0.012214827,3.379248e-05,0.011681017,0.011742303,0.0044208146,0.010455322,0.008124782,0.01057984,0.010019489,0.0046158587,3.2039832e-05,2.8901299e-05,2.7304834e-05,0.011127703,0.0025702252,0.0056721196,0.011561069,0.010656562,2.5359946e-05,0.010232323,0.0004895057,0.010693404,0.0074001183,0.011608397,0.011311834,0.010609788,0.011625099,0.0064199404,0.0,4.0580024e-05,0.008660276,0.005763729,0.009792796,0.008827586,0.0073919995,0.010765947,0.010375387,0.0061396034,3.1636177e-05,0.0061048004,0.010517394,0.011061406,0.011266432,0.0037505915,0.0037729102,0.0062690205,0.011577657,0.011334636,0.0105457,0.00993012,0.0097241,0.0019821115,0.009517243,0.009804016,0.01124298,0.00831613,0.0106423395,0.0028497323,0.011271237,0.011805986,3.5760295e-05,0.01034132,0.0072597614,0.00978831,0.0051393528,0.0070085125,0.007348953,0.006948767,0.009724994,2.7288332e-05,0.0049294657,0.0039891778,0.0051866258,0.011352279,0.004513652,3.0192894e-05,0.008650735,0.005080159,0.016642347,3.211309e-05
0.00047807535,0.0009030779,0.0063553965,3.1676303e-05,0.0067796293,3.7650832e-05,0.0013736965,0.007562565,0.0031684488,0.0027577481,0.0044256644,3.09723e-05,2.4198287e-05,0.0046365685,0.00833955,0.0054337517,0.0040633543,0.0042845514,4.028865e-05,0.010914546,0.0096817,3.182784e-05,0.0010321131,0.0022588654,3.6757698e-05,2.802432e-05,0.0010503314,3.588679e-05,0.0016404381,1.980535e-05,0.011141925,2.5281553e-05,0.011275952,0.008667776,2.8257187e-05,0.005189772,0.00018356195,0.0119432,0.00391858,2.7701893e-05,3.0854837e-05,2.6654448e-05,3.3131324e-05,0.007581079,3.5829988e-05,2.9737157e-05,0.0088532055,0.005356907,1.774101e-05,0.0051370314,3.60576e-05,0.005186442,3.754653e-05,0.009025447,0.008919389,0.005369225,0.011819012,3.8545015e-05,0.0036153188,0.0,0.00043987227,3.1435062e-05,0.003288453,0.0013317305,3.4650177e-05,0.008132273,0.0045115696,4.0144e-05,2.1372449e-05,3.3854554e-05,0.012128713,0.009759753,0.007530536,2.8068005e-05,3.1984517e-05,3.595457e-05,0.007902429,0.009717135,0.014225745,0.003501277,0.0031533886,3.0388526e-05,0.0031765855,0.0031122013,0.008475064,0.00038606956,0.005484836,3.590819e-05,0.010279185,0.009634811,2.7086708e-05,0.004416963,0.000928862,0.0028549011,3.9638344e-05,3.60736e-05,3.7790018e-05,3.3204324e-05,0.0027452416,2.9436356e-05,3.5078898e-05,2.7171482e-05,3.3188648e-05,0.006834056,3.5112782e-05,2.3279968e-05,0.001967148,3.4535733e-05,0.026221976,2.7664313e-05
0.00731537,0.0074043903,0.009721627,0.002565753,0.010185151,0.0048525464,0.0077181268,0.01026453,0.008490138,0.008158463,0.008650454,0.0027829316,3.909174e-05,0.009226928,0.009915521,0.009387359,0.008675181,0.00864768,0.005533148,0.010263056,0.010229557,3.831129e-05,0.0075328457,0.00823619,0.0032444021,3.522604e-05,0.008002179,0.0024761208,0.007879339,3.7130594e-05,0.01132365,3.7444974e-05,0.010412918,0.010639681,0.002713994,0.00943928,0.0070660724,0.008614628,0.008578035,0.0035486298,3.6718644e-05,3.3410328e-05,3.0400899e-05,0.009709527,0.0012605545,0.004185589,0.010427299,0.009641996,3.3948207e-05,0.008580022,3.877873e-05,0.009401682,0.0059264465,0.010342912,0.00975064,0.009341931,0.010271313,0.005436721,0.0086920485,3.8665476e-05,0.0,0.004107926,0.008771944,0.007734124,0.0061394866,0.009270162,0.008801198,0.005122426,3.139733e-05,0.0049144253,0.008713667,0.009525864,0.010333094,0.0017287963,0.0024137546,0.0051215994,0.010424461,0.009974866,0.009143534,0.00874692,0.0085814,0.00028192063,0.008631451,0.008491866,0.009846512,0.006794645,0.009535208,0.0016715557,0.009885586,0.010810375,3.5071007e-05,0.0090555325,0.007107765,0.008508068,0.0038534421,0.0060182028,0.0055009043,0.0052760737,0.00836466,2.7156708e-05,0.0034971137,0.0029460397,0.00426421,0.01029262,0.0027157883,3.8381866e-05,0.007939922,0.0046744933,0.016805,3.44431e-05
0.005473882,0.005903432,0.00831869,0.0012595954,0.008496929,0.0028242397,0.0061587864,0.0088310335,0.006882701,0.0068605645,0.0072451243,0.00065292843,3.7173722e-05,0.007538239,0.008713728,0.008080793,0.007294941,0.007573759,0.0032358374,0.009040222,0.009027413,3.7982973e-05,0.005610519,0.006488128,0.0008580614,4.1365973e-05,0.005848822,4.2796666e-05,0.006547304,3.654359e-05,0.010222733,3.596955e-05,0.0092968615,0.009201064,0.0011679396,0.0077829217,0.0050040805,0.007957173,0.0073407125,0.0012424234,3.9034127e-05,2.6976055e-05,2.8669714e-05,0.008385521,4.072942e-05,0.0024462396,0.008995007,0.008108956,2.6197344e-05,0.0075207837,4.2610063e-05,0.007968649,0.004679776,0.009006857,0.008599845,0.00790443,0.009320817,0.0030087214,0.0073682684,3.8506365e-05,0.005591592,0.0,0.007218176,0.005985049,0.004258605,0.008139706,0.0075593204,0.0026936713,3.4832523e-05,0.0028461004,0.007954484,0.008054025,0.00893308,0.0007340164,0.00013948439,0.002923155,0.009213057,0.008832419,0.008827932,0.007383998,0.0069514397,3.7226473e-05,0.0066826637,0.0071683256,0.00870882,0.00550169,0.008224534,4.2155545e-05,0.008957417,0.009656409,3.515872e-05,0.0076501174,0.003635334,0.0067950697,0.0017720979,0.0040635425,0.004203749,0.0038967356,0.0068081073,2.8071423e-05,0.0014791725,0.0003935613,0.0018101619,0.00881018,0.0014617277,2.9660914e-05,0.0057248203,0.0011330277,0.016868234,3.267523e-05
0.008392545,0.008519032,0.010641085,0.0042843036,0.011089708,0.00598994,0.008656591,0.011204837,0.009517456,0.009291183,0.00978493,0.0039897985,0.0020597826,0.010097305,0.010697375,0.010469109,0.009747739,0.009817169,0.0063554663,0.010769376,0.011110089,0.0006141552,0.0085043125,0.0090373885,0.0043365546,3.866794e-05,0.008761261,0.0034477978,0.009022429,3.327817e-05,0.011879781,3.429788e-05,0.011127784,0.011466518,0.004113358,0.010269172,0.008110312,0.0099077225,0.009744939,0.004567987,3.086843e-05,2.6557005e-05,2.5552494e-05,0.010652809,0.0025580656,0.005428311,0.011129557,0.010445469,2.467638e-05,0.009697464,0.00033287623,0.010363283,0.0072294488,0.011039658,0.010440048,0.010299155,0.011004143,0.0063796057,0.009776931,3.9709023e-05,0.008365206,0.005566091,0.0,0.008746837,0.007234437,0.010049424,0.009919252,0.006083751,2.7037917e-05,0.005915364,0.009831606,0.01026442,0.011172836,0.0035137914,0.003533579,0.006162303,0.011278424,0.0106963245,0.010002023,0.009672439,0.009604749,0.0018363858,0.009410322,0.009438003,0.010567961,0.008114999,0.010554957,0.002906457,0.010707727,0.011609703,3.3651217e-05,0.010198061,0.007393793,0.009408468,0.0051197056,0.0069946414,0.006805107,0.006661734,0.009383149,2.8926243e-05,0.00477798,0.0040601995,0.0052378173,0.01110043,0.004337525,2.9019906e-05,0.008808086,0.0052616606,0.01671363,3.1551568e-05
0.007671834,0.007997302,0.010173039,0.0032816706,0.010579914,0.0054579764,0.008071967,0.010564582,0.008741176,0.008666979,0.008984009,0.003357546,0.00052518357,0.009748148,0.010147122,0.009883044,0.0090323165,0.008954262,0.0056923353,0.010495168,0.010589889,3.7950285e-05,0.008081692,0.008555641,0.0032042377,4.0836323e-05,0.008075966,0.002821975,0.008258139,3.6351634e-05,0.011661165,3.548378e-05,0.010801559,0.010933452,0.003060735,0.010108311,0.0076585296,0.009109251,0.009066524,0.0039290003,3.3794826e-05,3.075238e-05,3.0812225e-05,0.009921123,0.002020241,0.004592053,0.010647687,0.010122639,2.8560144e-05,0.009114523,4.1502564e-05,0.009580156,0.0064450325,0.010751979,0.010066803,0.009635386,0.010617663,0.005987137,0.009098724,4.199839e-05,0.007906588,0.004573556,0.009025675,0.0,0.006572068,0.009534788,0.009176449,0.0057054562,3.3708104e-05,0.0053297607,0.009021718,0.009819545,0.0108919935,0.0023479692,0.0025925557,0.005876722,0.010959796,0.010304508,0.009550162,0.009345403,0.009319743,0.0006744031,0.009108509,0.008842535,0.010118337,0.00749108,0.010304679,0.0020474764,0.010361058,0.011241978,3.733312e-05,0.009450535,0.0076859584,0.008825764,0.0046231677,0.0066939695,0.0058878576,0.005593919,0.00862261,2.746704e-05,0.0038810412,0.0034502025,0.0046414966,0.010610326,0.0031943033,3.3380475e-05,0.00857109,0.005307566,0.017342087,3.5744804e-05
0.00647332,0.006798966,0.009209941,0.0018702913,0.009427142,0.0041012345,0.006912934,0.009646243,0.007807349,0.0075172307,0.008102659,0.0019850316,3.5328467e-05,0.008443855,0.009455377,0.008688588,0.007946219,0.008006056,0.0044849124,0.009903731,0.009864328,3.872462e-05,0.0066887946,0.0074530547,0.0018805608,3.8776434e-05,0.007048453,0.0014977983,0.007211176,3.2890766e-05,0.010938336,3.304365e-05,0.0101287505,0.010134751,0.0016289253,0.008810592,0.0062156143,0.008535673,0.007939258,0.002738372,2.648534e-05,2.4343077e-05,2.2714934e-05,0.009082433,0.0004477742,0.0032348195,0.009849885,0.008991133,2.4799241e-05,0.008209246,3.792415e-05,0.008613302,0.005251576,0.009792322,0.009500533,0.008698349,0.01013331,0.0046212855,0.008097363,3.560884e-05,0.0067458698,0.0033374915,0.008123755,0.0070318277,0.0,0.008827028,0.0082055135,0.0043590665,2.8535846e-05,0.004005132,0.008559886,0.00915744,0.009701808,0.001119992,0.0011713773,0.0044571483,0.010005153,0.009551348,0.008999086,0.008258571,0.007920721,3.594358e-05,0.007926341,0.007923756,0.00932513,0.006282287,0.009203341,0.0007560644,0.009619543,0.010473033,2.9751936e-05,0.008399953,0.0064119003,0.007621653,0.0032079893,0.005334386,0.004677595,0.004480521,0.007592585,2.7880478e-05,0.0025159293,0.0019642054,0.0033649604,0.009736727,0.0017902462,2.7915448e-05,0.0071650785,0.0039304364,0.016988631,2.7126203e-05
0.010147565,0.010528419,0.013728064,0.005951377,0.013986009,0.008018792,0.010994721,0.014702563,0.0122472625,0.011984843,0.013084505,0.0064339065,0.004525178,0.012570786,0.015421465,0.013630035,0.012891124,0.013136823,0.008447175,0.016576134,0.01590014,0.0027102013,0.010316981,0.011575058,0.006374859,0.0032431267,0.0113818245,0.0057119536,0.011229416,3.2175238e-05,0.015862217,3.4289e-05,0.016707242,0.0151162315,0.006047028,0.012888115,0.009982221,0.016995441,0.012563173,0.0062623858,3.2382985e-05,2.717213e-05,2.9884111e-05,0.015242852,0.0049428293,0.00745744,0.015295818,0.0127052,2.5529022e-05,0.0137038,0.0029543499,0.013456912,0.009048405,0.01557551,0.015635531,0.013425127,0.016881188,0.008323654,0.012677277,0.0024630418,0.010465015,0.007231359,0.011914234,0.010505648,0.008912797,0.0,0.013205148,0.008171519,2.828798e-05,0.008182049,0.017089916,0.016290313,0.0141130425,0.0056187413,0.005889891,0.008380827,0.014712133,0.016044216,0.018350743,0.011666025,0.011659124,0.0034466537,0.011628199,0.012085754,0.015261905,0.010380054,0.01291322,0.005522815,0.016524885,0.015450052,3.5683e-05,0.013046596,0.0099693695,0.012168843,0.0066250004,0.008992324,0.009571473,0.009054636,0.012114643,2.4876106e-05,0.006372942,0.0063715493,0.0071854237,0.013767032,0.0061986134,3.0370426e-05,0.0106684035,0.0075955014,0.02233595,3.3096545e-05
0.008771026,0.008893087,0.011126685,0.0047565363,0.011375114,0.0061337915,0.009051389,0.011710565,0.010040112,0.009910588,0.010464539,0.0044479137,0.0030630126,0.010479512,0.011809919,0.011056074,0.010376258,0.0107469,0.006621313,0.0119993705,0.012055389,0.00080547977,0.008860242,0.009631805,0.004710045,0.00036434826,0.009272508,0.003598527,0.009526358,3.2143755e-05,0.012486699,3.1975946e-05,0.012250691,0.012011148,0.004811615,0.010603977,0.008124969,0.011323727,0.010252052,0.0049072294,3.427651e-05,2.7846441e-05,3.1141964e-05,0.011611578,0.0027560766,0.0057490105,0.0118753025,0.010796588,3.0853556e-05,0.010711412,0.0006050687,0.010827083,0.0075111953,0.012010563,0.011814444,0.011018806,0.0121397395,0.006502053,0.010379955,0.00026354322,0.008769391,0.0060900403,0.009966357,0.009052829,0.0074207913,0.011414672,0.0,0.0060816407,3.171951e-05,0.0062070764,0.011287512,0.0117381895,0.011602831,0.003923045,0.003934002,0.0064201797,0.011841862,0.011891785,0.011239382,0.010024827,0.009859683,0.002061078,0.009608997,0.0100307865,0.011632188,0.008589191,0.010872119,0.0031449532,0.011910733,0.012183841,3.2665135e-05,0.010730558,0.0072839484,0.0098843705,0.0051610693,0.007259695,0.007541436,0.0072657983,0.009982712,2.4167612e-05,0.005084214,0.004332217,0.005277785,0.0115640005,0.004888769,3.067345e-05,0.008776975,0.0051414217,0.016972044,3.339006e-05
0.0051740133,0.0054996847,0.008478274,0.00028603472,0.008761341,0.0034623772,0.0058988123,0.009200178,0.006752021,0.0063850284,0.0072899368,0.00062621397,3.5522036e-05,0.007878617,0.009392923,0.008036736,0.0072415466,0.0072010984,0.0030303868,0.010673725,0.010071073,3.324067e-05,0.005788633,0.006409678,9.8451594e-05,3.49002e-05,0.0058489246,0.0009436433,0.0060694283,2.938584e-05,0.011132912,2.6578566e-05,0.011017673,0.009921074,3.607083e-05,0.008348316,0.005662566,0.010725623,0.007075131,0.0013641216,2.7747785e-05,2.9384903e-05,2.9321767e-05,0.009132442,3.93341e-05,0.0015525665,0.009837467,0.008227501,2.409661e-05,0.0077185696,3.5296245e-05,0.00808457,0.0040881606,0.009972856,0.009874588,0.007914784,0.01093197,0.0039138906,0.0071387514,3.2968932e-05,0.0054262565,0.0015967176,0.007121037,0.0057817493,0.004152193,0.009183791,0.007544249,0.0,2.9944444e-05,0.0027740167,0.010713615,0.009980963,0.009369099,3.7671758e-05,3.4574372e-05,0.0038316322,0.009569844,0.009783316,0.011561884,0.007320572,0.007151407,3.6703885e-05,0.0071886443,0.006710566,0.009621641,0.0050756633,0.00832868,3.8278144e-05,0.010018321,0.010430197,3.138547e-05,0.0075904266,0.0067198505,0.006894371,0.0024658665,0.004462229,0.002996455,0.002744469,0.0066151763,2.3864392e-05,0.001217375,0.0011012106,0.0025123276,0.008921721,3.4548557e-05,2.7952769e-05,0.0067652897,0.0043081497,0.018686218,2.960827e-05
4.909796e-05,4.537436e-05,0.000537103,4.45231e-05,0.0009592373,4.096479e-05,4.812746e-05,0.0035406463,3.338034e-05,3.387228e-05,3.479423e-05,2.9387782e-05,3.7007023e-05,4.787202e-05,0.0046424046,5.1916762e-05,4.664733e-05,4.2817377e-05,3.4976085e-05,0.011640407,0.009319473,4.1640968e-05,4.388952e-05,4.5596782e-05,2.5800753e-05,4.0833846e-05,3.788943e-05,3.0251256e-05,4.117803e-05,2.1204742e-05,0.011683367,1.5226237e-05,0.012008469,0.0051926575,4.1508334e-05,4.759642e-05,4.6765897e-05,0.013328349,5.0875293e-05,3.1120555e-05,1.9773299e-05,2.4266148e-05,3.4335062e-05,0.0030515816,3.0519666e-05,4.310599e-05,0.0058075124,3.8743947e-05,2.3917839e-05,5.3238473e-05,2.9787236e-05,4.8436203e-05,4.7636768e-05,0.0069036856,0.0063160253,4.7280857e-05,0.014586943,4.306278e-05,3.8307375e-05,1.6269027e-05,3.9455717e-05,2.5216039e-05,2.9113355e-05,3.924042e-05,3.908934e-05,0.0050719255,4.168713e-05,4.5725865e-05,0.0,4.8441463e-05,0.014237235,0.008787615,0.0031275267,1.8186885e-05,2.6055886e-05,2.4113033e-05,0.0037209955,0.009774235,0.019899823,4.43088e-05,3.893571e-05,3.0996747e-05,3.4593624e-05,4.819009e-05,0.004606571,3.1596326e-05,4.632896e-05,2.9564435e-05,0.011530581,0.008661446,3.965103e-05,3.374395e-05,5.002094e-05,4.369173e-05,2.5599664e-05,3.6538968e-05,4.3762222e-05,3.206243e-05,2.9719458e-05,1.486206e-05,3.7741313e-05,2.0534537e-05,2.0900286e-05,0.001518116,4.33855e-05,1.1865578e-05,2.6942193e-05,3.3699034e-05,0.039079793,3.569822e-05
0.0056887753,0.0059728827,0.008660421,0.00094007124,0.008945135,0.0033304554,0.006189254,0.009226729,0.0070768986,0.0069347047,0.0075556147,0.00096535595,4.060385e-05,0.007999172,0.009167535,0.008229092,0.0073287766,0.007463731,0.0033767668,0.009897065,0.009647055,4.0245708e-05,0.0060178875,0.0066918186,0.00074501743,4.120393e-05,0.0062896125,0.00044865484,0.006491715,3.5669495e-05,0.010727286,3.365776e-05,0.010204559,0.00981138,0.00048470288,0.00817881,0.005664725,0.008571879,0.0073876516,0.001556395,3.219717e-05,2.8693765e-05,2.7634225e-05,0.008900461,4.0047064e-05,0.0022644242,0.00961875,0.00843393,3.0538606e-05,0.0076366025,3.6821883e-05,0.008257463,0.004444838,0.009641893,0.009186,0.008158266,0.010224321,0.0037087242,0.007384191,4.0180013e-05,0.005965119,0.00224072,0.007456167,0.0061252345,0.004451815,0.00862755,0.007775264,0.0036840688,3.0789815e-05,0.0,0.0086296415,0.009220457,0.009306368,3.7276903e-05,4.659438e-05,0.0036588658,0.009527549,0.009494601,0.009090228,0.007483303,0.0073383143,3.4999044e-05,0.0072118905,0.007187287,0.009255339,0.0055115046,0.008491875,3.766839e-05,0.00953018,0.01029242,3.8706614e-05,0.0078119193,0.005686784,0.0069777532,0.0022903446,0.0043815975,0.0037080215,0.0034188665,0.0069213035,2.6731457e-05,0.001538474,0.0011041869,0.0025045958,0.009160986,0.0007655638,3.140827e-05,0.006569471,0.0032763386,0.017722541,3.3479086e-05
0.014048526,0.014004727,0.017320368,0.009774403,0.017241418,0.011346056,0.014084157,0.017961545,0.015597322,0.015517763,0.016450532,0.009937061,0.008257137,0.015822642,0.0186613,0.016744543,0.01609248,0.016291251,0.011912381,0.019990118,0.019326318,0.0067634876,0.014054127,0.014664423,0.010164681,0.007657386,0.0146591775,0.009343125,0.014472584,0.0012188671,0.01964923,0.0024835537,0.020116273,0.018444179,0.010028318,0.016115574,0.013444053,0.021490535,0.01608061,0.01010609,0.0034478432,3.075406e-05,3.0168074e-05,0.018319806,0.00866957,0.0109252,0.01847196,0.016202312,2.966741e-05,0.017007502,0.006607585,0.016618527,0.012481669,0.018693298,0.018960124,0.016687732,0.020546738,0.0114767095,0.015736043,0.006248476,0.013667593,0.011063116,0.015076585,0.014148568,0.012394178,0.018849807,0.016173005,0.011390147,3.46244e-05,0.011449524,0.0,0.019927295,0.017514607,0.00920874,0.009350732,0.011496975,0.017892968,0.019566527,0.024162645,0.014946207,0.014813139,0.007459197,0.014808884,0.015368177,0.018371478,0.013617219,0.01606675,0.009387781,0.019975694,0.018853135,0.0027331954,0.01613409,0.01298633,0.015342937,0.0103086885,0.01246557,0.0127348,0.012437142,0.015318671,2.9257633e-05,0.0102622155,0.00983439,0.010498155,0.0172738,0.010191521,0.00014394196,0.0140077295,0.01080045,0.028645638,0.0014749295
0.011541027,0.011535087,0.014933852,0.0072260587,0.01513979,0.009062358,0.01179213,0.015691353,0.0133213615,0.013047112,0.014262361,0.007506882,0.005606767,0.013592617,0.016697016,0.014479225,0.013962136,0.014240336,0.009432534,0.018178433,0.017314183,0.0041909693,0.01161661,0.012473856,0.0077435398,0.0050421036,0.0123222815,0.0069547226,0.012291092,3.3975888e-05,0.017157657,3.7082344e-05,0.018617626,0.016394183,0.007552528,0.013736507,0.010842301,0.01928058,0.01363562,0.0076855677,0.0006239467,3.1718868e-05,2.8015136e-05,0.016491052,0.0061403997,0.008471195,0.016565178,0.013864701,2.9017841e-05,0.014865576,0.004256281,0.014511153,0.010096416,0.016843956,0.016953673,0.014488878,0.018546766,0.009274134,0.013675937,0.0037053863,0.011371959,0.008647243,0.012949161,0.011743457,0.010205763,0.017004091,0.014224731,0.009098204,2.918583e-05,0.009098809,0.019490482,0.0,0.015167604,0.006678403,0.0069431635,0.009408297,0.015800629,0.017453507,0.020921115,0.012751499,0.012575078,0.0050008,0.012417724,0.01311681,0.016581167,0.0113606285,0.013769364,0.006893746,0.018051902,0.016663687,0.00021572261,0.013916539,0.01101973,0.013130383,0.007952694,0.009960206,0.010477797,0.009962742,0.013173867,2.8885834e-05,0.00786532,0.0073100133,0.008253072,0.014866769,0.0075749736,3.332393e-05,0.011603193,0.008839353,0.025534902,3.465937e-05
0.011055623,0.011200725,0.013628758,0.006944825,0.014254741,0.008887034,0.0112097375,0.014337212,0.012072865,0.012017234,0.012234385,0.0068650283,0.0040265685,0.01320619,0.013577594,0.013188526,0.011912828,0.011976949,0.0090264315,0.014000946,0.014437091,0.0034998965,0.011245353,0.011629848,0.0065658134,0.0024264453,0.011377564,0.0066392277,0.011490103,3.5487403e-05,0.015089335,3.2391363e-05,0.014261203,0.014111973,0.0064894287,0.01366697,0.010880021,0.012757825,0.012263903,0.007419945,3.127483e-05,2.8425657e-05,2.8660495e-05,0.013592837,0.0056810747,0.0077448464,0.013878636,0.013420647,2.474751e-05,0.012331033,0.0032992954,0.012896855,0.009598924,0.014302097,0.013477985,0.012890223,0.014852917,0.009306595,0.012264964,0.0029698613,0.010918403,0.007867326,0.011994366,0.011426355,0.009903428,0.013115267,0.01226628,0.009171114,2.9180164e-05,0.008714393,0.012889973,0.013496318,0.0,0.0058272756,0.005991125,0.009357776,0.014501792,0.014371131,0.013303564,0.012617376,0.01265861,0.004170157,0.0125678815,0.011987071,0.013257087,0.010911684,0.013536929,0.0057440824,0.014592252,0.015104489,3.6558937e-05,0.012754567,0.011181808,0.011975374,0.007893753,0.009884954,0.009076384,0.0088626435,0.011543076,2.7928252e-05,0.0073515014,0.0069668875,0.007990906,0.014077842,0.006467157,3.0405246e-05,0.011784442,0.009103511,0.020464053,3.1844927e-05
0.0044132327,0.0053977305,0.007458729,0.0011690044,0.0075894296,0.002304378,0.0056130886,0.0079921745,0.005848941,0.006102615,0.006240956,3.393854e-05,2.7900258e-05,0.006572979,0.007854841,0.006975765,0.006376679,0.0065589882,0.0021819144,0.008638886,0.00835357,2.9727738e-05,0.0043606623,0.005494352,2.8672719e-05,3.3645218e-05,0.0045365207,2.7807173e-05,0.005645389,3.3302993e-05,0.00999971,3.0829087e-05,0.0089606615,0.008448265,0.00033518855,0.0067777005,0.0035192352,0.008344698,0.0061384253,3.525155e-05,2.5905945e-05,2.6907454e-05,2.5287145e-05,0.0075931624,3.3966895e-05,0.0016293544,0.008185211,0.00695291,2.828305e-05,0.00660324,3.4395875e-05,0.0069736736,0.004045158,0.008338348,0.007947956,0.0068770777,0.009161582,0.00204122,0.0062461384,2.859913e-05,0.0045874235,0.0021287196,0.0061047943,0.004813563,0.0030914354,0.0074202004,0.0065277377,0.0014709741,3.135812e-05,0.001997503,0.008351699,0.007858009,0.007959871,0.0,2.8315075e-05,0.0021789926,0.008298252,0.008289439,0.009333512,0.006658929,0.005740215,3.3031985e-05,0.0059313723,0.006214402,0.007897551,0.0051774704,0.0071114306,2.9569972e-05,0.008498898,0.009018264,2.8208964e-05,0.0065903994,0.0015358137,0.0054734778,0.00058445014,0.0032589932,0.0035144985,0.0031940467,0.0056962324,2.4414692e-05,0.000777859,3.053888e-05,0.00044191343,0.008245087,0.0006220011,3.05351e-05,0.0044510853,3.5101562e-05,0.019022917,2.9081964e-05
0.0039416775,0.004082782,0.007900028,3.1541906e-05,0.008122596,0.000634085,0.004589404,0.0086537935,0.005758853,0.0055503016,0.0065102945,3.4343655e-05,3.5098623e-05,0.0065254075,0.008580956,0.0071545327,0.0063521806,0.006499339,0.0016748098,0.00928034,0.009263865,3.0976233e-05,0.00442397,0.0051341387,3.352938e-05,3.480643e-05,0.0049677026,3.153208e-05,0.004849644,3.2957094e-05,0.0106412005,3.111968e-05,0.009579172,0.008830185,2.8644574e-05,0.0069283945,0.0033888181,0.008818607,0.0063018478,2.9667317e-05,2.803943e-05,2.2907356e-05,2.9674293e-05,0.008201173,3.1822045e-05,6.79349e-05,0.008818199,0.0072595626,1.8158435e-05,0.006709974,3.1484353e-05,0.0072094477,0.0024869256,0.009338914,0.008406593,0.007160437,0.0099990135,0.0013489675,0.0061197467,3.1426996e-05,0.0045461073,0.00016689087,0.006178132,0.0045915213,0.0025487847,0.007904212,0.006603883,0.0009711425,2.0880902e-05,0.00071368413,0.008966439,0.008556507,0.008473355,3.274448e-05,0.0,0.0010402423,0.00900158,0.009480569,0.009728555,0.005952554,0.005643808,3.422152e-05,0.0056107994,0.0059635257,0.008678553,0.0037424236,0.007187367,2.9353141e-05,0.009913488,0.010020867,2.7009643e-05,0.0067942664,0.0035242448,0.0058657215,2.9441553e-05,0.0021408112,0.00189886,0.0015616746,0.0056836503,2.4838813e-05,3.5704026e-05,3.2889944e-05,3.708387e-05,0.0083281575,2.9723875e-05,3.105162e-05,0.00453883,0.00037093693,0.020966869,3.4057724e-05
0.005657598,0.0059082564,0.008658392,0.0008582675,0.0091018295,0.0037289006,0.006254742,0.009277505,0.0069702864,0.006851687,0.007502681,0.00094562554,3.494235e-05,0.008042631,0.009394604,0.008334677,0.0074844332,0.0075493045,0.003436042,0.010465278,0.010094646,3.5646462e-05,0.0060181045,0.0066821887,0.0004687065,3.5489807e-05,0.0061260588,0.0009039052,0.0062809293,3.0364119e-05,0.010965752,3.6177076e-05,0.010724625,0.009959186,0.00035004786,0.008461213,0.0055790194,0.010031276,0.0074746464,0.0016681049,3.180809e-05,2.7636892e-05,2.8987051e-05,0.00907434,7.1578244e-05,0.002109565,0.0098246895,0.008525403,2.7573327e-05,0.007891723,3.517853e-05,0.00822053,0.004418605,0.009930051,0.009747712,0.008081538,0.010657597,0.004039704,0.00741243,3.9924947e-05,0.0058619143,0.0020466263,0.0072691008,0.0061911847,0.004369699,0.009069062,0.007786177,0.0041026925,3.4049248e-05,0.0029974757,0.009917539,0.009783807,0.009374841,3.9807648e-05,4.0683375e-05,0.0,0.009639421,0.00974432,0.010100835,0.0076152696,0.007355618,3.807283e-05,0.007341609,0.0069536213,0.009538089,0.0055716983,0.008534388,3.873184e-05,0.009850789,0.010284886,3.268255e-05,0.007891903,0.006394529,0.0069617634,0.002665777,0.0046511535,0.0033968217,0.003273389,0.0068758014,2.310048e-05,0.001548356,0.0011848271,0.0026629595,0.009218142,0.00034031025,3.574294e-05,0.0069055324,0.0041977796,0.018012732,3.6662714e-05
0.010881869,0.011132305,0.013720077,0.0069579813,0.014049113,0.008713261,0.011266099,0.014287767,0.012111338,0.012005365,0.012510639,0.006824041,0.0046002488,0.0130439,0.013934037,0.013281648,0.012281232,0.012390919,0.008979533,0.01438335,0.014599071,0.003400708,0.011205915,0.0116115585,0.0068808794,0.0031857884,0.011379411,0.0063263546,0.011631227,3.2787295e-05,0.015274227,3.4352095e-05,0.014642856,0.014218897,0.0067788167,0.013202667,0.010637885,0.0136644775,0.012439425,0.0073577976,3.517931e-05,2.7413178e-05,2.7413442e-05,0.013932385,0.005416593,0.007897291,0.0140299015,0.013134587,2.7059103e-05,0.012761091,0.00340175,0.013054684,0.009481925,0.01447307,0.013775249,0.013005049,0.015141834,0.009066429,0.012315391,0.0029792783,0.0108551355,0.007951215,0.012054243,0.011389662,0.009753143,0.013626609,0.012593059,0.008797427,2.9611487e-05,0.008744279,0.013708111,0.013883803,0.014226988,0.006032206,0.0061595915,0.008969605,0.0,0.014718808,0.0138562145,0.012432371,0.012430531,0.0043042786,0.012241969,0.012177533,0.013727896,0.010925867,0.013366504,0.0058543263,0.015048123,0.015116892,3.7377176e-05,0.012752419,0.010513446,0.011975508,0.007809278,0.00984361,0.009549708,0.009081881,0.011765873,2.5770973e-05,0.0074073644,0.006970086,0.007810894,0.0139556555,0.0067433035,3.2869797e-05,0.011544427,0.008333382,0.020146709,3.346228e-05
0.01238787,0.012746501,0.015779726,0.008533851,0.015923994,0.009919771,0.01275041,0.016468948,0.013703134,0.0137441065,0.014367897,0.0084864115,0.0063267224,0.014523653,0.01664712,0.015010432,0.01412936,0.014338235,0.010395623,0.017210344,0.017124599,0.0052697756,0.01255385,0.013098634,0.008678364,0.005895433,0.0128612835,0.007856256,0.012935482,3.6449128e-05,0.017262103,0.00085605524,0.017388152,0.01629394,0.0084115695,0.014648388,0.011700365,0.01732845,0.014172187,0.00871349,0.0016205199,2.9557847e-05,3.0860083e-05,0.016585927,0.007156271,0.00933391,0.016298387,0.014630561,2.9998257e-05,0.01495852,0.0051716855,0.014892692,0.011021712,0.0173838,0.016760312,0.0149067575,0.018658374,0.01011184,0.014026409,0.0048319586,0.012261488,0.009413988,0.0136112,0.012822642,0.011028336,0.016601197,0.014369718,0.010170306,3.0031135e-05,0.010122653,0.017860824,0.017280515,0.016202312,0.007924814,0.007904638,0.01022672,0.016519811,0.0,0.018789208,0.013618627,0.013588507,0.005996681,0.013460298,0.014041052,0.016361654,0.012408451,0.014829651,0.007830277,0.019482048,0.017516134,0.0010989596,0.014412471,0.011727398,0.013592067,0.008984999,0.011060639,0.011067187,0.010687082,0.013601811,2.8439083e-05,0.008973817,0.0082826475,0.009214883,0.015655737,0.008366192,3.1921805e-05,0.012570556,0.009718173,0.02666377,3.5981553e-05
0.016947838,0.016745247,0.019810952,0.012874991,0.019743482,0.014478105,0.016841657,0.020455107,0.018268358,0.018128352,0.019020988,0.013142424,0.011498619,0.018627053,0.020891929,0.019194983,0.018683659,0.018717144,0.01488262,0.022409039,0.02187106,0.010198283,0.016901238,0.017452791,0.01324751,0.01094369,0.017436637,0.012603949,0.017156884,0.00489522,0.02235403,0.0062455516,0.022466492,0.0208992,0.013069417,0.018920593,0.016314685,0.02310513,0.018850235,0.013310563,0.0072266664,0.0032407749,0.00020049153,0.0207008,0.012057316,0.013960472,0.021028634,0.018865785,3.4466608e-05,0.019264868,0.010156504,0.019257601,0.015338023,0.021075122,0.021178696,0.01927842,0.022886578,0.014631827,0.018410003,0.0096874405,0.016409077,0.0141161615,0.01773065,0.01699891,0.015495265,0.021243753,0.018879851,0.014347318,0.0036968603,0.014562198,0.023192756,0.022017779,0.020166496,0.012395282,0.012680746,0.014698129,0.020535946,0.021805588,0.0,0.017891191,0.017530248,0.010967269,0.017646996,0.018074693,0.020675786,0.016470356,0.018754348,0.012596766,0.02221829,0.021309849,0.0062067863,0.018683385,0.016056426,0.01807,0.013499267,0.015330411,0.015701307,0.015164078,0.01800205,2.9481898e-05,0.013459535,0.012961103,0.013688517,0.020001724,0.01328607,0.003981352,0.016905464,0.013902439,0.029167019,0.0051125223
0.008513161,0.008758021,0.010871315,0.004434925,0.011137702,0.00648581,0.008961384,0.011337244,0.009478513,0.009385147,0.009611657,0.004246392,0.0016321829,0.010493026,0.0109288115,0.010458149,0.009589135,0.0097550545,0.0065022027,0.010894387,0.011159061,0.0006668714,0.008818521,0.00926066,0.0039943657,3.8846672e-05,0.008683816,0.003827708,0.0091219805,3.0552314e-05,0.011996018,3.142182e-05,0.011247739,0.011519037,0.0041299146,0.010723975,0.008365259,0.009481412,0.009703801,0.0049810763,3.4136992e-05,3.128125e-05,3.3596083e-05,0.0105723115,0.0031346136,0.0052770837,0.011155611,0.010742432,2.7870945e-05,0.00968311,0.0006429207,0.010228338,0.007296017,0.011283568,0.01064051,0.010204839,0.011249958,0.0068733376,0.009833371,0.00019947949,0.008589684,0.005503614,0.009799597,0.008871717,0.0073762606,0.010168321,0.009971872,0.0065807374,3.0393581e-05,0.006125194,0.009974671,0.010335931,0.011504819,0.0035232243,0.0034280294,0.0067564095,0.01153545,0.01090298,0.010158007,0.0,0.0101604,0.0017719696,0.009886028,0.009729031,0.010673475,0.00854018,0.011009814,0.0028729944,0.010989468,0.011926069,3.179835e-05,0.010323049,0.008240775,0.009399984,0.0056545,0.0075676762,0.00678456,0.006579199,0.009161263,2.889173e-05,0.004982615,0.004325761,0.005614398,0.011240993,0.004264107,3.0959873e-05,0.009361685,0.006211849,0.017395716,3.1164975e-05
0.008215207,0.008549812,0.010570127,0.0042734332,0.010996298,0.006247191,0.008592013,0.011051762,0.009178166,0.009163909,0.009529949,0.0041265874,0.001173071,0.010264604,0.010834225,0.010200117,0.009474638,0.009582548,0.0063491724,0.010842956,0.011010712,0.0004784547,0.008604199,0.009086148,0.0038623605,3.9844537e-05,0.008624487,0.0038369861,0.008807661,3.1385523e-05,0.01198102,3.17488e-05,0.011176951,0.011303255,0.0037955625,0.010554685,0.008164725,0.009887988,0.0094263395,0.0047178655,2.8729699e-05,3.321853e-05,2.7762186e-05,0.010436193,0.0030397833,0.005213068,0.011002005,0.01073698,2.8675131e-05,0.009656893,0.00051990984,0.010153595,0.0071674627,0.011186644,0.010580673,0.010073667,0.011231161,0.006715668,0.009458986,0.00020892332,0.0082361065,0.005275095,0.009453948,0.008722106,0.007203352,0.010176085,0.009594546,0.006537655,2.7490858e-05,0.0059158336,0.009978508,0.010287236,0.011349347,0.0032581796,0.0031276688,0.0065667583,0.011386285,0.01077535,0.009896199,0.010041326,0.0,0.0015276001,0.009822787,0.009482881,0.010656177,0.008138788,0.010869272,0.0029727318,0.010887447,0.011822687,3.185713e-05,0.009964376,0.0085073495,0.009131853,0.005475033,0.0075250203,0.006330154,0.0062439023,0.008938183,2.9753888e-05,0.004697219,0.004249753,0.005408853,0.011226719,0.0038033894,3.0358688e-05,0.009141036,0.006343787,0.017410534,2.9009694e-05
0.0026877585,0.0030274799,0.0071264477,4.1055275e-05,0.0072898846,3.601758e-05,0.0034471734,0.008049183,0.0047275266,0.0043931007,0.0055694715,3.285452e-05,3.7105845e-05,0.0057467152,0.008069018,0.0063743037,0.005255138,0.0052986164,4.0480616e-05,0.009494768,0.009027605,3.57116e-05,0.0031247307,0.004230694,3.441131e-05,4.045959e-05,0.0034848622,3.6633297e-05,0.003720996,2.9674304e-05,0.010670021,3.8130347e-05,0.009767376,0.008679907,4.1205178e-05,0.0059949704,0.0022652138,0.009021124,0.005197693,3.3552235e-05,3.759951e-05,2.9260307e-05,2.4821391e-05,0.0075446093,4.039558e-05,3.963836e-05,0.008549706,0.006377076,3.6098947e-05,0.005956198,3.7004254e-05,0.006194396,0.0011875709,0.00875453,0.008381019,0.0062440857,0.010343391,3.720511e-05,0.0050766696,3.6569494e-05,0.0028160196,3.4752244e-05,0.004997712,0.0032299543,0.0009744406,0.007624912,0.005608652,4.073651e-05,2.5952386e-05,3.957818e-05,0.0092940265,0.008465561,0.007961144,4.012102e-05,3.753003e-05,4.51524e-05,0.008309746,0.008987613,0.010413543,0.004919696,0.0045674695,0.0,0.004486478,0.0047821505,0.008029552,0.0025282763,0.006465523,3.4306988e-05,0.009474294,0.0094134,3.6054826e-05,0.005680474,0.0017039679,0.004609721,4.1672894e-05,0.00097246806,0.0002837373,4.2456293e-05,0.0046766372,2.2196604e-05,4.1859264e-05,4.053456e-05,4.2322154e-05,0.0074501955,4.065944e-05,3.5509067e-05,0.003491879,3.602352e-05,0.023062058,3.162059e-05
0.008283962,0.008415781,0.01061337,0.003945852,0.0112318145,0.0065354076,0.008691647,0.011276756,0.009197229,0.009177513,0.0095120305,0.0039685965,0.00083022285,0.010416856,0.010663891,0.010272624,0.009266505,0.009414923,0.0063736644,0.01105278,0.011246318,0.00050260284,0.008762139,0.009062694,0.0037747668,3.716289e-05,0.008645693,0.0039184624,0.008889553,3.0063286e-05,0.012233299,3.4256904e-05,0.0113489,0.011521529,0.003495129,0.010694701,0.008371098,0.009922567,0.009541322,0.004785597,3.3500753e-05,2.820601e-05,2.6152475e-05,0.010546101,0.0029174406,0.005023134,0.011121841,0.010643948,3.0282288e-05,0.009559022,0.00041393607,0.01026545,0.006994282,0.011198893,0.010669745,0.010145522,0.011316047,0.0067928513,0.009616737,4.1010007e-05,0.008353963,0.004967628,0.0094974125,0.008834407,0.007268973,0.010084751,0.009621412,0.0068396325,2.7237762e-05,0.0060764127,0.009989948,0.010374917,0.011385088,0.0029541233,0.0030627472,0.0067358976,0.011331649,0.010736818,0.010045617,0.009970367,0.009886091,0.0013267773,0.0,0.009324747,0.010608889,0.008090672,0.010877178,0.0027274045,0.010911055,0.011810603,3.5275334e-05,0.010104729,0.008651455,0.009364084,0.005447464,0.007333181,0.006245362,0.006054816,0.0089186365,2.3978959e-05,0.0045736236,0.004349438,0.0054764515,0.011352852,0.0036968794,3.336291e-05,0.009450298,0.0066204458,0.017763045,3.23978e-05
0.008444541,0.008950348,0.01089133,0.0048021683,0.011132142,0.006148321,0.008920359,0.011365701,0.009547624,0.00959119,0.009869408,0.0041021416,0.0026533406,0.01011682,0.011012494,0.010536055,0.009899213,0.01006908,0.006469321,0.010936517,0.01118698,0.00042535766,0.008552108,0.009116021,0.004318664,0.00030216196,0.008833023,0.0031636504,0.0091574155,3.525406e-05,0.012003832,3.744723e-05,0.011150037,0.011480289,0.0044623385,0.010405361,0.0077645495,0.010164566,0.009928954,0.0048530106,3.608725e-05,3.0731942e-05,3.0967312e-05,0.010986988,0.00249174,0.0056413165,0.011211164,0.010521531,3.2414497e-05,0.010102258,0.00034792745,0.0105169965,0.0074711475,0.011544872,0.0108957235,0.010423797,0.011302731,0.006206454,0.009968587,4.3583925e-05,0.008343208,0.0058521973,0.009848158,0.008862116,0.0072467607,0.010368494,0.010106368,0.0058287615,3.3557855e-05,0.005981598,0.010264891,0.010551497,0.011297246,0.003983064,0.0036294765,0.0062610027,0.011581831,0.011201547,0.0103633385,0.009888565,0.009739295,0.0017579665,0.009479669,0.0,0.010989985,0.00850409,0.010759142,0.0033059826,0.0112903705,0.011818932,3.6356345e-05,0.010304885,0.006812168,0.00931941,0.005172883,0.0072066057,0.0071620457,0.0068519604,0.009578466,2.9789911e-05,0.0048598116,0.0040397653,0.005164259,0.011182013,0.0045012585,3.4553028e-05,0.008663941,0.004942057,0.017014625,3.5789675e-05
0.010483187,0.010480871,0.013417609,0.0064129923,0.01365018,0.007963632,0.010832557,0.014352286,0.011957158,0.011873503,0.012860393,0.0061980747,0.004625635,0.012241384,0.014965547,0.013349455,0.012610402,0.0128796175,0.008310155,0.015824184,0.015209681,0.0029996429,0.010486056,0.011204013,0.0065569356,0.003509663,0.011136734,0.0057889246,0.0112443585,3.4205674e-05,0.015483687,3.467949e-05,0.015850881,0.014678524,0.0063898386,0.012516507,0.009810199,0.016100882,0.012420025,0.006696415,3.4024783e-05,3.1061496e-05,3.1678377e-05,0.014801127,0.0048202607,0.007457405,0.014730867,0.01253239,2.6837697e-05,0.013352288,0.0030539555,0.013235271,0.009192743,0.015207974,0.015077895,0.013257109,0.016103975,0.00807854,0.01259991,0.0024605969,0.01028021,0.0076037957,0.0118209915,0.0106213335,0.009172604,0.014940775,0.012911715,0.008035685,3.2344193e-05,0.007956972,0.0161605,0.015580873,0.013759632,0.005621733,0.005850658,0.008155076,0.014393935,0.015504694,0.01717286,0.011569292,0.011546036,0.0039293272,0.01128363,0.012030152,0.0,0.01019306,0.012723787,0.005484804,0.015869549,0.015073021,3.3362387e-05,0.012684211,0.0094395755,0.011913543,0.0070054526,0.008935067,0.009496764,0.008956096,0.012060959,2.582374e-05,0.0067502446,0.006278271,0.0069465414,0.013623552,0.0065504354,3.332211e-05,0.010398226,0.00731825,0.02103833,3.2009273e-05
0.0072384877,0.007754167,0.009796485,0.0035243328,0.010173386,0.005202394,0.0079635605,0.010227417,0.008357762,0.00832626,0.008616278,0.0028827202,0.0009679506,0.009203085,0.009895906,0.009460398,0.00877184,0.008744135,0.005130776,0.010115278,0.010063664,3.798837e-05,0.0075300806,0.0080233775,0.0027071645,3.5045203e-05,0.007438167,0.0021141868,0.008030274,3.152887e-05,0.011003624,3.1746353e-05,0.010355048,0.010325406,0.0029439721,0.009630855,0.0068209805,0.008866226,0.008635393,0.0035928632,3.451071e-05,2.9533843e-05,3.2795862e-05,0.009773015,0.001633131,0.0041450346,0.010058861,0.0096053295,2.9972334e-05,0.00882314,3.6006764e-05,0.0093016755,0.0062951744,0.0104656955,0.009925672,0.0092017725,0.01035679,0.0053320825,0.008831737,3.7294165e-05,0.007279851,0.0045808973,0.00859256,0.0077897017,0.0062447195,0.009232918,0.0089552915,0.005012449,2.906952e-05,0.004811134,0.008986242,0.009559805,0.010342362,0.002808937,0.002062867,0.005313764,0.010618919,0.010259005,0.009575642,0.0090524815,0.008724221,0.000489403,0.00860895,0.008663204,0.009932671,0.0,0.009804046,0.001613659,0.010281626,0.010950912,3.2353884e-05,0.009237553,0.006183307,0.00804013,0.0041771093,0.006134718,0.0056505306,0.0053876233,0.008189983,2.9001436e-05,0.003703665,0.0028055839,0.0041725887,0.010266435,0.0031662118,2.9693774e-05,0.007837504,0.0043792846,0.01694815,3.0322957e-05
0.009508582,0.009794919,0.011953188,0.005499326,0.0123701915,0.007471439,0.00981415,0.01240985,0.010353711,0.0102919685,0.010665668,0.0052484456,0.0025310544,0.011485664,0.0119470535,0.011520294,0.01040743,0.010492421,0.007378779,0.011984403,0.012226536,0.0018615295,0.0098313065,0.010057861,0.005182458,0.00075165473,0.009831696,0.0050278893,0.010049466,3.148772e-05,0.013153749,3.387405e-05,0.012142083,0.012420019,0.0049624923,0.011806456,0.009444049,0.011065146,0.010636812,0.005900549,3.410795e-05,2.9499308e-05,2.5781019e-05,0.0116899125,0.0041332818,0.0062683816,0.012014355,0.011817557,2.9317785e-05,0.010812898,0.0017683947,0.011236959,0.008160438,0.012323527,0.011637866,0.011196902,0.012537807,0.007810811,0.010707234,0.0014754748,0.009453757,0.0063710306,0.010545011,0.00998631,0.00846403,0.0112073235,0.010688146,0.007789184,3.0970063e-05,0.0073003806,0.011151193,0.011375193,0.012646125,0.0044331746,0.0043117893,0.007793105,0.012661057,0.012143648,0.011252444,0.011092666,0.0111332545,0.00281217,0.0109108165,0.01058235,0.011655021,0.009523819,0.0,0.0043216334,0.012269111,0.013254583,3.5227247e-05,0.01112221,0.009426176,0.010414858,0.0066209934,0.008600891,0.0076841945,0.007384738,0.010004198,2.9148921e-05,0.0058816243,0.0053993245,0.0065947766,0.012256861,0.0050997087,2.8823295e-05,0.01033756,0.007479334,0.018320678,3.2243468e-05
0.0032103593,0.003663191,0.007768971,3.189636e-05,0.008045105,0.00020058347,0.0040911795,0.0086058555,0.0054495255,0.005056174,0.006315386,3.325942e-05,2.6457761e-05,0.0063373563,0.009699424,0.006933704,0.0060628415,0.00633686,0.0007131387,0.010967866,0.010104306,2.712262e-05,0.0037137459,0.004434373,3.493952e-05,3.0098498e-05,0.0041719195,3.4225493e-05,0.004332389,2.6262533e-05,0.01115713,3.203598e-05,0.011097027,0.009472212,3.06335e-05,0.006758132,0.002454913,0.010871675,0.0059586377,3.32828e-05,2.599995e-05,2.2812716e-05,2.5735702e-05,0.008689616,3.2733475e-05,3.488118e-05,0.00955896,0.0069860965,2.651875e-05,0.0068976153,2.4442914e-05,0.006998338,0.0018040327,0.009804551,0.009769463,0.007027848,0.011498604,0.000561247,0.0057093236,2.9252828e-05,0.0035579032,3.4176996e-05,0.00554251,0.0040376685,0.0020284946,0.008921447,0.0064738924,0.0005540298,3.104063e-05,4.222108e-05,0.010839876,0.010122083,0.008486177,3.0965377e-05,3.094212e-05,0.0007489728,0.009056353,0.010343717,0.012359089,0.005489579,0.0053962856,3.0094463e-05,0.0050229277,0.0058107073,0.009859606,0.0031753518,0.0071219886,0.0,0.010681932,0.010253922,3.087817e-05,0.0063323383,0.003925393,0.005305468,3.5884346e-05,0.0017424806,0.0015061229,0.0008605715,0.005408633,2.0981273e-05,3.712762e-05,3.5030364e-05,3.4006738e-05,0.0086478675,2.920822e-05,2.3351451e-05,0.0043470613,0.000742288,0.024635164,2.6537182e-05
0.013355111,0.013405542,0.016471233,0.009361519,0.01656812,0.010754079,0.013334297,0.01718059,0.014493908,0.014558288,0.015248494,0.009330194,0.007346949,0.0151311895,0.017365512,0.015803495,0.014831374,0.015044069,0.011124308,0.01804205,0.018035594,0.006110737,0.013280489,0.013897421,0.009514464,0.007216873,0.013731076,0.008787064,0.013754283,0.000883708,0.018260349,0.0021156343,0.018247792,0.016993,0.009263668,0.015497704,0.012606177,0.018311262,0.014990555,0.00959617,0.002759033,2.9126673e-05,3.1434818e-05,0.017166108,0.008161229,0.010261033,0.016935391,0.015434706,3.060464e-05,0.015810069,0.006112226,0.01562933,0.011717623,0.018027114,0.017372133,0.015498708,0.01947042,0.010889764,0.014735114,0.0057812524,0.012915075,0.010297912,0.014185697,0.0134729175,0.011853371,0.017398428,0.015167116,0.010905461,2.9064142e-05,0.010853543,0.018918905,0.01808566,0.016871905,0.008913644,0.00869089,0.0110489065,0.017177526,0.01933428,0.019904317,0.014313445,0.014417614,0.0070507177,0.014239862,0.014595317,0.017097777,0.01315209,0.015432914,0.008832401,0.0,0.018180175,0.0021548695,0.015154941,0.012354376,0.014313639,0.009924357,0.011908531,0.011969964,0.011413386,0.014222487,2.9385352e-05,0.009789528,0.009267453,0.009873031,0.016315691,0.009221832,3.2147702e-05,0.013381743,0.010683017,0.028084923,0.0011002196
0.011891192,0.012507395,0.015365837,0.008384529,0.015644979,0.009660704,0.012677682,0.01604775,0.013549985,0.013499188,0.013872833,0.008429013,0.0061214906,0.014516232,0.015768087,0.014750972,0.013579971,0.013829267,0.010444498,0.015987149,0.016550414,0.005319774,0.012235594,0.013015283,0.008426849,0.0053955475,0.013037746,0.008020328,0.012956394,3.2688265e-05,0.017124303,0.0007087666,0.016627422,0.01602386,0.0082749585,0.014805052,0.011718858,0.015527962,0.01384331,0.008399588,0.0014045171,2.9187875e-05,2.97099e-05,0.015715526,0.0068532666,0.009389937,0.015420607,0.014762652,3.0357944e-05,0.01428252,0.005194065,0.014462355,0.010969606,0.01645889,0.015311929,0.014542307,0.017566362,0.010585956,0.013713844,0.004440106,0.0123367505,0.009470233,0.013527656,0.012392387,0.010909651,0.01542072,0.01399611,0.009988572,3.0260731e-05,0.010099299,0.015823593,0.015543816,0.016064461,0.0075687207,0.007753914,0.010504546,0.016285408,0.016978534,0.016399078,0.0137184635,0.013435293,0.005730231,0.013596149,0.013737058,0.015427604,0.012203531,0.014935493,0.0078053344,0.017368983,0.0,0.0010747229,0.014378078,0.012012533,0.01345673,0.008821233,0.010913453,0.010890283,0.010485533,0.013133036,2.9629693e-05,0.008463497,0.008542981,0.008973159,0.015598504,0.008216033,3.0011874e-05,0.012553102,0.0097868275,0.024133459,3.3714685e-05
3.2922282e-05,3.3685683e-05,0.004114747,2.1345451e-05,0.0044206376,1.7612325e-05,2.5839165e-05,0.006227191,3.5589113e-05,2.2569862e-05,0.00021349019,2.2100388e-05,2.3541897e-05,0.00037360942,0.0071476153,0.0015012673,2.706707e-05,3.6959897e-05,2.2573508e-05,0.012309405,0.010430439,2.1312257e-05,1.9659421e-05,3.380858e-05,2.3228098e-05,1.8693261e-05,2.9688808e-05,3.180025e-05,3.0977746e-05,2.5829046e-05,0.012083879,1.6825872e-05,0.012609245,0.007603302,2.1035266e-05,0.0013151242,3.5088695e-05,0.014315928,3.6555874e-05,1.8889132e-05,2.2046206e-05,3.1589847e-05,2.6138332e-05,0.00595298,1.7343309e-05,2.5407162e-05,0.008004152,0.0015594638,3.2152457e-05,0.0013206165,2.8025177e-05,0.0015053664,2.0629746e-05,0.008716015,0.00852869,0.0015122171,0.014404849,1.534157e-05,2.953841e-05,1.07063015e-05,2.008603e-05,2.4243634e-05,3.4877274e-05,2.947982e-05,2.4586809e-05,0.0074000675,3.1502448e-05,2.6955e-05,3.1172607e-05,1.7691877e-05,0.015098542,0.010430951,0.006095528,2.4898349e-05,2.6009035e-05,2.408391e-05,0.0064627454,0.010640034,0.019363163,3.19356e-05,3.8243863e-05,2.5864301e-05,1.9920053e-05,2.8273667e-05,0.007342873,2.6269201e-05,0.0015693306,3.4795805e-05,0.01217526,0.010000428,0.0,2.7996792e-05,2.9717085e-05,3.5426663e-05,1.864448e-05,1.6640204e-05,2.4200388e-05,3.4801677e-05,3.7514248e-05,5.085591e-06,2.6034833e-05,2.5646654e-05,2.2464403e-05,0.0047261957,3.5694997e-05,1.6702013e-05,2.6530177e-05,1.9016004e-05,0.034503378,1.9869116e-05
0.009015736,0.009288406,0.01150079,0.0048023015,0.011805216,0.00675975,0.009292955,0.011991598,0.010103735,0.010109418,0.010514278,0.004838059,0.0027311686,0.01097806,0.011782785,0.011273741,0.010389645,0.010486891,0.0070706797,0.011761827,0.011989139,0.0013181968,0.009263072,0.009802376,0.004886508,0.00014604718,0.009523014,0.0039910423,0.0096925795,3.389736e-05,0.012660304,3.58043e-05,0.01198087,0.012116766,0.0048243008,0.011231258,0.008826335,0.010855759,0.01035103,0.0053742137,3.1362928e-05,2.9940215e-05,2.8474336e-05,0.011548582,0.003201402,0.0059510837,0.01195962,0.0111950915,2.5070649e-05,0.010635904,0.001141364,0.010990388,0.007890086,0.011999101,0.011505305,0.0109701855,0.011932159,0.007151835,0.010598763,0.0005632987,0.009116657,0.006242631,0.0103281,0.009442094,0.007885564,0.01105392,0.01074349,0.0068911714,3.1213636e-05,0.006711962,0.010849913,0.011318504,0.012013064,0.0039916816,0.004169144,0.0069206413,0.012186524,0.011723383,0.010869905,0.010577667,0.010355833,0.0024201116,0.010290689,0.01027056,0.01144221,0.00876702,0.011355195,0.0033444052,0.011912655,0.012610478,3.5301044e-05,0.0,0.008384997,0.010258743,0.00566444,0.007849956,0.0076564685,0.007263027,0.009991075,2.545283e-05,0.0054146773,0.0047617466,0.0059620244,0.011863273,0.004901972,2.819295e-05,0.009550836,0.006181766,0.017376728,3.174637e-05
0.0057567162,0.00561136,0.009088673,0.00011050606,0.0095377145,0.0041498733,0.006264365,0.010049686,0.0073717018,0.006844161,0.008093911,0.001887358,3.7006008e-05,0.008401896,0.010627939,0.008590404,0.00781332,0.0077820057,0.004043269,0.012309166,0.011408877,3.7431215e-05,0.0065324577,0.0069399285,0.0014403072,4.016286e-05,0.006873915,0.0030769063,0.006576131,3.2169675e-05,0.012151307,3.2162534e-05,0.012545704,0.010948729,0.00010371443,0.008769665,0.0065762065,0.012700242,0.007695017,0.002485559,3.211558e-05,2.884891e-05,3.234251e-05,0.01007107,0.0014950082,0.0024948996,0.0110983085,0.00875119,3.258586e-05,0.008308524,3.5546193e-05,0.008684312,0.0044317516,0.011086511,0.011062306,0.0086748665,0.012569646,0.005200788,0.0075950385,3.5145134e-05,0.0064588217,0.0016712284,0.007565666,0.0065993057,0.0045029703,0.010567027,0.008216642,0.0054035424,2.9860788e-05,0.0037049304,0.012721177,0.011615402,0.009892627,3.8948507e-05,0.0007147707,0.0047199144,0.0101446565,0.011127131,0.014008829,0.007653618,0.007656797,3.9219678e-05,0.007765067,0.0069653764,0.01072898,0.005401868,0.008860578,0.0015464337,0.011708031,0.01132097,3.6031463e-05,0.00819208,0.0,0.0077167028,0.0035802065,0.005278103,0.0033355742,0.003052948,0.0070487093,3.536532e-05,0.00200536,0.0027020955,0.003718517,0.009480901,0.0005705145,3.148781e-05,0.007529461,0.0060348297,0.022385908,3.142291e-05
0.008157883,0.00813021,0.010570389,0.0032086628,0.01109138,0.005777761,0.0084318705,0.011238731,0.009481046,0.009227461,0.009874259,0.0039860625,0.0012385275,0.0100402,0.010987317,0.010430614,0.009646347,0.009633236,0.0062764236,0.011608063,0.011576499,0.0004572816,0.008606291,0.009224992,0.0043202313,3.970215e-05,0.009030975,0.0031953773,0.008834278,3.7617832e-05,0.012374355,3.6543945e-05,0.01177755,0.011795521,0.0038076167,0.010379713,0.008132422,0.01031911,0.009691885,0.00426313,3.2804575e-05,3.189488e-05,3.5079516e-05,0.0108083775,0.0021169265,0.0051966296,0.011522552,0.0104658175,3.247755e-05,0.009755583,8.5564076e-05,0.010263698,0.0068486356,0.011147674,0.010980905,0.0104118185,0.011564524,0.0063894065,0.009868829,3.536125e-05,0.008449076,0.005212336,0.0095578525,0.008482256,0.007119587,0.010556526,0.009909771,0.005977504,3.461204e-05,0.0057874676,0.01029338,0.010818657,0.011188607,0.0024128302,0.0034702106,0.0060146265,0.01128611,0.010724657,0.010269171,0.009653735,0.009439818,0.0013926703,0.009357596,0.009118196,0.01088866,0.0074879127,0.0103603285,0.0026980336,0.010859828,0.011826836,3.641374e-05,0.010067442,0.00824061,0.0,0.0047289897,0.006707213,0.0066194567,0.0063356557,0.009359622,3.0092058e-05,0.0043502687,0.0038220445,0.0050943717,0.01128803,0.0034990995,3.24539e-05,0.008626888,0.005491382,0.017037552,3.4078934e-05
0.0046857125,0.0051452904,0.008145324,3.8717917e-05,0.008397104,0.002410208,0.00544096,0.008838486,0.0063442383,0.006111074,0.006912099,3.858645e-05,3.5048542e-05,0.007252894,0.009061407,0.0075792246,0.006849457,0.0069151716,0.0023765245,0.0103027355,0.009806247,3.7671114e-05,0.0052672536,0.005822968,3.8561735e-05,3.9212588e-05,0.005289052,3.7794285e-05,0.005691395,3.493006e-05,0.010703616,3.2293417e-05,0.010679693,0.009617252,3.706615e-05,0.0076759565,0.0045712832,0.010200225,0.0067229318,0.0006029981,3.3618755e-05,3.1050335e-05,2.980329e-05,0.0086652255,3.762792e-05,0.0011035671,0.009427462,0.007869352,2.4255736e-05,0.007321896,3.892655e-05,0.0076927766,0.003438982,0.009614582,0.009503458,0.007666245,0.0105239665,0.0029684228,0.006635628,3.9171013e-05,0.0049058395,0.0010557743,0.0065953787,0.005384326,0.0034545197,0.008887951,0.00715955,0.002986165,2.7680153e-05,0.0019262062,0.010182994,0.009662503,0.0088360505,3.7546168e-05,4.0724146e-05,0.0028747993,0.009259476,0.009471701,0.011117411,0.006819204,0.0067257327,3.700725e-05,0.006502759,0.006486619,0.00932291,0.0047030426,0.007925483,3.7203146e-05,0.009658011,0.0101074055,3.0218884e-05,0.0071268105,0.0052487436,0.00619692,0.0,0.0037633313,0.0026521971,0.0022431577,0.006285169,3.150091e-05,0.00049907836,0.00019888119,0.0016135029,0.008513557,3.8860893e-05,3.307418e-05,0.006009361,0.0030658257,0.018747201,3.187562e-05
0.0063045137,0.006648777,0.009092257,0.001850381,0.009537168,0.0043870267,0.0068753767,0.009729743,0.0075652604,0.0074621383,0.008038276,0.0017604656,4.0900475e-05,0.008633823,0.009677062,0.008812849,0.007882003,0.007952904,0.00413408,0.010342334,0.0101909945,4.1271185e-05,0.0068031247,0.007219459,0.001442488,4.2574742e-05,0.0067743915,0.0016411444,0.007096879,3.684788e-05,0.0111340545,3.5062232e-05,0.010532353,0.010300575,0.0012503847,0.008895613,0.006305954,0.00967202,0.007916705,0.0025573177,3.5754347e-05,3.5151857e-05,3.4621313e-05,0.009344323,0.0007393336,0.0029406522,0.009962798,0.009041927,3.2315114e-05,0.008251912,3.76137e-05,0.008657282,0.0051352596,0.010048717,0.009855725,0.008626402,0.010499181,0.004610952,0.0078869425,4.1083385e-05,0.0064787157,0.003036557,0.007933755,0.006873376,0.005192569,0.009217593,0.008274483,0.004661668,3.1350406e-05,0.0037937833,0.009578089,0.009772297,0.009921497,0.00067719293,0.000560302,0.004500472,0.009997104,0.00990024,0.009500818,0.008358452,0.008035478,4.203428e-05,0.008072474,0.0076713758,0.009608645,0.006289672,0.009308754,0.00046267922,0.00996635,0.0105575975,3.6949987e-05,0.008383208,0.00669623,0.0074978606,0.0034770991,0.0,0.004296429,0.003919055,0.0073560914,3.587613e-05,0.0023273374,0.0019714374,0.0032914074,0.009624763,0.0014157594,3.7085494e-05,0.007404906,0.0045201844,0.017682923,3.5078127e-05
0.0063375547,0.006719111,0.008982227,0.0024070626,0.009145653,0.0037080115,0.0069168163,0.009455339,0.007840387,0.007710433,0.008051224,0.0017701603,0.00078377867,0.008199006,0.009121958,0.0087254355,0.008175197,0.008464482,0.004368356,0.009261651,0.009314859,3.4080567e-05,0.006553186,0.0073995274,0.0020966278,3.59708e-05,0.006795154,0.00058672717,0.00737105,3.4395875e-05,0.010407397,3.0440342e-05,0.0096748825,0.009780926,0.0023608143,0.008326699,0.005767272,0.0082476735,0.0081308205,0.0021976812,3.1720065e-05,2.816239e-05,2.4302244e-05,0.008973818,3.8837676e-05,0.0035448452,0.009468537,0.00871475,2.2973572e-05,0.008169591,3.525276e-05,0.008757898,0.0053914357,0.009515582,0.008999689,0.008606581,0.009574785,0.003966783,0.008124265,3.5141224e-05,0.0065028323,0.003935832,0.008097471,0.0066788937,0.0050981794,0.008520024,0.008469453,0.0035103608,2.5159101e-05,0.0038231893,0.008308666,0.008801765,0.0093960855,0.0017548932,0.0013658605,0.0037991486,0.00965689,0.009059935,0.00888266,0.007943963,0.0075610536,3.6384776e-05,0.0075083985,0.008007068,0.009138561,0.006241877,0.008728907,0.0004953241,0.009082153,0.010031573,2.924438e-05,0.008424516,0.004236808,0.007596465,0.0026364871,0.004916296,0.0,0.0050589954,0.007805382,2.5583236e-05,0.0024500012,0.0016137008,0.0026013923,0.00952452,0.0027469054,2.9829336e-05,0.0065737087,0.0018675155,0.016210245,3.2396347e-05
0.0061444393,0.006382354,0.008703267,0.0019554715,0.008881685,0.003616772,0.0068132905,0.00922112,0.0074697617,0.0073368833,0.0077994317,0.0014530219,0.00025960512,0.007983871,0.009028684,0.008650334,0.0078117982,0.00818734,0.0039845896,0.00920415,0.009276049,3.5919697e-05,0.00627622,0.0072699906,0.0018843819,4.1905987e-05,0.006642197,0.00026469587,0.0070776674,3.689931e-05,0.010279012,3.4637076e-05,0.009597867,0.009598829,0.0019106002,0.008157625,0.005713085,0.008163471,0.0077735605,0.001941022,3.3493827e-05,2.797696e-05,2.7679354e-05,0.008793563,3.829383e-05,0.0030778425,0.009412328,0.008567606,3.1154425e-05,0.007909076,4.0625142e-05,0.008488618,0.0051314067,0.009285313,0.008816512,0.008371769,0.009388461,0.003738523,0.007896355,3.6584577e-05,0.006324509,0.0035018194,0.0077187996,0.006562308,0.004933153,0.008353995,0.008255005,0.003342936,3.39253e-05,0.003412705,0.00796943,0.008555201,0.00920735,0.0013572619,0.00096727605,0.0035908073,0.0095923245,0.008929481,0.008727624,0.0077511696,0.007306781,3.6177425e-05,0.0071575316,0.0076778736,0.008895066,0.0061452235,0.008618218,3.994429e-05,0.00899573,0.009825801,3.4904602e-05,0.008315208,0.0042350683,0.007318937,0.0024616541,0.004504588,0.004843745,0.0,0.0074715777,3.0483849e-05,0.0022033253,0.0012450498,0.0024547162,0.009310441,0.002307409,3.1836164e-05,0.0063041723,0.0016912357,0.016057115,3.3698834e-05
0.008189367,0.008388614,0.010495086,0.0041569895,0.011023575,0.005666404,0.008698195,0.0110619785,0.009562286,0.009270485,0.009912599,0.0038006238,0.0022345646,0.009839957,0.011184439,0.0104046045,0.009830195,0.010131502,0.006170429,0.011434908,0.011436169,0.00029534515,0.008249075,0.009069711,0.004269636,7.057864e-05,0.008900131,0.0028519898,0.008850288,3.5896257e-05,0.012106061,3.53351e-05,0.011613888,0.011648771,0.004158639,0.010031155,0.007559029,0.010544424,0.0096630445,0.0044044936,3.4800778e-05,2.9457438e-05,2.9407227e-05,0.010975364,0.001974985,0.0053826044,0.011479424,0.0103434585,2.931423e-05,0.010110524,0.00014517935,0.010333354,0.007025619,0.011381888,0.011007118,0.010402252,0.0113349985,0.005903646,0.009797846,3.9528895e-05,0.008323206,0.005498873,0.009620163,0.008446026,0.007000009,0.010470008,0.010083114,0.0055171056,3.476066e-05,0.0057166126,0.010325585,0.010781821,0.011047401,0.0034409915,0.0035751641,0.0058920523,0.011260697,0.010846915,0.010364374,0.009559923,0.009392789,0.0016821048,0.009091243,0.00962598,0.0108625265,0.0079683885,0.010193676,0.0027340276,0.010990148,0.011606811,3.425742e-05,0.010081931,0.006764383,0.009452449,0.0046571083,0.006715287,0.0070201955,0.006688527,0.0,3.0928764e-05,0.004515408,0.0036962032,0.0048741936,0.010981952,0.0042077536,3.419806e-05,0.008266902,0.0046892595,0.016452162,3.7677564e-05
2.0509084e-05,4.1691483e-06,3.0560892e-05,8.722865e-06,2.863103e-05,9.783797e-06,4.929287e-06,2.3303577e-05,3.035982e-05,2.344347e-05,8.324994e-06,1.1608489e-05,3.507436e-06,2.3896962e-05,2.3937706e-05,7.957032e-06,2.3018018e-05,1.7420482e-05,1.0672689e-05,0.008772853,0.0039260075,2.60971e-06,6.4232513e-06,3.0294657e-05,2.0333566e-05,2.9831233e-05,6.684028e-06,1.19917095e-05,2.5208588e-05,2.4198202e-05,0.009056359,2.0451609e-05,0.009430734,3.6999445e-05,2.1029142e-05,9.1078955e-06,5.9146832e-06,0.011550464,3.289419e-05,1.7055188e-05,1.4075626e-06,1.6014594e-05,2.1950089e-05,3.896803e-05,2.8974728e-05,2.9279809e-05,3.2512224e-05,3.7394584e-05,1.858857e-05,3.262648e-05,1.1669114e-05,1.044656e-05,4.1350345e-06,3.0741772e-05,1.4570172e-05,1.4771297e-05,0.015203043,1.4950679e-05,1.688292e-05,2.2884964e-05,1.1110106e-05,1.5936354e-06,1.4739673e-05,2.1379516e-05,2.1757896e-06,1.3588388e-05,5.4506545e-06,3.2374814e-05,2.8296996e-05,3.4424836e-05,0.01370872,0.0020240285,1.5590116e-05,2.374635e-05,9.5329915e-06,2.4538964e-05,2.6282627e-05,0.004379115,0.02548278,9.335963e-06,2.4223935e-05,1.6095217e-05,3.4329765e-05,1.5374055e-05,1.5100966e-05,2.3242084e-05,1.982886e-05,2.8448778e-05,0.00859404,0.0017261212,2.4847943e-05,3.7761936e-05,3.591391e-05,7.3540737e-06,3.1952753e-05,2.5320758e-05,8.2438855e-06,1.3602007e-05,6.3307075e-06,0.0,1.6480943e-05,8.277832e-06,4.213294e-06,1.5072933e-05,5.473675e-06,2.7931577e-05,1.4320106e-05,1.018119e-05,0.0566243,3.840741e-06
0.004891252,0.005324201,0.0082122125,0.00014647542,0.008440629,0.002166689,0.005506259,0.008880246,0.0065247645,0.006241182,0.007020711,3.7146376e-05,3.7601578e-05,0.0071405964,0.0088413805,0.007791073,0.0069146575,0.006996889,0.0025796145,0.009814008,0.009507307,4.1521263e-05,0.005256721,0.0060278894,4.1962925e-05,3.857046e-05,0.005323414,4.082452e-05,0.0056462474,3.5808156e-05,0.010462737,3.860946e-05,0.010007816,0.009355581,4.2176303e-05,0.007533775,0.004326953,0.008718173,0.0067811296,0.00061005005,3.639582e-05,3.6323258e-05,3.7055142e-05,0.008572157,3.969946e-05,0.0013137431,0.009358552,0.007804825,3.500856e-05,0.0073153144,3.939188e-05,0.0076309224,0.0036438885,0.009366394,0.009096965,0.0076647736,0.009619434,0.0025591021,0.006779184,3.790005e-05,0.0050173015,0.0014142805,0.0067106057,0.0053269435,0.0036806965,0.008298508,0.0071986965,0.0023136446,3.2744556e-05,0.0020550247,0.008677331,0.008680425,0.008781369,3.733752e-05,3.8690338e-05,0.0026285835,0.009149968,0.009331953,0.0094231125,0.006839263,0.0064653014,3.4920413e-05,0.006345484,0.006619694,0.008801623,0.0047980784,0.008001349,4.029265e-05,0.009435995,0.009963647,3.7652284e-05,0.0072240364,0.004309547,0.006207329,0.0013216853,0.0034317805,0.0029542176,0.0026164867,0.006300268,2.9338162e-05,0.0,3.9697698e-05,0.0014089473,0.008537,4.1301646e-05,3.6898724e-05,0.005755441,0.001960604,0.018408818,3.3957007e-05
0.0036425765,0.0042658504,0.007842861,3.782162e-05,0.008220085,0.0013679005,0.0047175824,0.008430661,0.0058570025,0.005452863,0.006608472,3.424678e-05,3.3224194e-05,0.0067173927,0.0090883365,0.007374944,0.006380098,0.0066336906,0.0015454544,0.010578646,0.009952932,3.4638575e-05,0.004196705,0.0053101988,3.8911312e-05,3.634019e-05,0.0047037927,3.657166e-05,0.004980539,2.9104087e-05,0.010797175,3.370497e-05,0.010758018,0.009633404,3.4517463e-05,0.0066889147,0.003901581,0.010728214,0.0063665174,3.698051e-05,2.7166603e-05,2.8437526e-05,2.5997855e-05,0.008621148,3.8036076e-05,3.9928196e-05,0.009454303,0.0069707823,2.7552836e-05,0.0070537273,3.428492e-05,0.0073359455,0.0025441255,0.009615343,0.009487828,0.007366914,0.010996643,0.0019781275,0.00615998,3.1785137e-05,0.0044070533,3.398483e-05,0.0062360913,0.0042737266,0.0023478642,0.008830941,0.006734887,0.0019161272,3.20758e-05,0.0010134322,0.0107987365,0.009872282,0.008368987,3.4688223e-05,3.8064038e-05,0.0017497673,0.009134638,0.00973855,0.011640832,0.006243495,0.0055103917,3.2834607e-05,0.005956198,0.0058387537,0.009276626,0.0038441431,0.0075535704,3.7679234e-05,0.01011633,0.0100925,3.8157028e-05,0.006775921,0.004915769,0.0057391496,3.5561377e-05,0.0028042605,0.0016993448,0.0012094579,0.0056050667,2.85063e-05,3.6404792e-05,0.0,0.00045465556,0.00839437,3.8288435e-05,3.308082e-05,0.0053067324,0.0020433317,0.020629764,3.2983982e-05
0.0046852636,0.005089746,0.008223157,3.569099e-05,0.008516912,0.0024877393,0.005304939,0.008942742,0.006428878,0.0060013877,0.0069073634,4.0790997e-05,3.834789e-05,0.0072158277,0.009083023,0.007604563,0.006817934,0.0068241036,0.002549873,0.0103864055,0.009788832,3.3603566e-05,0.0052239485,0.0058804727,4.1504587e-05,3.831195e-05,0.0054084444,3.8453072e-05,0.005644093,3.3824483e-05,0.010800032,3.0595038e-05,0.010572297,0.009652553,3.897195e-05,0.0077061784,0.0046937256,0.010091007,0.0066942275,0.0006928409,2.8388864e-05,3.447888e-05,2.6237385e-05,0.0086820545,3.4689747e-05,0.0011443587,0.009505783,0.007751988,2.9659132e-05,0.0074316836,3.6938876e-05,0.0075744446,0.0034390348,0.009608722,0.009440273,0.0076864962,0.010612858,0.0031225835,0.006771034,3.6168454e-05,0.004949598,0.001011833,0.00670203,0.0053128493,0.0035810003,0.008732998,0.007188324,0.0030139938,3.349626e-05,0.002083941,0.01006374,0.009630369,0.008905928,3.9074137e-05,3.4366265e-05,0.002798891,0.009223466,0.009556709,0.010231835,0.0067971405,0.006512335,3.5761288e-05,0.006572897,0.0062423213,0.009115825,0.0045378734,0.007825835,3.5831243e-05,0.009868208,0.010191882,3.5468987e-05,0.007329458,0.0054355296,0.006410693,0.001409788,0.003569948,0.0025245834,0.0023364304,0.006211715,2.3191116e-05,0.00054394244,0.0001373228,0.0,0.008548343,3.6115125e-05,3.240101e-05,0.005955814,0.003062314,0.019197308,3.289066e-05
0.010743765,0.010780201,0.013211656,0.0063438583,0.013580494,0.008422753,0.011003149,0.013815439,0.011768516,0.011756097,0.012122805,0.006499905,0.0036564604,0.012691082,0.01334062,0.01272453,0.011858453,0.012058439,0.008870376,0.013700584,0.013958901,0.0030249294,0.011128386,0.011311272,0.0064542936,0.0025270183,0.011407562,0.0061364523,0.011218445,3.2829998e-05,0.014965455,3.206687e-05,0.013944438,0.013893901,0.0062053734,0.012987656,0.010528272,0.012184552,0.012018781,0.0071019675,3.074112e-05,2.7244409e-05,2.6106149e-05,0.012972975,0.005221877,0.0076012514,0.013709288,0.012879764,2.9652972e-05,0.011986876,0.0030038098,0.012616168,0.009191634,0.013771738,0.013056159,0.012579504,0.014013463,0.008995896,0.0119078355,0.0024674842,0.010917555,0.007569408,0.011807371,0.011187826,0.009620864,0.012711501,0.01204127,0.008762683,2.9379666e-05,0.008438868,0.01260369,0.012970413,0.013897016,0.0053041014,0.0057919067,0.008877156,0.013916868,0.013519772,0.012892695,0.01213547,0.012222389,0.003939657,0.012094825,0.011806268,0.0129511915,0.010297832,0.013032795,0.005455747,0.013610647,0.014362813,3.220399e-05,0.012426216,0.010737202,0.011849861,0.007581157,0.0096084345,0.008965943,0.008581884,0.011547277,2.9687411e-05,0.006995454,0.006688688,0.0076060737,0.0,0.0062389546,3.29875e-05,0.011486802,0.008491091,0.019675456,3.3378885e-05
0.004636127,0.0050140927,0.007718887,0.0002651815,0.007848709,0.0017273419,0.0054144077,0.008431649,0.006097212,0.006167493,0.006736402,3.129542e-05,2.571564e-05,0.0066237156,0.008346202,0.0074822437,0.0068682367,0.007209113,0.0024019394,0.0090570245,0.008856992,2.3353898e-05,0.0048493636,0.0057562324,4.541773e-05,2.6074438e-05,0.004952413,2.6955631e-05,0.0055963797,2.5667376e-05,0.010140518,2.7257933e-05,0.009421943,0.008839851,0.00025904036,0.0068989485,0.0042458023,0.008686926,0.006638989,0.00024714982,2.6227834e-05,2.8276747e-05,2.0970798e-05,0.008029261,2.932855e-05,0.0014429333,0.008789788,0.0072365697,2.0749403e-05,0.0068898043,2.9284662e-05,0.0074076615,0.0037043367,0.00884736,0.008486511,0.0072659,0.00943694,0.0021835493,0.0066509773,3.084578e-05,0.004760674,0.0019317308,0.0065405145,0.005121519,0.003403289,0.007841214,0.0070657623,0.0016741663,2.5624775e-05,0.001829757,0.008658118,0.008347122,0.0083343815,0.0003320208,2.533437e-05,0.0019210832,0.008849746,0.008650022,0.009491441,0.0065022376,0.0061290176,2.4253248e-05,0.0058962936,0.006483597,0.008367227,0.0047633415,0.0074989595,3.093478e-05,0.008914417,0.00939031,2.9342951e-05,0.0069677476,0.00269655,0.005860302,0.00089346623,0.0030444125,0.0038897179,0.0031162302,0.006075336,2.0114818e-05,0.00032303034,2.573426e-05,0.0005492491,0.008349367,0.0,2.4619225e-05,0.0047451863,3.251294e-05,0.018717993,2.8038585e-05
1.7258679e-05,3.5210425e-05,0.0010653777,2.6894253e-05,0.0016758862,3.9489147e-05,2.7150038e-05,0.0039457018,3.179325e-05,4.00347e-05,3.0838844e-05,1.7497334e-05,1.6028904e-05,4.2231313e-05,0.004906037,2.2112577e-05,4.1513795e-05,2.7953742e-05,1.4764363e-05,0.011882473,0.009682977,1.5114401e-05,3.4616518e-05,2.654072e-05,3.1667783e-05,2.520351e-05,3.0417139e-05,1.6909251e-05,3.527413e-05,1.9934365e-05,0.011885534,2.839583e-05,0.012204462,0.005638277,3.8185386e-05,2.955406e-05,2.3524533e-05,0.013625773,3.7716956e-05,1.3569921e-05,2.201356e-05,6.3637226e-06,2.4469977e-05,0.003479798,2.5144327e-05,3.664786e-05,0.006176123,2.3096349e-05,2.7844524e-05,2.5089215e-05,1.5358211e-05,2.8574883e-05,3.9849663e-05,0.0072167567,0.0065513467,2.7385107e-05,0.014787057,3.8794125e-05,4.0614774e-05,3.69127e-05,2.6042115e-05,3.5616627e-05,3.575143e-05,3.6257097e-05,3.7353693e-05,0.0054123923,3.4275534e-05,3.8793696e-05,2.5683523e-05,3.756666e-05,0.014408929,0.008963908,0.003719638,2.1582397e-05,2.8069328e-05,2.1667698e-05,0.0041996622,0.009849672,0.020473858,3.8855804e-05,3.883227e-05,2.8963745e-05,3.4076646e-05,2.6929896e-05,0.00490261,4.0647814e-05,4.1886397e-05,2.613022e-05,0.011884261,0.009065495,2.3325414e-05,2.892191e-05,3.5695342e-05,3.7600552e-05,2.0199557e-05,3.601122e-05,3.671728e-05,3.5411213e-05,3.2628603e-05,3.388992e-05,1.3402622e-05,1.6514314e-05,1.7915918e-05,0.0018896342,1.2280887e-05,0.0,2.197264e-05,1.6460874e-05,0.038824808,1.0120504e-05
0.007374327,0.007562939,0.009984737,0.0029117963,0.010550898,0.005623442,0.007932151,0.010748759,0.008620899,0.008330136,0.008840422,0.0029926384,3.9010432e-05,0.009676924,0.010597896,0.009731175,0.008821811,0.008803096,0.005336896,0.011277247,0.01093231,4.0685307e-05,0.007956481,0.008306041,0.0025722736,3.9353752e-05,0.007834821,0.003345258,0.007944218,3.305056e-05,0.011977567,3.5395708e-05,0.0115606785,0.0111993635,0.002453599,0.009964877,0.0076753963,0.010516967,0.008945276,0.0038406265,3.1439507e-05,2.9569412e-05,2.8144454e-05,0.010224762,0.0022361795,0.004042998,0.010846301,0.009990074,2.8168834e-05,0.009065424,3.9243485e-05,0.009478071,0.00605449,0.011080955,0.010604362,0.009563065,0.011359196,0.006153269,0.008877291,3.6931382e-05,0.007654841,0.0040430534,0.008902,0.008079526,0.0064236983,0.010159486,0.009158152,0.0062435423,3.2128904e-05,0.005139918,0.010561617,0.010573473,0.010800068,0.001636213,0.0018565254,0.0060286415,0.010854039,0.0107421735,0.010193144,0.009370579,0.009198756,0.0003718072,0.009069758,0.008613889,0.010448687,0.007218389,0.010105389,0.002005222,0.010776617,0.011611225,3.7713045e-05,0.009273191,0.008422433,0.008589914,0.00477628,0.0067593264,0.005224263,0.0049081636,0.008233782,3.131418e-05,0.0037125756,0.0035637051,0.004893134,0.010580344,0.0024551388,3.4094017e-05,0.0,0.0065214965,0.01803402,3.42015e-05
0.0044179847,0.0046643405,0.007961323,4.2367894e-05,0.008415566,0.0025475288,0.0050425497,0.008962596,0.006028229,0.0056324233,0.0069468506,4.9495597e-05,3.7104957e-05,0.00714123,0.01009606,0.0074463617,0.0070350063,0.0067263213,0.0023017263,0.011832438,0.010946131,4.3423137e-05,0.0051134042,0.005422232,4.9349157e-05,4.273464e-05,0.005136736,0.00081554183,0.005165672,4.035814e-05,0.011090787,3.550998e-05,0.012039758,0.010253128,4.7973095e-05,0.0074839606,0.0046004904,0.012673028,0.0064893863,0.00070682797,3.608064e-05,3.5556495e-05,3.2427488e-05,0.009451319,4.6049197e-05,0.00044533747,0.01043635,0.007555081,3.1059513e-05,0.008042219,4.3215507e-05,0.0073755397,0.002736798,0.0105816405,0.010643633,0.0075721536,0.012218082,0.0033248514,0.0062627853,4.3159303e-05,0.0047620623,0.0001348083,0.006201649,0.005175786,0.0033330612,0.010057618,0.0073988615,0.0035251493,3.0788884e-05,0.0018626474,0.01271301,0.01124836,0.008888335,4.2781958e-05,4.448097e-05,0.0032453532,0.009179351,0.010798602,0.01416379,0.0064743035,0.0063251327,4.4349184e-05,0.006510764,0.0058736033,0.010340549,0.004283029,0.0076970765,4.8440685e-05,0.011218135,0.010577953,3.7785612e-05,0.006863329,0.006867369,0.0060137208,0.0019665824,0.0037319413,0.001642797,0.0012298711,0.0059474404,3.4998793e-05,0.00033282654,0.0006377365,0.0020820668,0.008329632,4.405008e-05,3.5839636e-05,0.006276823,0.0,0.02213463,3.4446362e-05
0.026420873,0.026016064,0.027831582,0.023625113,0.027985178,0.025912497,0.025957525,0.028432578,0.026712276,0.02724818,0.02744679,0.02530356,0.021442842,0.027657399,0.028290182,0.02736136,0.026745152,0.027124282,0.026632668,0.030564016,0.029625764,0.023414174,0.027030976,0.026809825,0.02603201,0.025899535,0.027641708,0.025955308,0.026733505,0.020559534,0.031549886,0.022001563,0.030630505,0.02922487,0.024864765,0.027669566,0.026867699,0.029844576,0.027338693,0.025533179,0.020924928,0.020917404,0.01873931,0.028150903,0.02440102,0.02556994,0.029417558,0.027417634,0.018831894,0.0261927,0.02380058,0.027583063,0.025404878,0.028558068,0.02870673,0.027497891,0.03069024,0.02621743,0.026952086,0.023130812,0.027227484,0.025203593,0.026844641,0.026698329,0.026210558,0.028476492,0.027028024,0.0257892,0.020559946,0.025672313,0.030146563,0.0291985,0.028378401,0.022446962,0.025740495,0.025846478,0.028519813,0.029049614,0.031326495,0.02692601,0.0269027,0.023323376,0.027298583,0.02656503,0.028306136,0.025165543,0.027400477,0.025984863,0.029574255,0.029171186,0.021148935,0.027402326,0.027132243,0.027716227,0.025171386,0.026089331,0.026026353,0.025730306,0.026725972,0.017138656,0.025218343,0.02559434,0.025536444,0.029105168,0.02487741,0.020202033,0.027136544,0.02504548,0.0,0.020603687
3.4942994e-05,2.1011434e-05,0.0024628968,1.10278625e-05,0.0029830097,2.248897e-05,3.5100595e-05,0.0051818443,2.2785172e-05,1.6124482e-05,1.8675e-05,2.2222333e-05,2.3008559e-05,2.0296138e-05,0.0059799035,2.6311644e-05,3.2784443e-05,3.0060959e-05,1.2585844e-05,0.012428016,0.010245243,8.112795e-06,1.91985e-05,3.3358072e-05,1.3926451e-05,2.1167809e-05,2.3067001e-05,2.3186405e-05,2.9270748e-05,3.0165756e-05,0.0122855995,2.0909367e-05,0.012870721,0.006676629,1.0693234e-05,2.2939517e-05,2.9831559e-05,0.01453676,3.2202704e-05,1.9826526e-05,1.893826e-05,1.8604209e-05,2.6139747e-05,0.004679357,3.310228e-05,2.4981542e-05,0.0070938813,2.472318e-05,1.1474681e-05,2.2236003e-05,3.2633146e-05,3.593426e-05,1.5575006e-05,0.008102752,0.00772301,1.8412517e-05,0.014894088,2.9784003e-05,1.9314914e-05,2.2361724e-05,2.5911795e-05,2.3549612e-05,3.284935e-05,1.7589015e-05,2.991306e-05,0.0064138714,2.5470252e-05,1.7761657e-05,2.9930541e-05,2.1185815e-05,0.015345926,0.009900596,0.0050932886,1.7662316e-05,1.568064e-05,3.171909e-05,0.005267929,0.010602326,0.020905044,3.346945e-05,3.4949222e-05,1.1624171e-05,1.4550525e-05,2.2273089e-05,0.0061837216,2.6133375e-05,2.3990799e-05,2.506421e-05,0.012146882,0.009720423,1.466706e-05,3.3009368e-05,3.395448e-05,1.523313e-05,2.0190733e-05,3.5254146e-05,1.8434257e-05,1.5712465e-05,3.2999516e-05,1.5466394e-05,2.7901253e-05,2.1809603e-05,3.1555566e-05,0.0033997858,2.2674792e-05,7.826818e-06,3.102791e-05,2.7160193e-05,0.03775713,0.0
