1,2,3,4,5,6,7,8,9,10,11,12,13,14,15,16,17,18,19,20,21,22,23,24,25,26,27,28,29,30,31,32,33,34,35,36,37,38,39,40,41,42,43,44,45,46,47,48,49,50,51,52,53,54,55,56,57,58,59,60,61,62,63,64,65,66,67,68,69,70,71,72,73,74,75,76,77,78,79,80,81,82,83,84,85,86,87,88,89,90,91,92,93,94,95,96,97,98,99,100,101,102,103,104,105,106,107,108,109,110
0.0,0.9958545,-0.0024021203,-0.0024278658,-0.0028468904,0.9957823,1.4029251e-07,-0.0022251233,1.4734599e-05,0.99587274,-0.0025496266,-0.0024207276,-0.0020640122,-0.0016299462,1.6958711e-05,-0.0016857679,-8.576171e-06,-0.0024122868,0.9958736,1.9341456e-05,-0.0008401061,-0.00252143,-0.0011502083,-0.00015330613,-0.0014210743,-0.0020707767,-0.0026123475,-0.00014526153,-0.0018391843,-0.0005513901,-0.001419701,-2.9641786e-05,-0.0028425104,-0.0007642492,-0.00036927994,-0.00075516675,-0.00075076934,-0.002798131,-1.1442731e-05,-0.0002966416,-0.00019685594,-7.193676e-07,-0.00014516598,-2.7616206e-05,-0.0021999218,-0.0021854304,-0.0026298522,-0.00056596304,-0.0013815498,-0.0009777618,-0.0007314018,-0.002427788,-0.001074827,-0.0027152149,-0.0021627976,-2.913313e-06,-0.0024251603,-0.0007258095,-0.0015618848,-2.303121e-05,-0.0024402626,-0.0025597478,-0.002485817,-0.00079289236,-0.0021791942,-3.382721e-05,-0.0021291624,-0.00075240014,1.2194463e-05,-0.001642937,-0.0024379508,-0.0023293498,-4.49258e-06,-9.695946e-06,-0.0024752996,-0.000112191774,-0.0021834362,-0.0027306406,-0.0010178488,0.9958039,-7.2905023e-06,-0.002143556,-0.00027950894,-2.5229352e-05,-1.7783606e-05,-4.1335978e-05,-1.9643761e-05,-0.002336023,-0.0027192335,-0.0011412239,0.9958759,-0.00099782,-2.6045556e-05,-0.0028772277,2.1545345e-06,-5.3440804e-06,-0.0005188396,-0.0020632613,-2.9571886e-05,-0.0025492115,-0.0012272958,2.4239628e-06,-0.00069783774,-2.0956804e-05,-2.5298918e-05,-0.00080332963,-2.1292695e-05,-1.018387e-05,-3.3793516e-05,1.268547e-06
0.00020701152,0.0,0.00026562862,0.00026074747,0.00021258049,1.000922,3.3721793e-05,0.00024446775,-7.844798e-05,1.0015217,0.00026750396,0.00028057824,0.00024931677,0.00025132645,-2.0027477e-05,0.00025861998,3.118645e-05,0.00026744412,1.0015277,3.2019838e-05,0.00022407265,0.00026583398,0.0002587829,0.00020104066,0.00026322398,0.0002389785,0.0002559736,0.00022082608,0.0002582572,0.00022989837,0.0002539761,0.00015180187,0.00021899892,0.00025661374,0.00019588044,0.00026535284,0.00026761985,0.00022513323,-0.00025569866,0.000202746,0.00019996779,0.00015212437,0.00021522744,0.00018725665,0.00024102285,0.0002477568,0.0002567493,0.00023584708,0.00026293364,0.00025510634,0.00025980824,0.000247512,0.00026390175,0.00025929385,0.00023390264,0.00012463203,0.000261023,0.00025749742,0.00026020838,8.768154e-05,0.0002595289,0.00026053243,0.00026330748,0.00026192985,0.00023370858,0.00015906377,0.0002498702,0.00026571978,-0.00010860644,0.00025320228,0.00028133314,0.00024897844,3.9059734e-05,0.00018340925,0.00026782678,0.0001936603,0.00025452668,0.00024558508,0.00025428602,1.0011024,1.897034e-05,0.00024877087,0.00022664185,0.0001746688,5.1086343e-05,0.0001734517,0.00012309456,0.00023515089,0.00025055153,0.00026072215,1.0015182,0.00025852415,0.00016132768,0.00020377612,0.000193884,-0.0005744075,0.00023001492,0.00024864293,0.00011914396,0.00027370875,0.00025742364,0.00017924132,0.00023429425,0.00011780954,4.582779e-05,0.00026501258,-0.00021034652,0.00014764049,0.00010166567,9.628722e-05
0.0035129387,1.0014348,0.0,0.0041849683,0.0042644446,0.99982524,0.0029720557,0.0041849636,0.002973756,1.0011023,0.004221733,0.0042081997,0.004089432,0.003988098,0.0030122253,0.0043311175,0.0029604007,0.0042300895,1.0009359,0.0029874519,0.0037693402,0.0042078,0.0039164657,0.0035638218,0.003940399,0.004113793,0.0042336145,0.0036099663,0.004351845,0.0037941663,0.003903322,0.0032283908,0.0042731464,0.0037763573,0.003658306,0.0037584247,0.0037773475,0.0042620166,0.0030702772,0.0036334414,0.0035866476,0.003269871,0.0035897053,0.0034225718,0.0041489857,0.0044472613,0.0042210603,0.0037597409,0.003946512,0.0038418972,0.0037815215,0.004408909,0.0038602906,0.004236627,0.004141968,0.0031801204,0.0041933563,0.0037703144,0.0039808373,0.0031038895,0.0041809934,0.004240142,0.004203612,0.0037856533,0.004162127,0.0032240024,0.004413592,0.0037479703,0.0030392976,0.004078094,0.0045089927,0.0041596857,0.003000393,0.0034374888,0.0042544114,0.0035608339,0.004105431,0.0042671794,0.0037909292,0.99986136,0.0030047991,0.0041010114,0.0036728897,0.003379762,0.0029978736,0.0033884433,0.003151294,0.0041923164,0.0042487863,0.003923829,1.0011932,0.0038403666,0.00333073,0.0042893146,0.003374681,0.003532995,0.003721033,0.004101515,0.0032228627,0.0041976045,0.0039058456,0.0034407866,0.003804916,0.0031377478,0.0030294885,0.003759086,0.0030736024,0.0032850665,0.0030692678,0.0031457914
0.0034602173,1.0013568,0.004475491,0.0,0.0042391177,0.9996875,0.0029064633,0.0042569963,0.0028880679,1.0009762,0.0041977977,0.0041809357,0.004034686,0.004267414,0.0029244944,0.004304612,0.0028971746,0.0043141916,1.0008401,0.0029035534,0.0037480202,0.0041799345,0.003911634,0.0035089147,0.003901352,0.004079926,0.004201942,0.003528802,0.004327728,0.0037372652,0.0038839753,0.003159294,0.00424447,0.003738171,0.0036017466,0.0036863224,0.003730792,0.004227828,0.0029953257,0.0035741187,0.0035245048,0.0032280493,0.0035184396,0.0033668713,0.0044153677,0.0044269743,0.004508273,0.0037159577,0.0039018444,0.0038023333,0.003733551,0.0044754543,0.0037954282,0.0041939327,0.004096202,0.0031031326,0.004201142,0.003715511,0.003943896,0.0030111673,0.0041442737,0.0042504864,0.004477353,0.003742198,0.004398406,0.003152961,0.004373383,0.0036930947,0.0029556793,0.0041973796,0.004494034,0.0044519627,0.0029190872,0.0033675837,0.0042638797,0.0034968103,0.0043949583,0.004228822,0.0037380767,0.99980474,0.0029037956,0.0043869736,0.0035971398,0.003320394,0.0029387437,0.003344456,0.0030743103,0.004454942,0.004221863,0.003906682,1.0011038,0.0037886563,0.0032730068,0.0042708996,0.0033130154,0.0034293004,0.0036694312,0.004069553,0.003154453,0.004488264,0.0038484265,0.0033549624,0.003757898,0.0030512752,0.002910093,0.0037024696,0.0029770324,0.0031914136,0.0029867496,0.003052675
0.0051925927,1.0040904,0.0053349193,0.005341632,0.0,1.003466,0.005046794,0.00533887,0.0050688162,1.0039994,0.005344882,0.0053418786,0.0053173206,0.0052891755,0.005075427,0.0052975044,0.0050144424,0.0053494996,1.0039666,0.0050415243,0.0052343113,0.005340375,0.0052633123,0.005206874,0.005281817,0.005317145,0.005340277,0.005200401,0.005309975,0.005254895,0.005280647,0.005076762,0.005328108,0.0052240463,0.0052084243,0.0052125948,0.005218947,0.0053236564,0.005222496,0.005206617,0.005200622,0.0051014563,0.005198559,0.005148504,0.005336608,0.0053301286,0.005334742,0.0052545397,0.0052780844,0.005239849,0.0052431687,0.0053589265,0.0052498514,0.005332296,0.0053181564,0.0050686453,0.0053409557,0.0052192123,0.0052921204,0.0050535896,0.005351401,0.0053489334,0.005336131,0.005226914,0.0053215874,0.0050689094,0.0053135306,0.00521225,0.0051409206,0.0052913665,0.0053457315,0.0053436095,0.0050447923,0.0051428396,0.005350513,0.005183124,0.005324441,0.005336371,0.0052293874,1.0035619,0.005056044,0.0053179874,0.005221497,0.005128398,0.0050273268,0.005145501,0.005063239,0.005355213,0.005341263,0.005262759,1.0040314,0.005243779,0.005120357,0.0053251814,0.005124591,0.005631908,0.0052390182,0.00531626,0.00507174,0.0053382567,0.0052678175,0.005138298,0.0052701305,0.0050503816,0.0050486336,0.0052008578,0.005190732,0.0050921454,0.005022855,0.0050506704
-0.0027386143,0.99851775,-0.0034584452,-0.003492641,-0.0035664455,0.0,-0.0025443158,-0.0034197182,-0.002628206,0.9985065,-0.003530008,-0.0034647323,-0.0033394245,-0.0032496303,-0.0025897594,-0.0032506713,-0.002571057,-0.003474742,0.9985337,-0.002515501,-0.003073644,-0.0035152473,-0.003115351,-0.002792945,-0.0031689245,-0.0033834134,-0.003546452,-0.002793099,-0.0033128033,-0.0029632815,-0.003164409,-0.002611754,-0.0035792326,-0.0029644812,-0.0029370065,-0.0029393744,-0.002945045,-0.0035664658,-0.0027300813,-0.0029188916,-0.0028513025,-0.0026923055,-0.002782852,-0.0027388341,-0.003416734,-0.0033990515,-0.0034895733,-0.0029504448,-0.003145959,-0.0030505182,-0.002948126,-0.0034844482,-0.0030289001,-0.0035186622,-0.003430593,-0.0025776732,-0.0034967694,-0.002947403,-0.003216781,-0.0025149565,-0.0034752025,-0.0034974865,-0.003498274,-0.002955179,-0.0034438658,-0.0025643369,-0.0033651271,-0.0029280009,-0.0026715458,-0.003263169,-0.0034686013,-0.0034693931,-0.0025566744,-0.0027156235,-0.003491581,-0.0027927887,-0.0034093466,-0.0035299908,-0.0030519308,0.99810946,-0.0025725388,-0.003420177,-0.0028234194,-0.0026905355,-0.0025376508,-0.0027416225,-0.0025409493,-0.003467554,-0.0035573335,-0.0031485984,0.998525,-0.003014096,-0.0026715032,-0.0036041825,-0.0026506942,-0.0029354403,-0.0029566183,-0.0033724862,-0.0026637136,-0.0034800025,-0.0031041086,-0.0027432782,-0.0030027563,-0.0025307601,-0.002479118,-0.0029638095,-0.002686707,-0.0026067467,-0.0025291515,-0.0025591697
-0.0038524636,0.99571985,-0.0043065967,-0.0043156534,-0.004360093,0.9955419,0.0,-0.004278071,-0.003643985,0.995713,-0.004335807,-0.004319086,-0.0042364313,-0.0041568433,-0.003618747,-0.004170566,-0.0035930292,-0.004313641,0.99570113,-0.0036519407,-0.0040243147,-0.0043274313,-0.0040772706,-0.0038558445,-0.0041316296,-0.0042441646,-0.0043429197,-0.0038867656,-0.0042028823,-0.003991789,-0.004120497,-0.003705178,-0.0043643313,-0.003992026,-0.0039359536,-0.0039803255,-0.0039854557,-0.00435237,-0.003817542,-0.0039218646,-0.003899543,-0.0037113454,-0.0038747233,-0.0038023314,-0.0042679347,-0.00426478,-0.0043361215,-0.0039807516,-0.0041140085,-0.0040309895,-0.004002796,-0.0043153246,-0.004059957,-0.004347913,-0.0042625545,-0.00366514,-0.0043078237,-0.003980823,-0.0041565797,-0.0036365716,-0.0043207835,-0.0043307785,-0.0043127714,-0.0039933175,-0.0042566005,-0.0037100022,-0.004254896,-0.0039788545,-0.0037363125,-0.0041683787,-0.004319977,-0.004302869,-0.0036358212,-0.0038160672,-0.0043277172,-0.0038562175,-0.0042653736,-0.004351908,-0.0040221754,0.9956044,-0.00364101,-0.0042570936,-0.003921447,-0.003769354,-0.0035896958,-0.00379405,-0.0036645834,-0.004303869,-0.004353451,-0.004075164,0.9957189,-0.004035235,-0.0037495631,-0.0043682237,-0.0037712415,-0.0046829726,-0.003975076,-0.004237346,-0.0036833007,-0.004330262,-0.004089022,-0.0037846921,-0.0040039713,-0.0036523016,-0.0036516117,-0.0039877617,-0.0037812474,-0.0036995967,-0.0036325613,-0.0036253645
0.0020472144,0.998446,0.004211907,0.0041700373,0.00436306,0.9962585,0.0002473515,0.0,0.00020039313,0.9981079,0.0042348434,0.004185832,0.003943718,0.003645366,0.00028609423,0.003703092,0.00026095985,0.0042009116,0.9978724,0.00027543018,0.002862574,0.0042118523,0.0033524039,0.0022043667,0.0034824414,0.003981665,0.0042663473,0.0023568533,0.003752681,0.0029135586,0.0033719998,0.0010305569,0.004371215,0.0029107356,0.0025332463,0.002985826,0.0029292903,0.004358117,0.00017422809,0.0024384877,0.002259046,0.0009924482,0.002305603,0.0018603033,0.004016967,0.0040027,0.0042936825,0.0027419126,0.0035188838,0.0031733091,0.0029430427,0.0041849026,0.0032585463,0.004316861,0.004042753,0.0007897818,0.004170677,0.0029674722,0.003592715,0.0005314333,0.0041591325,0.0042708647,0.004205992,0.0029488064,0.0040172236,0.0010284832,0.0039247414,0.002935672,0.0002070542,0.0036974722,0.004158723,0.004127208,0.00029399002,0.0018718193,0.0042532007,0.002200625,0.0039856243,0.004352056,0.0030767804,0.9963258,0.00027213997,0.0039884006,0.0025516264,0.0016377969,0.00036512405,0.0017006645,0.000742191,0.0041375635,0.0043101693,0.0033523834,0.9981707,0.0031706335,0.0016454116,0.004391428,0.0017369756,0.00054363516,0.0026857406,0.003941545,0.00096317177,0.0042230124,0.0033919087,0.0019620797,0.002910973,0.0006297223,0.0003464835,0.0029651404,0.0002418239,0.0010597284,0.0005177647,0.00071631407
-0.0046090595,0.9953908,-0.0048542796,-0.004865494,-0.0048671626,0.9951939,-0.0044825412,-0.0048474376,0.0,0.9953712,-0.0048754606,-0.004867576,-0.0048216814,-0.0047763796,-0.0045165843,-0.004784696,-0.004468643,-0.0048685535,0.9953587,-0.0045047547,-0.0047082175,-0.004872373,-0.004730818,-0.0046125096,-0.004764262,-0.0048262253,-0.0048776018,-0.0046211225,-0.004806937,-0.0046912697,-0.0047660964,-0.00451059,-0.004871492,-0.0046812845,-0.0046598483,-0.0046626003,-0.0046747546,-0.0048626587,-0.0047274693,-0.004654724,-0.0046419483,-0.004539561,-0.0046178745,-0.004582407,-0.0048385505,-0.0048389444,-0.004870086,-0.0046893377,-0.0047595706,-0.0047010384,-0.0046912376,-0.00487302,-0.004716387,-0.0048728683,-0.004835833,-0.004485177,-0.0048641115,-0.0046653715,-0.0047825137,-0.0044882977,-0.0048758565,-0.004868754,-0.004861024,-0.0046777865,-0.0048318366,-0.004510113,-0.004832493,-0.004667529,-0.004628632,-0.004781455,-0.0048706196,-0.004865874,-0.004490112,-0.004576504,-0.0048723468,-0.004610145,-0.0048420746,-0.004867929,-0.0046987194,0.9952392,-0.00450521,-0.0048350673,-0.0046441006,-0.0045572035,-0.004456358,-0.0045749196,-0.0044847587,-0.004863931,-0.004875367,-0.004729593,0.9953811,-0.004701672,-0.0045456714,-0.0048688613,-0.004553121,-0.005564244,-0.004686056,-0.0048218276,-0.004502485,-0.0048714257,-0.0047375383,-0.004561036,-0.004700281,-0.004496295,-0.004496869,-0.0046695066,-0.0046756063,-0.0045032804,-0.004470307,-0.0044633113
5.997047e-06,1.0015856,-6.057786e-05,-7.208914e-05,-0.00013923443,1.0008574,-0.00023257121,-8.386642e-05,-0.00043915675,0.0,-6.9909045e-05,-4.2089985e-05,-5.8821006e-05,-2.5110792e-05,-0.0003793677,-1.4729487e-05,-0.0002527999,-6.169443e-05,1.0015543,-0.00023716157,-2.4956264e-05,-6.600976e-05,-7.876004e-06,-1.1967213e-06,-8.2119195e-06,-7.828985e-05,-9.099474e-05,4.4469874e-07,-3.162289e-05,-7.824826e-06,-9.295707e-06,-3.415183e-05,-0.0001339963,1.2450305e-06,-3.325412e-05,8.881658e-06,8.1529715e-06,-0.00013153417,-0.0006396602,-2.5362595e-05,-1.3119688e-05,-3.932199e-05,5.3658447e-08,-1.2759391e-05,-8.730898e-05,-7.1531555e-05,-8.075787e-05,-5.618071e-06,-3.7056457e-06,3.4024813e-06,2.629588e-06,-8.9079986e-05,4.5251454e-06,-7.355902e-05,-0.00010074291,-7.766569e-05,-6.855544e-05,6.8307518e-06,-8.253933e-06,-0.00012872816,-7.1652576e-05,-7.134754e-05,-7.185005e-05,9.765617e-06,-0.000110374756,-1.7375622e-05,-5.9053466e-05,1.0885021e-05,-0.00047936875,-2.7413329e-05,-4.0279676e-05,-8.9842084e-05,-0.00022781063,-1.0842465e-05,-6.545916e-05,-1.5374582e-05,-6.251202e-05,-9.562142e-05,-2.9817936e-06,1.0010612,-0.00029392386,-7.111884e-05,-3.8263734e-06,-1.6515292e-05,-0.00019844613,-2.4343537e-05,-6.644161e-05,-0.000102597194,-9.468577e-05,-6.0171583e-06,1.0015554,2.0957905e-06,-2.6849859e-05,-0.00015281278,-1.203484e-06,-0.0010114232,-8.658667e-06,-6.283342e-05,-0.00010307131,-5.6321274e-05,-8.744255e-06,-2.569349e-05,-8.916299e-06,-7.6362776e-05,-0.0002140175,7.3574047e-06,-0.00058877113,-4.965118e-05,-9.941373e-05,-0.00010780795
0.004089655,1.002555,0.0045370143,0.0045411363,0.0045751943,1.0011476,0.0037264377,0.004520213,0.0037330808,1.0022976,0.0,0.004546537,0.004469448,0.0044001397,0.0037579415,0.004417541,0.00371518,0.004555156,1.0021945,0.0037287944,0.0042585037,0.004553153,0.004334448,0.004121515,0.004370966,0.0044795796,0.004565119,0.0041306647,0.0044320193,0.004260311,0.004356987,0.0038789315,0.0045793313,0.0042399555,0.004176491,0.0042271027,0.004235595,0.004568012,0.0038663603,0.0041585625,0.0041328305,0.0039261132,0.004123787,0.004021243,0.004508965,0.0044929073,0.0045533488,0.004243761,0.004370311,0.004288689,0.0042579463,0.0045624445,0.004305373,0.0045633987,0.0044920826,0.0038471785,0.004542503,0.004235477,0.004398185,0.003793036,0.004545282,0.0045682723,0.0045475536,0.004244927,0.0044917883,0.0038688018,0.0044665677,0.0042265216,0.0038058355,0.0044192006,0.004540696,0.0045277798,0.0037331937,0.004014303,0.0045662057,0.004107422,0.004491931,0.0045758113,0.004265495,1.0012742,0.0037403367,0.0044824732,0.0041772625,0.0039908933,0.0037329753,0.004008866,0.0038270273,0.0045400746,0.0045709214,0.0043385094,1.0023862,0.0042912383,0.0039584558,0.0045849993,0.0039841426,0.004315469,0.004219876,0.0044737076,0.0038692055,0.004547254,0.0043397136,0.004014205,0.004279707,0.003809197,0.0037373586,0.0042260485,0.0038445767,0.0039043708,0.0037625697,0.0038102092
0.003546255,1.0015427,0.0041953037,0.0041933414,0.0042704395,0.9999203,0.0030353114,0.0041871825,0.0030237925,1.0012196,0.0042274245,0.0,0.004103711,0.0040047946,0.0030564507,0.004005049,0.0030237313,0.0042311563,1.0010507,0.003033729,0.0038062204,0.004213226,0.003926057,0.0035937447,0.003954267,0.0041238363,0.004238837,0.0036190017,0.0043658195,0.0038038064,0.0039332774,0.003271977,0.0042748027,0.003787129,0.0036843235,0.0037674066,0.0037862272,0.0042653293,0.0031254976,0.0036584898,0.0036085108,0.0033298635,0.0036024794,0.0034653705,0.004135799,0.0044516777,0.004223445,0.003775213,0.0039666244,0.0038564708,0.0038032234,0.004292584,0.0038668066,0.004242725,0.0041423477,0.0032157796,0.004208043,0.003780322,0.003996787,0.0031337042,0.004201348,0.0042493925,0.004208941,0.0037868368,0.0041392604,0.0032606123,0.004088701,0.0037630876,0.0030836593,0.004056632,0.0045164106,0.0041674925,0.0030370832,0.0034523117,0.004252362,0.0035837605,0.004118668,0.0042667924,0.0038099352,1.000012,0.0030442425,0.004111766,0.0036861098,0.0034176602,0.0030562512,0.0034384823,0.0031856473,0.0041862815,0.0042512,0.0039326367,1.0013117,0.0038471338,0.0033639001,0.0042941864,0.0034037062,0.0035668185,0.0037358948,0.004107952,0.003263004,0.0042066914,0.0039162524,0.0034665668,0.0038170156,0.003166112,0.0030513464,0.0037728467,0.0031175953,0.003307712,0.0031035412,0.0031750596
0.00056039286,0.99741244,0.0040572244,0.0040166355,0.0042755227,0.9946315,3.642156e-05,0.003919476,-1.141309e-05,0.997132,0.0041031493,0.004042341,0.0,0.0033262854,2.7113607e-05,0.0034026357,2.7992119e-05,0.0040515494,0.9968916,-1.3350026e-05,0.0023035929,0.0040666815,0.0028613699,0.0008341464,0.0030666038,0.003772925,0.0041573816,0.0012938059,0.0034606617,0.002115553,0.002908671,2.3781315e-05,0.004276402,0.0022481761,0.0017240865,0.0023113408,0.0022576798,0.004256677,-9.840734e-06,0.0015216504,0.001348264,-2.2106801e-06,0.0008437091,0.0003619466,0.0038166996,0.0038075987,0.0041733105,0.0019597535,0.0031510426,0.002618458,0.0022792397,0.004036039,0.0027360744,0.0042096456,0.0038386225,3.9367947e-05,0.0040265056,0.0023003554,0.0032405374,6.6089124e-06,0.0040357653,0.004144236,0.00405758,0.0022611218,0.0038141722,4.269786e-05,0.0037206965,0.0022795142,-1.8966048e-06,0.0033743647,0.0040323804,0.003947573,3.8271883e-05,0.00029507568,0.004107581,0.0007801775,0.003788105,0.0042446177,0.0024976218,0.9954997,-1.840194e-06,0.0037813312,0.001637462,0.0002553217,8.1701e-06,0.00027271328,-2.7025903e-06,0.0039725523,0.004196808,0.0028529745,0.9972102,0.002593227,6.714774e-05,0.0042859144,0.00024717883,-1.252363e-05,0.0018781812,0.003729481,2.0066711e-05,0.004095644,0.0029383593,0.00040140533,0.002205388,1.2300776e-05,3.3719818e-05,0.0023278515,2.932551e-05,6.7136796e-05,4.4669723e-05,3.604546e-05
5.9594953e-05,0.99664235,0.002979688,0.0029282044,0.0032763286,0.9951825,2.4933544e-05,0.0028145227,2.293256e-05,0.99634504,0.0030439915,0.0029776068,0.0025759242,0.0,3.570278e-05,0.002144118,8.407139e-06,0.0029788367,0.9961629,1.6566313e-05,0.0007024049,0.0030167499,0.0014773548,2.980184e-05,0.0017259951,0.002651029,0.0031099492,1.2011431e-05,0.0022052703,0.0005458103,0.001507467,2.9763871e-06,0.0032731744,0.00073631067,9.290512e-05,0.0008342198,0.00073829375,0.0032512646,2.609122e-05,1.56773e-05,5.9158592e-05,1.0038662e-05,5.5598153e-05,3.45633e-05,0.002687811,0.0026907257,0.0031446402,0.0003373419,0.0018172705,0.0011983388,0.0007448838,0.0029479598,0.0013312662,0.0031927472,0.0027356572,5.5720808e-05,0.0029415474,0.00081459054,0.0019668795,-6.589499e-06,0.0029542071,0.003092998,0.0029969753,0.00076431123,0.0026956191,4.8472168e-05,0.0025781798,0.00081668847,3.30063e-05,0.0021166734,0.0029450397,0.0028510434,-9.33295e-06,3.3464883e-05,0.0030372702,3.14379e-05,0.0026647502,0.003232896,0.0010497432,0.9952389,-7.0621427e-06,0.0026635043,3.6700618e-05,8.452898e-06,1.6325414e-05,5.7379875e-05,2.9530787e-05,0.0028859484,0.003165416,0.0014761409,0.99643445,0.001153548,1.606387e-05,0.0032939666,6.160418e-05,-1.6268317e-05,0.00030044405,0.0025797866,-2.404318e-06,0.0030426977,0.0015731299,4.512796e-05,0.0006461959,4.9205002e-05,-1.1131352e-05,0.00087968045,3.02714e-05,3.4663386e-05,1.8187465e-06,4.3056618e-05
-0.004545637,0.9954251,-0.004804064,-0.0048135505,-0.004819817,0.995231,-0.0044117044,-0.0047938465,-0.0044789505,0.99540544,-0.0048247017,-0.0048173717,-0.0047681076,-0.0047181835,0.0,-0.004730791,-0.004403895,-0.004814629,0.99539757,-0.0044410275,-0.0046588187,-0.004820591,-0.0046728854,-0.0045480477,-0.0047066323,-0.0047722054,-0.0048254216,-0.004557057,-0.004752495,-0.0046252594,-0.004698789,-0.0044417055,-0.0048245164,-0.004625677,-0.0046033165,-0.0046028416,-0.0046166177,-0.0048123584,-0.0046716793,-0.0045934794,-0.0045838743,-0.0044769975,-0.004562254,-0.004512845,-0.004787675,-0.00478656,-0.0048126886,-0.004630484,-0.0046971045,-0.004643961,-0.004628358,-0.0048168716,-0.0046547283,-0.004819533,-0.0047815777,-0.004417751,-0.0048108185,-0.0046083033,-0.0047204727,-0.004410441,-0.004823995,-0.0048173615,-0.0048091067,-0.004618051,-0.0047783433,-0.0044553475,-0.0047778296,-0.004607352,-0.0045338734,-0.004726911,-0.004822748,-0.0048134886,-0.0044216127,-0.0045091314,-0.0048207412,-0.0045411373,-0.0047866865,-0.0048198593,-0.004631953,0.9952772,-0.004440905,-0.0047802506,-0.00458271,-0.004493429,-0.004400328,-0.004522415,-0.0044157417,-0.004812173,-0.004825576,-0.0046740957,0.99541724,-0.004639334,-0.0044712517,-0.004820951,-0.0044884514,-0.00548814,-0.004622203,-0.0047687357,-0.004431333,-0.00481814,-0.00467607,-0.004502123,-0.004639372,-0.004409,-0.0044220826,-0.004608282,-0.004585937,-0.0044335793,-0.00439568,-0.0043756454
-2.6610147e-07,0.99676913,0.0031338257,0.0030717226,0.0033986147,0.99526113,-1.2797787e-05,0.0029713723,2.6041567e-05,0.9965112,0.0031861719,0.0031169297,0.0027539511,0.002249695,-9.641601e-06,0.0,-9.343283e-06,0.0031247898,0.99629515,1.1263045e-06,0.0009298183,0.0031480805,0.0017030112,-8.422278e-06,0.001960042,0.002812413,0.0032341396,7.839619e-05,0.0024018511,0.0008627221,0.0017377838,3.4010754e-05,0.003391854,0.0009964263,0.00039785987,0.0011325316,0.0010185031,0.003375604,-1.477678e-05,0.00020945969,5.9316935e-06,3.2771164e-05,1.0211375e-05,-2.955126e-06,0.0028472752,0.0028548941,0.0032852415,0.0006388886,0.0020445215,0.0014460438,0.0010232818,0.003098249,0.0015910761,0.0033209687,0.0028903447,7.905248e-06,0.0030843634,0.0010955636,0.0021701732,1.4295546e-05,0.0031071967,0.00323146,0.003133659,0.0010606172,0.002845157,-2.6672183e-06,0.0027185378,0.0010881594,3.4340643e-05,0.0023051447,0.0030858978,0.0029959022,-1.177745e-05,4.0768653e-05,0.0031833127,9.8148e-06,0.0028224525,0.0033624861,0.0013156553,0.9953307,-1.633554e-05,0.0028185437,0.0003476344,2.3907105e-05,1.5314155e-06,1.8314628e-06,4.9543218e-05,0.003028561,0.003284905,0.0017044063,0.99659055,0.0014380771,3.1139847e-05,0.003410461,1.4501623e-05,2.5303405e-05,0.0005798951,0.002745766,2.2352602e-05,0.003179392,0.0018031514,4.5892124e-05,0.00091013237,9.008086e-06,1.3723665e-05,0.0011239281,5.953681e-06,4.84892e-06,1.9166562e-05,2.0627158e-05
-0.0038722046,0.9957084,-0.004325468,-0.0043338137,-0.0043760343,0.99552315,-0.0036415572,-0.0042967345,-0.003672988,0.99570006,-0.004354439,-0.004336147,-0.0042619347,-0.0041824826,-0.003651006,-0.004198965,0.0,-0.004335871,0.99569166,-0.0036525803,-0.00403828,-0.004350809,-0.0041044573,-0.0038928222,-0.004154772,-0.00426894,-0.004359269,-0.0039130165,-0.0042260326,-0.004016579,-0.004140362,-0.0037113435,-0.004382969,-0.004023899,-0.0039646407,-0.004011202,-0.0040162182,-0.0043667997,-0.003834546,-0.0039531644,-0.0039359243,-0.0037474912,-0.003911148,-0.0038246699,-0.004291624,-0.004290127,-0.0043545417,-0.0040122764,-0.0041406765,-0.004056606,-0.0040271226,-0.0043341173,-0.004082958,-0.004366998,-0.004284145,-0.0036903005,-0.0043282756,-0.0040091607,-0.0041804425,-0.00370239,-0.0043413863,-0.0043488047,-0.0043335445,-0.004029382,-0.0042785476,-0.003737003,-0.0042736093,-0.0040137623,-0.0037904496,-0.004189204,-0.004342002,-0.0043240157,-0.0036672684,-0.003845676,-0.0043451325,-0.00389905,-0.0042904555,-0.004368188,-0.0040505165,0.99559003,-0.0036783414,-0.0042769318,-0.003948181,-0.0038036702,-0.0036064493,-0.0038245437,-0.0037014144,-0.0043234127,-0.004372863,-0.0041032583,0.99570787,-0.0040590945,-0.003780556,-0.004384492,-0.0037989558,-0.004718113,-0.0040015928,-0.0042595384,-0.0037127624,-0.0043483344,-0.004116157,-0.0038219343,-0.0040315534,-0.0036917385,-0.003695461,-0.004014316,-0.0038124844,-0.0037321209,-0.0036703676,-0.0036480827
0.0033726026,1.0011576,0.004443669,0.004424903,0.0042042225,0.999485,0.0027795674,0.00424656,0.0027654292,1.0007944,0.004164198,0.0041734674,0.0043238224,0.004208617,0.0028099886,0.0043003093,0.0027643905,0.0,1.0006288,0.0027847579,0.0036660472,0.004188923,0.0038728316,0.0034246836,0.0041507734,0.004097927,0.004163157,0.003463832,0.0043152147,0.0036725544,0.003816471,0.0030562903,0.004214297,0.003691748,0.0035227467,0.0036329476,0.0036789118,0.004197613,0.0028623475,0.003497692,0.0034461129,0.0031151748,0.0034456202,0.003268971,0.004436148,0.004405685,0.00447301,0.0036508455,0.0038566308,0.0037537513,0.0036705914,0.00461353,0.0037354815,0.004157691,0.0041011004,0.003000627,0.0044083865,0.0036592523,0.0038940185,0.0029159621,0.004426659,0.0042563193,0.0044379346,0.003696933,0.0043869964,0.0030510745,0.0043387604,0.0036329709,0.00284178,0.00420581,0.004489963,0.0044162795,0.0028017892,0.0032815589,0.0042703417,0.0034165285,0.0044026137,0.0042095757,0.004009725,0.9995448,0.0027970513,0.004349836,0.0035308434,0.0032233042,0.0028068,0.0032335964,0.0029686608,0.0044173906,0.0042096637,0.0038608504,1.0008966,0.0037342133,0.0031704234,0.0042369743,0.0032175332,0.0033202902,0.0035915491,0.0043148906,0.003048048,0.0044448227,0.0037928696,0.0032796056,0.0036986666,0.0029534525,0.0028183341,0.0036388286,0.002867805,0.0031092314,0.0028791423,0.002956608
-8.7498505e-05,1.0015652,-0.0002288172,-0.00024236194,-0.00031477172,1.0008148,-0.00032871804,-0.00024610574,-0.0005361795,1.001526,-0.00024273783,-0.00020983776,-0.00021633728,-0.00017367612,-0.00047831517,-0.00016423147,-0.00035119188,-0.00023018598,0.0,-0.0003362036,-0.00015933957,-0.00023827654,-0.00012591227,-0.00011199113,-0.00013329503,-0.0002377192,-0.00026335847,-9.5959615e-05,-0.00018604138,-0.0001301653,-0.00014942497,-0.00013962982,-0.00030917875,-9.741497e-05,-0.00015713814,-7.1931245e-05,-7.9373196e-05,-0.00030643007,-0.00074185955,-0.00014759971,-0.00013173491,-0.00014688997,-9.576882e-05,-0.00012515641,-0.00025088817,-0.00023508546,-0.00025197185,-0.00011674021,-0.00011977986,-0.00010966284,-8.66785e-05,-0.00025887226,-0.00010003487,-0.00024592856,-0.0002633063,-0.0001802605,-0.00023793282,-8.008879e-05,-0.00015091643,-0.00022807629,-0.00024070077,-0.00024084406,-0.00024297794,-7.8502475e-05,-0.00027396323,-0.00012108798,-0.0002208126,-6.19422e-05,-0.000582447,-0.0001772609,-0.00020907844,-0.0002570721,-0.00032686914,-0.00012453191,-0.00023311257,-0.00013383268,-0.0002270309,-0.00026835073,-0.0001276699,1.0010194,-0.00039172883,-0.00023310416,-0.000102948004,-0.00012675466,-0.00029531098,-0.00013692715,-0.00016786027,-0.0002703229,-0.00026975598,-0.00013437944,1.0015327,-9.586374e-05,-0.00013636504,-0.00032881738,-9.478892e-05,-0.0011255867,-0.00013022701,-0.0002216528,-0.00020866841,-0.00022723299,-0.00012799789,-0.00013745054,-0.000134491,-0.00017744157,-0.00031028947,-8.226795e-05,-0.00069032697,-0.00015264601,-0.00019965836,-0.00020777358
-0.0041120364,0.9956152,-0.0044925855,-0.004506309,-0.004536221,0.9954337,-0.0039599705,-0.0044771777,-0.0039807726,0.9956039,-0.0045230193,-0.004505438,-0.0044458974,-0.004375872,-0.003956975,-0.0043886616,-0.0039176387,-0.004506177,0.99559844,0.0,-0.0042768475,-0.004516832,-0.004308234,-0.0041437875,-0.0043523866,-0.0044444036,-0.0045266054,-0.004144125,-0.00441613,-0.0042284564,-0.004350092,-0.003991318,-0.004540183,-0.0042374143,-0.0041925875,-0.004222144,-0.004230326,-0.004529794,-0.0041621984,-0.004180229,-0.0041704075,-0.0040334794,-0.004135623,-0.0040831016,-0.004468666,-0.004468324,-0.004517505,-0.004234141,-0.004347245,-0.004268947,-0.004246204,-0.0045118905,-0.004287595,-0.0045312303,-0.004458059,-0.003954078,-0.00450325,-0.004221056,-0.004375643,-0.0039541232,-0.0045191324,-0.0045165974,-0.0045049074,-0.0042391946,-0.0044569317,-0.003979414,-0.0044560456,-0.0042227916,-0.0040290365,-0.0043785153,-0.004514988,-0.0044990955,-0.003933967,-0.0040703816,-0.0045125703,-0.0041227126,-0.004469634,-0.004529696,-0.0042689145,0.9954752,-0.003957312,-0.004457747,-0.004165876,-0.004052621,-0.003920797,-0.004080473,-0.0039532534,-0.0044988208,-0.0045360173,-0.0043074302,0.99561363,-0.004268895,-0.0040329103,-0.0045403796,-0.004043404,-0.0050102016,-0.004225366,-0.004443005,-0.003985825,-0.004518326,-0.004313818,-0.004072435,-0.004255371,-0.0039342847,-0.003931965,-0.0042256936,-0.0041125747,-0.00397917,-0.0039272695,-0.0039177435
3.8695002e-06,0.9956891,-4.775549e-06,-1.3755851e-05,-4.4550816e-06,0.9955497,1.5853037e-05,-1.0499884e-05,1.8828108e-05,0.9957054,-1.2977072e-05,-1.7341432e-06,-2.504009e-05,1.8932058e-06,-2.1676624e-05,-2.815277e-05,-1.2755244e-05,-1.3034727e-05,0.99568063,3.4644681e-06,0.0,-2.1506692e-06,-1.614064e-05,1.5282705e-05,-1.1812098e-05,-1.9318422e-05,-9.838765e-06,-1.5977448e-05,-1.4751241e-05,-2.6511043e-05,5.0985423e-06,-1.5569543e-05,1.3171476e-06,-2.0336496e-05,-2.4277168e-05,-3.5731068e-07,-4.562925e-06,-1.8731585e-06,1.7845334e-05,-4.2931556e-06,1.4978776e-05,-2.2481716e-05,1.059656e-05,-1.1911182e-05,-9.299061e-07,-1.0433254e-05,-3.4212157e-05,-2.5880534e-05,5.3674066e-06,-1.325157e-05,6.978924e-06,-1.2664275e-05,1.2890794e-05,-6.0415887e-06,-2.7172902e-05,-1.2234676e-05,-3.210484e-05,1.0379756e-06,-1.1998125e-05,1.32089435e-05,4.5533e-06,-2.36806e-05,-1.8522012e-05,-1.5556385e-05,-1.3277538e-05,-1.298256e-05,2.1256421e-06,-2.1921147e-05,-3.651514e-07,8.479016e-06,-2.3124896e-05,-2.8265022e-05,7.931e-06,-2.3273287e-05,-2.1629518e-05,-3.4896846e-06,-3.9879474e-06,-2.7290896e-05,-2.5269555e-05,0.9956109,-2.110539e-05,6.632759e-06,-7.659243e-06,-2.9643253e-08,-2.2160872e-05,-1.5606842e-06,1.5483996e-06,1.6001865e-06,-3.155468e-05,-1.5509044e-05,0.9957066,-1.5716565e-05,-1.47012515e-05,-1.3046583e-05,5.4533252e-06,-2.2398992e-05,-1.8381634e-05,-2.60383e-05,-2.4743862e-05,-1.0248698e-06,2.270561e-06,-1.237135e-05,3.5194084e-08,-1.3636918e-05,-1.4787129e-05,8.332704e-06,-2.1713824e-05,-4.681944e-06,1.9610852e-05,1.8603025e-05
0.0040145586,1.0023937,0.004491722,0.0044961353,0.0045368066,1.000919,0.0036291375,0.0044756555,0.0036193857,1.0021011,0.0045195944,0.0045022815,0.0044216807,0.0043503335,0.003655005,0.0043681962,0.0036072524,0.0045131957,1.0020126,0.0036183991,0.004191913,0.0,0.004279812,0.0040459326,0.0043157637,0.004431146,0.004523649,0.0040549813,0.004386588,0.004194856,0.004308582,0.003788402,0.00454262,0.0041755787,0.0041025234,0.0041612755,0.0041723438,0.0045304163,0.0037534393,0.004088808,0.0040638805,0.003842597,0.004048537,0.0039436882,0.004463638,0.0044458113,0.004514889,0.004178975,0.004316062,0.0042292657,0.004191616,0.0045207767,0.004246957,0.0045243064,0.004448301,0.0037511196,0.004502322,0.004174007,0.004347928,0.0036964242,0.004498955,0.0045262277,0.004505375,0.004186542,0.0044487906,0.00377765,0.0044171116,0.0041652536,0.0036966098,0.004369408,0.00449697,0.004480399,0.003632672,0.003936331,0.0045237667,0.0040318626,0.0044464166,0.004533867,0.004212456,1.0010477,0.0036287766,0.004437261,0.0041049593,0.0039039005,0.0036312274,0.003922005,0.0037335663,0.004496159,0.004535037,0.004283306,1.0022106,0.004226469,0.00387296,0.004547854,0.003899987,0.0042025396,0.0041560144,0.0044246833,0.0037863706,0.004507118,0.004283591,0.003931331,0.0042184857,0.003718633,0.0036351045,0.0041622967,0.00373349,0.0038156854,0.003664415,0.003714982
2.274224e-05,0.9965466,0.0016407302,0.0014995049,0.0017309188,0.99561584,2.075776e-05,0.0015041585,3.0509218e-05,0.9964677,0.0016164827,0.0015908162,0.0012490593,0.0007237751,-9.789158e-07,0.00081510737,2.6903432e-05,0.0016093184,0.99629885,2.2898184e-05,-2.7454846e-06,0.0015866623,0.0,1.7058617e-05,0.0004156903,0.0013472893,0.0016568727,-1.4139301e-05,0.0008357963,-1.2455564e-06,0.0001460727,-1.1586566e-05,0.0017560843,2.0453464e-05,4.8347018e-05,6.810007e-05,4.9607388e-05,0.001774855,-6.2292697e-06,1.6530785e-05,2.6472311e-05,1.6663436e-05,-1.5805027e-06,4.6382123e-05,0.0013180801,0.0013372012,0.0017313766,-1.0484099e-05,0.00054882874,1.7921298e-05,4.5138087e-05,0.0015159822,0.00016327034,0.0017761891,0.0014213844,3.8830353e-06,0.0015257511,3.6190628e-05,0.0006190944,-1.4497608e-05,0.0014897219,0.0017101164,0.0015836253,-1.3954893e-06,0.0013526343,4.5135206e-05,0.0011918477,3.2350985e-05,6.0692955e-06,0.0008212865,0.0015225558,0.0015255995,2.5260902e-05,-9.88526e-07,0.0016527934,9.836182e-06,0.0012563,0.0018083729,-1.4683915e-05,0.9956497,-1.2028852e-05,0.0013158077,-1.4551136e-05,1.2370728e-05,1.9768486e-05,-1.0991479e-05,-1.0923367e-06,0.0014815086,0.0016993018,0.00029919273,0.9964606,2.0666743e-05,4.6618243e-05,0.0017728846,3.4914116e-05,8.83474e-06,5.775834e-05,0.001245219,1.6209426e-05,0.0016017726,0.0003562599,4.7739846e-05,6.201353e-05,1.449933e-05,-1.06559455e-05,4.374304e-05,-1.194983e-05,6.640582e-06,3.184408e-05,1.2100102e-05
-2.269321e-05,0.99580324,-0.00218396,-0.0022215853,-0.0026823268,0.9957436,-2.3939638e-05,-0.0019804598,-2.337766e-05,0.9958228,-0.0023538233,-0.0022095414,-0.0017785119,-0.0013327803,-5.481198e-06,-0.0013784019,-1.2530777e-05,-0.0021840513,0.99581695,-2.414615e-05,-0.0004938606,-0.0023397102,-0.00076225994,0.0,-0.0011106114,-0.0018556189,-0.0024192224,-4.5954654e-05,-0.001552742,-0.00016868502,-0.0010867621,-2.1398742e-05,-0.0026778774,-0.00038447566,-4.205092e-05,-0.00035260836,-0.00035938798,-0.002629766,1.700437e-05,1.361969e-05,1.261284e-06,1.4904693e-05,-7.2600988e-06,-2.1127456e-05,-0.0019510228,-0.0019372456,-0.0024478273,-0.00015804726,-0.001026933,-0.0006166707,-0.00034296015,-0.0022259841,-0.0007279394,-0.0025245706,-0.0019345063,7.4570935e-06,-0.0022122855,-0.0003438856,-0.0012755026,-1.863374e-06,-0.0022199412,-0.0023577465,-0.0022815561,-0.00040076493,-0.001939947,-1.3453772e-05,-0.0018890027,-0.00037884605,-8.062239e-06,-0.0013434453,-0.002203361,-0.0020961433,-2.6023943e-05,1.1375946e-05,-0.0022698524,-6.982364e-06,-0.0019523307,-0.0025548788,-0.00062993175,0.9957671,1.8882258e-05,-0.0019061153,-4.6775716e-05,1.40677685e-05,-2.4908875e-05,7.1723534e-06,-1.6275417e-05,-0.0021139693,-0.0025357606,-0.00077144406,0.9958233,-0.0006434461,-3.227607e-05,-0.0027333668,-1.5487049e-05,-2.5122617e-05,-0.00013105877,-0.0018050072,3.660764e-06,-0.0023621265,-0.00089896587,-2.1699318e-05,-0.00028180028,-1.5392076e-05,-1.0856569e-05,-0.0004393279,-3.5584487e-06,5.788227e-06,1.07383e-05,1.10500605e-05
3.037237e-06,0.9964048,0.002373368,0.0023103356,0.0026554544,0.9953218,-8.376195e-06,0.002208139,-8.760941e-06,0.9962037,0.0024267908,0.0023569812,0.0019198636,0.001371478,3.4909805e-05,0.0014732877,1.7097596e-05,0.0023636792,0.99604106,3.962312e-05,7.692923e-05,0.0023963337,0.0007863011,8.388662e-06,0.0,0.002014534,0.0024720926,4.542242e-06,0.0015447842,1.8024342e-05,0.0007491023,3.807958e-05,0.002659867,3.7547998e-05,8.255632e-05,0.00021025949,4.8181824e-05,0.0026480982,2.231791e-05,7.912112e-05,3.9352595e-05,1.0114554e-05,5.9578564e-05,4.37977e-05,0.002056423,0.0020587703,0.0025534702,6.809157e-05,0.0010997971,0.0005288035,3.9959494e-05,0.0023254508,0.00065685454,0.002585492,0.0021234823,1.10997335e-05,0.0023121377,0.00016044815,0.0012703794,3.0133693e-05,0.0023268918,0.0024917265,0.0023876827,0.00011295682,0.0020774477,3.046651e-05,0.001922566,0.00013455989,1.6674598e-05,0.0014335201,0.0022948433,0.0022366515,1.6416736e-05,4.80568e-05,0.0024262308,1.69227e-05,0.00204167,0.00263181,0.00033615026,0.9953486,-4.082141e-06,0.0020402276,6.8773064e-05,1.566647e-05,-1.1686438e-05,1.1998165e-05,1.5790376e-05,0.0022649092,0.0025430126,0.0007859043,0.99627036,0.00052440923,4.5583394e-05,0.0026906277,2.1695818e-05,-1.6094684e-05,4.5016408e-05,0.0019372444,3.0340634e-05,0.002433502,0.0008837003,1.9069052e-05,3.6200112e-05,1.8675019e-05,3.3066295e-05,0.00020292043,3.463052e-05,6.5709905e-06,-7.036364e-06,9.323943e-06
0.0010962514,0.9974547,0.004137381,0.0040713493,0.0043159286,0.99474674,4.2771924e-05,0.00397413,-7.2229386e-06,0.99717176,0.00416196,0.0040994715,0.0037743608,0.0033868032,-7.282076e-06,0.0034545984,-5.15201e-06,0.004118111,0.996961,4.2134652e-05,0.0022275792,0.0041240742,0.0029438138,0.0012663939,0.0031300846,0.0,0.0041978457,0.0014648767,0.003507761,0.0022951795,0.002962009,0.0003200601,0.004317177,0.002330387,0.001806463,0.0024070977,0.0023417142,0.004301699,6.0962766e-06,0.001632835,0.0014274465,9.398107e-05,0.0013943029,0.0008495826,0.0038657452,0.0038588601,0.004234803,0.0020170612,0.003181808,0.0026871623,0.00234475,0.0040803645,0.0028354388,0.0042601964,0.0039205244,5.6833127e-05,0.004075339,0.002409706,0.0033166732,3.308201e-05,0.0040573804,0.0042080935,0.004116537,0.0023642308,0.0038678148,0.00039340998,0.003769596,0.0023877816,3.2785312e-05,0.0034434411,0.0040593725,0.0040192157,-1.2514152e-05,0.0008914876,0.004184733,0.0013293175,0.0038333111,0.0043061515,0.0025313802,0.9951453,2.2263905e-05,0.0038314636,0.0018291759,0.0007641187,3.8437207e-05,0.0007384279,2.6696705e-05,0.004028839,0.0042482726,0.0029332116,0.99720967,0.0026912729,0.000579955,0.0043396577,0.0007830621,3.8849565e-05,0.0019781555,0.00378426,7.797796e-05,0.0041489433,0.0030305227,0.000933035,0.002266684,1.6116996e-05,4.5164055e-05,0.0024152324,3.0000932e-05,0.00018203259,1.764473e-06,2.9068764e-05
0.0043859854,1.0030332,0.0047468944,0.004750544,0.0047643054,1.0018169,0.0041000987,0.0047311927,0.004118081,1.0028352,0.0047617974,0.004752801,0.0046929163,0.0046358416,0.004129012,0.004648294,0.0040839883,0.004758724,1.0027492,0.0040964033,0.0045230067,0.004755443,0.004579954,0.0044182916,0.004610058,0.0046943617,0.0,0.0044178464,0.004660489,0.004525075,0.004598621,0.004215154,0.0047694463,0.004503452,0.00445473,0.00448845,0.004497806,0.004762778,0.004252306,0.0044415477,0.0044216593,0.0042527993,0.004413272,0.0043332507,0.0047202404,0.004710832,0.0047577624,0.004512976,0.004608249,0.004540488,0.004523824,0.0047662714,0.0045591067,0.0047633867,0.0047070575,0.0041844198,0.0047503547,0.0044979975,0.004631988,0.004148602,0.004752977,0.004769178,0.004752987,0.004504523,0.0047080265,0.004202668,0.004688263,0.0044882526,0.0041839876,0.0046493583,0.0047504627,0.0047364878,0.004099629,0.00432365,0.0047688317,0.004399083,0.004704235,0.0047724876,0.0045271413,1.0019464,0.0041110404,0.0046988986,0.004458368,0.0043038903,0.004094903,0.0043194387,0.004166686,0.004750576,0.004769415,0.0045820135,1.0029036,0.0045414567,0.004275665,0.0047717607,0.0042929566,0.0047033,0.0044941497,0.0046910504,0.0042030006,0.004753061,0.004588451,0.0043216613,0.0045445436,0.0041565434,0.0041034254,0.004488994,0.004228304,0.0042317435,0.0041122544,0.0041540647
-1.7691618e-05,0.9957699,-0.0020673675,-0.0021695236,-0.002652089,0.99573255,-5.249605e-07,-0.0018866444,-1.8860128e-05,0.99579704,-0.0022994555,-0.0021427614,-0.0017363686,-0.0012815812,-1.1539612e-05,-0.0013281058,1.6962787e-05,-0.002116027,0.9957885,1.9098818e-05,-0.00063248404,-0.0022702913,-0.0006432242,9.083327e-07,-0.0010521878,-0.0017523114,-0.0023853972,0.0,-0.0015006365,-3.4633682e-05,-0.0010581444,-2.1262218e-05,-0.002646367,-0.000310004,-4.0969524e-05,-0.00021181178,-0.0002710581,-0.0025729924,4.669933e-06,1.6798826e-05,5.9400154e-06,-4.1349736e-06,-3.7701342e-05,-1.6748407e-05,-0.0018983161,-0.0018832603,-0.0023713806,-8.682692e-05,-0.0009792383,-0.0005415057,-0.00025368234,-0.0021775053,-0.0006199776,-0.0024617258,-0.0018308967,-3.2093063e-05,-0.0021697693,-0.0002060497,-0.0012269488,-2.734681e-05,-0.0022201105,-0.002289836,-0.0022140567,-0.00028925535,-0.0018678545,1.3395405e-05,-0.0018266371,-0.0002728373,1.1123976e-05,-0.0012476536,-0.002178699,-0.0019944168,-1.4016253e-05,-2.0963573e-05,-0.0021813433,-5.255083e-06,-0.0019048636,-0.0024835267,-0.00060286105,0.9957178,-1.7828068e-05,-0.0018358318,-1.0769209e-05,-1.2022038e-05,-2.7606771e-05,-3.6024358e-05,-2.5424151e-05,-0.0020463928,-0.0024836038,-0.0006603421,0.99579185,-0.00052079285,-3.166359e-05,-0.0026857054,1.5933008e-05,-2.2113882e-05,-3.709178e-05,-0.0017476069,-2.4148227e-05,-0.0023168393,-0.0008048952,-2.4196715e-05,-0.00021255923,-1.3473785e-05,1.3492074e-05,-0.00033956804,-1.9649775e-05,-1.417344e-05,-2.5460487e-05,8.84212e-06
7.665696e-05,0.99701,0.0032791093,0.00327438,0.0035667373,0.99533415,1.6912534e-05,0.0031469471,2.7254593e-05,0.99663854,0.0033527464,0.0032788585,0.0029456178,0.0025071022,-4.953969e-06,0.0026140432,-7.0544274e-06,0.003295871,0.99647176,1.7726422e-06,0.0012233935,0.003347,0.0020057226,0.00030881682,0.0022628584,0.002987602,0.0034024536,0.00038385668,0.0,0.0011831047,0.002242508,6.025257e-05,0.0035642448,0.0013912616,0.00077315286,0.0014339195,0.0014017195,0.0035321165,1.8961919e-05,0.0006086338,0.00038606004,-6.798852e-06,0.00029113653,3.598228e-05,0.0030564496,0.003062627,0.0034576468,0.0010465432,0.0023077817,0.0017959066,0.0013334096,0.0032998507,0.0018804118,0.00348558,0.0030832714,7.4374327e-07,0.0032893708,0.0014330822,0.0024273947,-8.808957e-07,0.0032721185,0.0034005975,0.0033495245,0.001427661,0.003061365,3.607499e-05,0.0029592982,0.0014148661,4.1921012e-05,0.0025511226,0.003262686,0.0031989354,3.882883e-05,2.2876233e-05,0.0033389777,0.00030455153,0.0030518114,0.003519879,0.0017579652,0.99547577,2.5582585e-05,0.0030290901,0.0007073671,7.823767e-05,4.4877656e-06,7.412775e-06,4.5117e-05,0.0032176098,0.0034760686,0.0020105173,0.9967854,0.0017417003,1.0860005e-05,0.0035854594,4.5556477e-05,3.078114e-05,0.0009766788,0.0029597601,5.8818474e-05,0.0033631958,0.0020895018,-4.388202e-06,0.0013103032,1.3203244e-05,9.452399e-06,0.0014805938,2.3219738e-05,2.0535179e-05,4.31802e-05,2.643508e-05
-2.9814635e-05,0.99543726,-0.000394079,-0.00062708696,-0.0015663606,0.99547696,2.0715117e-05,-0.00014603742,1.3853127e-05,0.995464,-0.0008364813,-0.0005098266,-4.205174e-05,-2.4382236e-05,1.2687854e-05,-8.583941e-06,-4.1921253e-06,-0.00050048594,0.99546224,-1.2600002e-05,7.1759787e-06,-0.000804877,3.6236547e-06,7.5522985e-06,-2.7303246e-05,1.8065028e-07,-0.0010049875,-1.8017528e-05,-1.5677408e-06,0.0,-2.7614307e-05,9.75618e-06,-0.0015364664,-3.2303516e-05,-6.14502e-06,-2.183802e-05,-5.2032324e-06,-0.0014190713,-1.0917728e-05,2.105434e-05,-1.4099457e-05,1.213912e-05,-3.6065476e-06,1.16762485e-05,-0.00023517926,-0.00018033023,-0.0010069895,-5.2371746e-07,6.5475083e-06,-2.0921438e-05,-3.45423e-05,-0.0006768936,-2.9444023e-05,-0.0011802091,-5.3758286e-05,1.3074171e-05,-0.0006100506,-4.3355735e-07,-6.7330598e-06,2.5208024e-06,-0.00069182087,-0.0008061612,-0.0007263861,1.5850783e-05,-0.0001918465,-3.48092e-06,-0.00012376496,1.2863133e-05,-1.5328002e-05,7.395445e-06,-0.00062975916,-0.00035182762,-9.561183e-06,1.7650174e-05,-0.0005821288,2.0002176e-06,-0.00024073225,-0.0011868055,-1.5817759e-05,0.9954452,-2.8237835e-07,-0.00010170969,-2.1106951e-05,1.0063997e-06,-2.9575465e-06,1.5827572e-05,-8.060412e-06,-0.00043813695,-0.0012325321,7.1273566e-06,0.9954621,-3.531879e-05,-1.9906902e-05,-0.0016288161,1.3413657e-05,-1.2020311e-05,-1.3822527e-05,-3.845904e-05,-9.4649357e-07,-0.00087936275,-2.8757826e-05,1.7442764e-05,-2.2453925e-05,1.0744647e-05,9.903455e-06,-1.2940044e-06,-9.893918e-06,-8.332722e-07,1.1658766e-05,9.12374e-06
5.0753795e-05,0.99628425,0.001977526,0.0020840375,0.0024368234,0.9953479,2.3766623e-05,0.0018565893,1.0105118e-05,0.9959693,0.0021658707,0.0020531563,0.0016366699,0.0011566968,-4.0077903e-06,0.0012551284,4.0067192e-05,0.0020633747,0.9959697,-9.024397e-06,2.6810887e-05,0.0022409004,0.00054492115,1.2531274e-05,0.0008227943,0.0016542288,0.0022442169,2.9051549e-05,0.001501965,6.601047e-05,0.0,3.205808e-05,0.002449133,1.5135115e-05,1.3555363e-05,7.024759e-05,-3.0440115e-06,0.002418106,2.406834e-06,-1.549006e-05,1.3377513e-05,4.35576e-07,5.4347438e-05,-1.1111619e-05,0.0018192481,0.001848783,0.0022400627,-9.036903e-06,0.0009514812,0.00030652908,4.836596e-05,0.0021108391,0.00034277138,0.0023475345,0.0017884901,1.4877817e-06,0.0021019361,1.8240089e-05,0.0011373374,2.1274416e-05,0.0020573284,0.0021808895,0.0022004764,5.634371e-05,0.0018425321,2.2463746e-05,0.0017830303,7.1978655e-05,-8.3628565e-06,0.0011992771,0.0020366544,0.0019402913,2.196351e-05,2.9424384e-05,0.002072112,1.34188995e-05,0.0018233107,0.0023574035,0.00055838714,0.99540746,-4.872408e-07,0.0018119203,3.9385304e-05,4.902714e-06,1.5016164e-05,2.1611284e-05,2.204486e-05,0.0019902058,0.002372957,0.0005897237,0.9961376,0.00022609875,4.8642134e-05,0.002481953,3.015721e-05,2.9312618e-05,-7.3562273e-06,0.0016861754,3.4268618e-05,0.0021875205,0.00063341676,4.5425875e-07,4.9989034e-05,1.0301365e-05,1.7962475e-05,4.1830324e-05,3.158161e-05,4.4911034e-05,4.1285624e-05,-1.2772532e-05
-0.0018364015,0.99608177,-0.0031103725,-0.0031164214,-0.0033310535,0.9959552,-0.0012919041,-0.0030084862,-0.0012374927,0.9960958,-0.0031870506,-0.0031157746,-0.0029233124,-0.0027138435,-0.0012134628,-0.002740819,-0.0012029413,-0.003112952,0.99609387,-0.0012415086,-0.0023465832,-0.0031798948,-0.002465841,-0.0018813364,-0.0026125794,-0.0029479016,-0.0032172913,-0.0018834937,-0.0028013596,-0.0021687348,-0.002560338,0.0,-0.003335895,-0.0022509254,-0.0020389683,-0.0022581294,-0.0022305637,-0.0033068582,-0.0014484115,-0.002013614,-0.0019686557,-0.0015775536,-0.0019008595,-0.0016899026,-0.0030028068,-0.0029974815,-0.00322505,-0.0021533503,-0.0025828346,-0.0023660325,-0.0022557487,-0.0031174587,-0.0024284795,-0.0032640477,-0.0029799296,-0.0013869342,-0.0031126724,-0.0022284116,-0.002696213,-0.0013775342,-0.0031294606,-0.003184897,-0.0031399867,-0.0022766904,-0.0029814136,-0.0014995968,-0.0029527135,-0.002261011,-0.0012498598,-0.002719898,-0.0031251502,-0.0030648708,-0.0012885465,-0.0017259667,-0.003146222,-0.0018816268,-0.002989014,-0.0032678929,-0.002353507,0.9960066,-0.0012387049,-0.0029693132,-0.002001883,-0.0016827611,-0.0012121176,-0.0017053114,-0.0013990714,-0.0030704865,-0.0032706955,-0.0024641622,0.9960979,-0.0023804335,-0.001635269,-0.0033494036,-0.0016700114,-0.0021777533,-0.0021453027,-0.002927283,-0.0014629852,-0.0031846764,-0.002514819,-0.0017090542,-0.0022352564,-0.0013621849,-0.0012855016,-0.0022656894,-0.0013161134,-0.001478011,-0.0013438391,-0.0013114131
0.0051657497,1.0040648,0.005316055,0.0053220512,0.005304388,1.0034401,0.0050221183,0.0053203623,0.0050448375,1.0039737,0.0053240997,0.0053228308,0.0052980827,0.0052666003,0.0050530504,0.005276753,0.004995132,0.005330102,1.0039439,0.005015229,0.0052121026,0.005322191,0.00524177,0.0051811617,0.0052632736,0.0052946177,0.005321583,0.005179163,0.0052872184,0.0052316207,0.005255755,0.005052891,0.0,0.0052034603,0.005182203,0.0051855366,0.0051972903,0.00530363,0.005199129,0.0051786713,0.005178383,0.0050752573,0.0051770676,0.005124528,0.005317595,0.005310245,0.005314755,0.005232292,0.0052582608,0.005217699,0.0052211955,0.0053392807,0.005230296,0.0053138067,0.0052997074,0.005047985,0.005322758,0.00519658,0.005269556,0.0050279796,0.005330728,0.005328015,0.0053180614,0.0052051167,0.005303332,0.005040077,0.0052943663,0.0051906323,0.0051151123,0.005272903,0.0053274073,0.0053227865,0.005017634,0.005118168,0.005330533,0.005159904,0.0053030783,0.0053155646,0.005206966,1.0035291,0.0050303573,0.005298478,0.005195648,0.0051036007,0.0049969037,0.0051229065,0.0050399452,0.005334482,0.0053207926,0.0052426877,1.0040091,0.0052198875,0.00509066,0.0053063664,0.005100968,0.0056084115,0.0052124853,0.0052954974,0.0050439537,0.0053176754,0.005247817,0.0051111374,0.0052452884,0.005026935,0.0050216652,0.005178389,0.0051682484,0.005067144,0.004998193,0.0050201695
-4.038813e-06,0.9958488,6.0769034e-06,2.3074504e-05,-2.2773118e-06,0.9957227,1.3635492e-05,8.589727e-07,1.7461884e-05,0.9958677,1.5896123e-05,3.2680782e-06,-9.159072e-06,-1.2539397e-05,-4.098965e-06,2.15872e-05,-1.3343039e-05,3.8089388e-06,0.9958561,1.2430184e-05,-3.1033564e-06,2.001325e-05,2.4405979e-06,-6.3091293e-06,7.5987928e-06,-9.747768e-06,-1.0158048e-05,1.8791836e-05,1.9867404e-05,1.4367964e-05,7.719313e-06,-5.2365912e-08,1.7681752e-05,0.0,1.0272677e-05,-1.0862326e-05,2.4274885e-05,-5.896831e-06,-1.8745186e-05,-3.6731853e-06,3.3995143e-06,2.0092113e-05,8.455281e-06,1.3672039e-05,-1.435339e-05,-1.3832655e-05,1.768064e-05,-1.087147e-05,-1.3774528e-06,1.3139753e-05,2.0860807e-05,-5.2318796e-07,1.5906521e-07,2.2605991e-05,8.00229e-06,-9.093324e-06,-1.3199844e-05,1.8268161e-06,-8.707621e-06,2.6331883e-05,9.425184e-06,-1.7409038e-05,-7.55364e-06,1.2269123e-05,-1.009247e-05,3.383889e-06,-2.1315464e-06,-1.2389399e-05,2.0842752e-05,-1.2583341e-07,-6.918276e-06,8.403627e-06,2.04138e-05,1.77451e-05,1.9333276e-05,-1.648483e-06,-1.4468696e-05,2.0812444e-05,6.0483053e-06,0.9957352,1.2333588e-05,5.337655e-06,-6.8677527e-06,1.7947381e-05,1.5157377e-05,-1.4742885e-05,1.2713333e-05,-5.565906e-07,9.165801e-06,8.901631e-06,0.99586725,-1.10242345e-05,-5.934248e-06,1.5729023e-05,2.0512287e-05,2.5411794e-06,-7.3070296e-06,-1.0887136e-05,-1.2507277e-06,1.1503792e-05,2.4578403e-05,2.143505e-05,-1.386934e-06,-3.672522e-06,2.0134603e-05,2.515081e-05,-6.545616e-06,2.21806e-05,1.1379242e-05,2.1241638e-05
1.0911146e-05,0.9956135,-0.0014042547,-0.001471756,-0.0021738454,0.99558944,-1.24070875e-05,-0.0011437483,-7.23877e-06,0.99563396,-0.0016524856,-0.0014106059,-0.000865126,-0.00024814732,-1.8938845e-05,-0.00033009556,6.6590956e-06,-0.0014202358,0.99562734,4.522749e-06,1.0300575e-05,-0.0016390114,-9.380553e-06,1.1380025e-06,-6.634218e-05,-0.0009270032,-0.001760716,1.45653685e-05,-0.000571177,-3.2691914e-05,-1.36493845e-05,1.4299316e-06,-0.0021590183,1.00869165e-05,0.0,1.2955446e-05,-3.6719026e-05,-0.0020931824,4.913309e-06,-1.8775818e-05,-3.4939905e-05,-3.2494223e-05,-3.535709e-05,-3.1053503e-05,-0.0011461718,-0.0011126781,-0.0018107889,6.500046e-06,-3.4475604e-05,5.2121145e-06,-7.966298e-06,-0.0014922615,-3.364448e-05,-0.0019347714,-0.0010726645,-2.146305e-05,-0.0014592626,-1.22393785e-05,-0.00015954935,5.9972135e-06,-0.0014637623,-0.0016563552,-0.001588766,-2.9161665e-05,-0.0011155454,1.528506e-05,-0.001019239,-3.771263e-05,-1.3198327e-05,-0.00025493116,-0.0014445597,-0.0013030509,-2.2305934e-05,-3.4044973e-05,-0.0015016664,-4.882374e-06,-0.0011248066,-0.0019579802,-2.0513857e-05,0.9955964,-1.9203513e-05,-0.0010450055,-3.4945373e-05,-3.4117384e-05,-6.5754402e-06,-3.191969e-05,-1.1654981e-05,-0.0013385734,-0.001946877,-1.7308408e-06,0.99563307,-4.6659432e-05,2.2586473e-06,-0.0022331951,-2.4168999e-06,1.7834672e-06,-2.232226e-05,-0.00089618046,1.3108619e-05,-0.0016734474,-5.3514475e-05,1.5999607e-05,-3.208604e-05,-1.6619875e-05,-1.2509197e-05,-3.8448034e-05,-2.2007074e-05,9.169048e-07,-2.1276088e-05,-2.4724079e-05
1.2420221e-06,0.9967393,-1.6113584e-06,1.223355e-06,3.351213e-05,0.9961126,7.820129e-06,2.7277301e-05,2.040807e-06,0.9967527,4.384317e-05,1.0075775e-05,1.3285093e-05,2.9481738e-05,2.6119023e-05,1.32976065e-05,-8.459826e-06,3.6048e-05,0.9966439,-1.6047046e-06,1.7366287e-05,1.5881978e-05,2.2132117e-05,-6.9981756e-06,4.0039017e-06,-9.364045e-06,2.686189e-05,3.3539232e-05,3.8778697e-05,6.7369647e-06,5.026591e-05,-8.097382e-06,5.6721183e-05,1.5683192e-05,-7.0805213e-06,0.0,2.989688e-05,5.273182e-05,1.8064704e-05,1.7835526e-05,4.2339183e-05,2.497924e-05,-5.139233e-06,2.7448807e-05,2.3714509e-05,3.037396e-05,5.370139e-05,-9.647142e-07,5.2479973e-05,4.4987682e-05,4.363822e-05,6.4032365e-06,3.0941945e-05,2.14216e-05,4.15421e-05,2.124258e-05,2.1680378e-05,-8.498056e-06,3.176814e-05,-6.0472225e-06,4.9180435e-05,5.580352e-05,4.6740162e-05,2.3475477e-05,4.0220013e-05,3.9481915e-06,5.3996606e-05,1.658932e-05,2.0458789e-05,6.7274646e-06,-1.3146803e-06,6.0762628e-05,3.382175e-05,1.7024513e-05,4.5078094e-05,4.3428103e-05,-4.2757765e-06,4.3606175e-05,-7.952163e-06,0.99614584,2.2220129e-05,2.5230396e-05,4.264897e-05,3.2823187e-05,-1.2742991e-05,-7.363122e-06,-5.1731968e-06,4.982976e-05,1.4645573e-06,8.574443e-06,0.99673593,3.3696392e-06,2.4781035e-05,2.9830371e-05,1.18941825e-05,-1.2449898e-05,4.1646104e-05,-3.9338493e-06,9.215333e-06,2.5295585e-05,3.7589011e-06,4.0826286e-05,-9.291258e-06,3.8434013e-05,-7.394536e-06,1.8067798e-05,1.0626355e-05,-1.1528806e-05,2.9894469e-05,8.541655e-06
5.58175e-06,0.99590015,2.4878853e-05,2.481981e-05,2.0370244e-05,0.9957479,1.5292353e-05,1.7062355e-05,-8.261209e-06,0.99591583,-1.06208e-05,-1.5878439e-05,-8.141795e-06,1.0676113e-05,-7.617209e-06,1.2541117e-05,2.5804953e-05,1.9557952e-05,0.9959001,-4.913587e-06,2.2147997e-05,-9.261892e-06,1.96582e-05,2.5493851e-05,2.4005996e-05,-9.82432e-06,3.873289e-06,1.961115e-05,6.4275787e-06,2.5060684e-05,-1.49126e-06,2.2773584e-05,-8.334703e-06,1.2912252e-05,1.1883919e-06,-6.6173416e-06,0.0,2.0810601e-05,-6.4371247e-06,2.2312324e-05,2.1272173e-05,-1.0633046e-05,1.1455692e-06,1.1043108e-05,1.0914178e-05,2.3546387e-05,2.7228511e-06,1.774346e-05,-1.0253542e-05,2.428364e-05,2.1082162e-05,1.7810391e-05,8.033088e-06,1.2784875e-05,1.947724e-05,-6.772264e-06,-6.587249e-06,7.7634695e-06,8.487728e-06,2.8282527e-06,1.5304491e-05,9.426878e-06,7.9582e-06,1.6999435e-05,-5.6633894e-06,4.840433e-07,-1.3755717e-05,-7.950833e-06,-6.4821675e-06,2.4180217e-05,-1.3072681e-05,2.1815114e-05,-7.818286e-06,1.012586e-05,4.1960193e-06,2.6621301e-05,1.5980762e-05,8.0977425e-06,1.7975475e-05,0.99576414,-8.89137e-06,3.43962e-06,-1.41963055e-05,1.3750734e-05,2.8008371e-06,-4.8790903e-06,9.07767e-06,9.770574e-06,-1.5882428e-05,2.6014863e-05,0.99592036,3.6233305e-06,-1.4503468e-05,7.871052e-06,-1.5346164e-05,1.0874995e-06,1.7479973e-05,-1.3725798e-05,-1.0320235e-05,2.2357552e-05,-6.478525e-06,-1.5488164e-05,2.391196e-05,5.429913e-06,1.4247454e-05,2.5012625e-05,-1.6856791e-05,9.433492e-07,-3.2418966e-06,6.711557e-07
0.0050777798,1.0039554,0.0052522114,0.005256416,0.0052421344,1.0032614,0.0049191103,0.0052509666,0.0049383696,1.0038563,0.0052584643,0.0052578365,0.005225379,0.005194631,0.004946327,0.005200713,0.004890328,0.005265495,1.003815,0.0049142083,0.005130625,0.005253678,0.0051665273,0.005095085,0.0051856204,0.005226216,0.005258279,0.0050950604,0.0052147773,0.0051499126,0.005180794,0.0049570147,0.0052457773,0.0051186266,0.005102065,0.005107658,0.0051168716,0.0,0.005090735,0.005098008,0.005090786,0.0049812677,0.0050899787,0.0050369413,0.005249727,0.0052401843,0.005251043,0.005148947,0.0051820404,0.005139358,0.005142113,0.005274384,0.0051503284,0.0052496907,0.0052310335,0.004947457,0.0052556423,0.0051164175,0.005194749,0.004931425,0.005261104,0.0052653537,0.005255596,0.005124063,0.0052328897,0.0049443687,0.0052240547,0.0051092845,0.0050106226,0.005201112,0.005258718,0.0052551753,0.0049129324,0.0050313165,0.0052681775,0.0050750896,0.0052327053,0.0052537895,0.005127807,1.0033551,0.004932671,0.005227216,0.0051118364,0.0050143967,0.004897272,0.0050295666,0.004941832,0.0052666306,0.0052562123,0.0051671383,1.0038924,0.0051447083,0.005002271,0.005244834,0.00500861,0.005510652,0.00513238,0.005224652,0.0049513457,0.005254117,0.0051691644,0.0050250767,0.0051666046,0.0049253,0.0049184705,0.0051006675,0.005059827,0.004977659,0.0048969127,0.0049232207
-0.005282425,0.99502516,-0.005390522,-0.005404363,-0.0053673503,0.99479026,-0.0052272286,-0.005399121,-0.005295286,0.99498904,-0.005403307,-0.0054043215,-0.005381736,-0.005357314,-0.005268366,-0.0053654755,-0.0052133477,-0.005403882,0.99497503,-0.0052570957,-0.0053299456,-0.0053994628,-0.0053370446,-0.0052849906,-0.005357114,-0.0053818873,-0.0053975717,-0.0052960995,-0.0053805956,-0.005332443,-0.005355226,-0.005218871,-0.0053728954,-0.005314384,-0.0053159976,-0.005290713,-0.005305105,-0.0053669796,0.0,-0.005312976,-0.005308385,-0.005245947,-0.005293582,-0.005263149,-0.0053920145,-0.00539172,-0.005385163,-0.005331018,-0.005353557,-0.005318492,-0.005322451,-0.0054113087,-0.005325548,-0.005383815,-0.0053896657,-0.005209803,-0.0054004434,-0.005299491,-0.005363918,-0.0052195094,-0.005413152,-0.0053934194,-0.005390253,-0.0053031314,-0.0053841216,-0.005222245,-0.005387049,-0.005294606,-0.0053810817,-0.0053630397,-0.005409387,-0.0054118256,-0.0052274363,-0.0052614138,-0.0054048644,-0.00527872,-0.0053935377,-0.0053801183,-0.0053092153,0.9948413,-0.005262694,-0.005388709,-0.005308491,-0.005251657,-0.0052143442,-0.0052657365,-0.005209,-0.005410448,-0.00539019,-0.005338555,0.9950057,-0.005313965,-0.005235782,-0.005367354,-0.005245725,-0.0063223653,-0.005330406,-0.005381722,-0.005213131,-0.0053957454,-0.005337162,-0.005252017,-0.005337552,-0.0052187582,-0.0052435948,-0.005293312,-0.0054288865,-0.005220945,-0.0052013183,-0.005192195
-1.7854245e-05,0.99567294,-0.001688164,-0.0017547427,-0.002375886,0.9956466,1.4903372e-05,-0.0014616997,7.693323e-06,0.9956943,-0.0019314418,-0.0017266478,-0.001226952,-0.0006507387,5.369032e-06,-0.00071103714,3.0109288e-06,-0.0017174822,0.9956891,-7.4070033e-07,-3.8180577e-05,-0.0019054424,-6.0150055e-06,1.0498117e-05,-0.0003746896,-0.0012565732,-0.0020375326,-1.9701725e-05,-0.0009405102,-1.6407263e-05,-0.0004386802,1.2857924e-05,-0.0023720365,-4.5996254e-05,6.1591863e-06,-1.4274995e-05,-4.024647e-05,-0.00230703,1.7657927e-05,0.0,-2.4922307e-05,1.1193236e-05,-1.2139775e-05,-2.7840828e-05,-0.0014565989,-0.0014335176,-0.0020510287,-4.4691275e-05,-0.00030267067,-6.176098e-05,-8.609611e-06,-0.0017841909,-9.484537e-06,-0.0021731798,-0.0013761246,3.5834245e-07,-0.0017561069,3.634511e-06,-0.00056929246,-2.3150535e-06,-0.0017728418,-0.0019325824,-0.0018492031,2.788273e-06,-0.0014231853,-7.227389e-06,-0.0013714769,-2.9101277e-05,-2.2513554e-05,-0.0006648804,-0.0017596573,-0.0016090444,-1.8232671e-05,-9.464744e-06,-0.0018025297,-1.1995627e-05,-0.0014410522,-0.0021916945,-5.759682e-06,0.99564636,1.2685151e-05,-0.001375394,-1.8010094e-05,-8.531529e-06,-2.0524052e-05,-2.3805922e-05,-1.7566857e-05,-0.0016322094,-0.0021888944,9.024503e-06,0.9956908,-1.1941106e-05,-2.6102101e-05,-0.002431641,-2.468459e-05,1.6034257e-05,-2.2010661e-05,-0.0012368121,-1.9640887e-05,-0.001934411,-0.00012216123,1.0336725e-05,-4.3746735e-05,-1.2083062e-05,1.3488962e-05,-3.8235925e-05,3.9831216e-06,-1.427327e-05,-2.6257207e-05,1.538039e-05
-2.5708861e-05,0.9957323,-0.0019916317,-0.0020578299,-0.002569653,0.9956807,-2.7021708e-05,-0.0017883849,-3.0588628e-05,0.9957587,-0.00218041,-0.0020224028,-0.0015678484,-0.0010702593,1.4318739e-05,-0.0011394466,-2.2575157e-05,-0.0020113494,0.99574715,-3.5446003e-05,-7.1894385e-05,-0.002175376,-0.00045224797,-2.3961113e-05,-0.0008271072,-0.0016169812,-0.0022600542,-1.048211e-05,-0.0013541935,-3.8213635e-05,-0.00090040156,2.737838e-06,-0.0025648375,-6.1525054e-05,-5.617435e-05,-2.4500618e-05,-5.6191962e-05,-0.0024993343,-2.0373845e-05,-7.671616e-06,0.0,-1.826439e-05,-1.766659e-05,-4.1956115e-05,-0.0017613966,-0.001749435,-0.0023047675,-4.7235328e-05,-0.0007573313,-0.00030627544,-7.1064e-05,-0.0020636986,-0.00040394298,-0.0023899372,-0.0017302827,6.0900555e-07,-0.0020599281,-1.9294934e-05,-0.0010021202,1.0819967e-05,-0.002060166,-0.0021909075,-0.0021360752,-7.609715e-05,-0.0017555928,-2.3358312e-05,-0.0016793807,-4.102492e-05,-6.9662415e-06,-0.001073529,-0.002024339,-0.0019113229,-1.4566927e-05,-4.1465057e-05,-0.0020957217,9.0416825e-07,-0.001760965,-0.0024204259,-0.0003942547,0.99569124,-2.2563418e-05,-0.001706781,-5.182642e-05,-1.2574856e-05,-5.849165e-06,-3.3622167e-05,-5.884632e-06,-0.0019353994,-0.002394783,-0.00046402714,0.99575096,-0.0003247343,2.82429e-06,-0.0026162837,-2.3826615e-05,-2.7475407e-05,-9.152281e-06,-0.0016016765,-3.2314845e-05,-0.0022006787,-0.0005944977,-1.4289616e-05,-4.694057e-05,-3.765978e-05,9.302183e-06,-0.00010755425,-1.394229e-05,-1.8979086e-05,-1.8842878e-05,-3.444321e-06
-0.0015746977,0.9960585,-0.0030227876,-0.003030377,-0.0032606034,0.9959082,-0.00089917734,-0.0029100054,-0.00091372075,0.99607986,-0.0030966739,-0.0030245727,-0.0027975526,-0.0025534113,-0.0009056507,-0.0025975418,-0.0008914612,-0.003023189,0.9960634,-0.0009517102,-0.0020451003,-0.0030840663,-0.0022917446,-0.0016241705,-0.002453672,-0.0028252755,-0.003130409,-0.0017007218,-0.0026866454,-0.0019687081,-0.0024340071,-0.0012622351,-0.0032688058,-0.0020614383,-0.0017973176,-0.0020663694,-0.0020400912,-0.003237296,-0.0011481731,-0.0017695159,-0.0016889499,0.0,-0.0016714025,-0.0014946677,-0.0028929783,-0.0028815002,-0.0031484861,-0.0019483928,-0.0023974443,-0.0021772236,-0.0020386227,-0.0030195045,-0.0022459188,-0.00319283,-0.0028805393,-0.0011658699,-0.0030213937,-0.0020481325,-0.0025248025,-0.0010260706,-0.0030224693,-0.0030948708,-0.0030622345,-0.002084764,-0.0028722747,-0.0012496384,-0.002846152,-0.0020424519,-0.0010358174,-0.0025797535,-0.003029171,-0.002970157,-0.0010306139,-0.0015330053,-0.0030643109,-0.0016405648,-0.0028856972,-0.0032062335,-0.002190654,0.99597794,-0.00095061347,-0.0028593964,-0.0017809262,-0.0014100223,-0.0009119479,-0.0014413523,-0.0011732351,-0.0029805352,-0.0031952795,-0.0022891136,0.99607474,-0.002207271,-0.0013733737,-0.003292343,-0.0014046738,-0.0018627166,-0.0019188487,-0.0028060835,-0.0012400396,-0.003095295,-0.0023400567,-0.0014810743,-0.0020194808,-0.0010679582,-0.0010453655,-0.002071929,-0.0010167849,-0.0012489258,-0.0010767626,-0.0010747528
-4.1147243e-05,0.9958023,-0.002151933,-0.0022277567,-0.0026912335,0.9957555,1.5309137e-05,-0.0019702502,-2.4380406e-05,0.9958248,-0.0023564673,-0.0022056727,-0.0018118299,-0.0013614703,1.924002e-05,-0.0014115472,-6.5547656e-06,-0.0021933408,0.99581516,9.83211e-06,-0.0006671244,-0.0023299148,-0.00077692204,1.2622774e-05,-0.001130597,-0.0018235493,-0.0024442154,-1.1000642e-05,-0.0015786997,-0.00011007789,-0.0011738508,-3.3030465e-05,-0.0026945295,-0.00041225913,-1.9878669e-06,-0.00033811113,-0.00038228327,-0.0026304713,1.0829176e-05,-2.079957e-06,-2.5336762e-05,1.2707864e-05,0.0,-1.8257113e-05,-0.001966542,-0.001954674,-0.002437176,-0.00018803202,-0.0010804245,-0.0006278755,-0.00038711555,-0.0022403935,-0.0007312782,-0.0025307112,-0.0019072583,-2.6108735e-05,-0.0022302829,-0.00033214327,-0.0013133888,1.7051176e-05,-0.0022646042,-0.0023526796,-0.002279202,-0.00040637425,-0.0019417893,5.1724055e-06,-0.001909038,-0.00038211467,1.4567068e-05,-0.0013494586,-0.002236254,-0.002073843,5.5353094e-06,-2.7408627e-05,-0.0022523566,-3.68871e-05,-0.0019672937,-0.0025439342,-0.0007237599,0.9957524,-1.244029e-05,-0.001916403,4.8024103e-06,-3.4016644e-05,1.6159361e-06,-3.4179855e-05,-2.3535387e-05,-0.0021153274,-0.0025403395,-0.0007806626,0.9958224,-0.0006388038,-2.4485571e-05,-0.0027316106,-2.2120646e-05,1.1802055e-06,-0.00015001501,-0.0018147163,-1.6310445e-05,-0.0023684772,-0.0009094793,-7.699638e-07,-0.00032858195,-9.759516e-06,-4.0817042e-07,-0.00046748432,1.9964169e-05,-1.6889617e-05,-1.41477985e-05,-1.7741258e-05
-0.0005288877,0.9959437,-0.0025602386,-0.0025751016,-0.0029246577,0.99585927,-1.5801962e-06,-0.0023981582,3.8226704e-06,0.99596184,-0.0026827194,-0.002567243,-0.002256452,-0.0019142816,-8.391932e-06,-0.0019547944,-1.7892515e-05,-0.0025604365,0.9959595,-2.5877598e-05,-0.0013273243,-0.0026695607,-0.0014900494,-0.0005866706,-0.0017368152,-0.0022985698,-0.002740679,-0.0005759641,-0.0020545106,-0.0009949363,-0.0016553538,-3.503429e-05,-0.002937207,-0.0011668698,-0.0008170644,-0.0011656922,-0.0011269068,-0.0028923952,-1.8902885e-05,-0.00077836163,-0.00069456064,-0.00017147239,-0.0006054595,0.0,-0.0023819264,-0.0023735072,-0.0027470447,-0.0009913975,-0.0016793831,-0.0013448339,-0.001152505,-0.002570131,-0.0014435992,-0.0028133802,-0.002357202,-1.9169762e-05,-0.0025675653,-0.001133122,-0.0018702016,1.2390437e-05,-0.002589594,-0.0026816889,-0.0026187836,-0.001185722,-0.0023592128,-0.00010543055,-0.002314809,-0.0011674459,1.6730362e-05,-0.0019182335,-0.0025872258,-0.0024791432,-2.5290177e-05,-0.0003892241,-0.0026154877,-0.0005965152,-0.002370321,-0.0028267524,-0.0013372737,0.99589354,5.366998e-06,-0.0023341058,-0.0007604697,-0.0003357714,-1.29475275e-05,-0.000365529,-1.2715866e-05,-0.0024971648,-0.0028226492,-0.0014848581,0.99596167,-0.0013731156,-0.00026842815,-0.0029588775,-0.00030648723,-0.00045386428,-0.00097347365,-0.0022601793,-4.628756e-05,-0.0026846363,-0.0015818077,-0.00035113766,-0.0011105345,7.192532e-07,1.2513306e-05,-0.0011964465,1.0634705e-05,-5.17966e-05,-1.4899578e-07,-2.330911e-05
0.0016607394,0.99803466,0.0041194535,0.004100902,0.004323115,0.9954129,3.833916e-05,0.003995299,-3.1509505e-06,0.9976506,0.0041737203,0.0041010594,0.0038455287,0.0035191241,3.3981247e-05,0.0035866757,-6.5630127e-07,0.0041308957,0.9974958,-2.0036484e-08,0.0027169124,0.0041633225,0.0031522717,0.0018502389,0.003329956,0.0038770838,0.0042150817,0.0019362383,0.0036316577,0.002587568,0.0032288407,0.0009388193,0.004333688,0.002672389,0.0022073304,0.0027248573,0.0026527473,0.004306265,-4.178498e-06,0.0020985336,0.0019611218,0.0006811707,0.0018600768,0.0014057293,0.0,0.003943415,0.004236787,0.002451238,0.0033424625,0.0029393206,0.0026875148,0.004113246,0.0030562223,0.0042679184,0.0039368076,0.00042642973,0.004096,0.002694362,0.003469386,0.00013197637,0.0041054217,0.004200796,0.004143302,0.0027211444,0.003920365,0.00091391447,0.0038439687,0.002694979,2.6314085e-05,0.0035642767,0.0041068387,0.0040306244,3.227333e-05,0.0014866017,0.0041562845,0.0018523003,0.00391502,0.0042903405,0.0029041918,0.99599767,1.8175959e-05,0.0038954895,0.002174442,0.0013504361,4.9296646e-05,0.0013188822,0.0003813439,0.004061813,0.0042671706,0.0031488135,0.99777687,0.0029482893,0.0012457416,0.0043481016,0.0013429855,-1.7399729e-05,0.0024195833,0.0038397755,0.00058169116,0.0041670003,0.0032100861,0.0014403897,0.0026615588,0.0002007231,4.2299703e-06,0.0027154821,-1.0283985e-06,0.00070246874,0.00012401304,0.00037687185
0.0016779132,0.99801433,0.004165552,0.0041361055,0.0043600034,0.9953942,3.3024713e-05,0.0040342133,4.203552e-05,0.9976315,0.004214596,0.004142267,0.0038818854,0.0035626343,1.7593959e-05,0.0036310449,5.108063e-05,0.004172552,0.99747914,-3.101399e-06,0.0027082204,0.0042041,0.0031857276,0.0018611494,0.0033660938,0.0039262506,0.004252732,0.0019548822,0.0036744578,0.0026311998,0.0032733053,0.00092824065,0.004368006,0.002702503,0.0022287231,0.0027588939,0.0026930384,0.0043396046,2.6664431e-05,0.0021225167,0.0019692793,0.00068400236,0.0018807004,0.0014208911,0.003988904,0.0,0.0042770365,0.0024660698,0.0033957062,0.002983749,0.0027221409,0.0041570915,0.0030952499,0.004306627,0.0039849277,0.00041909152,0.00414547,0.002731121,0.0035211353,0.00010503954,0.004140601,0.0042427415,0.004184757,0.0027475762,0.00396014,0.00097171945,0.00387508,0.0027364555,3.1524538e-05,0.0036007182,0.0041383556,0.0040738033,-7.566104e-06,0.0014775867,0.004200916,0.0018824551,0.0039527654,0.0043291408,0.002936266,0.99596757,-1.0259973e-05,0.0039330414,0.0022301164,0.0013598781,4.1999647e-05,0.0013219897,0.00035242696,0.0040969057,0.004306025,0.0031824117,0.9977521,0.002979204,0.0012246225,0.0043812306,0.0013418109,-4.024056e-06,0.002434935,0.0038820421,0.0005841598,0.0042059473,0.0032556434,0.0014653796,0.0026908168,0.00021163258,-3.7987982e-06,0.0027533101,-1.9876135e-05,0.0006946237,0.0001029773,0.00036498363
0.004552152,1.0032591,0.0048669376,0.004866505,0.004873932,1.0021797,0.0042998483,0.004854622,0.00431948,1.0030842,0.0048749633,0.0048682755,0.004815456,0.0047657248,0.0043273396,0.004778533,0.004275162,0.004878924,1.0030134,0.0042941156,0.0046554613,0.004869946,0.0047198045,0.004580787,0.0047472296,0.004820677,0.0048796255,0.004587645,0.004793169,0.0046759374,0.0047354707,0.0043939976,0.0048788246,0.004650556,0.0046078083,0.004641147,0.00464454,0.004874062,0.004464348,0.00459879,0.004584972,0.0044229417,0.004584148,0.0045023514,0.004844045,0.0048333216,0.0,0.0046678223,0.004745421,0.0046859505,0.0046670386,0.0048874165,0.004698268,0.0048772814,0.004832434,0.004371676,0.0048667244,0.0046495157,0.0047629424,0.0043378025,0.0048713614,0.004883789,0.004868516,0.004657312,0.0048319455,0.0043842425,0.0048139156,0.004639224,0.0043886923,0.004778784,0.0048680417,0.004859472,0.0043040626,0.0045022327,0.0048868884,0.004561881,0.0048329527,0.0048838337,0.0046685184,1.002283,0.004314301,0.004823867,0.004617644,0.0044772173,0.004290865,0.0044888663,0.0043598693,0.0048730657,0.004882697,0.004720123,1.0031463,0.004687278,0.004449618,0.0048798416,0.004466357,0.00490784,0.004643948,0.004816678,0.0043882336,0.004869654,0.0047252127,0.004496106,0.004692122,0.0043444303,0.00431064,0.004633748,0.0044375393,0.004418521,0.0043035974,0.0043430123
-2.568123e-05,0.99548435,-0.00064933347,-0.0007417945,-0.0016623143,0.99550474,-9.421037e-06,-0.00034287787,-1.3448276e-06,0.9955037,-0.0009798637,-0.00067879976,-4.953878e-05,-5.115429e-05,-1.5833293e-05,-2.6940423e-05,-7.0571537e-06,-0.0006646101,0.9955021,2.9634577e-06,-2.1156624e-05,-0.00096466823,-3.5210967e-05,-9.5103005e-06,-2.2627182e-05,-0.00013697792,-0.0011309901,1.3538184e-05,5.0746116e-06,-2.3170143e-05,1.549978e-06,1.8210907e-06,-0.0016435798,-2.3769002e-05,-1.6023785e-05,2.8352506e-06,-1.9859799e-05,-0.001539159,1.6177357e-05,-2.5711646e-05,-2.4831988e-06,-2.998957e-05,5.874559e-06,-1.2501463e-05,-0.00034890007,-0.00031504538,-0.0011684862,0.0,-2.5777994e-05,-3.2881646e-05,-6.927267e-06,-0.00079162995,-4.864883e-07,-0.0013274665,-0.00028212584,-3.1300973e-05,-0.000723365,-4.387102e-05,3.822718e-06,-2.1099298e-05,-0.0007636444,-0.0009846934,-0.0008748977,7.9835745e-06,-0.00032213316,4.4296185e-06,-0.00023774864,-2.9776375e-05,-9.767082e-06,-5.2003285e-05,-0.0007119117,-0.0005463895,1.1578608e-05,-1.0456629e-06,-0.0008029155,-1.9228404e-05,-0.00032711469,-0.0013644518,-4.0455725e-05,0.9954973,-1.001665e-05,-0.00024525798,2.631858e-06,-2.036497e-05,-1.0518481e-05,-1.9123001e-05,-5.644383e-06,-0.0005813456,-0.0013670664,-3.1356634e-05,0.995504,-1.0506955e-06,-2.9790523e-05,-0.0017370271,8.610449e-06,-1.6615726e-07,-2.315081e-05,-7.808286e-05,1.2768509e-05,-0.0010099314,-2.4312214e-05,4.5945276e-06,-2.2688962e-05,-1.3113762e-06,-1.5578413e-05,-2.2340713e-05,-2.7915215e-05,-3.3581367e-07,8.435706e-06,1.6307804e-06
3.952643e-05,0.996412,0.0023108593,0.0022413167,0.0025907648,0.99533737,3.427104e-05,0.0021817088,-9.642775e-06,0.9962665,0.0023823217,0.0023501453,0.0019618636,0.0013702478,2.7526634e-05,0.0014733966,2.6029822e-05,0.0022997565,0.9960631,-8.9192e-07,8.113733e-05,0.0023125992,0.00080461777,5.7281388e-05,0.0009982944,0.0019863565,0.0024164426,6.9379507e-06,0.0015061562,4.525216e-05,0.0008066593,2.1404192e-05,0.0025722927,5.664446e-05,6.116055e-05,0.00017087537,0.00012239798,0.0025710154,1.953871e-05,6.547544e-05,3.616568e-05,5.2078427e-05,6.151869e-05,3.272928e-05,0.0019618154,0.0020024034,0.0024510957,7.707022e-05,0.0,0.00055545504,0.00011861558,0.002274377,0.00063244015,0.0025186795,0.0020735236,-8.279211e-06,0.002278738,0.00017853495,0.0012744673,3.8496673e-05,0.0023227585,0.0024406284,0.0022785543,7.6915174e-05,0.0020213162,2.7650733e-05,0.0018731465,0.00018567928,8.611911e-06,0.0014286911,0.0022801633,0.002167246,5.674039e-06,5.4061515e-05,0.002403647,3.3563574e-05,0.00196002,0.0025736121,0.0003778457,0.9954093,3.4790013e-05,0.0019878612,1.0422938e-05,2.2677508e-05,2.0376352e-05,2.7658196e-05,4.015568e-06,0.0022144786,0.0024642043,0.0008137781,0.9963214,0.00046773977,2.4346695e-05,0.0026114706,2.034376e-05,1.0565444e-05,2.8188926e-05,0.001919008,2.1321825e-05,0.002357067,0.0008787524,4.916829e-05,0.000104561506,-4.879228e-06,2.8202445e-05,0.00022579802,-6.896054e-06,2.8088787e-05,8.7213095e-08,2.0428135e-05
3.2055967e-05,0.9966074,0.001008575,0.0009084213,0.00109282,0.99580234,9.962446e-06,0.0008586201,3.1572854e-05,0.99655586,0.0009848995,0.001001051,0.000636457,0.00019310912,8.665303e-06,0.0002712732,2.3758963e-05,0.0009737844,0.9964237,1.5202443e-05,3.7649515e-05,0.00094888883,4.2595148e-05,5.6334364e-05,6.215216e-05,0.00070147496,0.0010435887,4.0193503e-05,0.00029924544,5.6738932e-05,3.866847e-05,2.6491467e-05,0.0010956421,2.7564256e-05,1.1996782e-05,3.305381e-05,4.2475494e-05,0.001123047,2.5452307e-05,6.1854225e-05,4.1339703e-05,-3.3299252e-06,2.2798933e-05,5.2940115e-05,0.0006532688,0.0006800506,0.0011240867,1.3486019e-05,5.359882e-05,0.0,2.7368553e-05,0.0009257909,7.080113e-05,0.001141588,0.00078160246,2.9090503e-05,0.0009310484,2.0766833e-05,9.700143e-05,1.8895895e-05,0.0009400478,0.0010646171,0.0009439214,4.3905304e-05,0.00071762956,1.7967071e-05,0.0005597946,7.899695e-05,3.3142383e-05,0.00024447084,0.00090547814,0.0008389017,-3.3358951e-06,3.2200773e-05,0.0010388573,6.288127e-05,0.0006616431,0.0011995679,5.0797727e-05,0.9958593,3.930943e-05,0.0006813916,1.7876524e-05,3.3963264e-05,7.40885e-06,2.9736235e-05,4.166821e-06,0.0008605439,0.0010444084,6.178993e-05,0.9965671,7.193286e-05,4.6670077e-05,0.0011119611,3.4244167e-05,1.7814693e-05,6.326734e-05,0.0006301337,2.4886429e-05,0.0009846643,9.8757286e-05,3.3757206e-05,5.2893145e-05,2.7879834e-05,3.318339e-05,1.8212088e-05,1.2040825e-05,7.0544024e-06,-2.1781575e-06,4.0136347e-05
6.319019e-06,0.9955601,1.401764e-06,-1.096454e-05,-2.5617504e-05,0.99555403,-2.1944804e-06,-1.184662e-05,5.9297236e-06,0.9955842,-3.3629836e-05,-1.9238354e-05,1.1220471e-05,1.4891836e-05,1.4602842e-05,5.025134e-07,2.0290114e-05,-1.1939234e-05,0.9955805,-2.073639e-06,-6.8968893e-06,1.0992799e-05,-5.8956243e-06,-7.721824e-06,-1.501909e-06,-4.657083e-06,2.7495985e-06,1.5227634e-05,-1.135996e-05,1.2990022e-05,-1.3939618e-05,1.5543012e-05,-8.165904e-06,-1.4456492e-06,-1.1457523e-05,-1.2791353e-05,6.610789e-06,-3.2509095e-06,-1.6036125e-05,-5.8145197e-06,-2.1089809e-05,-5.8904743e-06,-6.5151876e-06,-3.0958395e-06,6.025303e-06,-1.8949817e-05,-2.0507905e-05,9.512276e-06,7.2079456e-06,-7.309436e-06,0.0,-2.89915e-05,6.1462997e-06,8.476291e-06,-3.4866093e-06,-5.5518276e-06,-1.7490033e-06,-6.942224e-06,6.0080556e-06,2.1319052e-05,-9.40181e-06,-3.3119068e-05,-1.3243283e-05,-1.26980785e-05,1.0458144e-05,1.2229048e-05,-2.2990986e-05,-2.411481e-05,-1.3131009e-05,-1.8911347e-05,2.35402e-07,-5.164587e-06,-1.4120036e-05,-2.5200009e-06,-1.1515252e-06,-3.9276506e-06,1.7377977e-06,-2.3536563e-06,-1.03251095e-05,0.9955473,1.2166704e-05,4.0523237e-06,-8.3486e-06,1.6387316e-05,1.5734782e-05,6.789717e-06,-1.0743144e-05,-6.5985373e-06,-1.0027357e-05,9.675855e-07,0.9955804,-2.5043826e-05,1.843085e-05,-1.9575495e-05,-8.714756e-06,-1.0448623e-05,-1.6542726e-05,-2.6564148e-06,1.564118e-05,-9.526054e-06,8.155728e-06,-1.1364769e-05,-7.5702933e-06,1.6161804e-06,1.7880659e-05,-5.107895e-07,3.3656409e-06,1.6032023e-05,-2.2630018e-05,1.1190931e-05
0.0031011035,1.0005445,0.004526775,0.0045363484,0.004176538,0.9987873,0.002391178,0.004559338,0.0023574866,1.0000931,0.004562166,0.0045414525,0.004351912,0.0042832275,0.0024049988,0.00435496,0.0023780188,0.004625727,0.99993306,0.002378204,0.0035002336,0.00457193,0.003889176,0.0031747236,0.004121415,0.004443204,0.0044290912,0.003204377,0.00437183,0.003503409,0.0039522513,0.0027170542,0.0042350804,0.003689935,0.0032806622,0.0037308037,0.0036886304,0.004275383,0.0024551705,0.0032607622,0.003182781,0.0028014116,0.0031930269,0.002979046,0.0045350026,0.0044595483,0.004515911,0.0035080083,0.0040255366,0.0038189718,0.0036853794,0.0,0.0038769082,0.004527637,0.004475577,0.0026311597,0.004580989,0.0037202854,0.0040367506,0.0025209202,0.004475041,0.0046472554,0.0046054204,0.0036885282,0.004509662,0.0027047757,0.004401066,0.003681454,0.0024128936,0.004382746,0.0045626047,0.0045432243,0.002403524,0.0029812036,0.004673103,0.003150322,0.00450507,0.00442058,0.0038452162,0.9988943,0.0023812773,0.0044666952,0.0032821854,0.0029205387,0.002426517,0.002942989,0.0026025027,0.0045771822,0.0046412754,0.0038912531,1.0002445,0.0038241611,0.0028591305,0.00422978,0.0029079819,0.0028958775,0.0033944438,0.0044269348,0.0027103568,0.004522567,0.003940254,0.0029867613,0.0035580012,0.002578658,0.0023919796,0.0036890511,0.0024430102,0.0027579167,0.0024977252,0.0025798138
4.0640785e-05,0.99663496,0.0014183527,0.0012853735,0.0015790953,0.99573535,2.0190357e-05,0.0012794661,1.3104457e-05,0.99657077,0.0013997447,0.001374296,0.0010421652,0.00053313613,2.1526315e-05,0.0006194434,2.488318e-05,0.0013917038,0.99641603,3.8904895e-05,1.4848041e-06,0.001367038,0.00014937184,-2.942078e-09,0.00027132535,0.0011446022,0.0014327723,1.5070314e-05,0.00065992883,4.136923e-05,8.832612e-05,4.494514e-05,0.0015874528,5.780089e-05,1.5395592e-05,8.256362e-05,6.4894055e-05,0.0015988387,-1.4847052e-05,4.962823e-06,2.7237977e-06,2.149098e-05,3.9000017e-05,1.7845587e-05,0.0011152124,0.0011344255,0.0015664854,2.6943506e-05,0.00035537078,4.8143578e-05,7.186962e-05,0.001304169,0.0,0.0015963388,0.0012093106,1.4621027e-06,0.0013101067,5.725559e-05,0.0004534082,-1.0294574e-05,0.0013037157,0.001479015,0.0013519574,2.4797871e-05,0.0011451802,-4.862803e-06,0.0009953539,5.1967858e-05,4.806182e-06,0.000594421,0.0013126624,0.0012869319,3.251186e-05,-4.843423e-07,0.0014340201,1.8644327e-05,0.001085327,0.0016423075,4.855883e-06,0.99577284,3.312902e-05,0.0011072863,4.3841497e-05,2.6242196e-05,1.1411594e-05,4.5654953e-05,3.6760702e-07,0.0012981582,0.0015150302,0.00013879873,0.99658024,4.4858738e-05,-7.2066578e-06,0.0015866123,3.9491923e-05,-2.6392543e-06,1.082432e-05,0.0010492433,-5.428075e-06,0.00138954,0.00020598528,2.284147e-05,6.62788e-05,3.0032541e-05,3.9234434e-05,5.7868812e-05,2.0092577e-05,-3.3615029e-06,3.9742547e-05,1.3121529e-05
0.00479233,1.003606,0.0050374875,0.0050411755,0.005036987,1.0027188,0.0045873486,0.005030131,0.0046027726,1.0034754,0.0050458256,0.005042464,0.00500118,0.004957913,0.0046154754,0.0049685505,0.0045580147,0.005049695,1.0034167,0.004580048,0.004874629,0.005040282,0.00492163,0.0048131156,0.004943494,0.004999449,0.0050474824,0.0048190537,0.004981091,0.0048902957,0.0049348488,0.004651627,0.0050409785,0.004863165,0.0048331814,0.004851119,0.0048607914,0.0050352407,0.0047546704,0.0048232838,0.0048152935,0.0046801134,0.0048106546,0.0047452245,0.005023297,0.00501476,0.005041909,0.0048825406,0.0049436316,0.0048890607,0.0048825624,0.005057381,0.004904795,0.0,0.0050097625,0.0046377894,0.0050408957,0.0048615714,0.004957222,0.004611706,0.00504589,0.0050529214,0.00503946,0.0048690806,0.005011251,0.0046435324,0.004995876,0.0048513287,0.004674708,0.00496453,0.0050445152,0.0050371834,0.004584433,0.004741849,0.0050540646,0.0047940393,0.005009487,0.0050474503,0.004875739,1.0028198,0.004598065,0.0050032698,0.0048420117,0.0047197957,0.004570123,0.0047377846,0.0046287775,0.005044767,0.0050500985,0.0049211057,1.0035193,0.004890889,0.00470062,0.0050401343,0.0047173533,0.0051870653,0.0048638484,0.0049978322,0.004647752,0.0050412756,0.004926724,0.004737393,0.0049043046,0.0046154065,0.0045941058,0.0048464453,0.004730143,0.0046751224,0.004581905,0.0046116486
0.0016488982,0.99800223,0.004191963,0.0041382215,0.004353075,0.9953457,5.0902996e-05,0.0040551126,4.1405674e-06,0.99766564,0.004214524,0.0041593136,0.0038749436,0.0035489756,1.19422275e-05,0.003610991,-8.815468e-06,0.004173328,0.9974591,4.2234293e-05,0.0026040685,0.0041901856,0.0031868364,0.0018109581,0.0033510006,0.003939269,0.0042478084,0.0019829862,0.0036666668,0.002666139,0.0032203232,0.0005875253,0.004359946,0.0026826356,0.002232957,0.002753145,0.0026915176,0.0043454166,1.1985025e-05,0.0021095376,0.0019122387,0.0006007998,0.0019269362,0.001433351,0.0039638234,0.003953531,0.004280013,0.0024493565,0.0033840262,0.0029827151,0.0027043622,0.004153445,0.0030906466,0.0043049916,0.0,0.00039644452,0.0041415715,0.0027500438,0.0034887106,7.701657e-05,0.004122963,0.004253989,0.004182996,0.002712604,0.003962835,0.00065163616,0.0038705315,0.0027200736,3.7114696e-05,0.0036014314,0.0041262964,0.004087016,5.2698975e-05,0.0014596675,0.004228699,0.0018437706,0.003933894,0.0043412815,0.002868567,0.9955013,1.3092145e-05,0.0039338386,0.0022592098,0.0013165502,3.645565e-05,0.0013080506,0.00031522967,0.0041020047,0.004294651,0.0031889477,0.9977382,0.0029780846,0.0011815913,0.0043819332,0.0013373722,3.0546857e-05,0.0024063075,0.0038824717,0.00057507784,0.0041988613,0.0032561424,0.0015151773,0.0026532162,0.00019579497,2.7295524e-05,0.0027443487,1.8082608e-05,0.00069559977,7.959422e-05,0.00032460215
-0.0023620853,0.99605894,-0.0033923762,-0.0034073216,-0.0035725972,0.9959278,-0.0019219002,-0.0033177438,-0.0018908187,0.99607515,-0.0034620066,-0.003405229,-0.003245383,-0.0030706543,-0.0018633778,-0.0030980858,-0.0018885231,-0.003403331,0.99607253,-0.0018831204,-0.0027802458,-0.0034505744,-0.0028752692,-0.0024069985,-0.0029970352,-0.003259106,-0.0034831585,-0.0024025114,-0.0031554454,-0.0026327628,-0.0029775023,-0.0020745546,-0.0035768677,-0.002699512,-0.0025356363,-0.002697422,-0.0026915888,-0.0035524468,-0.0020925023,-0.00251558,-0.002461622,-0.0021634868,-0.0024087839,-0.0022823133,-0.0033020482,-0.0032990996,-0.0034878948,-0.0026331816,-0.00297929,-0.0027997773,-0.0027016625,-0.003411809,-0.0028413334,-0.0035199572,-0.0032937664,0.0,-0.0034060467,-0.0026840407,-0.0030580375,-0.0019177276,-0.003418496,-0.0034575274,-0.0034244847,-0.002714658,-0.0032902455,-0.0020807264,-0.0032710098,-0.0026972676,-0.0019179776,-0.00307987,-0.0034124274,-0.0033622656,-0.0018973508,-0.0022531697,-0.0034318632,-0.0023898939,-0.0033005737,-0.0035274264,-0.0027944238,0.9959697,-0.0018715368,-0.0032807325,-0.0024906592,-0.0022255012,-0.0018704328,-0.002276653,-0.0019823387,-0.0033678482,-0.0035221477,-0.0028750494,0.9960771,-0.0028046318,-0.002183421,-0.0035901077,-0.0022145133,-0.0028642488,-0.002614688,-0.0032468236,-0.002075766,-0.003456639,-0.0029112955,-0.0022704082,-0.0026915385,-0.0019568051,-0.001877867,-0.00270948,-0.0019913851,-0.0020598683,-0.0019348429,-0.0019270091
0.0035230713,1.0014932,0.004501848,0.00417279,0.004260566,0.9998395,0.0029961506,0.004177783,0.002980357,1.0011269,0.004211434,0.004200686,0.004081608,0.0039878213,0.0030114292,0.004327798,0.002983645,0.0042324658,1.0009828,0.002988192,0.0037888403,0.004202175,0.0039127967,0.003565534,0.003933396,0.004105525,0.004224684,0.003586695,0.0043527884,0.0037793636,0.003928915,0.0032352635,0.004268515,0.0037755638,0.0036554923,0.0037409377,0.0037676354,0.004251555,0.003084463,0.003632286,0.00358733,0.0033044382,0.0035788058,0.003431757,0.004439621,0.004449149,0.0042087613,0.0037602347,0.003946441,0.0038382094,0.0037760348,0.004478843,0.0038466803,0.0042262785,0.004124793,0.003180991,0.0,0.0037595409,0.003977999,0.003091392,0.004177546,0.0042344057,0.0041923826,0.003782225,0.004351891,0.0032253892,0.0044064918,0.0037473964,0.0030407854,0.0040881913,0.00450472,0.0044784322,0.0029996242,0.003422723,0.0042481236,0.0035521337,0.004093483,0.0042502657,0.003794985,0.9999627,0.0029883382,0.0040893676,0.0036517712,0.0033901227,0.0030161962,0.003412382,0.0031503509,0.0041664075,0.004243549,0.0039272364,1.0012509,0.0038234917,0.0033393037,0.0042858724,0.0033760387,0.0035153718,0.0037164507,0.0040947716,0.0032291913,0.0041884654,0.0038928622,0.0034278904,0.00380429,0.0031284876,0.0029968673,0.0037500553,0.0030684867,0.0032620463,0.003066689,0.0031286865
1.1704912e-05,0.9961604,1.892869e-05,2.847713e-05,1.3454918e-05,0.9958766,-6.1271305e-07,1.5650272e-05,2.199237e-05,0.99617666,1.2506366e-05,3.351397e-05,1.784738e-05,2.6014934e-06,2.1527283e-05,1.5638152e-05,1.5193374e-05,3.5543537e-05,0.99614,2.1854448e-06,2.9543213e-05,1.034814e-05,-8.374384e-06,-1.7656291e-06,3.1770094e-05,1.195654e-06,3.2670814e-05,2.5801575e-05,2.140435e-05,2.0232394e-05,3.055424e-05,2.1583e-05,2.8762199e-05,2.0755901e-06,1.9901609e-05,1.7930184e-05,1.3650145e-05,2.4872239e-05,1.8522824e-06,-7.231841e-06,1.6140451e-05,2.9418909e-05,-3.4622317e-07,1.6856016e-05,3.0060373e-05,-5.046083e-06,2.1071051e-05,2.0636435e-05,3.029735e-05,8.848182e-06,1.4475799e-05,2.210895e-05,1.7422904e-05,3.2579534e-05,9.5252e-06,2.8992687e-05,-5.325078e-06,0.0,3.410754e-05,1.4100368e-05,1.3331435e-05,2.3238608e-06,2.8656219e-05,1.3984422e-05,4.8819657e-06,2.375184e-05,9.656195e-06,3.2779204e-05,-1.2810564e-05,3.2477914e-05,2.329356e-05,2.7612194e-05,1.7586513e-05,4.8095744e-06,3.3808024e-05,8.857975e-06,2.6004744e-05,-6.0603867e-07,2.4567546e-05,0.995892,-3.2415155e-06,8.119509e-06,2.6855478e-05,2.5198315e-05,2.0782554e-06,-3.7761931e-06,-7.742347e-06,1.0376878e-05,3.147463e-05,-5.8852975e-06,0.99617565,2.6342827e-06,3.355127e-05,1.0099963e-05,5.446183e-06,1.4016715e-05,1.7199636e-05,1.5398236e-05,-1.2724158e-05,2.8553286e-06,2.4261164e-05,-1.292108e-05,-1.2835459e-06,3.150705e-05,1.7247472e-05,2.8808608e-05,-9.322864e-06,-5.3498984e-06,1.0876449e-05,-8.898487e-06
-4.7321424e-07,0.9964642,0.0027711892,0.0027150253,0.0030809906,0.9951552,1.532973e-05,0.0025691355,2.2212202e-05,0.99619585,0.0028531917,0.0027576627,0.0023454155,0.0018170385,3.770889e-05,0.0018955468,1.1262895e-06,0.0027772319,0.99605846,1.4797609e-05,0.0004262962,0.0028329547,0.0011819634,1.2851098e-05,0.0014490029,0.002449372,0.0029291278,6.344503e-05,0.0019323505,0.00024664795,0.0012656839,-7.964755e-06,0.0030791413,0.00042606695,5.171786e-05,0.00048661578,0.00042404095,0.003047845,-6.4175183e-06,-6.2875088e-06,5.381389e-05,5.0571318e-05,4.534237e-06,3.2652963e-05,0.0024768608,0.0024973787,0.0029282882,0.000101776604,0.0015741402,0.00089994085,0.0004741734,0.0027372504,0.001042957,0.0029887317,0.002512669,-2.186851e-06,0.002723733,0.00048810476,0.0,4.0789088e-05,0.0027425364,0.0028851887,0.0027960767,0.00045243325,0.0024568513,4.0415845e-05,0.0023596273,0.00056231866,1.5154001e-05,0.001883884,0.002727413,0.0026155037,1.4707289e-05,3.627139e-05,0.002838152,5.059764e-05,0.0024304225,0.0030283898,0.0007909911,0.99519074,1.6417209e-05,0.002439343,9.447214e-06,2.5281797e-05,3.8535272e-05,4.024267e-05,3.794543e-05,0.0026661349,0.0029773845,0.0011885086,0.9962844,0.00084255607,3.5318084e-05,0.0031017743,5.3657636e-06,-1.1392658e-05,6.0314565e-06,0.0023582522,-6.4641597e-07,0.0028492927,0.00131808,3.1526463e-06,0.0003480284,3.9414837e-05,6.398319e-06,0.0006022386,4.746521e-06,2.317861e-05,2.6487261e-05,9.016733e-06
-0.0032457998,0.9959109,-0.003892119,-0.0039125453,-0.0040010875,0.9957516,-0.0029713102,-0.0038541008,-0.0029939923,0.99592054,-0.0039392775,-0.0039109206,-0.0038034145,-0.0036930295,-0.0029458653,-0.0037084466,-0.002996565,-0.003907884,0.995914,-0.0029782753,-0.0034942897,-0.0039331825,-0.0035654549,-0.0032684498,-0.003649822,-0.0038106886,-0.0039555067,-0.0032676193,-0.003764376,-0.0034129787,-0.003659342,-0.0030949558,-0.0040026414,-0.0034570524,-0.0033624487,-0.0034330264,-0.0034544638,-0.0039876266,-0.0031765,-0.0033410576,-0.003298096,-0.0031137653,-0.0032726366,-0.003223493,-0.0038405014,-0.0038404248,-0.0039535626,-0.0034246854,-0.0036379914,-0.0035241118,-0.0034564694,-0.0039193453,-0.003540276,-0.0039703087,-0.00383347,-0.0030072914,-0.0039130673,-0.003439442,-0.0036880716,0.0,-0.003919212,-0.0039367606,-0.0039223405,-0.0034490204,-0.0038343354,-0.0030498637,-0.0038243702,-0.0034424253,-0.0030559485,-0.003699903,-0.0039122817,-0.0038877642,-0.0029465829,-0.0031558347,-0.0039247177,-0.0032493004,-0.0038445566,-0.0039762496,-0.00352143,0.9957832,-0.002936933,-0.003832894,-0.0033207862,-0.0031454603,-0.0029642333,-0.003205601,-0.0029826097,-0.0038891505,-0.0039730994,-0.00357181,0.9959209,-0.0035174068,-0.0031099168,-0.0040103197,-0.0031328227,-0.003962673,-0.0034092022,-0.0038054932,-0.0030786833,-0.00393834,-0.0035878003,-0.0031834492,-0.0034589542,-0.0029566865,-0.0029061246,-0.0034539949,-0.003116327,-0.0030289744,-0.0029379772,-0.0029542914
0.0032316507,1.0008017,0.004454127,0.0044023264,0.0041754977,0.9990308,0.002596121,0.0043096626,0.0025852132,1.0003855,0.004386196,0.004356176,0.0042546242,0.0041704597,0.002605429,0.004386838,0.002597819,0.0045909667,1.0002012,0.0025829216,0.0036145798,0.0044054603,0.0039515714,0.0032949753,0.004062156,0.004271223,0.0041982047,0.0033045162,0.0043813195,0.0035717527,0.003953491,0.002901143,0.0041934433,0.0036836583,0.0034036585,0.00381605,0.0036935906,0.004167046,0.002665347,0.0033672152,0.0032998521,0.002987995,0.0032993534,0.0031325314,0.004567936,0.0044521373,0.0044336854,0.003576614,0.0039304122,0.0037699658,0.0036174597,0.004716953,0.0037410485,0.004414821,0.0042787245,0.0028177446,0.004369501,0.00364831,0.0039598495,0.0026905714,0.0,0.0043964004,0.0046193986,0.0037091682,0.00456277,0.0028800222,0.0043453197,0.0035672972,0.0026132492,0.004497452,0.0045208316,0.0044938116,0.0025837796,0.003105616,0.0043567987,0.0032753726,0.004509989,0.004298241,0.0039037515,0.99918646,0.00258856,0.0044049253,0.003385828,0.0030770304,0.0026330298,0.0031098276,0.0027611204,0.004529168,0.004412871,0.0039203227,1.0005093,0.0038913805,0.0030075226,0.004223634,0.0030517925,0.0031073922,0.0034824929,0.0042459704,0.0028548902,0.0044116387,0.0037353223,0.0031142419,0.0036213887,0.0027379284,0.0025549133,0.0035743848,0.0026457154,0.002896829,0.0026698136,0.0027601079
0.0042130305,1.0027252,0.004631331,0.0046292893,0.0046530035,1.0014025,0.0038809106,0.0046115085,0.003891501,1.0025067,0.0046443143,0.0046356237,0.004564499,0.0045022094,0.003912236,0.0045116013,0.0038603311,0.004642874,1.0023923,0.003878828,0.0043629454,0.004634867,0.004439616,0.0042443075,0.004470545,0.0045723408,0.0046470803,0.0042575905,0.0045281523,0.00437357,0.004453089,0.004018623,0.0046573877,0.00434839,0.0042903055,0.004342664,0.004348025,0.004652133,0.0040230905,0.0042771487,0.004254305,0.0040581287,0.0042456933,0.0041484,0.004597959,0.00458301,0.004642436,0.0043565095,0.004469593,0.0043927548,0.0043656565,0.004647739,0.004411178,0.0046489527,0.004585185,0.0039841286,0.0046297293,0.0043482366,0.004493737,0.003937595,0.0046299025,0.0,0.004633321,0.0043541375,0.0045864275,0.0040046573,0.0045604357,0.00433711,0.0039571375,0.0045142365,0.0046299933,0.0046184654,0.0038821867,0.004141592,0.0046540694,0.004226436,0.0045771254,0.0046594413,0.0043728077,1.0015086,0.0038927705,0.0045729256,0.004296398,0.004117534,0.0038760686,0.0041346154,0.0039676046,0.0046282373,0.004657152,0.0044400753,1.0025738,0.0043945867,0.00408864,0.004660992,0.0041084634,0.0044784485,0.004333374,0.004564749,0.0040125395,0.0046359063,0.004444768,0.0041487836,0.004388007,0.0039522485,0.0038981766,0.004335527,0.0040098713,0.004046404,0.0039088363,0.003949857
0.0038921703,1.0021538,0.004422808,0.0044266474,0.004469594,1.0006444,0.0034687715,0.004402771,0.0034688937,1.0018358,0.004445616,0.0044286475,0.0043381886,0.004261582,0.0034964762,0.0042782603,0.003450614,0.004444286,1.0017368,0.0034677438,0.0040796804,0.0044389567,0.0041898927,0.0039337403,0.004225641,0.0043534515,0.004451842,0.003953248,0.00430342,0.0040985052,0.0042167446,0.0036594206,0.0044749593,0.004082047,0.0039973455,0.0040695323,0.0040766434,0.0044653094,0.0035932248,0.0039798706,0.0039495085,0.003700631,0.003939718,0.0038217856,0.00438992,0.004365954,0.0044451845,0.0040801223,0.004225055,0.004136337,0.0040915837,0.0044505964,0.0041545904,0.0044553517,0.0043742266,0.003619992,0.0044269,0.0040779873,0.0042573577,0.0035515034,0.0044208216,0.0044555245,0.0,0.0040905126,0.00437477,0.003652245,0.0043367534,0.0040643755,0.0035479618,0.00429154,0.004417265,0.004407273,0.003486284,0.0038242466,0.004456321,0.0039222315,0.0043714675,0.004470922,0.0041195326,1.0007423,0.0034824351,0.0043570707,0.0040038107,0.0037823976,0.0034859106,0.0037995963,0.0036004658,0.0044237087,0.004467219,0.004194929,1.0019538,0.0041373307,0.00374769,0.004483775,0.0037740667,0.004049427,0.004052445,0.004347291,0.0036557466,0.0044339714,0.004192627,0.0038185993,0.0041159145,0.0035789257,0.0034934706,0.0040655434,0.00357742,0.0036932149,0.003527144,0.0035817674
4.3529533e-05,0.9965956,3.2479515e-05,5.7714507e-05,5.5833225e-06,0.9960361,2.3771805e-05,4.188147e-05,-3.746678e-06,0.9965887,2.5277115e-05,3.166057e-05,2.015878e-05,1.849345e-05,2.7949187e-05,4.7007853e-07,3.053308e-05,2.4853322e-05,0.9965253,1.8856486e-05,1.3080103e-05,2.699218e-05,4.0194325e-05,5.847154e-07,1.1728244e-05,7.5247585e-06,2.5445746e-05,4.3454336e-05,3.1472675e-05,3.664055e-05,1.5696158e-05,3.7135163e-05,3.2207216e-05,1.8896348e-05,4.120348e-06,5.039116e-05,2.8313132e-05,1.0152181e-05,1.1359921e-05,3.172109e-05,1.16009305e-05,2.9201115e-05,3.820596e-05,1.5761321e-05,4.9322254e-05,5.3430605e-05,2.208431e-05,4.842103e-05,3.2321102e-05,-2.801899e-09,5.372503e-06,3.650056e-06,4.9737035e-05,6.13681e-05,2.4010382e-05,2.9320825e-05,1.3736626e-05,1.4095263e-05,4.4647342e-05,3.0063928e-05,2.2614557e-05,2.0668584e-05,4.389214e-05,0.0,5.5415334e-05,-2.86632e-06,5.4024546e-05,1.876881e-05,2.0087286e-06,5.5301796e-05,1.7187012e-05,5.7477835e-05,1.2211612e-05,3.162895e-05,5.781186e-05,2.0112793e-05,2.2102175e-05,6.0524857e-05,-6.6923724e-07,0.99607205,3.3900917e-05,3.864317e-05,2.4763343e-05,2.391385e-05,3.6837428e-05,3.3830227e-05,1.697518e-05,2.8365735e-05,4.7074577e-06,1.9498697e-05,0.99659663,2.2718736e-05,3.0811912e-05,5.656472e-05,-5.70979e-06,-1.4897298e-06,4.4230677e-05,2.5780239e-05,1.2933684e-05,1.7783595e-05,1.7793076e-05,2.4911462e-05,3.819658e-05,2.4427789e-05,-4.6158625e-06,4.403028e-06,1.0641009e-05,5.571119e-06,-4.8463583e-08,3.0047191e-05
0.0016235088,0.99794984,0.0041860305,0.0041552265,0.004385412,0.99527806,3.37639e-05,0.0040620933,3.2987546e-06,0.99758154,0.004230747,0.004172939,0.0039030344,0.003565937,1.4745532e-05,0.0036316863,6.641891e-06,0.0041907863,0.99738866,2.1981909e-05,0.0026640438,0.004216951,0.0031928914,0.0018053947,0.0033665881,0.003944291,0.0042744097,0.0019261915,0.0036977085,0.00261029,0.00327644,0.00055546284,0.0043865265,0.0026947157,0.0022144371,0.0027446395,0.0026868992,0.00435993,3.2669814e-05,0.0020991543,0.001920797,0.0006017535,0.0018677844,0.0014022155,0.003995049,0.0039829733,0.0043013375,0.002453704,0.0033954454,0.002991366,0.0026881793,0.004176449,0.003090949,0.0043282364,0.0040053814,0.00033900494,0.0041661374,0.0027260203,0.0035041743,1.1011406e-05,0.0041536135,0.0042695994,0.004206497,0.0027316865,0.0,0.00059145375,0.0039037764,0.00271459,4.27762e-05,0.003608825,0.0041600987,0.004103025,8.176065e-06,0.0014178376,0.004231198,0.0018169796,0.0039663077,0.0043532923,0.0029150976,0.995454,7.768339e-06,0.0039550653,0.0021990945,0.0012896645,-1.4433241e-05,0.0012914314,0.00028271318,0.0041214903,0.004327045,0.0031889428,0.99768525,0.0029791063,0.0011578233,0.0044064946,0.0012857675,8.694357e-06,0.002404964,0.0038994702,0.0005429415,0.004224487,0.003249998,0.0014444739,0.0026563844,0.0001322788,1.37219595e-05,0.0027386032,7.774662e-06,0.0006532055,2.5998506e-05,0.0002687882
-0.0018610704,0.99608636,-0.0031131022,-0.0031353445,-0.0033488304,0.9959652,-0.0014012925,-0.0030276107,-0.0013133298,0.9961121,-0.0031966926,-0.00312809,-0.0029439065,-0.0027311335,-0.0013580172,-0.002763648,-0.0013572075,-0.0031298643,0.9961049,-0.0012978498,-0.00235487,-0.0031898113,-0.0024887286,-0.0019390818,-0.0026334736,-0.0029507794,-0.0032332807,-0.0019224338,-0.00283382,-0.0021803463,-0.0026426974,-0.0015807096,-0.0033515648,-0.002271571,-0.0020630267,-0.0022664086,-0.0022738671,-0.0033195505,-0.001544512,-0.002033673,-0.0019780665,-0.001645556,-0.0019030906,-0.0018071773,-0.00301537,-0.0030159121,-0.0032419486,-0.0021838201,-0.0026214162,-0.0023899898,-0.0022781496,-0.0031428619,-0.0024450924,-0.003283353,-0.002990658,-0.0014777099,-0.003139321,-0.0022496139,-0.0027153569,-0.0013765302,-0.0031487488,-0.0031989322,-0.0031620953,-0.0022946869,-0.0029994238,0.0,-0.0029782115,-0.0022762069,-0.0013848364,-0.0027354234,-0.0031419178,-0.0030774982,-0.0013472118,-0.0017456117,-0.0031581717,-0.0019158049,-0.0030107712,-0.0032862674,-0.002424501,0.99599457,-0.0013082449,-0.0029893082,-0.0020031682,-0.0017218203,-0.0013374725,-0.0017593508,-0.0014596604,-0.003085456,-0.0032842988,-0.0024850112,0.99610823,-0.0024000523,-0.0016868374,-0.0033699966,-0.0016962051,-0.0022692876,-0.002165122,-0.0029394547,-0.0015737858,-0.003196249,-0.002532973,-0.001756011,-0.00226146,-0.0014099951,-0.001302504,-0.00229672,-0.0014556625,-0.0015138106,-0.0013985527,-0.0014166427
0.0010522349,0.99738276,0.004113334,0.0040957415,0.004356442,0.99453974,6.8897616e-06,0.0039666924,4.407827e-05,0.9970254,0.0041837264,0.0041178074,0.0037966187,0.0034119084,-1.2086842e-05,0.00346387,4.099164e-05,0.0041311174,0.9968705,3.1676154e-05,0.0023828314,0.004163554,0.0029325376,0.0012287376,0.0031513032,0.003858742,0.0042451997,0.0013195635,0.0035549246,0.0021667283,0.0030785545,0.00028074736,0.0043507298,0.0023230657,0.0017554823,0.0023045477,0.0023160279,0.004322533,3.342634e-05,0.0015573784,0.0013736002,6.207361e-05,0.0012334433,0.00082350196,0.0038972097,0.0038875486,0.004252854,0.0020045056,0.0031907826,0.0026693824,0.0023237693,0.004119678,0.0028053988,0.0042887256,0.0039099776,5.208563e-05,0.0040991474,0.002340444,0.0033458972,1.9780133e-05,0.0040979735,0.0042238645,0.0041463943,0.0023266054,0.0038913128,0.00028384058,0.0,0.002351203,4.2927837e-05,0.0034538286,0.0041055833,0.0040278635,-1.1390271e-06,0.00082618726,0.0041803424,0.0012184874,0.003873359,0.0043162275,0.0025947758,0.99501836,4.983616e-07,0.0038615437,0.0016900884,0.0007076296,8.3625255e-06,0.0007087564,2.526711e-05,0.0040468844,0.004292035,0.002918126,0.9971326,0.0026502276,0.00054849085,0.0043807584,0.00068132015,1.9512057e-05,0.001962998,0.0037872335,0.00026974542,0.004185357,0.0030124008,0.00073299586,0.0022697677,-1.4831876e-06,2.6975957e-05,0.0024046004,1.0038549e-05,-2.9202943e-06,1.275144e-05,5.372254e-05
3.7072812e-05,0.9965745,3.90758e-05,4.32689e-06,1.3478645e-05,0.9960259,5.90224e-06,5.3644493e-05,2.1267148e-05,0.9965762,3.7812875e-05,5.8955404e-05,3.8789058e-05,4.5968234e-05,2.0177553e-05,2.080599e-05,2.5436753e-05,2.9685905e-05,0.9965158,2.6929504e-06,1.1449512e-05,3.8435523e-05,3.6379986e-06,3.0262843e-05,2.6300573e-05,4.3861135e-05,3.3429533e-05,-2.9125983e-06,3.2884767e-05,2.2232653e-05,4.0720857e-05,1.7700831e-05,2.8068955e-05,-5.3939593e-06,6.169434e-06,2.9717596e-06,6.1471496e-06,4.627415e-05,-9.481358e-06,1.1099153e-05,4.0574258e-05,1.7743032e-05,2.0232867e-05,-2.6839552e-07,4.759448e-05,1.0023674e-05,5.0563798e-05,2.0515858e-05,3.083758e-05,4.105284e-05,2.7798521e-06,1.5074095e-05,2.2231354e-05,3.7562415e-05,5.044546e-05,2.8614466e-05,2.8552506e-05,4.4102002e-05,4.058463e-05,2.3720027e-05,4.471972e-05,2.2081571e-05,3.4572873e-05,3.2520584e-05,5.1528204e-06,3.6789097e-05,6.008484e-06,0.0,-8.014156e-06,2.154124e-05,3.2525902e-05,5.261911e-05,2.5927093e-06,-6.1442292e-06,1.7206632e-05,9.243166e-06,1.6830374e-05,5.2253872e-05,1.9029312e-05,0.99606824,3.6156753e-06,4.877083e-05,2.7965312e-05,1.9292602e-05,2.4951072e-05,2.701763e-05,3.9409097e-05,4.2090294e-05,1.4849085e-05,-2.4331878e-06,0.99657476,3.452547e-05,1.0854913e-05,4.5934077e-05,3.5681343e-05,1.70561e-05,3.0271163e-05,4.7999834e-05,5.690397e-06,1.9836347e-05,-1.5860813e-06,-5.206718e-06,3.1759868e-05,3.970934e-05,2.9852625e-05,3.8048853e-05,-1.3339298e-05,-1.328093e-06,-2.1473786e-06,-2.1171586e-06
-0.004798395,0.9952904,-0.005001656,-0.0050128847,-0.005001434,0.9950795,-0.004700998,-0.0050008437,-0.004771245,0.9952592,-0.0050211265,-0.005013931,-0.004978728,-0.0049330266,-0.00472451,-0.00494368,-0.004706048,-0.005011034,0.9952543,-0.0047061527,-0.004907432,-0.0050167213,-0.0048994855,-0.0048089894,-0.0049293595,-0.004975909,-0.0050178566,-0.004815083,-0.0049615875,-0.004869727,-0.0049145804,-0.004700366,-0.005006776,-0.0048515885,-0.004842685,-0.004844801,-0.004846222,-0.0050030104,-0.00497329,-0.004841469,-0.004835379,-0.0047480687,-0.0048088906,-0.0047647827,-0.0049912147,-0.0049905423,-0.005005451,-0.0048716585,-0.004923578,-0.0048742965,-0.0048709842,-0.005017744,-0.0048829312,-0.0050081043,-0.0049837064,-0.0046807593,-0.005007261,-0.004843629,-0.0049382937,-0.004691485,-0.00502712,-0.005007542,-0.005002136,-0.0048474986,-0.004983642,-0.00470672,-0.0049819155,-0.004838628,0.0,-0.0049422653,-0.0050203926,-0.005016134,-0.0046946546,-0.004757704,-0.0050159134,-0.004781338,-0.004989441,-0.0050061983,-0.004860971,0.99512076,-0.004721436,-0.004985986,-0.0048290645,-0.004748978,-0.0046834983,-0.0047728866,-0.0046787495,-0.0050152857,-0.005012243,-0.004901665,0.9952791,-0.0048737423,-0.0047374396,-0.005001634,-0.004749529,-0.005782476,-0.004868102,-0.004975831,-0.0046969447,-0.0050132247,-0.004899131,-0.0047703274,-0.0048811254,-0.004670531,-0.0047057713,-0.0048413514,-0.0048748245,-0.004707858,-0.004668131,-0.0046644094
3.555e-05,0.9966931,0.003059562,0.0029777437,0.0033068773,0.995222,-8.289512e-06,0.0028733665,-2.3951686e-06,0.9964154,0.0031093133,0.003026674,0.0026382084,0.0021197349,2.9349972e-05,0.0022054084,3.005768e-05,0.0030489839,0.99624634,-2.454741e-06,0.00071525556,0.0030704204,0.0015706238,6.4344754e-06,0.0017825657,0.0027296874,0.0031688141,2.7394468e-05,0.0022508674,0.0006938521,0.0015651081,4.449114e-05,0.0033150702,0.00081130944,0.00017041597,0.000929689,0.00082042697,0.0032946868,5.4004854e-06,8.948311e-05,4.8133978e-05,3.9360162e-05,4.8393245e-05,1.4298663e-05,0.0027428723,0.0027518563,0.0032069972,0.00040431815,0.0018906189,0.001267494,0.00084959075,0.002990346,0.001414686,0.003251358,0.002798318,4.0003048e-05,0.0029850637,0.000914546,0.0020460754,1.0334716e-07,0.002988948,0.0031544797,0.003051947,0.00085182406,0.002744002,3.0189234e-05,0.002635435,0.000917016,2.2002943e-05,0.0,0.002987694,0.0029144816,3.0725838e-05,2.7221247e-05,0.003112419,1.5264623e-05,0.0027088958,0.003294094,0.0011122683,0.99527854,2.7475233e-05,0.002717753,0.00016688555,5.3765387e-05,4.2290023e-05,1.6100652e-05,2.7529664e-05,0.002939587,0.0032143558,0.0015651258,0.99649304,0.0012424053,-3.220395e-06,0.0033410871,6.0977174e-05,-1.0607738e-05,0.00039399916,0.0026343192,4.584965e-05,0.0030950345,0.0016737307,2.7483216e-05,0.00072817586,4.8296737e-05,-1.5851975e-06,0.0009698209,2.6404217e-05,3.698445e-05,-2.415811e-06,4.3637425e-05
0.0034053968,1.001252,0.004449699,0.0044345707,0.004213112,0.99956477,0.0028535216,0.0043151868,0.0028297773,1.0008831,0.004158795,0.0041788775,0.004011023,0.0042289626,0.002866549,0.0043211747,0.0028294947,0.004410957,1.0007104,0.0028255212,0.003719432,0.00412262,0.003894627,0.00346636,0.0038559313,0.004158206,0.004163744,0.0034805813,0.004312245,0.003688298,0.0038585449,0.0031032818,0.0042216387,0.003710344,0.0035590972,0.003643985,0.0037005283,0.0041978853,0.0029268474,0.0035274902,0.0034834396,0.0031809227,0.0034734025,0.0033137402,0.0044156318,0.0044206064,0.0044762576,0.0036881322,0.0038877707,0.0037751058,0.003702143,0.0045228037,0.0037623832,0.004168839,0.004091143,0.00304617,0.0042156763,0.0036835792,0.00390655,0.002957502,0.004119626,0.0042492035,0.004455095,0.0037182113,0.0044041635,0.0030946792,0.004345455,0.0036618072,0.0028891168,0.004211253,0.0,0.004430638,0.0028489192,0.0033119037,0.004279718,0.0034457238,0.004377245,0.004203952,0.0037097335,0.99968827,0.002848023,0.0043592555,0.003546825,0.0032729537,0.0028759502,0.0032890453,0.0030124697,0.0044308146,0.004220317,0.0039042053,1.0009949,0.0037504912,0.0032189533,0.0042456402,0.0032506392,0.003362429,0.0036246,0.004227165,0.0030950436,0.0044560293,0.0038084092,0.0033088222,0.0037290715,0.0029823699,0.0028427755,0.0036631594,0.0029079167,0.003130972,0.0029254698,0.0029877364
0.0023173674,0.99937874,0.0042744195,0.0042544864,0.0044176662,0.9971072,0.0010469677,0.0041950974,0.001005664,0.99899834,0.004313702,0.00426715,0.0040666903,0.0038473762,0.0010779119,0.0038882312,0.0010435157,0.0042839884,0.99878967,0.0010642546,0.0033031635,0.0042918995,0.003626881,0.0027665165,0.0037214055,0.0041080415,0.004334657,0.0025439912,0.0039310358,0.0033114683,0.003654879,0.0016241096,0.0044229613,0.003304356,0.0028122433,0.0033259513,0.003312315,0.004401983,0.0010411956,0.0026313567,0.0025515354,0.0016586973,0.0028684442,0.002165116,0.0041389903,0.0041251634,0.0043419357,0.003201957,0.0037342664,0.0034850852,0.0033145756,0.00427121,0.0035439823,0.004375245,0.0041429824,0.0014701342,0.0042548957,0.003327111,0.0038085824,0.0012863738,0.004240649,0.004340911,0.0042836415,0.003333722,0.0041348394,0.0015976308,0.00406698,0.0033072988,0.0010639234,0.0038868217,0.0042501916,0.0,0.001091901,0.0021587694,0.0043227156,0.0024336062,0.004112623,0.004403105,0.0034073892,0.99713945,0.001063292,0.0041062175,0.002934419,0.001990599,0.0011420363,0.0020531975,0.0014331731,0.004230138,0.0043786024,0.0036246974,0.99908763,0.0034838053,0.0019182642,0.0044505806,0.0020543847,0.0014718969,0.0031402328,0.0040713437,0.0015983817,0.0042952285,0.003640043,0.0021969033,0.0033232176,0.0013609318,0.001122507,0.0033221296,0.0010738465,0.0016700741,0.0012655838,0.001386013
-0.0037575678,0.9957538,-0.004242874,-0.004253902,-0.0043068253,0.99559426,-0.003549459,-0.0042135306,-0.0035757674,0.99574983,-0.0042753653,-0.0042555807,-0.004176309,-0.004091908,-0.0035502657,-0.004101522,-0.0035320092,-0.0042537465,0.995746,-0.0035384037,-0.0039583184,-0.0042661605,-0.004000336,-0.003779739,-0.0040586186,-0.0041795173,-0.0042830636,-0.0037844498,-0.0041378923,-0.0038959992,-0.0040524527,-0.0036121027,-0.0043099415,-0.0039124573,-0.0038526468,-0.0038964208,-0.0039067077,-0.0042969156,-0.003755909,-0.003834321,-0.0038129261,-0.0036634384,-0.0037777617,-0.0037229082,-0.004201449,-0.0042020013,-0.00427863,-0.0038980928,-0.0040543387,-0.0039574434,-0.0039220797,-0.004260295,-0.0039794296,-0.0042924136,-0.0041955253,-0.0035644493,-0.0042522224,-0.0038981054,-0.004089412,-0.0035316136,-0.004262951,-0.004271678,-0.0042543327,-0.0039127613,-0.0041939076,-0.0035966267,-0.0041887774,-0.0039018344,-0.0036482613,-0.004095117,-0.004260194,-0.004238433,0.0,-0.0036958065,-0.0042654793,-0.0037636966,-0.004203241,-0.0042934916,-0.0039536604,0.99563384,-0.0035425276,-0.0041935192,-0.003823162,-0.0036813114,-0.0035203886,-0.0037138714,-0.0035487805,-0.0042387797,-0.004295198,-0.004000951,0.99575615,-0.0039573438,-0.0036486804,-0.004312267,-0.0036716638,-0.004586148,-0.0038869963,-0.0041739745,-0.0036011057,-0.0042724325,-0.0040133893,-0.0036988459,-0.003926687,-0.003547756,-0.0035169811,-0.0039058018,-0.0037141214,-0.003589562,-0.0035257207,-0.003527052
-0.000707887,0.99596524,-0.0026201662,-0.0026617064,-0.0029966163,0.9958903,-0.0001500236,-0.0024880022,-2.2267037e-05,0.99598557,-0.0027572645,-0.0026538195,-0.0023699636,-0.0020358004,-3.7081e-05,-0.002077512,-0.00011574249,-0.0026375342,0.99599177,-2.4158713e-05,-0.0014993057,-0.002730963,-0.0016267708,-0.00082528597,-0.0018729579,-0.0023713915,-0.0028080062,-0.0007316057,-0.002186839,-0.0011263478,-0.0018604331,-0.0003687537,-0.0029938957,-0.0013162545,-0.0010193565,-0.0012983974,-0.0013172019,-0.0029534567,-0.00034271448,-0.0009524851,-0.00085499417,-0.0005063486,-0.0007660344,-0.00065571,-0.0024562578,-0.0024585105,-0.0028160245,-0.0011667673,-0.0018667973,-0.0015191747,-0.0013203239,-0.0026688855,-0.0015797826,-0.0028802925,-0.002428154,-0.0002102495,-0.0026640587,-0.0012820198,-0.0019988236,9.5632695e-06,-0.0026904175,-0.0027554715,-0.0026933113,-0.0013274199,-0.002450241,-0.00029842823,-0.0024031838,-0.0013204284,-3.9746148e-05,-0.002024376,-0.0026654033,-0.0025521507,3.8617572e-06,0.0,-0.002693651,-0.0007770143,-0.0024630171,-0.0028937312,-0.0015359505,0.99589366,-1.0214327e-05,-0.0024289244,-0.0008988322,-0.0005422201,-5.949182e-05,-0.0006212516,-0.000132235,-0.0025756478,-0.00288074,-0.0016284769,0.99598753,-0.0015093626,-0.0004507345,-0.0030185604,-0.0004874794,-0.000708509,-0.0011178151,-0.0023628564,-0.00034125522,-0.0027610785,-0.0017064939,-0.00060240587,-0.0012702319,-8.969393e-05,-7.783858e-06,-0.0013577215,-7.0491056e-05,-0.00024380529,-8.0307065e-05,-0.000113507864
0.0038484882,1.0021168,0.0043975264,0.0043933294,0.0044369483,1.0005904,0.0034245616,0.004371793,0.003434368,1.0018467,0.0044141975,0.004403387,0.004311875,0.004227886,0.0034546254,0.0042423336,0.0034176444,0.004411166,1.0016909,0.0034315232,0.0040595843,0.0044005564,0.00415253,0.0038868296,0.0041887327,0.00432591,0.0044218446,0.003909915,0.004259283,0.0040608044,0.004158305,0.003611915,0.0044408496,0.0040391455,0.003964564,0.004029888,0.0040375735,0.004434384,0.0035457264,0.003938477,0.003904578,0.0036660803,0.0038923172,0.0037777703,0.004345356,0.0043241205,0.0044133626,0.0040341024,0.004195274,0.0040951497,0.004059385,0.0044172914,0.0041190386,0.004423403,0.0043400847,0.0035759225,0.0043944023,0.004037763,0.00421905,0.00351042,0.0043931887,0.0044270405,0.0044005383,0.0040408606,0.004338663,0.00360458,0.004302324,0.0040230793,0.0034913197,0.0042509874,0.004388944,0.004374012,0.0034348052,0.0037694324,0.0,0.003876528,0.00433051,0.0044451505,0.004065594,1.0006826,0.003441398,0.0043221554,0.0039651426,0.0037382436,0.0034362907,0.0037569758,0.0035414684,0.0043881326,0.0044296472,0.004154851,1.0019221,0.004097617,0.003694586,0.0044517773,0.0037276656,0.004008712,0.004004968,0.004312342,0.0036008987,0.0044012633,0.004156722,0.003777306,0.004075762,0.003535676,0.0034408928,0.0040290747,0.0035411012,0.0036503095,0.0034751461,0.0035375329
8.436099e-06,0.99582094,-0.0021340328,-0.002185154,-0.002647138,0.9957689,-4.8264957e-07,-0.001961579,-1.0175798e-06,0.99583685,-0.0023239458,-0.0021782552,-0.0017816456,-0.0013086327,-1.4173883e-05,-0.0013548881,1.5438916e-05,-0.0021490091,0.9958416,-1.728129e-05,-0.0005843943,-0.0022939201,-0.000785052,-3.2821892e-05,-0.0011012345,-0.0017854099,-0.0023997482,-8.3802615e-06,-0.0015350877,-0.00013336462,-0.0010633116,-1.4322921e-05,-0.00265017,-0.00037883417,1.913281e-05,-0.00035139458,-0.0003635761,-0.0026041178,6.8410154e-06,-3.9969258e-05,-3.1482305e-05,-3.0388494e-05,-2.0026035e-05,7.7922e-06,-0.0019278502,-0.001904738,-0.0024003724,-0.00018598438,-0.0010320862,-0.000613108,-0.00034786962,-0.0021876167,-0.0007028021,-0.0024958772,-0.0018778953,-1.1336617e-05,-0.0021799465,-0.00033737058,-0.0012267352,-2.9952082e-07,-0.002205952,-0.0023205702,-0.0022467924,-0.00038948364,-0.0019128422,-1.7310813e-05,-0.0018655653,-0.00035685243,-1.3933602e-06,-0.0013236572,-0.0021932654,-0.002066298,-2.8747409e-05,-3.178748e-05,-0.0022302978,0.0,-0.0019196331,-0.0025161004,-0.00064007123,0.99577534,-5.8704036e-06,-0.0018804898,-7.746225e-06,1.279289e-05,-6.8561812e-06,-3.116236e-05,-2.6304802e-05,-0.0020793676,-0.0025067483,-0.00077006646,0.9958388,-0.00063503574,-1.7235087e-06,-0.0026980643,-2.06445e-05,1.5855305e-05,-0.00013402101,-0.0017770224,1.2752212e-05,-0.002320915,-0.00087397115,-9.595095e-07,-0.00029766103,4.3422738e-06,1.9552522e-06,-0.00044159827,-2.7555809e-05,-6.6925404e-06,-2.9598961e-05,-2.5220572e-05
0.0016355712,0.99797815,0.004128051,0.004118195,0.0043484094,0.9953162,2.0948199e-05,0.0040091854,-4.340469e-06,0.99757963,0.004193283,0.004129657,0.003853149,0.0035251193,1.8150475e-05,0.0035884758,3.0149477e-05,0.0041413177,0.9974266,3.3283937e-05,0.0027063168,0.004175724,0.0031329573,0.0017783748,0.0033320806,0.0038946797,0.0042336667,0.001845182,0.0036608744,0.0025465253,0.0032585207,0.0009240569,0.0043497,0.0026632268,0.002173759,0.0026748881,0.0026417614,0.004318676,4.1973646e-05,0.002062683,0.0018810545,0.0006303945,0.001791922,0.0013948034,0.003954675,0.0039439704,0.0042560603,0.0024269996,0.003352635,0.0029468464,0.0026644948,0.0041383705,0.003035537,0.0042818924,0.0039522797,0.0003508223,0.004123113,0.0026773652,0.003476799,-1.755466e-05,0.0041265907,0.004217428,0.0041667987,0.0026671097,0.0039367913,0.00080321543,0.0038648744,0.002663768,3.2507844e-05,0.0035683373,0.004119103,0.0040464415,8.832179e-06,0.0013996866,0.0041836,0.001785461,0.0,0.00430905,0.0028929554,0.9959192,1.9420045e-06,0.003911208,0.0021402927,0.0013050006,-8.354156e-07,0.0013099749,0.00027686145,0.0040741274,0.004278284,0.0031352588,0.9977103,0.0029304284,0.0011637671,0.004372876,0.001269704,-1.6243594e-05,0.0023808768,0.0038533143,0.00053050806,0.0041911607,0.0032088212,0.0013627431,0.0026377006,0.00010579839,3.36805e-05,0.0027074467,-1.9462053e-05,0.0006173839,3.395881e-05,0.00028594735
0.0048705395,1.0037055,0.0050980584,0.005099523,0.0050923256,1.0028719,0.0046751574,0.0050889114,0.0046966616,1.0035822,0.0051036356,0.0051007783,0.005060297,0.005017492,0.0047070775,0.0050280467,0.0046485923,0.005109384,1.0035316,0.004673802,0.0049403426,0.0050972807,0.0049868966,0.004889632,0.005007131,0.0050598225,0.005104141,0.0048929756,0.0050422223,0.004959819,0.0050001116,0.004733405,0.0050952467,0.0049315975,0.004906973,0.0049239635,0.0049283872,0.0050908173,0.0048481114,0.00489968,0.004890231,0.004761402,0.0048876633,0.0048260526,0.0050839586,0.005074929,0.0050970204,0.0049549616,0.005005394,0.004956912,0.0049553546,0.0051125004,0.004968811,0.0050972453,0.0050698547,0.004725996,0.0050965757,0.0049298564,0.005019847,0.0047011655,0.0051028747,0.00511004,0.005099263,0.0049371347,0.005068875,0.004726636,0.005056324,0.0049189776,0.004772171,0.005029656,0.00510104,0.005096165,0.0046733473,0.0048234314,0.0051148045,0.004877197,0.005068911,0.0,0.004945181,1.0029622,0.004695265,0.0050626914,0.0049165827,0.004802386,0.0046594124,0.004816422,0.004713353,0.0051048556,0.0051036645,0.0049840864,1.0036249,0.004960611,0.004783866,0.0050953943,0.004795022,0.00527618,0.0049345344,0.005058496,0.0047302293,0.0050969925,0.0049910215,0.0048157047,0.0049746786,0.004699941,0.00468259,0.004916544,0.0048252367,0.0047598835,0.004666612,0.00469804
5.3073938e-05,0.9966886,0.0009202555,0.00091762986,0.0011330305,0.99586105,4.5492307e-06,0.0007653823,-5.227269e-06,0.9965454,0.0010176013,0.00093716214,0.00061507174,0.0002474451,-3.716697e-06,0.0003116381,1.9681625e-05,0.0009971573,0.9965334,3.6815396e-05,5.9799168e-05,0.0010282025,7.337386e-05,3.6080775e-05,0.00011474695,0.00059364113,0.001066491,5.3076594e-05,0.0003927603,1.5483633e-05,9.502674e-05,4.560701e-05,0.0011546616,3.77362e-05,5.6570978e-05,7.270973e-05,7.338846e-05,0.00114843,3.1026252e-07,4.6918274e-05,5.162997e-05,3.6046677e-05,2.2462958e-05,1.2335386e-05,0.0007438364,0.00075973244,0.0010892604,1.5434369e-05,0.00010481314,2.0240406e-05,3.866996e-05,0.0009199158,6.479633e-05,0.0011252948,0.00069122895,8.200331e-06,0.00095774315,6.664519e-05,0.00021271373,3.73609e-05,0.0009491623,0.0010258012,0.001020861,7.19034e-05,0.0007223029,2.437054e-05,0.00063268916,1.1611002e-05,-8.862531e-06,0.00026848135,0.0009342929,0.000772342,3.0187119e-05,7.3620586e-06,0.00095769664,2.9977351e-05,0.00070490927,0.0011337339,0.0,0.99595064,3.0972074e-05,0.00070769165,2.424101e-05,5.200336e-05,3.464529e-05,2.2476397e-05,4.2887637e-05,0.0008614738,0.001108544,7.012586e-05,0.9966303,7.163472e-05,5.28556e-05,0.0011270652,3.3239896e-05,2.4661393e-05,1.7375645e-05,0.0006110439,2.8487902e-05,0.0010087121,1.91648e-05,4.7766003e-05,1.3427894e-05,-3.3031506e-06,4.4295484e-06,6.651066e-05,2.2879987e-05,2.2125554e-05,1.8393319e-05,7.485722e-06
-0.0021229174,0.9995359,-0.002829585,-0.002853117,-0.0029429405,0.998815,-0.0020015074,-0.0027928757,-0.002143554,0.9995024,-0.00288794,-0.0028270823,-0.0027120186,-0.0026078655,-0.0020987801,-0.0026102164,-0.00202289,-0.0028393026,0.9995257,-0.0020045985,-0.002414601,-0.0028754626,-0.0024747704,-0.0021750042,-0.0025241103,-0.002757503,-0.0029083497,-0.0021905426,-0.002667794,-0.0023481797,-0.0025128524,-0.0020156056,-0.002952308,-0.002330585,-0.0023153378,-0.0023093633,-0.0023100541,-0.0029400035,-0.0022741295,-0.002295203,-0.002234816,-0.0020748742,-0.0021772066,-0.0021238406,-0.002786061,-0.0027706071,-0.0028650947,-0.002319973,-0.0025027348,-0.002408883,-0.0023173855,-0.0028493651,-0.0023965102,-0.0028866024,-0.0028044842,-0.002006261,-0.0028557596,-0.0023169818,-0.0025738168,-0.0019853269,-0.0028405942,-0.0028632486,-0.0028603305,-0.00232009,-0.0028134773,-0.0019901658,-0.002735009,-0.002294578,-0.0021983644,-0.002623379,-0.002828803,-0.0028384577,-0.002027983,-0.0021225046,-0.002855194,-0.0021860765,-0.0027733585,-0.002900684,-0.0024058418,0.0,-0.0020654495,-0.0027839309,-0.002222321,-0.0020893875,-0.0019931872,-0.0021271803,-0.0019784286,-0.0028395804,-0.0029200488,-0.0025019315,0.9995246,-0.0023789497,-0.0020733709,-0.0029767184,-0.0020551307,-0.002570799,-0.002328037,-0.0027388055,-0.0020811304,-0.0028459744,-0.0024694852,-0.0021432205,-0.002371134,-0.001980119,-0.0019949265,-0.0023256438,-0.0022394205,-0.0020416328,-0.001976613,-0.0020077152
-0.0042025247,0.99558413,-0.004553366,-0.004564059,-0.0045887497,0.99540156,-0.004035112,-0.004534105,-0.0040717665,0.9955719,-0.004579461,-0.0045657684,-0.0045054457,-0.0044405134,-0.0040473975,-0.0044514104,-0.0040225675,-0.004564366,0.9955621,-0.0040481654,-0.004348381,-0.004573691,-0.004374081,-0.0042117434,-0.0044212495,-0.0045080683,-0.0045828284,-0.0042153504,-0.004479907,-0.004302921,-0.004417409,-0.004077263,-0.0045931856,-0.004307918,-0.0042705187,-0.0042915153,-0.004302699,-0.0045830132,-0.0042774566,-0.004261022,-0.004241428,-0.0041190237,-0.004214453,-0.004166002,-0.004525833,-0.0045252233,-0.0045741084,-0.004307111,-0.0044142706,-0.0043406524,-0.0043178117,-0.004571318,-0.0043559265,-0.0045825685,-0.004521998,-0.0040429085,-0.004562811,-0.004295036,-0.0044426364,-0.0040221135,-0.004574132,-0.0045730704,-0.004561884,-0.0043073846,-0.0045173476,-0.0040722988,-0.004515281,-0.0042936984,-0.0041508186,-0.00444646,-0.0045691435,-0.004556816,-0.0040284027,-0.004149954,-0.0045717377,-0.0042036236,-0.004527884,-0.004583406,-0.004335319,0.99544466,0.0,-0.0045192055,-0.004247646,-0.0041359332,-0.004013865,-0.0041648867,-0.0040347846,-0.0045573437,-0.0045876224,-0.0043761907,0.99558145,-0.004338715,-0.004117243,-0.004593636,-0.004129581,-0.005097305,-0.004299149,-0.004503888,-0.004068431,-0.0045733824,-0.004384769,-0.004147247,-0.0043266355,-0.0040351693,-0.0040263576,-0.0042971047,-0.0042070723,-0.0040637357,-0.004017929,-0.0040108217
0.0014092997,0.9977423,0.0041396883,0.0041046105,0.0043392326,0.995033,4.9979077e-05,0.004009788,3.1500756e-05,0.99739575,0.0041850507,0.0041257353,0.0038393105,0.0034782959,3.832039e-05,0.0035508054,5.0227056e-05,0.0041378536,0.99719954,4.9071525e-05,0.0025637485,0.0041593006,0.00306636,0.0015969694,0.0032637818,0.0038785818,0.0042302925,0.0017045676,0.0036017138,0.0024411604,0.0031371075,0.0006828595,0.004345462,0.0025348314,0.0020282795,0.0025907436,0.0025287292,0.0043214415,3.394103e-05,0.0018924151,0.0017120899,0.00042029098,0.0016310927,0.0011675784,0.003932091,0.003917813,0.00425181,0.0022749864,0.003301492,0.0028478154,0.0025569773,0.0041229194,0.0029645134,0.0042815413,0.0039451784,0.00015763908,0.004111731,0.0025784534,0.003416635,4.245558e-05,0.0041189766,0.004217938,0.004149343,0.0025516525,0.0039175013,0.0006744561,0.0038365896,0.0025492918,3.1266733e-05,0.0035265256,0.004112383,0.004035892,2.7359292e-05,0.0011777245,0.0041839513,0.0016000057,0.0038985028,0.0043127034,0.0027730295,0.99534196,3.8837064e-05,0.0,0.0020027785,0.001077595,1.4840857e-05,0.0010678851,5.9572445e-05,0.004066221,0.0042731897,0.0030634012,0.9974929,0.0028429108,0.00092572335,0.0043636872,0.0010689138,1.7540241e-06,0.0022236463,0.0038323817,0.00029377482,0.0041784807,0.0031438805,0.001200317,0.002498812,-5.1633683e-06,2.5395799e-05,0.0025998263,2.5452373e-06,0.0004365588,1.0228917e-05,0.000118565134
2.3534235e-06,0.9956668,-0.0015407179,-0.0016689475,-0.0023007838,0.9956492,-2.4332285e-05,-0.0013325516,1.9542973e-05,0.99568987,-0.0018322734,-0.0016169171,-0.0011585442,-0.00058237853,-4.049318e-06,-0.0006490034,-1.8864041e-06,-0.0016123087,0.99568725,7.1998575e-06,-1.6080225e-05,-0.0018021252,3.2967139e-06,1.0162505e-05,-0.00033610905,-0.0011296308,-0.0019508597,2.1398791e-05,-0.0008662253,-2.0437192e-05,-0.00038110124,-2.2464163e-05,-0.0022910696,-1.3199409e-05,-1.293791e-05,-1.3688107e-05,1.9910693e-05,-0.0022138788,5.8234023e-06,-2.8369259e-05,-1.2267839e-05,-3.0082618e-05,8.456094e-06,-1.8268757e-06,-0.0013778704,-0.0013429318,-0.0019525889,-1.4786792e-05,-0.0002343748,-1.460888e-06,-2.9783552e-05,-0.0016971237,-2.4846087e-05,-0.0020717883,-0.0012514087,-1.2359326e-05,-0.0016701213,1.9526042e-05,-0.0004926136,-2.7875212e-05,-0.0017223534,-0.0018178745,-0.0017420261,-2.5621026e-05,-0.0013268794,-2.7031772e-05,-0.0012808287,-3.621262e-05,-1.04497885e-05,-0.0005488453,-0.0016891465,-0.0014757914,-6.5192517e-06,-4.376198e-06,-0.0016658483,1.1549296e-05,-0.0013698731,-0.0020767674,2.2861272e-05,0.9956314,9.621301e-07,-0.0012851205,0.0,-2.3030577e-06,5.7382254e-06,-2.499984e-05,1.5401753e-05,-0.0015422825,-0.0020915812,2.2295233e-05,0.99568754,-2.8937131e-05,-1.9437497e-05,-0.0023448374,6.755214e-06,9.811604e-06,-3.2702577e-05,-0.0011522132,-1.8801999e-05,-0.0018530098,-3.161571e-05,-3.0668684e-06,1.0671591e-05,-6.5495274e-06,3.9534193e-06,1.7089154e-05,-2.7545898e-06,1.334127e-05,-5.029245e-06,-2.3447903e-05
-0.00085218414,0.9960055,-0.0026935625,-0.002717706,-0.0030380208,0.9959091,-0.00019167886,-0.0025603573,-0.00011656128,0.9960292,-0.002815776,-0.0027094756,-0.0024272993,-0.0021102256,-0.000108075816,-0.002152877,-0.00018220537,-0.0027034057,0.9960262,-0.0001279144,-0.0015099156,-0.0027967321,-0.0017542948,-0.00093694974,-0.0019690944,-0.002450986,-0.0028599969,-0.0009543608,-0.0022733696,-0.0013009191,-0.001969004,-0.0005003493,-0.0030394,-0.0014392192,-0.001134772,-0.0014396543,-0.001439661,-0.0030000655,-0.00044519955,-0.001079998,-0.0009945752,-0.0005324642,-0.00094621256,-0.00078850175,-0.0025367162,-0.0025289962,-0.0028809414,-0.0012915444,-0.001931387,-0.0016208622,-0.0014267962,-0.0027230014,-0.0016936848,-0.0029374638,-0.0025102822,-0.0003601768,-0.0027138388,-0.0014230233,-0.0020737527,-0.00017933336,-0.0027232163,-0.0028132831,-0.0027603777,-0.0014720086,-0.0025225326,-0.00045901956,-0.0024837176,-0.0014461651,-0.00015876805,-0.002123412,-0.0027181741,-0.0026389936,-0.00017546871,-0.00072435825,-0.0027565677,-0.0009110103,-0.002529438,-0.0029453721,-0.0016441086,0.99594,-0.00011066832,-0.0025022142,-0.001062044,0.0,-0.00016019304,-0.00073399895,-0.00033928375,-0.002645809,-0.002939342,-0.0017516386,0.9960264,-0.0016419515,-0.0006146858,-0.0030660313,-0.0006471172,-0.00091968453,-0.00126562,-0.0024341422,-0.00050533895,-0.002812483,-0.001816574,-0.00074849406,-0.0013929886,-0.0002563351,-0.00014774424,-0.0014815078,-0.00020842052,-0.00043428797,-0.00024502006,-0.00026900246
-0.003706718,0.9957685,-0.0042042104,-0.0042156167,-0.004270144,0.9955872,-0.0034394322,-0.0041728015,-0.0034575246,0.9957646,-0.004238487,-0.004216953,-0.0041322587,-0.0040413938,-0.003445545,-0.004062428,-0.0033994152,-0.004213864,0.9957559,-0.0034600862,-0.0038942853,-0.0042329985,-0.003953705,-0.003724356,-0.00401671,-0.004140081,-0.004244223,-0.0037422306,-0.0040920507,-0.0038540585,-0.004002688,-0.003530156,-0.0042733555,-0.0038583933,-0.0037975886,-0.003860395,-0.003858232,-0.0042595356,-0.0036413975,-0.0037900691,-0.0037642175,-0.003567051,-0.0037347123,-0.0036522571,-0.004167317,-0.0041627716,-0.0042422297,-0.0038457618,-0.0039985166,-0.003908305,-0.0038667845,-0.0042190184,-0.003933189,-0.0042561064,-0.004155762,-0.0034937784,-0.004210521,-0.0038514736,-0.004041978,-0.0034894259,-0.004221441,-0.0042305184,-0.004216404,-0.0038745275,-0.0041501024,-0.0035464931,-0.004144768,-0.0038532056,-0.003554048,-0.00405074,-0.004219584,-0.004200106,-0.003468435,-0.0036569363,-0.004225198,-0.0037231739,-0.0041660136,-0.0042579505,-0.0039025191,0.9956508,-0.0034666376,-0.004149345,-0.0037738427,-0.0036212055,0.0,-0.003642268,-0.0035064518,-0.0042014075,-0.0042596557,-0.003952769,0.99577284,-0.0039114673,-0.003599491,-0.004278722,-0.0036151872,-0.0045135464,-0.0038368104,-0.004132851,-0.0035260988,-0.0042310166,-0.0039676796,-0.0036484427,-0.0038718937,-0.003495879,-0.0034913174,-0.0038576701,-0.003609659,-0.0035433997,-0.0034687119,-0.0034582175
-0.0007165689,0.9959688,-0.0026744076,-0.0026829562,-0.0030137058,0.99587166,-2.7971066e-05,-0.0025171808,-1.2456998e-05,0.9959877,-0.002789014,-0.0026791687,-0.0023797157,-0.0020446042,-6.5585227e-06,-0.0020911396,-7.724492e-06,-0.0026749412,0.9959795,5.456405e-07,-0.0014132636,-0.0027648879,-0.0016599263,-0.00079106493,-0.0018840636,-0.002412417,-0.0028334863,-0.00082284614,-0.002194071,-0.0012021234,-0.0018566977,-0.00030042435,-0.0030192062,-0.0013265596,-0.0010023032,-0.0013407443,-0.001317444,-0.0029798544,-0.0002371907,-0.00095564465,-0.00086689525,-0.00034125298,-0.00079033885,-0.0006007826,-0.0025017697,-0.002490258,-0.0028535938,-0.0011644711,-0.001844069,-0.0015061519,-0.0013313764,-0.0026857117,-0.0016079587,-0.002918449,-0.0024759967,-0.00019426987,-0.0026773114,-0.001314076,-0.0020187132,-7.330418e-05,-0.0026933132,-0.0027894257,-0.002724178,-0.0013723118,-0.002477002,-0.00028734072,-0.0024351447,-0.0013432252,1.3062843e-05,-0.0020593451,-0.0026842332,-0.0025985185,-3.3662045e-06,-0.0005902637,-0.0027317377,-0.0008032409,-0.0024841183,-0.0029299352,-0.0015386161,0.9959123,1.4182824e-05,-0.0024531751,-0.00094317377,-0.0005127221,1.4386722e-05,0.0,-0.00017616391,-0.002610671,-0.0029152376,-0.0016496584,0.99598765,-0.0015436381,-0.0004602133,-0.0030498551,-0.0004946104,-0.0007275403,-0.0011372003,-0.002386423,-0.0002872154,-0.0027850263,-0.0017352714,-0.00057607173,-0.0012777287,-0.00012312138,5.2440687e-06,-0.0013759538,-2.295393e-05,-0.0002774987,-9.742709e-05,-0.00012308238
-0.0025990393,0.9960435,-0.0035102165,-0.0035275118,-0.0036697825,0.99591017,-0.0022252914,-0.0034487,-0.0022160236,0.9960592,-0.0035723352,-0.0035284928,-0.0033860786,-0.0032291233,-0.0021815929,-0.003250818,-0.0022146911,-0.0035205777,0.9960553,-0.0021932255,-0.0029781403,-0.00356046,-0.0030532226,-0.0026402932,-0.0031625368,-0.0033954617,-0.0035926916,-0.002633424,-0.0033074152,-0.002836083,-0.0031536992,-0.002360749,-0.003671802,-0.0028979613,-0.0027622704,-0.0028813577,-0.0028945059,-0.0036484154,-0.0024067764,-0.0027300012,-0.0026835937,-0.002434643,-0.0026338035,-0.0025419618,-0.0034326827,-0.003431629,-0.0035921168,-0.002842259,-0.0031513977,-0.0029855932,-0.0029026254,-0.003531833,-0.003022559,-0.0036239682,-0.003421974,-0.0022792942,-0.0035266457,-0.002877586,-0.0032186662,-0.0021905112,-0.003538011,-0.0035710991,-0.003536223,-0.0029006512,-0.0034201478,-0.0023455136,-0.0034089643,-0.0028937783,-0.0022648736,-0.0032363874,-0.0035322802,-0.003487286,-0.002183664,-0.002492085,-0.0035465604,-0.0026211906,-0.003434243,-0.0036286148,-0.0029835084,0.9959467,-0.0021782883,-0.003416052,-0.0027123196,-0.0024793458,-0.0021960128,-0.0025306004,0.0,-0.0034909553,-0.0036235137,-0.0030553446,0.9960597,-0.002984712,-0.0024321768,-0.0036829924,-0.0024601775,-0.0031819944,-0.002823192,-0.003382724,-0.0023457522,-0.003567762,-0.003086025,-0.0025061686,-0.0028982153,-0.002231297,-0.0021521675,-0.0029068731,-0.0023168193,-0.0023196673,-0.0022125468,-0.0022170008
0.0024049939,0.99953216,0.00429947,0.0042841816,0.004446093,0.9972005,0.0011678443,0.0042233346,0.0011134512,0.9991152,0.0043395865,0.0042939475,0.0041044834,0.003897408,0.0011961318,0.0039357743,0.0011566273,0.0043126266,0.99894506,0.0011677991,0.003415294,0.004325326,0.003670892,0.0028564536,0.0037728385,0.00413819,0.004365819,0.002606106,0.0039722817,0.0033701279,0.0037153093,0.0017256289,0.004451358,0.003371582,0.0028526345,0.0033799717,0.003368218,0.0044298656,0.0011645244,0.0027157033,0.002629489,0.0017731955,0.0029258863,0.0022512549,0.0041781235,0.0041586626,0.004368235,0.0032756394,0.003788486,0.0035394824,0.003385883,0.0043066763,0.0035913067,0.0043976395,0.0041781757,0.0015619303,0.004288214,0.0033833052,0.0038638902,0.0013952786,0.0042826855,0.0043608635,0.0043144673,0.003392786,0.004166136,0.0016823447,0.0041027367,0.00336131,0.001170222,0.0039332607,0.0042833243,0.004242099,0.0011997474,0.0022399898,0.004345723,0.002527521,0.0041519557,0.004425341,0.0034872144,0.9972622,0.0011706783,0.0041434416,0.0029817622,0.0020498747,0.0012381785,0.0021018027,0.0015269943,0.0,0.0044007273,0.0036742312,0.9992339,0.003533079,0.001990406,0.0044813375,0.0021147134,0.0015901065,0.0032111967,0.004106976,0.0016788845,0.0043249563,0.0036933096,0.0022806777,0.0033961867,0.0014675655,0.0012118946,0.0033782937,0.0011812216,0.0017467956,0.0013634571,0.0014954791
0.00473237,1.0035287,0.004987901,0.0049909553,0.004996524,1.0025884,0.0045215795,0.0049796733,0.004530267,1.0033841,0.004998815,0.0049946113,0.004950079,0.004908629,0.0045491047,0.004915748,0.004491614,0.0050023515,1.0033296,0.0045103617,0.004821051,0.0049973517,0.004869069,0.0047566667,0.004892425,0.0049499646,0.0050012115,0.0047546085,0.0049331454,0.0048316014,0.00488539,0.0045864694,0.0049991496,0.0048073856,0.0047746603,0.0047934107,0.0048036505,0.004990354,0.004685924,0.004767495,0.004757626,0.0046198885,0.004751624,0.0046829213,0.0049730297,0.0049673906,0.004993884,0.0048287064,0.0048896708,0.004835041,0.004828506,0.0050102733,0.004850619,0.004998246,0.004957015,0.004569251,0.0049938895,0.0048035975,0.0049082227,0.00454142,0.0049983934,0.005008068,0.004991721,0.0048117926,0.0049637253,0.0045721866,0.0049486146,0.004796372,0.004607252,0.004913687,0.0049972543,0.0049883863,0.004516884,0.004679466,0.005007563,0.0047354554,0.004962723,0.0050003207,0.0048223734,1.0027126,0.004526336,0.004956603,0.0047825915,0.0046557453,0.0044971053,0.0046743327,0.004557257,0.004997007,0.0,0.0048685935,1.003438,0.0048372266,0.004639867,0.004998257,0.004654512,0.0051201168,0.0048073395,0.004946425,0.004586828,0.004994974,0.004871627,0.0046725944,0.0048513804,0.004542451,0.004516464,0.004789188,0.0046581207,0.004605865,0.0045128665,0.0045403903
1.0779637e-05,0.9965539,0.0016065509,0.0014704285,0.0017037335,0.9956036,5.085009e-06,0.0014993943,2.864777e-05,0.99646205,0.0015834405,0.0015719034,0.0012310452,0.000713058,-3.415069e-06,0.00080470607,3.3719174e-05,0.0015775483,0.9962999,3.944605e-05,5.3176413e-05,0.0015465806,0.00028454495,5.833701e-05,0.00040077243,0.0013288665,0.0016121733,2.9545823e-05,0.0008258614,6.550959e-05,0.00014814686,5.36569e-05,0.0017166892,9.424716e-05,2.783046e-05,4.9235645e-05,3.8194423e-05,0.0017397009,-1.0605654e-05,6.72094e-05,5.7300123e-05,-1.8961889e-06,4.060775e-05,3.9538147e-05,0.0012893222,0.0013097031,0.0016947297,5.1594958e-05,0.00054464914,2.4162979e-05,2.72534e-05,0.0014943577,0.00013657408,0.0017312496,0.0014182066,5.2774485e-05,0.0015025359,2.3923885e-05,0.0006087749,1.6768827e-06,0.0014817688,0.0016746557,0.0015450168,5.1450337e-05,0.0013334153,3.5552664e-05,0.0011788709,9.1077956e-05,1.5355494e-06,0.00080188626,0.0014804932,0.00150427,8.953443e-06,3.4212157e-05,0.0016349673,5.9999154e-05,0.0012619662,0.0017751454,7.7248886e-05,0.99564356,3.4111843e-05,0.0013045073,5.6293185e-05,6.0841478e-05,1.984569e-05,4.3442433e-05,3.5661516e-05,0.001505443,0.001645642,0.0,0.99646854,0.00011889522,2.5135898e-05,0.0017456276,1.949508e-05,-8.199894e-06,3.246292e-05,0.0012269493,5.29159e-06,0.0015662618,0.00033524405,2.9216968e-05,4.097689e-05,4.868766e-06,2.06463e-05,2.5761627e-05,3.681591e-05,5.2014224e-05,1.6142245e-05,1.6491125e-05
7.383482e-05,1.0016322,4.565494e-05,4.2970914e-05,-7.389736e-07,1.0009371,-7.253694e-05,4.7291574e-05,-0.00027768238,1.0016028,3.8967322e-05,4.847767e-05,5.9945232e-05,7.280071e-05,-0.00021796692,7.825507e-05,-9.355474e-05,4.641078e-05,1.0016054,-7.806485e-05,5.794501e-05,3.7658552e-05,8.8937624e-05,7.098623e-05,8.954981e-05,4.8947768e-05,3.351221e-05,7.843665e-05,7.200222e-05,6.972989e-05,7.909121e-05,4.158345e-05,2.2518586e-06,8.919292e-05,6.200066e-05,0.000108002576,0.00010546196,1.0246047e-05,-0.00047313585,6.827243e-05,6.497815e-05,4.1308034e-05,7.547733e-05,6.489428e-05,4.816581e-05,5.4713695e-05,2.6888394e-05,7.446247e-05,9.032104e-05,9.2155526e-05,9.977075e-05,4.305181e-05,0.00010140563,2.5991774e-05,4.0750205e-05,2.2596982e-05,3.9306276e-05,0.00010009905,8.168909e-05,9.8898845e-06,4.3644355e-05,3.794047e-05,3.852943e-05,0.00010390104,3.4394616e-05,5.2129893e-05,5.8563688e-05,0.000113295246,-0.00031529725,7.282604e-05,5.0588827e-05,4.708589e-05,-6.735944e-05,6.4780616e-05,4.093951e-05,6.566074e-05,5.5825683e-05,2.0361878e-05,8.394671e-05,1.0011302,-0.0001334232,5.592245e-05,7.3878466e-05,5.562039e-05,-3.8300906e-05,5.450726e-05,2.7451533e-05,3.7345537e-05,2.4155286e-05,8.644906e-05,0.0,0.00010019577,4.6785706e-05,-3.2727885e-06,7.113469e-05,-0.00083050324,6.9995265e-05,5.748098e-05,2.2494134e-05,3.5969315e-05,8.933266e-05,5.7833568e-05,7.0765804e-05,2.627544e-05,-5.293681e-05,0.000106282416,-0.0004225738,3.700068e-05,2.3708708e-05,1.9340741e-05
3.2254648e-05,0.99671227,0.0011659137,0.0010277628,0.0011860479,0.99588037,9.388789e-06,0.0009139541,7.935166e-06,0.9966698,0.0011265485,0.0011190772,0.0006593855,0.00027343413,3.176561e-05,0.0003611889,2.1487458e-05,0.0011290802,0.99653643,3.622819e-05,6.080354e-06,0.0010980875,6.1925224e-05,3.752931e-05,8.33244e-05,0.00076851976,0.0011411596,1.0342218e-05,0.00036284403,7.331091e-05,1.1328339e-05,-3.203805e-06,0.0012031995,7.35378e-05,5.0259012e-05,7.070995e-05,2.4162151e-05,0.0012371615,2.1764088e-05,6.357864e-05,5.6282443e-05,-5.08403e-06,3.5007262e-05,2.88292e-05,0.0007473334,0.00074906216,0.0012625314,4.095596e-06,0.00011218069,9.486512e-05,1.7764463e-05,0.0010506448,8.5256026e-05,0.001261911,0.00085049385,-8.4024146e-07,0.0010445784,3.0343044e-05,0.000180803,2.8784993e-05,0.001018947,0.0012226772,0.001117853,7.094712e-05,0.00077737455,1.0250914e-06,0.0006261489,7.8127014e-05,1.813727e-05,0.00032994236,0.0010103312,0.0009177506,-9.493384e-06,5.5785684e-05,0.0011661642,5.5478286e-05,0.00072978466,0.0012725383,4.725287e-05,0.9959206,7.932963e-06,0.0007516286,6.870848e-06,7.20357e-06,-6.1111214e-06,4.914367e-05,1.379613e-05,0.0009116151,0.0011596999,5.7317906e-05,0.9966698,0.0,5.266432e-05,0.00121992,3.204183e-05,2.756657e-07,6.4406326e-05,0.0006802906,8.876421e-06,0.0011205722,0.0001072508,4.5609086e-05,1.6267175e-05,1.6020309e-05,9.708245e-07,2.616912e-05,2.035163e-05,3.897931e-06,3.8515907e-05,1.0266897e-05
-0.0012069233,0.99605155,-0.002844958,-0.002858674,-0.003137968,0.9959415,-0.0006046127,-0.0027159199,-0.0005735442,0.99606997,-0.0029406813,-0.0028594746,-0.0026033756,-0.0023353249,-0.00051615166,-0.0023658357,-0.000592355,-0.0028458603,0.9960726,-0.00056913844,-0.0018047224,-0.0029202509,-0.0020040316,-0.0012760911,-0.0021975788,-0.002628353,-0.0029825864,-0.0012750551,-0.0024669098,-0.0016122938,-0.002184386,-0.00088367163,-0.0031326818,-0.0017398217,-0.0014811715,-0.0017296408,-0.0017384755,-0.0031051203,-0.0007944536,-0.0014243495,-0.0013294441,-0.00092454697,-0.0012889201,-0.0011403624,-0.0026910957,-0.002682403,-0.0029950633,-0.0016086359,-0.0021760846,-0.0018998245,-0.0017282076,-0.002859979,-0.0019613195,-0.0030450455,-0.00268069,-0.0007559277,-0.002854791,-0.0017235422,-0.0022980121,-0.00056653394,-0.0028690645,-0.0029476313,-0.0028923573,-0.0017534553,-0.0026850435,-0.0008548987,-0.0026522123,-0.0017364186,-0.000632237,-0.0023406479,-0.0028585328,-0.0027875286,-0.0005676677,-0.0010618108,-0.002897773,-0.0012695699,-0.002687286,-0.003061189,-0.0018969704,0.99598235,-0.0005416541,-0.0026646822,-0.001413154,-0.0010370146,-0.00057556154,-0.0011055463,-0.00070810365,-0.0027927735,-0.0030456334,-0.002006847,0.9960715,-0.0019055614,0.0,-0.0031651247,-0.0010060039,-0.001377872,-0.0015752898,-0.0026112949,-0.00086455344,-0.0029416592,-0.0020753667,-0.0011164538,-0.0016981034,-0.0006666608,-0.00054131576,-0.0017677516,-0.0006369285,-0.0008230066,-0.0006378983,-0.00066673406
0.005281662,1.0041969,0.005409515,0.005416393,0.0053922078,1.0036408,0.0051506073,0.0054127015,0.005172903,1.0041202,0.005414827,0.0054152706,0.005392148,0.005365365,0.005178105,0.0053753816,0.005122932,0.0054199714,1.0040892,0.0051472103,0.0053180857,0.005411432,0.0053437804,0.0052945423,0.0053620962,0.0053905537,0.0054119425,0.0052890508,0.005386355,0.0053386115,0.0053593214,0.0051727504,0.005396803,0.005310027,0.0052962746,0.005293871,0.0053064968,0.0053927093,0.0053285863,0.0052936273,0.005289297,0.005197206,0.0052898414,0.0052420986,0.0054122065,0.0054046074,0.005403745,0.0053413142,0.0053608953,0.0053212624,0.0053294795,0.005433413,0.0053300452,0.005401682,0.005395691,0.0051709334,0.0054133227,0.005306154,0.005369591,0.0051536066,0.005425083,0.005419916,0.0054085655,0.0053117583,0.005396356,0.005165244,0.005390517,0.0052940235,0.0052416166,0.0053702598,0.005419183,0.0054178187,0.005146883,0.0052369824,0.0054243687,0.0052759154,0.0053992555,0.005405821,0.005310583,1.0037194,0.0051676743,0.0053938455,0.005309564,0.0052210405,0.005127569,0.0052392986,0.005160747,0.0054291203,0.0054098605,0.0053448286,1.0041479,0.0053261123,0.005212698,0.0,0.005219773,0.005726839,0.0053216615,0.0053913104,0.005168191,0.005409896,0.005349583,0.0052319686,0.005352904,0.005152359,0.005151748,0.005286106,0.005294312,0.0051910714,0.0051241843,0.0051482986
-0.000918406,0.9960167,-0.0027072942,-0.0027395675,-0.003050708,0.9959212,-0.000303268,-0.0025787216,-0.00022929975,0.99604154,-0.0028290083,-0.0027291,-0.0024566953,-0.0021461234,-0.00019583701,-0.0021895654,-0.00029282935,-0.0027205723,0.9960368,-0.0002159701,-0.001604955,-0.002807793,-0.0017850834,-0.0010093071,-0.002008056,-0.0024655175,-0.002876734,-0.0009831281,-0.0023040667,-0.0013323408,-0.0020062625,-0.0005931066,-0.0030534042,-0.0015001064,-0.001198632,-0.0014823771,-0.0014902961,-0.003010143,-0.00055083295,-0.0011430109,-0.0010586487,-0.00063034776,-0.0009892336,-0.0008597786,-0.002555779,-0.0025474192,-0.002889169,-0.0013574346,-0.0019693521,-0.0016668212,-0.0014801328,-0.0027412374,-0.0017334613,-0.002948485,-0.0025293322,-0.00044458802,-0.0027382174,-0.001468779,-0.0021031445,-0.00025364084,-0.0027518393,-0.0028283317,-0.0027776065,-0.0015164341,-0.0025413833,-0.000537149,-0.002509845,-0.0014853746,-0.00025417336,-0.002154023,-0.0027390788,-0.0026495315,-0.0002634936,-0.00077420997,-0.0027700863,-0.0009773521,-0.0025539994,-0.0029590388,-0.0016905825,0.995943,-0.00019788841,-0.0025209133,-0.0011087833,-0.0007433973,-0.00026389502,-0.00082063314,-0.00040834097,-0.0026634133,-0.002950508,-0.0017826373,0.9960394,-0.0016766656,-0.0006832827,-0.0030778486,0.0,-0.0010181022,-0.001317309,-0.0024576285,-0.0005640759,-0.0028316358,-0.0018522188,-0.000808958,-0.0014472434,-0.00032068443,-0.0001993607,-0.0015239776,-0.00029608078,-0.0004901531,-0.0003249419,-0.00033954871
-0.00592737,0.994612,-0.005936243,-0.005946805,-0.005883593,0.994341,-0.0059219245,-0.0059523196,-0.0059957374,0.99455845,-0.0059400974,-0.005947247,-0.005943959,-0.0059384317,-0.0059665563,-0.0059404816,-0.005921579,-0.005947909,0.9945457,-0.0059520775,-0.0059450692,-0.005937521,-0.0059327525,-0.0059243385,-0.00594048,-0.005944514,-0.0059310826,-0.005928865,-0.00595266,-0.0059496155,-0.00594069,-0.0058888374,-0.0058881775,-0.005924198,-0.005942847,-0.005899619,-0.005916055,-0.0058870334,-0.0061808405,-0.005940644,-0.0059420774,-0.0059170453,-0.005928441,-0.0059168003,-0.0059468043,-0.0059481557,-0.0059158397,-0.0059510674,-0.0059405454,-0.0059201983,-0.005934199,-0.005957109,-0.0059220497,-0.005908616,-0.005946422,-0.005881318,-0.0059440597,-0.0059093316,-0.005944764,-0.0058994703,-0.0059588365,-0.0059311464,-0.005931615,-0.00590991,-0.0059448127,-0.0058899294,-0.005948102,-0.0059046703,-0.006063317,-0.005939742,-0.0059532314,-0.0059637846,-0.005912025,-0.005908632,-0.00594625,-0.005913571,-0.0059500565,-0.005903966,-0.0059108455,0.99438673,-0.005951599,-0.0059485235,-0.0059341593,-0.005903639,-0.0059121544,-0.005920321,-0.005879701,-0.0059603956,-0.0059155836,-0.0059345253,0.9945833,-0.0059150695,-0.0058942414,-0.005879442,-0.0059003606,0.0,-0.005950187,-0.0059431847,-0.0058847154,-0.0059338883,-0.0059299516,-0.0059064757,-0.0059504267,-0.005892521,-0.005925062,-0.005901432,-0.0061248112,-0.005884887,-0.00588019,-0.005873977
-7.020424e-06,0.99551356,-0.00085352035,-0.00094761234,-0.00179737,0.99552315,-1.4746973e-06,-0.00057629053,-9.857894e-06,0.9955343,-0.0011602131,-0.0008946597,-0.0003123045,3.5935335e-07,1.6438467e-05,1.248533e-05,-2.7093949e-05,-0.00087927136,0.9955346,-2.6041057e-06,9.671739e-06,-0.0011209352,-2.7501326e-06,-2.4913974e-05,-4.779126e-05,-0.0003443947,-0.0013001967,8.520334e-06,-2.9800842e-05,-1.9763223e-05,-5.058605e-06,-1.3581667e-05,-0.00177325,8.923573e-06,-2.1308584e-05,-2.6323252e-05,-3.6486686e-05,-0.0016908706,1.7883498e-05,1.3761696e-05,-7.270991e-06,-1.197395e-05,-1.713798e-07,-1.9747493e-05,-0.000567899,-0.0005367776,-0.0013464327,-7.954222e-06,-5.0497012e-05,1.3357675e-06,-1.7585962e-05,-0.0009802841,-3.107809e-05,-0.0015007113,-0.00049245934,-2.4808432e-05,-0.00092595856,-1.03076945e-05,1.4220343e-05,-2.8365827e-07,-0.0009873301,-0.0011709746,-0.0010611538,-2.0178739e-05,-0.0005569796,5.750946e-06,-0.0004554742,-3.237576e-05,1.3286735e-05,8.590498e-06,-0.00094080094,-0.0007500278,-2.4011633e-05,1.0554625e-05,-0.0009968294,-1.5957427e-05,-0.0005641409,-0.0015326767,-5.9953813e-06,0.99551785,4.96989e-07,-0.00046949694,1.1864294e-05,-1.3641129e-05,1.0133647e-05,-2.6446063e-05,4.866833e-06,-0.0008140878,-0.0015006474,7.5476164e-06,0.9955365,-2.6921514e-05,-2.259304e-05,-0.0018647203,-2.956017e-05,-6.9174444e-06,0.0,-0.00032158213,-2.7911885e-05,-0.0011791968,-3.0321593e-05,-1.8075589e-05,-3.0756513e-05,-1.2379834e-05,-5.349798e-06,-2.8201915e-05,-1.922816e-05,6.467923e-06,-2.4680261e-05,-2.3637656e-05
0.0007484001,0.9971408,0.0040809065,0.0040397793,0.0043048575,0.9943265,8.013248e-06,0.0039213635,2.2983922e-05,0.9968522,0.0041266647,0.004057056,0.0037298861,0.003290491,2.220277e-05,0.0033721596,-1.5780242e-06,0.0040745647,0.99662644,-1.1601768e-06,0.002092721,0.004090706,0.0027697408,0.0009611645,0.0030148602,0.0037901,0.0041795326,0.001066653,0.0034433126,0.0019858666,0.0028597834,4.468789e-05,0.0043021007,0.0021115663,0.0015217265,0.0021751323,0.0021140035,0.0042816848,2.1636008e-05,0.0013276095,0.0011073793,1.116359e-05,0.0010153526,0.00051596627,0.0038198072,0.0038140416,0.00420478,0.0017609855,0.0030845634,0.0025153873,0.0021253342,0.0040530367,0.00265741,0.004235086,0.0038587553,-3.1320683e-06,0.00404437,0.0021667734,0.0032169104,-5.6757585e-07,0.00404778,0.004172648,0.004087611,0.0021337338,0.0038120649,-1.2654491e-05,0.0037105877,0.002159888,3.6290276e-05,0.0033420923,0.004035296,0.003961935,2.6879516e-05,0.00046739916,0.004132047,0.0009841752,0.0037904778,0.0042760074,0.002380608,0.99517953,4.415349e-05,0.003785154,0.0014652734,0.00041652494,4.0774554e-05,0.00040482642,2.5741481e-05,0.003985447,0.0042155744,0.0027659168,0.9969231,0.0024860797,0.00019832858,0.004319698,0.0003996703,2.5906744e-05,0.0017037562,0.0,5.16081e-05,0.0041250703,0.0028713504,0.0005412596,0.0020401939,-8.979314e-06,2.9500317e-05,0.0022032524,2.2546978e-05,0.00011687241,2.2335344e-06,-9.2418495e-06
-0.0019536568,0.99608403,-0.0031686816,-0.0031796067,-0.0033840952,0.9959617,-0.0013784844,-0.003072456,-0.001370523,0.9960966,-0.003243768,-0.0031874937,-0.0029923574,-0.00279056,-0.0013360924,-0.0028179002,-0.0013560503,-0.0031732502,0.99609125,-0.0013758157,-0.0024928038,-0.0032236208,-0.00254077,-0.0019856528,-0.0026957341,-0.0030115256,-0.0032763798,-0.0019702557,-0.0028747201,-0.0022482765,-0.0026467664,-0.001605664,-0.0033854535,-0.0023489275,-0.0021513826,-0.0023362914,-0.0023224263,-0.003360247,-0.0015574545,-0.0021210068,-0.002053656,-0.0016915461,-0.0019661668,-0.0018207417,-0.0030646012,-0.0030524877,-0.0032723527,-0.0022571322,-0.0026630508,-0.002451429,-0.0023553816,-0.0031771285,-0.0025150923,-0.0033156925,-0.0030432395,-0.0015284955,-0.0031714314,-0.0023185906,-0.0027734262,-0.0014780943,-0.003198971,-0.0032435504,-0.0031962155,-0.0023572955,-0.0030404693,-0.0016267885,-0.0030259648,-0.0023360956,-0.0014211872,-0.0027898063,-0.003193974,-0.0031224797,-0.0014071859,-0.0018321202,-0.0032051713,-0.0019858168,-0.0030573013,-0.0033283192,-0.0024483162,0.9960041,-0.0013680214,-0.003031215,-0.0020797625,-0.0017992628,-0.0013435765,-0.0018243802,-0.0015100699,-0.0031364264,-0.0033198488,-0.0025407167,0.9960988,-0.0024655059,-0.0017438176,-0.0034043877,-0.0017694839,-0.0022988627,-0.0022352007,-0.0029917522,0.0,-0.0032443083,-0.0025972978,-0.0017895289,-0.002322271,-0.001472781,-0.0013641289,-0.0023595118,-0.001436866,-0.0015773972,-0.0014718763,-0.0014391548
0.0041531557,1.0026351,0.004585834,0.0045888727,0.0046173446,1.0012505,0.0038018185,0.004567738,0.0038103585,1.0023799,0.0046049403,0.0045927907,0.0045198174,0.0044546323,0.0038291742,0.004466648,0.0037860346,0.0046002828,1.0022908,0.0038024262,0.0043183784,0.0045978636,0.004390914,0.0041872123,0.0044246516,0.0045300424,0.0046105385,0.004193529,0.004487802,0.004316401,0.004411751,0.0039520063,0.00462191,0.004299945,0.0042327275,0.0042845733,0.004293481,0.004615052,0.003942192,0.0042168777,0.0041936347,0.0039939457,0.0041847597,0.00408708,0.0045551523,0.0045405007,0.0046023815,0.0043054842,0.0044236467,0.004344441,0.004315838,0.004611867,0.0043614493,0.0046110214,0.0045415964,0.0039146943,0.004589915,0.004294804,0.00444882,0.0038636043,0.0045943772,0.004614456,0.0045957966,0.004302927,0.0045411284,0.0039367722,0.00451999,0.00428229,0.0038824969,0.004469816,0.0045903637,0.004574914,0.003810106,0.0040855347,0.004613706,0.004168796,0.0045425505,0.00461937,0.004325583,1.001379,0.0038134607,0.0045314087,0.0042388593,0.0040523307,0.0038031489,0.0040720142,0.0038965722,0.0045872633,0.004618267,0.0043902835,1.002473,0.0043471064,0.0040234043,0.0046279645,0.004048155,0.0043936777,0.0042815823,0.0045219804,0.0039433446,0.0,0.004394102,0.0040793857,0.004338605,0.003883131,0.003810164,0.004282571,0.003918084,0.0039723036,0.0038357042,0.003880774
5.2048243e-05,0.99659777,0.0019066563,0.0017895376,0.0020704367,0.9955663,-8.740932e-07,0.0017428872,2.181696e-05,0.9964535,0.0019145275,0.0018758912,0.0014834765,0.0009730878,1.5856575e-06,0.001059492,3.1842883e-05,0.0018827539,0.99631274,3.4103485e-07,5.803037e-06,0.0018807043,0.0004979436,6.5862216e-05,0.00066672097,0.0016015153,0.0019602622,1.739006e-05,0.0010831824,1.6159453e-05,0.00040022813,4.8254635e-05,0.0020827388,6.621562e-05,6.2987405e-05,8.0168946e-05,8.760433e-05,0.0020771583,4.5764914e-06,4.1101986e-05,1.6652604e-05,1.0611569e-05,4.253002e-05,4.2408363e-05,0.0015758853,0.0015981352,0.002018686,5.024721e-06,0.0007645234,0.0002402809,9.232358e-05,0.0018014774,0.00037201907,0.0020619857,0.0016768674,5.1964995e-05,0.0017960046,6.9179965e-05,0.0009072205,1.9519366e-05,0.0017932969,0.0019845439,0.0018711566,7.932018e-06,0.0016033689,3.9659888e-05,0.0014694959,5.993719e-05,2.2574908e-05,0.0010565949,0.0017953608,0.0017575672,2.2062852e-05,3.7890368e-07,0.0019421483,2.2244334e-05,0.001550263,0.0021094081,6.1166094e-05,0.9955997,3.6085967e-05,0.0015804523,7.900732e-05,2.3557459e-05,1.0549732e-05,5.64532e-05,4.1646457e-05,0.0017811155,0.0019906727,0.0004972965,0.99648756,0.0002225508,4.693002e-05,0.002103274,3.3817283e-05,-5.1435577e-06,8.1867736e-05,0.001494573,4.8053356e-05,0.001897975,0.0,6.6957014e-06,9.295972e-05,2.045095e-05,1.6229034e-05,0.00010285786,-5.1146935e-06,4.2975877e-05,2.1128406e-05,6.664741e-06
-0.0006993625,0.9959668,-0.0025828746,-0.002620716,-0.0029677493,0.9958953,-1.1606901e-06,-0.0024304914,-9.670616e-06,0.99599224,-0.002729881,-0.0026160679,-0.0023129883,-0.0020040004,1.6105541e-05,-0.0020297074,-5.542952e-06,-0.0026075654,0.9959785,-2.3765197e-05,-0.0014931052,-0.0027122493,-0.0015733169,-0.0007248102,-0.001831563,-0.0023492738,-0.002790904,-0.00067096,-0.0021426422,-0.0010696534,-0.0018413344,-0.0002518855,-0.0029723074,-0.0012962512,-0.0009476667,-0.0012207181,-0.0012522537,-0.0029211706,-0.0002046195,-0.00088967005,-0.00080521975,-0.00035748386,-0.00066516554,-0.00054634677,-0.002442794,-0.0024375338,-0.0027842629,-0.0011067908,-0.0017799126,-0.0014408719,-0.0012664961,-0.002629976,-0.0015337896,-0.0028514413,-0.0023928208,-0.0001446567,-0.0026266288,-0.0012162166,-0.00197771,-2.538799e-06,-0.00264591,-0.0027269637,-0.0026638862,-0.0012848128,-0.0024092991,-0.00023182994,-0.0023922399,-0.0012717681,-3.0481657e-05,-0.0020002748,-0.0026446339,-0.0025180494,-1.4682314e-05,-0.00054158544,-0.0026505517,-0.0007352468,-0.0024342875,-0.0028614826,-0.0014927753,0.9959074,-2.646333e-05,-0.002395376,-0.0008475496,-0.0004979638,6.997981e-06,-0.0005282369,-0.000108974586,-0.0025435896,-0.00286509,-0.0015757799,0.99598426,-0.0014558836,-0.00043999698,-0.0029994731,-0.00044450985,-0.0005960544,-0.0010944135,-0.0023203378,-0.00020373282,-0.0027316918,-0.0016732068,0.0,-0.0012393028,-5.016512e-05,1.1655102e-05,-0.0013174729,1.760222e-05,-0.00014566677,-4.320473e-05,-7.5497474e-06
-1.7063627e-05,0.9953591,-0.00012844928,-0.00014499121,-0.0010199012,0.99540615,-2.026587e-05,-6.583703e-05,-8.43659e-07,0.9953786,-0.0002153652,-9.0525566e-05,-4.717786e-05,-3.5819266e-05,-1.6313703e-05,-2.7505048e-05,-1.9835174e-05,-6.887836e-05,0.99538296,-2.454834e-05,-1.8875173e-05,-0.00024084472,-1.05881e-05,-4.2580203e-07,7.4009254e-06,-3.3882086e-05,-0.00038890602,8.556905e-06,3.330675e-06,1.069718e-05,-3.7413367e-05,7.764525e-06,-0.000985409,-2.1179654e-05,1.2574218e-05,-2.111271e-05,-1.8044191e-05,-0.0008985326,-5.706411e-06,-1.3580504e-05,7.435267e-06,-1.3529946e-05,-6.275952e-06,-2.212213e-05,-4.5853467e-05,-1.3580824e-06,-0.0004800473,-1.4210902e-05,-2.014495e-05,-2.1913384e-05,-1.0962133e-06,-9.861633e-05,6.5918452e-06,-0.00065215054,-2.0286803e-05,-4.874664e-06,-0.00011645137,-4.0184805e-06,-1.7784625e-05,4.8715688e-06,-8.945915e-05,-0.00024435789,-0.00019280163,-1.1344087e-05,-4.8156184e-05,1.4344602e-06,-3.3237564e-05,-1.9649691e-05,-7.2693533e-06,-3.361412e-05,-0.00010664849,-6.650568e-05,1.016084e-05,-1.0779501e-05,-0.00014697407,-7.3508676e-07,-4.812697e-05,-0.00068707525,-4.785566e-06,0.99540186,-3.9064976e-06,-4.429288e-05,-1.6780297e-05,-1.9843465e-05,-1.0278908e-05,1.6721462e-05,1.1572246e-06,-2.2085755e-05,-0.0006324254,-2.959871e-06,0.9953832,-1.1353152e-05,1.6054211e-05,-0.0011359622,1.2141036e-06,1.8870143e-05,-2.5523854e-05,5.822667e-06,1.852128e-06,-0.00025992532,-3.9011924e-05,1.0887504e-05,0.0,-9.153622e-06,9.610701e-06,-9.611568e-06,-2.3167884e-05,8.176032e-06,-1.8440816e-05,-1.7911894e-05
-0.0027359168,0.99601024,-0.00359091,-0.0036138457,-0.003743135,0.99586105,-0.002385999,-0.0035413827,-0.0024017463,0.9960256,-0.0036537459,-0.0036096028,-0.0034797292,-0.0033283501,-0.002317735,-0.0033545261,-0.0023812018,-0.0036064729,0.99602205,-0.0023260699,-0.0031078197,-0.0036447807,-0.0031701897,-0.0027937605,-0.0032753597,-0.0034796584,-0.003675056,-0.0027744037,-0.0034112101,-0.0029580228,-0.0032623257,-0.002526568,-0.0037478653,-0.0030269087,-0.0028927075,-0.003012114,-0.0030145978,-0.0037253879,-0.0025810355,-0.002865397,-0.0028293831,-0.002571837,-0.0027844764,-0.002691909,-0.0035264937,-0.0035228033,-0.0036732345,-0.0029842127,-0.0032559251,-0.0031070975,-0.0030231676,-0.0036183512,-0.0031337177,-0.0037019004,-0.003512599,-0.002443509,-0.003611012,-0.0030062245,-0.0033132927,-0.0023431673,-0.0036268542,-0.0036478806,-0.0036246688,-0.0030292848,-0.003511287,-0.0025041783,-0.003501865,-0.0030080657,-0.0023481238,-0.0033403102,-0.0036199049,-0.0035733173,-0.0023630403,-0.0026485983,-0.003626086,-0.0027471865,-0.0035258976,-0.0037051535,-0.0031061105,0.99589443,-0.0023398334,-0.0035094167,-0.0028396973,-0.002631166,-0.0023680504,-0.002687961,-0.0024238548,-0.0035822038,-0.0037008147,-0.0031700989,0.9960279,-0.0031083985,-0.0025952337,-0.003759076,-0.0026146236,-0.003355657,-0.002959193,-0.00347498,-0.002509627,-0.0036504248,-0.0031925363,-0.0026668515,-0.0030254084,0.0,-0.00231664,-0.003024265,-0.0024710558,-0.0024787933,-0.002366401,-0.0023600385
-0.003969346,0.9956725,-0.0043735453,-0.0043910854,-0.004432374,0.9955131,-0.003795589,-0.004354618,-0.00381605,0.99566793,-0.004410784,-0.0043940865,-0.0043242164,-0.0042519583,-0.0037851466,-0.0042601954,-0.0037941604,-0.0043909433,0.9956577,-0.0037733002,-0.0041626245,-0.0044049355,-0.004165408,-0.003981673,-0.0042246925,-0.0043254183,-0.0044194837,-0.003962688,-0.0042928318,-0.004068059,-0.0042271744,-0.0038394516,-0.004435118,-0.004093163,-0.0040461854,-0.004066324,-0.0040886733,-0.0044232556,-0.0040075397,-0.004028523,-0.004007299,-0.003897172,-0.0039640367,-0.0039358917,-0.0043471963,-0.004346985,-0.004409091,-0.004086499,-0.00422118,-0.0041324655,-0.0041017444,-0.004400038,-0.004148607,-0.004421846,-0.004337578,-0.0037881723,-0.004392562,-0.0040728324,-0.0042524654,-0.003744303,-0.004402993,-0.0044088676,-0.0043907193,-0.0040881285,-0.0043365904,-0.003813496,-0.004336,-0.0040755672,-0.003886877,-0.00425429,-0.0043981476,-0.0043767258,-0.003756008,-0.0038915519,-0.0043961816,-0.0039621694,-0.0043485705,-0.0044203456,-0.0041311304,0.9955318,-0.003772684,-0.004340014,-0.004003825,-0.0039016325,-0.0037767547,-0.0039318632,-0.0037671095,-0.004380297,-0.0044227964,-0.0041690385,0.9956756,-0.0041300165,-0.0038750106,-0.0044371244,-0.003882269,-0.004806187,-0.004076786,-0.004321303,-0.0038147497,-0.004406993,-0.004182529,-0.0038906375,-0.0041128336,-0.0037628515,0.0,-0.004081704,-0.0039350414,-0.0037886922,-0.0037489457,-0.0037412043
3.544374e-05,0.9969344,0.00028650166,0.00020734099,0.00026996378,0.9961146,1.2510253e-05,0.00019712953,3.150057e-05,0.99689597,0.00026359045,0.00027310764,0.00012251569,4.3533484e-05,1.502562e-05,8.026298e-05,3.427223e-05,0.0002751198,0.9968161,2.7441092e-05,3.950658e-05,0.0002548431,2.6036721e-05,2.757155e-05,6.464029e-05,0.000107679145,0.00028855432,3.1081716e-05,7.879125e-05,6.829275e-05,7.8061945e-05,3.240532e-05,0.00028632043,3.0224952e-05,3.3048953e-05,1.8886161e-05,4.0157942e-05,0.00030723496,2.7878274e-05,2.8295328e-05,3.874963e-05,4.4801877e-06,5.5403045e-05,4.440851e-05,6.7706715e-05,8.8592475e-05,0.0003201826,2.4986217e-05,4.9673883e-05,5.9363716e-05,3.3930264e-05,0.00021933657,3.89877e-05,0.00032347548,0.00015199577,4.7788304e-05,0.00022351535,2.1788108e-05,9.005647e-05,1.935904e-05,0.00019155287,0.00032390142,0.00024800695,4.1438565e-05,9.0548e-05,2.8494323e-05,0.00010222905,1.11448735e-05,1.0880334e-05,9.706931e-05,0.0002175923,0.00020322444,2.5336218e-05,9.304511e-06,0.0003083005,3.7506925e-05,5.4824548e-05,0.00034852762,3.7649865e-05,0.99619097,4.8812785e-06,8.289097e-05,5.144192e-05,3.951186e-05,2.4262898e-05,1.8612873e-05,4.1428684e-05,0.00020658606,0.00027211843,1.9553034e-05,0.996919,3.9956652e-05,1.738101e-05,0.0002754844,4.6118857e-05,9.049773e-06,2.7478533e-05,3.8129045e-05,3.6905436e-05,0.0002571734,4.9053284e-05,5.4871656e-05,6.1540275e-05,1.2251635e-05,7.246243e-06,0.0,7.90918e-06,1.8128025e-05,2.7056903e-05,-3.5999192e-06
-0.005166303,0.99509436,-0.0052934177,-0.005305185,-0.005275112,0.99486905,-0.0051030866,-0.005298673,-0.0051728096,0.995059,-0.005307614,-0.005308258,-0.005283628,-0.0052533923,-0.005132838,-0.0052589676,-0.005095806,-0.005308015,0.9950489,-0.005127092,-0.0052330936,-0.0053043147,-0.005229487,-0.0051675844,-0.0052499543,-0.005283875,-0.0053025046,-0.0051742424,-0.0052781776,-0.0052149803,-0.005246731,-0.0050952444,-0.005281731,-0.005200569,-0.0052019404,-0.0051797596,-0.005193631,-0.0052747126,-0.005363019,-0.005196464,-0.0051949485,-0.0051274938,-0.005175629,-0.005143932,-0.005292753,-0.0052949875,-0.005291208,-0.0052201482,-0.005247118,-0.0052084504,-0.0052099316,-0.0053131743,-0.0052142036,-0.0052895173,-0.0052899625,-0.0050852476,-0.005303962,-0.0051850383,-0.0052589853,-0.0050947526,-0.005317846,-0.0053004855,-0.0052945516,-0.0051926323,-0.005284156,-0.0051053613,-0.0052876268,-0.005186642,-0.00523079,-0.005259664,-0.0053123394,-0.005313259,-0.0051046577,-0.005141066,-0.00530915,-0.0051577943,-0.0052944305,-0.0052884114,-0.005199168,0.9949149,-0.0051325657,-0.0052892626,-0.0051875412,-0.0051305066,-0.005093524,-0.0051533687,-0.005083204,-0.0053100316,-0.0052941046,-0.0052301856,0.9950776,-0.0052042548,-0.005117785,-0.0052742492,-0.0051262057,-0.0061912327,-0.0052144993,-0.005280767,-0.005085346,-0.0053008352,-0.0052290317,-0.0051324475,-0.005226882,-0.005086113,-0.0051102643,-0.005182695,0.0,-0.005090603,-0.0050752917,-0.00505971
-0.0019158496,0.99607724,-0.0031242042,-0.0031569623,-0.0033739095,0.99596447,-0.0014155747,-0.003041572,-0.0013347467,0.9961037,-0.0032240688,-0.0031530238,-0.002962361,-0.0027654623,-0.001328651,-0.0027886303,-0.001397279,-0.0031478768,0.99609303,-0.0013438845,-0.0024459288,-0.0032149847,-0.0025053844,-0.0019556577,-0.0026691023,-0.0029768844,-0.0032630675,-0.0019064505,-0.002865813,-0.0021790327,-0.0026739563,-0.0016086751,-0.0033769778,-0.0023103864,-0.002102227,-0.0022765468,-0.0022959462,-0.0033458497,-0.0015697634,-0.002069966,-0.002004872,-0.0017014357,-0.0019104872,-0.0018304524,-0.003039862,-0.0030339018,-0.0032624337,-0.0022170637,-0.0026444045,-0.0024244634,-0.0023034103,-0.0031714207,-0.0024708314,-0.003301636,-0.0030104641,-0.0014969175,-0.003161893,-0.0022727656,-0.0027461033,-0.0013808368,-0.003176322,-0.0032229638,-0.0031844066,-0.0023195865,-0.0030209562,-0.001566737,-0.003003688,-0.002296136,-0.001420501,-0.0027634613,-0.0031670483,-0.0030954597,-0.0013766447,-0.0017720165,-0.0031764284,-0.0019386478,-0.0030378597,-0.0033052936,-0.0024483937,0.9959807,-0.0013138703,-0.003011869,-0.0020144798,-0.0017675845,-0.0013707496,-0.0018155294,-0.0014700096,-0.0031101198,-0.0033048252,-0.002509344,0.9960981,-0.0024298467,-0.0017188332,-0.0033944994,-0.001722668,-0.0022547643,-0.0021974363,-0.0029649844,-0.0015712064,-0.0032254101,-0.0025604982,-0.0017536479,-0.002294063,-0.00142561,-0.0012670628,-0.0023166398,-0.0014302494,0.0,-0.0014170313,-0.0013943856
-0.002985137,0.9959771,-0.0037385456,-0.0037519701,-0.003864638,0.99583244,-0.0026605043,-0.003687346,-0.0026711796,0.99598694,-0.0037907488,-0.003752035,-0.0036319136,-0.0035048942,-0.0026271148,-0.0035212107,-0.0026542488,-0.003749094,0.99598384,-0.0026404632,-0.0032913752,-0.0037796807,-0.003363592,-0.003019269,-0.003451774,-0.0036397006,-0.0038049666,-0.0030230125,-0.0035746214,-0.0031874948,-0.003446565,-0.0027854664,-0.0038673754,-0.0032330577,-0.0031239395,-0.0032194273,-0.0032272874,-0.003847498,-0.0028561696,-0.0030982702,-0.0030602242,-0.0028354083,-0.0030243942,-0.0029379802,-0.0036739015,-0.0036718203,-0.003803508,-0.0031944383,-0.0034390925,-0.0033039623,-0.0032369874,-0.0037567746,-0.0033332256,-0.0038266329,-0.0036666575,-0.0027127261,-0.0037508123,-0.003219321,-0.0034935812,-0.0026339958,-0.0037617327,-0.0037875667,-0.0037621313,-0.0032374428,-0.003664286,-0.0027666327,-0.0036551466,-0.0032240795,-0.0027100032,-0.0035120843,-0.003758125,-0.003725032,-0.0026382026,-0.0029003704,-0.0037698415,-0.0029929092,-0.0036737246,-0.0038318047,-0.003299539,0.9958716,-0.0026348496,-0.0036609755,-0.0030831634,-0.0028797046,-0.0026394841,-0.0029289774,-0.0026927355,-0.0037272817,-0.0038310534,-0.0033651693,0.99598855,-0.0033052822,-0.0028432566,-0.0038751594,-0.0028670724,-0.0036567035,-0.0031771162,-0.0036326458,-0.0027798037,-0.0037862484,-0.0033858886,-0.0029115516,-0.0032357457,-0.0026651404,-0.002619914,-0.003233009,-0.0027840484,-0.0027500896,0.0,-0.002647557
-0.002811432,0.9960016,-0.0036274584,-0.0036468566,-0.0037769808,0.99586296,-0.002427096,-0.0035715047,-0.0024299624,0.9960136,-0.0036904102,-0.0036467903,-0.0035144882,-0.0033762997,-0.0023400867,-0.003395572,-0.0023926096,-0.003641253,0.9960091,-0.0024015675,-0.0031678663,-0.003685272,-0.0032170853,-0.0028377753,-0.0033212178,-0.0035246336,-0.0037118855,-0.0028235903,-0.0034505047,-0.003011779,-0.0033046124,-0.002563236,-0.0037781675,-0.0030891513,-0.0029598034,-0.0030616676,-0.0030674348,-0.0037558584,-0.002615744,-0.0029327942,-0.0028979299,-0.0026357123,-0.0028456217,-0.002732096,-0.0035631438,-0.0035587829,-0.0037058808,-0.0030388637,-0.0032950751,-0.0031563141,-0.0030764595,-0.0036480047,-0.0031893996,-0.003732781,-0.0035495227,-0.0024973946,-0.003643378,-0.0030581942,-0.0033623942,-0.0024333016,-0.0036589392,-0.0036877135,-0.0036592379,-0.0030907614,-0.003550052,-0.0025814602,-0.003540294,-0.0030660338,-0.0024725564,-0.003382918,-0.0036554497,-0.003612612,-0.0024257314,-0.0027228429,-0.003660148,-0.0028194697,-0.003562557,-0.0037376347,-0.003145217,0.9958987,-0.0023962783,-0.003544817,-0.0029069323,-0.0027001756,-0.0024020046,-0.0027532144,-0.0024847125,-0.0036176746,-0.0037394823,-0.0032187768,0.99601537,-0.003159878,-0.0026619188,-0.0037914116,-0.0026825448,-0.0033862942,-0.0030191208,-0.0035153117,-0.0025520453,-0.003687218,-0.003244449,-0.0027053012,-0.0030791173,-0.0024414808,-0.0023732476,-0.0030778137,-0.0024781555,-0.0025311124,-0.0024378556,0.0
