1,2,3,4,5,6,7,8,9,10,11,12,13,14,15,16,17,18,19,20,21,22,23,24,25,26,27,28,29,30,31,32,33,34,35,36,37,38,39,40,41,42,43,44,45,46,47,48,49,50,51,52,53,54,55,56,57,58,59,60,61,62,63,64,65,66,67,68,69,70,71,72,73,74,75,76,77,78,79,80,81,82,83,84,85,86,87,88,89,90,91,92,93,94,95,96,97,98,99,100,101,102,103,104,105,106,107,108,109,110
0.0,0.9937376,-0.0026446953,-0.0026579713,-0.0029169368,0.99448234,-0.00066216907,-0.0024812447,-0.0001338956,0.9936374,-0.0027333458,-0.002647152,-0.0024334518,-0.002297805,-0.00015452538,-0.0023259376,-0.0006283838,-0.0026388406,0.99360704,-0.00046392373,-0.0020354663,-0.002710184,-0.002167219,-0.001700344,-0.0022426853,-0.0024488978,-0.0027628287,-0.0016947527,-0.0023492759,-0.001889075,-0.0022369006,-0.0013370295,-0.0029134452,-0.002010793,-0.0018224878,-0.0020382842,-0.0020030343,-0.002881101,-2.0206315e-05,-0.0017820487,-0.0017486581,-0.0013867778,-0.0016995841,-0.0015921531,-0.002468085,-0.0024586017,-0.002790428,-0.0018785856,-0.0022300798,-0.002118337,-0.0019765815,-0.0026159643,-0.002153274,-0.002827314,-0.0024611014,-0.0012054768,-0.0026559988,-0.0020065787,-0.0022809152,-0.00087658555,-0.0026104508,-0.002732153,-0.0026903923,-0.0020430498,-0.002460234,-0.0013240617,-0.0024594823,-0.0020443338,-3.288032e-05,-0.0023093657,-0.002643273,-0.0025339706,-0.0006708411,-0.0015437179,-0.002686547,-0.0016835763,-0.0024627964,-0.0028363632,-0.0021111444,0.9942664,-0.00042006042,-0.0024499272,-0.0017781449,-0.0015266255,-0.0007062891,-0.0015592495,-0.0011182132,-0.0025238618,-0.002832947,-0.0021544665,0.9936601,-0.0021214157,-0.0014573566,-0.0029292484,-0.0015061925,-1.7470607e-05,-0.0018628394,-0.0024207705,-0.0013169532,-0.0027316054,-0.0021874837,-0.0015543997,-0.0019247575,-0.0010260888,-0.00055296876,-0.0020677468,-1.0009034e-05,-0.0012965442,-0.0009991825,-0.0010577076
-0.0038055726,0.0,-0.003867154,-0.003872387,-0.0038533157,0.9965502,-0.003762546,-0.0038775583,-0.00373757,0.99668854,-0.0038769757,-0.0038581123,-0.0038731233,-0.0038730083,-0.0036908656,-0.0038696358,-0.0037707929,-0.0038587253,0.99670136,-0.0037231415,-0.0038690693,-0.003865558,-0.0038697086,-0.0038292347,-0.0038701545,-0.0038834314,-0.0038701189,-0.0038036096,-0.00387797,-0.0038417054,-0.0038735946,-0.0037850044,-0.0038549223,-0.003835299,-0.003863319,-0.0038485476,-0.0038324357,-0.0038585148,-0.0037281134,-0.00386178,-0.003846903,-0.0038172689,-0.003814864,-0.00381301,-0.0038859707,-0.0038797974,-0.0038507292,-0.0038351724,-0.0038516286,-0.00385965,-0.00382003,-0.0038703321,-0.003855501,-0.0038386988,-0.0038843341,-0.0038029873,-0.0038759245,-0.0038388323,-0.0038798596,-0.0037839236,-0.0038707315,-0.0038598597,-0.0038680572,-0.003842054,-0.0039130286,-0.0037624429,-0.003871364,-0.0038351899,-0.0037181384,-0.003878015,-0.0038562163,-0.0038756367,-0.0037746148,-0.0038041135,-0.0038653077,-0.0038293984,-0.003860866,-0.003849043,-0.0038738423,0.9965924,-0.0037538977,-0.0038820365,-0.0038206012,-0.0038083005,-0.0037634172,-0.0038296194,-0.003777675,-0.0038826552,-0.0038646213,-0.0038811883,0.9967173,-0.0038534354,-0.0037936287,-0.0038591875,-0.0037916212,-0.0038156772,-0.003850117,-0.0038834186,-0.0038073896,-0.0038493865,-0.0038597826,-0.003814654,-0.003841977,-0.003771481,-0.0037299127,-0.0038569937,-0.0037069279,-0.0037953178,-0.0037961274,-0.0037895367
0.0028989203,0.99815726,0.0,0.0032416095,0.0033452222,0.9983963,0.002653117,0.003290311,0.0024422174,0.9980639,0.0032825158,0.0032699325,0.0032208527,0.003145385,0.0024565598,0.0034922077,0.0026405705,0.0032925094,0.998031,0.0025936689,0.0030381714,0.0032773654,0.0031190321,0.0029144897,0.0031219362,0.0032463726,0.0032888902,0.0029266637,0.003498616,0.0030084255,0.0031063952,0.0027861046,0.00334878,0.0030341388,0.0029433207,0.00303443,0.0030432208,0.0033366864,0.0025307264,0.0029320177,0.0029173277,0.002790202,0.0029270242,0.0028476706,0.0032650311,0.0035643573,0.0032876586,0.002999998,0.0031262415,0.003071811,0.0030088925,0.0034872731,0.0030776735,0.0033046247,0.0032598972,0.002772322,0.003264474,0.0030297404,0.0031454272,0.002761686,0.0032513582,0.0033016575,0.0032721735,0.0030571653,0.0032966041,0.0027644413,0.0035507968,0.0030286296,0.0024543072,0.003237773,0.0035748952,0.0032488592,0.0026680152,0.0028567452,0.0033077768,0.002906516,0.0032196483,0.0033376445,0.003033041,0.9981925,0.0025824597,0.00322802,0.0029579725,0.0028327855,0.0026815888,0.0028343594,0.002780058,0.0032785102,0.0033185745,0.0031185145,0.9980518,0.0030768532,0.0028103357,0.003375321,0.0028358295,0.0031993983,0.0029705234,0.003234286,0.0027592909,0.0032602488,0.0030906019,0.0028529381,0.0030058564,0.0027488368,0.002635324,0.003035801,0.002493492,0.002792462,0.0027499183,0.0027582585
0.0028648747,0.9981466,0.0035408235,0.0,0.0033214078,0.9983605,0.0026153228,0.0033653567,0.0023946138,0.99803376,0.0032643266,0.0032440177,0.0031720118,0.003433409,0.00241077,0.0034730008,0.002601741,0.0033804902,0.9980128,0.0025506485,0.0030201264,0.003252082,0.0031254338,0.0028825533,0.0030921854,0.0032161912,0.0032564078,0.0028835423,0.0034799366,0.0029745363,0.003090231,0.0027452535,0.0033238332,0.003011818,0.0029045353,0.0029848802,0.0030079372,0.0033039523,0.002485961,0.002894358,0.0028739925,0.0027634653,0.0028894132,0.0028108275,0.003531788,0.0035462198,0.0035753616,0.0029722583,0.0030876927,0.0030439622,0.0029760606,0.003555213,0.0030257222,0.0032641327,0.0032186515,0.0027338257,0.003272398,0.002995556,0.0031169483,0.0027168624,0.003216556,0.0033160758,0.0035456056,0.0030325123,0.0035401243,0.0027289751,0.0035178615,0.0029889687,0.0024109944,0.0033650103,0.0035616201,0.0035448184,0.0026271904,0.0028157583,0.0033190313,0.0028727136,0.0035147532,0.0032996233,0.0029966573,0.99818784,0.0025372503,0.0035168056,0.0029108305,0.0027910222,0.002645526,0.002805637,0.0027448134,0.0035479914,0.003293994,0.0031102563,0.998041,0.003038783,0.0027734048,0.0033539592,0.0027942916,0.0031536403,0.002938437,0.0032060386,0.0027227262,0.0035496366,0.0030430325,0.0028110011,0.0029784618,0.002707982,0.0025826597,0.0030000678,0.0024447972,0.0027519625,0.0027054471,0.0027105182
0.004515668,1.0016091,0.004765585,0.004769019,0.0,1.0009373,0.004302117,0.0047729868,0.004107448,1.0012048,0.0047786604,0.004767461,0.004757487,0.004701495,0.004114812,0.0047172243,0.0042731464,0.0047748215,1.0011122,0.0042382604,0.0046207896,0.0047789356,0.0046512936,0.0045312466,0.004682339,0.004762595,0.004771529,0.004516143,0.00472506,0.004580547,0.00468052,0.004406231,0.0047923196,0.00460235,0.0045454605,0.0046088495,0.0046043503,0.0047848495,0.0042125126,0.0045294645,0.004531028,0.0044218856,0.0045245094,0.0044689337,0.004772086,0.0047648335,0.0047771335,0.0045777285,0.0046759555,0.00462315,0.0045968336,0.004792566,0.004639718,0.004781635,0.004762024,0.0043952367,0.0047718384,0.004603023,0.0046982635,0.004376214,0.004774397,0.0047827195,0.004771663,0.004618634,0.0047739614,0.004397935,0.0047638007,0.0046119806,0.00413443,0.0047116517,0.004772671,0.004769784,0.0043016234,0.004460426,0.004775781,0.004517074,0.0047590258,0.0047877315,0.004624021,1.000795,0.0042274743,0.0047590146,0.004553044,0.0044551073,0.0043125264,0.0044646068,0.004393968,0.0047842544,0.004789815,0.0046418738,1.0013134,0.0046366127,0.0044349516,0.004795902,0.0044567958,0.0047675325,0.004564279,0.0047559757,0.0043834615,0.004771972,0.0046556643,0.0044580083,0.0045908596,0.004369512,0.004267157,0.0046102894,0.0041639414,0.0044120783,0.004367489,0.0043706447
-0.0046885875,0.99608976,-0.0048929635,-0.004910936,-0.004890138,0.0,-0.004522527,-0.0048892535,-0.0044634347,0.99603504,-0.0049304413,-0.0048767375,-0.0048508723,-0.0048690364,-0.0044191196,-0.004863831,-0.004561127,-0.004891333,0.9960514,-0.0044844463,-0.0048436346,-0.0049107294,-0.004856217,-0.0047246176,-0.004848532,-0.004894583,-0.004922287,-0.0047183223,-0.0048795287,-0.004791978,-0.004851279,-0.004645603,-0.0048950794,-0.004778144,-0.0047995364,-0.0047896313,-0.004774713,-0.0048999884,-0.0043806504,-0.0048025027,-0.0047567957,-0.0047070906,-0.004716141,-0.0047047758,-0.0048939064,-0.004877824,-0.0048652804,-0.004765826,-0.0048213606,-0.0048279585,-0.0047527584,-0.0049074157,-0.0048071346,-0.0048726494,-0.0049127294,-0.004634578,-0.004911869,-0.004782026,-0.004856883,-0.004580316,-0.0048793433,-0.0048878314,-0.0049157916,-0.004784622,-0.004931178,-0.0046114596,-0.0048618764,-0.004770174,-0.004423137,-0.0048858984,-0.00488008,-0.0049149673,-0.0045560687,-0.0046998723,-0.004898601,-0.004735321,-0.004875054,-0.0048846425,-0.004839185,0.9958355,-0.0045069917,-0.004907792,-0.0047169006,-0.004685502,-0.004553301,-0.0047183963,-0.0046064816,-0.0048954342,-0.0049183993,-0.0048761773,0.9960875,-0.004804521,-0.004671819,-0.0049107173,-0.00466008,-0.004391056,-0.0047918484,-0.0048833275,-0.004680425,-0.004872585,-0.004818603,-0.004718384,-0.0047779894,-0.0045888443,-0.0044768867,-0.0048135575,-0.0043747644,-0.004650106,-0.004611693,-0.0046189176
-0.004530463,0.99444133,-0.0053037596,-0.005316456,-0.00557566,0.9939739,0.0,-0.0051719616,-0.0032661222,0.9943957,-0.005386384,-0.0053202235,-0.005135342,-0.005010736,-0.0032770543,-0.0050380505,-0.0037646554,-0.0053014425,0.9943781,-0.0037001509,-0.0048095924,-0.0053742803,-0.0049125506,-0.0045365575,-0.00498016,-0.005160507,-0.005424446,-0.0045625465,-0.00505717,-0.0047146156,-0.004964304,-0.004274269,-0.0055911317,-0.004795278,-0.004647567,-0.00480626,-0.004763872,-0.005565411,-0.0026745978,-0.0046228585,-0.004600617,-0.004298483,-0.0045597674,-0.004455359,-0.005170397,-0.0051633185,-0.00544677,-0.00469241,-0.0049486565,-0.004864895,-0.0047574607,-0.0052898633,-0.0048964,-0.005497954,-0.005159082,-0.0041951896,-0.005309663,-0.0047769193,-0.005017903,-0.00401874,-0.0052934387,-0.0053930865,-0.0053535,-0.0048166104,-0.0051700524,-0.004308639,-0.005165321,-0.00481426,-0.0031742095,-0.0050376207,-0.005301032,-0.0052217217,-0.00383951,-0.004479983,-0.0053482074,-0.0045457655,-0.0051708934,-0.0055034733,-0.00484686,0.9940894,-0.003604292,-0.0051543927,-0.004626053,-0.0044215927,-0.0038194992,-0.0044382643,-0.004139473,-0.0052225534,-0.0054929024,-0.0048913048,0.9944117,-0.004876148,-0.004379769,-0.0056184432,-0.004415902,-0.0025821286,-0.004680236,-0.005129968,-0.004256354,-0.0053824917,-0.0049285865,-0.004443399,-0.00471599,-0.0041279527,-0.003769865,-0.0048289113,-0.002779343,-0.0042738356,-0.0040633515,-0.0040734448
0.0023950688,0.99750644,0.0027464023,0.0027250464,0.0028322702,0.99724257,0.00159021,0.0,0.0013662812,0.9974975,0.0027581498,0.0027408218,0.0027262373,0.0026435251,0.001394434,0.0026692469,0.0015885904,0.0027558375,0.9974879,0.00152948,0.0025040435,0.0027504677,0.0026002827,0.0023947395,0.0026169189,0.0027407676,0.002766524,0.0024241798,0.0026723782,0.0024910935,0.002599626,0.0019201088,0.0028391993,0.0025006405,0.002403191,0.002532098,0.0025092852,0.002826855,0.001432134,0.0024145585,0.0023470342,0.0017935449,0.0024145409,0.0023338431,0.0027486207,0.0027379997,0.002781666,0.0024677177,0.0026230998,0.0025527661,0.0024889442,0.0027701645,0.0025706298,0.002800779,0.0027568678,0.0017813134,0.0027349552,0.0025176073,0.002633965,0.001698955,0.0027473879,0.0027777962,0.0027506412,0.0025272956,0.0027604806,0.001867839,0.002715537,0.0025116955,0.0013711167,0.002672352,0.0027375051,0.0027651624,0.0016199067,0.0023655666,0.0027683007,0.0023931349,0.0027268934,0.0028265594,0.0025353273,0.9971099,0.0015194236,0.0027379645,0.0024288688,0.0022019472,0.0016304032,0.0022551685,0.0018322349,0.0027750223,0.0028014155,0.0025932812,0.99747163,0.002561756,0.0023337656,0.0028682915,0.0022844013,0.002130231,0.002443454,0.0027302324,0.00182106,0.0027464458,0.0025820825,0.0023706786,0.0024814026,0.001690339,0.0015751312,0.002519223,0.0014062664,0.0018112059,0.0017072948,0.0017514699
-0.005068801,0.9945472,-0.0066866945,-0.0067007868,-0.006537248,0.99407,-0.003959283,-0.0068108067,0.0,0.99450016,-0.006633893,-0.006697985,-0.006864306,-0.0063837753,-0.0032320614,-0.0068100356,-0.003921175,-0.006695662,0.99448025,-0.0037840027,-0.0055837566,-0.0066339495,-0.005935474,-0.0050867214,-0.006285794,-0.0068323645,-0.0066204295,-0.00508855,-0.0068305624,-0.0053581307,-0.0061801993,-0.0046737744,-0.0065319734,-0.005545229,-0.005268624,-0.0056296643,-0.005472167,-0.0065461854,-0.0022678303,-0.0052244514,-0.0051564393,-0.0047387686,-0.0050790743,-0.004944416,-0.0068209628,-0.0068318904,-0.006602424,-0.005349996,-0.006074346,-0.0058134077,-0.0054821027,-0.0067313835,-0.0058686654,-0.006582296,-0.0068414584,-0.004547062,-0.006686004,-0.005529932,-0.0063653784,-0.0042895367,-0.006727939,-0.006628386,-0.006648846,-0.005672996,-0.0068146805,-0.004695099,-0.0068200785,-0.005658106,-0.0030750267,-0.006835587,-0.006692872,-0.006814749,-0.0040322705,-0.004978119,-0.0066608447,-0.005105536,-0.0068120873,-0.0065675043,-0.005777766,0.9941817,-0.003671005,-0.006825957,-0.0051853806,-0.004897639,-0.0039873496,-0.004927758,-0.0044747787,-0.0067775333,-0.006579742,-0.0058444412,0.9945171,-0.0057903496,-0.00483715,-0.006522587,-0.0048830532,-0.0018511207,-0.0053061624,-0.0068218517,-0.004662358,-0.006629529,-0.005884755,-0.0049020746,-0.0053952965,-0.0044452967,-0.0038807646,-0.00567826,-0.002425287,-0.004633753,-0.004364457,-0.0043771965
-0.0039717653,0.99668413,-0.0040586344,-0.004066251,-0.0040503913,0.996491,-0.0039119152,-0.004067015,-0.003882154,0.0,-0.004073132,-0.004047103,-0.004057984,-0.004059919,-0.0038355514,-0.004055709,-0.003925882,-0.004049249,0.9966808,-0.0038732884,-0.0040518194,-0.0040599345,-0.0040535512,-0.003998014,-0.004053778,-0.004073734,-0.0040669665,-0.0039756447,-0.0040668743,-0.00401992,-0.004058936,-0.00394912,-0.004051727,-0.004012194,-0.0040412946,-0.004025579,-0.004008555,-0.0040557315,-0.0038629505,-0.004040382,-0.004019959,-0.003985715,-0.003984613,-0.0039824555,-0.004075627,-0.0040687765,-0.004042615,-0.0040095947,-0.004032718,-0.004040918,-0.003994091,-0.004062648,-0.0040342235,-0.0040317955,-0.004077563,-0.003962655,-0.004068585,-0.0040153004,-0.004064276,-0.003938462,-0.00406061,-0.0040510497,-0.004062473,-0.0040186523,-0.004105274,-0.0039242683,-0.0040582167,-0.004010591,-0.0038623423,-0.004066174,-0.00404635,-0.004070555,-0.003928098,-0.0039745783,-0.0040563904,-0.004000928,-0.0040505156,-0.004042824,-0.0040568477,0.99654394,-0.0039022684,-0.004074234,-0.0039899913,-0.0039748815,-0.0039180415,-0.003999273,-0.003936929,-0.0040728976,-0.004061515,-0.0040673604,0.9966951,-0.0040313867,-0.0039602886,-0.004057864,-0.003955967,-0.003945707,-0.0040277573,-0.0040712627,-0.003975524,-0.0040409486,-0.0040404517,-0.0039857905,-0.0040174536,-0.0039292984,-0.0038779567,-0.0040367977,-0.0038438542,-0.0039580236,-0.0039547128,-0.0039500226
0.0033689523,0.9990037,0.0037238614,0.0037267974,0.003793829,0.9990078,0.003122827,0.003732536,0.0029073728,0.99881804,0.0,0.0037282456,0.0036954356,0.003627072,0.0029212064,0.003647703,0.0031060856,0.0037422255,0.9987707,0.0030577416,0.0035142594,0.0037480404,0.0035703154,0.0033899208,0.0036033965,0.0037074627,0.003752106,0.0033819166,0.0036523365,0.0034653635,0.0035942986,0.003250393,0.003795712,0.0034950047,0.0034170388,0.0035044549,0.00349564,0.003784824,0.0029990724,0.0034005402,0.003391089,0.0032685648,0.003387196,0.0033185957,0.0037234775,0.0037067737,0.0037540577,0.0034596666,0.0035955706,0.0035350998,0.0034821837,0.0037590722,0.0035496606,0.0037685889,0.0037137838,0.0032408284,0.003733713,0.0034957873,0.0036221854,0.003219696,0.0037334359,0.0037620452,0.0037429745,0.0035134861,0.0037279471,0.003234334,0.0037031008,0.0034990357,0.0029267971,0.0036495493,0.0037285825,0.0037277243,0.0031307563,0.0033164737,0.0037482344,0.0033781182,0.0037054988,0.0037821748,0.0035199728,0.9988271,0.003044145,0.0037039937,0.0034222987,0.003305103,0.003144673,0.0033131044,0.0032408722,0.0037416045,0.0037779207,0.0035616285,0.9988452,0.0035400216,0.003281117,0.0038108653,0.0033050256,0.0036469197,0.003439348,0.0037017604,0.0032266586,0.0037389055,0.0035661361,0.0033154546,0.003471213,0.003211775,0.003087841,0.0035090272,0.0029592146,0.0032558318,0.0032093034,0.003213194
0.0029278647,0.9982345,0.0032835198,0.0032795102,0.0033797843,0.99843234,0.0026835075,0.003313935,0.0024631384,0.99812806,0.0033154793,0.0,0.0032573317,0.0031788526,0.002481708,0.003188234,0.0026695838,0.0033202774,0.9980834,0.0026185235,0.0030756996,0.0033082159,0.0031447506,0.0029455835,0.0031556548,0.0032772648,0.003321104,0.0029454294,0.0035332376,0.003035236,0.003147876,0.0028108829,0.0033779554,0.003057536,0.0029733996,0.0030600901,0.003060109,0.003366034,0.0025576649,0.0029617548,0.0029447766,0.0028310753,0.0029460164,0.0028796361,0.0032738517,0.0035907156,0.0033187764,0.003025313,0.003161266,0.00309937,0.0030391654,0.0033943395,0.0031015112,0.003339254,0.003283703,0.002801231,0.0032991036,0.0030545723,0.003179566,0.00278544,0.0032974172,0.003335268,0.0033011583,0.0030771585,0.0032948875,0.0027955177,0.0032457225,0.0030524647,0.0024800987,0.0032381322,0.0036064612,0.0032795111,0.0026941418,0.0028759579,0.0033345218,0.0029343974,0.003257575,0.0033654221,0.003070999,0.9982553,0.0026058643,0.003258092,0.0029824337,0.002859827,0.002713805,0.002868353,0.0028042546,0.0033002999,0.0033484092,0.0031420316,0.9981237,0.003097838,0.0028366551,0.0034073845,0.0028604423,0.0032172068,0.0029961236,0.0032625743,0.002788374,0.003293458,0.0031179069,0.002881862,0.0030325025,0.0027740397,0.002657,0.0030652285,0.0025164075,0.0028239386,0.0027731485,0.0027793548
0.0018953818,0.99712545,0.0021953087,0.0021812248,0.0022798635,0.9969393,0.0011889065,0.0022430012,0.0009508273,0.99714434,0.0022064787,0.0021955618,0.0,0.0021336859,0.0009824395,0.002154459,0.0011863273,0.002203498,0.99714357,0.0011247894,0.0020239844,0.0022010538,0.0020883905,0.0019228449,0.0021065762,0.0022100406,0.0022165908,0.001924096,0.0021606958,0.0019860235,0.0020949654,0.0018313703,0.002281062,0.0020056432,0.0019353792,0.0020336208,0.0020100465,0.002268855,0.0010004551,0.0019303615,0.0019069836,0.001502219,0.0019166144,0.0018584875,0.0022215683,0.0022141866,0.0022266961,0.001971966,0.0021176473,0.0020513777,0.0019961947,0.0022310682,0.002064151,0.002245783,0.0022237096,0.0014956363,0.0021899582,0.002019949,0.0021255151,0.001312142,0.0022230006,0.002220793,0.0021927736,0.0020232333,0.0022336377,0.0018017031,0.0021954603,0.002013516,0.00094545685,0.0021507984,0.002200794,0.0022267406,0.0012281747,0.0018641659,0.0022134804,0.0019041591,0.0022043348,0.0022637916,0.0020457024,0.99748987,0.0011064509,0.0022124136,0.0019480971,0.0018397109,0.0012383823,0.0018423207,0.0014958088,0.0022424413,0.0022445214,0.0020827635,0.9971177,0.0020534624,0.0018336225,0.0023042301,0.0018431286,0.0016752192,0.0019577702,0.002206795,0.0018283209,0.0021928507,0.0020777702,0.001874798,0.0019899074,0.001370907,0.0011580609,0.0020229863,0.0009771596,0.0018688893,0.0014891329,0.0017851873
0.0009924236,0.9965396,0.00112739,0.0011107681,0.0011563847,0.9971016,0.0006133663,0.0012094886,0.00018054251,0.99658996,0.0011189134,0.0011191667,0.00118369,0.0,0.0002496664,0.0011541983,0.0005219235,0.0011347538,0.9966212,0.00040250065,0.0010735476,0.0011215728,0.0011180313,0.0010196905,0.0011245379,0.0011845898,0.0011274387,0.0010215993,0.0011617038,0.001062802,0.001121022,0.00094828557,0.0011598917,0.001065827,0.0010274852,0.0010867972,0.0010678797,0.0011529556,0.00017646233,0.00102505,0.0010109219,0.00096257427,0.0010127461,0.00096978946,0.0011975915,0.0011953483,0.0011313899,0.0010484853,0.0011359365,0.0010919662,0.0010618672,0.0011709481,0.0011008163,0.0011404498,0.0011976142,0.0009690549,0.0011183002,0.0010805472,0.0011392699,0.0009857351,0.0011599577,0.0011322381,0.001116535,0.0010759496,0.0012063447,0.00093382853,0.0011735839,0.0010716185,0.00016671215,0.0011556887,0.0011306476,0.0011871159,0.00060082995,0.0009775851,0.0011298566,0.0010103933,0.0011829755,0.0011558236,0.0010938005,0.9969458,0.00036001467,0.0011921106,0.001043652,0.00096439396,0.00062288815,0.00096360466,0.0009952222,0.0012049272,0.0011405785,0.0011145113,0.9965605,0.0010952399,0.00095670606,0.0011748603,0.0009702065,0.00076723367,0.0010423827,0.001188566,0.00094180973,0.0011113974,0.0011113568,0.0009843251,0.0010629204,0.0009699839,0.00059886917,0.0010788537,0.00016832729,0.00096995384,0.00097475055,0.0009780866
-0.0050011654,0.9945587,-0.006720939,-0.006743895,-0.0065527624,0.9940857,-0.0038941994,-0.0068796724,-0.0031300294,0.9945126,-0.0066597764,-0.006754059,-0.0065135974,-0.00602808,0.0,-0.0061929803,-0.0038493956,-0.0067344387,0.9944954,-0.0037189485,-0.0055289986,-0.006662511,-0.0057796766,-0.0050231586,-0.006043462,-0.006897991,-0.006655416,-0.005035243,-0.0063253795,-0.005290184,-0.0059054396,-0.0046073273,-0.006549701,-0.005482225,-0.005191695,-0.005551541,-0.0054043327,-0.006567221,-0.0022158173,-0.00515156,-0.0051179985,-0.004673746,-0.0050514485,-0.0048957113,-0.0068790917,-0.0068942998,-0.0066314144,-0.0052855867,-0.0059259045,-0.005695853,-0.0053981943,-0.0067748614,-0.005776182,-0.006607239,-0.006912789,-0.004480734,-0.0067281416,-0.005457391,-0.0061381888,-0.0041932664,-0.006778348,-0.00665504,-0.0066864844,-0.005585642,-0.0068794587,-0.0046737576,-0.006871307,-0.0055339285,-0.00286533,-0.006241571,-0.0067323586,-0.006848027,-0.003960044,-0.0048931777,-0.006710981,-0.0050164824,-0.006888603,-0.006592321,-0.0056630564,0.9941979,-0.0036077115,-0.006883379,-0.0051333094,-0.0048463233,-0.003944238,-0.004878425,-0.0044113025,-0.006836156,-0.006608674,-0.0057518664,0.9945328,-0.005721664,-0.0047747483,-0.0065345997,-0.0048065935,-0.0017326385,-0.0052371738,-0.0069167116,-0.004591902,-0.0066624153,-0.0058608595,-0.004874616,-0.0053209504,-0.0043445705,-0.00380305,-0.0055975714,-0.0022614582,-0.0045781457,-0.0042720437,-0.004262072
0.0011132786,0.9966224,0.0012718819,0.0012505208,0.001306998,0.9971803,0.00071559055,0.0013500253,0.00029115885,0.9966694,0.001261467,0.0012649373,0.0013211953,0.0012742183,0.00034758367,0.0,0.000604415,0.0012770102,0.99668825,0.00049612834,0.0011983442,0.0012629835,0.0012494709,0.001141672,0.0012573765,0.0013215392,0.0012701692,0.0011464526,0.0012953049,0.0011885796,0.0012493965,0.001071015,0.0013067564,0.0011913518,0.0011483274,0.0012204724,0.001196622,0.001301615,0.00030485526,0.0011498008,0.0011337098,0.0010811524,0.00113691,0.0010946685,0.0013352153,0.0013336985,0.0012809001,0.0011721315,0.0012701236,0.0012236111,0.0011889009,0.0013100124,0.0012331038,0.0012882212,0.0013354362,0.0010898694,0.0012587972,0.0012101938,0.0012704913,0.0010938648,0.0013021043,0.0012764503,0.0012605062,0.0012053973,0.0013455803,0.0010524418,0.0013066198,0.0011974837,0.00028737859,0.0012857787,0.0012719245,0.0013261825,0.0006961,0.0010965129,0.0012733326,0.0011352557,0.0013191968,0.0013052133,0.0012234628,0.99702424,0.00045944686,0.0013272924,0.0011674906,0.0010839929,0.0007224282,0.0010830122,0.0011153311,0.0013452199,0.0012834318,0.0012447098,0.9966378,0.001225801,0.0010751382,0.0013238643,0.0010915082,0.0009083463,0.0011645628,0.0013241635,0.0010619976,0.0012522611,0.001240089,0.001110858,0.0011828386,0.0010825745,0.0007106634,0.0012035408,0.00029052474,0.0010923994,0.0010841079,0.0010977184
-0.0045476914,0.9944395,-0.0053183744,-0.0053370097,-0.005622112,0.9939718,-0.0037961858,-0.005195667,-0.0032550755,0.9943957,-0.0054122247,-0.0053366167,-0.0051551554,-0.0050292197,-0.0032763993,-0.0050567165,0.0,-0.0053174566,0.99437803,-0.003663503,-0.004813044,-0.005413102,-0.0049300008,-0.0045645754,-0.0050021335,-0.005173777,-0.005454171,-0.004580908,-0.005073675,-0.0047324314,-0.0049751797,-0.0042674784,-0.005632204,-0.0048142397,-0.004662192,-0.004832493,-0.004782388,-0.0056010135,-0.0026251634,-0.004649169,-0.004613989,-0.00431481,-0.0045793313,-0.004466029,-0.0051956875,-0.0051896083,-0.005478855,-0.004712894,-0.004969704,-0.00488085,-0.004770691,-0.0053191124,-0.0049174386,-0.005519465,-0.005178235,-0.004200962,-0.0053442223,-0.0047898735,-0.0050283275,-0.004065263,-0.0053124465,-0.0054256353,-0.005378187,-0.0048446,-0.0051961434,-0.004330355,-0.0051776865,-0.0048405393,-0.0032285873,-0.0050545423,-0.0053259027,-0.0052410713,-0.003847833,-0.004492859,-0.0053722844,-0.004579223,-0.0051789735,-0.0055387355,-0.0048641656,0.9940876,-0.003620145,-0.0051618028,-0.004646161,-0.0044442643,-0.003807845,-0.0044595487,-0.0041641067,-0.0052404404,-0.0055270707,-0.0048977127,0.99441195,-0.0048951777,-0.0043981485,-0.0056596645,-0.004438149,-0.0025644796,-0.004693351,-0.005141446,-0.0042686984,-0.0054163444,-0.0049357894,-0.004461032,-0.0047391127,-0.0041450867,-0.0038003677,-0.004836541,-0.0027868897,-0.0042819562,-0.0040883822,-0.0040820763
0.0028126605,0.9980227,0.003494195,0.0034767746,0.0032692724,0.9982737,0.0025565855,0.0033471326,0.0023418458,0.9979351,0.0032173563,0.0032246974,0.0034519504,0.0033733612,0.0023596094,0.003467532,0.002547102,0.0,0.9979065,0.0024944472,0.0029601387,0.0032488245,0.0030925286,0.0028264672,0.0033461151,0.003226022,0.0032077562,0.002832672,0.0034665235,0.0029186094,0.003032195,0.0026902016,0.0032763185,0.0029804076,0.0028491856,0.0029374706,0.0029728266,0.0032588113,0.0024231782,0.0028421357,0.002821366,0.0027028094,0.0028362009,0.0027564734,0.0035489318,0.0035165537,0.0035245093,0.0029277052,0.0030461575,0.003004014,0.0029247089,0.0036819857,0.002972529,0.0032134627,0.0032152617,0.0026780022,0.0034628708,0.0029498127,0.0030677875,0.0026656396,0.003489616,0.0033044796,0.0034961933,0.0029965686,0.0035160242,0.0026694401,0.003476256,0.002937105,0.0023604191,0.0033733314,0.0035474098,0.003497827,0.0025723155,0.0027635724,0.003313864,0.002817326,0.003512402,0.0032636633,0.0032764028,0.9980793,0.0024858166,0.00346974,0.002862172,0.0027365691,0.0025856365,0.0027426106,0.0026869678,0.0034997207,0.003267074,0.0030722287,0.9979271,0.002993006,0.0027192803,0.0033094592,0.002739683,0.0031024353,0.0028786897,0.0034450085,0.0026678527,0.0034981593,0.0029934037,0.0027597302,0.0029318314,0.0026526714,0.0025330293,0.0029450417,0.0023912876,0.00270054,0.0026509014,0.0026566857
-0.0040126205,0.99667877,-0.00410635,-0.004113921,-0.0040979004,0.99647313,-0.003949264,-0.0041145287,-0.0039193644,0.9966603,-0.0041214637,-0.0040943422,-0.004104298,-0.0041063293,-0.0038709198,-0.0041022585,-0.003964556,-0.004096646,0.0,-0.0039096237,-0.0040979884,-0.0041072927,-0.004100078,-0.0040407493,-0.0040991716,-0.0041210465,-0.0041155755,-0.0040192525,-0.0041133976,-0.0040647737,-0.004103011,-0.0039898874,-0.0040992857,-0.0040558735,-0.0040862276,-0.0040706475,-0.00405253,-0.0041039404,-0.0038963915,-0.0040852223,-0.0040638414,-0.004028857,-0.0040275557,-0.0040245927,-0.0041220733,-0.0041150977,-0.004089858,-0.004053357,-0.0040784483,-0.0040864525,-0.0040374924,-0.004110172,-0.0040788236,-0.0040794145,-0.0041257204,-0.0040018074,-0.0041160034,-0.0040595336,-0.004109451,-0.0039770696,-0.004107838,-0.004098491,-0.004110152,-0.0040627103,-0.004152883,-0.003964838,-0.004103934,-0.0040541333,-0.0038945451,-0.004113048,-0.0040937224,-0.0041192295,-0.0039654714,-0.004015877,-0.0041044625,-0.00404302,-0.004097001,-0.004090525,-0.004101121,0.9965284,-0.0039392794,-0.0041220486,-0.0040322393,-0.00401611,-0.003956496,-0.0040414087,-0.0039761183,-0.0041199187,-0.0041092373,-0.0041142227,0.99669,-0.0040759845,-0.0040012784,-0.0041060783,-0.0039967513,-0.003976763,-0.0040717935,-0.0041181147,-0.0040173745,-0.0040878453,-0.0040851226,-0.004030354,-0.0040608426,-0.003967735,-0.003915454,-0.0040812735,-0.0038775853,-0.003999445,-0.0039934507,-0.0039900504
-0.0047482406,0.9944793,-0.005685313,-0.005706378,-0.0061314623,0.99400645,-0.003970866,-0.0055195685,-0.003338107,0.9944329,-0.0058197784,-0.005698297,-0.0054666908,-0.005320491,-0.0033516109,-0.0053506927,-0.0038973058,-0.0056815683,0.99441695,0.0,-0.005093736,-0.005812332,-0.0052028196,-0.0047928314,-0.0052747647,-0.005483088,-0.005873578,-0.0047757966,-0.0053744675,-0.0049491017,-0.005267286,-0.0044649546,-0.0061077727,-0.005054327,-0.0048931446,-0.0050808564,-0.005035622,-0.0060907467,-0.002655921,-0.0048494553,-0.0048333285,-0.0045403717,-0.004772765,-0.004681542,-0.005514378,-0.0055066105,-0.0058963303,-0.00493196,-0.0052607,-0.005153905,-0.0050174943,-0.005683674,-0.005185195,-0.005977822,-0.0054896725,-0.0043753115,-0.0057058567,-0.0050311983,-0.0053133927,-0.004185374,-0.0056766747,-0.005812032,-0.005751487,-0.005092914,-0.005511138,-0.004478135,-0.00548662,-0.0050934865,-0.0031377818,-0.005345185,-0.0056899413,-0.0055693774,-0.00394733,-0.0046659685,-0.0057444926,-0.004776228,-0.0054910337,-0.005990043,-0.0051483596,0.99411774,-0.0037082643,-0.0054856637,-0.004840366,-0.004641392,-0.0039723157,-0.00467205,-0.0043168566,-0.0055726576,-0.0059718573,-0.0051579867,0.9944524,-0.0051506087,-0.004599855,-0.0062033585,-0.004621834,-0.0024099727,-0.0049257954,-0.005449563,-0.0044582183,-0.0058113686,-0.0052020526,-0.004661231,-0.004977204,-0.0042609596,-0.0038409196,-0.005086639,-0.0027501758,-0.004431818,-0.00422392,-0.004233374
-0.00017939399,0.99522686,-0.00051799085,-0.00051862415,-0.00063339213,0.9958092,-1.208878e-05,-0.00046150957,1.6886058e-06,0.99528843,-0.00054258324,-0.0005142275,-0.00043378357,-0.0003873787,-1.9181885e-05,-0.00040107517,-2.13561e-06,-0.00053086167,0.9953461,-4.1245525e-07,0.0,-0.0005567749,-0.0003429067,-0.00020465923,-0.00036582488,-0.00045357333,-0.0005531787,-0.00021151485,-0.00041212287,-0.00027274556,-0.00037912227,-0.00011752353,-0.00063723384,-0.00029007206,-0.00022554633,-0.00031307255,-0.00030904973,-0.0006217469,-1.6500187e-05,-0.00023389293,-0.00020383901,-0.000112903064,-0.0002037924,-0.0001709501,-0.00044372192,-0.00044947545,-0.00057299214,-0.0002657273,-0.00035856068,-0.00031938532,-0.00028876393,-0.00050830364,-0.000339633,-0.0005953911,-0.0004528233,-9.861991e-05,-0.00051414646,-0.0003061344,-0.0003727921,-2.4716175e-05,-0.00047653302,-0.0005487994,-0.0005524349,-0.00030835354,-0.00045334047,-0.00012002685,-0.0004437696,-0.00032255362,-1.3185605e-05,-0.00039582537,-0.0005113546,-0.0004774126,-1.2303656e-05,-0.00017066851,-0.00053966924,-0.00020208991,-0.00045447797,-0.00060523086,-0.00032743593,0.99572134,-2.7742331e-05,-0.00044518866,-0.00024461115,-0.00015826114,-7.894135e-06,-0.00015482894,-7.555768e-05,-0.00047797203,-0.0006008782,-0.00033674255,0.9952641,-0.00034427634,-0.0001553003,-0.0006405208,-0.00015797166,2.4990559e-06,-0.00024914803,-0.00043323828,-0.0001337999,-0.0005499962,-0.00035385406,-0.0001842463,-0.00027302408,-7.185614e-05,-3.1929853e-06,-0.00031917042,-1.0258609e-05,-0.00012934969,-4.098477e-05,-5.3988053e-05
0.0032904276,0.9988466,0.0036514194,0.0036520415,0.0037253606,0.9988838,0.0030442972,0.0036591724,0.002826221,0.9986599,0.003678893,0.0036540052,0.0036186033,0.0035481555,0.0028415087,0.003571635,0.0030269178,0.0036692303,0.99863994,0.0029774273,0.0034355593,0.0,0.0034966085,0.0033094757,0.0035242615,0.0036331685,0.0036771959,0.0033017108,0.0035792375,0.003384627,0.0035236017,0.0031677748,0.0037272526,0.0034136358,0.0033372906,0.0034258496,0.0034172242,0.0037135626,0.0029184844,0.003321142,0.0033143044,0.0031892133,0.0033100764,0.0032406214,0.0036519873,0.0036323054,0.0036805456,0.003380342,0.0035186154,0.0034554694,0.0034015689,0.00368584,0.0034719412,0.0036936956,0.0036421653,0.003158004,0.0036605692,0.0034194745,0.0035489302,0.0031411815,0.0036569438,0.0036852777,0.0036681693,0.0034389927,0.0036538045,0.003153955,0.0036248066,0.0034264193,0.0028469758,0.0035766216,0.0036531005,0.0036508986,0.0030514873,0.003238724,0.0036759854,0.0033010175,0.003631157,0.003709067,0.0034513057,0.9987068,0.0029624416,0.0036298675,0.003342635,0.0032230336,0.0030682774,0.0032318693,0.0031608983,0.0036674715,0.0037085784,0.003488267,0.99868906,0.0034632697,0.00319956,0.003740994,0.0032237107,0.0035659922,0.0033634172,0.0036251384,0.0031488761,0.003665311,0.003488404,0.003235407,0.0033988366,0.0031335542,0.003009543,0.0034324366,0.0028775898,0.0031772528,0.003130582,0.0031351452
0.00012044641,0.99604106,9.726396e-05,6.7267836e-05,3.8214916e-05,0.99664867,0.000104377345,0.0002102181,-1.1878762e-05,0.99612194,5.4448163e-05,7.8172074e-05,0.00019159575,0.00017416335,4.264892e-06,0.0001803762,0.00012811917,9.9950485e-05,0.9961521,-7.627097e-06,0.00013011099,6.310164e-05,0.0,0.00014829783,0.00016396436,0.00018892734,6.0035472e-05,0.00016762358,0.00017944314,0.0001743479,0.00015816996,0.00010743501,4.6652847e-05,0.00015058329,0.00014229941,0.00018187636,0.00016114979,5.6148336e-05,2.9714163e-06,0.00014530338,0.0001413586,0.000105150226,0.00015080352,0.00011698245,0.00019252145,0.00019512,6.195956e-05,0.00015312816,0.0001820277,0.00015788885,0.00015726077,0.00012927507,0.00016553602,6.005824e-05,0.00019988457,0.00013339466,7.370684e-05,0.00017519853,0.00017027139,0.00018373599,0.00011151567,7.2503106e-05,6.793989e-05,0.00016573843,0.00020351606,9.853097e-05,0.00016769701,0.00016062564,-1.120166e-05,0.0001881267,9.10424e-05,0.00017910007,0.00014871551,0.00012945857,8.490258e-05,0.00014032026,0.00017766657,7.0360846e-05,0.00016161232,0.99649745,-1.3627547e-05,0.0001911379,0.00016963737,0.00011104594,0.00014146455,0.00010364765,0.00016414656,0.00018952704,5.4012973e-05,0.00017991631,0.99608654,0.0001661235,0.00011467546,5.3124473e-05,0.00012290821,6.606919e-06,0.00015308526,0.00019277072,0.0001109909,5.1943578e-05,0.00016877573,0.00014055868,0.00015964163,0.00015206952,0.00010307748,0.00015452865,5.702542e-06,0.00014081632,0.00015780513,0.000168509
-0.0014561242,0.99366885,-0.0024613144,-0.0024815064,-0.002735651,0.9946865,-0.00051978347,-0.0022953665,-5.1386094e-05,0.99396753,-0.0025589962,-0.0024712745,-0.0022392105,-0.0021183386,-7.611981e-05,-0.0021411,-0.0005311552,-0.0024643885,0.99393016,-0.0004167313,-0.0018209284,-0.0025401297,-0.0019830184,0.0,-0.0020712926,-0.0022701821,-0.0025869827,-0.0014626371,-0.0021680696,-0.0017117887,-0.0020568413,-0.0011219578,-0.002733469,-0.0018357697,-0.0016101833,-0.0018473584,-0.0018174569,-0.002701014,-7.597635e-06,-0.001567612,-0.0015230763,-0.0011828804,-0.0014754249,-0.0013656634,-0.0022825557,-0.002273584,-0.0026108983,-0.001699176,-0.0020374143,-0.001940858,-0.0017957656,-0.002442018,-0.0019723827,-0.0026488784,-0.0022810674,-0.0010135112,-0.0024812408,-0.0018303556,-0.002111255,-0.00074971974,-0.0024383676,-0.0025549228,-0.0025181484,-0.0018614694,-0.002284847,-0.0011366986,-0.0022812248,-0.0018610095,-4.2386884e-05,-0.0021326565,-0.002459344,-0.0023493823,-0.00056203286,-0.0013407521,-0.0025108738,-0.0014739333,-0.0022894568,-0.0026585301,-0.0019240752,0.9944807,-0.00032071906,-0.0022727984,-0.0015691806,-0.0013130635,-0.0005803404,-0.0013467364,-0.0009339889,-0.002341065,-0.0026509056,-0.0019710723,0.99400306,-0.0019419412,-0.0012421004,-0.0027516559,-0.0012984226,5.2060095e-06,-0.0016908201,-0.0022454408,-0.0011034551,-0.0025612174,-0.0020101212,-0.0013343231,-0.0017411715,-0.0009015305,-0.00045205827,-0.001895206,-6.7419373e-06,-0.0010976829,-0.0008285895,-0.0008767182
0.0005603272,0.9962978,0.00060242234,0.0005826833,0.00059553166,0.99687326,0.0004955978,0.00070302916,-3.607577e-06,0.9963551,0.0005808814,0.0005917816,0.0006803284,0.0006548598,-9.405883e-06,0.0006656884,0.00019480892,0.0006060244,0.9963867,0.00011051948,0.0006082355,0.0005876452,0.0006443982,0.00057948765,0.0,0.0006790521,0.00058566174,0.0005876496,0.0006704527,0.000612506,0.00063679594,0.00053084415,0.0005997911,0.0006056954,0.00058075873,0.0006328636,0.00061018707,0.0006012038,-5.9924935e-07,0.0005852603,0.0005725787,0.0005306211,0.0005803536,0.0005421639,0.0006920014,0.0006904259,0.000593699,0.00059728825,0.00065232435,0.0006248307,0.0006064607,0.00064579264,0.0006311125,0.0005942482,0.00069163454,0.00055123935,0.0005905735,0.00062583166,0.00064962014,0.000581912,0.00063450047,0.0005925111,0.0005890624,0.00061918556,0.00070101663,0.0005156667,0.00066665333,0.000611183,-2.838715e-06,0.0006631147,0.0005988035,0.0006756816,0.00058072724,0.00055599626,0.00059904525,0.000572358,0.00068035634,0.0006044004,0.0006246153,0.9967309,8.1135695e-05,0.00068731536,0.00060192245,0.000537353,0.0005617396,0.00053613464,0.0005801056,0.00069210754,0.00058749114,0.000642324,0.99632823,0.00063273957,0.0005384412,0.0006141409,0.0005455881,0.00030177017,0.0005973778,0.00068571273,0.0005257814,0.00057744025,0.00063658616,0.0005608413,0.0006045746,0.0005563886,0.00047101354,0.00061219634,-8.458004e-06,0.00054973335,0.00056687556,0.0005716937
0.0020232385,0.99723345,0.0023504067,0.0023273008,0.0024264308,0.9970286,0.0012802347,0.0023873097,0.0010510538,0.99724805,0.00235463,0.002342065,0.002340623,0.0022689705,0.0010833404,0.0022890617,0.0012763568,0.0023583288,0.9972549,0.0012244751,0.002134051,0.0023497483,0.0022249033,0.0020371643,0.0022401218,0.0,0.002364196,0.0020550692,0.002292593,0.0021271547,0.0022260204,0.0019573364,0.002430846,0.0021332828,0.0020568925,0.0021635494,0.002143469,0.0024170899,0.0011003417,0.00205693,0.002023303,0.0015941858,0.0020475397,0.0019770488,0.0023611533,0.002353796,0.0023791143,0.0020998237,0.0022490635,0.002183934,0.0021247354,0.0023750248,0.0022035157,0.0023970318,0.0023717396,0.0015947176,0.0023354632,0.002154299,0.002262623,0.0014001658,0.0023515548,0.0023730951,0.0023454365,0.002159338,0.0023749508,0.0019218469,0.0023354013,0.002149335,0.0010605972,0.0022920389,0.0023360332,0.0023734353,0.00131885,0.0019963603,0.0023684956,0.002037701,0.0023429855,0.0024213248,0.00216779,0.9971556,0.0012080832,0.002351764,0.002086371,0.0019572934,0.0013281106,0.0019579972,0.0015981224,0.0023872561,0.002396425,0.0022185843,0.9972228,0.0021889363,0.001953916,0.0024565172,0.0019632159,0.0017848585,0.0020877142,0.0023462747,0.0015902338,0.0023458335,0.0022151768,0.0019953507,0.0021171705,0.0014069205,0.0012660804,0.0021557228,0.0010833858,0.0016235887,0.0014837047,0.0016147007
0.0036401285,0.99952644,0.0039875363,0.0039878967,0.0040458986,0.99936765,0.003398225,0.003988857,0.0031861947,0.999281,0.0040117954,0.003989775,0.003957536,0.0038932338,0.0031999992,0.0039129006,0.0033829361,0.004000033,0.9992203,0.0033324892,0.0037905043,0.0040063104,0.003832124,0.0036618123,0.0038666949,0.003968239,0.0,0.003655769,0.003915925,0.0037334224,0.0038602334,0.0035258757,0.00404582,0.0037666643,0.0036911583,0.0037759922,0.0037626205,0.004037316,0.0032802948,0.0036756871,0.0036667855,0.0035444705,0.0036594458,0.0035990896,0.003981416,0.0039735306,0.0040142382,0.0037295131,0.0038651426,0.003795993,0.0037531455,0.004012689,0.0038175862,0.0040254593,0.003975209,0.0035100474,0.003993026,0.003764837,0.0038875071,0.0034945228,0.0039963527,0.004021164,0.0040010703,0.0037824183,0.0039895326,0.003513774,0.0039658975,0.003772727,0.0032079644,0.0039138235,0.0039916434,0.003988068,0.0034062944,0.003590993,0.0040100617,0.0036530413,0.0039682225,0.0040385295,0.0037938117,0.9991921,0.003320274,0.0039663175,0.003695713,0.0035799884,0.0034214684,0.003588475,0.003511334,0.0040023453,0.0040331385,0.0038270035,0.9993169,0.0038089529,0.0035558308,0.004056742,0.0035817036,0.0039145444,0.003715445,0.0039635655,0.0035030923,0.0040001916,0.0038346432,0.0035875577,0.0037430536,0.003483837,0.003362793,0.0037801296,0.0032374691,0.0035291722,0.0034858969,0.0034868391
-0.0014096856,0.9936589,-0.0023980688,-0.0024393033,-0.002696276,0.9946994,-0.00053776015,-0.002233742,-2.806495e-05,0.99394256,-0.0025130317,-0.0024208645,-0.0021955147,-0.002076442,-2.6914118e-05,-0.0020926578,-0.000514724,-0.0024066803,0.9939103,-0.0003543008,-0.0018256592,-0.002493404,-0.0019223426,-0.0014296882,-0.002026752,-0.002205568,-0.0025383781,0.0,-0.0021311317,-0.0016299064,-0.0020184827,-0.0010893445,-0.0026875054,-0.001788769,-0.0015650971,-0.0017868995,-0.0017690458,-0.0026487706,-2.6670243e-06,-0.0015196912,-0.0014740347,-0.0011828529,-0.0014123016,-0.0013270245,-0.0022364936,-0.0022280053,-0.0025578826,-0.0016542133,-0.0019954997,-0.0018921994,-0.0017494512,-0.0023937554,-0.001916661,-0.0025964847,-0.0022196143,-0.0009651049,-0.0024354635,-0.0017733247,-0.0020684742,-0.0006901244,-0.0024065336,-0.0024970043,-0.0024675515,-0.001805691,-0.002228583,-0.0010954336,-0.0022374135,-0.0018057898,-6.1627334e-06,-0.002079428,-0.002419814,-0.0022869247,-0.00053194136,-0.0012732187,-0.0024561037,-0.0014345867,-0.0022448173,-0.0026017092,-0.0018877827,0.9944769,-0.0002945672,-0.0022199848,-0.001538826,-0.0012701696,-0.0005574889,-0.0013189509,-0.0008961138,-0.0022867406,-0.0026017553,-0.0019111768,0.9939883,-0.0018801222,-0.0012081232,-0.0027018622,-0.0012544066,7.548033e-06,-0.001642209,-0.0021915014,-0.0010560967,-0.0025139689,-0.0019553937,-0.0012653316,-0.0017039296,-0.00085670286,-0.00036230747,-0.0018431783,-2.0169866e-05,-0.0010319779,-0.00079280086,-0.00082523556
0.0013356685,0.99675006,0.001520111,0.0015141529,0.0015854483,0.9973109,0.0007848476,0.0015957375,0.00047298023,0.99676836,0.0015276234,0.0015204182,0.0015667921,0.0015171189,0.00052691164,0.0015315016,0.0007468858,0.001533193,0.9968056,0.000668135,0.0014135684,0.0015320247,0.0014825374,0.00136139,0.0014974962,0.0015669353,0.0015324069,0.0013606336,0.0,0.0014035522,0.0015138612,0.0012939348,0.0015878661,0.0014246907,0.0013663118,0.0014422784,0.0014263771,0.001578367,0.0004972572,0.0013645014,0.0013442793,0.001297396,0.0013567187,0.0013185374,0.0015850309,0.0015796652,0.001546767,0.0013979918,0.0015048601,0.0014546303,0.0014091955,0.0015699858,0.001464052,0.0015596582,0.0015810773,0.0013060998,0.0015239065,0.0014351079,0.0015089381,0.0010670323,0.001558437,0.001534131,0.0015308138,0.0014355835,0.0015944161,0.0012607864,0.0015605116,0.0014237533,0.00048321884,0.0015259113,0.0015297342,0.0015772643,0.00082926406,0.0013125105,0.0015238471,0.0013502566,0.001571493,0.0015732022,0.0014672381,0.9971469,0.00063735206,0.0015741194,0.0013814884,0.0012973887,0.0008444773,0.0013029085,0.0013322803,0.0015944752,0.001559999,0.0014756449,0.9967584,0.0014563282,0.0012893634,0.0016051553,0.0013005235,0.0011342294,0.001386359,0.0015703267,0.0012831698,0.001519683,0.0014763245,0.0013245761,0.0014101245,0.0012659364,0.00079886283,0.001435788,0.00047833723,0.0013014097,0.0012858707,0.0012965151
-0.0006153544,0.9946656,-0.0012981361,-0.0013343005,-0.0015579431,0.99545693,-0.000106843305,-0.0011693035,-1.3869467e-05,0.99480224,-0.0013918058,-0.0013217223,-0.0011411782,-0.0010519511,-2.5047157e-05,-0.00106535,-9.5123956e-05,-0.0013027125,0.9948583,-1.518892e-05,-0.00087552017,-0.0013830505,-0.00093483407,-0.00062840676,-0.0010074978,-0.0011434699,-0.0014161589,-0.00060193724,-0.0011048536,0.0,-0.0010113417,-0.00041893104,-0.0015467486,-0.00085102336,-0.0007214012,-0.0008461869,-0.0008364584,-0.0015155592,6.5433886e-07,-0.00068772805,-0.00066094124,-0.00045910766,-0.00062536314,-0.0005617648,-0.0011772419,-0.0011671145,-0.0014336797,-0.0007500246,-0.0009929707,-0.00090938824,-0.00081208954,-0.001288219,-0.00093005085,-0.0014731517,-0.0011553386,-0.00034748868,-0.0013285459,-0.0008277076,-0.0010413576,-0.00018173181,-0.0012984558,-0.0013901335,-0.0013617283,-0.00085036125,-0.0011681406,-0.0004132999,-0.0011802114,-0.0008481637,-2.2446062e-05,-0.0010478297,-0.0013220848,-0.0012151811,-9.370479e-05,-0.000537058,-0.0013422945,-0.00061527896,-0.0011852055,-0.0014718339,-0.00091914815,0.9952917,-2.1892958e-05,-0.00116378,-0.0006739598,-0.00052025216,-0.00010506029,-0.0005600662,-0.00030545963,-0.0012240667,-0.001480352,-0.0009308439,0.99477893,-0.0009069092,-0.00049984985,-0.0015631284,-0.00051544415,-2.5247151e-05,-0.0007522476,-0.0011335674,-0.00040601875,-0.0013946166,-0.00096461835,-0.0005310211,-0.000782282,-0.0002552351,-1.4804974e-05,-0.00087483926,-2.6531983e-05,-0.00037375285,-0.00022653939,-0.00023698944
0.00041184892,0.9961904,0.00041500988,0.00042531805,0.00044230287,0.9967551,0.00037754132,0.000528164,-4.683107e-06,0.9962219,0.00041394713,0.00042234917,0.0005129899,0.0004985889,4.974882e-06,0.0005033366,8.2085884e-05,0.000434472,0.9962944,-2.5025145e-06,0.00043244928,0.00043674515,0.00048566543,0.00044008376,0.00048435977,0.00050852314,0.00041894702,0.00043190105,0.0005396663,0.00044372384,0.0,0.0004141776,0.00044089693,0.00045866863,0.00042861424,0.00045507157,0.00046665696,0.0004362787,-1.7315006e-05,0.000422493,0.00041032242,0.00039879789,0.00042097585,0.00042479142,0.0005290934,0.0005311869,0.00041889324,0.0004443287,0.0005056245,0.00046484967,0.0004455798,0.00048489857,0.00046499117,0.0004276599,0.00052070455,0.00041926958,0.0004302296,0.00046562593,0.0005017736,0.00042468027,0.00047142492,0.00041572194,0.00043005895,0.00046126955,0.00054130016,0.0003606598,0.00051852595,0.00045580202,5.4838456e-06,0.00050454895,0.00043892843,0.0005070873,0.00043227835,0.0004048791,0.00041257066,0.00043397586,0.0005224066,0.00043526053,0.00051779754,0.9966374,-1.7819305e-06,0.0005216941,0.00044187886,0.00038699454,0.00045568275,0.00039892233,0.0004444346,0.0005224415,0.00043852176,0.00048348727,0.99622005,0.00045966016,0.00039166503,0.00045016306,0.00039787733,0.00016461276,0.0004477975,0.00052234106,0.0004081466,0.0004135094,0.0004795028,0.00040319332,0.00046323973,0.0004321967,0.0003317175,0.00046633722,-1.475077e-05,0.00039360588,0.00043407216,0.0004439608
-0.0027915407,0.9941934,-0.003862183,-0.0038620362,-0.004096759,0.9936205,-0.0015588176,-0.0037202828,-0.00070932653,0.9941395,-0.00393528,-0.003862787,-0.0035748647,-0.003454052,-0.0007769615,-0.003483635,-0.0014825077,-0.0038581472,0.9941222,-0.0012857459,-0.0032504983,-0.0039276197,-0.0033390962,-0.0028138403,-0.003417699,-0.003596305,-0.0039643315,-0.0028110237,-0.003493667,-0.003096979,-0.0033828586,0.0,-0.004086175,-0.003201254,-0.0030308652,-0.003227894,-0.0031758577,-0.004074576,-5.4392036e-05,-0.0029977527,-0.0028861074,-0.00251237,-0.0028223267,-0.0026682978,-0.0037212311,-0.0037090122,-0.0039823945,-0.0030807846,-0.0033876505,-0.003292972,-0.0031741029,-0.0038490954,-0.0033290056,-0.004018866,-0.0037050503,-0.0022132525,-0.0038722586,-0.0031980004,-0.0034543045,-0.0019757247,-0.0038416095,-0.003929879,-0.0038963868,-0.003234182,-0.0037129868,-0.00237713,-0.0035993706,-0.003237181,-0.0005062984,-0.0034762854,-0.0038635551,-0.003771212,-0.0015828577,-0.002684669,-0.0038861553,-0.002822894,-0.0036063816,-0.004026135,-0.0032844709,0.9937606,-0.0012117863,-0.003691224,-0.0029959998,-0.0026545455,-0.0015827985,-0.002681379,-0.002158535,-0.0037662406,-0.0040236944,-0.003326907,0.99414825,-0.003303185,-0.002568519,-0.0041153654,-0.0026416522,-5.689581e-05,-0.0030746593,-0.003570465,-0.0023872703,-0.0039386083,-0.0033526896,-0.002665377,-0.0031197027,-0.002115453,-0.0014537419,-0.0032467905,-0.0001367205,-0.0023975414,-0.0020397503,-0.0020503858
0.0044943257,1.0015602,0.004747327,0.004751178,0.0047750697,1.0008978,0.0042810864,0.0047568753,0.0040894854,1.001165,0.004761452,0.0047467216,0.004740866,0.004680774,0.004093758,0.004699696,0.0042532217,0.004757415,1.0010648,0.0042161597,0.0046027927,0.004762116,0.0046341666,0.00451368,0.0046667624,0.0047454224,0.0047542686,0.0044986783,0.004706182,0.0045607476,0.0046620774,0.00438626,0.0,0.0045854347,0.004528611,0.0045926883,0.004584766,0.004769476,0.0041844808,0.0045082932,0.004512619,0.0044008777,0.0045069777,0.004450723,0.00475608,0.004747446,0.0047607226,0.004560833,0.0046572965,0.004605727,0.004579291,0.004774054,0.0046255183,0.004763482,0.0047468767,0.004375817,0.0047539906,0.0045863353,0.0046818275,0.0043578236,0.004757148,0.004766766,0.0047579478,0.004600301,0.004757339,0.0043766177,0.0047492776,0.004592605,0.0041164625,0.004696267,0.0047536525,0.0047538797,0.004284738,0.004441772,0.0047553475,0.004500518,0.0047387476,0.0047730696,0.004604213,1.0007565,0.004203903,0.004742059,0.004536549,0.004437082,0.004292351,0.004447256,0.0043737176,0.004767398,0.0047759498,0.0046254965,1.0012587,0.0046188748,0.004413973,0.0047819177,0.004437382,0.0047532553,0.004546954,0.0047382847,0.0043597803,0.004755974,0.0046388553,0.0044413754,0.004573521,0.004350419,0.0042435126,0.0045900824,0.004144841,0.0043917214,0.0043505467,0.0043467535
-0.00018173688,0.99522126,-0.00054005545,-0.0005471742,-0.0007007216,0.99588895,-2.4658717e-05,-0.00047021286,-4.434833e-06,0.9953188,-0.0005860929,-0.00055409624,-0.0004448452,-0.00040885436,-2.7048565e-05,-0.0004030682,-2.0867668e-05,-0.00054006826,0.9953811,-3.912724e-06,-0.00030430174,-0.00058480486,-0.00034859098,-0.00019937337,-0.00038394745,-0.00045967332,-0.0006100379,-0.0001938909,-0.00041357905,-0.00025430648,-0.0003778866,-0.000108823275,-0.0006941336,0.0,-0.00023979146,-0.00030868463,-0.00029886805,-0.0006826714,-1.8498353e-05,-0.00021730145,-0.00020522493,-0.00011581257,-0.00020198894,-0.00015649747,-0.00046645943,-0.0004614434,-0.00062559434,-0.00025763756,-0.0003674399,-0.00033780778,-0.00028703953,-0.00054048584,-0.00034897318,-0.0006427891,-0.00046121253,-6.8083355e-05,-0.0005588308,-0.00029498295,-0.0004022815,-2.049153e-05,-0.0005418883,-0.00058512983,-0.0005693018,-0.00030155617,-0.00045766775,-8.968713e-05,-0.00046939647,-0.0003028756,-2.2024164e-05,-0.00040827316,-0.0005383241,-0.0005033627,-6.352421e-07,-0.0001486677,-0.00056353246,-0.00020345865,-0.00047324345,-0.00064236065,-0.00033136865,0.99575424,-2.7875732e-05,-0.00045891356,-0.00022259446,-0.00015012536,-6.670252e-06,-0.00016872604,-4.989501e-05,-0.00049175875,-0.0006425176,-0.00034447588,0.9952996,-0.0003364055,-0.00012678214,-0.00070143904,-0.00014002367,6.7272035e-06,-0.00025298315,-0.00045513207,-0.000107660024,-0.000592289,-0.00035028416,-0.00015462199,-0.0002575163,-4.4883935e-05,-1.46046e-06,-0.00031025856,-2.1835233e-06,-0.000103856095,-3.5048226e-05,-4.9852883e-05
-0.00093024346,0.99430645,-0.0017771743,-0.0017994569,-0.0020353356,0.9951748,-0.00022586402,-0.0016330641,-2.5975032e-05,0.9944545,-0.0018657872,-0.0017848375,-0.0015811314,-0.0014718104,-3.4201545e-05,-0.0014949489,-0.00021533362,-0.0017736627,0.9944927,-0.00013619637,-0.0012309207,-0.0018487787,-0.0013492085,-0.0009455994,-0.0014279208,-0.0016043143,-0.0018940228,-0.00095402315,-0.0015198955,-0.0011118132,-0.001422174,-0.00067450054,-0.0020291898,-0.0012154217,0.0,-0.0012345505,-0.0012044988,-0.0020053105,-3.1231575e-05,-0.0010242623,-0.0009868107,-0.00071676343,-0.0009458539,-0.00086423673,-0.0016267523,-0.0016152649,-0.0019216646,-0.001114819,-0.0013975879,-0.0013018659,-0.0011841388,-0.0017553775,-0.0013343925,-0.0019484609,-0.0016182073,-0.000597503,-0.0017942518,-0.0012085134,-0.001464547,-0.00037853574,-0.0017486016,-0.001863259,-0.0018300504,-0.0012495434,-0.0016192796,-0.00067805784,-0.0016073912,-0.0012460448,-1.511243e-05,-0.0014797336,-0.001773389,-0.00167704,-0.00026209076,-0.0008356854,-0.0018167958,-0.0009501683,-0.0016176129,-0.0019572214,-0.0013130291,0.9950334,-9.041031e-05,-0.0016106789,-0.0010151122,-0.0008104409,-0.00026643166,-0.0008454291,-0.0005320661,-0.0016682248,-0.0019518002,-0.0013389419,0.99444836,-0.0013170738,-0.0007803143,-0.0020441748,-0.00081516383,3.65902e-06,-0.0011010627,-0.0015813094,-0.0006657249,-0.0018697828,-0.0013673797,-0.00083976175,-0.0011373905,-0.0005075671,-0.00016231052,-0.0012671251,-2.6536394e-05,-0.00065405545,-0.00045751955,-0.0004868257
-4.979857e-05,0.9954392,-0.00025950302,-0.0002740396,-0.00033911923,0.99610996,-1.7024371e-05,-0.00023497049,-2.9293683e-06,0.9955418,-0.00029276585,-0.0002681652,-0.0002086897,-0.00019391143,-1.4293246e-05,-0.00019115653,-2.429307e-05,-0.00026648506,0.9955755,-1.6683636e-05,-0.00013277332,-0.00028431404,-0.00016323282,-7.1200855e-05,-0.0001734829,-0.00022149897,-0.0002965064,-6.6972345e-05,-0.00021314992,-8.7205444e-05,-0.0001744346,-2.1077894e-05,-0.00034798248,-0.00012475916,-8.093772e-05,0.0,-0.00013030489,-0.00033931888,-1.47437695e-05,-7.875189e-05,-7.2223906e-05,-2.723519e-05,-6.717076e-05,-5.5101045e-05,-0.00022613611,-0.00022560687,-0.00029511398,-8.9365676e-05,-0.00017605,-0.00014612771,-0.000119086784,-0.00026269953,-0.0001520427,-0.00032232952,-0.00021687409,-1.6262387e-05,-0.00026416776,-0.00011689297,-0.00019714456,-4.0065734e-06,-0.00026219367,-0.0002956165,-0.00027647792,-0.0001347813,-0.00022007395,-2.5104493e-05,-0.00023413594,-0.00012217298,-7.919041e-06,-0.00019010426,-0.00026601204,-0.00024790506,-1.4980487e-05,-4.986311e-05,-0.00026824884,-6.384452e-05,-0.00022867898,-0.00031759028,-0.00015357381,0.9959548,-3.0355375e-07,-0.00022174025,-8.274542e-05,-3.514253e-05,-1.2581157e-05,-3.767968e-05,-1.8185627e-05,-0.00023634321,-0.00031890385,-0.00014588203,0.9955048,-0.00015555714,-4.2420368e-05,-0.00035511563,-4.329102e-05,-8.670797e-06,-8.6894725e-05,-0.00021042286,-1.574819e-05,-0.00029903222,-0.00017096377,-5.182487e-05,-0.00010520965,-1.4356332e-06,-1.7073264e-05,-0.00014185131,5.6034314e-06,-1.689895e-05,-2.2766306e-05,-1.5337262e-05
-0.00019652725,0.99520177,-0.00054047717,-0.00054977665,-0.00068409194,0.9958882,-1.3365012e-05,-0.00046841515,-1.5426687e-05,0.99530405,-0.0005867673,-0.0005344053,-0.00044525272,-0.00040062537,-1.4611639e-05,-0.00040723887,-1.3190437e-05,-0.0005381793,0.99536,-2.8230208e-05,-0.00029518473,-0.00057281804,-0.00035032796,-0.00018591547,-0.00037290805,-0.0004593062,-0.0005977883,-0.00019674156,-0.00042053894,-0.0002594872,-0.00036050577,-9.3937255e-05,-0.00067566114,-0.00029615115,-0.00022753293,-0.00029247935,0.0,-0.00066674873,-2.1272497e-05,-0.00022860765,-0.00019975612,-0.00010635459,-0.00018886372,-0.00016022613,-0.00047422663,-0.0004696428,-0.00061046303,-0.00025136172,-0.00036591745,-0.00032348093,-0.00027958065,-0.0005286476,-0.0003381861,-0.00062246114,-0.00046219997,-6.410888e-05,-0.00054436683,-0.00029854086,-0.00039258925,-2.2456186e-05,-0.0005335483,-0.000584221,-0.00055646343,-0.0003098322,-0.00046062956,-0.000110592424,-0.0004587889,-0.00029295887,-7.116722e-06,-0.00039904867,-0.0005437076,-0.00048451583,-4.5503607e-06,-0.00014879603,-0.0005580681,-0.0001951297,-0.00046543023,-0.00062217086,-0.00033578824,0.99575263,-2.0515683e-05,-0.0004624417,-0.00021110095,-0.00014766227,-7.605973e-07,-0.00016158876,-6.682728e-05,-0.00049363245,-0.0006270074,-0.00033342963,0.9952723,-0.00032645004,-0.00014960072,-0.0006824133,-0.0001358076,-6.6079215e-06,-0.00024682222,-0.00044159326,-9.0029476e-05,-0.0005789696,-0.00035889292,-0.00015545302,-0.00026944606,-3.7130918e-05,-1.6535036e-05,-0.00032215388,-4.8865522e-06,-9.261894e-05,-3.0902745e-05,-3.4542976e-05
0.00437384,1.0012513,0.004643161,0.0046423217,0.004671162,1.0006509,0.0041533033,0.004649303,0.0039538685,1.0008693,0.00465793,0.0046416246,0.004630009,0.0045664283,0.0039687245,0.0045893546,0.004129205,0.004653566,1.0007615,0.0040897443,0.0044828397,0.0046540024,0.004521391,0.004390161,0.004554774,0.004636018,0.004651848,0.004379829,0.0045940406,0.004443769,0.004547768,0.0042663277,0.0046729674,0.004467986,0.0044081374,0.004476715,0.004470809,0.0,0.0040557226,0.0043906653,0.0043920474,0.004280444,0.0043888963,0.0043316637,0.00464787,0.0046396838,0.004656536,0.004439501,0.0045460626,0.0044906805,0.00446095,0.0046668546,0.0045111263,0.004662914,0.0046381736,0.0042545516,0.0046479423,0.0044709244,0.0045675086,0.0042341426,0.0046486794,0.0046634036,0.004653202,0.004483695,0.0046505593,0.004252878,0.0046379115,0.004474859,0.003986361,0.0045846086,0.0046473914,0.004646366,0.0041528554,0.0043227356,0.0046531623,0.0043765814,0.004631597,0.0046695042,0.0044881916,1.0004979,0.0040795207,0.0046302774,0.004417487,0.0043186727,0.004165568,0.0043236,0.0042502433,0.0046582213,0.0046673142,0.004512273,1.0009573,0.00450482,0.0042948923,0.0046803234,0.004314693,0.00463032,0.004426053,0.004630606,0.0042395303,0.0046503684,0.004522587,0.00431865,0.004452329,0.004221873,0.004116727,0.004477997,0.004012721,0.0042667342,0.0042234617,0.0042250645
-0.0067810537,0.99441576,-0.0066217054,-0.006627557,-0.006548546,0.9939148,-0.0068669496,-0.006683654,-0.006494542,0.9943594,-0.0066026547,-0.0066265217,-0.006689148,-0.0066946233,-0.006493,-0.0066944114,-0.006849768,-0.00662865,0.9943386,-0.0068369494,-0.00675576,-0.0066101677,-0.0066952007,-0.0067666583,-0.006695128,-0.0066899117,-0.0065965443,-0.006780611,-0.006697046,-0.0067489,-0.0067041307,-0.0068121995,-0.0065437304,-0.0067290245,-0.006761655,-0.0067069293,-0.006720581,-0.006554156,0.0,-0.006767638,-0.0067794775,-0.0068169422,-0.0067732334,-0.0067905914,-0.006684086,-0.006685745,-0.006585569,-0.006750058,-0.0066994876,-0.00669414,-0.0067287735,-0.0066473237,-0.006695165,-0.0065739197,-0.006689452,-0.0068225586,-0.006623748,-0.006716684,-0.0066998294,-0.006880334,-0.006644693,-0.0065988232,-0.0066057276,-0.0067210686,-0.006683569,-0.0068296846,-0.006689606,-0.0067223855,-0.0063159084,-0.006693078,-0.0066317148,-0.006681168,-0.0068574315,-0.006789427,-0.006613694,-0.006772511,-0.0066857007,-0.0065685986,-0.006693164,0.9940315,-0.0068120235,-0.006687544,-0.0067709563,-0.006784097,-0.006884513,-0.006797016,-0.0068296697,-0.0066728024,-0.0065755993,-0.006691589,0.9943828,-0.0066937623,-0.0067965756,-0.006538238,-0.006796317,-0.005064076,-0.0067514447,-0.0066897986,-0.0068153804,-0.006602743,-0.006691326,-0.00678018,-0.006739613,-0.0068467013,-0.00685913,-0.006704189,-0.0052369745,-0.006810774,-0.00684879,-0.0068373885
-0.001073744,0.9940971,-0.0019825965,-0.0020076693,-0.002260715,0.99503905,-0.0003155947,-0.0018196972,-1.2154666e-05,0.9942266,-0.002080046,-0.0019922308,-0.0017696653,-0.0016567473,-3.9017337e-05,-0.0016673156,-0.00029370707,-0.0019806782,0.9942472,-0.00017038955,-0.0014097196,-0.0020596485,-0.0015192701,-0.0010996388,-0.0016065685,-0.0017895993,-0.0021133877,-0.0010872318,-0.0017005362,-0.0012703773,-0.001598034,-0.0007954163,-0.002256303,-0.00138833,-0.0012121397,-0.0014007954,-0.0013762419,-0.0022252891,-3.0370988e-05,0.0,-0.001144874,-0.00084497104,-0.0010936484,-0.0010133734,-0.0018137598,-0.0018030498,-0.002130172,-0.001263619,-0.0015840759,-0.0014761956,-0.0013520531,-0.0019594515,-0.0015086993,-0.0021711465,-0.0018004138,-0.00070212816,-0.002000344,-0.0013785504,-0.001639717,-0.00048318066,-0.001956578,-0.0020760396,-0.002037839,-0.0014147545,-0.0018047284,-0.00078529585,-0.0018059277,-0.0014133436,-1.523057e-05,-0.0016589232,-0.0019854258,-0.0018725541,-0.00032559375,-0.00097629306,-0.0020283463,-0.0010910286,-0.0018089416,-0.002178523,-0.0014835937,0.9948762,-0.00014002084,-0.0017939984,-0.00116776,-0.0009484689,-0.0003625974,-0.0009872131,-0.00064144464,-0.0018604507,-0.002177846,-0.0015089781,0.9942437,-0.0014781832,-0.00090094475,-0.002273135,-0.00093462935,5.195603e-06,-0.0012597194,-0.0017666316,-0.00077871466,-0.0020826124,-0.0015464539,-0.0009633849,-0.0013070548,-0.00060197257,-0.00022723497,-0.0014345488,-3.2526743e-05,-0.0007622844,-0.0005420246,-0.00057775463
-0.0012899932,0.9939644,-0.0022243296,-0.0022496795,-0.0025019273,0.99486274,-0.00041609557,-0.002080031,-3.2104243e-05,0.9940401,-0.0023230063,-0.0022388787,-0.002026886,-0.001904194,-1.3829753e-05,-0.0019278605,-0.00041608856,-0.0022273627,0.9940197,-0.00029055154,-0.0016217771,-0.0023072674,-0.0017638303,-0.0013135573,-0.0018546657,-0.0020514787,-0.0023472458,-0.0013053064,-0.001963763,-0.0014942008,-0.0018594045,-0.0009764616,-0.0024957433,-0.0016224851,-0.001441807,-0.0016388986,-0.0016150574,-0.0024614974,1.6384597e-06,-0.0014011941,0.0,-0.0010192856,-0.0013111922,-0.0011920141,-0.0020673517,-0.0020579216,-0.002372195,-0.0015004235,-0.001830915,-0.001729419,-0.0015883825,-0.0022054308,-0.0017566737,-0.0024126172,-0.002064423,-0.00085351814,-0.0022467733,-0.0016233551,-0.001891857,-0.0005715714,-0.0022048943,-0.002314233,-0.0022844083,-0.0016455197,-0.0020660355,-0.00096683967,-0.0020482892,-0.0016452331,-2.788085e-05,-0.0019132519,-0.0022242225,-0.0021168056,-0.00044434663,-0.0011752864,-0.0022706792,-0.0013181496,-0.0020607125,-0.0024207754,-0.0017271321,0.99468046,-0.00021121511,-0.0020530901,-0.0013971672,-0.0011352153,-0.00046262718,-0.001168289,-0.00078767305,-0.0021130636,-0.0024151518,-0.0017568829,0.99407893,-0.0017244837,-0.0010690197,-0.0025107088,-0.0011159653,-1.881709e-05,-0.0014846016,-0.0020278383,-0.00095985003,-0.0023220044,-0.0017958719,-0.0011834996,-0.0015436136,-0.000752248,-0.00032362493,-0.0016751696,-2.3216337e-05,-0.0009242119,-0.0006837699,-0.00072766887
-0.0026295602,0.9941095,-0.003650608,-0.0036390529,-0.0038702756,0.99348354,-0.0012881584,-0.0035090437,-0.00055441353,0.99405015,-0.003716037,-0.0036362913,-0.0034504721,-0.0033257485,-0.00060315,-0.003352545,-0.0012504,-0.0036455549,0.99403673,-0.001123231,-0.0029611895,-0.0036999166,-0.003114052,-0.002649018,-0.003186363,-0.0034806703,-0.0037430995,-0.0026905881,-0.0033743575,-0.0028707033,-0.0031713252,-0.0021987066,-0.0038740728,-0.0029760015,-0.0027832298,-0.0029974228,-0.0029525443,-0.0038585204,-5.274401e-06,-0.0027517774,-0.0027157653,0.0,-0.0026751228,-0.0024590497,-0.0034977612,-0.0034864077,-0.0037702685,-0.0028564231,-0.0032499484,-0.003061885,-0.0029359106,-0.003621774,-0.00310301,-0.0038061922,-0.0034793676,-0.0020790752,-0.003643329,-0.0029623697,-0.0033184881,-0.001694782,-0.0036138485,-0.0037172947,-0.0036853775,-0.0030088155,-0.003492039,-0.0022181117,-0.0034854251,-0.0029942275,-0.00040938414,-0.0033471656,-0.0036369276,-0.003552768,-0.0014297568,-0.002464407,-0.0036736438,-0.0026594931,-0.0034914922,-0.0038125792,-0.0030432534,0.9936387,-0.0010369893,-0.003472332,-0.0027610518,-0.0024028653,-0.0014296022,-0.0024232778,-0.002001664,-0.0035471849,-0.0038059345,-0.0030943707,0.99406815,-0.003079434,-0.0023358592,-0.0038952723,-0.0023858573,-3.6572295e-05,-0.0028332588,-0.0034461676,-0.002173191,-0.0037147007,-0.0031302255,-0.0025220145,-0.0028869866,-0.0018665713,-0.0012792613,-0.003016075,-1.9326742e-05,-0.0021840867,-0.0017988917,-0.0019097559
-0.001438017,0.9936414,-0.0024421935,-0.002471205,-0.0027239094,0.99470174,-0.0005517788,-0.0022732276,-2.2785349e-05,0.9939241,-0.0025455395,-0.0024548636,-0.0022314577,-0.0021046216,-6.0610477e-05,-0.0021287564,-0.00053009647,-0.0024439227,0.9938931,-0.00038439117,-0.0018396473,-0.002524332,-0.0019619756,-0.0014573778,-0.002052661,-0.0022462357,-0.0025749272,-0.0014342084,-0.002158984,-0.0016321171,-0.0020567381,-0.001125987,-0.0027216934,-0.0018209285,-0.0015939258,-0.0018238062,-0.0018017563,-0.0026841026,3.6027113e-06,-0.0015489778,-0.0015108669,-0.0011978566,0.0,-0.001360987,-0.0022730078,-0.0022628403,-0.0025921431,-0.001645354,-0.002032968,-0.0019256778,-0.0017443373,-0.002428913,-0.0019501878,-0.0026310422,-0.0022574863,-0.0010067248,-0.0024663892,-0.0018077623,-0.0021017785,-0.0007366426,-0.0024341037,-0.0025341883,-0.0024987485,-0.0018389089,-0.0022634715,-0.001110714,-0.0022708827,-0.001840385,-2.0621872e-05,-0.0021175342,-0.002454654,-0.0023279686,-0.00054347434,-0.0013060467,-0.0024927417,-0.0014614443,-0.0022763151,-0.0026389475,-0.0019295192,0.99447596,-0.00031374235,-0.0022536223,-0.0015300118,-0.0013029047,-0.00059463497,-0.0013414186,-0.0009173652,-0.0023232019,-0.0026379693,-0.001953775,0.99395925,-0.0019198812,-0.0012365944,-0.0027350024,-0.0012799895,-7.151226e-06,-0.0016376575,-0.0022256905,-0.001097546,-0.0025458285,-0.0019931332,-0.0013055957,-0.0017331681,-0.00087923295,-0.0003939482,-0.0018796015,1.3452037e-06,-0.0010593572,-0.0008192561,-0.00086357485
-0.0019575204,0.99390125,-0.00294438,-0.0029601895,-0.0032069362,0.9941352,-0.0007917709,-0.0027779464,-0.00021289986,0.9938204,-0.0030331798,-0.0029477894,-0.0027274052,-0.0026013383,-0.00023267255,-0.0026275704,-0.0007529434,-0.002943319,0.99380136,-0.0006255744,-0.0023691792,-0.0030162397,-0.0024687306,-0.0019726288,-0.00255434,-0.002750122,-0.0030655703,-0.0019660292,-0.0026419407,-0.0021933438,-0.0025195468,-0.0014926394,-0.0032126913,-0.0023174244,-0.0021281028,-0.0023410772,-0.002291841,-0.0031791155,7.3210463e-06,-0.0020879689,-0.0020566445,-0.0016045178,-0.0019885353,0.0,-0.0027730959,-0.0027641673,-0.0030855048,-0.0021772971,-0.0025209193,-0.0024212066,-0.002283799,-0.0029225852,-0.002460404,-0.00311806,-0.0027582645,-0.0013947866,-0.0029598414,-0.002308523,-0.002592185,-0.0011385591,-0.0029162667,-0.0030288121,-0.0029905406,-0.0023493438,-0.0027628618,-0.0015524023,-0.0027607456,-0.0023500177,-2.5504713e-05,-0.002618322,-0.0029467756,-0.002835015,-0.0008831416,-0.001764522,-0.0029827412,-0.001986241,-0.0027685345,-0.0031284334,-0.0024012018,0.9939802,-0.0005466366,-0.0027502282,-0.0020731252,-0.0017412448,-0.0008977271,-0.0017692734,-0.0013118708,-0.0028235374,-0.0031266506,-0.0024529274,0.9938298,-0.0024268224,-0.0016692751,-0.0032231591,-0.001728735,-2.2546967e-05,-0.002171771,-0.0027247993,-0.0014832114,-0.0030368143,-0.0024920104,-0.0017445242,-0.0022271236,-0.0012723787,-0.00070305885,-0.0023730348,-6.623894e-06,-0.0014916186,-0.0011979481,-0.0012265495
0.0022169112,0.99738276,0.0025545813,0.0025386473,0.002649758,0.9971423,0.0014594219,0.002585475,0.0012225616,0.99737316,0.0025690852,0.002541519,0.0025428368,0.0024718717,0.0012557488,0.0024934146,0.0014472755,0.0025631173,0.9973845,0.0013899395,0.002357409,0.00256947,0.0024221921,0.0022333988,0.002443569,0.0025502145,0.0025773875,0.0022463184,0.0024997431,0.0023103722,0.0024349901,0.002142063,0.0026522558,0.0023307225,0.0022410087,0.0023554538,0.0023306296,0.0026356287,0.0012891581,0.0022427668,0.0022130648,0.0017320948,0.0022373693,0.0021559915,0.0,0.0025663383,0.0025899524,0.0022959195,0.0024375839,0.00237567,0.002318813,0.0025870283,0.002394797,0.002608486,0.0025653113,0.0017283598,0.0025478995,0.0023414972,0.0024650411,0.0015692362,0.0025641979,0.0025812567,0.0025621024,0.0023599435,0.002581832,0.002070094,0.002542456,0.002346471,0.001233518,0.0024926697,0.0025552476,0.002573285,0.001490678,0.0021930465,0.0025646712,0.0022280256,0.0025508702,0.0026284507,0.0023778877,0.9970889,0.0013755254,0.0025575361,0.002258052,0.002134022,0.0014965221,0.0021372393,0.0017574424,0.0025931378,0.0026155883,0.0024141055,0.9973528,0.0023860228,0.0021552194,0.0026717093,0.0021494878,0.0019861548,0.0022819145,0.0025477519,0.0017733651,0.002558696,0.002409357,0.002173633,0.0023167073,0.0015661983,0.0014281215,0.002351691,0.0012547511,0.0017918316,0.0015999882,0.0017538273
0.00220095,0.99736005,0.0025343297,0.0025180213,0.0026300382,0.9971216,0.0014407198,0.0025666393,0.0012046299,0.9973516,0.0025486245,0.0025228218,0.002521442,0.002451235,0.0012406894,0.002474685,0.0014311817,0.0025438566,0.9973671,0.0013746441,0.002332617,0.0025494623,0.0024015997,0.0022189617,0.0024248725,0.0025312454,0.0025585028,0.0022272416,0.0024790943,0.0022961,0.0024194892,0.002130157,0.002631321,0.0023144262,0.002225132,0.0023376385,0.0023153606,0.0026155447,0.0012708268,0.0022262284,0.0021953748,0.0017136314,0.0022180728,0.0021508313,0.0025575003,0.0,0.0025681842,0.0022785948,0.0024266457,0.002357916,0.0023045447,0.0025668533,0.002377338,0.0025881294,0.0025477607,0.0017099802,0.0025273527,0.0023262897,0.002448127,0.0015504658,0.0025437654,0.0025610526,0.0025423924,0.0023387861,0.0025613995,0.0021162156,0.0025219696,0.0023283488,0.0012190193,0.002473731,0.0025339022,0.002557244,0.0014696445,0.002177686,0.0025449872,0.002216212,0.0025337378,0.0026096306,0.0023586012,0.99707645,0.0013576346,0.0025347392,0.0022491433,0.0021234066,0.0014835021,0.00212325,0.0017374235,0.0025735006,0.0025953294,0.002394362,0.9973365,0.0023680336,0.00213677,0.0026497117,0.0021375467,0.0019637002,0.0022627704,0.0025286758,0.0017569134,0.0025368568,0.002391441,0.002161605,0.0022962685,0.0015537406,0.0014141231,0.002333548,0.0012424246,0.0017712461,0.0015869575,0.0017188817
0.0037988266,0.9998319,0.004132601,0.0041262023,0.0041776733,0.99960613,0.0035580343,0.004133529,0.0033483792,0.99955785,0.0041480362,0.0041309157,0.004103035,0.004034058,0.003364824,0.004059376,0.003536558,0.004139243,0.99948853,0.0034920094,0.003927436,0.004144904,0.0039835097,0.0038173667,0.0040129274,0.0041125496,0.004145447,0.0038151562,0.0040655085,0.0038868547,0.0040056305,0.0036819074,0.004179656,0.00391481,0.0038436677,0.003926828,0.003915446,0.004172319,0.003451835,0.0038261637,0.0038221276,0.0037003544,0.003818925,0.0037548556,0.004125013,0.0041135694,0.0,0.0038858764,0.0040071965,0.00394751,0.0039041368,0.004152519,0.0039673126,0.004160919,0.0041211005,0.0036706638,0.0041312804,0.003918796,0.0040298463,0.0036521086,0.0041335383,0.0041546375,0.004141414,0.0039337873,0.004129514,0.0036708966,0.0041091526,0.0039224103,0.0033734534,0.004054178,0.0041330173,0.0041304333,0.0035625664,0.00374907,0.00414621,0.003806281,0.004109812,0.004173222,0.003938265,0.99942344,0.0034832696,0.0041108415,0.0038524573,0.0037384953,0.0035791437,0.0037452725,0.0036687057,0.004143485,0.004170194,0.0039741807,0.99961126,0.003959041,0.003713736,0.0041894005,0.0037393188,0.0040661525,0.003863615,0.0041031926,0.0036613229,0.004140902,0.003980529,0.0037483126,0.0038922005,0.003639274,0.0035296145,0.0039295224,0.0034043577,0.0036882656,0.0036408517,0.0036436627
-0.000658664,0.9945805,-0.0014238893,-0.0014401019,-0.0016653066,0.99538404,-0.00010679917,-0.0012815032,-1.4850241e-05,0.9947102,-0.001496422,-0.0014377248,-0.0012360807,-0.0011390501,-1.7764367e-05,-0.0011582426,-0.000105023064,-0.0014232236,0.9947712,-2.1585885e-05,-0.0009370071,-0.0014937234,-0.0010291698,-0.00068426755,-0.0010951377,-0.0012623167,-0.0015288836,-0.0006743221,-0.0011819524,-0.0008180269,-0.0010900203,-0.000460833,-0.0016595775,-0.000920609,-0.0007774202,-0.0009337931,-0.0009153895,-0.0016264216,-2.2881844e-05,-0.0007540539,-0.0007269264,-0.00049362145,-0.00068926264,-0.0006184543,-0.0012772346,-0.0012694028,-0.0015441349,0.0,-0.001073269,-0.0009980268,-0.0008970742,-0.0014076419,-0.0010191546,-0.0015821736,-0.0012676979,-0.00039158613,-0.0014443545,-0.0009142802,-0.0011322533,-0.000230141,-0.0014058466,-0.001507561,-0.001468367,-0.00093660626,-0.0012719051,-0.0004611591,-0.0012745658,-0.0009379463,-1.3611896e-05,-0.0011497505,-0.001424347,-0.0013331497,-0.00011230233,-0.00059003884,-0.0014642718,-0.00068948604,-0.0012819938,-0.0015883482,-0.0009965401,0.9952447,-1.0713603e-05,-0.0012618682,-0.0007485368,-0.0005724754,-0.00012647004,-0.00059916696,-0.0003518177,-0.0013301857,-0.0015908285,-0.0010265319,0.9947038,-0.0010001096,-0.0005465755,-0.0016703431,-0.00057872524,-4.880827e-06,-0.0008120522,-0.0012357037,-0.000451625,-0.001500576,-0.0010431504,-0.00059380045,-0.0008560022,-0.00032661026,-4.4178156e-05,-0.00096070586,2.4580168e-06,-0.0004442169,-0.0002747332,-0.00029995988
0.00052027806,0.99624985,0.000569318,0.0005500674,0.0005629508,0.9968209,0.0004805108,0.0006754593,-2.9284477e-06,0.9963152,0.0005489181,0.0005696151,0.0006577638,0.0006242317,3.5482083e-06,0.000636137,0.00017015278,0.0005784459,0.99633986,7.62367e-05,0.00057250634,0.000553595,0.0006122025,0.0005546655,0.00060744496,0.00065065746,0.00055751775,0.0005510193,0.0006361292,0.00058014883,0.00060892926,0.0005047894,0.0005625267,0.000569787,0.0005546457,0.00059545384,0.00058351766,0.00056446827,7.009634e-06,0.00055055623,0.0005398778,0.0005187242,0.00054393563,0.00051806634,0.0006496669,0.0006577039,0.0005541169,0.00056213094,0.0,0.00059528946,0.00057650614,0.0006162446,0.0005970353,0.0005613798,0.0006613876,0.0005188268,0.00055992964,0.0005915173,0.0006214627,0.00055353425,0.0006144539,0.000563067,0.00054485985,0.00057548535,0.0006669652,0.00048287027,0.0006307892,0.00058033294,1.2552531e-06,0.00063395523,0.00057441386,0.0006443813,0.000538797,0.0005026539,0.0005757163,0.00054205506,0.00064668607,0.00057456864,0.0005999806,0.996682,3.009907e-05,0.0006559199,0.00056941033,0.0005074229,0.0005624207,0.0005060955,0.000543395,0.000658877,0.0005571665,0.00061101245,0.9962789,0.00059064716,0.0004961387,0.0005755917,0.0005104278,0.0002755761,0.0005603531,0.0006578136,0.00050062087,0.0005400637,0.0006035099,0.00053197995,0.00057864113,0.0005317208,0.00044170246,0.00057985046,6.5872728e-06,0.00052002067,0.0005368855,0.00055469415
-2.0834726e-07,0.99583924,-4.520676e-07,-7.2951675e-06,-1.5628048e-05,0.99646705,-1.0956104e-05,1.4004955e-06,-1.2936005e-05,0.9959177,-8.199363e-06,-1.0896828e-05,-8.461461e-06,-7.7711475e-06,-1.801998e-05,-3.5401265e-06,5.103946e-06,7.2317897e-07,0.99596477,-7.2800235e-06,1.090398e-07,-2.0351163e-05,-1.5151103e-05,4.0219857e-07,-1.0883869e-05,-1.4263695e-05,-1.5185066e-05,-1.3662481e-05,-4.815307e-06,-1.5008269e-05,7.4939186e-07,-1.1943829e-05,-1.2160029e-05,-1.5841463e-06,-1.4739445e-05,-7.475324e-07,-1.25624165e-05,-4.9883965e-07,-3.3826902e-06,-5.0347135e-06,-1.88277e-05,3.4722245e-06,-3.3593935e-06,5.013574e-07,-1.784799e-05,-1.2751442e-05,-1.5838743e-05,-8.144414e-06,-1.136268e-05,0.0,-1.5156226e-05,-4.604577e-06,-3.176599e-06,-7.0098977e-06,-4.255392e-06,-7.2563425e-06,-1.9895255e-05,-2.8421748e-06,-1.3170776e-05,-1.0203867e-05,-7.100019e-06,-1.8331706e-05,-1.3428455e-05,3.854641e-07,-2.6674613e-06,-1.2618382e-06,-1.5747753e-05,-1.2325668e-06,-1.1205725e-05,-4.275556e-06,-4.5794545e-06,9.717922e-07,1.1752183e-07,-1.8707342e-05,-1.875008e-05,-7.982849e-06,-1.6949812e-06,-1.8554367e-05,-4.5870684e-06,0.99632573,-4.4015665e-06,-9.48059e-06,-9.0281455e-06,3.3380766e-06,-6.7362867e-06,-5.132746e-06,-4.798749e-06,-2.1493452e-06,-1.5463162e-05,-1.4461997e-05,0.9958918,-1.436275e-06,-1.7420352e-06,-5.1621373e-06,-1.5359068e-05,-7.131464e-06,-1.1752118e-05,-3.2198461e-06,-1.3819621e-05,-1.6712134e-05,-2.7048789e-06,2.6094885e-06,-1.0076811e-05,-9.45933e-06,-1.542666e-05,-6.843702e-06,-1.1555266e-05,-1.0845193e-05,-1.4650113e-06,-1.5845555e-05
-0.0002741679,0.9950676,-0.0007723293,-0.0007838505,-0.00096597866,0.9957647,-7.728587e-06,-0.00066696096,2.192442e-06,0.99517804,-0.00082658883,-0.0007830193,-0.00063829136,-0.0005733535,-1.6588054e-05,-0.00058325497,-2.785335e-05,-0.0007745827,0.9952327,-7.5400706e-08,-0.00042936936,-0.00082235853,-0.000492632,-0.00029127861,-0.0005399908,-0.0006546698,-0.0008530732,-0.00028467132,-0.00061072706,-0.00038327207,-0.000539577,-0.00015153954,-0.0009595109,-0.00043471908,-0.00034910796,-0.00043620783,-0.00042952414,-0.0009256101,-2.7484057e-05,-0.00034092081,-0.00030646677,-0.00018041757,-0.0002980605,-0.00024303624,-0.0006643919,-0.00065978046,-0.0008600606,-0.0003776816,-0.0005335722,-0.0004752314,0.0,-0.00075730856,-0.0004922452,-0.0008946818,-0.0006595721,-0.00012311264,-0.0007921541,-0.00044168424,-0.00056024035,-5.012379e-05,-0.0007592212,-0.0008220565,-0.0008086314,-0.00045381612,-0.00065917807,-0.00015870441,-0.00065840804,-0.0004525214,-1.8772562e-05,-0.0005713154,-0.00077920296,-0.0007087012,-2.3344415e-05,-0.0002375586,-0.00079516,-0.00029620944,-0.0006604564,-0.00089341344,-0.00048527593,0.9956254,-2.408554e-05,-0.0006562934,-0.00032658788,-0.00023019937,-3.221767e-05,-0.00023827406,-9.942428e-05,-0.00069437583,-0.0008963195,-0.0004888484,0.9951559,-0.0004945986,-0.00020043021,-0.00097277545,-0.00021498269,3.585433e-06,-0.0003692477,-0.00063528947,-0.00014834842,-0.0008329043,-0.00051862246,-0.0002323447,-0.0003970549,-8.495859e-05,-2.9652127e-05,-0.00046959764,7.8959357e-07,-0.0001386822,-7.2369345e-05,-7.82421e-05
0.0026295052,0.997777,0.0035137837,0.0035199039,0.0031609319,0.9980199,0.0023651037,0.0036000637,0.0021381355,0.9976685,0.0035419413,0.003524845,0.0034319328,0.003417553,0.0021570246,0.0034850312,0.002352961,0.0036093516,0.9976524,0.0022983446,0.002805887,0.0035570594,0.003108475,0.0026545292,0.0032989297,0.0035181975,0.003392289,0.0026613048,0.0034821709,0.0027876513,0.0031485646,0.0024994544,0.0032147223,0.003000779,0.0026582011,0.003061462,0.0030063123,0.0032537568,0.0022248386,0.0026602866,0.0026286151,0.0025118934,0.002668908,0.0025655827,0.0035906557,0.0035148745,0.0034847825,0.002820577,0.003192995,0.0030749708,0.002967375,0.0,0.0031158268,0.0035016383,0.0035331312,0.0024807057,0.003568927,0.0030333728,0.0031813048,0.0024644681,0.003469944,0.0036202925,0.0035909882,0.0030130513,0.00358501,0.002472848,0.0034858536,0.0030099254,0.0021530122,0.0035211223,0.0035510925,0.003563773,0.0023777022,0.002583754,0.0036451772,0.0026342336,0.0035597843,0.0034009772,0.0031251162,0.9978486,0.002284351,0.0035320006,0.0026754697,0.002544263,0.0023944366,0.0025541263,0.0025009972,0.0035990893,0.003621199,0.0030967027,0.99767846,0.003088906,0.002530873,0.0032166243,0.0025475847,0.0029099316,0.0027190694,0.0035099187,0.0024756573,0.0034983624,0.0031328085,0.002580682,0.0028169297,0.0024573982,0.0023274028,0.003020334,0.0021862497,0.0025035755,0.0024585116,0.0024626516
-7.466279e-06,0.995971,6.0850994e-06,-1.5626723e-06,9.003454e-07,0.9965803,4.2535535e-06,5.7874848e-05,-4.9917717e-06,0.9960475,-1.45974545e-05,-9.074214e-06,4.2097814e-05,3.2052896e-05,-1.2889468e-05,3.8776056e-05,-4.621897e-06,-1.2240725e-05,0.9960905,-1.2419892e-05,1.0954589e-06,-8.148244e-06,3.955657e-05,1.7125942e-05,2.4717883e-05,4.1442872e-05,-1.34915e-05,3.1677355e-05,3.4728135e-05,3.9758328e-05,1.1608617e-05,3.929336e-06,-1.4224561e-05,1.7392878e-05,1.0131265e-05,4.261013e-05,2.1192634e-05,-5.639124e-06,-9.857122e-06,1.903772e-05,9.35348e-06,1.5840661e-06,1.8243054e-05,-1.5341973e-05,4.59025e-05,4.8326685e-05,-1.1488304e-05,2.0454178e-05,3.943145e-05,2.1191887e-05,2.3162827e-05,-2.0801906e-07,0.0,2.7124547e-06,4.9670132e-05,5.703102e-06,5.343344e-06,3.799534e-05,2.7903501e-05,5.859361e-05,-1.1096667e-05,1.6881157e-06,-1.7951912e-06,2.8704786e-05,5.5142576e-05,-2.9228156e-06,2.2453554e-05,2.3997209e-05,6.303034e-06,4.167505e-05,2.9246253e-06,2.5216712e-05,2.2555369e-05,-2.2517875e-06,-7.485193e-06,1.4272636e-05,3.0772597e-05,-6.7637698e-06,1.9229828e-05,0.9964312,-9.426843e-06,4.343614e-05,3.643524e-05,6.9813227e-06,1.4140146e-05,-2.0717662e-06,3.6577163e-05,4.0119907e-05,-4.7928943e-06,3.6655074e-05,0.99601215,2.5796318e-05,-1.4201384e-05,-7.912566e-06,-4.4725284e-06,8.32583e-06,1.9051378e-05,4.692277e-05,2.578246e-06,2.787315e-06,2.879519e-05,7.4757118e-06,2.2926995e-05,2.7937127e-05,8.19077e-06,1.679457e-05,-1.5290489e-05,1.0877092e-05,3.5917437e-05,4.1694402e-05
0.004061096,1.0004581,0.0043686796,0.0043674577,0.0044093225,1.0000509,0.003827225,0.004372601,0.0036209386,1.000134,0.0043860474,0.004369377,0.0043478,0.0042808997,0.0036376943,0.0043028216,0.0038020932,0.004379733,1.0000404,0.0037589113,0.004187127,0.004380697,0.0042322013,0.004081239,0.004262291,0.0043562045,0.004380708,0.0040723025,0.004308844,0.004143811,0.004255135,0.003945888,0.004407789,0.0041679195,0.0041029025,0.004181908,0.004172253,0.004402583,0.0037171447,0.004087591,0.0040835915,0.0039657797,0.004076177,0.004016059,0.004367616,0.0043579205,0.004386701,0.004137574,0.00425822,0.0041958606,0.004159884,0.0043911,0.004218531,0.0,0.0043595075,0.0039351014,0.004371033,0.004170835,0.0042808997,0.0039168256,0.004373846,0.0043909317,0.0043786177,0.004187085,0.004372308,0.003937699,0.0043555116,0.004174634,0.0036465111,0.004299682,0.004372224,0.0043719825,0.003829495,0.004010144,0.004383701,0.004068167,0.0043482976,0.0044046417,0.0041933823,0.99988085,0.0037525408,0.004352946,0.004111685,0.0040002395,0.0038430505,0.004011761,0.00393121,0.004382213,0.0044032824,0.004220921,1.0001936,0.004210201,0.0039750366,0.0044173477,0.0040017017,0.0043177987,0.0041243555,0.004347447,0.003922966,0.004378294,0.0042321896,0.00400684,0.004150477,0.0039041592,0.0037949493,0.004184189,0.0036758184,0.0039560474,0.003905224,0.0039071045
0.0022392652,0.9973922,0.0025855072,0.0025635152,0.0026680927,0.99714947,0.0014660466,0.0026178467,0.0012357635,0.9973898,0.002592985,0.0025770029,0.0025678743,0.0024922278,0.0012610205,0.0025138196,0.0014629044,0.0025931173,0.9973909,0.0014065056,0.0023522873,0.0025884102,0.0024440398,0.0022489948,0.0024617552,0.002585807,0.0026025448,0.0022706015,0.0025188506,0.0023411843,0.0024487432,0.0018073545,0.0026735645,0.0023512912,0.0022631064,0.0023781336,0.0023595379,0.0026600503,0.0012901498,0.0022669327,0.0022167645,0.0017163594,0.0022610694,0.0021863857,0.0025897468,0.0025825687,0.0026184898,0.0023174153,0.0024687317,0.0024026358,0.0023406437,0.0026114213,0.0024185844,0.0026361318,0.0,0.0017169312,0.0025725125,0.0023695296,0.0024819737,0.0015775736,0.0025857883,0.0026110306,0.0025872462,0.0023776907,0.0026045905,0.0017949909,0.002561287,0.0023623959,0.0012444273,0.002518636,0.0025728473,0.002602213,0.0014967631,0.002213318,0.0026048226,0.0022479382,0.0025713732,0.0026624703,0.0023869574,0.99707216,0.0013893397,0.0025808068,0.0022886498,0.0021551172,0.0015049042,0.0021541326,0.0017531122,0.0026164718,0.0026373805,0.0024375415,0.9973664,0.0024102395,0.0021695888,0.0027014585,0.002165653,0.0019872028,0.0023001332,0.0025726408,0.0017696614,0.002581398,0.0024318108,0.002207685,0.0023326804,0.0015730407,0.001448145,0.0023703561,0.0012697468,0.0017590615,0.0016045218,0.0016962946
-0.0031803425,0.9942707,-0.004137572,-0.0041556745,-0.0043442543,0.9937537,-0.0019715554,-0.004039825,-0.0011923799,0.99422306,-0.004226715,-0.0041466374,-0.0039666416,-0.003807051,-0.0012265109,-0.0038326208,-0.0019257166,-0.0041370788,0.99420524,-0.0017270433,-0.0035814194,-0.0042133406,-0.0036930232,-0.0032073807,-0.0037437966,-0.0040108343,-0.0042483476,-0.0031986597,-0.0038535371,-0.0034417596,-0.003726578,-0.0027751636,-0.0043429453,-0.0035400542,-0.0033282675,-0.0035883966,-0.0035409515,-0.0043417364,-0.0006696718,-0.0032947925,-0.0032581608,-0.0028667618,-0.0032037816,-0.0030914128,-0.004030445,-0.004020679,-0.004269347,-0.003366887,-0.0037441405,-0.0036299056,-0.0035137997,-0.0041310578,-0.003658744,-0.0043084268,-0.004020422,0.0,-0.0041573774,-0.0035544394,-0.0037961311,-0.0022995104,-0.004128846,-0.004219272,-0.004184402,-0.003566592,-0.0040301112,-0.002792715,-0.0039911387,-0.0035669804,-0.0009911283,-0.0038245032,-0.0041436073,-0.0040578214,-0.0019826188,-0.0030560652,-0.0041835187,-0.003209675,-0.003996777,-0.0043111397,-0.0036413071,0.993883,-0.0016378672,-0.004015672,-0.0032910097,-0.0029705213,-0.0020140351,-0.0030038664,-0.0025424135,-0.0040774792,-0.0042915554,-0.0036799877,0.9942368,-0.0036556073,-0.0029074263,-0.0043642106,-0.0029628137,-0.000661294,-0.0033614044,-0.003991015,-0.0027694975,-0.0042239316,-0.003707365,-0.0030768632,-0.0034650373,-0.0024921289,-0.0018415633,-0.003586754,-0.00068072486,-0.002757426,-0.0024237405,-0.0024671433
0.0029097267,0.9982117,0.0035812417,0.0032496906,0.0033551161,0.99842066,0.002663117,0.003296016,0.0024415236,0.99809766,0.0032904714,0.0032753684,0.0032250634,0.0031552045,0.002459091,0.0034995663,0.0026475163,0.0033051881,0.99807626,0.0025977255,0.0030571634,0.003284541,0.0031273905,0.0029249447,0.003128497,0.0032462527,0.003291742,0.002925151,0.0035092586,0.00301012,0.0031342602,0.0027904178,0.0033585583,0.0030442225,0.002948674,0.0030330536,0.003039968,0.0033422275,0.0025355811,0.002940032,0.0029214232,0.0028095306,0.0029296416,0.002855631,0.0035693403,0.00357484,0.0032848176,0.0030077184,0.0031333293,0.003076408,0.0030135387,0.0035678644,0.0030735957,0.0033052904,0.0032539521,0.0027786312,0.0,0.0030315032,0.0031536934,0.0027582578,0.0032636372,0.0033082932,0.0032730012,0.003066683,0.003497891,0.0027730484,0.0035577875,0.0030358627,0.0024565961,0.0032629184,0.00358373,0.0035791905,0.0026712127,0.0028571067,0.0033162232,0.0029144424,0.0032187912,0.0033351716,0.003051594,0.9982507,0.0025836886,0.0032227533,0.002955721,0.0028389578,0.0026918685,0.002848711,0.0027873295,0.0032694014,0.003329073,0.003130796,0.9981043,0.003074329,0.0028161888,0.0033853876,0.002837397,0.003198161,0.0029769952,0.003238885,0.0027669095,0.0032641604,0.0030877397,0.0028568683,0.003018724,0.0027498063,0.0026287683,0.0030446379,0.002492865,0.0027950602,0.0027517446,0.0027570531
-0.00012345247,0.99529886,-0.00039657473,-0.00041853276,-0.00053618976,0.9959832,-1.5444282e-05,-0.00035100259,-2.0496318e-05,0.9954024,-0.00044869946,-0.00039623684,-0.00033971018,-0.00030470296,-1.1268889e-05,-0.00030847383,-4.897096e-06,-0.00039820303,0.9954535,-2.0745925e-05,-0.00022881379,-0.000434675,-0.00026274953,-0.0001343996,-0.00028047067,-0.00034708317,-0.0004543173,-0.00013102793,-0.0003109341,-0.0001817818,-0.00028573687,-3.9754203e-05,-0.0005274188,-0.00022273255,-0.00016750437,-0.00022744884,-0.0002088522,-0.0005196811,5.197862e-06,-0.00016614729,-0.00014268277,-5.6906927e-05,-0.00012989204,-0.00011944072,-0.00034754505,-0.00034065664,-0.00046250282,-0.0001841719,-0.00027815666,-0.00023978791,-0.00020087157,-0.0003930314,-0.0002485499,-0.00049357716,-0.0003484173,-3.35273e-05,-0.00041031913,0.0,-0.00030150078,-2.4850373e-05,-0.0004004045,-0.00043831594,-0.0004149398,-0.00023094926,-0.00035279052,-5.1620813e-05,-0.00034135976,-0.0002302795,-9.21828e-06,-0.0003017017,-0.0004120662,-0.0003699895,-9.871553e-06,-9.427086e-05,-0.0004166537,-0.00013904377,-0.00035841315,-0.0004876321,-0.00024359633,0.99583334,-1.1018021e-05,-0.00033643746,-0.00014193778,-0.00010104231,-2.5000469e-05,-0.00010221503,-1.3721705e-05,-0.00035970059,-0.00050280936,-0.00026307616,0.99537617,-0.00025488556,-8.3673185e-05,-0.0005460856,-8.653824e-05,-1.6450116e-05,-0.00018136932,-0.0003352108,-3.804141e-05,-0.00044003004,-0.0002690196,-0.00010339583,-0.00020267822,-3.2691412e-05,-1.6865784e-05,-0.00022688406,-1.9266492e-05,-4.8118316e-05,-5.8594132e-06,-3.0974683e-05
0.0008529616,0.99646556,0.0009646022,0.00095018337,0.0009905874,0.9970134,0.00068721035,0.0010503883,5.8643513e-05,0.99651104,0.000955837,0.0009547446,0.0010252356,0.0009934908,0.00015004774,0.0010034188,0.0004300395,0.0009738929,0.99654984,0.0003127254,0.00093512563,0.0009628003,0.0009698998,0.0008746268,0.0009736938,0.0010308812,0.0009656813,0.00087913877,0.0010029266,0.0009180554,0.00097549125,0.00080827886,0.0009916289,0.00091969006,0.000882506,0.00093513884,0.0009217387,0.0009849478,4.29542e-05,0.0008800914,0.0008705711,0.00083032035,0.00086852413,0.0008291583,0.0010422406,0.0010442118,0.0009651627,0.00089960254,0.0009869623,0.0009446758,0.0009202271,0.0010106526,0.0009524465,0.00097269367,0.0010391788,0.00083313615,0.00095541665,0.0009348936,0.0,0.00085998286,0.0009973446,0.00096708856,0.0009512836,0.0009314861,0.0010490384,0.0007943056,0.0010217488,0.00093023735,5.4011278e-05,0.0010075074,0.0009706311,0.0010310295,0.00047819153,0.0008389804,0.0009678058,0.0008762579,0.0010272758,0.0009881748,0.00095219543,0.9968677,0.00025535977,0.0010334237,0.00090022146,0.0008231297,0.0004986087,0.0008216668,0.00085774023,0.0010494619,0.0009801363,0.00096596003,0.9964832,0.0009425674,0.0008202983,0.001004715,0.00083531515,0.00060947315,0.00090132834,0.0010304392,0.0008057684,0.00094899826,0.0009647829,0.0008371138,0.0009207671,0.0008399621,0.00064639497,0.00093584287,3.7161513e-05,0.0008254344,0.00084089953,0.00084920676
-0.0039026071,0.9943553,-0.004661429,-0.004689818,-0.0049355603,0.99388427,-0.0032153658,-0.004568354,-0.0027167937,0.99431103,-0.0047455993,-0.004678708,-0.00450882,-0.004391262,-0.0026861385,-0.004421705,-0.0032406133,-0.0046655345,0.9942949,-0.0030927781,-0.00417157,-0.004762358,-0.004255068,-0.0039122584,-0.004324915,-0.0045166966,-0.004800085,-0.0039050756,-0.0044549913,-0.0040507843,-0.0043292544,-0.003693279,-0.004931121,-0.0041465387,-0.0040166904,-0.004153972,-0.0041362867,-0.0049049435,-0.0022287457,-0.0039808685,-0.0039508906,-0.003729393,-0.003918192,-0.0038659314,-0.0045533553,-0.004529329,-0.0048256866,-0.0040538916,-0.00430962,-0.004222751,-0.004117047,-0.0046668877,-0.0042437157,-0.0048641297,-0.004555587,-0.003582813,-0.004674573,-0.004143857,-0.0043764315,0.0,-0.004665069,-0.0047715707,-0.0047120783,-0.004161707,-0.0045355004,-0.0036708335,-0.0045290883,-0.0041603283,-0.002582713,-0.004394813,-0.0046700677,-0.00460843,-0.003213316,-0.0038124165,-0.004708869,-0.0039095674,-0.0045430637,-0.00486048,-0.004218074,0.99399817,-0.002982904,-0.0045286776,-0.0039786506,-0.0038053934,-0.0032770121,-0.0038412896,-0.003516558,-0.0046003116,-0.004858522,-0.0042449646,0.9943266,-0.0042188833,-0.0037453913,-0.004953949,-0.0037825105,-0.0020582285,-0.004044124,-0.0045019966,-0.0036742077,-0.004777035,-0.004270759,-0.0038256517,-0.0040838546,-0.0034858403,-0.003079478,-0.0041867965,-0.0022527028,-0.0036274127,-0.0034326483,-0.0034628878
0.0027140325,0.99784654,0.0034697356,0.0034125464,0.0031938886,0.99808055,0.0024561007,0.0033767978,0.0022275946,0.99775356,0.0033983097,0.0033639485,0.0033517687,0.0033143412,0.00224706,0.0035333158,0.0024455378,0.0036067867,0.9977207,0.002390884,0.0028814727,0.00342786,0.0031709594,0.0027307419,0.003242206,0.0033658498,0.0031972395,0.0027350804,0.0035078689,0.0028455623,0.0031568033,0.0025917361,0.0032091076,0.0029747589,0.002746662,0.003138795,0.002993742,0.0031844687,0.0023225755,0.0027386614,0.0027137403,0.0026081437,0.0027450372,0.0026548095,0.0036439786,0.0035320707,0.003444973,0.0028666204,0.00309865,0.003019718,0.002875783,0.003746949,0.0029757186,0.0034256268,0.0033614459,0.002577987,0.003386543,0.0029500264,0.003114033,0.002548186,0.0,0.0034046357,0.0036295475,0.0030285143,0.0036660992,0.0025683194,0.003449266,0.002886402,0.0022435265,0.0036475367,0.0035358553,0.0035452028,0.0024679427,0.0026652415,0.003361603,0.0027129082,0.0035879263,0.003312055,0.0031687457,0.9979329,0.0023725745,0.0034918594,0.002753135,0.0026370408,0.0024858674,0.0026465696,0.0025887734,0.0035749152,0.0034312876,0.0031296278,0.99775124,0.0031493534,0.0026130234,0.0032475742,0.0026331092,0.0030019223,0.0027879786,0.0033450348,0.0025633308,0.0034146344,0.002930845,0.0026612666,0.0028612097,0.002540127,0.002407798,0.0028887535,0.0022823378,0.0025856576,0.0025435851,0.002554569
0.003469476,0.99917036,0.0038282126,0.0038271723,0.0038857772,0.9991275,0.00322162,0.003832172,0.0030102537,0.9989743,0.003850771,0.0038290839,0.003796233,0.003727793,0.003026076,0.003747717,0.0032029029,0.0038385673,0.99890727,0.0031575614,0.0036109579,0.0038427382,0.003671199,0.0034891746,0.0037008454,0.003808547,0.003849472,0.0034873867,0.003750487,0.0035665403,0.003690929,0.0033545932,0.0038887667,0.0035949259,0.003519173,0.0036091763,0.0035982863,0.0038802607,0.0031035007,0.003506184,0.0034950431,0.003373503,0.003489939,0.0034244584,0.0038211627,0.0038066714,0.0038543472,0.0035588874,0.0036980938,0.0036320677,0.0035803257,0.0038516845,0.0036496487,0.0038658252,0.003816519,0.0033399367,0.0038304685,0.0036003725,0.003721023,0.0033226768,0.0038299123,0.0,0.0038400672,0.003613901,0.0038287847,0.0033414683,0.0038004178,0.0036020032,0.0030276638,0.003747259,0.0038275525,0.0038270168,0.003227605,0.0034185392,0.003848204,0.0034807601,0.0038002855,0.0038790137,0.0036219985,0.9989395,0.003149086,0.0038051535,0.0035266548,0.0034091575,0.003246421,0.0034162248,0.0033412033,0.0038404795,0.0038739166,0.0036632237,0.9989922,0.0036422308,0.003381686,0.0039039182,0.0034057728,0.0037453913,0.0035428614,0.003797541,0.0033266114,0.003838095,0.0036650684,0.0034204135,0.0035704894,0.0033116534,0.0031927864,0.003611187,0.0030675025,0.0033610226,0.0033148888,0.0033159158
0.0031836678,0.99865806,0.0035464705,0.0035462156,0.0036200075,0.9987649,0.002934512,0.0035576131,0.0027208105,0.9984954,0.0035740838,0.003548961,0.0035119709,0.0034436162,0.0027378167,0.0034640566,0.0029227384,0.0035652157,0.9984772,0.0028716982,0.00332264,0.003568185,0.0033901434,0.003205239,0.0034188076,0.003527831,0.0035703646,0.0032022037,0.0034753592,0.0032827666,0.0034169343,0.003066708,0.0036244292,0.0033122215,0.0032295722,0.0033236614,0.003312448,0.0036129463,0.0028130864,0.00321877,0.0032044456,0.0030824111,0.003203392,0.0031343824,0.0035475157,0.0035242345,0.003575316,0.003275419,0.0034155017,0.0033500625,0.0032955194,0.003584738,0.003364601,0.0035905864,0.0035391545,0.0030570203,0.0035548306,0.0033158376,0.003438145,0.003035945,0.0035455138,0.00358157,0.0,0.0033348866,0.0035522108,0.0030502276,0.0035162447,0.0033164686,0.0027437683,0.0034760307,0.0035417438,0.003547317,0.002949615,0.003137324,0.0035702328,0.0031947708,0.0035230154,0.0036084815,0.0033398785,0.9985768,0.0028628644,0.0035218936,0.0032401644,0.0031212873,0.0029616866,0.0031283628,0.0030622007,0.0035649508,0.0036026572,0.0033856032,0.9985161,0.0033614698,0.0030983374,0.003638917,0.0031181031,0.0034689687,0.003256686,0.0035213258,0.0030451973,0.0035592422,0.0033803915,0.0031349976,0.0032883242,0.0030297504,0.0029101023,0.003324093,0.0027734037,0.0030784444,0.0030321227,0.0030338678
-5.748209e-05,0.99542975,-0.0002524042,-0.00027026434,-0.00035056207,0.9960852,-1.4800935e-05,-0.00022717133,-1.9184079e-05,0.9955238,-0.00028961638,-0.00025907718,-0.00021688791,-0.00019648872,-3.940502e-06,-0.00019667229,-6.413752e-06,-0.00025655393,0.9955727,-2.0078096e-05,-0.00013533633,-0.00027750258,-0.00014713871,-5.9379894e-05,-0.000176584,-0.00022619894,-0.00029516855,-6.1221e-05,-0.00020721534,-0.00010101069,-0.00017559732,-3.582281e-05,-0.00034235365,-0.00012111422,-8.815163e-05,-0.00012312659,-0.000115440605,-0.0003381762,-1.5328822e-05,-8.8830384e-05,-7.956065e-05,-3.844115e-05,-5.7098565e-05,-4.3198284e-05,-0.0002221061,-0.00022332268,-0.00029405073,-9.91911e-05,-0.00016664267,-0.00015493648,-0.00010863646,-0.00026734266,-0.00015641394,-0.00032120565,-0.00022179258,-2.9822584e-05,-0.0002652295,-0.00012663465,-0.00019208022,-1.83849e-05,-0.0002649127,-0.000285447,-0.00027015418,0.0,-0.00021549962,-1.626979e-05,-0.00022495151,-0.00011982542,4.09091e-06,-0.00019146834,-0.00025994313,-0.0002494138,-1.2374832e-05,-3.0996744e-05,-0.00027148548,-6.117896e-05,-0.0002266104,-0.00031641792,-0.00015040445,0.99594414,-5.9129065e-06,-0.00022848765,-7.270418e-05,-4.7519996e-05,-1.2436765e-05,-4.9091657e-05,-7.655e-06,-0.00023961681,-0.000328367,-0.0001542852,0.9954926,-0.0001416424,-2.6602707e-05,-0.000348793,-3.158304e-05,-2.3379529e-05,-9.2385504e-05,-0.00021386056,-3.1607055e-05,-0.00029607842,-0.00015632442,-5.3614578e-05,-0.00011293586,-1.0289073e-05,-2.4781957e-06,-0.00014114918,-1.7579147e-05,-1.6451606e-05,-1.3354909e-05,-1.9403624e-05
0.0022244728,0.9974138,0.002557019,0.0025404382,0.002648494,0.997169,0.0014590789,0.0025898577,0.0012281071,0.9974087,0.0025716603,0.00254971,0.0025470098,0.0024747888,0.0012622089,0.0024977683,0.0014553829,0.002564389,0.99740916,0.0013992606,0.0023470742,0.002567752,0.0024258648,0.002234407,0.002447729,0.002556248,0.002581701,0.002249002,0.0025055066,0.002315775,0.0024409865,0.0017963755,0.002650282,0.0023379643,0.0022471307,0.002361225,0.00233889,0.0026378524,0.0012959028,0.0022559501,0.0022169012,0.0017245751,0.0022471412,0.0021679138,0.0025762974,0.0025650496,0.0025935618,0.002302697,0.0024500724,0.0023851665,0.0023249774,0.0025868102,0.0024002262,0.0026121654,0.0025732962,0.0017058672,0.0025531512,0.0023498521,0.0024654516,0.0015686725,0.0025671506,0.002586138,0.0025662095,0.0023652108,0.0,0.0017896713,0.0025447211,0.0023481792,0.0012423283,0.0024948323,0.00255432,0.002580231,0.0014915811,0.002191575,0.0025738277,0.0022316095,0.0025543615,0.0026319087,0.0023781247,0.9970998,0.0013831763,0.0025583738,0.0022685954,0.0021346656,0.0015009767,0.0021373546,0.0017524889,0.0025950116,0.0026167752,0.0024174503,0.99738616,0.0023921179,0.0021534257,0.0026747026,0.0021490552,0.0019855914,0.0022848125,0.0025517584,0.0017729058,0.002560703,0.002412801,0.00218587,0.002316806,0.0015654464,0.0014323983,0.002358479,0.0012651903,0.0017865651,0.0015987591,0.0017177048
-0.0027959996,0.99419135,-0.0038755694,-0.003891167,-0.0041170055,0.99362004,-0.0015435949,-0.003648648,-0.00070034794,0.99413925,-0.0039655343,-0.0038810722,-0.0036015264,-0.0034803583,-0.0007941871,-0.003508069,-0.0014905455,-0.0038731243,0.99412215,-0.0012781909,-0.0031691089,-0.0039505577,-0.003362228,-0.0028340705,-0.003439723,-0.0036148934,-0.003989225,-0.002831706,-0.0035320749,-0.0031125888,-0.0034296934,-0.0023714788,-0.004116733,-0.0032241151,-0.0029550765,-0.0032458666,-0.003208013,-0.0040880186,-5.795226e-05,-0.0029236937,-0.0028833773,-0.0024525782,-0.0028192643,-0.002726946,-0.0036411828,-0.0036307904,-0.0040111635,-0.0030183725,-0.0034217148,-0.0033165878,-0.003196747,-0.0038617544,-0.0033486062,-0.004031142,-0.0036284195,-0.0022429132,-0.0038928895,-0.0032118936,-0.003478554,-0.0018749235,-0.0038579593,-0.003958999,-0.003920649,-0.0032545219,-0.0036348673,0.0,-0.0036170625,-0.0032551626,-0.0005323954,-0.0034973712,-0.0038794903,-0.0036831105,-0.001536182,-0.002682436,-0.003914096,-0.002829744,-0.0036350195,-0.004039786,-0.0033244346,0.99376625,-0.0012100716,-0.0036207982,-0.0029157666,-0.0026637656,-0.0015931418,-0.0027006126,-0.0021659615,-0.003689537,-0.00403996,-0.003340991,0.99415195,-0.003320681,-0.0026020024,-0.004134177,-0.0026495077,-0.000111855996,-0.0030076744,-0.0035936816,-0.002354366,-0.003963082,-0.0033756632,-0.0026792528,-0.003149492,-0.002119516,-0.0013817075,-0.0032719586,-0.00014124704,-0.0023368008,-0.0020503805,-0.00209777
0.002033906,0.99725735,0.0023519536,0.0023485383,0.0024501763,0.997029,0.0012943026,0.0023907246,0.0010516823,0.99725306,0.0023752276,0.00235038,0.0023522107,0.0022853324,0.0010840432,0.0023015826,0.0012907845,0.0023668727,0.997276,0.0012306208,0.002172084,0.002369554,0.0022347458,0.0020519674,0.0022558114,0.0023643263,0.0023837138,0.0020569938,0.002314489,0.0021241093,0.0022598568,0.001975936,0.0024535037,0.0021535615,0.0020730838,0.0021617,0.0021529838,0.0024381217,0.0011025876,0.0020630173,0.0020350579,0.0016070053,0.0020509819,0.0019933167,0.0023795362,0.0023714225,0.0023912124,0.0021123458,0.0022565874,0.0021906162,0.0021332426,0.0023929502,0.0022110532,0.0024150296,0.0023740057,0.0016003553,0.002353905,0.0021601738,0.0022827687,0.0014110052,0.0023742446,0.00238403,0.002359616,0.002168174,0.0023886324,0.0019378769,0.0,0.0021586784,0.0010693559,0.0023069025,0.0023593227,0.0023873933,0.0013270555,0.0020104505,0.0023735238,0.002045278,0.0023620757,0.002429898,0.0021918572,0.9971595,0.0012135775,0.0023645472,0.0020860995,0.001969264,0.0013400731,0.0019765566,0.0016041326,0.0023969489,0.00242295,0.002223625,0.9972354,0.002195093,0.0019729957,0.0024776494,0.0019792663,0.0017828961,0.0021017017,0.0023580375,0.001971532,0.0023648625,0.0022289676,0.0019931316,0.0021339084,0.001418428,0.0012604287,0.0021712857,0.0010778181,0.001626888,0.0015053427,0.0016175308
-5.9339774e-05,0.9954223,-0.00027283182,-0.00028661505,-0.00037091147,0.99608463,-7.726171e-06,-0.00024357469,-5.331646e-06,0.9955201,-0.00030831038,-0.000293483,-0.00023241855,-0.00020606881,-1.0705342e-05,-0.00020915289,-1.6189866e-05,-0.00028881422,0.9955757,-6.70456e-06,-0.00013839443,-0.00030831137,-0.00015991002,-6.782204e-05,-0.0001876038,-0.00023716316,-0.00031350108,-7.404541e-05,-0.00022668227,-0.000108903325,-0.00018680672,-1.8281438e-05,-0.00036385842,-0.00013256358,-9.306929e-05,-0.00014151442,-0.00012507224,-0.00036322267,-3.4349011e-06,-7.425506e-05,-6.6429086e-05,-2.7450402e-05,-6.5198714e-05,-4.730225e-05,-0.00024377674,-0.00023638428,-0.00031907385,-0.00010598482,-0.00018806708,-0.00016156219,-0.00013564926,-0.00027878303,-0.00016652157,-0.00034204833,-0.00023783682,-1.1337257e-05,-0.00027845227,-0.00013493677,-0.0001970707,-2.3219876e-05,-0.00027953164,-0.00030178338,-0.00029774357,-0.00014939871,-0.00023706353,-1.7084254e-05,-0.00023947202,0.0,-1.3747754e-06,-0.00019855957,-0.0002772745,-0.00026655686,-1.16677875e-05,-4.3649317e-05,-0.0002915036,-6.571996e-05,-0.0002406791,-0.00034057288,-0.00016005426,0.99593675,-2.35053e-05,-0.00024270549,-7.71933e-05,-2.9603125e-05,-2.5059733e-05,-4.81655e-05,-1.7731116e-05,-0.00025489464,-0.000342412,-0.00016296696,0.99549377,-0.00016005064,-3.6018344e-05,-0.00037509692,-3.4721572e-05,-8.700316e-07,-9.781396e-05,-0.00022660021,-3.3163e-05,-0.00031430912,-0.00018378554,-4.0853713e-05,-0.00011351418,-5.1918655e-06,-5.843794e-06,-0.00014699624,-6.9408516e-06,-2.4278608e-05,-1.0549792e-05,-1.7442335e-05
-0.005341433,0.9945258,-0.006572117,-0.0065836166,-0.0064648096,0.99403626,-0.0041996473,-0.006656439,-0.00346484,0.9944714,-0.0065462217,-0.0065835547,-0.0067175976,-0.006688438,-0.003392353,-0.006704086,-0.0042085377,-0.0065901815,0.99445385,-0.00394463,-0.006732522,-0.006552093,-0.006702391,-0.0054056114,-0.006719536,-0.0066853147,-0.0065459227,-0.005410903,-0.006688066,-0.0058145686,-0.006704725,-0.0048787734,-0.0064604753,-0.0066892267,-0.005607907,-0.0067167496,-0.0065693036,-0.00647685,-0.0026157096,-0.0054605952,-0.005562378,-0.0050016847,-0.0053949617,-0.0052030026,-0.006670407,-0.0066785137,-0.0065113716,-0.005740339,-0.00671802,-0.0067180065,-0.0062489426,-0.0066014053,-0.006702057,-0.0065000644,-0.0066725044,-0.00475581,-0.0065782713,-0.006550351,-0.0067059738,-0.0044826744,-0.006609992,-0.006533508,-0.006556022,-0.0066624037,-0.006668699,-0.004936392,-0.00669284,-0.0062415237,0.0,-0.0067222756,-0.0065790922,-0.006660318,-0.0042200726,-0.005236362,-0.006602638,-0.0053103347,-0.006722007,-0.006489596,-0.0066838562,0.994148,-0.0038823707,-0.0066738212,-0.0055163023,-0.0051763942,-0.0042305533,-0.005185382,-0.004687141,-0.006645597,-0.0064980374,-0.006739748,0.9944955,-0.00672004,-0.0051099225,-0.0064558364,-0.0051177093,-0.001931527,-0.0057225926,-0.0067010936,-0.0048994776,-0.0065427977,-0.00669581,-0.00523765,-0.0057211104,-0.0045796908,-0.0040973984,-0.006707192,-0.0025268607,-0.0048830397,-0.004553794,-0.0045833117
0.0010327266,0.99658346,0.0011824627,0.0011596145,0.001206482,0.997133,0.00064684165,0.0012621515,0.00021631163,0.99662375,0.0011692441,0.0011692899,0.0012314745,0.0011904519,0.00028031055,0.0012015398,0.0005425582,0.0011886072,0.9966489,0.00042810233,0.0011148674,0.0011711557,0.001169383,0.0010585907,0.0011704938,0.001235924,0.0011812343,0.0010701698,0.0012018402,0.0011095948,0.00116386,0.0009863317,0.0012107686,0.0011081684,0.0010677902,0.0011319807,0.0011116025,0.001206147,0.00021710608,0.0010647663,0.0010546532,0.0009977932,0.0010562309,0.0010116308,0.0012469488,0.0012450954,0.0011852433,0.0010862357,0.0011817801,0.0011355152,0.0011071772,0.0012186394,0.0011510511,0.0011940999,0.0012506575,0.001008626,0.0011662473,0.001127306,0.0011878192,0.001020212,0.0012035497,0.0011855561,0.0011688189,0.0011225449,0.0012549142,0.0009715257,0.0012232699,0.0011190949,0.00020584099,0.0,0.0011793765,0.0012420387,0.0006325652,0.001023379,0.0011857073,0.0010533745,0.0012301172,0.001214498,0.0011373666,0.9969709,0.00039117446,0.0012373797,0.0010890662,0.001005205,0.0006558164,0.0009999262,0.0010374017,0.0012548614,0.0011948909,0.0011616206,0.9965915,0.0011413418,0.0009997783,0.0012275209,0.0010115997,0.00081205444,0.0010872862,0.0012357527,0.0009825779,0.001161102,0.0011606858,0.0010249326,0.0011037097,0.0010017643,0.00064033363,0.0011243903,0.00020731153,0.0010113622,0.0010075916,0.0010198606
0.0028290374,0.99805754,0.003508898,0.0034904184,0.0032853424,0.9982809,0.0025807894,0.003420355,0.0023581826,0.99796134,0.0032185325,0.003233719,0.0031380386,0.0033911741,0.0023754728,0.0034836729,0.0025627883,0.0034687289,0.99792355,0.0025115837,0.0029860288,0.0031871947,0.0031089971,0.0028473914,0.0030485801,0.0032859503,0.0032119134,0.0028459874,0.0034600429,0.0029344147,0.00306918,0.0027086115,0.0032886672,0.002987078,0.002869351,0.0029451284,0.002983961,0.003268349,0.0024467146,0.0028569936,0.0028435916,0.002726181,0.002852479,0.0027761753,0.0035286897,0.0035331515,0.0035395476,0.0029464567,0.0030674057,0.0030193222,0.00294694,0.0035952935,0.0029945073,0.0032295084,0.0032103206,0.0026951486,0.003277502,0.0029705055,0.0030812752,0.0026833643,0.0031837767,0.0033033248,0.0035159686,0.0030096697,0.0035359645,0.0026888507,0.0034811555,0.0029610477,0.0023739096,0.0033843692,0.0,0.0035185479,0.0025912097,0.0027839239,0.0033305814,0.002832428,0.0034902417,0.003265289,0.0029705006,0.99811816,0.0025010519,0.0034817522,0.0028706854,0.0027592373,0.0026054112,0.0027641463,0.002709275,0.0035156452,0.0032819018,0.0031104258,0.99796116,0.0030041498,0.0027406304,0.0033220232,0.0027551337,0.0031156023,0.0028981033,0.0033612913,0.002684263,0.0035084232,0.0030076446,0.0027756232,0.0029481708,0.0026661134,0.002541189,0.0029685118,0.0024070612,0.0027110428,0.0026686948,0.0026752301
0.002315199,0.99779665,0.0030397784,0.003031559,0.003137711,0.99747175,0.0018431908,0.003069373,0.001615408,0.9977678,0.0030639325,0.0030400401,0.0030131533,0.0029373742,0.0016383905,0.0029621196,0.0018323915,0.0030572314,0.99775994,0.0017784928,0.0028092235,0.0030557485,0.0028899077,0.0026658832,0.0029084051,0.0030323027,0.0030692946,0.002364204,0.0029670324,0.0027860207,0.0028970747,0.0020651226,0.0031438111,0.0027955524,0.0024792436,0.0028102768,0.00279935,0.0031269942,0.0016929144,0.0023741967,0.0023667505,0.0020117038,0.0027214172,0.00227511,0.003044804,0.0030335956,0.0030764693,0.0027661333,0.0029072643,0.0028381657,0.0027715454,0.0030732127,0.002853623,0.0031040432,0.0030422087,0.0019926673,0.0030393747,0.0028017291,0.0029290738,0.001956312,0.0030394655,0.003081071,0.00305307,0.0028204056,0.0030573674,0.0019987363,0.0030160216,0.0027984772,0.0016268684,0.0029666412,0.0030367952,0.0,0.0018685171,0.0022623055,0.0030694637,0.0023398565,0.0030250223,0.003127041,0.0028161844,0.99730855,0.0017708511,0.0030293337,0.0026171952,0.0021629527,0.0018788493,0.0022115419,0.0020291114,0.0030681842,0.0031102174,0.0028813935,0.99774903,0.002846872,0.0021778827,0.0031777073,0.002223717,0.002394284,0.0027207423,0.0030231052,0.002001571,0.0030474784,0.00286386,0.002279536,0.0027774412,0.0019389244,0.0018235178,0.0028067275,0.0016582318,0.0020124277,0.0019518196,0.0019652287
-0.004432902,0.99444157,-0.005230263,-0.0052613444,-0.005529576,0.9939766,-0.0037175764,-0.0051052314,-0.003186112,0.9943958,-0.005332787,-0.005244968,-0.0050646826,-0.0049409126,-0.0031907365,-0.0049635726,-0.003702137,-0.0052321386,0.9943805,-0.0035593144,-0.004741527,-0.0053126547,-0.0048260074,-0.0044555464,-0.004896452,-0.0050735134,-0.0053590885,-0.0044460576,-0.0049853395,-0.0046142936,-0.0048906365,-0.0041795457,-0.005522946,-0.004702663,-0.0045643034,-0.004716974,-0.0046812934,-0.005496207,-0.0026206642,-0.0045267185,-0.0045022545,-0.0042488445,-0.0044531864,-0.0043767737,-0.005099126,-0.005093375,-0.0053828913,-0.0045952005,-0.004884623,-0.0047924398,-0.004667801,-0.0052288086,-0.004807188,-0.0054308386,-0.0050859936,-0.0040923273,-0.005250157,-0.0046962695,-0.0049317237,-0.0038990418,-0.0052292803,-0.0053237923,-0.0052781748,-0.004719436,-0.005104057,-0.004193362,-0.0050867256,-0.0047259084,-0.0030669402,-0.004955863,-0.005244011,-0.0051499405,0.0,-0.0043465453,-0.005281815,-0.0044564907,-0.0050917896,-0.0054282085,-0.0047763465,0.99408793,-0.003501279,-0.0050780387,-0.004520627,-0.0043293233,-0.003756745,-0.00435799,-0.0040271985,-0.0051478846,-0.005433113,-0.0048027933,0.99441123,-0.0047795023,-0.0042757397,-0.005560863,-0.0043143597,-0.002448512,-0.0045919935,-0.0050542876,-0.004170297,-0.005318328,-0.004838695,-0.0043459046,-0.0046332018,-0.0040092953,-0.0036060107,-0.0047390833,-0.0027071422,-0.004149373,-0.0039526564,-0.003975642
-0.0020113033,0.99395233,-0.0030589935,-0.003082805,-0.0033403428,0.9940031,-0.00095688686,-0.0029043693,-0.00029248642,0.99387854,-0.0031568178,-0.0030735887,-0.0028620553,-0.002732965,-0.00031116707,-0.002759249,-0.0009341895,-0.0030584105,0.9938579,-0.00073694193,-0.0024359666,-0.003136194,-0.0025972642,-0.0020439078,-0.00268638,-0.0028718745,-0.00317854,-0.002002716,-0.0027855046,-0.0022993118,-0.00267339,-0.0016795063,-0.0033312808,-0.002440988,-0.0021854977,-0.0024669375,-0.0024370418,-0.003289023,-3.535607e-05,-0.002135132,-0.0020954332,-0.0017905622,-0.0020283554,-0.0019387043,-0.0028922178,-0.002882106,-0.0032018302,-0.0022297,-0.0026750339,-0.0025589003,-0.0024191414,-0.0030460546,-0.0025893042,-0.0032392244,-0.0028839244,-0.001533089,-0.0030774302,-0.0024392295,-0.0027239658,-0.0011494658,-0.0030543315,-0.003146245,-0.0031036513,-0.0024649608,-0.0028860783,-0.0016652956,-0.0028817647,-0.0024742386,-0.00010700484,-0.0027441226,-0.0030666834,-0.0029515729,-0.00091909093,0.0,-0.003105119,-0.002033903,-0.0028900981,-0.0032429837,-0.00255343,0.99377286,-0.0006606839,-0.002878096,-0.0021201312,-0.0018748548,-0.0010072745,-0.0019205724,-0.0014345688,-0.0029473552,-0.003242694,-0.002582782,0.99388653,-0.0025493486,-0.0017892031,-0.0033390778,-0.0018481442,-1.0157319e-06,-0.002218861,-0.002852725,-0.0016504298,-0.003151206,-0.002618235,-0.0018935258,-0.002364045,-0.0013957579,-0.00076677994,-0.0025043269,-2.5879639e-05,-0.0016090922,-0.0013190169,-0.0013709257
0.003166075,0.99862075,0.0035423085,0.003535902,0.0036132287,0.99872255,0.0029177165,0.0035492072,0.0027027228,0.99849224,0.0035650476,0.0035475593,0.00350624,0.003432527,0.002715806,0.0034537918,0.0029082266,0.0035586145,0.9984271,0.002853575,0.0033196267,0.0035594748,0.0033804697,0.003186376,0.0034064157,0.0035260883,0.0035691345,0.0031867009,0.0034570803,0.003270207,0.0033900011,0.003046152,0.0036124839,0.003295226,0.003220671,0.0033111074,0.0033015367,0.0036015704,0.0027949458,0.0032022826,0.0031932234,0.0030671575,0.0031863404,0.003120821,0.0035304313,0.0035107739,0.0035709778,0.003263346,0.0034078355,0.003339007,0.0032825763,0.0035757052,0.0033547739,0.003588159,0.0035326055,0.0030370879,0.003544865,0.0033008717,0.0034276338,0.003022855,0.0035444906,0.003577861,0.0035545698,0.0033165566,0.003543849,0.003031201,0.0035068744,0.003302646,0.0027173287,0.0034621125,0.0035369925,0.0035389746,0.0029287152,0.0031154407,0.0,0.0031770007,0.003516897,0.0036064347,0.0033212511,0.9985311,0.0028444375,0.0035161378,0.0032270637,0.0031026476,0.0029464415,0.0031084,0.003036624,0.0035525234,0.0035918227,0.0033760709,0.9984856,0.0033472416,0.0030774758,0.0036353907,0.0031038444,0.0034514372,0.0032426273,0.0035124782,0.003027381,0.0035516701,0.0033734045,0.0031172945,0.0032735793,0.0030130588,0.0028882949,0.003313953,0.002757114,0.003060488,0.0030108683,0.0030178092
-0.001435159,0.9936443,-0.0024584753,-0.0024843707,-0.0027298774,0.99469113,-0.0005446156,-0.0022932773,-4.5526907e-05,0.99393606,-0.0025536695,-0.0024727166,-0.0022448802,-0.0021150082,-6.628629e-05,-0.0021341385,-0.00052935124,-0.0024567698,0.99388045,-0.00037880166,-0.0018357433,-0.002530067,-0.0019766144,-0.001468333,-0.0020632742,-0.0022579005,-0.0025849133,-0.001458672,-0.0021644195,-0.0016945619,-0.0020426167,-0.0011332112,-0.0027281283,-0.0018245523,-0.0016080587,-0.0018477036,-0.0018143796,-0.0026965425,-1.5305563e-05,-0.0015518623,-0.001529219,-0.001192375,-0.0014683256,-0.0013670134,-0.0022807345,-0.0022668475,-0.0026063807,-0.0016992759,-0.0020383035,-0.0019338548,-0.0017894111,-0.0024370856,-0.0019663863,-0.0026435626,-0.0022696168,-0.0010128662,-0.0024787814,-0.0018224242,-0.0020988395,-0.0007448754,-0.002437478,-0.0025542239,-0.0025093628,-0.0018496771,-0.0022739654,-0.0011276797,-0.002275706,-0.0018519687,-2.4851295e-05,-0.0021229684,-0.0024641475,-0.0023509203,-0.00055304513,-0.0013252412,-0.002508582,0.0,-0.0022820225,-0.002646649,-0.0019219889,0.99448365,-0.00032465564,-0.0022659162,-0.0015421357,-0.001302963,-0.00060559274,-0.0013507031,-0.0009293069,-0.0023332583,-0.0026456283,-0.0019645793,0.9939624,-0.0019358984,-0.0012413136,-0.0027465788,-0.0012808421,2.0999655e-06,-0.0016418998,-0.0022362433,-0.001108918,-0.0025525515,-0.0020000297,-0.0013287221,-0.001742875,-0.00088004395,-0.00043394335,-0.0018865635,2.1245262e-06,-0.0010929598,-0.0008320031,-0.0008635358
0.002192828,0.99736226,0.0025203642,0.0025156338,0.0026240235,0.99712056,0.001431075,0.0025546597,0.0011974401,0.99734473,0.0025415136,0.0025190762,0.0025140247,0.0024449206,0.001224882,0.0024664644,0.0014264456,0.002532133,0.9973698,0.0013683843,0.0023300836,0.0025395162,0.0023920045,0.002205634,0.0024189788,0.0025238204,0.002553093,0.0022109242,0.0024791525,0.0022805056,0.0024152051,0.0021420275,0.0026236873,0.0023103124,0.002215186,0.0023239767,0.0023082432,0.002609655,0.0012645368,0.002217568,0.0021848418,0.0017052105,0.002208502,0.00214173,0.0025445598,0.0025366023,0.0025623327,0.0022729482,0.0024204527,0.002353009,0.0022913988,0.0025610297,0.0023672995,0.002580036,0.002538054,0.0016977986,0.0025218665,0.0023176433,0.0024385783,0.0015421801,0.0025410953,0.0025519368,0.0025313322,0.0023270722,0.0025522471,0.0019880354,0.0025187368,0.002316202,0.0012118362,0.0024659887,0.0025256427,0.0025471044,0.0014587699,0.0021622123,0.0025413292,0.0022013993,0.0,0.0025995115,0.0023542645,0.99707484,0.0013518061,0.0025281091,0.0022342796,0.0021131681,0.0014748867,0.0021223815,0.0017310594,0.0025630116,0.0025844185,0.0023866363,0.997334,0.0023573572,0.0021284036,0.0026489052,0.0021205712,0.0019506768,0.0022526514,0.0025195074,0.0017506017,0.0025310724,0.0023860044,0.002149662,0.0022881727,0.001537546,0.0013994348,0.0023296364,0.0012284833,0.0017641296,0.0015788868,0.0017206651
0.004141828,1.0006561,0.004443879,0.0044374987,0.00447557,1.0002029,0.0039111674,0.00444703,0.003710417,1.0003128,0.0044544353,0.0044423603,0.0044199335,0.0043551056,0.0037233955,0.004376095,0.0038886236,0.004450348,1.0002152,0.003845996,0.0042619403,0.0044518937,0.004306333,0.004161311,0.00433807,0.0044298116,0.004452217,0.0041535785,0.0043819104,0.0042203525,0.004332343,0.0040329723,0.004478747,0.004247009,0.004183363,0.0042592227,0.004247913,0.0044702278,0.0038103538,0.0041680164,0.0041657267,0.004046618,0.004156872,0.004100627,0.004440319,0.0044311057,0.004458352,0.00421713,0.0043343455,0.0042749615,0.004238188,0.004464032,0.0042958637,0.0044645993,0.0044355593,0.004017068,0.004443425,0.004249016,0.004354999,0.0040011457,0.00444754,0.004461089,0.0044503505,0.004263719,0.0044441074,0.004018881,0.0044266875,0.004254985,0.00373455,0.0043754666,0.0044424757,0.0044449987,0.003917557,0.004095391,0.004453153,0.004150239,0.0044213925,0.0,0.0042678635,1.0000141,0.003839726,0.004425163,0.0041928347,0.00408528,0.003928353,0.004090776,0.0040147398,0.0044539548,0.004468594,0.004296533,1.0003792,0.0042877244,0.0040582507,0.004486514,0.0040838607,0.0043991744,0.004200862,0.004421233,0.0040070186,0.0044496194,0.004309435,0.00408879,0.0042275386,0.0039914283,0.0038765871,0.0042583537,0.003768866,0.004040131,0.003990916,0.0039915894
-1.7288368e-05,0.99581206,-3.065899e-06,-1.61661e-05,-1.8596977e-05,0.9964272,-7.851595e-06,-2.0912541e-05,-1.5656688e-05,0.99587464,-1.907784e-05,-1.3717385e-05,-5.927596e-07,-1.6889857e-05,4.4461176e-06,-1.12802745e-05,-9.4366105e-06,-1.6596066e-05,0.99593884,-1.9330678e-06,-1.407865e-05,-2.0668513e-05,-1.7968034e-05,-1.0277767e-05,-1.9920402e-05,-1.8559705e-05,-4.3831537e-06,-1.4320059e-05,-1.9850651e-05,-8.000954e-06,-1.4976705e-05,-1.3247458e-05,-1.8223336e-05,-1.3885078e-06,1.2976885e-06,-1.580888e-05,-1.5089875e-05,-8.227746e-06,-1.8286672e-05,-1.6638149e-05,-1.7010654e-05,-9.552341e-06,-1.0573541e-05,-4.239739e-06,-1.4708798e-05,-1.733099e-05,-1.2030496e-05,-1.25524775e-05,-1.4425874e-05,-1.3449349e-05,-1.9278525e-05,-1.05818035e-05,-1.6945414e-05,-2.0517424e-05,-4.588833e-06,-1.8262217e-05,-8.687741e-06,-1.2103219e-05,-7.647044e-06,4.217988e-06,-2.1131074e-05,-1.6920629e-05,-1.9178759e-05,-3.1553338e-07,-1.5446889e-05,-1.0438192e-05,-1.5714388e-05,-4.37425e-06,-3.775391e-07,-1.1355658e-05,-1.3345705e-05,-1.6244607e-05,-9.918095e-06,-6.4343076e-06,-3.3720607e-06,-9.775388e-07,-5.960788e-06,-1.585187e-05,0.0,0.9963097,-6.1578194e-06,-5.281941e-07,-1.9332215e-06,-1.8691608e-05,-3.6900576e-06,-1.655911e-06,-1.22640695e-05,-1.2773392e-05,-1.2117602e-05,-4.1121933e-07,0.9958627,-1.2359789e-05,-1.5644299e-06,-1.8720862e-05,-6.7847373e-06,-1.4617401e-05,-6.91176e-06,-2.0410778e-05,1.3349713e-06,-1.6830587e-06,-1.1171415e-05,-5.0088365e-06,-2.0723594e-06,1.4756855e-06,-6.4677356e-06,-6.2732643e-06,7.5758676e-06,-1.7999397e-05,-2.689906e-06,-1.8781244e-05
-0.004546532,0.99627244,-0.0047309864,-0.004743897,-0.0047242185,0.99596804,-0.004399921,-0.0047281906,-0.0043518106,0.9962238,-0.0047606877,-0.004712373,-0.004696021,-0.004710004,-0.004306236,-0.004704885,-0.0044323592,-0.004724301,0.99624,-0.0043671518,-0.0046826513,-0.0047417623,-0.0046994076,-0.004581312,-0.004692089,-0.0047351825,-0.004753791,-0.0045764763,-0.004718749,-0.0046444032,-0.0046921675,-0.004505966,-0.0047278665,-0.004627353,-0.004653012,-0.0046421248,-0.00462384,-0.004733661,-0.0042795152,-0.0046552094,-0.0046143956,-0.0045614266,-0.004575259,-0.004561238,-0.004732598,-0.0047204923,-0.0047056237,-0.004616978,-0.0046656444,-0.004673665,-0.0046034073,-0.0047389227,-0.0046568657,-0.004706505,-0.0047503808,-0.004502649,-0.0047441404,-0.004632833,-0.004701458,-0.0044595143,-0.004718048,-0.00472188,-0.0047465414,-0.004634716,-0.0047693597,-0.004478436,-0.0047038672,-0.0046221144,-0.0043166187,-0.004725044,-0.0047147023,-0.0047502243,-0.004434158,-0.0045605744,-0.004731684,-0.004592264,-0.0047115623,-0.0047182194,-0.004684298,0.0,-0.004391203,-0.0047444194,-0.0045784516,-0.004546102,-0.0044273236,-0.004576053,-0.0044761784,-0.0047336905,-0.0047478187,-0.0047183093,0.99627244,-0.004653058,-0.00453128,-0.0047406806,-0.0045229862,-0.004312242,-0.004642885,-0.0047238516,-0.0045416444,-0.0047089052,-0.0046674814,-0.00457663,-0.00462824,-0.0044629546,-0.0043683695,-0.0046616676,-0.004273947,-0.004518502,-0.004485149,-0.0044904416
-0.0048295925,0.9944937,-0.005837111,-0.0058551854,-0.0063313176,0.99402374,-0.004011682,-0.0056420346,-0.0034028818,0.9944482,-0.005992693,-0.005849127,-0.005582021,-0.005410089,-0.0034128176,-0.0054531735,-0.0039894464,-0.0058257612,0.9944307,-0.0038526678,-0.005177305,-0.005981755,-0.005290386,-0.004844358,-0.0053818524,-0.005601367,-0.0060353833,-0.00483616,-0.0054860585,-0.005020491,-0.005359436,-0.0045407196,-0.006338885,-0.0051349015,-0.0049690953,-0.005166049,-0.005105422,-0.006286206,-0.002772297,-0.0049320627,-0.004902506,-0.004611804,-0.004848791,-0.0047554467,-0.005623875,-0.005625775,-0.006076004,-0.0050167744,-0.0053504556,-0.005241073,-0.005098792,-0.0058239144,-0.0052755973,-0.0061711585,-0.005607189,-0.0044397707,-0.0058625704,-0.0051206932,-0.0054141027,-0.004217168,-0.005831204,-0.0059697507,-0.0059225657,-0.0051713246,-0.005633298,-0.0045552645,-0.0056041856,-0.005171913,-0.0032753542,-0.0054427614,-0.0058384873,-0.005696341,-0.0040350677,-0.004738538,-0.0059188507,-0.00485046,-0.0056174994,-0.00619336,-0.0052293483,0.99413526,0.0,-0.0056057544,-0.0049251635,-0.0047154697,-0.0040516607,-0.0047428096,-0.004380369,-0.0057038525,-0.0061787125,-0.0052620377,0.99446493,-0.005241164,-0.0046559395,-0.006399745,-0.004689006,-0.0024759274,-0.005004806,-0.0055701886,-0.0045276834,-0.0059883907,-0.0053029456,-0.0047267894,-0.0050470573,-0.004342894,-0.0039018914,-0.005184103,-0.0028382498,-0.0045068716,-0.004285648,-0.0042999764
0.0021170669,0.99730295,0.0024409993,0.0024246336,0.0025300172,0.9970784,0.001366812,0.0024780692,0.001136086,0.9973044,0.0024524797,0.0024335044,0.0024346404,0.002367193,0.0011674182,0.00238482,0.0013630721,0.0024467153,0.99731,0.0013071215,0.0022479412,0.0024478484,0.002313776,0.0021334665,0.0023355596,0.0024447984,0.0024627321,0.002144386,0.0023906769,0.0022100369,0.0023256748,0.0020586362,0.0025325478,0.002228807,0.0021452305,0.002254866,0.0022304538,0.0025171244,0.0011960089,0.0021473556,0.0021142925,0.001663982,0.0021357532,0.0020701948,0.0024623293,0.0024502699,0.0024744184,0.0021955073,0.0023413063,0.0022753833,0.0022177235,0.0024721525,0.002291259,0.0024923945,0.002460068,0.0016615669,0.0024317417,0.0022426213,0.0023569386,0.0014790181,0.0024557142,0.0024674716,0.0024416524,0.0022507678,0.0024684255,0.0020042255,0.0024315766,0.0022381258,0.001142828,0.0023853884,0.0024384926,0.0024644984,0.0013994189,0.0020854813,0.0024567174,0.00212606,0.002440785,0.0025137654,0.0022701048,0.9971248,0.0012881525,0.0,0.0021636074,0.002048019,0.0014104547,0.0020485008,0.0016761005,0.0024794932,0.002493347,0.0023086453,0.9972812,0.002280775,0.0020495635,0.0025560074,0.0020532617,0.0018814566,0.002178182,0.0024380458,0.0016801459,0.0024412537,0.0023062546,0.0020803816,0.0022137347,0.001484159,0.0013418235,0.0022476374,0.0011684307,0.0017072746,0.0015431653,0.0016842814
-0.001064161,0.9940954,-0.0019573506,-0.0019898072,-0.002248062,0.9950392,-0.0003055731,-0.0017911684,-3.6724374e-05,0.99423975,-0.0020662134,-0.001972944,-0.0017567362,-0.0016414066,-1.0677288e-05,-0.0016530971,-0.0002855691,-0.0019597413,0.9942521,-0.00016358221,-0.0014372605,-0.00204455,-0.001503182,-0.0010926937,-0.0015943549,-0.0017582226,-0.0020938918,-0.0010579865,-0.001690707,-0.0012289458,-0.00158342,-0.0007786707,-0.0022408343,-0.0013752977,-0.0012085134,-0.0013799544,-0.001357777,-0.0022092091,2.914264e-06,-0.0011619857,-0.0011351545,-0.0008526069,-0.001068816,-0.0009941125,-0.0018000606,-0.0017863647,-0.0021125402,-0.0012471421,-0.0015651105,-0.001459412,-0.0013347178,-0.0019456242,-0.00148759,-0.002151536,-0.0017751914,-0.00068333483,-0.0019863993,-0.0013539569,-0.001634098,-0.00046569065,-0.0019533744,-0.0020506645,-0.0020202124,-0.0013991095,-0.001785607,-0.0007659242,-0.0017878225,-0.001395269,-1.8761233e-05,-0.0016436096,-0.0019773063,-0.0018453992,-0.00031464043,-0.0009460555,-0.0020062078,-0.0010760311,-0.0017947394,-0.0021547168,-0.0014726836,0.99485415,-0.00011085328,-0.0017769503,0.0,-0.0009408396,-0.00033907074,-0.0009820928,-0.0006243995,-0.0018409218,-0.002157579,-0.0014962609,0.9942409,-0.0014705994,-0.0008873131,-0.0022541196,-0.00091449235,3.151376e-06,-0.0012425354,-0.001746381,-0.00076643063,-0.002068538,-0.0015240253,-0.0009532333,-0.001292316,-0.0005682023,-0.00017366483,-0.0014245821,-4.6357172e-06,-0.00072125235,-0.0005227814,-0.0005650602
-0.0021139274,0.99397284,-0.003187265,-0.003201102,-0.0034601241,0.9939146,-0.0009950739,-0.0030238058,-0.0002981167,0.9939052,-0.0032751039,-0.0031915132,-0.0029703984,-0.0028435276,-0.0003380632,-0.0028707148,-0.000960857,-0.0031772822,0.9938819,-0.0007528492,-0.0025075425,-0.0032573664,-0.0027148398,-0.0021502113,-0.002796077,-0.0029921439,-0.003302775,-0.0021510934,-0.0028946246,-0.0023575595,-0.0027915013,-0.0017732868,-0.003458833,-0.0024767315,-0.002289778,-0.002505702,-0.0024665224,-0.0034288564,-1.5726753e-05,-0.0022409502,-0.0022066883,-0.0018456103,-0.0021560448,-0.002044857,-0.003010656,-0.0029987013,-0.0033266032,-0.002344682,-0.0027746644,-0.0026641453,-0.0024443376,-0.0031574655,-0.0027034828,-0.0033638657,-0.0030047954,-0.0016296188,-0.003201358,-0.002474923,-0.0028331194,-0.0012600225,-0.0031514582,-0.003274624,-0.0032325757,-0.0025134257,-0.0030067288,-0.0017739898,-0.003002365,-0.0025104235,-0.00013160381,-0.0028600341,-0.0031837502,-0.0030778025,-0.0010077608,-0.0020011559,-0.0032285268,-0.0021434336,-0.003008124,-0.0033705763,-0.0026595844,0.9938322,-0.000680891,-0.0029936729,-0.0022412855,0.0,-0.0010531623,-0.0020136547,-0.001546233,-0.0030662674,-0.00337087,-0.0026995898,0.99391836,-0.0026715742,-0.0019035779,-0.0034764628,-0.0019576077,-2.2249431e-05,-0.0023346255,-0.0029660503,-0.0017556612,-0.0032736028,-0.0027336457,-0.002006433,-0.0023913425,-0.0014373487,-0.00088764925,-0.0025352153,-3.3749046e-05,-0.0017316103,-0.0013565284,-0.0014010463
-0.0043903603,0.9944152,-0.005125178,-0.0051305597,-0.0053851265,0.9939495,-0.0036420668,-0.0050084335,-0.0031006096,0.99437195,-0.005207024,-0.0051305704,-0.0049682315,-0.004848452,-0.0031398542,-0.004874651,-0.003594886,-0.0051248637,0.9943548,-0.0035244916,-0.00465469,-0.0051998994,-0.004751729,-0.004396588,-0.0048196525,-0.0049877823,-0.0052431384,-0.004408455,-0.004896921,-0.0045560137,-0.00479804,-0.004115426,-0.005394112,-0.0046371496,-0.0044966405,-0.0046604318,-0.0046128803,-0.005364437,-0.0025337783,-0.004480847,-0.0044499678,-0.0041691395,-0.0044093556,-0.0043119667,-0.005003688,-0.0050024665,-0.005264117,-0.0045422926,-0.00479066,-0.0047103763,-0.00460166,-0.005120447,-0.0047388077,-0.0053078756,-0.0049886038,-0.0040432396,-0.0051410594,-0.004621214,-0.004852598,-0.0038904313,-0.0051149675,-0.0052140607,-0.005173008,-0.0046707774,-0.0050024698,-0.004162963,-0.0049829665,-0.004662768,-0.0030279823,-0.004871835,-0.0051252623,-0.0050473334,-0.00369589,-0.004327845,-0.0051620714,-0.0044126078,-0.0050009126,-0.005307262,-0.004694719,0.9940619,-0.003463921,-0.004980841,-0.0044766725,-0.0042827427,0.0,-0.0042932364,-0.004005163,-0.005044469,-0.005300525,-0.004732714,0.9943868,-0.0047198464,-0.0042365426,-0.0054138186,-0.0042730616,-0.0024735455,-0.004527389,-0.004966381,-0.0041091694,-0.005205091,-0.0047668307,-0.004297762,-0.004563157,-0.003983536,-0.0036338894,-0.0046648025,-0.0026516954,-0.004123158,-0.00392882,-0.0039321305
-0.0020071052,0.9939221,-0.003067451,-0.003075059,-0.0033211783,0.9940493,-0.000894986,-0.0029043087,-0.00026430705,0.9938488,-0.0031519276,-0.0030668227,-0.0028483137,-0.0027251157,-0.0003047976,-0.0027582522,-0.00086870155,-0.0030624468,0.99382454,-0.00072217,-0.0023938192,-0.0031312401,-0.0026034848,-0.002030056,-0.002680188,-0.002877343,-0.003178119,-0.0020407178,-0.0027740009,-0.0022502604,-0.0026656212,-0.0016481796,-0.0033240009,-0.002442199,-0.0021750566,-0.0024666055,-0.002419041,-0.003292689,-2.2485836e-05,-0.002129377,-0.0020990877,-0.001719596,-0.0020414465,-0.0019172678,-0.0028969778,-0.002882764,-0.0032032947,-0.0022272114,-0.0026562212,-0.002549633,-0.002418859,-0.0030355991,-0.0025883557,-0.0032421178,-0.0028847454,-0.0015271362,-0.0030730926,-0.0024355822,-0.0027227825,-0.0011965593,-0.0030282186,-0.003150228,-0.003108456,-0.0024820468,-0.0028861393,-0.0016668354,-0.0028823598,-0.0024813234,-0.000109842294,-0.0027493995,-0.0030577597,-0.0029540455,-0.00091879145,-0.0018969376,-0.0031026967,-0.0020450265,-0.0028832934,-0.0032521165,-0.0025415616,0.9938649,-0.00064759504,-0.0028758515,-0.0021317534,-0.0018611598,-0.00093868736,0.0,-0.0014454275,-0.0029493894,-0.0032441248,-0.0025836208,0.99386185,-0.002556731,-0.0017944645,-0.0033386976,-0.0018520055,1.0999232e-06,-0.0022196157,-0.0028524015,-0.0016259187,-0.0031496135,-0.0026206833,-0.0018824586,-0.0022751563,-0.0014169887,-0.00082716084,-0.0025044323,-5.903831e-06,-0.0016293366,-0.0013307058,-0.0013734766
-0.003338971,0.9943027,-0.0043088044,-0.0042877826,-0.004562884,0.9938049,-0.002276338,-0.004170934,-0.0016543785,0.99425536,-0.0044011315,-0.0043168073,-0.0041104453,-0.003992578,-0.0016469102,-0.0040152026,-0.002245605,-0.00431017,0.9942394,-0.002080823,-0.0037312238,-0.004385025,-0.0038326967,-0.0033941478,-0.00393667,-0.0041254344,-0.0044226074,-0.0033845284,-0.004040697,-0.0036086584,-0.0038934052,-0.0029936952,-0.004559842,-0.0037083835,-0.003514954,-0.0037247157,-0.0036956856,-0.004532505,-0.0011208298,-0.0034734313,-0.003447151,-0.0030622126,-0.0033956368,-0.0032591838,-0.004144655,-0.0041328045,-0.0044421726,-0.0036026845,-0.003921506,-0.0037947237,-0.0036803153,-0.004266537,-0.003820673,-0.0044836453,-0.004156931,-0.0028511381,-0.0043270136,-0.003699532,-0.003984655,-0.0025465772,-0.0042606243,-0.004390907,-0.004356592,-0.0037299665,-0.0041609905,-0.0029655306,-0.0041336683,-0.0037298505,-0.0014980468,-0.004008796,-0.004275585,-0.0041975765,-0.002286275,-0.003201244,-0.0043105474,-0.0033946473,-0.0041395742,-0.004488483,-0.0037825615,0.99392766,-0.001990501,-0.0041534756,-0.0034715722,-0.003190361,-0.0023491532,-0.0032244874,0.0,-0.004210907,-0.004485072,-0.003816889,0.99426776,-0.003792228,-0.0031240631,-0.004578417,-0.0031713794,-0.0010431982,-0.0035984835,-0.004126639,-0.0029643476,-0.0043965587,-0.0038475592,-0.0032527288,-0.0036400442,-0.0027241055,-0.0021349308,-0.0037567606,-0.0011475693,-0.0029553906,-0.0026516698,-0.0027127438
0.0023509196,0.99782676,0.0030848922,0.0030786854,0.0031911419,0.9974997,0.0018894606,0.0031121797,0.001659216,0.99778634,0.0031128754,0.0030871297,0.0030614056,0.0029873576,0.0016842139,0.0030090357,0.0018763515,0.0031048479,0.9977874,0.0018257711,0.0028794399,0.0031077927,0.0029333555,0.0027116365,0.0029553783,0.0030789138,0.0031196603,0.0024065543,0.0030168067,0.0028349052,0.0029455519,0.0021031024,0.003194474,0.002840128,0.0024982668,0.0028492603,0.002841454,0.0031744014,0.0017346009,0.0024216108,0.0024127502,0.0020550506,0.0027617968,0.0023104358,0.003096303,0.0030771105,0.00312228,0.0028160259,0.0029519894,0.00288716,0.0028199898,0.0031254357,0.0028923906,0.0031487087,0.003090288,0.0020307528,0.0030881339,0.0028436314,0.0029776588,0.0019982262,0.003092033,0.003127706,0.0031026432,0.0028665029,0.0031039622,0.0020339265,0.0030613209,0.0028394423,0.0016715018,0.0030149473,0.0030854053,0.0030997843,0.0019117194,0.0023056644,0.0031146212,0.0023815972,0.0030738167,0.0031730023,0.002870031,0.9973364,0.0018107174,0.0030755692,0.0026440066,0.002161086,0.0019232712,0.0022119742,0.0020692628,0.0,0.0031560173,0.0029302358,0.9977786,0.0028902641,0.0021931455,0.0032284546,0.0022442136,0.002441186,0.002768323,0.0030668562,0.0020419077,0.003094977,0.0029094855,0.002332446,0.0028288967,0.0019872517,0.0018595469,0.0028494643,0.0017026644,0.0020524259,0.001987168,0.0020061298
0.0039999657,1.0003345,0.0043119984,0.004311144,0.0043568644,0.99995244,0.0037704546,0.004315383,0.0035556469,0.99999446,0.0043302057,0.0043114084,0.0042896266,0.0042240336,0.0035732542,0.004244754,0.0037424024,0.0043222234,0.99993235,0.0036971788,0.004130182,0.0043287487,0.00417329,0.004020833,0.004206182,0.0042964243,0.004326321,0.004011259,0.0042539337,0.004083283,0.0042001116,0.0038825164,0.004360813,0.0041103098,0.0040403744,0.004118935,0.0041113286,0.0043465877,0.0036570672,0.0040246574,0.004023263,0.0039057748,0.0040159905,0.0039552883,0.0043103327,0.004299695,0.0043325513,0.0040795286,0.004198596,0.0041392087,0.0041020485,0.004337983,0.004160634,0.0043417714,0.0043020896,0.0038735548,0.0043189875,0.0041108434,0.0042236103,0.0038525704,0.004319447,0.004336207,0.004322243,0.0041267397,0.0043142815,0.0038721366,0.0042998414,0.00411641,0.0035834822,0.004242126,0.004315989,0.0043131416,0.0037667511,0.0039482685,0.004323848,0.0040086852,0.004292749,0.0043476443,0.004137933,0.99979484,0.0036896141,0.004295155,0.0040476574,0.0039410973,0.003784103,0.003950533,0.0038692572,0.0043249526,0.0,0.004163731,1.0000712,0.004151152,0.003916606,0.0043662977,0.0039416593,0.0042646546,0.0040629706,0.0042898203,0.0038627966,0.0043236003,0.004174042,0.003946144,0.004094471,0.003844565,0.0037281355,0.0041243867,0.0036114838,0.0038919055,0.00384579,0.0038467334
0.00010457438,0.9960301,6.931359e-05,4.1044772e-05,9.70759e-06,0.9966371,8.917697e-05,0.00018729438,2.8387751e-06,0.99610305,2.8705663e-05,5.6887046e-05,0.00016851963,0.00015363419,-3.0104232e-08,0.00015945228,0.00012249482,7.3056945e-05,0.99614006,-1.2951237e-05,0.000107779844,3.634444e-05,0.00016298826,0.00013268019,0.00014366212,0.00016578047,3.2646974e-05,0.00015071039,0.00015523011,0.00015829974,0.00013996472,9.839843e-05,1.6391912e-05,0.00013232324,0.00012582378,0.0001597314,0.00014236808,2.6300708e-05,-6.2885624e-07,0.0001302732,0.00012067721,9.139044e-05,0.00013328168,0.000103406535,0.00016707253,0.00016827144,3.374136e-05,0.00013646398,0.0001644674,0.00014037546,0.00013818161,0.000104700266,0.00014583376,3.1197535e-05,0.00017667332,0.00012359933,4.670412e-05,0.00015591845,0.00015005673,0.00016620767,9.2466355e-05,4.6214598e-05,3.9681636e-05,0.0001404362,0.00017650843,8.404151e-05,0.0001439024,0.00013795543,-1.8444747e-05,0.00016314306,6.272294e-05,0.00015204468,0.00013789661,0.00011034756,5.948114e-05,0.00012445344,0.00015331728,4.428825e-05,0.0001411718,0.9964912,2.176893e-06,0.00016699018,0.00015486823,9.79958e-05,0.00013357842,8.7986286e-05,0.00014912568,0.00016499376,2.378433e-05,0.0,0.99606645,0.00014375451,9.8342396e-05,2.6506526e-05,0.00010826593,3.8654912e-07,0.00013431258,0.00016997936,9.9651705e-05,2.4516965e-05,0.00014884304,0.00012802948,0.00014227201,0.00013957091,8.530497e-05,0.00013624248,-6.0924503e-06,0.00012856566,0.0001458198,0.00015807753
-0.0039040023,0.9966976,-0.003981503,-0.003987857,-0.00397144,0.9965225,-0.0038516335,-0.003990695,-0.0038245756,0.9966811,-0.003993952,-0.003970908,-0.0039834445,-0.0039841547,-0.003777342,-0.003980373,-0.0038634255,-0.003972353,0.99669504,-0.0038124835,-0.003978136,-0.0039812895,-0.0039790967,-0.0039294115,-0.0039791134,-0.0039969436,-0.003987882,-0.0039057776,-0.0039900537,-0.0039476724,-0.003983014,-0.0038823124,-0.0039730263,-0.0039401096,-0.0039691865,-0.0039539593,-0.00393689,-0.003976836,-0.0038094104,-0.003967948,-0.0039499574,-0.0039174743,-0.0039156526,-0.0039134272,-0.0039988565,-0.0039923694,-0.0039656186,-0.0039386763,-0.003959366,-0.003967274,-0.0039232657,-0.003984835,-0.0039617447,-0.003954418,-0.003999571,-0.0038976052,-0.003990588,-0.003943555,-0.003989497,-0.003876124,-0.00398404,-0.0039742296,-0.003983789,-0.003946907,-0.004027683,-0.0038585418,-0.0039826157,-0.0039393525,-0.0038035775,-0.003989988,-0.003969602,-0.0039919624,-0.0038658557,-0.003904953,-0.0039797053,-0.003930889,-0.0039735576,-0.003965325,-0.0039820904,0.99657106,-0.0038425168,-0.0039964486,-0.0039212764,-0.003906954,-0.0038555742,-0.003930078,-0.0038721152,-0.003996096,-0.003982263,-0.0039919107,0.0,-0.00395921,-0.0038922222,-0.0039785295,-0.003889085,-0.0038950425,-0.00395548,-0.003995376,-0.00390705,-0.003963608,-0.0039670947,-0.0039165635,-0.003945938,-0.003865099,-0.0038186098,-0.003963697,-0.0037893553,-0.0038921882,-0.0038902597,-0.0038850773
-1.3203448e-05,0.9958536,-1.4027325e-05,-6.8085337e-06,-9.455202e-06,0.9964783,3.104465e-06,-1.534326e-05,-8.795061e-06,0.9959351,-3.7590057e-06,-1.1263269e-05,-1.1938054e-05,-1.1576174e-05,3.3230224e-06,-7.097511e-06,-5.425307e-06,-1.4574014e-05,0.9959767,-1.0198929e-05,-8.326856e-06,-1.6444543e-05,-1.4935376e-05,-1.5387504e-05,-1.0763187e-05,-1.3088299e-05,-1.0578292e-05,-1.5922236e-05,-1.0668042e-05,1.7039439e-06,-7.178438e-06,-1.13889955e-05,-2.157621e-06,-1.0815072e-05,-4.96353e-06,1.5193076e-07,-2.9088092e-06,-9.511196e-06,-1.1770887e-05,-1.6451871e-05,-1.6110247e-06,1.9991571e-06,-9.197673e-06,-1.642137e-05,-1.0471844e-05,-9.993766e-06,-3.7977682e-06,1.7752621e-06,-9.335613e-07,-1.0003286e-05,-1.5721677e-06,-1.1588245e-06,-7.0909805e-06,-1.6088125e-05,-2.64483e-06,-7.370175e-06,-1.8253053e-05,-7.110852e-06,1.0594366e-06,2.2284562e-06,-1.7332291e-05,-1.02632885e-05,-1.2994844e-06,-1.7216948e-05,-1.9687475e-05,3.45666e-06,-1.6092188e-05,-6.539311e-06,-6.140919e-06,-7.0228293e-06,-8.043783e-06,-1.3115556e-05,6.186582e-08,3.8337976e-07,-1.3797414e-05,-1.8636845e-05,-3.673933e-06,-6.873665e-06,-1.233709e-05,0.9963293,-4.1501218e-07,-8.826324e-06,-1.980475e-05,-1.4867644e-05,4.4554426e-06,-5.5256814e-06,3.970523e-06,-1.9385021e-05,-5.381532e-06,-1.8335511e-05,0.9959023,0.0,-9.397312e-06,-1.3692157e-05,-3.8545086e-06,9.8406e-06,-1.6242526e-05,-6.190308e-06,-1.0345965e-05,-7.5002695e-06,-8.975667e-06,-8.0749e-06,4.2089056e-07,-8.0041e-06,-8.612141e-06,-1.353966e-05,-8.844271e-06,-1.4577618e-06,-1.8906343e-05,-1.3724451e-05
-0.002302535,0.9940695,-0.0034567667,-0.0034708707,-0.0037267532,0.9937934,-0.0011650465,-0.0032100524,-0.00041733912,0.9940086,-0.003549224,-0.0034660683,-0.003158561,-0.0030338154,-0.0004797328,-0.003062255,-0.001150761,-0.0034554906,0.9939914,-0.00092584995,-0.002785642,-0.0035291356,-0.0029049134,-0.0024203255,-0.0029846684,-0.003179585,-0.003570565,-0.0024195705,-0.0030844128,-0.0026346277,-0.0029745656,-0.0019666476,-0.0037236086,-0.0027563535,-0.0025790252,-0.0027817076,-0.0027476053,-0.0036935152,-1.11344925e-05,-0.0025293666,-0.0024887524,-0.0020390484,-0.0024401697,-0.002227005,-0.003196107,-0.003183786,-0.003602148,-0.0026223212,-0.0029685132,-0.002862799,-0.0027238564,-0.0033343097,-0.0028960884,-0.003643184,-0.003193119,-0.0018257949,-0.00347038,-0.0027574317,-0.0030238812,-0.0014157864,-0.0033356491,-0.003541439,-0.0035022527,-0.0027791876,-0.0031950327,-0.0019703903,-0.0031849097,-0.002784472,-0.00026615022,-0.0030486938,-0.003455973,-0.0032563556,-0.0011662218,-0.0021781381,-0.003501584,-0.002429531,-0.0031892494,-0.003648324,-0.002846738,0.9935585,-0.00082895905,-0.003182438,-0.002521807,-0.0021628232,-0.0012318564,-0.0022054922,-0.0017319323,-0.0032463565,-0.0036452669,-0.0028889026,0.9940216,-0.0028626309,0.0,-0.0037462628,-0.0021382698,-1.2312276e-05,-0.0026124627,-0.0031572508,-0.0019385392,-0.0035429748,-0.0029283825,-0.0021943208,-0.002671349,-0.0017026652,-0.0010389936,-0.002813984,-9.834762e-06,-0.0019245005,-0.0016090871,-0.0016604842
0.0046354835,1.0019261,0.004873986,0.004874103,0.0048928866,1.001213,0.0044274246,0.004884389,0.004237568,1.0015358,0.0048853005,0.004872184,0.0048689605,0.004809887,0.0042478824,0.0048276004,0.0044020736,0.0048815566,1.0014317,0.0043611005,0.00473521,0.0048844977,0.0047674095,0.0046513355,0.004794869,0.004872217,0.004875961,0.0046355953,0.004834513,0.0046984786,0.0047926065,0.004532449,0.0048957206,0.004720199,0.0046656933,0.004727173,0.0047246525,0.0048893453,0.004336766,0.0046498375,0.0046509383,0.0045456453,0.0046458934,0.0045909015,0.004881826,0.0048745326,0.004882221,0.004696551,0.004788505,0.004739129,0.004714519,0.004899461,0.0047549927,0.004885382,0.00487456,0.0045215474,0.004878566,0.0047210096,0.004808012,0.0045010163,0.004883157,0.0048919,0.00487977,0.004736057,0.004884648,0.0045189355,0.0048754145,0.0047227684,0.0042692665,0.004825658,0.0048787277,0.004881814,0.004428556,0.0045825494,0.0048836577,0.0046345037,0.0048680073,0.0048931623,0.004738481,1.0010754,0.0043534166,0.00486846,0.004673429,0.0045810957,0.004436473,0.0045875255,0.004517861,0.0048924214,0.00489445,0.0047557126,1.0016356,0.004752542,0.0045587653,0.0,0.0045802924,0.004881334,0.0046810266,0.0048672752,0.0045049256,0.004879341,0.0047720517,0.0045820577,0.0047064824,0.00449339,0.004391237,0.004726867,0.0042947745,0.0045350054,0.0044943006,0.0044919457
-0.0021759593,0.9939893,-0.003239358,-0.0032674451,-0.0035131357,0.9938825,-0.0009987409,-0.0030740171,-0.00034213875,0.9939187,-0.0033409435,-0.0032475232,-0.0030241793,-0.0028967392,-0.00037925347,-0.002923004,-0.0009805248,-0.0032372358,0.99389744,-0.00078531436,-0.0025764764,-0.0033211461,-0.0026831925,-0.0022114767,-0.0027701193,-0.0030404218,-0.003366925,-0.002196504,-0.0029521796,-0.0024034414,-0.0027629475,-0.0017620042,-0.003508867,-0.0025359665,-0.0023529732,-0.0025594027,-0.0025237214,-0.0034773469,-3.8916387e-06,-0.0023022362,-0.0022639865,-0.0018278376,-0.0022066396,-0.0021063846,-0.0030632296,-0.0030500393,-0.0033907334,-0.0024042323,-0.0027472072,-0.0026396934,-0.002500376,-0.0032210245,-0.0026739808,-0.0034278466,-0.0030535136,-0.0016204679,-0.0032549852,-0.0025297534,-0.0028076195,-0.001293434,-0.0032205884,-0.0033340487,-0.00329589,-0.0025625615,-0.0030579434,-0.0017508398,-0.0030683326,-0.0025614204,-0.00017655628,-0.0029095807,-0.0032404792,-0.003135215,-0.0010628646,-0.0020536485,-0.0032923268,-0.0022016405,-0.0030590757,-0.0034325777,-0.0026353314,0.99383515,-0.0007029776,-0.0030491776,-0.0022958554,-0.0020371983,-0.0011000426,-0.0020819246,-0.0015346651,-0.003127907,-0.0034332715,-0.0026682867,0.9939321,-0.002642234,-0.001961433,-0.0035278373,0.0,-1.2459746e-05,-0.00239204,-0.003020118,-0.0017292248,-0.0033381917,-0.0027027328,-0.0020623559,-0.0024490354,-0.0014840981,-0.0008530517,-0.00259114,-9.060851e-06,-0.0017852972,-0.0014120471,-0.0014519583
-0.0072245034,0.9940782,-0.007067535,-0.007076188,-0.0069847926,0.99353987,-0.007368873,-0.007127099,-0.007423384,0.9940034,-0.007054782,-0.0070714545,-0.007135475,-0.0071354466,-0.0073959073,-0.007136728,-0.007372937,-0.007077404,0.9939822,-0.0073993374,-0.0071955584,-0.0070572267,-0.0071414635,-0.0072113555,-0.0071397787,-0.0071379663,-0.007038176,-0.0072142393,-0.0071383524,-0.0071955025,-0.0071445503,-0.0072486657,-0.006985362,-0.007172687,-0.00721039,-0.007154756,-0.007167318,-0.0069934423,-0.007624703,-0.007208484,-0.007221072,-0.0072612907,-0.0072128167,-0.0072237006,-0.007126317,-0.007125298,-0.0070264568,-0.0071891556,-0.0071395067,-0.0071385372,-0.0071752816,-0.007095643,-0.0071383696,-0.0070146457,-0.0071313847,-0.0072687706,-0.007072152,-0.0071617323,-0.0071425578,-0.007325407,-0.007090384,-0.007047416,-0.007058245,-0.0071597835,-0.007128425,-0.007260371,-0.0071383817,-0.007157026,-0.0074829287,-0.0071397303,-0.007077652,-0.0071217036,-0.0073445993,-0.0072283135,-0.0070642726,-0.0072106062,-0.007123008,-0.0070097004,-0.0071351333,0.9936515,-0.00738399,-0.0071304697,-0.00721202,-0.00723204,-0.0073649813,-0.0072329096,-0.007282338,-0.007115817,-0.0070181102,-0.007138485,0.99403733,-0.0071394956,-0.0072318506,-0.0069767726,-0.0072335587,0.0,-0.0071969056,-0.0071335263,-0.0072507826,-0.007052898,-0.007136199,-0.0072252555,-0.007181381,-0.0072981375,-0.0073641706,-0.007149648,-0.007570017,-0.0072499816,-0.007298227,-0.0072823493
-0.0007111937,0.99455553,-0.0014749842,-0.0014923638,-0.0017231007,0.99535066,-0.0001121944,-0.001340689,1.1089745e-06,0.99467117,-0.0015628248,-0.0014879127,-0.0012992177,-0.0011959239,-2.5501684e-05,-0.0012150309,-0.000118263495,-0.0014738688,0.99473876,-2.8007451e-05,-0.000980066,-0.0015413763,-0.0010773087,-0.00072744087,-0.001145837,-0.0013156169,-0.0015910284,-0.00072964607,-0.0012424276,-0.0008656485,-0.0011378876,-0.0004950071,-0.0017162922,-0.00096621434,-0.0008164099,-0.0009819166,-0.0009598275,-0.0016932975,-1.15654275e-05,-0.00079651154,-0.0007717151,-0.0005393038,-0.00072850427,-0.0006557127,-0.0013332342,-0.0013253378,-0.0016043583,-0.00086132734,-0.0011361897,-0.0010469657,-0.0009386311,-0.0014643923,-0.0010714993,-0.0016434178,-0.0013247184,-0.00042300628,-0.0014941066,-0.00096399436,-0.0011819587,-0.0002288725,-0.0014586913,-0.0015598381,-0.0015246011,-0.0009846166,-0.0013293369,-0.00049386907,-0.0013310229,-0.0009818762,-1.531564e-05,-0.0012010733,-0.001479753,-0.0013830948,-0.00013402982,-0.0006379879,-0.0015150579,-0.0007265493,-0.001334834,-0.0016482739,-0.0010413944,0.9952012,-1.7758852e-05,-0.0013213055,-0.00078635995,-0.00061152177,-0.00014559766,-0.0006418459,-0.00035752292,-0.0013883491,-0.0016423429,-0.0010706085,0.994674,-0.0010452541,-0.00058116135,-0.0017321687,-0.00060887286,-1.2232774e-05,0.0,-0.0013036461,-0.0004763965,-0.0015647381,-0.0011043674,-0.00063934946,-0.0008965361,-0.00034227484,-6.689938e-05,-0.001001545,-2.1983698e-05,-0.00045480125,-0.00029663267,-0.00032132753
0.0018958971,0.9971386,0.002195749,0.0021775959,0.0022783934,0.9969469,0.0011815692,0.0022417102,0.00094388425,0.9971495,0.0022057444,0.0021913801,0.0022020885,0.0021335972,0.0009780861,0.0021533167,0.0011820392,0.0022046033,0.99716,0.0011194851,0.002017784,0.0022016445,0.0020864103,0.0019160649,0.0021056584,0.002211076,0.0022165163,0.0019184595,0.0021597282,0.0019884238,0.0020983915,0.0018279532,0.0022787738,0.0020037396,0.0019342599,0.0020287584,0.0020085408,0.0022672205,0.0009923992,0.0019303251,0.0019058246,0.0014992114,0.001915586,0.0018563651,0.0022212998,0.002216231,0.002225127,0.0019694422,0.0021146373,0.0020489155,0.0019927332,0.0022298095,0.002065282,0.002243882,0.0022244814,0.0014914704,0.0021890525,0.002019119,0.0021252066,0.0013028325,0.0022180532,0.0022194616,0.0021954589,0.0020245786,0.0022331448,0.0017942865,0.002195294,0.0020150119,0.00095638534,0.0021518064,0.00219497,0.0022267343,0.0012220655,0.0018653866,0.0022129589,0.0019103958,0.0022035376,0.0022667556,0.0020431688,0.9974931,0.0010970945,0.0022103612,0.0019518536,0.0018382857,0.0012291602,0.0018378223,0.0014961245,0.0022400494,0.002242765,0.0020796882,0.99712473,0.0020542035,0.0018308196,0.0023037395,0.001838723,0.0016637046,0.0019599288,0.0,0.0018252893,0.002194297,0.002079848,0.0018672846,0.0019860584,0.0013472065,0.0011525862,0.002024116,0.0009724843,0.0018680858,0.0014780321,0.0016750995
-0.002863929,0.9942197,-0.0039223586,-0.0039321706,-0.004152413,0.9936653,-0.0016161749,-0.003788681,-0.0007961752,0.9941666,-0.003990826,-0.003927533,-0.003639614,-0.0035243507,-0.00084521883,-0.0035462312,-0.0015344003,-0.003923377,0.9941502,-0.0013654871,-0.003344013,-0.0039923084,-0.0034061668,-0.0028762724,-0.0034789976,-0.0036557438,-0.00401522,-0.0028771518,-0.003568413,-0.0031677287,-0.003456949,-0.002423893,-0.0041549825,-0.0032729604,-0.0030161736,-0.0032979846,-0.0032510909,-0.0041254777,-0.00011508329,-0.0029810348,-0.0029542444,-0.002500956,-0.0028790052,-0.0027528515,-0.0036780478,-0.0036686023,-0.0040377863,-0.0031438314,-0.0034576575,-0.0033577625,-0.0032520264,-0.0039053357,-0.0033888188,-0.004073566,-0.003672837,-0.0023053288,-0.003933199,-0.0032658733,-0.0035179667,-0.0019795764,-0.0039116917,-0.0039760126,-0.0039635743,-0.003302886,-0.0036711877,-0.0024560357,-0.0036675,-0.0032909494,-0.0005788552,-0.0035365787,-0.0039254124,-0.003822267,-0.001658944,-0.0027536782,-0.003962292,-0.0028898786,-0.0036686766,-0.0040815966,-0.0033492863,0.99380475,-0.0012742581,-0.0036570437,-0.0029677157,-0.0027308178,-0.001670158,-0.002753991,-0.0022269625,-0.003822636,-0.0040711253,-0.0033905788,0.9941789,-0.003372117,-0.0026569774,-0.0041763224,-0.002713312,-0.00013278413,-0.003135144,-0.0036337655,0.0,-0.003989073,-0.0034254391,-0.0027238934,-0.0031963938,-0.0021957702,-0.0014537266,-0.003313191,-0.00018170572,-0.002400773,-0.0021254276,-0.002132015
0.0034184365,0.9990792,0.003774262,0.0037730634,0.0038397755,0.9990474,0.003170467,0.0037804958,0.0029552756,0.9988759,0.0037995682,0.003775949,0.003744286,0.0036747067,0.0029673285,0.0036965231,0.0031526084,0.0037888226,0.9988349,0.0031060216,0.0035655994,0.0037943157,0.0036191093,0.003439692,0.0036515973,0.003759255,0.003797688,0.0034330536,0.003706575,0.0035129858,0.0036434995,0.0032976097,0.0038422253,0.0035434442,0.0034654837,0.0035542843,0.0035463895,0.0038316397,0.0030458828,0.0034476644,0.0034399126,0.003316964,0.0034374367,0.0033696406,0.0037716303,0.0037553369,0.003803265,0.003509037,0.0036416154,0.0035816827,0.0035312306,0.0038088635,0.0035986248,0.0038158526,0.0037626761,0.0032873373,0.003781967,0.0035441366,0.0036707928,0.0032664856,0.0037818789,0.0038057996,0.0037901392,0.0035633165,0.0037754688,0.0032811202,0.003752847,0.0035488023,0.0029755924,0.003697944,0.0037762786,0.0037748544,0.0031774722,0.0033671737,0.0037966166,0.0034264566,0.0037538332,0.0038296042,0.003574068,0.998875,0.0030921581,0.0037528996,0.0034754463,0.00335287,0.0031924355,0.003361582,0.0032895426,0.0037878922,0.0038258482,0.003610531,0.9989017,0.003589845,0.0033297674,0.0038552557,0.0033504271,0.0036914514,0.003491634,0.003748195,0.0032767183,0.0,0.0036156815,0.0033648221,0.003520628,0.0032604034,0.003136269,0.0035561516,0.003001723,0.0033061183,0.0032601114,0.0032621194
0.0002674222,0.99611336,0.00026614623,0.0002395281,0.0002262052,0.9967067,0.0002322015,0.00037409877,-6.3189104e-06,0.9961792,0.0002315834,0.00025160087,0.00035362912,0.00033601522,-9.070144e-06,0.00034323544,0.00027531432,0.00026953995,0.9962278,2.828313e-06,0.00029122562,0.00023821913,0.0003367116,0.00028929234,0.00032636305,0.00035649264,0.00023451827,0.0003055413,0.0003413036,0.00032343724,0.0003186333,0.0002489376,0.0002297877,0.00030396966,0.0002901298,0.00032810925,0.0003107328,0.00023429583,2.8232405e-06,0.00029320444,0.00028313624,0.00024594966,0.00028933084,0.0002566578,0.0003598481,0.00036041494,0.00023780615,0.00030180562,0.00034009252,0.000316085,0.0003082797,0.00030453526,0.00032219518,0.0002365119,0.00036638827,0.0002725611,0.00024579614,0.00032544447,0.00033459498,0.0003168978,0.00029047116,0.00024499116,0.00024066736,0.00031487615,0.00036975683,0.00023700936,0.0003372436,0.00030950492,-4.8771317e-06,0.00034892847,0.0002601804,0.00034277688,0.000287958,0.0002704229,0.00025775365,0.00028840205,0.00034464351,0.0002505101,0.0003177172,0.99655545,3.9835336e-06,0.00035731366,0.00031778056,0.0002546803,0.00028174146,0.00024499293,0.00030087598,0.00035780264,0.00023252013,0.00033335522,0.99614936,0.00031891846,0.00025278833,0.00024264092,0.00026401234,8.639714e-06,0.0003009202,0.00035964086,0.00024592932,0.00022649957,0.0,0.00027625196,0.00030884036,0.00029214512,0.0002242802,0.00030994325,-1.7764827e-05,0.00027710543,0.00029886482,0.00030473215
-0.0019845485,0.99393773,-0.003024172,-0.0030479594,-0.0032970535,0.99405307,-0.0008928913,-0.0028635426,-0.00026400603,0.99386,-0.0031255365,-0.0030305095,-0.0028206175,-0.0027012331,-0.00029880714,-0.002722277,-0.0008577753,-0.0030255348,0.99384344,-0.00071699044,-0.0024951135,-0.003107519,-0.0025536453,-0.0020740868,-0.0026512856,-0.0028401832,-0.00315253,-0.0020455536,-0.0027504277,-0.0022708366,-0.0026509766,-0.0016173645,-0.0032972384,-0.0024290092,-0.0022241056,-0.0024117175,-0.0023883174,-0.003263747,-2.3433686e-05,-0.0021739323,-0.002065592,-0.0017120836,-0.0020634902,-0.0018859385,-0.0028699313,-0.00286002,-0.00317189,-0.0022713707,-0.0026193217,-0.0025162585,-0.0023758342,-0.0030108453,-0.0025511042,-0.0032075131,-0.00285216,-0.0015091505,-0.003046892,-0.0023925302,-0.002704572,-0.0012125192,-0.0030083514,-0.0031119501,-0.003080609,-0.0024348097,-0.002856102,-0.0016319491,-0.0028644977,-0.0024347894,-0.00013545992,-0.0027180593,-0.0030387635,-0.0029188104,-0.000910509,-0.0018598848,-0.003070259,-0.002011124,-0.002865796,-0.0032168534,-0.0025171477,0.99387515,-0.00062543293,-0.0028479353,-0.0021646037,-0.0018391352,-0.0009540907,-0.0018695014,-0.0014146292,-0.002914637,-0.0032175586,-0.0025338456,0.99387133,-0.0025068128,-0.0017713488,-0.0033116736,-0.0018300154,4.4225435e-06,-0.0022713747,-0.0028195912,-0.0015915462,-0.0031266005,-0.0025877764,0.0,-0.0023297525,-0.0013827691,-0.00073662633,-0.0024785313,-1.7736513e-05,-0.0015646761,-0.0013042933,-0.0013192374
-0.00046891565,0.9948309,-0.0010891441,-0.0010985057,-0.0013048218,0.9955795,-2.8580671e-05,-0.0009755019,1.9402933e-06,0.99493957,-0.0011651727,-0.0011015753,-0.0009383736,-0.0008542427,-1.45333615e-05,-0.0008738053,-4.995207e-05,-0.001086538,0.9950126,-1.8000048e-05,-0.000679215,-0.0011449748,-0.0007631888,-0.00047269583,-0.00081878656,-0.00095949526,-0.0011797103,-0.0004687717,-0.00089529104,-0.0005818298,-0.0007986547,-0.00029521695,-0.0012998929,-0.0006743755,-0.00054398284,-0.00068866444,-0.000665888,-0.0012736948,-2.0416648e-05,-0.0005357442,-0.0005111612,-0.0003247624,-0.00048121656,-0.00042266154,-0.0009702376,-0.0009610474,-0.0012025267,-0.00058842223,-0.0008062789,-0.0007376075,-0.00065025315,-0.0010687138,-0.0007592772,-0.0012384237,-0.00096568576,-0.00023849093,-0.0011049954,-0.00067181786,-0.0008415217,-9.909079e-05,-0.0010737433,-0.0011631738,-0.0011303789,-0.0006903012,-0.00097112363,-0.00030337862,-0.000958741,-0.0006820812,-1.2332294e-05,-0.00086231966,-0.0010866913,-0.0010145362,-3.7916056e-05,-0.00039803825,-0.0011260551,-0.00047707235,-0.00097557146,-0.0012410507,-0.0007236507,0.9954478,-2.0968126e-05,-0.0009598596,-0.0005253135,-0.00038632643,-5.653022e-05,-0.00040326992,-0.00020782097,-0.0010060008,-0.0012327655,-0.00076022965,0.9949292,-0.00074142765,-0.00036317878,-0.001317287,-0.0003882285,-1.8265795e-05,-0.0005723673,-0.0009387369,-0.00028298388,-0.0011658658,-0.00077289616,-0.0004147979,0.0,-0.00019344507,-2.3089868e-05,-0.00070196675,-2.8084101e-05,-0.00028889754,-0.00015664916,-0.00017803157
-0.003426548,0.99431056,-0.0043726796,-0.004389794,-0.004609136,0.9938215,-0.0024851125,-0.004245594,-0.0019011042,0.9942648,-0.004457309,-0.0043800185,-0.0041813343,-0.0040601254,-0.0018488481,-0.004085658,-0.0024676577,-0.0043730414,0.99424744,-0.0022776572,-0.0037985495,-0.004438435,-0.0039512143,-0.0034804526,-0.0040273094,-0.004198599,-0.0044825887,-0.003467429,-0.00410833,-0.0036648584,-0.0039903554,-0.003103933,-0.0046080924,-0.003785665,-0.003589565,-0.0038170782,-0.0037813773,-0.0045826077,-0.0013477262,-0.0035502363,-0.0035297377,-0.0031638867,-0.0034789296,-0.0033331374,-0.0042217085,-0.0042109974,-0.004498431,-0.0036549491,-0.004003014,-0.0038761706,-0.003755424,-0.0043728915,-0.003922583,-0.004537232,-0.004242976,-0.0029624621,-0.0043874704,-0.0037886128,-0.004047674,-0.0026753638,-0.004369426,-0.0044485107,-0.0044215894,-0.0038063428,-0.004235811,-0.0030884715,-0.0041955705,-0.0038031458,-0.0016232878,-0.004072378,-0.004377845,-0.004288119,-0.002487571,-0.0033021583,-0.004412986,-0.0034621877,-0.00420691,-0.0045374674,-0.0038916422,0.99394137,-0.0022181093,-0.0042131585,-0.003542384,-0.0032820145,-0.0025347706,-0.0033241408,-0.0028975005,-0.0043008914,-0.0045357407,-0.003940302,0.99428266,-0.0039058009,-0.0032318886,-0.0046437117,-0.0032609163,-0.0012426649,-0.003638489,-0.0041827527,-0.0030843003,-0.004455161,-0.0039648344,-0.00333242,-0.0036807754,0.0,-0.0023360285,-0.0038221127,-0.0013456674,-0.003056881,-0.0027809355,-0.0028049678
-0.004649431,0.99446803,-0.0054953857,-0.0055189757,-0.0058245277,0.9940055,-0.003935063,-0.0053561586,-0.0033611294,0.9944235,-0.0056179767,-0.0055027227,-0.005311254,-0.0051791957,-0.0033481063,-0.0052087954,-0.0039326763,-0.005490269,0.9944063,-0.0037445815,-0.005004959,-0.0055914414,-0.0050504925,-0.0046682935,-0.0051390496,-0.005307584,-0.0056363605,-0.0046224413,-0.005237793,-0.0047999984,-0.005136428,-0.004400007,-0.0058343653,-0.004929003,-0.0047889557,-0.004930758,-0.004901643,-0.0057924255,-0.0027977088,-0.004746115,-0.0047158413,-0.0044812444,-0.004645525,-0.0045882724,-0.0053427126,-0.0053432286,-0.0056710406,-0.0048158714,-0.0051161493,-0.0050182235,-0.0048887185,-0.005491013,-0.0050442326,-0.0057218294,-0.005331098,-0.0042958157,-0.0055041327,-0.004910011,-0.0051735053,-0.0040707327,-0.0054982533,-0.005567147,-0.005548261,-0.0049406155,-0.0053436593,-0.0043942803,-0.0053346357,-0.0049442914,-0.0032431188,-0.0051915227,-0.0055083563,-0.0054082107,-0.003902014,-0.004542739,-0.0055485065,-0.0046628816,-0.0053439196,-0.005728086,-0.0050178724,0.99410987,-0.0036614304,-0.0053323014,-0.004721855,-0.00454967,-0.003976846,-0.004582516,-0.0042214775,-0.005403672,-0.0057277703,-0.005027689,0.9944393,-0.005003732,-0.0044895653,-0.0058883284,-0.0045241853,-0.00249379,-0.0048139696,-0.00530126,-0.0043689096,-0.0056068893,-0.005069938,-0.004534716,-0.0048531205,-0.0041878335,0.0,-0.004973994,-0.002821235,-0.004318768,-0.004145055,-0.0041504675
-2.8714496e-05,0.9955842,-0.00012208085,-0.0001280194,-0.00018334214,0.9962218,-1.9120242e-05,-0.00010418681,-1.219179e-05,0.99566656,-0.00014317657,-0.000117236516,-9.980416e-05,-8.46939e-05,-1.6923297e-05,-8.927406e-05,-5.5217225e-07,-0.00011927514,0.9957203,-1.08737695e-05,-3.8972517e-05,-0.00014992265,-6.1156614e-05,-1.3570898e-05,-7.718781e-05,-0.00010516032,-0.00015646679,-2.44404e-05,-7.984867e-05,-3.4814777e-05,-7.551345e-05,-2.4665052e-05,-0.00019485634,-3.897395e-05,-2.171575e-05,-5.4209344e-05,-5.7076344e-05,-0.00017714618,-2.0588304e-05,-3.2728545e-05,-3.0887153e-05,-1.49650605e-05,-1.5959515e-05,-1.7801138e-05,-0.0001101785,-0.00010286155,-0.00014905732,-2.8274684e-05,-8.010602e-05,-6.6892935e-05,-5.278341e-05,-0.00012623143,-6.975804e-05,-0.00017041354,-0.00010260175,-5.996869e-06,-0.00012265041,-4.9083195e-05,-7.929269e-05,-2.42612e-05,-0.00011502266,-0.00013811141,-0.00014210852,-4.8086167e-05,-9.7478594e-05,-1.1349379e-05,-0.00010036542,-4.7277583e-05,-2.3520624e-05,-7.8344e-05,-0.00012436871,-0.00012183556,-1.1205599e-05,-2.244034e-05,-0.00012812295,-1.7937897e-05,-9.6974705e-05,-0.00016329697,-6.1566476e-05,0.9960852,-1.37699735e-05,-0.00010663832,-3.4254695e-05,-8.714755e-06,-1.5366646e-05,-2.3609518e-05,-2.440324e-05,-0.000112612935,-0.00016877409,-6.0821956e-05,0.99564224,-6.373855e-05,-1.8934727e-05,-0.0001984521,-1.8111385e-05,8.897012e-06,-4.486436e-05,-9.35607e-05,-2.171322e-05,-0.00014891951,-5.6846955e-05,-2.0336862e-05,-3.590771e-05,-2.1737267e-05,-1.4141582e-06,0.0,-5.5974197e-06,-2.153759e-05,-3.5449157e-06,-3.763486e-06
-0.0067109237,0.9944612,-0.0065501663,-0.006554374,-0.00647784,0.9939679,-0.0064879744,-0.006618886,-0.005079567,0.994406,-0.006534843,-0.0065563247,-0.0066262526,-0.0066244095,-0.0050053415,-0.0066244192,-0.0064382236,-0.0065585785,0.9943871,-0.0061761057,-0.0066868635,-0.0065391576,-0.0066289706,-0.0066965567,-0.0066312025,-0.00662092,-0.0065250783,-0.006704922,-0.0066250223,-0.0066826036,-0.0066379253,-0.0067308494,-0.006475127,-0.006661919,-0.006697979,-0.006642751,-0.0066475803,-0.0064861397,-0.0045675086,-0.006692664,-0.0067100925,-0.0067363097,-0.006701489,-0.0067171655,-0.006616587,-0.006617478,-0.0065138605,-0.006674401,-0.006628657,-0.006629891,-0.006662167,-0.006578001,-0.006625307,-0.0065024663,-0.0066188322,-0.0067315907,-0.006554429,-0.006646939,-0.0066302153,-0.0066985325,-0.0065782964,-0.006527635,-0.0065366235,-0.006647372,-0.006614971,-0.006745652,-0.0066206264,-0.0066550164,-0.0049239835,-0.006627874,-0.006563758,-0.006612517,-0.0065313363,-0.0067365128,-0.006549326,-0.006696009,-0.006618864,-0.006497287,-0.0066252956,0.99408084,-0.006025031,-0.0066201403,-0.0066978806,-0.006717356,-0.0065572783,-0.0067213834,-0.0067315293,-0.0066008847,-0.0065025385,-0.0066252723,0.9944304,-0.0066244644,-0.006727745,-0.006469798,-0.0067172945,-0.004305859,-0.006676751,-0.0066249534,-0.0067404425,-0.006533852,-0.0066231987,-0.0067066727,-0.0066612903,-0.0067249564,-0.006314551,-0.0066389497,0.0,-0.0067124288,-0.006710186,-0.006709774
-0.0028499058,0.9942052,-0.003907909,-0.003929375,-0.0041495976,0.99364233,-0.0016083403,-0.0036647553,-0.00078127393,0.9941538,-0.0039832047,-0.0039174156,-0.0036256376,-0.003514681,-0.0008444172,-0.0035427473,-0.0015795348,-0.003910447,0.9941372,-0.0013579449,-0.0033246337,-0.0039926055,-0.0033920114,-0.0028695422,-0.0034656704,-0.003635351,-0.004003261,-0.0028479712,-0.0035715413,-0.0031326746,-0.0034661987,-0.0024197982,-0.0041503552,-0.0032538318,-0.0029983688,-0.0032710645,-0.0032423243,-0.0041203233,-0.00013854288,-0.002955217,-0.0029259655,-0.0025137176,-0.0028501176,-0.0027586382,-0.0036654156,-0.0036527405,-0.004026032,-0.003144449,-0.0034519066,-0.0033539007,-0.0032305492,-0.0039004544,-0.0033834933,-0.0040625366,-0.0036599569,-0.0022947404,-0.0039295494,-0.0032472792,-0.003515925,-0.0019123715,-0.003903829,-0.003990438,-0.003960415,-0.0032876923,-0.0036667394,-0.0024188086,-0.0036564793,-0.0032836844,-0.00060090143,-0.0035297167,-0.0039193463,-0.0037108224,-0.0016432852,-0.00272201,-0.0039542653,-0.002872137,-0.0036628374,-0.0040706336,-0.0033576773,0.9937848,-0.0012622249,-0.0036472767,-0.002954129,-0.0027138374,-0.0017012457,-0.002754279,-0.0022145049,-0.003821855,-0.004069495,-0.0033736608,0.99416304,-0.0033512814,-0.0026452232,-0.0041700862,-0.0026900796,-0.00011829896,-0.0031378262,-0.0036282085,-0.0023868752,-0.003983202,-0.003410939,-0.0027045514,-0.0031855816,-0.0021668198,-0.001389853,-0.0033114483,-0.00018346473,0.0,-0.0021023264,-0.0021122035
-0.0036389714,0.99433976,-0.0045385663,-0.004517695,-0.0047414773,0.99386215,-0.0028587214,-0.0044148187,-0.0023120106,0.99429476,-0.0045881444,-0.0045071472,-0.0043312903,-0.0042061615,-0.0022969854,-0.004223946,-0.002847822,-0.00453844,0.99427867,-0.0027012415,-0.003975423,-0.0045817387,-0.004101421,-0.003674489,-0.0041677547,-0.0043662405,-0.0046102777,-0.0036639704,-0.0042652856,-0.0038597123,-0.0041563953,-0.0033553042,-0.0047395895,-0.0039449823,-0.0037793084,-0.003994847,-0.0039639417,-0.0047133863,-0.001799236,-0.003742801,-0.0037214265,-0.0034159287,-0.0036780231,-0.0035769644,-0.0043830834,-0.0043733134,-0.0046297037,-0.0038465746,-0.004149638,-0.0040559885,-0.0039187176,-0.0044985455,-0.004082058,-0.0046612434,-0.0043977965,-0.0032559738,-0.00455075,-0.003973112,-0.0041932566,-0.003042219,-0.0044918167,-0.004609312,-0.0045812433,-0.0039830836,-0.004403233,-0.0033625527,-0.004348552,-0.0039681788,-0.0021528641,-0.0042164344,-0.0045401314,-0.0044386564,-0.0028598965,-0.0035475227,-0.0045463815,-0.0036669823,-0.004360413,-0.0046909023,-0.0040522143,0.9939788,-0.0026262307,-0.0043940246,-0.0037454877,-0.0035304837,-0.0029098915,-0.003544166,-0.0031960935,-0.004465454,-0.004666012,-0.0040826686,0.9943094,-0.0040636556,-0.0034476805,-0.004783132,-0.0035127762,-0.0016968815,-0.0038448658,-0.0043477966,-0.0033446923,-0.004583205,-0.00411614,-0.003555038,-0.0038829057,-0.0031677282,-0.0027451392,-0.0040203314,-0.0018356409,-0.003323754,0.0,-0.0031251295
-0.0034892561,0.99433225,-0.0044261916,-0.00442252,-0.0046550557,0.99385303,-0.002538943,-0.004288125,-0.0019526383,0.99428666,-0.0044952515,-0.004409031,-0.00422458,-0.004111321,-0.0018931207,-0.0041325167,-0.0025020891,-0.0044068936,0.9942717,-0.0023645314,-0.0038512798,-0.0044781696,-0.00399501,-0.0035297808,-0.0040718783,-0.0042660167,-0.0045142556,-0.0035148985,-0.004156323,-0.0037190125,-0.00404976,-0.003157873,-0.0046523693,-0.0038265798,-0.0036606104,-0.003872622,-0.0038432823,-0.0046296376,-0.0014265003,-0.0036260148,-0.003575786,-0.0032353592,-0.0035205611,-0.0034052702,-0.0042900573,-0.0042777425,-0.0045340788,-0.0037223988,-0.004049089,-0.0039578998,-0.0038004713,-0.0044074454,-0.00398543,-0.004569006,-0.0042775194,-0.0030487257,-0.00442114,-0.00386178,-0.0041017868,-0.0027781478,-0.004395893,-0.0045042285,-0.004455766,-0.0038576832,-0.0042861705,-0.0031749683,-0.004279373,-0.0038539008,-0.0017943038,-0.0041229846,-0.0044153803,-0.0043401066,-0.002557228,-0.003395037,-0.004445588,-0.0035157634,-0.0042845737,-0.0046084956,-0.00394469,0.99396795,-0.002288742,-0.004274149,-0.0036129446,-0.0033754713,-0.0025829168,-0.0034032175,-0.0029750369,-0.004329323,-0.004567893,-0.003975583,0.9942996,-0.0039590644,-0.0032850474,-0.004675468,-0.0033491522,-0.001316932,-0.003713804,-0.004250356,-0.0031265568,-0.0044912132,-0.0040115006,-0.0033972585,-0.0037492153,-0.0029012437,-0.002404102,-0.0039015904,-0.001396202,-0.003124437,-0.0028446813,0.0
