1,2,3,4,5,6,7,8,9,10,11,12,13,14,15,16,17,18,19,20,21,22,23,24,25,26,27,28,29,30,31,32,33,34,35,36,37,38,39,40,41,42,43,44,45,46,47,48,49,50,51,52,53,54,55,56,57,58,59,60,61,62,63,64,65,66,67,68,69,70,71,72,73,74,75,76,77,78,79,80,81,82,83,84,85,86,87,88,89,90,91,92,93,94,95,96,97,98,99,100,101,102,103,104,105,106,107,108,109,110
0.0,0.008249275,0.009836447,0.005155588,0.010165612,0.005267127,0.008730715,0.010237569,0.009268852,0.008886418,0.009324055,0.003367629,0.0063637854,0.008666059,0.010424066,0.009987921,0.009754847,0.009934161,0.0055714296,0.0100784125,0.010120039,0.00019343372,0.0074732425,0.00898476,0.0044549014,4.9700564e-05,0.007754405,0.00027438835,0.008816831,4.6822115e-05,0.010399641,4.8119644e-05,0.010368634,0.010677956,0.0053513586,0.008981095,0.0067199185,0.009073937,0.009258034,0.003837329,0.00096795615,4.9518843e-05,4.2524807e-05,0.01024186,0.00053331617,0.0055370405,0.010472378,0.009517867,4.9111106e-05,0.009952673,5.3382835e-05,0.009837567,0.007474793,0.010547468,0.010311336,0.009702975,0.010015972,0.004642067,0.00961572,5.3875992e-05,0.007680699,0.006686725,0.009344117,0.007814022,0.006448066,0.009825229,0.010068749,0.003768742,4.6929446e-05,0.0051547005,0.00900591,0.009922649,0.009873562,0.0058030896,0.003600813,0.004658994,0.010419036,0.0101275705,0.009493386,0.009070558,0.0083336495,0.0026459938,0.008105627,0.009346488,0.010325283,0.008159152,0.009260719,5.2142997e-05,0.009975834,0.010625153,4.9433704e-05,0.009731753,0.0011043928,0.008647142,0.0036014344,0.0057456126,0.0075457776,0.007757647,0.00939341,4.5356064e-05,0.004160168,0.0019723962,0.003680834,0.009840166,0.0062400196,5.1326795e-05,0.0063960017,5.2410545e-05,0.016172083,5.0729694e-05
0.0081457505,0.0,0.010257265,0.0059955777,0.010271708,0.0056719654,0.00915915,0.010363537,0.009442496,0.009096615,0.009532717,0.0037108967,0.006768044,0.008930859,0.010710919,0.0102298865,0.009871259,0.010251662,0.005857945,0.010112951,0.010273747,0.00051580754,0.007676877,0.009174773,0.004726884,5.4288503e-05,0.0078218365,0.0006779746,0.008953183,5.2576863e-05,0.01047325,5.6348978e-05,0.010372545,0.010590016,0.005717081,0.009141579,0.006790763,0.009437302,0.009399174,0.0041453703,0.0015816375,5.483705e-05,5.0121373e-05,0.010578784,0.0010253631,0.0057899705,0.010535567,0.00967052,4.9346778e-05,0.010155485,5.2818377e-05,0.009913172,0.008006037,0.0107631665,0.010430691,0.009931955,0.010256761,0.004987843,0.009888747,5.7111247e-05,0.007858163,0.007057735,0.009580393,0.008049285,0.006624541,0.010075684,0.010305866,0.00419991,5.319865e-05,0.005370716,0.009204044,0.01010631,0.010129137,0.0064100376,0.0036752636,0.0050581903,0.010637846,0.010292529,0.009774951,0.009283132,0.008617966,0.0030071056,0.0083570015,0.00987313,0.010552207,0.00857342,0.009501378,5.2969106e-05,0.010313134,0.01081641,5.5546516e-05,0.009986184,0.0009662951,0.008856663,0.0041248095,0.005978937,0.007991892,0.008059074,0.009595453,5.1769548e-05,0.0046669957,0.0023025158,0.003971424,0.009978083,0.006651599,5.287724e-05,0.00650804,0.00032949445,0.016209196,5.539171e-05
0.010362669,0.010838641,0.0,0.0077657616,0.013014741,0.007862694,0.011199774,0.013233147,0.011689621,0.011535504,0.011887928,0.005940907,0.008376647,0.01156443,0.013404878,0.0126541685,0.012203938,0.012545098,0.00801379,0.013204907,0.013498003,0.0029999902,0.009965721,0.011317336,0.0068961605,5.1661893e-05,0.010248104,0.0034308466,0.01122863,4.9416165e-05,0.013218672,4.9010025e-05,0.0134370625,0.013330874,0.007776301,0.011742155,0.00902887,0.012729427,0.011890449,0.006233975,0.0035294471,5.039211e-05,4.5373363e-05,0.0132855885,0.003379638,0.007947111,0.013081589,0.0121266125,5.11363e-05,0.012566346,0.0021314071,0.012368984,0.009796789,0.013796452,0.0132764345,0.0124367,0.013572736,0.0072324406,0.012280329,0.0019479778,0.010142921,0.008924485,0.0115600685,0.010336841,0.0087140035,0.01307814,0.0124834655,0.006461644,5.0260584e-05,0.0075601013,0.012748878,0.0132700605,0.012788266,0.008056684,0.006006614,0.0072873756,0.013314461,0.0138235185,0.012786663,0.011399603,0.011023855,0.0048687267,0.010675612,0.012018973,0.01322909,0.010760288,0.0119568845,0.0023824926,0.014064296,0.013674806,5.1413128e-05,0.01229245,0.004418458,0.011186932,0.006251096,0.008196528,0.010091149,0.01008949,0.011683793,4.7095466e-05,0.0067274384,0.0049459254,0.0061659887,0.012543132,0.008523081,4.8587157e-05,0.00905659,0.0031214477,0.018598452,4.67026e-05
0.005902612,0.0068644164,0.008297814,0.0,0.007937249,0.0032466473,0.007365482,0.008411115,0.0077322624,0.007151584,0.007988089,0.0010344312,0.006004435,0.0068077375,0.009529105,0.008423087,0.008573743,0.008775182,0.0034469666,0.009115734,0.009219605,4.3456483e-05,0.005274093,0.007245416,0.0024224676,4.4820514e-05,0.0054679876,4.3063104e-05,0.0072470093,4.7011756e-05,0.0092553785,4.7431135e-05,0.009832838,0.009015797,0.003816505,0.006533536,0.0041159783,0.009067152,0.007770455,0.0014443491,0.00033620358,4.179544e-05,4.2083208e-05,0.009289722,4.8922255e-05,0.0038170053,0.008876827,0.0072440743,3.8030805e-05,0.008745133,4.7133628e-05,0.008415828,0.006210357,0.009226147,0.0092378855,0.008367271,0.009011692,0.0021994233,0.008286676,4.7406735e-05,0.0057583526,0.0052363076,0.007849571,0.0056801783,0.0039494312,0.008830773,0.008925773,0.0012950975,4.1757816e-05,0.0028659455,0.008949595,0.0089656385,0.007888642,0.0051529664,0.001203291,0.0024643205,0.009017438,0.008651738,0.009644216,0.007266543,0.006458055,0.000594041,0.006012135,0.008154066,0.009202426,0.0066850483,0.007593086,4.609651e-05,0.00888289,0.00926387,4.2713044e-05,0.008172322,4.612786e-05,0.006745775,0.0014170058,0.00355412,0.006167218,0.0065159146,0.007990234,4.078865e-05,0.0022104604,4.582249e-05,0.0010687343,0.007923108,0.005325637,4.5444995e-05,0.0038168246,4.6976358e-05,0.016943056,4.109884e-05
0.00996888,0.0104237,0.012313797,0.0074328287,0.0,0.0075815795,0.010809708,0.0128552755,0.011364087,0.011049407,0.01139018,0.0057831467,0.007759212,0.011203843,0.01272649,0.012183826,0.01152136,0.011948333,0.007894582,0.01281493,0.013160942,0.0028618828,0.009685281,0.011034388,0.006667666,4.850706e-05,0.01006437,0.0033701765,0.01079498,4.997662e-05,0.012939108,4.93117e-05,0.013086281,0.012893556,0.007379075,0.011454313,0.008990696,0.01159445,0.011325543,0.00620704,0.0031422018,5.0868894e-05,4.745765e-05,0.012743479,0.0033391756,0.0075188065,0.012697197,0.011593367,4.8157046e-05,0.011917023,0.002061199,0.0120280245,0.0093561,0.013269435,0.012494295,0.011936672,0.01319726,0.0071654585,0.011763503,0.0019163829,0.009704884,0.008512296,0.011173298,0.010039107,0.008479072,0.0124569,0.01196688,0.0065481896,4.888085e-05,0.0073228646,0.011985333,0.012625821,0.012464913,0.0075895623,0.0057609268,0.007149227,0.0128270155,0.012952695,0.012219256,0.011167995,0.010686839,0.0047005313,0.010430655,0.011468953,0.012591489,0.010146283,0.011576962,0.00200727,0.01331301,0.0131481,4.9236354e-05,0.011863546,0.0045688944,0.010889023,0.006051421,0.008044375,0.009563355,0.009657379,0.011385538,4.614512e-05,0.0066267657,0.004842229,0.005926038,0.012181708,0.008283139,4.825254e-05,0.008739463,0.00333871,0.018021157,4.7375222e-05
0.005124581,0.0058596465,0.007851808,0.0027077692,0.007892353,0.0,0.0063919686,0.00824008,0.0070981095,0.006469429,0.0073924637,0.00040501394,0.0036816567,0.00634666,0.009145254,0.007898377,0.0078047067,0.008094643,0.002671883,0.009502125,0.008920813,6.42148e-05,0.0047053196,0.00660774,0.0012542016,5.912533e-05,0.0049130805,6.2991e-05,0.0063817035,6.0382346e-05,0.008842438,6.225477e-05,0.009741651,0.008940503,0.0023755303,0.0066100657,0.003991484,0.009565776,0.0070676208,0.00077042857,6.701666e-05,5.967267e-05,5.699557e-05,0.008878147,6.2172854e-05,0.0025820187,0.0089159245,0.007142026,6.126851e-05,0.008283223,6.101962e-05,0.0077856183,0.0050685196,0.009278356,0.009444692,0.007815311,0.009365999,0.0020572846,0.0075606974,6.071163e-05,0.0050353245,0.0039248695,0.0070106885,0.005073027,0.0036255778,0.008841938,0.008233432,0.0014964935,5.6724934e-05,0.002057645,0.009279419,0.009379306,0.007855416,0.0034389745,0.00018564989,0.002131806,0.008574335,0.008746099,0.009550234,0.006588856,0.005737451,6.719881e-05,0.005621442,0.0071829595,0.009285879,0.005737425,0.0069095837,6.2729116e-05,0.008965797,0.008878971,6.014066e-05,0.007382742,6.150856e-05,0.0062021217,0.0010246175,0.0030190218,0.0047791693,0.005265781,0.0072324304,5.1905463e-05,0.0013123164,6.422367e-05,0.0008010309,0.007509128,0.0036978042,6.2635925e-05,0.0037022212,6.0125596e-05,0.016146423,5.631086e-05
0.008466258,0.00917016,0.010538199,0.006289245,0.010676372,0.0061850217,0.0,0.010788419,0.009973701,0.009659303,0.009948883,0.0044360696,0.007345098,0.009437217,0.011071231,0.010679589,0.010454569,0.010676222,0.0063593662,0.010504176,0.010615913,0.0013644758,0.008156983,0.009701813,0.005467004,5.7907735e-05,0.008515695,0.001330947,0.009454244,5.4715983e-05,0.010674679,5.7470435e-05,0.010776309,0.011179192,0.0062662805,0.009669927,0.0072399313,0.009572136,0.009832114,0.004590739,0.0024601824,5.9687154e-05,5.140354e-05,0.011029342,0.0015242037,0.0063781105,0.0108286,0.010012941,5.7594763e-05,0.010633563,0.00029112003,0.010418759,0.008381668,0.011163494,0.010901291,0.010509078,0.01056768,0.005457228,0.010316834,0.00016803002,0.0084163705,0.0074612168,0.009898931,0.008546761,0.007198969,0.01044835,0.010779561,0.0047297077,5.810595e-05,0.00597909,0.00959937,0.010568405,0.010445406,0.0067904843,0.004446952,0.005526034,0.010959384,0.010709688,0.0101304855,0.009582161,0.008899529,0.0036329434,0.008708325,0.010171455,0.011010351,0.0089001525,0.009972194,0.0001634601,0.010763229,0.011051216,5.439342e-05,0.01041655,0.0018812984,0.0092655355,0.0046081203,0.00651,0.008398093,0.008581251,0.010127338,5.0998326e-05,0.0051415963,0.0029901655,0.004487051,0.010408535,0.0071661705,5.5592976e-05,0.0069957986,0.00091160357,0.016186116,5.6276007e-05
0.010622484,0.011034917,0.013152156,0.00795379,0.0133774895,0.008189043,0.011429939,0.0,0.011998696,0.011853348,0.012337836,0.0065036486,0.008572797,0.011915733,0.01395669,0.013050556,0.012380172,0.0127404,0.008438405,0.0138442535,0.014033858,0.0036076354,0.0103365285,0.011582657,0.007359012,4.8003312e-05,0.010715874,0.003924761,0.011349389,4.965672e-05,0.013752211,4.961864e-05,0.014066208,0.013741115,0.0079970015,0.012050574,0.009416652,0.01342981,0.012126134,0.006607841,0.0038590261,4.919943e-05,4.385882e-05,0.013713916,0.0039545665,0.00823086,0.013563645,0.0123984795,4.7817342e-05,0.013015255,0.0027739531,0.012817794,0.010053278,0.014228835,0.013751912,0.01278992,0.014302438,0.007499563,0.0124831945,0.0025478133,0.010332249,0.009018217,0.011929045,0.010580532,0.009134052,0.013497347,0.012708792,0.0070570107,5.086424e-05,0.008017416,0.013496014,0.0137854945,0.013280494,0.008238909,0.0065254103,0.00781847,0.01360149,0.014278754,0.013460381,0.011623432,0.011166549,0.0052826577,0.010999829,0.012084291,0.013707349,0.010846517,0.012144997,0.0028778072,0.0146082435,0.014086066,4.667308e-05,0.0125186425,0.0051084557,0.011572999,0.0064548957,0.008482041,0.010287307,0.010363253,0.011960356,4.3909928e-05,0.007028965,0.005291889,0.0065531097,0.012842309,0.008675997,4.9930695e-05,0.009214864,0.003875347,0.019130042,4.932865e-05
0.009562257,0.009893039,0.011463747,0.006750875,0.011869127,0.006908493,0.010334005,0.011915268,0.0,0.010551635,0.011211816,0.005265028,0.008080731,0.010406093,0.012255379,0.011734326,0.01136843,0.011693531,0.0073409746,0.0119879395,0.0120791765,0.0021285077,0.009021117,0.010575715,0.0064734616,5.5253076e-05,0.00952476,0.002138716,0.01040104,5.163064e-05,0.012025018,5.501632e-05,0.012301349,0.012338779,0.0072318763,0.010584322,0.008212196,0.011524106,0.010938038,0.005432317,0.0030765464,5.2957643e-05,4.758772e-05,0.012288798,0.0022417663,0.007388757,0.012137796,0.0111007225,4.8205355e-05,0.011644645,0.001105448,0.011588271,0.009181228,0.012371227,0.012139682,0.011572761,0.011902395,0.0062518707,0.011472398,0.00088815513,0.009441174,0.008286698,0.010925323,0.009402449,0.008079061,0.011965198,0.011715907,0.0055426448,5.194599e-05,0.00672384,0.011337743,0.011896507,0.011603918,0.0074764644,0.0053674094,0.006386454,0.012010585,0.012047419,0.011418594,0.010487795,0.009900983,0.004304592,0.009672381,0.011049714,0.01225354,0.009594363,0.010843837,0.0011552955,0.012021436,0.012157607,4.959743e-05,0.01144952,0.0030343211,0.010543216,0.005234127,0.007182523,0.009411937,0.0095426,0.011161036,5.110627e-05,0.005918257,0.003963778,0.005294066,0.01135267,0.0078927465,5.4369295e-05,0.007889652,0.0017662756,0.016859697,5.2763706e-05
0.009170521,0.0095263235,0.011268768,0.006512034,0.011318294,0.0064027337,0.009951144,0.011509731,0.0105847055,0.0,0.010789251,0.004843445,0.0077070375,0.009972248,0.011840753,0.011365375,0.011069273,0.011453525,0.006853826,0.011469571,0.011464517,0.0016629786,0.008689682,0.010274616,0.006053665,4.699294e-05,0.0092697535,0.0015532793,0.010105824,5.0221286e-05,0.011648776,4.6561046e-05,0.0117318975,0.011922028,0.0067473925,0.010189437,0.0079685245,0.010817194,0.010723489,0.004982961,0.0025354985,4.799959e-05,4.040468e-05,0.011839178,0.0016673127,0.006965167,0.011708536,0.010599112,4.311052e-05,0.011332153,0.00047680014,0.011069174,0.008775585,0.011916728,0.01165769,0.011171781,0.011373421,0.0059118303,0.011044765,0.00029428196,0.008886757,0.008031571,0.01058146,0.009001023,0.00753435,0.011406002,0.011523317,0.004967886,4.797755e-05,0.0064113066,0.010783923,0.011434837,0.011090963,0.007061683,0.0049344297,0.0058071846,0.011658459,0.011372443,0.010850587,0.010148177,0.009589077,0.0038295356,0.009321972,0.010641744,0.01177198,0.009302399,0.010420159,0.0005912615,0.011436318,0.011802572,4.9242968e-05,0.0109630395,0.0024865437,0.010083035,0.00476484,0.0068359203,0.009014999,0.009204399,0.010669701,4.569983e-05,0.005469711,0.003319153,0.0046897666,0.011180305,0.007725591,4.5789635e-05,0.00759371,0.0010600316,0.016713357,4.5284603e-05
0.009991746,0.010439552,0.012268428,0.0072725625,0.012280275,0.0071669505,0.010907196,0.012628288,0.011656433,0.011292386,0.0,0.005597594,0.008664984,0.010860843,0.013293643,0.012395313,0.012431205,0.012573587,0.007822713,0.013242221,0.013021802,0.002455016,0.009478025,0.01124084,0.006816509,4.0677594e-05,0.0102173975,0.0026275876,0.010932968,4.0516657e-05,0.012788839,4.162133e-05,0.013369588,0.013098654,0.007644679,0.011119569,0.008656419,0.012877972,0.011668238,0.005803837,0.0034846407,4.0679435e-05,4.002521e-05,0.013145402,0.0026677332,0.0077580865,0.013000534,0.011520405,4.0852676e-05,0.012610056,0.001495473,0.012424729,0.009522352,0.013319403,0.013358015,0.012375486,0.013074462,0.006646333,0.012179067,0.0013646337,0.009927376,0.008694171,0.011488,0.009740846,0.008357629,0.012964208,0.012652315,0.0057124547,4.1039315e-05,0.007286897,0.012761206,0.013281099,0.012236254,0.007748547,0.0059571527,0.0066519156,0.012796182,0.012912748,0.013192428,0.010986587,0.010384905,0.0047871694,0.010145296,0.011662025,0.013310374,0.010142821,0.011283629,0.0017045687,0.012945652,0.012860689,3.9952207e-05,0.011964956,0.0034064758,0.011176705,0.005517157,0.007658838,0.010177792,0.010067595,0.0119326385,3.9966268e-05,0.0063886805,0.0043095094,0.00554963,0.012157129,0.008421257,4.2639713e-05,0.008231658,0.0020502491,0.017411595,3.818074e-05
0.0042884513,0.0047692796,0.0073942384,0.0014059242,0.0072218133,0.001144384,0.0055996766,0.007785845,0.006500728,0.005841159,0.0068839244,0.0,0.003477774,0.0052666706,0.008717748,0.0073438566,0.007273332,0.0076793195,0.0015988669,0.008852293,0.008518839,4.736843e-05,0.003662662,0.006055461,0.00048564342,3.736788e-05,0.0043619126,4.961163e-05,0.005687846,4.68901e-05,0.008368443,4.4773275e-05,0.00912442,0.008557907,0.0017102617,0.0056866165,0.0027251984,0.008447348,0.006517439,4.522361e-05,5.119304e-05,4.719055e-05,3.8480568e-05,0.008409385,4.358727e-05,0.0017318928,0.008423712,0.006317234,4.0669885e-05,0.00785974,4.2494783e-05,0.007127586,0.0042150677,0.008980277,0.008904606,0.007213658,0.009063224,0.00039851162,0.0068723746,4.490518e-05,0.0041887113,0.003186251,0.006337183,0.0041777543,0.0025275894,0.008428729,0.0076187802,4.576944e-05,3.982599e-05,0.0008262174,0.008382831,0.008484983,0.0072772424,0.0023140914,4.7842575e-05,0.0004138467,0.0080751935,0.0086464295,0.009003618,0.005698853,0.0047123013,4.909352e-05,0.0045120395,0.0065197656,0.009022258,0.0046725534,0.0061785206,4.6112513e-05,0.008971801,0.008467067,3.946541e-05,0.0068764067,4.7248282e-05,0.0056465156,4.53918e-05,0.0014475769,0.00429191,0.0046848506,0.0066128457,3.2616612e-05,5.251303e-05,4.6861e-05,4.5310404e-05,0.0069352183,0.0030683721,4.188093e-05,0.0020639196,4.7452504e-05,0.017773468,4.4381413e-05
0.007399353,0.008355004,0.00955771,0.006565074,0.009378795,0.0043960484,0.008965697,0.009865504,0.009261102,0.00883343,0.00941449,0.003467326,0.0,0.0077800816,0.010452223,0.009850735,0.010241423,0.010489703,0.0050415667,0.010383943,0.010010391,0.00015408976,0.006524569,0.009014003,0.004764032,4.0376483e-05,0.007211553,4.331245e-05,0.008995497,4.4905428e-05,0.010642382,4.1730105e-05,0.010580084,0.010373317,0.007040572,0.007973143,0.0055589085,0.010332958,0.00915078,0.0029810187,0.005079789,4.406994e-05,3.8204555e-05,0.010429611,4.8786333e-05,0.006391822,0.010358557,0.008720044,3.951392e-05,0.010095855,4.6663146e-05,0.009641307,0.00855435,0.010496724,0.010480365,0.009788719,0.010489965,0.0032124384,0.009994277,4.2095588e-05,0.007207815,0.00813709,0.009353509,0.0070681404,0.005877004,0.010156105,0.010368772,0.0019648168,4.3615953e-05,0.0044917744,0.010324412,0.010225955,0.009199003,0.008295107,0.003975682,0.0032591135,0.010276833,0.01024133,0.011078198,0.008314174,0.007492965,0.0034248969,0.007021372,0.009775771,0.010587523,0.00827125,0.0085499585,4.6826848e-05,0.01025071,0.010253855,3.9190247e-05,0.009524374,4.2647836e-05,0.0083745085,0.0024982374,0.004561536,0.009050606,0.009443223,0.009812183,4.017001e-05,0.0041840347,0.000653258,0.0023412954,0.009171084,0.008589444,4.28154e-05,0.0044223727,4.654411e-05,0.01993527,4.1321833e-05
0.00820083,0.008702912,0.01023104,0.005526516,0.010544588,0.006144364,0.009043953,0.010667595,0.009449048,0.009056311,0.009535992,0.0039398726,0.0058495435,0.0,0.010778209,0.010372137,0.009709534,0.010052068,0.0060733627,0.010488706,0.010573731,0.0006531633,0.007822948,0.009152743,0.0046797255,4.631895e-05,0.008046004,0.0014053184,0.009066553,4.8324597e-05,0.0107616335,4.9440976e-05,0.010716551,0.010807268,0.0054815016,0.009722819,0.0072826263,0.009872311,0.009438485,0.004154394,0.0007830724,4.8058206e-05,4.1408424e-05,0.010694169,0.0014843442,0.005631457,0.01061104,0.009863754,4.640389e-05,0.010075778,5.0226186e-05,0.010137209,0.0076626255,0.011081275,0.010568637,0.010046546,0.010666677,0.005367921,0.009918651,5.205915e-05,0.007987258,0.00667041,0.009476298,0.0081542665,0.0067447275,0.010242007,0.010177898,0.004787633,5.038586e-05,0.005465137,0.009726991,0.010250161,0.010557156,0.005917079,0.0037205743,0.0055769254,0.010936744,0.010651905,0.009929706,0.009427217,0.008953539,0.0027828289,0.008875424,0.009506962,0.01061359,0.008421027,0.00986929,4.854395e-05,0.010648196,0.011073514,5.015846e-05,0.01004491,0.00272196,0.008869989,0.0043493807,0.006414028,0.0075628012,0.0076819602,0.009375086,4.4371976e-05,0.004760605,0.0027380749,0.004274614,0.010264276,0.006074769,4.9554194e-05,0.007205847,0.0014921023,0.016374255,4.8938324e-05
0.012198287,0.012540294,0.0150094405,0.009392631,0.015092527,0.009443408,0.012991069,0.015665652,0.01396801,0.013674081,0.014440644,0.008113992,0.010698463,0.013107797,0.0,0.014944256,0.014748998,0.015177697,0.009965054,0.016989807,0.016688302,0.005278851,0.011604433,0.013191081,0.009193672,0.0019935376,0.012442974,0.005403973,0.013190164,4.9829192e-05,0.015914118,0.00072162994,0.017246678,0.015905967,0.00992192,0.013348093,0.010793223,0.01755759,0.014151558,0.008145825,0.0060511488,5.0144383e-05,4.7538986e-05,0.016543796,0.0053220354,0.009945105,0.016086062,0.013709088,4.713056e-05,0.015662616,0.004527297,0.014742903,0.011492417,0.016875135,0.016788246,0.014947253,0.017305458,0.00897745,0.014486751,0.0041857674,0.0118306335,0.010849859,0.01366787,0.011898137,0.010572346,0.016756471,0.0150520485,0.008138808,0.00025842557,0.009431026,0.017684015,0.017324055,0.014778687,0.009934993,0.008216052,0.009090767,0.015585711,0.017019244,0.01827631,0.012978814,0.012545878,0.007095129,0.012256747,0.014100577,0.01658724,0.012443178,0.013637963,0.0046520084,0.017416848,0.016072635,5.0617713e-05,0.014326773,0.0062741903,0.013364199,0.0077979225,0.009983276,0.012324453,0.01226876,0.014090851,4.601639e-05,0.008772404,0.006813927,0.007876043,0.0145023,0.0107478015,4.9261525e-05,0.010400891,0.0050491514,0.022166498,4.7888792e-05
0.010167926,0.010684203,0.012464227,0.0077075134,0.01255359,0.007696016,0.011102188,0.012821895,0.0116984425,0.011380712,0.011859218,0.006023349,0.008721401,0.01114706,0.013186219,0.0,0.012159152,0.012481249,0.008124725,0.013011126,0.013041077,0.002942961,0.0098105315,0.0113879405,0.0072098165,4.9168764e-05,0.010266395,0.003208682,0.011097686,4.8592796e-05,0.0129166795,4.9900664e-05,0.013151974,0.013077257,0.007786906,0.011407125,0.009103571,0.012553399,0.011768438,0.0062736385,0.0038633442,4.9175083e-05,4.727363e-05,0.0130944345,0.0033310684,0.007942698,0.0130329365,0.011710985,4.667976e-05,0.012544571,0.002060052,0.012386449,0.009886971,0.013390774,0.01307993,0.012377077,0.013148132,0.0070323832,0.012123235,0.0018724796,0.009937704,0.009076869,0.011625736,0.010110775,0.0087968,0.012949219,0.012516858,0.006288296,5.0050174e-05,0.007495375,0.012501586,0.01306154,0.012527329,0.008050397,0.0061671464,0.007185783,0.013027847,0.013184997,0.012560403,0.011175677,0.010590314,0.005111074,0.010522174,0.0117845265,0.013062045,0.010529323,0.0116455015,0.002180004,0.013259499,0.013227587,4.781648e-05,0.012122313,0.0039754277,0.011225013,0.005973075,0.008158321,0.010156975,0.010162574,0.011906663,4.5932135e-05,0.006803733,0.004746795,0.0060416656,0.01232259,0.008603803,4.819021e-05,0.008662911,0.0028917023,0.017564734,4.6685647e-05
0.010171555,0.010540704,0.012217742,0.007695619,0.012410062,0.007469062,0.011037849,0.012749722,0.011663447,0.0114985285,0.01222793,0.0059008873,0.009349832,0.01091736,0.01348867,0.012448211,0.0,0.0127449175,0.0078901425,0.013022327,0.012923248,0.0027554,0.00963913,0.011299678,0.00721781,4.5712604e-05,0.0102120275,0.0027950532,0.011141179,4.595656e-05,0.01269694,4.2548356e-05,0.013190512,0.013099393,0.008116662,0.011032311,0.008653671,0.013045105,0.011837991,0.005927099,0.0041465126,4.636702e-05,3.8477483e-05,0.013302561,0.002809841,0.008049327,0.013060216,0.011606893,4.0801697e-05,0.012740043,0.0019050109,0.0124237,0.009896856,0.013332574,0.013353491,0.01240917,0.01283944,0.0066689267,0.0122569855,0.0015908143,0.009857481,0.009169176,0.011656045,0.009911507,0.008589967,0.013220324,0.012790793,0.0058240807,4.398223e-05,0.007405448,0.013025195,0.013270573,0.012114611,0.008332459,0.0062282733,0.006704812,0.012849538,0.012996994,0.0133097,0.0109511325,0.010358291,0.005113475,0.010032549,0.011911766,0.013288728,0.010273642,0.011278586,0.0019353924,0.013038728,0.012846931,4.3492288e-05,0.01206365,0.0031853048,0.0111741675,0.0056749545,0.0076941997,0.0103816,0.010431358,0.012090034,4.035442e-05,0.0066518635,0.0043816417,0.005620959,0.011993016,0.008760505,4.2023847e-05,0.008293952,0.0018453175,0.017354345,4.4270397e-05
0.010601137,0.011041641,0.012772062,0.008221526,0.012950442,0.007974689,0.011619011,0.013267163,0.012297576,0.012035204,0.012747694,0.006390939,0.009956913,0.011315713,0.014073405,0.013218094,0.013092129,0.0,0.008517489,0.013875982,0.0137213785,0.0032974698,0.010082617,0.011841148,0.007918888,4.5464116e-05,0.010789799,0.0034649235,0.011795728,4.9622595e-05,0.013301965,4.7546117e-05,0.014000146,0.0136312125,0.008672024,0.011392181,0.009203301,0.013526969,0.012426563,0.0065751565,0.0049368436,4.8503192e-05,4.588121e-05,0.013920661,0.0034649645,0.008757364,0.01366302,0.012101128,4.4118882e-05,0.013372824,0.002485428,0.012920043,0.010335909,0.014029728,0.014129269,0.012949108,0.013458076,0.007218061,0.0128376335,0.00229812,0.01048972,0.009783189,0.012199816,0.010542034,0.009162283,0.013820934,0.013328986,0.0062883347,4.7985697e-05,0.0080447635,0.013418001,0.013926404,0.0124936225,0.008887583,0.0067996406,0.0073465416,0.013423314,0.013574191,0.013482355,0.01157553,0.010979027,0.005629612,0.010569581,0.012418722,0.014055224,0.010848062,0.01184947,0.0027936231,0.013712664,0.013333982,4.410482e-05,0.012588108,0.0036250986,0.011742763,0.006289416,0.008370052,0.0111392,0.011147042,0.0126318885,3.9955565e-05,0.0073585403,0.005167928,0.0063034124,0.012554401,0.009651212,4.734738e-05,0.008760029,0.0023638713,0.017932514,4.6283854e-05
0.005847644,0.0062725274,0.008353185,0.0028748186,0.008419328,0.0031413275,0.007041052,0.008745278,0.007627626,0.0072068423,0.0077812155,0.001105657,0.0045173634,0.0068365624,0.00932702,0.008402323,0.008179658,0.008565131,0.0,0.009094197,0.008825503,5.090545e-05,0.0054110396,0.0071999733,0.002686494,5.1669354e-05,0.006092945,5.0274168e-05,0.0070481743,5.010341e-05,0.008919326,5.1140916e-05,0.009237784,0.009189667,0.00331148,0.007072624,0.0045975144,0.0082086,0.007643517,0.001546919,5.7879763e-05,5.4684864e-05,4.589247e-05,0.009026289,5.53931e-05,0.00358301,0.009013178,0.0077053066,5.0980318e-05,0.008435798,5.021863e-05,0.008298484,0.005812884,0.0094328,0.009249784,0.008162708,0.009121022,0.0024746265,0.00804025,4.988938e-05,0.0059302957,0.004684335,0.007664878,0.0056982567,0.0043736077,0.008897377,0.008581029,0.0014136308,5.4358792e-05,0.002801699,0.008106181,0.00903576,0.008262753,0.0036005906,0.0015706606,0.0024049152,0.008965972,0.008921213,0.008581625,0.007159751,0.0061763404,0.0004126697,0.006135949,0.007638501,0.009320958,0.006052033,0.007520173,5.1047733e-05,0.0090825865,0.009099189,5.2829037e-05,0.00795931,5.4425705e-05,0.0070180856,0.0012766568,0.0033617965,0.0056256372,0.0060532405,0.0077151763,4.838343e-05,0.0020657955,5.757461e-05,0.0013435048,0.008143171,0.0045814835,4.842418e-05,0.0041979128,5.207869e-05,0.01585202,5.1908708e-05
0.012787988,0.012839527,0.015548635,0.009680719,0.015664168,0.009884635,0.013232316,0.016148726,0.01453002,0.01412894,0.015388,0.00882306,0.011206891,0.013769155,0.017375825,0.015508486,0.015328558,0.015707524,0.010592906,0.0,0.018000895,0.0059787217,0.012238348,0.013745814,0.009981265,0.0032158783,0.013335408,0.0062632263,0.013430754,0.0005074594,0.01764324,0.0017782195,0.01909961,0.017085483,0.010315639,0.013890944,0.011358097,0.019101359,0.014761463,0.008831625,0.0067140018,0.0012897055,4.7203786e-05,0.0172068,0.0062969066,0.01036091,0.017510202,0.014246782,5.150046e-05,0.016105704,0.005186741,0.015382131,0.01182583,0.017340409,0.017811323,0.015577722,0.018797584,0.0094146095,0.015066794,0.004944931,0.012383149,0.011124324,0.014000273,0.012520579,0.010997158,0.017674094,0.015700012,0.008922275,0.0011919452,0.010079802,0.019171612,0.018530833,0.015384302,0.010277846,0.008901835,0.009684647,0.01598942,0.017494716,0.020676514,0.0132069215,0.012735405,0.007819895,0.012714166,0.01428951,0.01725302,0.012453886,0.013899021,0.005594236,0.017999176,0.016687814,0.00050855725,0.014755119,0.0075049056,0.014244865,0.008468487,0.010431813,0.012811752,0.012745958,0.014866449,4.642028e-05,0.009188749,0.0075272545,0.008506154,0.015242482,0.011202131,5.3098785e-05,0.011081309,0.006045902,0.026510501,5.081221e-05
0.011989964,0.012199951,0.014751316,0.0090697,0.015102416,0.00925785,0.012552062,0.01558347,0.013742985,0.013432348,0.014313479,0.007925347,0.010261104,0.013138379,0.01633766,0.014790493,0.014197117,0.014810693,0.009709062,0.017469443,0.0,0.005184041,0.011462622,0.012984431,0.008986165,0.0021191284,0.012451296,0.005423535,0.012799572,5.0860537e-05,0.01645039,0.0006682006,0.0179304,0.016107459,0.009517146,0.013380928,0.010597581,0.017275149,0.013760545,0.007952079,0.0058529465,0.00018903155,4.511778e-05,0.016198106,0.005373334,0.009618266,0.016270703,0.013675335,4.6068064e-05,0.0151111875,0.0043680156,0.014602299,0.011243261,0.016500609,0.016389912,0.0146908825,0.018080259,0.00871609,0.014156335,0.0040645124,0.011789428,0.010374345,0.013226579,0.01188192,0.010309706,0.016501408,0.014618124,0.008102475,0.000115270486,0.00921278,0.017319506,0.017054645,0.014846243,0.009581458,0.008089668,0.0088684,0.01541873,0.01675581,0.01841867,0.01276211,0.012179385,0.0069261044,0.012202358,0.013505532,0.016076077,0.012011952,0.013454096,0.0047580795,0.017162496,0.016026301,4.7836307e-05,0.014166956,0.006747854,0.013347598,0.007602605,0.009647543,0.011888352,0.011887232,0.014012011,4.669495e-05,0.008491071,0.0067309355,0.007702799,0.01458115,0.010391013,4.9314767e-05,0.010311212,0.005286992,0.024533117,4.882132e-05
0.0016495137,0.0022486828,0.0059314636,5.472408e-05,0.00576425,5.763263e-05,0.0034480572,0.0065967552,0.004590429,0.003822226,0.0054768506,5.1138795e-05,0.0010120725,0.0030030822,0.008437822,0.0059595415,0.0057651354,0.0063462197,5.435941e-05,0.009051951,0.008295368,0.0,0.000819841,0.0038863965,5.585825e-05,4.905558e-05,0.0014739198,5.1079813e-05,0.003407929,3.811233e-05,0.0077293185,4.2510375e-05,0.009373169,0.0075624944,6.327823e-05,0.0031568701,6.194171e-05,0.010082468,0.004820541,5.8477133e-05,5.3241987e-05,5.2294847e-05,3.9157338e-05,0.008044523,5.2185354e-05,5.375598e-05,0.007786267,0.0042778403,4.0114337e-05,0.006900295,5.0396495e-05,0.005777029,0.0017246635,0.008635431,0.00882173,0.00575238,0.009655337,5.4094053e-05,0.005348858,5.0948624e-05,0.0013829782,0.00024038262,0.004495277,0.0011927447,6.0517716e-05,0.008479832,0.006480489,4.904987e-05,3.8263755e-05,5.4086475e-05,0.010165672,0.009158865,0.005621557,6.0323502e-05,5.0582094e-05,5.720378e-05,0.006958021,0.008936878,0.01195422,0.0032592819,0.0017617095,5.3389653e-05,0.0016368489,0.0047356347,0.008724451,0.0022023001,0.0039298455,4.455083e-05,0.009457043,0.007730532,3.943531e-05,0.005185694,4.3096523e-05,0.0034517916,5.3334225e-05,5.7504865e-05,0.0017267555,0.0022330424,0.005131262,3.0347826e-05,5.645669e-05,4.923995e-05,5.6530178e-05,0.0051333914,0.00021893039,4.0919298e-05,5.800033e-05,4.083746e-05,0.022159964,4.5472912e-05
0.0070341993,0.007479363,0.009147146,0.00429219,0.009574842,0.0045537394,0.008066226,0.00961468,0.008563322,0.008195507,0.008659738,0.0027327938,0.0051525123,0.008085917,0.009914188,0.009266759,0.008951345,0.009151058,0.005016306,0.009605594,0.009601012,4.7730016e-05,0.0,0.008281676,0.0037885136,4.610619e-05,0.0072530927,4.9174145e-05,0.008089385,4.4116307e-05,0.009839572,4.5069017e-05,0.009874855,0.010041354,0.004533002,0.008490042,0.006190073,0.008438446,0.008605092,0.0030352408,5.1443167e-05,4.289803e-05,4.304426e-05,0.00973028,4.7316582e-05,0.0047047315,0.009877595,0.008769788,3.8970677e-05,0.009150336,4.449224e-05,0.009099267,0.006855514,0.009953782,0.00967895,0.009196516,0.009510608,0.0041294177,0.008948301,4.684123e-05,0.007146175,0.005753864,0.008617205,0.0070455284,0.005731363,0.009424505,0.009301653,0.0033806583,4.4662018e-05,0.004361379,0.008351957,0.009423991,0.009295112,0.004759363,0.0026953423,0.0040249545,0.009940511,0.009492825,0.008863815,0.008345798,0.0076301103,0.0018127029,0.0075876405,0.008555552,0.00985567,0.0072260057,0.0087465355,4.7410747e-05,0.009526998,0.009967527,4.3326447e-05,0.008948219,0.001055964,0.008142409,0.003101658,0.0050056595,0.006764027,0.0069073467,0.008639087,4.1320196e-05,0.003542315,0.0014085083,0.0029838078,0.009249284,0.005463813,4.58268e-05,0.0059097917,4.391105e-05,0.015665866,4.401938e-05
0.008734391,0.009190353,0.010729259,0.0062440196,0.011034523,0.006337117,0.009657823,0.011221316,0.010175539,0.009922099,0.0103332205,0.0045907674,0.007507417,0.009679194,0.011261195,0.010971106,0.010585199,0.010989854,0.0067905546,0.01093552,0.011137995,0.0016687337,0.00843326,0.0,0.005615675,4.7322137e-05,0.008831609,0.0015583315,0.009729672,5.190079e-05,0.011224229,4.773759e-05,0.011234042,0.011522718,0.006521785,0.009997439,0.0077637895,0.009847515,0.010197845,0.0047409427,0.0024734987,5.19456e-05,4.6738507e-05,0.011245131,0.0017496722,0.0066798828,0.011229047,0.010325368,4.7295733e-05,0.010755144,0.0005100981,0.010717507,0.008455826,0.011419301,0.011161723,0.010706217,0.010815152,0.0058167386,0.010586227,0.00038607846,0.008780224,0.007618923,0.010309777,0.008622383,0.0073510683,0.010880049,0.010907693,0.004896177,4.9041028e-05,0.0061596436,0.0096924985,0.010737333,0.010794591,0.006885861,0.004640442,0.0057834215,0.011338304,0.010983918,0.010318814,0.009928778,0.009206383,0.0038913696,0.009114486,0.010211856,0.011333113,0.00906922,0.01018745,0.00015541058,0.010858896,0.011325881,4.944032e-05,0.010672962,0.002484534,0.009767806,0.004600103,0.0066496613,0.008548811,0.008831521,0.010388,4.6537007e-05,0.0053592096,0.0031539109,0.004754638,0.0107113235,0.0073800487,4.7848767e-05,0.007282488,0.0011636605,0.016294224,4.5961373e-05
0.005368142,0.005827892,0.008041236,0.0024333654,0.008054556,0.0021640116,0.0066078007,0.008423726,0.0072704474,0.006790607,0.007639079,0.0006046305,0.0046355706,0.0062021157,0.009146937,0.008131323,0.008013684,0.008417758,0.0031566452,0.008555739,0.008896718,4.7876947e-05,0.0047864197,0.0067801503,0.0,4.3993998e-05,0.0056058182,5.3198073e-05,0.006682567,4.5055316e-05,0.008812822,4.8046768e-05,0.009414038,0.00906049,0.0030946147,0.0063076518,0.0038041256,0.008566504,0.0073486036,0.00071337784,5.438202e-05,4.720801e-05,4.046742e-05,0.008969554,4.8260335e-05,0.0031440582,0.008991542,0.007107424,4.1170762e-05,0.008407436,4.7209473e-05,0.007959045,0.005309547,0.009416804,0.009179629,0.0080180755,0.008877593,0.0015417959,0.0078687575,5.072995e-05,0.0055606025,0.004405244,0.0073917387,0.005161527,0.0037256402,0.008879524,0.008331694,0.00015791669,4.539266e-05,0.0022130923,0.008522048,0.008732821,0.007961318,0.0033575867,0.0013316399,0.0013628885,0.008626691,0.009120136,0.009125061,0.0065853395,0.0054655913,5.230894e-05,0.0053799488,0.007422548,0.009411189,0.0056267236,0.006872168,4.8245794e-05,0.009386573,0.009146001,4.5906185e-05,0.007757496,4.5628378e-05,0.0067707873,0.00023608851,0.0024962528,0.005452235,0.0059430352,0.007515768,4.058384e-05,0.0012499408,5.2732325e-05,0.00032305188,0.007773813,0.00451846,4.360708e-05,0.002962751,4.7499096e-05,0.017391877,4.7125697e-05
1.2547768e-05,1.4599342e-05,0.0033608165,2.7307892e-06,0.002882006,1.2370012e-05,1.4314533e-06,0.004385634,0.0010104687,9.2436505e-07,0.002512661,-9.475388e-09,1.4502467e-05,7.818717e-06,0.007431144,0.003061349,0.0028843437,0.004032409,7.035095e-06,0.008574878,0.007355784,3.4518735e-06,2.129052e-08,5.942785e-06,5.0922863e-06,0.0,3.1147545e-07,1.5994754e-05,1.0085714e-05,-6.817731e-06,0.005553862,7.3839647e-06,0.008841992,0.005633727,1.3465978e-05,2.4444419e-06,8.792796e-07,0.010842314,0.0014367859,8.020999e-06,1.4099606e-05,7.973129e-06,1.0779232e-05,0.0069531165,4.8591287e-06,-1.4613586e-07,0.006311642,0.00017097252,9.092534e-06,0.0050387383,1.4528153e-05,0.0027531243,1.3014345e-05,0.007788197,0.00839317,0.002879884,0.009631676,4.191075e-06,0.0020282513,1.4168257e-05,7.803984e-06,1.056579e-05,0.00010709964,2.4014118e-06,-6.6106287e-07,0.008025608,0.0037660885,1.0192025e-05,-2.7061906e-06,1.7657682e-06,0.01098934,0.009395482,0.0026229445,7.631983e-06,4.882695e-06,8.355115e-06,0.0046357955,0.008840927,0.013647679,-1.4584872e-06,4.6922246e-06,6.56362e-06,-1.0395728e-06,0.0012587496,0.008001149,6.13911e-06,8.936763e-06,1.7304906e-06,0.009853051,0.0061677843,-1.1531123e-06,0.0015389232,-1.7819383e-06,9.861504e-06,1.6795248e-05,-3.0301596e-06,-5.912061e-07,1.4597925e-05,0.0017132667,8.004234e-06,1.2289039e-06,-5.397077e-07,5.079435e-06,0.0016867953,1.4089561e-05,1.7045742e-05,1.2263519e-05,1.0847717e-05,0.025318969,1.4394695e-06
0.007414973,0.007759012,0.00949973,0.004284388,0.009834459,0.004675358,0.0082456665,0.0099097835,0.00888107,0.00853659,0.00908917,0.0031082516,0.0056638466,0.008218835,0.010255549,0.009695111,0.009357017,0.009715783,0.005523654,0.010054583,0.010122737,0.0001980865,0.0071663745,0.008683316,0.0046657803,4.342505e-05,0.0,0.00020578773,0.008253023,4.5874687e-05,0.010325125,4.4577668e-05,0.010280496,0.010601911,0.005000103,0.008510055,0.0064000306,0.009371427,0.00885388,0.0034175147,0.00042026132,4.6734258e-05,3.938577e-05,0.010155623,4.950834e-05,0.0052435,0.010427564,0.00905316,4.0755283e-05,0.00960579,4.689017e-05,0.009460601,0.0069380463,0.010466464,0.010045922,0.009563566,0.010009259,0.0044508115,0.009289967,4.5356188e-05,0.0077653206,0.006122589,0.008928949,0.0073673623,0.0060732234,0.0098498715,0.009765372,0.0034018422,4.6242207e-05,0.004834875,0.009225306,0.00983482,0.009457226,0.004674147,0.0037138748,0.0042206575,0.010024196,0.009870791,0.0093151,0.008365032,0.0077885967,0.0023354064,0.0077378144,0.008836831,0.010251101,0.007203152,0.008730526,4.6053676e-05,0.0099183,0.010361325,4.3265925e-05,0.009341151,0.0014917693,0.008582226,0.0030849064,0.005171727,0.0072575347,0.007297366,0.009281401,3.7565078e-05,0.0037408762,0.0019241453,0.0033999702,0.009573295,0.0057118386,4.8338232e-05,0.00589532,4.4429882e-05,0.015609147,4.1206404e-05
0.0011587325,0.0016901203,0.005324989,5.199753e-05,0.005112486,4.3109034e-05,0.0027761932,0.0060665025,0.0040141684,0.003271615,0.0051968596,5.1292547e-05,5.0423903e-05,0.0026348138,0.008423819,0.005693267,0.005630926,0.0063076355,4.983236e-05,0.009175476,0.008157003,3.8274906e-05,0.00033528658,0.0030531145,4.719304e-05,4.0220286e-05,0.00092977914,0.0,0.0025592507,3.526249e-05,0.006968582,3.8137056e-05,0.009486495,0.0075802947,4.4493896e-05,0.0029013138,5.1560546e-05,0.010744705,0.00426303,4.7556558e-05,4.422884e-05,4.3796073e-05,2.6813166e-05,0.00800127,4.3792665e-05,4.6609894e-05,0.0077983164,0.0038562405,3.225503e-05,0.0066671,3.6246463e-05,0.005678886,0.00087274564,0.008476561,0.008857787,0.0055909925,0.0094457995,5.0134284e-05,0.004978867,3.5156274e-05,0.0007254778,4.8194113e-05,0.0036629392,0.0009561793,4.638668e-05,0.008590493,0.006219723,4.4378823e-05,3.041549e-05,4.4393946e-05,0.010714178,0.009352489,0.0050599338,5.2651732e-05,5.006018e-05,4.5563327e-05,0.006750543,0.008671757,0.012173121,0.0027170728,0.0016081692,4.8521146e-05,0.0013111011,0.0040739253,0.008891711,0.0017424255,0.0034554873,3.878198e-05,0.00905486,0.0076406933,2.9705805e-05,0.0049881116,3.376617e-05,0.00283978,3.9399467e-05,4.258216e-05,0.0011628462,0.0011168385,0.00432011,2.8581897e-05,4.411719e-05,4.1133004e-05,4.295267e-05,0.004999062,4.7201913e-05,4.128708e-05,4.655948e-05,4.1883606e-05,0.019777652,3.7949398e-05
0.008517311,0.009035626,0.010516556,0.006079868,0.010621526,0.0059141545,0.009489246,0.01069351,0.009925268,0.009521888,0.010008558,0.0043631727,0.007259299,0.009331145,0.011071044,0.010586278,0.01036044,0.010565311,0.006487681,0.0103339795,0.010669225,0.0012984828,0.00814993,0.009574999,0.0054556285,4.059346e-05,0.0085161105,0.0012043562,0.0,4.425777e-05,0.010643323,4.179479e-05,0.0105974935,0.011119438,0.0064361324,0.009492188,0.007267637,0.009483919,0.009977988,0.004678934,0.0022717689,4.473949e-05,4.2010623e-05,0.010928764,0.0014675149,0.006358288,0.010927168,0.009992689,4.2212538e-05,0.010495644,0.00011528835,0.01044196,0.008208809,0.01106581,0.010743072,0.010413824,0.010401007,0.0054227044,0.010280507,4.3896154e-05,0.008392833,0.0074770167,0.009912946,0.0084163295,0.007207801,0.010426039,0.010655852,0.004566596,4.5713226e-05,0.0057993964,0.0093819415,0.010447268,0.010502556,0.0066628787,0.004424526,0.005485783,0.011009002,0.010560248,0.009875265,0.009518108,0.008854446,0.0035272434,0.008733256,0.010143853,0.010864627,0.0087587945,0.009913996,0.00018448947,0.010431797,0.011023033,4.0756062e-05,0.0102034835,0.0017659941,0.009289826,0.00444609,0.0064267893,0.008521702,0.0087055825,0.010096624,3.969564e-05,0.005203961,0.002900639,0.004372446,0.010332289,0.0072319414,4.217864e-05,0.007004836,0.00068737543,0.01600571,3.8924678e-05
0.00010451716,9.940077e-05,0.0021891294,8.4672574e-05,0.0013426994,8.5613035e-05,0.000105873136,0.0034368208,0.00011471049,0.0001180569,0.0006358742,7.9399615e-05,9.891776e-05,0.00011241146,0.007674735,0.0015446115,0.0012155302,0.0025627012,9.195525e-05,0.0096921995,0.007782742,6.830342e-05,9.152577e-05,0.000107372965,8.941157e-05,3.514926e-05,0.00010593552,5.1830695e-05,0.000103368155,0.0,0.004817742,5.689436e-05,0.010036314,0.004854024,9.1466805e-05,0.000103743376,8.329835e-05,0.014136506,0.00012312974,8.080644e-05,6.734109e-05,4.1437168e-05,2.2194352e-05,0.0070852763,7.3167925e-05,0.000100977675,0.0058615203,0.00011641561,3.2636108e-05,0.00446355,4.9239483e-05,0.0011543111,9.405332e-05,0.008191352,0.009042009,0.0012409146,0.010748188,6.929674e-05,0.00012058507,6.680099e-05,9.072851e-05,0.0001060097,0.0001016691,9.8967445e-05,8.719878e-05,0.008775976,0.0024965724,6.337102e-05,4.5853092e-05,8.832655e-05,0.014183742,0.010666567,0.0009367766,9.0147965e-05,7.308964e-05,7.5024436e-05,0.0035709264,0.009406678,0.019014468,0.00010227055,0.000105148356,8.176028e-05,9.1052454e-05,0.00011324321,0.00850465,0.00010817925,0.00010199193,4.5357956e-05,0.010542736,0.0056911996,2.9716866e-05,0.000117129435,5.8543286e-05,9.6094445e-05,7.352782e-05,9.2822e-05,9.955518e-05,0.000103046594,0.000107989305,1.6918975e-05,7.261079e-05,6.42421e-05,7.7085526e-05,0.0001063117,9.216933e-05,3.8872226e-05,8.892339e-05,3.7200105e-05,0.030014342,4.830832e-05
0.010638705,0.010682521,0.012842552,0.0078160055,0.013132187,0.00823077,0.011190465,0.01351547,0.011980225,0.011806656,0.0123464195,0.0068727313,0.0086671375,0.01169828,0.013881102,0.012780034,0.012329225,0.012783888,0.008661725,0.014989009,0.014596164,0.0042122323,0.01046395,0.011484384,0.008097678,0.0010207461,0.011306132,0.0045847315,0.011377188,4.9742426e-05,0.0,4.9613333e-05,0.015146937,0.014016118,0.008386932,0.011712593,0.009667632,0.01406968,0.0120150605,0.00706591,0.0045390907,5.2009673e-05,4.375581e-05,0.013673884,0.004568092,0.008387595,0.014181997,0.012189905,4.8721875e-05,0.012699364,0.0034892303,0.012683928,0.009759891,0.013954492,0.01388243,0.012666525,0.014937176,0.007844589,0.012318548,0.0031750984,0.010554361,0.009134727,0.011663228,0.010676205,0.0093068415,0.013685565,0.012762586,0.0071989293,5.062358e-05,0.0082823355,0.014234703,0.014277856,0.013071032,0.008137172,0.007145752,0.007887157,0.013569979,0.014070235,0.015190382,0.011306631,0.010881781,0.0059887525,0.0110181365,0.011793195,0.013697685,0.010362289,0.011793457,0.003867157,0.014282015,0.013949992,5.0004688e-05,0.012491239,0.0060394313,0.011688132,0.0067871925,0.008648568,0.010530112,0.010337446,0.012243321,4.4673463e-05,0.0074287746,0.0059608896,0.0068770787,0.013031692,0.00909311,4.8317263e-05,0.009435153,0.004578272,0.023161732,4.6339872e-05
4.4203705e-05,3.5977064e-05,0.0031195336,4.095498e-05,0.0025423209,2.3474073e-05,4.3664935e-05,0.0044321176,0.00048218784,3.7887814e-05,0.0022070052,3.9010793e-05,3.243243e-05,3.1627525e-05,0.008219574,0.0027924848,0.0026559518,0.0039590537,2.503173e-05,0.009704356,0.008221085,1.7044236e-05,4.376468e-05,4.813538e-05,4.5959863e-05,3.644009e-05,2.8864762e-05,3.1499327e-05,4.0268435e-05,2.4165249e-05,0.0058715967,0.0,0.010126614,0.006042276,2.6917536e-05,4.5517074e-05,3.2215496e-05,0.012880442,0.0010772764,3.7507656e-05,4.2872423e-05,1.5520716e-05,3.155406e-05,0.0076253726,2.5940699e-05,2.5252088e-05,0.0067437356,4.0612165e-05,7.0697324e-06,0.0055041187,2.3059172e-05,0.002524399,4.8330225e-05,0.008504751,0.009381229,0.0027565302,0.010771974,2.3917117e-05,0.0015142721,2.7221724e-05,4.301869e-05,4.3710996e-05,3.4302364e-05,4.7755606e-05,2.8431732e-05,0.009016844,0.003791616,3.1399064e-05,1.3992018e-05,2.3008455e-05,0.012957562,0.0104095265,0.0022177955,4.2174597e-05,3.9726587e-05,4.3045256e-05,0.0046855914,0.0095499065,0.016416239,3.1444597e-05,4.1669886e-05,2.8622098e-05,3.2430187e-05,0.00041722652,0.008801334,4.099362e-05,3.858949e-05,3.119626e-05,0.010540627,0.0064777047,1.0190319e-05,0.0010417043,2.7832191e-05,3.511958e-05,2.977248e-05,4.4414795e-05,3.494452e-05,4.41514e-05,0.0012096963,9.944547e-06,2.4035378e-05,2.05e-05,3.4869812e-05,0.00094906724,3.4012588e-05,9.73531e-06,3.210279e-05,3.0727962e-05,0.028194573,9.722418e-06
0.012774327,0.012858483,0.015624112,0.010007002,0.0158187,0.009989852,0.013401651,0.016230762,0.014512076,0.014264161,0.015353764,0.008811233,0.011291854,0.013727747,0.017363794,0.01538219,0.015340046,0.01567712,0.01076917,0.018975604,0.018136142,0.006252393,0.012379148,0.013807464,0.0100497585,0.0035339573,0.013299483,0.0064591477,0.0135518825,0.0009011774,0.017648993,0.0020693694,0.0,0.017113341,0.010541512,0.013863188,0.011478228,0.019003263,0.014696968,0.008890644,0.007024662,0.0016376951,4.876158e-05,0.017356293,0.0064030243,0.010583212,0.017462978,0.014236702,5.109142e-05,0.016086029,0.00543266,0.015535422,0.011968669,0.017243773,0.01785877,0.015527053,0.018818954,0.009661054,0.015166291,0.005316747,0.012563559,0.011233649,0.013983954,0.012639539,0.011158405,0.017848007,0.015654324,0.009085231,0.00157475,0.010203794,0.019219263,0.01838266,0.015346921,0.010456172,0.009091363,0.00973502,0.016081559,0.01753676,0.020713415,0.01333367,0.012942446,0.007870458,0.012912808,0.014374921,0.017239396,0.0125915045,0.013996297,0.0058335164,0.01801173,0.01671889,0.0008299399,0.014942544,0.0076962924,0.014273653,0.00851072,0.010488354,0.012796089,0.012721999,0.014769249,4.995105e-05,0.009378596,0.0076833935,0.008614921,0.0152187,0.011340344,0.0004533921,0.011065446,0.006237435,0.026625568,5.2187326e-05
0.010859621,0.011024144,0.013309897,0.008123261,0.013715586,0.008241282,0.011574427,0.013865047,0.012519677,0.012183516,0.0128225135,0.0068557644,0.009011814,0.011859533,0.014439262,0.013425098,0.013052699,0.01334984,0.008785216,0.015293805,0.014897321,0.004097011,0.0106199905,0.011871706,0.007990179,0.0006158536,0.011473732,0.0043065944,0.011837494,4.9006794e-05,0.014886303,4.617909e-05,0.015531507,0.0,0.008601454,0.012058004,0.009698278,0.014786235,0.012489604,0.0069415355,0.004418112,4.768299e-05,4.528921e-05,0.014265092,0.00424216,0.008552503,0.0145619,0.012384081,4.7351547e-05,0.01350713,0.0033413374,0.0131764505,0.01025633,0.014455009,0.014605812,0.013205533,0.015146868,0.007829223,0.013046227,0.0030677526,0.010917143,0.009359415,0.012202626,0.010712909,0.009469925,0.014372496,0.013438961,0.0071922326,4.870761e-05,0.008435523,0.014630684,0.014839696,0.013362259,0.008350874,0.0070094406,0.008022218,0.013774368,0.014393695,0.015189112,0.011669359,0.0111768255,0.005925416,0.0111657,0.012334207,0.014240804,0.010707973,0.012158638,0.003616953,0.01455787,0.014203928,4.5016535e-05,0.012907439,0.0057357703,0.012264033,0.006761652,0.008622556,0.010798452,0.0107765915,0.012835083,4.206508e-05,0.0074600093,0.005702979,0.0068146805,0.01321867,0.009260657,4.7629997e-05,0.009390873,0.0042953654,0.019538889,4.932118e-05
0.006211809,0.0068605137,0.008546307,0.003863509,0.008625103,0.0032542788,0.00754361,0.008880948,0.007926921,0.007567651,0.008186643,0.0015765755,0.0064734532,0.0068071345,0.009437674,0.008801849,0.008686917,0.009119236,0.0039011308,0.008940032,0.009186726,4.5711666e-05,0.0055529648,0.007625359,0.0030861958,4.415885e-05,0.0060786735,4.648385e-05,0.0075457003,4.2789365e-05,0.00932793,4.7520993e-05,0.009612116,0.009320552,0.0,0.007156749,0.004574656,0.008747729,0.007959929,0.0016868399,0.00078016514,5.0171137e-05,3.7318998e-05,0.009274047,5.138108e-05,0.0042720917,0.009361183,0.007928002,3.973192e-05,0.008808977,4.6412366e-05,0.0086471755,0.0063465927,0.009593155,0.009141044,0.008662734,0.008980026,0.0023103233,0.008613986,4.790393e-05,0.0061833905,0.005588682,0.007995433,0.005917699,0.0046241144,0.008719551,0.009022871,0.0012080584,4.6777008e-05,0.0030120586,0.008512783,0.008810104,0.008429369,0.0051460937,0.001958874,0.0022885648,0.009215612,0.008747198,0.009284636,0.0073137493,0.0063556894,0.0010000487,0.006045178,0.008295755,0.009654057,0.006676254,0.0077102087,4.9062975e-05,0.009196351,0.009445306,4.7489004e-05,0.008422868,4.3047592e-05,0.0072456882,0.0013977942,0.0034407135,0.0067293635,0.006942703,0.008196843,4.3742748e-05,0.0024207062,4.8363683e-05,0.0012574961,0.008227157,0.0057476657,4.813659e-05,0.0038308394,4.5474146e-05,0.017031712,4.030236e-05
0.008174725,0.008569454,0.010379003,0.00551402,0.0106487945,0.006138611,0.008928546,0.010769704,0.0094645675,0.009072373,0.00959062,0.0040421127,0.0057462906,0.00948345,0.010844635,0.010322728,0.009726613,0.010049076,0.005943765,0.010679929,0.010730124,0.000986598,0.007941928,0.009259373,0.0046631675,4.84886e-05,0.008006452,0.0016459427,0.00907454,4.815185e-05,0.010772018,4.543755e-05,0.0108271735,0.010911489,0.0054593487,0.0,0.007439074,0.009885628,0.009442108,0.0043265484,0.00092596357,4.7303987e-05,4.2046733e-05,0.010617626,0.0017574745,0.005710962,0.010691769,0.010002756,4.2377993e-05,0.010020768,5.3177202e-05,0.010093768,0.0076526036,0.011034743,0.0106195435,0.010086397,0.010895426,0.0056020804,0.009822255,0.00010916869,0.008075766,0.0066404087,0.009376577,0.008237427,0.0067117587,0.010261623,0.010127309,0.004961472,4.7196434e-05,0.0056253304,0.009811751,0.010525122,0.010738225,0.0059959493,0.0037803967,0.005599945,0.010934212,0.010731882,0.009934436,0.009536773,0.009033544,0.002750734,0.00897429,0.009497991,0.010575275,0.0084978,0.0098637445,6.017999e-05,0.010783739,0.01113071,4.91968e-05,0.009976704,0.0030735733,0.008938524,0.0044433977,0.0065628234,0.007548123,0.007717174,0.00942966,4.306081e-05,0.00473691,0.0028785826,0.0044740676,0.010382276,0.0061038933,4.611462e-05,0.0072780508,0.0018776801,0.01637354,4.3822514e-05
0.0061799367,0.0066110115,0.008534249,0.0032416927,0.008668011,0.0037313292,0.007206938,0.008863845,0.007746079,0.00728189,0.007888512,0.001709669,0.0042940234,0.007201465,0.009258739,0.008636419,0.008179828,0.008377238,0.0039504766,0.009308739,0.009064689,4.2840635e-05,0.005948214,0.0075434404,0.002763959,4.0952138e-05,0.0062203063,4.0641844e-05,0.007143259,3.8566406e-05,0.009368236,3.7148664e-05,0.009525849,0.00940808,0.0034472698,0.007574782,0.0,0.00818759,0.007671313,0.0020525428,4.44369e-05,4.0253628e-05,3.1633335e-05,0.009176683,4.3439697e-05,0.0038621705,0.009159385,0.007974432,3.6151338e-05,0.008579554,3.907685e-05,0.008366953,0.005924913,0.009499775,0.009208615,0.008332107,0.009278973,0.0033230472,0.008243831,4.2755364e-05,0.006270846,0.0049420823,0.007884285,0.0061967685,0.004778206,0.008879399,0.008679998,0.0026001502,3.7763864e-05,0.0034443624,0.008128142,0.008976862,0.00857782,0.0038646068,0.0015872713,0.0031445825,0.009062041,0.009082555,0.0085997125,0.0075891875,0.006706131,0.0007792866,0.006699855,0.007830968,0.009256747,0.006330764,0.007924583,4.3260938e-05,0.009014625,0.009418128,3.748301e-05,0.008246217,0.00033420557,0.0072406824,0.0020706211,0.004212957,0.005853438,0.005969098,0.007899263,3.3281583e-05,0.0023376897,0.0005122135,0.0020303556,0.008464812,0.0047107087,4.1258412e-05,0.004982857,3.9843013e-05,0.015431941,3.896386e-05
0.0152136,0.015391562,0.018197905,0.012185273,0.017908972,0.012090751,0.015741412,0.018821746,0.017161077,0.016772464,0.018089255,0.011096059,0.013912123,0.016091622,0.020108905,0.018094638,0.01799474,0.018433267,0.012727966,0.021087833,0.020205822,0.008159015,0.014520614,0.01619813,0.012148141,0.005575013,0.015374847,0.008396659,0.015901048,0.0027636485,0.01964636,0.004126513,0.021144371,0.019245008,0.012821258,0.016246641,0.013604682,0.0,0.01751594,0.011006163,0.0094873,0.0037837694,4.0977502e-05,0.020066625,0.008504332,0.01283314,0.019634258,0.016584173,3.946064e-05,0.018962909,0.007482018,0.017936615,0.014353166,0.019953392,0.02056886,0.018095033,0.021342756,0.011557594,0.017564895,0.007251114,0.014596117,0.013798705,0.016325658,0.014863347,0.013257416,0.020724356,0.018170318,0.010901165,0.0036167472,0.012257829,0.02312378,0.021357397,0.017915357,0.013118785,0.011172492,0.011798022,0.018573932,0.020507876,0.026587494,0.015748682,0.015221642,0.010140141,0.014968224,0.016938355,0.0200711,0.015263002,0.01623871,0.0077881627,0.021051932,0.019227859,0.002751663,0.017259901,0.008940571,0.016413413,0.010510696,0.012719954,0.015305507,0.015274188,0.017296517,4.1977513e-05,0.01145248,0.009634252,0.010515127,0.017691918,0.013748245,0.0023882594,0.013180958,0.0077196336,0.027630096,0.0015343842
0.009685416,0.010107369,0.011939498,0.007122796,0.012114216,0.0069879033,0.0105082635,0.0122452825,0.011262074,0.0109037915,0.011388748,0.005424627,0.0082485685,0.01068802,0.012772056,0.012022415,0.011746867,0.012139512,0.007582826,0.0122863045,0.012400943,0.0021629299,0.00934849,0.010792044,0.006580477,4.3590237e-05,0.009908518,0.0022155608,0.010636106,4.9898325e-05,0.012369213,4.7452966e-05,0.012520945,0.012692002,0.007265467,0.010847006,0.008558575,0.011819756,0.0,0.005689131,0.0031021745,4.7443064e-05,4.5985395e-05,0.012691634,0.0024057955,0.007559502,0.012398911,0.011319332,4.434126e-05,0.011974229,0.0012784109,0.011936833,0.009259118,0.012827995,0.0125103295,0.011815036,0.012288031,0.0063326806,0.011731496,0.000911517,0.009611268,0.008537793,0.011238466,0.009692789,0.008264407,0.012384776,0.0121395085,0.0056268494,4.9012993e-05,0.006935953,0.011717481,0.01233032,0.011818324,0.00763883,0.0054460405,0.0064198608,0.012598754,0.012379212,0.0119091775,0.010728015,0.010246338,0.0044033932,0.00989813,0.011330562,0.012563394,0.009887172,0.011080886,0.0012117162,0.012477483,0.012586827,4.6970923e-05,0.011745085,0.0031756782,0.010785029,0.0054789255,0.0074518127,0.009619413,0.009737599,0.0113973385,4.112768e-05,0.006172946,0.003918372,0.0053398088,0.0117933415,0.008129513,4.6573525e-05,0.008166442,0.001898427,0.017276542,4.81098e-05
0.0042218664,0.0048851534,0.0072101825,0.0015747354,0.0072022174,0.0013943918,0.0056211883,0.0077570262,0.006269823,0.0057134074,0.006702884,5.5702792e-05,0.0031901046,0.0054522865,0.008754026,0.0072557805,0.0073117414,0.007619707,0.0018924694,0.008838155,0.008495572,5.4918924e-05,0.0037232959,0.005839719,0.00054817164,5.070771e-05,0.004373479,4.7555393e-05,0.005537619,4.7229576e-05,0.008407173,4.7283185e-05,0.0091375215,0.008367342,0.0015337731,0.005660708,0.0027967698,0.009139765,0.0063895416,0.0,5.1544714e-05,5.3048578e-05,4.297884e-05,0.008495109,5.2084433e-05,0.0017306857,0.00845129,0.0063266843,4.7395253e-05,0.0077533834,5.2946452e-05,0.0071484437,0.004351891,0.008918381,0.008902392,0.007086057,0.008941247,0.00060002826,0.0069217524,4.7950594e-05,0.0042055985,0.0031415035,0.006445066,0.004221658,0.0027150223,0.008452262,0.007703871,5.3446354e-05,5.151594e-05,0.00086741714,0.009186362,0.00887598,0.007094037,0.0021836117,5.221325e-05,0.00056804845,0.008015959,0.008703029,0.009389447,0.005771708,0.0047639725,5.0144998e-05,0.0045189476,0.006559189,0.008887651,0.0047237775,0.0062328004,5.4030177e-05,0.008776531,0.00850286,4.638326e-05,0.006884885,4.920454e-05,0.005526245,5.1626226e-05,0.0016883321,0.004118995,0.004540693,0.0066625127,3.656547e-05,0.000111035195,5.4174914e-05,5.135804e-05,0.0068650753,0.00309646,4.6594614e-05,0.0023345503,4.5721907e-05,0.016825264,4.1337673e-05
0.0034890287,0.004366245,0.007284154,0.0011230783,0.007127258,4.481562e-05,0.005468139,0.007738408,0.0063100816,0.005511439,0.006871501,4.884684e-05,0.006040685,0.004323972,0.009249187,0.0073820767,0.0075191143,0.008200604,4.9200273e-05,0.0096302945,0.009059947,4.6689904e-05,0.0023608105,0.005553436,5.0453116e-05,3.9894265e-05,0.0029815168,4.282383e-05,0.0053861225,4.4591587e-05,0.008787488,4.2317213e-05,0.010002976,0.008667289,0.0017012454,0.0045874678,0.00071820593,0.010649124,0.00634789,4.2271473e-05,0.0,3.8488903e-05,3.303924e-05,0.008929983,4.1397936e-05,0.001056996,0.008777303,0.005750841,2.956413e-05,0.0083133355,3.8642273e-05,0.007188747,0.004157784,0.009388234,0.009715985,0.00727634,0.010093917,4.7950965e-05,0.007150086,4.2751293e-05,0.003013804,0.0032825219,0.0061096307,0.0029817154,0.0010447744,0.009179903,0.008109723,4.2881817e-05,3.4066445e-05,4.756019e-05,0.010559554,0.009847858,0.006927228,0.0034573406,5.0633855e-05,4.4836324e-05,0.008067477,0.009516159,0.011788469,0.004931315,0.0033640275,4.3278214e-05,0.0029403213,0.0067557897,0.009711695,0.0044328356,0.0052244337,3.8443737e-05,0.009780912,0.008710366,4.003001e-05,0.006755877,3.9090795e-05,0.0049614515,4.5450695e-05,5.175338e-05,0.004836226,0.005098178,0.0068541965,4.099259e-05,4.4025717e-05,4.311655e-05,4.4995108e-05,0.006448116,0.0039647855,4.2306827e-05,5.167377e-05,3.7841848e-05,0.023390284,3.6969777e-05
0.000105743486,0.000111265974,0.0039379173,8.974739e-05,0.0034630322,9.659652e-05,0.00011227728,0.004990201,0.001623632,0.00023952866,0.0032125858,9.133838e-05,0.00010651379,0.00010642112,0.008406841,0.003716751,0.0035566804,0.0047750194,9.414487e-05,0.009885243,0.008399089,8.374794e-05,0.00011068172,0.000104524,8.9245244e-05,5.6091663e-05,0.00011183321,7.522161e-05,0.00010295679,6.0513656e-05,0.0064373207,6.0483355e-05,0.010249287,0.0066147665,0.00010264591,0.00010391514,0.00010087582,0.01258345,0.0020586182,8.991405e-05,9.816259e-05,0.0,5.7641006e-05,0.00786661,8.42451e-05,0.00010560202,0.007139064,0.0004888684,6.2555555e-05,0.0059334096,8.0219266e-05,0.0034510116,0.00011276638,0.00864874,0.009472836,0.0035717965,0.0106905475,9.436032e-05,0.002700294,8.142615e-05,0.00010015833,0.00010549246,0.0004912677,9.963603e-05,0.00010138633,0.008989168,0.0044437908,8.1611746e-05,7.0328155e-05,0.00010492121,0.012754941,0.010486607,0.0030144781,0.00010430506,8.632397e-05,9.042103e-05,0.00528102,0.009545876,0.015998883,0.00010808377,0.00010052602,8.7927416e-05,0.00011065056,0.0015331259,0.008954338,0.000108395194,0.0001049798,7.3433745e-05,0.010549548,0.006801473,6.259977e-05,0.0020927384,7.607227e-05,0.00010145702,9.0719695e-05,0.00010653095,0.000105072206,0.00011389196,0.002176394,5.0180064e-05,9.7298966e-05,7.741058e-05,8.020673e-05,0.0020446344,0.00011253474,7.34699e-05,9.73495e-05,6.802421e-05,0.028090732,5.405409e-05
2.880522e-05,2.8001921e-05,4.3476215e-05,3.2091186e-05,6.425897e-05,2.4538875e-05,5.604255e-05,4.346398e-05,4.5059813e-05,3.4736797e-05,5.5357454e-05,1.7068842e-05,4.6655186e-05,4.346392e-05,0.0016748555,3.5450747e-05,5.6173965e-05,4.23448e-05,1.4033203e-05,0.0061617163,0.0018375467,1.7597662e-05,1.8882838e-05,3.0075833e-05,1.3173589e-05,1.3600771e-05,3.6999852e-05,1.6989648e-05,3.0034405e-05,3.580217e-05,4.0918705e-05,1.0360259e-05,0.00665368,6.126806e-05,2.6126023e-05,5.286164e-05,4.587726e-05,0.015640317,3.8220416e-05,3.068639e-05,3.833889e-05,5.6121557e-06,0.0,9.254692e-05,2.1753629e-05,2.6397674e-05,5.8474983e-05,5.9219936e-05,2.3582018e-06,5.856561e-05,1.9085179e-05,5.2844756e-05,3.1390882e-05,0.0020154514,0.004888695,4.2079315e-05,0.008494919,2.5568968e-05,4.840968e-05,2.8776247e-05,2.2270171e-05,3.860696e-05,6.117363e-05,3.5393146e-05,2.0987949e-05,0.0050078905,3.8076458e-05,4.161236e-05,1.0597168e-05,2.877098e-05,0.015977759,0.008866311,5.7031033e-05,2.2584956e-05,1.0085477e-05,2.7437754e-05,5.6663444e-05,0.005568176,0.025591103,5.152875e-05,3.6148882e-05,3.090801e-05,4.511538e-05,5.5710392e-05,0.0031379377,5.24679e-05,3.91108e-05,2.6569565e-05,0.008577812,7.17873e-05,2.8631048e-05,6.3263185e-05,1.5926753e-05,4.9193084e-05,1.909449e-05,3.0642732e-05,4.4437093e-05,5.6929577e-05,4.855074e-05,3.099401e-05,2.8557808e-05,1.7877395e-05,3.490072e-05,3.7056638e-05,5.2590094e-05,2.8820393e-06,2.8171818e-05,2.461378e-05,0.041415267,4.9685286e-06
0.012049534,0.012362434,0.014728702,0.009249994,0.014773433,0.009222129,0.012719904,0.01541123,0.013828011,0.013409592,0.0143832015,0.007817597,0.010481957,0.013057009,0.016535737,0.0147750275,0.01462726,0.014935957,0.009727682,0.016572151,0.016287297,0.0048801154,0.011497482,0.013212635,0.009111891,0.0015752956,0.012325601,0.005222153,0.013013345,4.5891753e-05,0.015723692,0.000364708,0.016869409,0.01575995,0.009676849,0.013200679,0.010575121,0.017092664,0.014012686,0.007966813,0.0057699583,4.8096368e-05,4.462812e-05,0.0,0.0050969752,0.009671727,0.015737213,0.013569955,4.3498807e-05,0.015474531,0.004129738,0.014653322,0.011322411,0.016568946,0.016557407,0.014743747,0.016895674,0.008728598,0.014280969,0.004045439,0.011738032,0.010518574,0.013324137,0.01175226,0.010445448,0.016435564,0.014923665,0.007884117,4.644846e-05,0.009237279,0.017119171,0.01698417,0.014568916,0.009764522,0.007931977,0.0088412445,0.015326958,0.016699145,0.017843306,0.012859189,0.0122585045,0.006918416,0.012161683,0.013755769,0.016288614,0.012103062,0.013376977,0.004395939,0.017055074,0.015883474,4.3528937e-05,0.014240824,0.005990239,0.013163287,0.0076441397,0.009760263,0.012139301,0.012053744,0.014032804,4.589345e-05,0.008544938,0.006558561,0.00771314,0.014259192,0.01038989,4.5487206e-05,0.010218884,0.004824845,0.021512618,4.4351968e-05
0.0016992325,0.0024508105,0.005943789,6.152143e-05,0.005751939,5.9027658e-05,0.0033423032,0.0064448393,0.004403857,0.0037824058,0.005201449,6.085078e-05,7.0035705e-05,0.0032449411,0.0086564105,0.0058362256,0.0056515536,0.006220424,5.886824e-05,0.009466581,0.008500172,5.4384946e-05,0.00094352977,0.003709875,5.814402e-05,4.485691e-05,0.0012308448,5.309933e-05,0.0032419034,5.0302435e-05,0.0074335337,4.7285124e-05,0.009766341,0.0074691735,6.300196e-05,0.0034836747,6.392239e-05,0.010900878,0.004695478,5.339539e-05,5.9831178e-05,4.6262467e-05,4.7504316e-05,0.007868513,0.0,5.7924768e-05,0.0076684053,0.004415198,4.6332978e-05,0.006839699,5.179936e-05,0.0055699605,0.0015360551,0.008273933,0.00924256,0.0056810076,0.009269908,5.563051e-05,0.0051050424,5.729131e-05,0.0011406429,6.4182575e-05,0.00435491,0.0015100413,5.9633065e-05,0.008795172,0.0062047155,5.898143e-05,4.5198e-05,5.8831247e-05,0.01080331,0.009177087,0.0055576363,6.822148e-05,6.063786e-05,5.458112e-05,0.006786823,0.008419379,0.012342316,0.0033195657,0.0021223996,5.954026e-05,0.0019354863,0.004673511,0.008980965,0.002420888,0.0040973714,5.464824e-05,0.008720902,0.007436644,5.2603194e-05,0.0049053454,5.481181e-05,0.0032992375,5.826282e-05,5.6242046e-05,0.0014624064,0.0017850751,0.0048360555,4.8249032e-05,5.78219e-05,5.579127e-05,5.925827e-05,0.005047397,6.508342e-05,5.554327e-05,6.104416e-05,4.918681e-05,0.020284938,4.653924e-05
0.0059465156,0.0066135433,0.008418149,0.0034744071,0.008436681,0.0029909457,0.0072505274,0.008640385,0.0076872245,0.0072948057,0.007932238,0.0014204824,0.0056511513,0.006888998,0.009252426,0.008612106,0.008466346,0.008702698,0.0036842113,0.009108538,0.00895443,5.204914e-05,0.005511328,0.0073591704,0.0027466787,4.6942027e-05,0.0059987507,5.085721e-05,0.0072260266,4.4435747e-05,0.009053151,4.9578488e-05,0.009347441,0.009263181,0.00396209,0.006976308,0.0045460295,0.008366175,0.007831884,0.0015495155,5.0898456e-05,5.0612394e-05,3.762647e-05,0.009191995,4.8654278e-05,0.0,0.009111505,0.0076931273,4.4783574e-05,0.0085676415,4.779539e-05,0.008341799,0.0061542285,0.009392334,0.009266386,0.008399083,0.009063838,0.0024237945,0.008265165,4.7953094e-05,0.006051935,0.0052419864,0.007945459,0.0059059416,0.0044844784,0.008953001,0.0087088775,0.0012529009,4.8160637e-05,0.0029490509,0.008359398,0.009088686,0.008337906,0.0044432585,0.0017360522,0.0022777745,0.008946399,0.008950673,0.008972331,0.0071463776,0.0062978906,0.0008467734,0.0060022916,0.008070731,0.009425726,0.006420458,0.007543968,5.0030547e-05,0.009008057,0.009135584,4.278143e-05,0.008245181,4.6444846e-05,0.0070231347,0.001295188,0.003537564,0.006205619,0.0064702607,0.007937166,4.279305e-05,0.0021573694,5.0975883e-05,0.001218729,0.008228441,0.005073655,4.694251e-05,0.0039021403,4.4367534e-05,0.015947329,4.6628385e-05
0.0113434205,0.011367577,0.013696142,0.008342004,0.014006546,0.0085832635,0.011883946,0.014253116,0.0129942335,0.012611312,0.0133402925,0.007186157,0.009580688,0.012191485,0.015051202,0.01375112,0.013489458,0.013907822,0.009192383,0.016222494,0.01571722,0.0043271747,0.010840127,0.012330278,0.008486412,0.0011316515,0.011929568,0.0046513607,0.012193982,5.3570442e-05,0.015468898,5.456679e-05,0.016387101,0.015152665,0.008862017,0.012402931,0.010114967,0.015834624,0.012969844,0.0074130283,0.0049529686,5.114553e-05,5.0078375e-05,0.014918514,0.0046245637,0.0089998,0.0,0.0128538525,4.6868812e-05,0.014194774,0.0036165444,0.013639392,0.010526339,0.015201737,0.015351741,0.013766424,0.015893552,0.008096044,0.013537292,0.0032665124,0.011246549,0.009680523,0.0126858335,0.0111117745,0.009811597,0.015115148,0.013821288,0.0074701635,5.3115724e-05,0.008628448,0.015586038,0.015671253,0.013708465,0.008680146,0.0074688587,0.008129707,0.01426292,0.014912947,0.01635119,0.011918208,0.011562409,0.006262861,0.011436246,0.0128361,0.015032058,0.0111707905,0.012470241,0.0038241607,0.015350169,0.014717613,5.1245734e-05,0.013235452,0.0060460945,0.0125845475,0.007095729,0.00895931,0.01117154,0.011269416,0.01334822,4.8792775e-05,0.0077545433,0.006187809,0.0071793636,0.013639439,0.009540128,4.9763214e-05,0.009717004,0.0045636473,0.02094691,5.063637e-05
0.008913927,0.009292696,0.010987164,0.0062869247,0.011262655,0.006550859,0.009696817,0.011440896,0.010161968,0.009906952,0.010163697,0.0046531423,0.0066858195,0.0100271255,0.011399532,0.010970435,0.010486329,0.0107427025,0.0068118162,0.0111039225,0.0113421315,0.0017827557,0.008587667,0.009831486,0.0056281444,4.899436e-05,0.008916906,0.0021959739,0.009774872,4.597295e-05,0.011423383,4.6601708e-05,0.0113362875,0.011446259,0.0062471745,0.010128697,0.007956135,0.010361033,0.010111441,0.0049629314,0.0019462374,4.7373036e-05,4.5663484e-05,0.011320717,0.0021122373,0.006432395,0.011319837,0.0,4.2273237e-05,0.0108412495,0.00081123086,0.010670145,0.00840426,0.011731963,0.011098867,0.010676207,0.011256845,0.0059777596,0.01044037,0.00072400883,0.008628564,0.0074614785,0.010062626,0.008965733,0.0075619784,0.010795166,0.010726041,0.005439821,4.8475074e-05,0.0063640713,0.010325526,0.011039065,0.011176938,0.006672515,0.004649589,0.006080537,0.011504678,0.0114026535,0.010564686,0.010008015,0.009508427,0.0037458697,0.009359464,0.010226985,0.011194711,0.009099348,0.010436017,0.0007933664,0.011402315,0.011822457,4.414627e-05,0.01054154,0.0032743465,0.009599005,0.0048867106,0.0069396957,0.008456523,0.008615042,0.010107675,4.514941e-05,0.0053685666,0.0035341077,0.004926822,0.010958311,0.007032339,4.6590256e-05,0.0078043407,0.0021394708,0.016500602,4.433429e-05
4.0165756e-05,2.3432554e-05,3.8651076e-05,1.9380193e-05,3.797414e-05,1.697498e-05,4.27604e-05,3.7616992e-05,2.4995357e-05,3.6268335e-05,3.9787476e-05,7.2942257e-06,2.5273952e-05,4.284836e-05,0.003802664,4.8502963e-05,4.7256635e-05,4.500075e-05,3.3439206e-05,0.0074358014,0.0037474239,2.646526e-05,3.3632743e-05,4.3156222e-05,3.8056813e-05,4.6609894e-06,2.614391e-05,3.5006884e-05,2.8404516e-05,7.491621e-06,4.9858852e-05,5.9393756e-06,0.007949496,2.8286877e-05,3.0772037e-05,2.712917e-05,2.2551494e-05,0.015486357,3.4392797e-05,1.5436593e-05,2.6455498e-05,4.2334805e-06,1.1806898e-05,0.0023427852,4.985556e-06,1.8731635e-05,5.66217e-05,3.889894e-05,0.0,3.0126044e-05,2.6035765e-05,2.4046498e-05,3.4121334e-05,0.003938292,0.006423954,4.2222804e-05,0.009389299,3.363055e-05,4.3120897e-05,1.4881431e-05,2.6858868e-05,3.6901387e-05,2.2278751e-05,3.083975e-05,3.6759775e-05,0.006380967,3.7704824e-05,2.5301917e-05,1.3462603e-05,1.4724724e-05,0.015769897,0.009735781,3.228639e-05,3.3318218e-05,1.1355057e-05,2.4503875e-05,4.601809e-05,0.006898816,0.023755943,1.5774867e-05,1.5577976e-05,2.622512e-05,2.7933556e-05,5.0471303e-05,0.0049646604,1.5049154e-05,2.2209626e-05,1.4752103e-05,0.009412756,3.2098233e-05,1.7824344e-05,3.0986957e-05,3.0271922e-05,2.2904516e-05,2.0915311e-05,2.112882e-05,4.0014675e-05,2.5014062e-05,3.506015e-05,-1.8974412e-06,2.8463102e-05,1.8748262e-05,1.4819171e-05,2.179801e-05,3.0115702e-05,1.9388965e-05,2.9612947e-05,1.8243203e-05,0.039142184,-2.6335981e-06
0.011038119,0.011566526,0.013597339,0.008575896,0.013564344,0.008312534,0.0120983,0.01407553,0.0129357055,0.012573436,0.013192561,0.0068616043,0.010272192,0.011979756,0.015178503,0.0137292715,0.013655338,0.013884741,0.00868954,0.015019397,0.014836206,0.0040539396,0.010496723,0.012330107,0.0080277845,5.1423904e-05,0.011276951,0.00361834,0.012177971,4.7491103e-05,0.013960689,5.0193245e-05,0.015224515,0.0144781815,0.008902767,0.012034564,0.009483903,0.015431147,0.012999126,0.0069765523,0.00518655,5.130437e-05,4.57687e-05,0.014893164,0.0040823417,0.009004338,0.014340102,0.012701371,4.62775e-05,0.0,0.0031456372,0.013508034,0.010856123,0.015101869,0.015061233,0.013572618,0.015108579,0.0077103823,0.013429192,0.0029546188,0.010730279,0.010007487,0.012579767,0.010847812,0.009536009,0.014874065,0.013907059,0.0068492624,4.920615e-05,0.008353174,0.015358272,0.015339362,0.0133907655,0.009157284,0.007137274,0.00787269,0.014150285,0.015043026,0.015727574,0.012038434,0.01142016,0.0061241547,0.011170988,0.012965673,0.015032884,0.011358931,0.012490923,0.003142176,0.015303562,0.014518762,5.055283e-05,0.0133184735,0.004194848,0.012147289,0.0067626582,0.00878796,0.011224173,0.011269286,0.013016745,4.3527947e-05,0.0076353857,0.00550771,0.00682028,0.013161512,0.009444305,4.8802187e-05,0.009295229,0.0035122933,0.019130329,4.775743e-05
0.0005494759,0.0013442116,0.0054629496,5.3589152e-05,0.0052161533,4.597973e-05,0.0026400709,0.0063804314,0.003895311,0.003147936,0.004877339,5.2414915e-05,6.0156683e-05,0.0021355583,0.008318507,0.00549315,0.0054548183,0.006008894,5.500859e-05,0.009080718,0.008123186,4.4052907e-05,5.5916353e-05,0.0029735195,5.02099e-05,3.4010147e-05,0.0005985171,4.7769023e-05,0.002516518,3.370485e-05,0.007282989,3.6569476e-05,0.009380674,0.0073400848,4.8944054e-05,0.0022533648,4.8816277e-05,0.010567463,0.0041622,5.753628e-05,5.4206674e-05,4.120407e-05,3.1060114e-05,0.007938621,4.5920577e-05,5.7623016e-05,0.00756699,0.003627321,4.0102066e-05,0.006686342,0.0,0.0052697193,0.0006247394,0.008440292,0.009028716,0.0052712704,0.009602988,4.9784456e-05,0.0047496357,3.6639165e-05,0.00024125994,5.8311547e-05,0.0037053071,0.00021796145,5.5071225e-05,0.008477743,0.006071633,4.244281e-05,3.3643417e-05,5.5246455e-05,0.0110459635,0.009328117,0.0050637913,6.1045655e-05,4.6531226e-05,5.1718325e-05,0.0065979003,0.008729867,0.012745967,0.0022597688,0.0007955834,5.5594366e-05,0.00044597546,0.004144322,0.008702286,0.0013552627,0.003093167,4.7927675e-05,0.009326896,0.00756668,4.2089938e-05,0.004570333,3.4754114e-05,0.0025610474,4.5441306e-05,4.943856e-05,0.0007583884,0.0012438797,0.004449674,2.9188104e-05,5.4125503e-05,4.9683826e-05,4.7611935e-05,0.004397906,5.6126843e-05,3.1160187e-05,5.278106e-05,4.8496393e-05,0.022742463,3.187842e-05
0.010055681,0.010365581,0.0123257525,0.007454232,0.01254016,0.007385253,0.0108881425,0.012678049,0.0116024455,0.011340302,0.011920786,0.005865467,0.008470937,0.01095951,0.013160981,0.012442127,0.012123121,0.01250728,0.007994072,0.012977935,0.012994657,0.0028415099,0.009765414,0.01127936,0.0069129374,4.1904404e-05,0.010234555,0.0028902276,0.011081373,4.2770076e-05,0.012962556,4.3436245e-05,0.0132590905,0.013025319,0.0077942,0.011241465,0.008884597,0.012452824,0.0116988,0.005967906,0.0035697147,4.709942e-05,3.8797567e-05,0.013027073,0.0029683183,0.007774861,0.012905262,0.01168547,4.328994e-05,0.012519742,0.001898715,0.0,0.009559254,0.013142551,0.013058095,0.012277947,0.012918932,0.006922122,0.012041768,0.001657524,0.009852499,0.008916902,0.011561987,0.010022667,0.008515562,0.01280702,0.0124954125,0.006157742,4.390606e-05,0.0073277466,0.012499552,0.012882188,0.012309691,0.007771449,0.0059256433,0.006900972,0.012896194,0.012958996,0.012507379,0.011129469,0.010560707,0.004902891,0.0103528965,0.011690985,0.01314296,0.010139022,0.0114980815,0.0019900126,0.012984612,0.013083933,4.4575387e-05,0.01204055,0.0039545456,0.011041406,0.005869277,0.007865418,0.010077123,0.010069082,0.011752692,4.2979496e-05,0.0065734126,0.0045520766,0.0058743837,0.012100553,0.0085305115,4.4142067e-05,0.008537364,0.0024818417,0.017508596,4.283889e-05
0.007606531,0.008233242,0.009493488,0.005228093,0.009659377,0.0049464894,0.008691725,0.0099639455,0.009017667,0.008670465,0.009106466,0.0033128357,0.006895835,0.008383663,0.010234793,0.009708981,0.009615392,0.0099254465,0.0053669023,0.0097656,0.009787629,5.7027166e-05,0.007094605,0.008850074,0.0043755122,5.01954e-05,0.0073070675,5.133748e-05,0.008647349,4.9259044e-05,0.010026349,4.8802696e-05,0.009974455,0.010177361,0.005479401,0.008487622,0.006234607,0.009003182,0.009042429,0.0034312243,0.0016949705,5.138523e-05,4.9486305e-05,0.010113753,0.00017246633,0.0055048084,0.010049092,0.009081902,4.7303092e-05,0.009689553,5.3524614e-05,0.009627851,0.0,0.01028686,0.01013228,0.009471032,0.009823525,0.00423379,0.009482688,5.4768694e-05,0.007508817,0.0066879373,0.009151497,0.007469264,0.0061824587,0.009697336,0.009888429,0.0033958785,5.0275194e-05,0.004810889,0.00894512,0.009685714,0.009582155,0.006072086,0.0033385048,0.0042790174,0.010253665,0.009791642,0.00954063,0.008598582,0.007857591,0.002507318,0.007648212,0.009394363,0.010177405,0.008047013,0.008938023,5.0611277e-05,0.009749036,0.010266679,5.2537333e-05,0.009399056,5.420444e-05,0.008397949,0.003246654,0.0053536803,0.0075991773,0.0077937786,0.009273389,4.819978e-05,0.0040147887,0.0015563316,0.0031985305,0.0093411505,0.006477777,5.0243623e-05,0.00589001,5.0890118e-05,0.015871592,5.026791e-05
0.011787897,0.01229048,0.015179043,0.009162858,0.015323761,0.009127892,0.013081809,0.015860777,0.013917612,0.013602552,0.01443016,0.0081244055,0.010196373,0.013330381,0.01661388,0.014877738,0.014577047,0.014891885,0.009926195,0.01677534,0.016583592,0.005526575,0.011258789,0.013256264,0.008892414,0.0021793228,0.012425073,0.0056323614,0.013158506,5.3165964e-05,0.015899995,0.00058915693,0.017020717,0.015930869,0.009433074,0.013488391,0.010378536,0.016996367,0.013956904,0.007937323,0.005564237,5.2136747e-05,4.8982045e-05,0.016485969,0.005209831,0.009907445,0.015910167,0.013882462,5.1338535e-05,0.015403138,0.0042777737,0.014711097,0.01156186,0.0,0.016595023,0.014843428,0.017594546,0.009028488,0.014340903,0.0040607364,0.011759751,0.010255315,0.013538443,0.011588231,0.0102689285,0.01660759,0.0148207415,0.0080785835,0.0004951873,0.009152024,0.017229425,0.016968304,0.014964764,0.009936429,0.008226928,0.008855497,0.015742153,0.017504182,0.017955508,0.013114122,0.0122142825,0.0067055887,0.012387837,0.013916872,0.016326161,0.012404953,0.013806065,0.0049887947,0.018034326,0.016382001,5.1200357e-05,0.014361889,0.0066307434,0.01319942,0.007644678,0.009691316,0.012186143,0.012038372,0.013950332,4.6548015e-05,0.008459593,0.0071303784,0.0075877844,0.014568907,0.010189888,4.926235e-05,0.010304399,0.005507826,0.023489768,5.1848434e-05
0.012295428,0.012998658,0.015575966,0.00962888,0.015552402,0.009392587,0.013329296,0.016319407,0.014609437,0.014148781,0.015378198,0.008134064,0.0108584035,0.013707456,0.017627956,0.015562155,0.015551189,0.016006919,0.010281831,0.018205345,0.017612431,0.005331001,0.011687984,0.013747555,0.009411481,0.0028831037,0.013052118,0.005946538,0.013712815,5.1825424e-05,0.01690834,0.0009786638,0.018275695,0.016821291,0.009921505,0.013889676,0.010751394,0.019246321,0.014726918,0.008249475,0.0063253776,0.0006460385,4.4337467e-05,0.017509304,0.005507728,0.010450704,0.017018137,0.013756019,4.7747766e-05,0.016453823,0.0050262525,0.015571106,0.011984934,0.017643271,0.0,0.015582604,0.01841576,0.009249995,0.01528223,0.0043970137,0.012347762,0.010847888,0.01414171,0.012045198,0.010675265,0.017906075,0.015842784,0.008672294,0.0010137055,0.009600993,0.019221246,0.01843342,0.015371141,0.010360222,0.008821005,0.009465502,0.016177846,0.017842948,0.02040254,0.013370882,0.012508005,0.0071264305,0.012666135,0.014452418,0.01760146,0.0126993805,0.014022533,0.005371671,0.018428583,0.016837636,9.851593e-05,0.014986499,0.006945063,0.014028168,0.007929288,0.009993911,0.012816415,0.012809955,0.014794661,4.2707918e-05,0.008845604,0.0073611583,0.007828959,0.01510833,0.010871433,4.8368085e-05,0.010946069,0.0056631807,0.023487732,5.0133865e-05
0.01003822,0.010412123,0.012280006,0.0074524665,0.012492302,0.007372004,0.010907037,0.012744453,0.011552841,0.011261146,0.011854315,0.0059216595,0.008547055,0.01096654,0.013316713,0.012428172,0.012209996,0.012469373,0.00791022,0.013168783,0.013096925,0.0028799435,0.009717374,0.011146654,0.0069814012,4.5396744e-05,0.010248394,0.002999049,0.011019423,4.278149e-05,0.012816264,4.6011522e-05,0.0133144995,0.013202215,0.0076721166,0.011259029,0.008906723,0.012759866,0.011718684,0.006037958,0.0035441509,4.3229524e-05,3.9789502e-05,0.013095561,0.0029839932,0.007948952,0.012926966,0.011676792,4.2208172e-05,0.012588052,0.0018496301,0.012261304,0.00958455,0.013266601,0.013152523,0.0,0.013059036,0.006856377,0.0122290645,0.0016390316,0.00996,0.008871087,0.011491714,0.01001716,0.008670077,0.012876169,0.012554743,0.0060974103,4.6094974e-05,0.007469654,0.012492307,0.013141409,0.012214805,0.007867247,0.006152372,0.0068841213,0.012917591,0.012873745,0.01264355,0.011099103,0.0104999235,0.005003665,0.010246233,0.011599864,0.013058338,0.010306766,0.0114597585,0.0021652102,0.01311177,0.012932206,4.1400413e-05,0.012055839,0.0039802617,0.011214863,0.0058157346,0.00784083,0.010104203,0.010091228,0.011750688,3.834148e-05,0.0066250702,0.0045642066,0.0057877474,0.012146316,0.008613497,4.2140084e-05,0.008433791,0.0026518353,0.017358756,4.359917e-05
0.013353789,0.013454728,0.016038373,0.010402032,0.01612158,0.010567039,0.013643075,0.016778255,0.014845359,0.014682767,0.015672881,0.00937043,0.011650186,0.014300935,0.017691499,0.01583252,0.015415684,0.015813915,0.011016972,0.01849713,0.018170498,0.0066605126,0.012738327,0.014192374,0.010346462,0.004005356,0.013504394,0.0068687187,0.013862599,0.0013510424,0.017627519,0.002661683,0.018671589,0.017120361,0.0108082285,0.014570958,0.011928194,0.018955672,0.015157621,0.009332436,0.0074844956,0.002114245,4.6980436e-05,0.017515676,0.0069625564,0.010835001,0.017280227,0.0148567995,4.5280765e-05,0.016396407,0.0059373137,0.015743807,0.012386645,0.017938148,0.018005732,0.015765034,0.0,0.010108914,0.015307999,0.005708701,0.012624327,0.011702636,0.014281313,0.013027212,0.011464172,0.018009646,0.015891613,0.0093895765,0.0020849234,0.010561729,0.019314596,0.018563585,0.016142933,0.011065174,0.009309036,0.010179485,0.01674244,0.018361168,0.0208125,0.013897914,0.013434627,0.0082781045,0.013270429,0.014724156,0.017533505,0.013184522,0.0145470435,0.0062192925,0.019052824,0.017527638,0.0013375523,0.015331356,0.007999049,0.014332783,0.0089883255,0.011101019,0.012998821,0.013018403,0.014860093,4.7138696e-05,0.00979821,0.008076051,0.009135489,0.015611622,0.011690542,0.0009094266,0.011665702,0.0067317355,0.028155034,4.9661452e-05
0.004448932,0.0049414826,0.007188589,0.0015610992,0.0072884094,0.00207015,0.0056785094,0.007717114,0.0063428646,0.0057700803,0.0067916615,5.0865452e-05,0.0026744008,0.005534377,0.008645069,0.007308395,0.0072098915,0.0073751034,0.002002406,0.008965381,0.008378767,5.057582e-05,0.0041186507,0.005966958,0.000684976,4.667804e-05,0.004471979,4.7538157e-05,0.005679231,4.330868e-05,0.008263118,4.697038e-05,0.009107208,0.008478177,0.0016588778,0.005822517,0.0034075319,0.009139869,0.006387516,5.6682504e-05,5.199448e-05,5.07617e-05,3.8192607e-05,0.00827912,5.073016e-05,0.0018824158,0.008439115,0.0064453743,4.0430168e-05,0.0076664854,5.051773e-05,0.007238811,0.0042231507,0.008838531,0.008942554,0.0070407037,0.0089467075,0.0,0.0067615104,5.172825e-05,0.004484836,0.0030014215,0.0064395824,0.00432832,0.0029348645,0.008415603,0.0074795154,0.00060085225,4.4562777e-05,0.0014827519,0.009084383,0.008930335,0.0071593076,0.0022213322,5.143415e-05,0.0012595342,0.007939752,0.0085950615,0.009120678,0.005942635,0.005011073,5.578271e-05,0.0049055936,0.0064375307,0.008915039,0.0047739157,0.0062516714,5.226769e-05,0.008749757,0.008487693,4.4679568e-05,0.00684029,4.9508133e-05,0.005632271,0.00017723,0.0022711202,0.0040554334,0.0044826297,0.0065141455,4.2089145e-05,0.00045429845,5.4226486e-05,0.00012882655,0.0069912993,0.0029671898,4.9271493e-05,0.003051056,4.6022735e-05,0.015517831,4.6452606e-05
0.009768532,0.010148395,0.011904338,0.0072107115,0.012004944,0.007111003,0.010614569,0.01214886,0.011259785,0.011025399,0.0115222,0.0056803576,0.008768055,0.010646924,0.012775728,0.012052041,0.011905941,0.012215628,0.00768044,0.01237903,0.012431846,0.0027300145,0.009325242,0.011016812,0.006807324,4.662833e-05,0.009976924,0.0025663758,0.010816113,4.670472e-05,0.012270917,4.6569705e-05,0.012530766,0.01259629,0.0076269545,0.010735311,0.008581026,0.011827905,0.011357793,0.0057261316,0.003718606,4.506724e-05,4.2692896e-05,0.012570091,0.0026858877,0.0077973637,0.012503836,0.011300646,4.169363e-05,0.0120942695,0.0016074614,0.011959088,0.009536062,0.012745191,0.012685545,0.011899747,0.012300099,0.0066399598,0.0,0.0013551327,0.009753355,0.008704354,0.0111573655,0.009660342,0.008408411,0.012266365,0.012233573,0.005833876,4.428806e-05,0.0071449415,0.0116846915,0.012382484,0.01168354,0.007875194,0.005932236,0.0066214064,0.012364856,0.0123424325,0.0117213335,0.010798691,0.010163044,0.0048834994,0.009862626,0.011410358,0.012717589,0.009998465,0.011046873,0.0015486924,0.0122544365,0.012322014,4.4777473e-05,0.011615933,0.003219334,0.010879559,0.0056570526,0.007485185,0.009958395,0.009968981,0.0115607185,4.1552346e-05,0.0064493455,0.0041664005,0.00556484,0.01173602,0.008477239,4.7860645e-05,0.008049438,0.0019171786,0.01686308,4.409755e-05
0.00047835585,0.0014709427,0.0054075224,5.3218875e-05,0.005308212,5.847043e-05,0.0025300246,0.006137275,0.0038254105,0.0029538625,0.004800856,5.49578e-05,6.69545e-05,0.0020857942,0.008456787,0.0054589626,0.005480806,0.006093828,5.4309574e-05,0.009463216,0.008208577,5.652256e-05,6.471999e-05,0.0029567517,5.1710707e-05,3.977038e-05,6.484843e-05,5.668724e-05,0.0023334336,4.112397e-05,0.007533612,5.111943e-05,0.0098170135,0.007356229,5.534176e-05,0.0024315375,5.7244255e-05,0.011531748,0.0040615303,5.8383317e-05,5.833139e-05,4.5680983e-05,3.707275e-05,0.0079029985,4.9938244e-05,6.266855e-05,0.0077924556,0.0035818939,4.276224e-05,0.006661182,4.4259727e-05,0.005096053,0.0004301601,0.008465968,0.009012477,0.005330807,0.009796442,5.1764317e-05,0.0046592173,0.0,6.203172e-05,6.426497e-05,0.0034812293,9.449222e-05,5.7528767e-05,0.008588832,0.006052601,5.5117467e-05,4.3336833e-05,6.140715e-05,0.0114936,0.009650504,0.0050661904,6.367284e-05,4.956741e-05,5.280807e-05,0.006457061,0.008773681,0.013433646,0.0023698728,0.0009164321,4.9396684e-05,0.00061971956,0.004009475,0.008889871,0.0014445554,0.0031207066,5.602628e-05,0.0092207,0.007358726,4.1145035e-05,0.004351718,4.718758e-05,0.0022641579,4.8249756e-05,5.660505e-05,0.000495789,0.0010678332,0.004219641,3.071982e-05,5.932104e-05,5.8465823e-05,5.9674858e-05,0.004333487,6.51188e-05,4.907067e-05,5.2346604e-05,3.8487993e-05,0.022949582,3.5976336e-05
0.007283669,0.007622795,0.009267266,0.0043478706,0.009508172,0.0045642233,0.008198147,0.009626165,0.008709817,0.008184619,0.008742544,0.002859669,0.0055344882,0.008105231,0.009902093,0.009342858,0.009199678,0.009322041,0.005349998,0.0095921075,0.009568356,4.5605713e-05,0.00680238,0.008504394,0.00435327,4.1357933e-05,0.0074584684,4.798988e-05,0.008136073,4.304264e-05,0.009771414,4.298219e-05,0.009743502,0.010014729,0.004857581,0.008234778,0.0060602305,0.008428462,0.008572278,0.0032781481,0.00041545805,4.6948142e-05,3.6748253e-05,0.009784648,4.7560883e-05,0.0051016347,0.009888773,0.0088534765,4.0484807e-05,0.009194074,4.567332e-05,0.009299267,0.0068681147,0.010072326,0.009734376,0.009271368,0.009426563,0.004153683,0.009079716,4.5724853e-05,0.0,0.005959428,0.008807362,0.0071715796,0.005786145,0.0093918545,0.009377967,0.003238866,4.342747e-05,0.0045928056,0.00843524,0.009438469,0.009267457,0.0049811723,0.0032989082,0.0040039006,0.009774706,0.009557214,0.008844924,0.008231709,0.007591398,0.0020670097,0.007510787,0.008813311,0.009955528,0.0072333184,0.008497561,4.2711417e-05,0.009430159,0.009840513,4.34726e-05,0.00897566,0.0008460371,0.008206513,0.0029299567,0.0050657243,0.0069759577,0.007196024,0.00891146,3.7485166e-05,0.003723591,0.0015930464,0.0031697764,0.009177926,0.0056985295,4.2345036e-05,0.005743707,4.2879645e-05,0.015347373,3.9809158e-05
0.0070538884,0.007694963,0.009177266,0.004948171,0.009163142,0.0043206303,0.008256392,0.009478901,0.008634979,0.008390394,0.008805222,0.0026013271,0.007235468,0.00780435,0.009984206,0.009453518,0.009311406,0.009754504,0.0048090834,0.009559283,0.009574479,5.264117e-05,0.0064397114,0.008375512,0.003982268,5.0560633e-05,0.0068926467,5.6954956e-05,0.008391457,5.2841788e-05,0.009792629,5.5818982e-05,0.009809711,0.009886101,0.0053521567,0.007952996,0.0056093005,0.008898399,0.008792893,0.0027771934,0.0017852179,5.6703324e-05,5.0320134e-05,0.00978124,5.482988e-05,0.005229106,0.009763053,0.008695299,4.8543257e-05,0.009548528,5.6889872e-05,0.009290148,0.0073622386,0.00996674,0.009857659,0.00925495,0.009553126,0.003405822,0.009288468,5.3274984e-05,0.0069436976,0.0,0.008783709,0.0069650994,0.0055605173,0.009572809,0.009648638,0.0024404053,5.374998e-05,0.004243172,0.008776739,0.009191453,0.009131005,0.006053998,0.003036922,0.0034575427,0.009829548,0.009554521,0.009550186,0.008331207,0.0073773293,0.00216392,0.0070295096,0.008975332,0.010121446,0.007525929,0.0085094115,5.3718682e-05,0.0096047595,0.00984301,5.530582e-05,0.009036658,5.224633e-05,0.00806348,0.0025417083,0.0046899286,0.0074803387,0.007715325,0.008925615,4.5183486e-05,0.0035166221,0.00076124765,0.0024348337,0.008988268,0.0065331096,4.9605707e-05,0.0049245115,5.286349e-05,0.016267313,5.425148e-05
0.008952436,0.009274508,0.010836013,0.0064097587,0.011105951,0.006327284,0.009662435,0.011251164,0.010316742,0.009904175,0.0104747005,0.004634434,0.0075126598,0.00968888,0.011303182,0.011030259,0.010807125,0.01101763,0.0067893607,0.0108450055,0.011174703,0.0017408113,0.008442824,0.009880414,0.00593909,4.949144e-05,0.008891945,0.0018091403,0.0098338965,5.0285355e-05,0.011154812,4.6936355e-05,0.01120192,0.011556754,0.0066005955,0.009792897,0.007807557,0.010383959,0.01033801,0.0049041244,0.0025182834,5.0417028e-05,4.6575064e-05,0.011338769,0.0018664293,0.0068095303,0.011306244,0.010330177,4.870886e-05,0.010825265,0.00064325274,0.010877041,0.008637461,0.011415878,0.011053142,0.010839329,0.0109034125,0.005818953,0.010719589,0.00046943343,0.008700986,0.0077860965,0.0,0.008825228,0.0074941604,0.010793264,0.011036026,0.004989458,4.8025933e-05,0.0061993427,0.010227152,0.01082263,0.01083185,0.0069403774,0.0049302536,0.0057422905,0.011307158,0.010938925,0.010396899,0.009792248,0.00928557,0.0039939024,0.008999341,0.010302165,0.011285828,0.009061997,0.01020258,0.0007377642,0.010922829,0.011361307,5.054011e-05,0.010727272,0.0024453322,0.009755162,0.004856048,0.0067067062,0.0086882105,0.008963616,0.010473936,4.342487e-05,0.0055407425,0.0034270668,0.004834616,0.010720623,0.007571584,4.7934656e-05,0.007423108,0.001210422,0.016128344,4.5196088e-05
0.0073675113,0.00791346,0.0094774375,0.0046804138,0.009681398,0.004908019,0.008257232,0.009705238,0.008699631,0.008429512,0.008831458,0.0031221327,0.005551546,0.008403275,0.009899585,0.009588481,0.0092846565,0.00936311,0.005228905,0.009651743,0.009736527,5.1982257e-05,0.0070981393,0.008558979,0.0039984332,4.973236e-05,0.0072842264,8.5800275e-05,0.008235491,4.7608206e-05,0.009945848,5.0215953e-05,0.009957283,0.010111511,0.004841914,0.008688518,0.0064074416,0.008714719,0.008805783,0.0033536712,0.0004445398,4.752163e-05,4.4859145e-05,0.009760164,0.000319498,0.005177063,0.009917864,0.009085965,4.588519e-05,0.009439265,4.9563383e-05,0.009235508,0.0070655337,0.010250171,0.009825704,0.009316992,0.0095836315,0.004445864,0.009217846,5.2083742e-05,0.0073485295,0.0060790223,0.008793383,0.0,0.0059336443,0.00943233,0.009487107,0.0035842936,5.079018e-05,0.0047082044,0.008539576,0.009514948,0.009611294,0.005173563,0.0031520042,0.0044972054,0.010077855,0.009658721,0.009058501,0.008561042,0.008060857,0.0020708367,0.007753424,0.008874192,0.009992292,0.007616825,0.0090121385,5.106661e-05,0.0096837785,0.010057847,4.428622e-05,0.009118824,0.0012970193,0.008283376,0.003402604,0.0054641636,0.0070357425,0.007185029,0.008898586,4.35675e-05,0.0037822777,0.001812469,0.0032596302,0.009287601,0.0057896106,5.0568684e-05,0.0061454405,4.6948437e-05,0.015771281,4.3491735e-05
0.0062732347,0.0068301605,0.0085461605,0.0035328388,0.008540046,0.0036507065,0.0072472156,0.008801522,0.0078829415,0.007375604,0.008042467,0.0018891349,0.004843948,0.007094333,0.00926735,0.00847325,0.008330888,0.008558538,0.0041270405,0.009041495,0.009000376,5.6585654e-05,0.005751573,0.00758184,0.002892361,5.162035e-05,0.006317743,5.5029603e-05,0.0073131733,4.922164e-05,0.009133866,5.117601e-05,0.009265788,0.009323522,0.0037221364,0.0073762364,0.0049966304,0.008159858,0.0077637597,0.0022684257,5.8419697e-05,5.362008e-05,4.8662347e-05,0.008992285,5.5243618e-05,0.004029335,0.009136846,0.0079717925,4.6476478e-05,0.008669316,5.320104e-05,0.008343292,0.0060695484,0.009322784,0.009317284,0.008458853,0.009056458,0.0030984422,0.008343543,5.440783e-05,0.006271408,0.00511525,0.007993404,0.006259367,0.0,0.008798183,0.008652674,0.002206618,4.97485e-05,0.0034894752,0.0080878725,0.008896877,0.008400087,0.0043453397,0.0019437721,0.0031053037,0.009137795,0.008913751,0.008496066,0.007522884,0.0066756103,0.0009086351,0.006577664,0.0080726715,0.009272228,0.006548097,0.007908376,5.3010055e-05,0.008940377,0.009259818,5.060405e-05,0.008148813,5.1847688e-05,0.007163771,0.002033355,0.004141079,0.0060653794,0.0063520614,0.00800928,4.9609673e-05,0.0025642042,0.0003437395,0.0020247982,0.008394068,0.0047776634,4.8591603e-05,0.0046624863,5.278414e-05,0.0152875,5.0903072e-05
0.012325234,0.012930648,0.015677022,0.009610499,0.015738668,0.009970071,0.013640117,0.016512683,0.014720993,0.014255618,0.015479557,0.008647679,0.011331168,0.013833145,0.017846486,0.01591036,0.015643202,0.0160541,0.010461796,0.018505476,0.017797658,0.005411519,0.011873537,0.014050028,0.009506786,0.00234275,0.013151265,0.0058183535,0.013662355,5.2142823e-05,0.01692554,0.0008471694,0.018639069,0.016977143,0.010004571,0.014088401,0.011266418,0.019381015,0.014847191,0.008193829,0.006197778,0.0003124951,4.8817656e-05,0.017735505,0.005960775,0.010377879,0.01725977,0.014281065,4.7085177e-05,0.016597807,0.004909948,0.015687723,0.012020369,0.017791707,0.01808716,0.015683359,0.018659115,0.009396171,0.015300744,0.0047256686,0.012407546,0.010952945,0.014183544,0.01220637,0.010766317,0.0,0.016035352,0.008759301,0.0008326016,0.010057503,0.019400323,0.018717693,0.01550246,0.010517835,0.00882246,0.009600707,0.016499842,0.018165447,0.020715514,0.013439441,0.012990411,0.0071167042,0.01286038,0.014631821,0.01779993,0.01296561,0.014241722,0.005205563,0.018638974,0.016992062,5.0103623e-05,0.0152603,0.006960519,0.014141749,0.008005115,0.010333456,0.01301216,0.012894999,0.014892963,4.4985707e-05,0.008712506,0.0074065113,0.008426947,0.0150947785,0.01087756,4.8677684e-05,0.010967524,0.0055562817,0.023867367,5.0057366e-05
0.010672624,0.01098199,0.012682307,0.008176095,0.012764146,0.007848772,0.011388325,0.013128047,0.012179585,0.01185978,0.012497097,0.0064642644,0.009695703,0.011437374,0.01378179,0.01296609,0.012760353,0.013276848,0.008417375,0.013471403,0.01351107,0.0033483813,0.010160518,0.011813759,0.0076533426,4.694873e-05,0.010770868,0.0034624261,0.011667013,4.8976737e-05,0.013159005,5.0346112e-05,0.01372125,0.01347909,0.0085838,0.0114988,0.009203999,0.013185647,0.0121857105,0.006628359,0.0045774076,5.145789e-05,4.6300633e-05,0.013660866,0.0035253977,0.008460749,0.013430728,0.012044466,4.8905742e-05,0.013171711,0.0023609167,0.012692891,0.010228167,0.013762111,0.013799155,0.01290853,0.013439407,0.0073567913,0.012657443,0.0023328057,0.0104633635,0.00959272,0.011924637,0.010487912,0.0090368185,0.013526982,0.0,0.006427467,4.9765247e-05,0.007855482,0.013072189,0.013675981,0.0126353735,0.008603018,0.006681741,0.0073985243,0.013236007,0.0135160545,0.013037336,0.011494441,0.010901915,0.0055643306,0.010567874,0.0122215655,0.013710601,0.010861895,0.011880938,0.0024801588,0.013512366,0.013315084,4.978857e-05,0.012605878,0.0039799665,0.011582923,0.0063026585,0.008349351,0.010718284,0.010856084,0.012409484,4.7855214e-05,0.0072000525,0.00513996,0.006291951,0.01255381,0.009393882,5.1120038e-05,0.00880383,0.002724113,0.01784694,4.9580638e-05
0.0037036757,0.004390814,0.006805059,0.00077046885,0.0067705074,0.001405294,0.0051027234,0.007288494,0.005760119,0.005142351,0.006209036,4.7422312e-05,0.0018495491,0.0051609203,0.008372669,0.006803353,0.0067157056,0.006898315,0.0011600014,0.0089144595,0.008263691,4.347391e-05,0.003382724,0.0053606923,5.2052535e-05,3.5062625e-05,0.0037164658,4.0852876e-05,0.005019697,4.1719555e-05,0.008175712,4.1759682e-05,0.0092617655,0.008081505,0.00066620624,0.005527577,0.0027260678,0.0095982235,0.005863422,4.7765203e-05,4.502833e-05,4.303787e-05,3.6072586e-05,0.008195607,4.4487497e-05,0.000953909,0.008158175,0.0059833694,3.521501e-05,0.0073446073,4.1576703e-05,0.0067791934,0.0037284917,0.008631964,0.0088644605,0.006637173,0.008945645,0.00050634,0.006366966,4.102673e-05,0.00355373,0.0022869827,0.005844661,0.0036481533,0.002128528,0.008350836,0.0070873555,0.0,4.3384654e-05,0.00061417214,0.009485143,0.008917552,0.006870077,0.0014812008,4.6032335e-05,0.0007120762,0.0076621785,0.0083192345,0.01035037,0.0053435126,0.004549363,4.24771e-05,0.0043679103,0.0058995155,0.008754117,0.0042241677,0.0057793227,4.328293e-05,0.008535151,0.008168955,3.9917893e-05,0.006250418,4.281197e-05,0.005135401,4.6974263e-05,0.0016683467,0.0033230192,0.0036087646,0.0060668285,3.2360444e-05,4.3957392e-05,4.4409586e-05,4.6702105e-05,0.0063660494,0.0019919632,3.7506376e-05,0.002475747,3.837884e-05,0.016198952,3.31533e-05
3.6654105e-06,7.434756e-06,0.0031711503,3.0229469e-06,0.0026652229,1.0305698e-05,1.9668068e-05,0.004505911,0.00030265583,2.773654e-05,0.0021078428,1.6506961e-05,1.1721599e-05,5.722633e-06,0.008266501,0.0028547859,0.0026951407,0.0038982541,1.5301232e-05,0.009962308,0.008301193,1.3677251e-05,-2.9085632e-08,1.8674617e-05,1.3854796e-05,-1.2498121e-07,4.2958463e-06,9.172155e-06,1.2582123e-05,3.797968e-06,0.005849179,1.9015344e-05,0.010263162,0.0060185506,1.1399877e-05,1.7487606e-06,8.915795e-06,0.013391232,0.0010560518,1.05219115e-05,1.1431617e-05,1.8408373e-05,1.9066425e-05,0.0074813794,3.4918207e-06,8.5000265e-06,0.0068239663,2.5687039e-05,-2.4051435e-06,0.0054671904,5.748657e-06,0.0026100029,1.0024446e-05,0.008557457,0.009434128,0.0025772587,0.010918863,3.3221006e-06,0.0015843875,1.8504878e-05,1.3157762e-06,9.967029e-06,2.1940334e-05,1.6906015e-05,1.6245427e-05,0.009185398,0.0037593516,1.4590258e-05,0.0,9.967147e-06,0.0135095995,0.010686325,0.0022375248,1.6163922e-05,-4.412912e-08,1.1058565e-05,0.004652354,0.009598588,0.017538698,5.8589026e-06,4.4259914e-06,1.2329523e-05,1.1518708e-06,0.000424307,0.008914909,1.0997167e-05,1.7493823e-05,1.7998045e-05,0.0105370935,0.006441774,1.495194e-05,0.0011400025,-3.505823e-06,8.946723e-06,1.358463e-05,1.5409818e-05,1.5942158e-05,8.586679e-06,0.0010746323,1.225056e-05,7.83938e-06,8.718994e-06,6.629542e-07,0.0009935508,7.6188444e-06,1.0648636e-05,1.7062794e-05,9.872889e-06,0.029131843,1.663803e-06
0.0053891996,0.005938394,0.007905597,0.002632103,0.007935268,0.002645671,0.0064909086,0.008255494,0.0071175834,0.0067466535,0.007464542,0.00068366993,0.004130611,0.0064218696,0.00896605,0.007963197,0.0077460925,0.008071529,0.0028926078,0.008966515,0.008696551,4.4834116e-05,0.004885797,0.006761511,0.0017731413,3.9904397e-05,0.005429196,4.528908e-05,0.0065524126,4.0219726e-05,0.008738109,4.4908888e-05,0.009273219,0.008912865,0.0026834363,0.0064999685,0.004164824,0.008178783,0.0071719275,0.0008959065,4.8754067e-05,4.0174724e-05,3.199295e-05,0.008802214,4.7267116e-05,0.0030171592,0.008842004,0.0072699864,4.014021e-05,0.008122608,4.1782503e-05,0.007934418,0.0052649863,0.009111456,0.008984872,0.007864098,0.009037687,0.0018298571,0.0076225977,4.5898607e-05,0.0053682765,0.0041279183,0.0072689406,0.0051986827,0.0037516414,0.008602414,0.008255083,0.001076638,3.8430557e-05,0.0,0.0081209615,0.0089345975,0.00781671,0.003386987,0.0007913526,0.0019813254,0.008547473,0.008781285,0.0085578095,0.0066139624,0.0058898926,4.836578e-05,0.0056161056,0.007339951,0.00920342,0.0057144905,0.007011083,4.4138345e-05,0.008775102,0.008929459,3.644444e-05,0.0074967355,3.8222875e-05,0.0064141382,0.00081347773,0.0029218944,0.005178498,0.0054244064,0.007363279,2.9292944e-05,0.0014456694,4.3772412e-05,0.00082114246,0.00764604,0.003976786,4.250338e-05,0.0036700142,4.42835e-05,0.015867326,4.0692317e-05
0.015330473,0.01548452,0.01842443,0.012375334,0.018159512,0.012330254,0.015854212,0.018948073,0.017254226,0.01692902,0.018035602,0.011154481,0.014000952,0.01618499,0.020323414,0.01821088,0.018037986,0.018412216,0.012960404,0.021116141,0.020425603,0.0084241275,0.014697829,0.016296683,0.0122911325,0.005708769,0.015540178,0.008454006,0.016023336,0.0029062408,0.019814339,0.0042027747,0.021246675,0.019493097,0.012963003,0.016430417,0.013831396,0.02312949,0.017530069,0.011030439,0.009512649,0.0039147562,4.3199703e-05,0.02005628,0.008678422,0.012866538,0.019627988,0.016904937,4.436717e-05,0.019143237,0.0075052837,0.018029464,0.0145278,0.020128574,0.020663107,0.018132864,0.021507334,0.011597463,0.017550152,0.0074427403,0.014696423,0.01380682,0.016482946,0.014937592,0.013304912,0.02070015,0.018217033,0.01103602,0.003718699,0.012366772,0.0,0.02161523,0.018043267,0.01306836,0.011266884,0.011754714,0.018842064,0.020890845,0.025764992,0.015823573,0.01523134,0.010071479,0.015129156,0.017050399,0.02015914,0.015295415,0.016498867,0.008033661,0.021292334,0.019554581,0.002919832,0.017516654,0.009166839,0.016472865,0.010695413,0.012851757,0.015242751,0.015366602,0.01727251,4.3521046e-05,0.011583181,0.009861255,0.010773449,0.017707488,0.0138592925,0.002495564,0.013381778,0.007888067,0.029457774,0.0016281768
0.013264968,0.01345501,0.016444007,0.010337218,0.016465515,0.010538187,0.01397291,0.017072467,0.015360179,0.014877846,0.016226519,0.0092487885,0.011815802,0.014412323,0.018710243,0.016329015,0.016281879,0.016725985,0.010996656,0.019705635,0.01880274,0.006407254,0.012730257,0.014505397,0.010398062,0.0037417924,0.013664149,0.0066569396,0.014273386,0.0010019521,0.017807348,0.002303997,0.02014613,0.017842364,0.010996538,0.014500687,0.01170697,0.021265486,0.015484642,0.0091559775,0.0072828787,0.0018034618,4.7769277e-05,0.01857214,0.0066995355,0.010911913,0.018120022,0.015002643,4.5770088e-05,0.01731816,0.0057405224,0.016312603,0.012592214,0.018636344,0.018997261,0.01631694,0.019914525,0.009911636,0.015864292,0.0054764114,0.012874147,0.0118741775,0.014776393,0.013002396,0.01160824,0.01917847,0.016624646,0.009252322,0.0018379863,0.0105124675,0.021399263,0.0,0.01612632,0.011003553,0.009402463,0.010174291,0.017159102,0.0191461,0.0228877,0.01407584,0.013464451,0.008140734,0.013207942,0.015207634,0.018709134,0.0134695945,0.014660092,0.0061358516,0.019739553,0.017783565,0.0010361773,0.01569699,0.007746992,0.014682295,0.008872749,0.0108479075,0.013435352,0.013322225,0.015509791,4.8743572e-05,0.009713895,0.0079075685,0.009042177,0.01576378,0.011763998,0.00045135902,0.0114759775,0.0064273877,0.026708197,4.7969414e-05
0.009825964,0.010181996,0.012124512,0.0071710157,0.012558219,0.007395563,0.010426537,0.012679166,0.011112395,0.010879529,0.011186035,0.0056314557,0.0073965187,0.011064849,0.012502772,0.012021692,0.0112403855,0.011444852,0.0076330067,0.012409837,0.012825118,0.0026604119,0.009399879,0.010677328,0.006248754,4.4681983e-05,0.00972124,0.0032470734,0.010523729,4.4782773e-05,0.012688948,4.6425193e-05,0.012669654,0.012499224,0.0070361113,0.011459455,0.008764331,0.011588132,0.0111204535,0.00591861,0.0025985066,4.9122224e-05,4.474887e-05,0.012588451,0.0031872836,0.007253366,0.012361313,0.011580559,4.5556983e-05,0.011737881,0.0016984435,0.011685451,0.009173494,0.013001643,0.012410632,0.011700664,0.013101026,0.0069432766,0.011449699,0.0017034516,0.009455547,0.008202612,0.010853165,0.009739929,0.00836733,0.012175028,0.011640381,0.0062970184,4.8368704e-05,0.0071610217,0.011647469,0.012383642,0.0,0.007279233,0.005465562,0.0071475976,0.012831927,0.012962698,0.012068437,0.010986207,0.010610968,0.004331561,0.010403597,0.01110972,0.012288258,0.010083088,0.011475777,0.0019106411,0.01316561,0.01318136,4.5975594e-05,0.011539314,0.004667309,0.010541558,0.0058343112,0.0078272745,0.009113259,0.00928961,0.0108766565,4.448634e-05,0.0062666005,0.004534207,0.005766421,0.011989467,0.007748763,4.7698533e-05,0.008679449,0.0034279204,0.018333128,4.6938418e-05
0.0066391006,0.007812982,0.00883637,0.0055714035,0.008757961,0.0044128373,0.00838365,0.009094423,0.0082316175,0.008289112,0.008420991,0.0022831412,0.008086256,0.0073433975,0.00965602,0.008942357,0.009099054,0.009441858,0.0044226437,0.00953559,0.009292746,5.2895077e-05,0.005775749,0.008037993,0.003638676,4.8777387e-05,0.0061938483,5.0317005e-05,0.008176602,5.4720185e-05,0.009880504,5.2033418e-05,0.00983913,0.009613898,0.0053353608,0.007430711,0.004710859,0.009633747,0.008224808,0.0021511482,0.0025174825,4.9145652e-05,4.8047834e-05,0.00953417,5.635601e-05,0.005132215,0.009444031,0.008074176,5.0984167e-05,0.009252695,5.298597e-05,0.00889047,0.00745432,0.009734622,0.00969805,0.008817105,0.009659301,0.0030024273,0.008824962,5.0890874e-05,0.006587418,0.0067246994,0.008316244,0.006417564,0.0050455136,0.009395502,0.009304593,0.0017169979,5.2826057e-05,0.004001518,0.009506954,0.009436862,0.0085897315,0.0,0.002525324,0.0032800904,0.009386804,0.009362006,0.010260541,0.008211145,0.0067542167,0.0019739193,0.0068189497,0.008682321,0.009857733,0.007861508,0.007935826,5.391586e-05,0.009457766,0.009577097,4.958579e-05,0.008598096,4.9783535e-05,0.0073688687,0.0019635896,0.0044891234,0.007567757,0.007832511,0.008496782,4.2258776e-05,0.003490455,0.00038017263,0.0016184556,0.008902811,0.0066686957,5.2990366e-05,0.0041174567,4.842043e-05,0.018462043,4.710559e-05
0.0046099783,0.0050790925,0.007652869,0.0015218927,0.007575553,0.0011587999,0.0059660715,0.008110385,0.0066594016,0.0061820326,0.007168505,5.5210403e-05,0.0040535256,0.0054824622,0.008888856,0.0075804912,0.0076448205,0.007998342,0.0023123238,0.008499742,0.008548848,5.8232476e-05,0.004118286,0.0061898613,0.0015145213,4.6447716e-05,0.004917988,5.715224e-05,0.0058914525,5.565029e-05,0.008624589,5.3818756e-05,0.008796615,0.008284159,0.0022576035,0.0057493844,0.0027994004,0.008693981,0.0068251323,5.597955e-05,6.017668e-05,5.678781e-05,3.989074e-05,0.008666892,5.2118226e-05,0.0023398746,0.0083719175,0.0066531086,4.723238e-05,0.008056649,5.346912e-05,0.0075603495,0.004634968,0.009234514,0.008685624,0.0075533045,0.008902351,0.00049922476,0.007259817,5.08524e-05,0.0048827403,0.0037137968,0.0068579204,0.004490684,0.0028900239,0.008395953,0.007965184,5.75282e-05,5.199703e-05,0.001204529,0.008688662,0.008676743,0.007343993,0.0026592687,0.0,0.0003617997,0.008439628,0.009081995,0.00931591,0.0058341995,0.0048736595,5.6334575e-05,0.0046755024,0.006989364,0.009168742,0.0050519686,0.0062248986,5.7161375e-05,0.009415606,0.008898365,4.8072423e-05,0.007225195,5.638855e-05,0.0060981032,5.6055516e-05,0.0016233184,0.0048316345,0.005146693,0.007063096,4.589749e-05,0.00045991456,5.3125837e-05,5.8200618e-05,0.0071605607,0.003695919,5.546438e-05,0.0021635306,4.9484748e-05,0.01874239,4.4481898e-05
0.00475511,0.0053132954,0.0074330047,0.0019086287,0.0075989687,0.0023855134,0.0059787636,0.00783768,0.0064767473,0.0061129243,0.006893955,5.158591e-05,0.002968666,0.0059093125,0.008767741,0.0075677386,0.007396214,0.007661847,0.0022323646,0.009121092,0.008715646,5.0683477e-05,0.0042454894,0.0061772554,0.00071505475,4.223513e-05,0.0046029943,5.2747968e-05,0.0057612075,5.0826784e-05,0.008508072,4.5853947e-05,0.009380135,0.008583034,0.0018338674,0.0062318076,0.0033964724,0.009255959,0.0067387964,0.00025460406,5.4277305e-05,4.8691665e-05,3.8590093e-05,0.008537002,5.3118772e-05,0.0021467495,0.008585349,0.0068232073,4.418016e-05,0.0079088025,4.69369e-05,0.007387633,0.004614459,0.008985396,0.009126329,0.007276998,0.009084542,0.0014361909,0.007117051,4.7368274e-05,0.004608028,0.003284784,0.0065147476,0.0046557407,0.0029940575,0.008626029,0.0077652894,0.00075875886,4.8971822e-05,0.0015364076,0.00904598,0.009098978,0.0073965034,0.0024819286,5.470839e-05,0.0,0.008195365,0.008652085,0.009226026,0.0061926176,0.0053455955,5.320069e-05,0.0051500294,0.0065827454,0.009056629,0.005226597,0.0065326705,4.9573795e-05,0.008730471,0.008487708,4.9306775e-05,0.0070511936,4.432596e-05,0.0057816408,0.00047389616,0.0025397844,0.0042438633,0.0046557845,0.006780589,4.164978e-05,0.0007359162,5.0602684e-05,0.00021399108,0.0071905265,0.0029229189,4.5829856e-05,0.0033355628,4.8629725e-05,0.015900183,4.1685184e-05
0.010537893,0.01096957,0.013079456,0.008003286,0.013249877,0.008159824,0.011342946,0.013519182,0.012021875,0.011726876,0.012322733,0.0065266355,0.0086873425,0.011817406,0.013713558,0.012981051,0.012441761,0.012684266,0.008489206,0.013674614,0.013874017,0.00354727,0.010277524,0.011545745,0.007447479,4.817586e-05,0.010633284,0.003959065,0.011525377,5.0294224e-05,0.013772453,4.628335e-05,0.013933263,0.013494322,0.008156843,0.011923567,0.009490812,0.01335365,0.012153028,0.006776279,0.0040540486,4.773829e-05,4.6759145e-05,0.01378452,0.0039226008,0.008280123,0.013390726,0.012184214,4.4108758e-05,0.013008244,0.0027875116,0.0127094295,0.009905748,0.014038309,0.013567971,0.012683598,0.014273343,0.0076802513,0.0123600215,0.0026810134,0.010294134,0.009105816,0.01178305,0.010593553,0.009115069,0.013548886,0.012811044,0.0069370065,4.731232e-05,0.008115754,0.013325368,0.013636622,0.013082114,0.008270053,0.0065305755,0.0077166264,0.0,0.014167726,0.013485811,0.011676815,0.0112695405,0.005384429,0.011003215,0.012123012,0.013608514,0.010942079,0.01218557,0.0029871773,0.014479409,0.014077778,4.6536526e-05,0.012410235,0.005175337,0.011450786,0.0066858507,0.008704254,0.010403607,0.010333917,0.0119450195,4.2798732e-05,0.0072132405,0.005508494,0.006563804,0.012755831,0.008797986,4.8281054e-05,0.009404604,0.003819339,0.018919747,4.851191e-05
0.012786981,0.013263258,0.015959673,0.010134145,0.015959809,0.010100071,0.013568916,0.016555937,0.014425517,0.014264421,0.015028241,0.008855476,0.010960695,0.014072614,0.017346147,0.015550865,0.015120613,0.015482609,0.010622284,0.01746049,0.01732623,0.006064134,0.012375214,0.013840087,0.009937313,0.0029187144,0.012887972,0.0062567475,0.013596118,0.0004879244,0.016646517,0.0016517817,0.017634036,0.016469993,0.010436692,0.014156289,0.011356004,0.017987946,0.0147094615,0.008803347,0.0066373763,0.0011461525,5.003057e-05,0.01735852,0.00633846,0.01038348,0.016576715,0.014470361,4.978366e-05,0.016034393,0.0052008647,0.015391994,0.012156433,0.017840903,0.017489893,0.015422793,0.018729918,0.009470902,0.0148964375,0.0051860493,0.012460145,0.011248449,0.014122416,0.012772537,0.0110967485,0.017490562,0.015449432,0.009063949,0.0012912732,0.010171955,0.018453965,0.017992627,0.015894739,0.01069806,0.0089422325,0.009685365,0.016577601,0.0,0.019422028,0.013635408,0.01317099,0.0076518576,0.012982659,0.014747202,0.01717533,0.01313421,0.014428778,0.0055656917,0.019814882,0.01735444,0.00037999437,0.014901497,0.007340297,0.013897449,0.008548746,0.010629411,0.012632763,0.012679384,0.014575495,4.650234e-05,0.009407581,0.0075261015,0.008659869,0.015284745,0.011190333,9.318428e-05,0.011167968,0.0059393,0.026574038,5.0575927e-05
0.018566357,0.01857329,0.021301156,0.015686758,0.021038769,0.01572359,0.018969294,0.021812065,0.020297792,0.019899374,0.020966576,0.014544799,0.017302338,0.019348927,0.022937188,0.02104645,0.021007195,0.02122507,0.016188588,0.023822151,0.023293559,0.011919831,0.017865527,0.019436443,0.0155344205,0.009059762,0.01861949,0.011941836,0.019053157,0.0064701573,0.022779161,0.007875735,0.02388403,0.022283616,0.016168572,0.01960327,0.017006278,0.025025696,0.02067541,0.01446076,0.013098977,0.007600373,0.0006837097,0.022826474,0.012276553,0.016113328,0.022520773,0.019942839,0.001576133,0.02180854,0.011149302,0.02103993,0.017689843,0.02288591,0.023248225,0.021091742,0.024123676,0.015017699,0.020594524,0.010973219,0.017731903,0.01709657,0.01949053,0.018133046,0.016697932,0.023471244,0.021315403,0.014276385,0.0072588446,0.015734367,0.025028026,0.024052452,0.02105931,0.016415367,0.014737448,0.015238828,0.021857347,0.023484569,0.0,0.01914124,0.018319918,0.013651841,0.018315298,0.020140342,0.02284559,0.018520262,0.019569911,0.011435331,0.023869542,0.02235424,0.006384582,0.020443784,0.012583231,0.019515896,0.01414188,0.016034033,0.018485203,0.01836579,0.020321483,4.305024e-05,0.014996316,0.013210667,0.0141985705,0.020770969,0.017181229,0.006140069,0.016621802,0.0113191195,0.030162066,0.0052204006
0.00829359,0.008735211,0.010312513,0.0057486272,0.010400963,0.0060325773,0.0091896495,0.0106355185,0.009517767,0.0092350915,0.009548677,0.004053866,0.006283137,0.00931999,0.010802114,0.010267667,0.009898922,0.010218563,0.0061235717,0.01024159,0.010483672,0.0009061977,0.007963231,0.009334548,0.0047705644,4.755982e-05,0.008017117,0.0013392242,0.009160797,5.119575e-05,0.010517833,5.147137e-05,0.01059286,0.010864269,0.005805458,0.00948596,0.0072593843,0.009235375,0.009537233,0.004479527,0.0013955157,4.878386e-05,4.5165652e-05,0.010523083,0.0015934044,0.0058601443,0.010594785,0.009852083,4.4377633e-05,0.010052934,5.5855973e-05,0.009991716,0.007910961,0.010920903,0.01052513,0.009989992,0.010410724,0.0054924423,0.010018393,5.0916904e-05,0.008135471,0.0069327764,0.009654222,0.008158579,0.006824185,0.010187751,0.010341898,0.004662642,4.8374837e-05,0.0055819293,0.009651173,0.010166888,0.01040424,0.006151853,0.003981479,0.005526143,0.010803838,0.010410243,0.00983501,0.0,0.009044454,0.003071914,0.008695206,0.009819415,0.010657641,0.008708991,0.009875055,5.292625e-05,0.010472218,0.0109231295,4.9613343e-05,0.010094164,0.0023960376,0.008973621,0.004551107,0.006467118,0.007889818,0.008104632,0.009493516,4.3733133e-05,0.0049179425,0.0028419117,0.0043645897,0.010102388,0.0067028953,4.902112e-05,0.0071637286,0.0012587826,0.01611117,4.8401285e-05
0.00740465,0.007932945,0.009433721,0.0049808156,0.009678801,0.005202265,0.008246641,0.009777819,0.008648748,0.008433544,0.008898779,0.0033193668,0.005279285,0.0085037025,0.010146432,0.009437445,0.0092178965,0.00948162,0.005366323,0.009634182,0.009772426,8.2605664e-05,0.0071497094,0.008582706,0.00403398,4.33983e-05,0.0073585757,0.00069577986,0.008262778,4.1207095e-05,0.009922525,4.270023e-05,0.009965149,0.010081712,0.004881939,0.008730517,0.0064529707,0.009095086,0.008683983,0.0035910034,0.00031550537,4.3523974e-05,3.985256e-05,0.009828482,0.0008629183,0.0051872595,0.009878445,0.009254101,4.0363666e-05,0.009460723,4.489686e-05,0.009345165,0.0071944552,0.010261933,0.009911174,0.009286828,0.009827162,0.004711712,0.00907439,4.6380454e-05,0.007187667,0.0061177686,0.008724499,0.007406794,0.0060446747,0.00964199,0.009401261,0.003996539,4.3614138e-05,0.004758194,0.009107908,0.009567596,0.009665698,0.0053168517,0.0030707114,0.0047213817,0.010077928,0.009719296,0.009030977,0.008775455,0.0,0.0022103125,0.008033765,0.008992031,0.010084965,0.007722367,0.009131761,4.616366e-05,0.0098084565,0.010238339,4.1891817e-05,0.0091588255,0.0019855632,0.008123442,0.0037396555,0.0058065886,0.006853926,0.0071956418,0.008695137,3.792301e-05,0.004017073,0.0021200422,0.0035261333,0.009502331,0.005645018,3.9581006e-05,0.0063172095,0.0007100764,0.015581467,4.1416053e-05
0.0037906282,0.0044110715,0.0071180044,0.00090558466,0.006954114,0.00013101859,0.0052917167,0.0076722424,0.0060796724,0.0054684966,0.0066518616,4.372594e-05,0.00419982,0.004850579,0.008683094,0.0071577583,0.007084111,0.007380718,0.00089869753,0.008921432,0.0084757805,3.849165e-05,0.0031199316,0.005734663,8.0682126e-05,3.697097e-05,0.0038746195,4.5695873e-05,0.0052585793,4.187717e-05,0.0087280795,4.112399e-05,0.009177372,0.008400145,0.0014148538,0.0049285935,0.0018852724,0.009068052,0.0061338996,4.455928e-05,4.724064e-05,3.7178135e-05,3.2747288e-05,0.008340314,4.695242e-05,0.0012221375,0.008415788,0.0059862845,3.9833747e-05,0.007658336,3.8130223e-05,0.0069133397,0.0039473292,0.008830267,0.008941671,0.0069995797,0.009271575,4.370681e-05,0.0066875233,3.9799103e-05,0.003643623,0.0029517456,0.0061041685,0.0034821366,0.0017576887,0.008459314,0.0074915932,4.263751e-05,3.5764675e-05,0.00012614368,0.009145548,0.008806862,0.006912384,0.0026094597,4.455654e-05,4.402025e-05,0.007934544,0.008683624,0.010054388,0.0050860886,0.003986648,0.0,0.0037249953,0.0062889294,0.008861607,0.004276627,0.0056511206,3.540257e-05,0.00903978,0.008334481,3.968828e-05,0.0064841015,3.9999904e-05,0.005252288,4.718961e-05,0.00068767474,0.0039810822,0.004480959,0.0066138613,2.9580287e-05,4.2077332e-05,4.208631e-05,4.7046844e-05,0.006471229,0.0026867546,3.987997e-05,0.0010990374,4.1026728e-05,0.020669423,3.923016e-05
0.0073576695,0.0077247517,0.00937748,0.004641177,0.009783363,0.0053034434,0.008255093,0.009868993,0.008558382,0.008350212,0.008773836,0.0030102322,0.0050283805,0.008488778,0.009882837,0.009405727,0.0089396555,0.009240564,0.0052540065,0.009704052,0.009877756,4.8439684e-05,0.007155408,0.008436915,0.0038423294,4.7328147e-05,0.0072358204,0.00051367166,0.008251846,4.700032e-05,0.010018035,4.933364e-05,0.009999361,0.010159742,0.004539636,0.008690867,0.0064584357,0.009021919,0.008703879,0.00353547,5.2485386e-05,4.6388253e-05,4.3631324e-05,0.009841436,0.00051771087,0.0049077705,0.009861952,0.009049159,4.1448002e-05,0.009310464,4.7562047e-05,0.009348735,0.006959278,0.010170938,0.009891581,0.009252579,0.009792072,0.004580334,0.009136117,4.820944e-05,0.007162473,0.0057807043,0.00866617,0.007406092,0.0059986673,0.009443603,0.009343541,0.00404932,4.666616e-05,0.0047753556,0.009010032,0.009543497,0.009558788,0.0050195805,0.0028941734,0.004699329,0.009917979,0.009587494,0.009067072,0.008609682,0.008064899,0.0019200655,0.0,0.008787356,0.0099430485,0.007606105,0.009044172,4.7724065e-05,0.00973883,0.010115113,4.5798985e-05,0.009188596,0.0017219483,0.008203149,0.003573747,0.0054813875,0.006721938,0.0069585117,0.008600526,4.363918e-05,0.003793046,0.0020385734,0.0034108104,0.0094871875,0.005575457,4.7547546e-05,0.0064316904,0.00060886046,0.01575754,4.578876e-05
0.009464492,0.01011794,0.011533637,0.0072773527,0.01162861,0.006980216,0.010367258,0.011893573,0.010811366,0.010664498,0.011028869,0.0052173063,0.008410321,0.010204728,0.012086847,0.011567449,0.011402818,0.011714353,0.007357252,0.011493325,0.011733902,0.0020266245,0.008978689,0.010447288,0.006339828,4.7110545e-05,0.00943696,0.0020620588,0.01042248,5.014256e-05,0.011752113,4.6835834e-05,0.011703352,0.012059334,0.007347619,0.010434006,0.008020611,0.011103907,0.010981498,0.0056312573,0.0033908235,4.814844e-05,4.440936e-05,0.012144943,0.0022991358,0.0074619097,0.011869294,0.010881831,4.7783906e-05,0.011668375,0.0011169349,0.011505897,0.009304282,0.012377371,0.011985885,0.011434714,0.011672231,0.006175517,0.011377743,0.0011457673,0.009153166,0.00847152,0.010933185,0.009405452,0.007959586,0.011600886,0.011685161,0.0052901986,5.066822e-05,0.0067318776,0.01112584,0.01158789,0.011447112,0.0077473447,0.005443125,0.006340284,0.012072696,0.011882986,0.0112178,0.010464132,0.009875625,0.0043455083,0.009569586,0.0,0.0121736685,0.009868809,0.010868358,0.0014800898,0.011942682,0.012044432,4.9072376e-05,0.011313554,0.002524565,0.010174556,0.0053724064,0.0073919524,0.009459044,0.009576973,0.011109958,4.4250417e-05,0.0060357437,0.0038957805,0.005257911,0.011283628,0.00814659,4.8672424e-05,0.0077897296,0.0014713914,0.016926207,4.9252034e-05
0.012408216,0.012588527,0.015081064,0.009731879,0.015152907,0.009678061,0.013193355,0.015894037,0.014161186,0.013870561,0.014970919,0.008188066,0.011003926,0.013270495,0.017084142,0.015348817,0.015058282,0.01547944,0.010098704,0.017479252,0.016837291,0.0054967217,0.011823425,0.013424548,0.009434473,0.0023558945,0.012686901,0.005728807,0.013405199,4.7255504e-05,0.01630649,0.0011292642,0.017507222,0.016281703,0.010041947,0.0134929195,0.010930403,0.018170219,0.014423756,0.00840421,0.0063615628,0.0001983096,4.1291038e-05,0.016989408,0.0056345775,0.010113309,0.016428616,0.01386098,4.358122e-05,0.01592357,0.00479576,0.015188948,0.011880527,0.017119616,0.01722662,0.015236862,0.017601114,0.008974369,0.014940714,0.0044907113,0.011995668,0.011017404,0.013825239,0.0120885605,0.010792916,0.017215645,0.015438217,0.00845089,0.00041698976,0.009604638,0.018156346,0.01770261,0.014904744,0.010145757,0.008532931,0.00916473,0.015904434,0.017308664,0.019215185,0.013086166,0.012639964,0.007334933,0.01229971,0.014263366,0.0,0.012478869,0.013806374,0.004925358,0.017663913,0.016351067,4.835526e-05,0.014631769,0.006428582,0.013668472,0.008163778,0.010051131,0.012620286,0.012487759,0.014547506,4.2168635e-05,0.0088316705,0.007116628,0.007994685,0.014706634,0.01091281,4.769292e-05,0.010514139,0.0051766005,0.02226123,4.6067413e-05
0.007987047,0.008692142,0.0101436665,0.0058838944,0.01034649,0.005756015,0.009174224,0.01042108,0.009366493,0.009139554,0.009511911,0.0037008554,0.006827403,0.008934112,0.010691077,0.010214604,0.010055266,0.010181356,0.0057434915,0.010342392,0.010272829,0.00047822777,0.007626687,0.009087044,0.004539388,4.637733e-05,0.007724334,0.00056388613,0.009051814,4.5187004e-05,0.0103662945,4.8702423e-05,0.010577789,0.01057921,0.0057126232,0.009288375,0.0066934535,0.00950005,0.009424692,0.0040951977,0.0017152093,4.6722507e-05,4.1378684e-05,0.010658146,0.0010381959,0.005749168,0.010405959,0.009639805,4.3614058e-05,0.010143883,4.9312395e-05,0.010010057,0.007923807,0.010994441,0.010726622,0.0099279815,0.010365912,0.0049141543,0.00999235,4.761905e-05,0.0077976407,0.0070803673,0.009411483,0.008032888,0.006676648,0.010190436,0.0103083,0.004035632,4.7623973e-05,0.0052370294,0.0095299,0.01029658,0.010130624,0.0065314146,0.003652396,0.005030924,0.010792175,0.010625146,0.010099779,0.009337603,0.008545768,0.002863775,0.008341692,0.009713803,0.010852595,0.0,0.009583763,4.8020112e-05,0.01061179,0.010819385,4.4573208e-05,0.009964222,0.0011234088,0.008583222,0.0040497757,0.0059923045,0.007798599,0.007984881,0.009489975,4.461482e-05,0.004638911,0.002290078,0.0038899786,0.010023169,0.0067821397,4.7352205e-05,0.006527202,0.00018187336,0.016465219,4.297539e-05
0.008543734,0.009013976,0.01067293,0.0059874975,0.010921901,0.0062885056,0.009286061,0.010998333,0.009650274,0.009396438,0.009865442,0.0043045892,0.0062310076,0.00961062,0.011092501,0.010594571,0.009961911,0.010192862,0.0062561105,0.01063471,0.010851369,0.0013329472,0.008254399,0.009382041,0.005163131,4.6332305e-05,0.008440155,0.0018776755,0.009332395,4.845838e-05,0.010993064,4.7278674e-05,0.010790079,0.01105747,0.0058061723,0.00987328,0.007625118,0.0101148365,0.0097295595,0.0046506026,0.0014507793,4.7745893e-05,4.10177e-05,0.010912417,0.0019008375,0.0060574287,0.010743804,0.010208868,4.2141444e-05,0.010434264,0.00043954575,0.010268667,0.007988668,0.011246461,0.010801215,0.010249261,0.011007036,0.0057264017,0.010141587,0.00049282756,0.00826537,0.00697608,0.009652559,0.008540766,0.0071743424,0.01050065,0.010302663,0.005197257,4.5870165e-05,0.0060175266,0.010125592,0.010492179,0.0108447075,0.006197101,0.0040785386,0.005855612,0.011214884,0.010943162,0.010236013,0.009690719,0.009294786,0.0032941108,0.009013096,0.009917247,0.010910419,0.008928373,0.0,0.0006291676,0.011048046,0.011548829,4.5840625e-05,0.010155373,0.0030837024,0.009260068,0.0047929767,0.0067803026,0.007983639,0.008093586,0.0095767835,4.0152023e-05,0.005052824,0.0032058733,0.0046331948,0.01041169,0.006642198,4.6794823e-05,0.0074694315,0.0019984376,0.01639003,4.4403652e-05
0.000455533,0.0012789629,0.005175336,3.769148e-05,0.0050615733,3.6586127e-05,0.0024252986,0.005909145,0.0037838009,0.0028986167,0.004650704,2.9146335e-05,4.1632793e-05,0.0020130954,0.008439955,0.0050811335,0.005080417,0.005748815,4.1308645e-05,0.008642174,0.0077129416,2.9851637e-05,3.5306406e-05,0.0026477466,4.2527787e-05,2.6770651e-05,0.00035297574,4.0966104e-05,0.0023001076,3.7690443e-05,0.006751694,3.25248e-05,0.008785026,0.006872008,4.206926e-05,0.00235237,3.769887e-05,0.009725129,0.0039738496,3.4652396e-05,3.422855e-05,3.0712377e-05,1.8619998e-05,0.0075642667,3.28587e-05,4.3229298e-05,0.0071593695,0.0034162656,2.0545844e-05,0.006375428,3.506346e-05,0.005014779,0.0005028447,0.00806984,0.0086227385,0.0050984765,0.008959753,4.0016166e-05,0.004439461,2.9709801e-05,4.1344556e-05,4.537224e-05,0.003316734,0.00020881595,3.4227804e-05,0.008095714,0.005738343,3.413236e-05,2.9438133e-05,4.155e-05,0.009552876,0.009003398,0.0048473952,3.6551646e-05,3.1162166e-05,3.660441e-05,0.006284748,0.008436279,0.011243103,0.0021169533,0.00092035806,4.0931598e-05,0.00038408343,0.0041035856,0.008852585,0.0012888706,0.002991364,0.0,0.0087922625,0.0071083084,2.7925513e-05,0.0042365748,3.209807e-05,0.002392162,3.3334614e-05,4.2860545e-05,0.0012104738,0.0014007272,0.0042267577,1.8236715e-05,3.6369456e-05,3.40832e-05,3.179979e-05,0.0047326344,4.679206e-05,3.943808e-05,3.8789098e-05,2.8720853e-05,0.021810494,3.8671536e-05
0.013644385,0.013805515,0.016554553,0.010810366,0.016508278,0.0108154,0.014042795,0.017175913,0.015120435,0.014977332,0.015817454,0.009570783,0.011808361,0.014575831,0.017983848,0.016252125,0.01572862,0.016097771,0.011229231,0.018205678,0.01815069,0.0067643737,0.012992909,0.014537339,0.0106379455,0.004137632,0.0136532895,0.0070874854,0.014305803,0.001552643,0.017543297,0.0027533518,0.018407604,0.017080488,0.011142284,0.01490387,0.012156553,0.01889556,0.015431148,0.009558482,0.007556336,0.002068274,4.916049e-05,0.017858913,0.0072270506,0.011179764,0.017125955,0.0151726855,4.6458772e-05,0.01680109,0.0060093696,0.016036626,0.012730142,0.018400636,0.018024417,0.01592371,0.019453041,0.0101375505,0.015510841,0.0059978007,0.0130029665,0.011995872,0.014593928,0.0133118685,0.011804241,0.018213157,0.016156878,0.009696056,0.0022634158,0.010785382,0.01943419,0.018722162,0.016466701,0.011529519,0.0095913345,0.010395457,0.017141752,0.019587275,0.020458745,0.014222857,0.013889503,0.008555042,0.013656274,0.015197418,0.01783326,0.013763837,0.014926488,0.006457934,0.0,0.017924666,0.0013077864,0.01554729,0.007917425,0.0145191625,0.009367655,0.011362279,0.013413549,0.013281364,0.015098386,4.3883523e-05,0.010089888,0.008396145,0.009202518,0.015844136,0.011903522,0.00096418546,0.011880028,0.0068390844,0.027933469,0.00023562586
0.01056217,0.011370077,0.013771331,0.008413576,0.013876813,0.008113224,0.01178154,0.0143190175,0.012491703,0.012251959,0.012725531,0.007109774,0.009122288,0.012327414,0.014598789,0.013489114,0.01278516,0.0131727625,0.008955274,0.014317539,0.014861105,0.004382492,0.010322184,0.011962657,0.007965869,0.00090577983,0.011304625,0.0046791905,0.011872189,4.893014e-05,0.014655847,4.6539386e-05,0.014956212,0.014335316,0.008613144,0.012562466,0.00956209,0.014269796,0.012593193,0.006802478,0.0048128814,4.697899e-05,4.672226e-05,0.014615936,0.004375647,0.008756022,0.013822685,0.012842898,4.475651e-05,0.013571842,0.0035368253,0.013155033,0.010394365,0.015076195,0.014155281,0.013257761,0.015733104,0.008200315,0.012789597,0.0031036444,0.01078747,0.00960374,0.012281225,0.01061724,0.009280555,0.014390275,0.013254035,0.007145804,4.940165e-05,0.008470354,0.014492604,0.014345315,0.013953745,0.008771347,0.0070919064,0.008266588,0.014528031,0.015484165,0.015071939,0.011989902,0.011298936,0.005724064,0.011382324,0.0127286045,0.014361644,0.011249193,0.012785273,0.0040340642,0.015856503,0.0,4.5375094e-05,0.013067439,0.005741605,0.011942569,0.006696744,0.008787255,0.01075092,0.01072879,0.012342393,4.2343498e-05,0.007262227,0.006085766,0.006718321,0.0134350415,0.009213951,4.694997e-05,0.009453274,0.0043476652,0.021981223,4.645003e-05
5.4706485e-05,4.471047e-05,0.0008091585,2.635378e-05,5.3845884e-05,3.6510795e-05,4.138192e-05,0.002249681,5.3973865e-05,4.3281412e-05,6.583644e-05,4.3246062e-05,5.2934764e-05,3.863924e-05,0.0073905126,7.696841e-05,6.7459856e-05,0.0015889597,4.4308214e-05,0.009606884,0.0073302975,2.7461738e-05,3.2736887e-05,6.0160022e-05,4.4919678e-05,3.4333236e-05,4.131589e-05,2.7126991e-05,5.6272784e-05,1.9599935e-05,0.0037879203,1.95433e-05,0.009923613,0.004080731,3.5473866e-05,5.1961648e-05,4.5693523e-05,0.014633839,4.5781402e-05,3.0190118e-05,2.3941539e-05,2.1294694e-05,1.1453991e-05,0.0065035033,1.7802975e-05,3.002918e-05,0.0052444446,4.6347097e-05,1.066487e-05,0.0036481284,2.4681916e-05,6.0191065e-05,3.2198015e-05,0.007547056,0.008997049,6.434444e-05,0.010762408,2.096543e-05,5.801448e-05,4.137975e-05,5.6859124e-05,5.308487e-05,4.8344264e-05,5.5023454e-05,3.0441577e-05,0.008670747,0.0012862043,2.40168e-05,2.8346572e-05,2.6414331e-05,0.014988618,0.010856503,6.4221334e-05,3.0894586e-05,2.874516e-05,3.793978e-05,0.002439725,0.009026573,0.019565254,4.0615254e-05,3.207866e-05,3.8174014e-05,3.5387842e-05,4.144319e-05,0.008318828,4.148161e-05,3.8001544e-05,1.0969317e-05,0.010578079,0.004649949,0.0,4.9644434e-05,1.0223602e-05,3.985005e-05,2.0868054e-05,3.2326534e-05,4.4104207e-05,4.561636e-05,5.7395187e-05,5.8847354e-06,3.401166e-05,2.1976059e-05,4.1683066e-05,4.9870603e-05,5.2339725e-05,3.143487e-05,2.4300598e-05,1.3654802e-05,0.030515801,1.390777e-05
0.009618302,0.010098486,0.011771693,0.0069497647,0.011891709,0.0071367184,0.010341395,0.012111444,0.010953613,0.01077441,0.011260855,0.0055093374,0.008141635,0.01063209,0.012467037,0.011896239,0.0115029095,0.011745659,0.0075398367,0.011928242,0.012140593,0.0024592313,0.009246303,0.010680426,0.006501548,4.621247e-05,0.009699255,0.002438929,0.010546005,4.64557e-05,0.01202535,4.6596622e-05,0.012146623,0.012280503,0.007309239,0.010817511,0.008553174,0.011429369,0.011000011,0.00575406,0.003049156,4.8119913e-05,4.112339e-05,0.012308608,0.0025758583,0.0073603494,0.012212834,0.011146632,4.4355016e-05,0.011821771,0.0014917906,0.011568809,0.0093217585,0.01246073,0.012198279,0.011573289,0.011930743,0.0066377996,0.011588921,0.001243137,0.009494977,0.008473369,0.010998027,0.009572916,0.008187735,0.011871993,0.011912911,0.005854505,4.7485468e-05,0.007030257,0.011344165,0.011960606,0.011743718,0.0074260905,0.005582536,0.006552755,0.012289805,0.01206326,0.011373112,0.010752263,0.010099336,0.004580369,0.00993452,0.011194452,0.012235235,0.009762277,0.01107081,0.0013009117,0.012229175,0.012446943,4.8807422e-05,0.0,0.0035690395,0.010642125,0.0054565505,0.007615883,0.009564613,0.009575518,0.011136005,4.4986216e-05,0.0062142974,0.004191098,0.0056058583,0.011555378,0.008128218,4.912877e-05,0.008237364,0.0022670657,0.01692862,4.745678e-05
0.0010796632,0.0015315528,0.004914387,4.5984576e-05,0.0048941285,4.1604617e-05,0.002489761,0.0056759813,0.0035979066,0.0027256017,0.004360966,3.5975456e-05,5.457343e-05,0.002709881,0.0073764822,0.004763246,0.004639796,0.0049263067,4.0761795e-05,0.008241227,0.0072779534,3.573548e-05,0.00074038625,0.0028789963,3.9513656e-05,2.804729e-05,0.0013397541,3.3879707e-05,0.002467157,3.069118e-05,0.006591992,3.294796e-05,0.008506735,0.006572286,4.6262732e-05,0.002989138,4.256122e-05,0.009611054,0.0037635455,3.405187e-05,3.6520214e-05,3.358496e-05,2.5055611e-05,0.006867002,3.4998342e-05,4.0253446e-05,0.006913222,0.0036501007,3.0010178e-05,0.0056844354,3.2075626e-05,0.0047484306,0.0007722217,0.007575139,0.0078738155,0.004790539,0.0084214015,4.19428e-05,0.004094795,3.6942598e-05,0.0010843588,4.7098707e-05,0.0033523687,0.0011414756,4.5715384e-05,0.00751711,0.00517505,3.462112e-05,2.5091222e-05,4.4671662e-05,0.0095311245,0.00847,0.00476603,4.930032e-05,3.907591e-05,3.7180664e-05,0.005758151,0.007618174,0.010965196,0.0026448113,0.00187827,3.7420014e-05,0.0017003745,0.003412279,0.007647713,0.0015326905,0.003406745,3.458001e-05,0.008234528,0.0066697695,2.2728314e-05,0.004090708,0.0,0.002769737,3.581703e-05,4.054633e-05,0.00043654584,0.00063235074,0.0037320347,2.0337246e-05,4.1367275e-05,3.2842974e-05,3.1988082e-05,0.004154651,4.9531212e-05,3.4159697e-05,4.3144493e-05,3.0179473e-05,0.018060578,2.2540535e-05
0.008298804,0.008538122,0.010320569,0.0051422725,0.010620979,0.0056980588,0.009073937,0.010803783,0.009850373,0.009409214,0.010113687,0.0042354343,0.0066756597,0.009148916,0.0111394115,0.010550917,0.010299415,0.01044708,0.0062817987,0.011133924,0.011115566,0.0011965327,0.008075915,0.009622971,0.0055448767,4.8777918e-05,0.008675751,0.0010661285,0.009239355,4.728464e-05,0.0110587515,4.6935907e-05,0.0113067655,0.011357765,0.0060027707,0.009408737,0.007310828,0.010307566,0.009845268,0.00421441,0.0016144864,4.9914594e-05,4.5371602e-05,0.011041626,0.0010225619,0.006241823,0.011172971,0.009889494,4.4487962e-05,0.010492939,4.9776663e-05,0.0103281895,0.007907186,0.011072958,0.011125929,0.010504827,0.010930179,0.005356992,0.010385086,4.996059e-05,0.008326151,0.0071339593,0.00975319,0.008121526,0.006968594,0.010820817,0.010610445,0.0043854923,4.7363064e-05,0.0056727035,0.01019385,0.010895298,0.010342512,0.0057468205,0.0044982047,0.0051498357,0.010840344,0.010521244,0.010155656,0.009342173,0.008681894,0.003264267,0.008463773,0.009618844,0.011153412,0.008110611,0.00954836,7.657116e-05,0.010620534,0.011069149,4.8910988e-05,0.010143209,0.0025224583,0.0,0.004069193,0.005992418,0.008187464,0.008305716,0.010058189,4.34521e-05,0.0047635697,0.002760696,0.004244735,0.0103982845,0.006510628,4.5844215e-05,0.0067314585,0.00086698605,0.015807949,4.8351296e-05
0.0038873458,0.0046508433,0.006969509,0.0012788421,0.006936549,0.0011539077,0.0053175264,0.007452556,0.006000263,0.0054810382,0.0064380113,4.8682596e-05,0.002449213,0.005120299,0.0085497275,0.006924811,0.006926368,0.0072188345,0.0012437057,0.009010085,0.008472313,5.225565e-05,0.003520956,0.005476932,5.5620563e-05,4.4530403e-05,0.0038130677,4.778243e-05,0.00530176,4.7573703e-05,0.00818055,5.2293897e-05,0.009385795,0.008300874,0.0010195201,0.005449279,0.002399411,0.009523566,0.0060946546,5.2746695e-05,5.4222128e-05,4.5347693e-05,4.0859803e-05,0.008258566,4.8899146e-05,0.0013192426,0.008258211,0.006169288,4.733758e-05,0.0075150966,5.06231e-05,0.0069674565,0.003823399,0.008754249,0.0090072695,0.0069722547,0.008960051,0.00031422853,0.0065028835,4.7893605e-05,0.0037262253,0.0025727206,0.005950969,0.0038715496,0.002109855,0.008591399,0.0073257126,5.3227137e-05,4.5262612e-05,0.0005115484,0.009395369,0.009095121,0.0068537905,0.0019120378,5.1428055e-05,0.00047476467,0.007843195,0.008433296,0.01032248,0.0054169265,0.004657642,5.28327e-05,0.004300854,0.0062271706,0.008978519,0.004489963,0.005871361,4.5412726e-05,0.008585434,0.008292144,4.7459205e-05,0.0063944715,5.1270534e-05,0.0051191915,0.0,0.0016097057,0.0037518058,0.0039507854,0.006353946,3.8759663e-05,5.481241e-05,5.3841733e-05,5.3086595e-05,0.006468196,0.0024395715,4.7374837e-05,0.0022826486,4.66822e-05,0.016614346,4.903989e-05
0.0055508846,0.0061488976,0.007968552,0.00293424,0.008180246,0.0033020333,0.0066844113,0.00842313,0.0071578785,0.006821641,0.0075109308,0.0009598043,0.0037604524,0.006727695,0.009090544,0.008130915,0.007818818,0.008078105,0.003152641,0.009107999,0.008924731,4.4351298e-05,0.0052606617,0.006828105,0.0018394014,4.105097e-05,0.0054611177,4.338358e-05,0.0066734073,4.0127306e-05,0.008879488,4.4469867e-05,0.00929508,0.00905393,0.0027666253,0.0069067767,0.0044265287,0.008942145,0.0072627123,0.0014011126,4.678729e-05,4.3575477e-05,3.87981e-05,0.0088496,4.75498e-05,0.0031124752,0.008838002,0.0074973935,3.4371067e-05,0.008268897,4.1692874e-05,0.007916799,0.0054022945,0.009172483,0.009281217,0.007912694,0.009036052,0.002364391,0.007655377,4.4971093e-05,0.0054259594,0.004281371,0.007288138,0.0055238632,0.0040212884,0.008808284,0.008280603,0.0017532314,3.9302533e-05,0.0025875352,0.008755582,0.009134537,0.008121869,0.0033718417,0.0006758163,0.0024552252,0.008665987,0.0088705635,0.008674897,0.00707949,0.00620775,4.8876194e-05,0.00612902,0.0073435516,0.00915997,0.006026883,0.007472036,4.0791663e-05,0.008907122,0.0088889785,3.7224607e-05,0.0076443944,4.2037984e-05,0.0064903866,0.0015849177,0.0,0.0051635383,0.0052943095,0.007306684,3.5699886e-05,0.0017157943,4.3265103e-05,0.0011991648,0.007779418,0.0038936469,3.8841896e-05,0.0042065307,4.5072993e-05,0.015693234,3.7154026e-05
0.007964419,0.008525433,0.010010851,0.0059004333,0.010009833,0.0051929797,0.009024289,0.010303527,0.009662016,0.0093113175,0.00969137,0.0036802108,0.00809337,0.0086395,0.010560317,0.01021169,0.010241823,0.010670208,0.0059606745,0.010050346,0.010121349,0.0003015579,0.00748955,0.009321799,0.0050925156,4.115817e-05,0.007949775,4.533466e-05,0.009250612,4.3536245e-05,0.010302642,4.0697356e-05,0.01046063,0.010677662,0.0063169585,0.0086915055,0.0064911917,0.009435402,0.009677536,0.0037349337,0.0027789026,4.325633e-05,3.9028666e-05,0.010518157,0.00024702869,0.0062203542,0.010446276,0.009477913,4.1584542e-05,0.01027896,4.3408185e-05,0.010191374,0.008011864,0.0106740305,0.010429173,0.010069745,0.010118473,0.0044639786,0.010092635,4.689334e-05,0.007914405,0.007527791,0.009727932,0.0077578765,0.006450809,0.010115874,0.010603988,0.0033994603,4.221978e-05,0.005241704,0.009391391,0.010142113,0.009825619,0.006726269,0.0041507543,0.004423901,0.010472359,0.010016951,0.009908157,0.009009913,0.008140746,0.003121681,0.008010214,0.0098652365,0.010700524,0.008273871,0.009204346,4.3307413e-05,0.009983777,0.010488131,4.520634e-05,0.009912919,4.5941062e-05,0.008967018,0.0034646457,0.0056416336,0.0,0.008712479,0.009956279,3.874233e-05,0.004438453,0.0020655342,0.0033049907,0.009916261,0.0075048096,4.323898e-05,0.006008725,4.538369e-05,0.016038448,4.0277042e-05
0.008212205,0.008658076,0.010143185,0.0059865685,0.010133626,0.0055817035,0.009367627,0.01046079,0.009710771,0.009377931,0.009868164,0.0038521832,0.00815453,0.008839554,0.010865312,0.010554052,0.010318315,0.010848056,0.006048804,0.010359551,0.010447889,0.0007705831,0.0076452233,0.0096181575,0.0053869276,4.8874288e-05,0.00822562,0.00011299711,0.009398323,4.705806e-05,0.010550803,4.9839437e-05,0.010747622,0.0108789755,0.006389732,0.008924024,0.006854106,0.009721291,0.009746184,0.003973558,0.002838618,5.074139e-05,4.2775315e-05,0.010739107,0.00040294754,0.006261329,0.010776441,0.0097326785,4.5061162e-05,0.010422732,4.9494494e-05,0.010343977,0.008219963,0.010836088,0.01064015,0.010256284,0.010289301,0.004693789,0.010295839,5.1227777e-05,0.008180994,0.0076004164,0.009787146,0.008078265,0.00674992,0.010335335,0.010821276,0.0036831016,4.6573816e-05,0.005305154,0.009421392,0.010275509,0.010023666,0.0068808864,0.0042633032,0.0046765557,0.010809985,0.010275346,0.010107143,0.009246862,0.008318641,0.003277827,0.008077977,0.009988629,0.010861596,0.008640016,0.00951262,4.9857055e-05,0.010279865,0.01065961,4.750028e-05,0.010221625,0.00015673292,0.009095612,0.0037844214,0.0056891534,0.008490546,0.0,0.010061343,4.0268165e-05,0.0046970705,0.0022000105,0.0036255755,0.010112464,0.007626321,4.717402e-05,0.00616434,5.126297e-05,0.016216274,4.9432263e-05
0.009644729,0.010021708,0.011559873,0.007173934,0.011916121,0.006948687,0.0105954055,0.011989594,0.011253861,0.0107722785,0.011493956,0.005402761,0.008609117,0.010322775,0.012675548,0.011853246,0.011771054,0.0122148,0.0075279865,0.01238506,0.012376003,0.0024346486,0.009098298,0.010820852,0.0068093822,4.3615735e-05,0.009936782,0.0022304954,0.010557297,4.9509654e-05,0.012251889,4.647598e-05,0.012562883,0.012620359,0.0075707035,0.010446878,0.008217378,0.011901301,0.0111406045,0.0056786165,0.0035835174,4.553864e-05,4.5593886e-05,0.01255137,0.002272834,0.007696915,0.012532382,0.01111341,4.1252908e-05,0.012110375,0.0014711998,0.0117365,0.009332438,0.012632949,0.012508406,0.011828657,0.012107012,0.0063138013,0.011634095,0.0009968173,0.009566667,0.008626708,0.011131058,0.009422474,0.008170651,0.012107246,0.012093516,0.0053969575,4.455422e-05,0.0069329664,0.011600412,0.012228075,0.011589636,0.0077698524,0.005916959,0.0064124926,0.012166993,0.011953704,0.0116418665,0.01056863,0.009959851,0.0048079784,0.009584067,0.011356254,0.012470673,0.009792054,0.010720343,0.0014867479,0.012067659,0.012231759,4.4628974e-05,0.011504363,0.002864552,0.010714401,0.005339995,0.007346963,0.009810173,0.009901767,0.0,3.969772e-05,0.0061979126,0.0040417584,0.0054328176,0.011484351,0.008394717,4.4209923e-05,0.007800332,0.0016707726,0.016749898,4.6663983e-05
3.3522832e-05,2.5059355e-05,2.6639314e-05,1.3744609e-05,5.0335817e-05,3.3487e-05,2.0315214e-05,5.397879e-05,4.2373387e-05,5.796994e-05,4.764192e-05,2.41554e-05,3.884768e-05,4.7262354e-05,5.3118685e-05,5.539467e-05,2.7428678e-05,5.459577e-05,4.0556053e-05,0.00045576267,7.271221e-05,1.1212798e-05,3.2060223e-05,3.435294e-05,2.394152e-05,1.4768036e-05,2.017707e-05,1.7721615e-06,2.6381229e-05,5.0206663e-06,4.139961e-05,1.4968279e-05,0.0012513315,5.9355192e-05,3.879321e-05,1.9636318e-05,3.1384006e-05,0.014844812,4.9790826e-05,1.4770975e-05,1.7678442e-05,2.8806257e-05,1.33240665e-05,4.649058e-05,2.3230932e-06,4.2090884e-05,6.396935e-05,4.8047405e-05,2.5429768e-05,6.7402565e-05,1.7284441e-05,5.4755903e-05,2.1214999e-05,6.87992e-05,4.849993e-05,6.167192e-05,0.0039885445,5.528229e-06,3.6480742e-05,1.3858562e-05,1.7835615e-05,3.641554e-05,2.9518964e-05,3.2065742e-05,8.121604e-06,4.8207163e-05,4.2347718e-05,2.7048245e-05,2.9898114e-05,3.4905497e-05,0.015547854,0.004933832,3.471521e-05,9.093258e-06,9.551118e-06,3.1197567e-05,3.6081274e-05,8.607228e-05,0.029331956,5.0206792e-05,4.5379747e-05,3.3033575e-05,2.4874249e-05,2.571519e-05,5.264905e-05,4.561052e-05,3.507996e-05,1.0672681e-05,0.0043852604,3.757336e-05,-6.151396e-07,2.3725785e-05,1.831957e-06,3.5498444e-05,2.1352984e-05,3.2976564e-05,2.523143e-05,4.167011e-05,3.84907e-05,0.0,1.0127853e-05,2.2745699e-05,2.7934668e-05,4.8810976e-05,3.359131e-05,2.2870892e-05,1.7075272e-05,4.494525e-06,0.04964806,1.6384449e-05
0.004933825,0.005604195,0.007656491,0.0023614992,0.007642744,0.0019003889,0.006174946,0.008114374,0.0069027864,0.0063577034,0.0072386935,5.4205873e-05,0.004096483,0.0057763886,0.008879128,0.0078089796,0.0076663126,0.00795276,0.002447641,0.009033544,0.008719523,4.644067e-05,0.0044112056,0.006485282,0.0012519878,4.5795958e-05,0.004741999,4.6043097e-05,0.0060574934,4.333977e-05,0.008531036,4.565613e-05,0.009220735,0.008657974,0.0023149995,0.0060694735,0.0031793048,0.008486894,0.006854979,0.00030670277,5.411799e-05,4.6309262e-05,3.651289e-05,0.008731693,4.6145422e-05,0.0025454373,0.008780113,0.006854818,4.4393717e-05,0.008097838,4.8263e-05,0.0075872196,0.0049110404,0.009034003,0.009131883,0.0076532094,0.00854212,0.0010081568,0.0073685558,4.506461e-05,0.004751101,0.0038540454,0.0068416027,0.0046827863,0.0032991127,0.00854276,0.008032794,5.1236555e-05,4.9501625e-05,0.001682471,0.00832451,0.008611821,0.0074705845,0.0032058868,9.1794245e-05,0.0012635489,0.008360721,0.008767167,0.00900797,0.006236845,0.0052368483,5.271649e-05,0.0049953433,0.0070574814,0.009006597,0.0053725964,0.0067067235,4.7658123e-05,0.008811963,0.008739871,4.8989452e-05,0.0072117886,4.3966684e-05,0.005958263,0.00016021954,0.0022592472,0.004913561,0.005182109,0.0070837913,4.2728057e-05,0.0,5.3026604e-05,5.2379964e-05,0.0071928715,0.0035949105,4.475296e-05,0.0029957197,4.665033e-05,0.016565144,3.9769875e-05
0.002558168,0.003575146,0.006399098,5.2411167e-05,0.006428828,4.8585665e-05,0.0044486797,0.006738316,0.0053286473,0.004593385,0.005948976,4.6182366e-05,0.0015226079,0.0040910626,0.008429613,0.006518967,0.0063562505,0.006875503,5.3664495e-05,0.008984462,0.0083333785,4.9656002e-05,0.0019975996,0.0047647976,4.9334154e-05,3.543886e-05,0.0028233477,4.3187025e-05,0.0043798434,3.712509e-05,0.0077582565,3.9025297e-05,0.009170919,0.008002405,4.8485694e-05,0.003951644,0.0011470957,0.009907001,0.005529804,5.069405e-05,4.7528436e-05,4.0285813e-05,3.1699776e-05,0.008083093,4.133738e-05,5.5036915e-05,0.007984445,0.0048854984,3.396383e-05,0.0072600986,4.709824e-05,0.0063877124,0.0028279955,0.008570222,0.0088508595,0.0064645847,0.00913358,4.7007994e-05,0.0059039756,4.509524e-05,0.0028381653,0.0015111516,0.005356698,0.0023505746,0.0005823377,0.008412416,0.0068257204,5.0462855e-05,3.55889e-05,4.7073536e-05,0.009841445,0.009164825,0.0059720986,0.00044180997,4.6972324e-05,4.6351484e-05,0.0074160467,0.008504584,0.010697116,0.004488597,0.00297083,4.758085e-05,0.0032300807,0.00545126,0.0088122515,0.0034703277,0.0050600194,4.3557822e-05,0.008848064,0.007928525,4.4816898e-05,0.0058097146,4.5992645e-05,0.0043334314,4.9755305e-05,9.48422e-05,0.0028003955,0.002993828,0.00557903,2.8204611e-05,4.8893708e-05,0.0,4.4396693e-05,0.005890899,0.0013912697,3.596167e-05,0.00079029746,4.44143e-05,0.018100921,3.800649e-05
0.0037803545,0.004499221,0.0069642477,0.0007700797,0.0069522094,0.001030326,0.0050953836,0.0074494705,0.005981868,0.0052863574,0.0063430257,4.5655986e-05,0.002318697,0.00495048,0.008492244,0.006861707,0.0068298196,0.0070630102,0.0013070821,0.008995155,0.0083586555,4.4751105e-05,0.0033581806,0.005412589,4.313271e-05,4.0878793e-05,0.003837264,4.2704356e-05,0.0051617622,3.9667633e-05,0.008183984,4.230729e-05,0.0091806,0.00823718,0.00097018847,0.005336079,0.0023611602,0.009336262,0.0059853243,4.558856e-05,4.6868707e-05,4.4723263e-05,3.5556677e-05,0.0081935935,4.1606196e-05,0.0012655891,0.008242664,0.0059584966,3.8029888e-05,0.0075400393,4.0941286e-05,0.0067618736,0.0037304517,0.008659958,0.008859621,0.0069042174,0.008954902,0.00028970663,0.0065506184,4.1312655e-05,0.0036614982,0.002445204,0.0059701693,0.0037002522,0.002137763,0.008343965,0.007272507,4.600586e-05,4.0015162e-05,0.00054734887,0.009191744,0.00897039,0.0068105888,0.001613865,4.6615445e-05,0.00022838614,0.0077246623,0.008434727,0.009350081,0.0053033675,0.004353361,4.3626093e-05,0.00423238,0.005936669,0.008693961,0.0042374986,0.0056882757,3.798741e-05,0.008711041,0.008287598,3.4061253e-05,0.006499303,3.5692294e-05,0.0052061887,4.2595373e-05,0.0012929548,0.0035528066,0.003943003,0.0062090144,3.402905e-05,4.6867866e-05,4.3606215e-05,0.0,0.006407326,0.0022427633,3.9615825e-05,0.002096254,3.6310674e-05,0.01691036,3.4270197e-05
0.009506368,0.009758283,0.011662452,0.0066181906,0.011849868,0.0069211745,0.010226749,0.012118029,0.010794368,0.010587681,0.011041374,0.0052752118,0.0071838363,0.010513605,0.012216271,0.011530046,0.011155008,0.01148505,0.0074422318,0.012020946,0.012284673,0.0022434036,0.009262469,0.0103642205,0.0061310153,4.845885e-05,0.009712844,0.0026258056,0.01023773,5.0351446e-05,0.012454838,4.900928e-05,0.012268181,0.012218929,0.006792995,0.0107513815,0.008405415,0.010949563,0.010841757,0.0055764276,0.0024438929,4.847617e-05,4.4788714e-05,0.011926381,0.0026923185,0.007122366,0.012114957,0.011006273,4.3015385e-05,0.011409239,0.0013963878,0.01136919,0.008785423,0.012428904,0.011937747,0.011360221,0.0121907415,0.0066026086,0.01108289,0.001205321,0.009420352,0.007928384,0.010648498,0.009472206,0.0080593815,0.011724458,0.011393224,0.005858213,4.9446186e-05,0.0068904124,0.011289982,0.01180651,0.011808309,0.0068658404,0.00525377,0.006644531,0.012195346,0.012057152,0.011581573,0.010479189,0.010137335,0.0042008082,0.009902407,0.010901437,0.01193151,0.009474455,0.010925946,0.0014456142,0.012125941,0.012384425,4.9910097e-05,0.011188228,0.0040311483,0.010398404,0.0054905517,0.0075221015,0.009006094,0.0090368735,0.010862225,4.5808174e-05,0.005910031,0.0041920324,0.005374226,0.0,0.0075253164,4.7635604e-05,0.008330885,0.002717362,0.017394552,4.5617155e-05
0.007138498,0.007774506,0.009243205,0.005201019,0.009185025,0.0043512858,0.008417811,0.009663985,0.008656202,0.008489155,0.00900708,0.0028378805,0.008376392,0.0076488364,0.010181321,0.009548708,0.009655433,0.010121161,0.0050723995,0.00998772,0.009869737,5.8623184e-05,0.006583634,0.0084817335,0.0044243853,5.9906448e-05,0.0069229905,5.639342e-05,0.0083034495,5.7283214e-05,0.010106871,5.654978e-05,0.010347754,0.0100814365,0.0056468444,0.007814979,0.005700913,0.010011711,0.008831271,0.003010446,0.0031115855,5.982814e-05,5.546141e-05,0.0100125,6.0004088e-05,0.0053585432,0.010105651,0.008549642,5.2567237e-05,0.00968114,5.8398186e-05,0.009421196,0.007362999,0.010347647,0.0102672335,0.009309822,0.010002378,0.0036595862,0.009358125,6.043139e-05,0.0070669227,0.006797681,0.008919552,0.0069907336,0.005745112,0.0098024,0.0099066235,0.002514308,6.0407234e-05,0.0043132138,0.009829794,0.009959395,0.009113166,0.0068292515,0.0031590103,0.0035604243,0.010023832,0.009852159,0.010466011,0.008253464,0.007372993,0.0022741228,0.0070791417,0.0091066025,0.010341315,0.007710086,0.008477429,5.5082528e-05,0.010003431,0.010033439,5.9545906e-05,0.00909066,5.6201763e-05,0.007974319,0.0028333676,0.0046905354,0.008146252,0.007972587,0.009032007,5.6872694e-05,0.0036033832,0.0012220186,0.0023872047,0.009113142,0.0,5.512857e-05,0.0048536435,5.7724643e-05,0.018133296,5.5191955e-05
3.7599486e-05,3.8245253e-05,0.00058466196,3.0958035e-05,6.0936392e-05,3.664682e-05,3.9456383e-05,0.0021889429,5.296096e-05,4.43709e-05,6.5762455e-05,3.6138954e-05,5.7573332e-05,4.007195e-05,0.0077077285,5.585132e-05,4.731357e-05,0.0014545005,5.4889846e-05,0.010118244,0.007825497,3.5056546e-05,3.3738077e-05,4.180963e-05,4.616836e-05,1.6361784e-05,5.4176464e-05,2.5658104e-05,5.5518693e-05,1.6784372e-05,0.003900448,3.4124037e-05,0.010417253,0.0042213635,5.1076495e-05,5.7557867e-05,5.0558065e-05,0.014961337,4.009126e-05,2.8232727e-05,4.0621828e-05,2.7267943e-05,3.2744036e-05,0.006847933,4.1953146e-05,4.869785e-05,0.005510545,6.197628e-05,1.6854587e-05,0.0037809045,3.9831688e-05,6.6494125e-05,4.695961e-05,0.008044556,0.009329184,5.1798026e-05,0.011360118,3.3040433e-05,5.5573757e-05,3.2733093e-05,4.7822006e-05,4.2232e-05,4.1512823e-05,5.787294e-05,3.067017e-05,0.009206506,0.0012745573,5.150439e-05,3.065694e-05,4.9374074e-05,0.015067934,0.011159273,4.4503206e-05,3.9035473e-05,4.1172338e-05,3.769667e-05,0.002420882,0.009571021,0.02065589,5.424453e-05,3.938286e-05,3.375763e-05,4.4607234e-05,4.3147094e-05,0.008592807,4.2973967e-05,4.740008e-05,4.2741183e-05,0.011266384,0.0048503233,2.154387e-05,5.6975387e-05,1.7873552e-05,4.7532736e-05,4.120041e-05,3.7230733e-05,4.7528723e-05,4.6394e-05,6.2812585e-05,2.2157616e-05,5.2339765e-05,2.9174094e-05,4.4620498e-05,5.172107e-05,3.418512e-05,0.0,3.5657748e-05,3.9019986e-05,0.032577284,4.4377084e-05
0.0054719574,0.005916028,0.00786041,0.002631465,0.008192894,0.003270972,0.006576188,0.008459359,0.007104861,0.006593526,0.0072466037,0.0009070379,0.0029876307,0.006733757,0.009030494,0.008000026,0.007666612,0.007824547,0.003137215,0.009130925,0.008742841,3.8898866e-05,0.0053046066,0.0067663034,0.0016176434,3.424963e-05,0.005413282,3.603638e-05,0.0063774013,4.0306597e-05,0.0088423425,3.8425096e-05,0.009414731,0.008981957,0.0025692994,0.006944461,0.00464989,0.008897885,0.0072266697,0.0014335609,4.6599213e-05,3.9294056e-05,3.4255092e-05,0.008733111,4.023448e-05,0.0029236306,0.008750696,0.0074257157,3.4783414e-05,0.008035714,4.1336585e-05,0.0076922863,0.005090032,0.009248069,0.009057608,0.00780371,0.009029542,0.0027211008,0.0075423387,4.056369e-05,0.0054461206,0.00394887,0.00715065,0.0056193094,0.0040806616,0.008762297,0.008064381,0.0021944335,3.9287304e-05,0.0027371633,0.008854732,0.00898937,0.008031707,0.0028565081,0.0006211391,0.0028123928,0.008551282,0.008797167,0.008530253,0.0070179463,0.0063202186,4.156918e-05,0.006055837,0.0071916943,0.009011119,0.005791953,0.0072667086,3.812475e-05,0.008822055,0.00903138,3.2573844e-05,0.007462504,3.8709924e-05,0.0064790524,0.0016940692,0.0037703123,0.0048202043,0.0049620643,0.0070625497,2.689107e-05,0.0018348541,4.1246145e-05,0.0016129399,0.007758035,0.003462283,3.358108e-05,0.0,4.0185725e-05,0.015292698,3.25146e-05
0.0002062077,0.0008618132,0.0044422816,5.49135e-05,0.004455908,4.9008904e-05,0.0018080767,0.0053165047,0.0029836388,0.0022031504,0.0040418743,5.3553995e-05,5.9705017e-05,0.0017933068,0.007862679,0.0044074324,0.0047419807,0.004816651,5.3830423e-05,0.00888471,0.0078072934,4.038295e-05,6.0381994e-05,0.0020761678,5.768282e-05,4.1850686e-05,7.995541e-05,4.0352377e-05,0.0016759307,4.4087126e-05,0.006343857,3.9703733e-05,0.009105852,0.0067947116,5.839382e-05,0.0020569195,5.5873068e-05,0.010757656,0.003305736,5.301716e-05,5.603304e-05,4.9309627e-05,4.2175572e-05,0.007277342,4.423181e-05,5.470235e-05,0.0072485623,0.0029501186,2.6954094e-05,0.006200912,4.9989176e-05,0.0042291163,5.6627996e-05,0.007945572,0.008528472,0.0044556414,0.009095437,5.573081e-05,0.0035771104,4.646714e-05,5.589044e-05,5.203392e-05,0.0026247546,8.451283e-05,5.4929216e-05,0.008186265,0.005300943,4.4322434e-05,4.261242e-05,5.54476e-05,0.010708003,0.009215328,0.004364861,5.453525e-05,4.822205e-05,4.754497e-05,0.005534923,0.008134452,0.012413914,0.0019129767,0.0007859406,5.2317257e-05,0.00070740853,0.0029511526,0.008322633,0.0008212146,0.0026479382,4.6524183e-05,0.008632584,0.0067095347,4.5925375e-05,0.003515183,3.8062273e-05,0.0017942025,4.555904e-05,5.7811674e-05,5.7623893e-05,6.133182e-05,0.0033926344,3.377695e-05,5.116672e-05,4.8386184e-05,4.58258e-05,0.0035993822,6.0929986e-05,3.465039e-05,5.5495973e-05,0.0,0.019208604,3.2610085e-05
0.02300704,0.023393223,0.024336424,0.02212751,0.024286257,0.02174328,0.023464229,0.0245494,0.02371752,0.023697006,0.023827218,0.020735422,0.022900335,0.023204118,0.02504266,0.02418781,0.02391231,0.024402458,0.021711197,0.025122747,0.024981044,0.018936368,0.022573858,0.023557385,0.021256289,0.014204559,0.02254471,0.01879391,0.023508465,0.014798049,0.024499837,0.015581176,0.025277957,0.024402276,0.021952648,0.023396747,0.02210425,0.025699014,0.023907848,0.021008426,0.02037143,0.015852474,0.010447856,0.025066592,0.01906397,0.02186409,0.024454204,0.02364847,0.011443659,0.024507735,0.01827457,0.024056451,0.022793548,0.025232844,0.025217835,0.02408189,0.025490101,0.021049434,0.024042249,0.018488623,0.022492737,0.02270292,0.023505963,0.022745825,0.022038126,0.025221996,0.024313705,0.020547349,0.015621699,0.021555321,0.025796453,0.025569467,0.024052607,0.022601409,0.020720158,0.02132367,0.024429493,0.025470098,0.026376553,0.023408871,0.02306147,0.020393109,0.0229433,0.02397973,0.025025778,0.02342019,0.023410616,0.017550502,0.025768502,0.024597563,0.0147234965,0.023999257,0.017684884,0.022839654,0.02065198,0.021926302,0.023115274,0.023280382,0.023916055,0.0076342085,0.021228205,0.019822206,0.020586828,0.023889223,0.02280735,0.014743096,0.021920707,0.017803034,0.0,0.013662887
3.139633e-05,4.4756554e-05,3.330208e-05,2.928968e-05,5.182284e-05,2.3848139e-05,4.6905494e-05,0.00032125608,5.5194985e-05,3.2344396e-05,4.7237525e-05,2.169331e-05,3.669545e-05,2.457832e-05,0.0064192535,4.7972535e-05,3.531518e-05,5.9418304e-05,1.7219585e-05,0.009174844,0.0065107564,2.3263767e-05,4.3601158e-05,3.816198e-05,3.7909977e-05,6.6206053e-06,4.53136e-05,1.524577e-05,4.8821756e-05,1.5058949e-05,0.0019323163,2.1191554e-05,0.009652437,0.0023681617,3.3669407e-05,3.977137e-05,3.7299254e-05,0.015086314,5.297474e-05,3.9740156e-05,1.4625346e-05,1.7622875e-05,-2.2122914e-07,0.0054940074,2.9488692e-05,3.2417076e-05,0.0037461724,3.587304e-05,1.745478e-05,0.0019907686,2.7298756e-05,5.492956e-05,4.518412e-05,0.0068027843,0.008436995,3.4968674e-05,0.010493956,2.2936656e-05,4.1676296e-05,1.4292642e-05,2.9617038e-05,1.9980367e-05,3.844673e-05,2.5379572e-05,2.306745e-05,0.008146434,5.363437e-05,3.4432378e-05,1.8558187e-05,3.6276277e-05,0.015370608,0.010598102,4.448629e-05,4.046641e-05,3.21109e-05,1.9251795e-05,0.0003479269,0.008764333,0.021334462,3.344148e-05,1.8811057e-05,2.64107e-05,3.3862863e-05,4.677937e-05,0.007539899,2.624321e-05,4.6631583e-05,6.33803e-06,0.010335645,0.0031569195,3.0568175e-05,5.3689342e-05,3.32078e-05,2.8479692e-05,4.0519102e-05,4.2820084e-05,2.8219376e-05,3.2860673e-05,3.1467265e-05,3.0337156e-05,2.8101522e-05,1.6684695e-05,3.8112703e-05,4.385657e-05,3.9617167e-05,5.7296975e-06,2.6312446e-05,2.5631785e-05,0.033081975,0.0
