1,2,3,4,5,6,7,8,9,10,11,12,13,14,15,16,17,18,19,20,21,22,23,24,25,26,27,28,29,30,31,32,33,34,35,36,37,38,39,40,41,42,43,44,45,46,47,48,49,50,51,52,53,54,55,56,57,58,59,60,61,62,63,64,65,66,67,68,69,70,71,72,73,74,75,76,77,78,79,80,81,82,83,84,85,86,87,88,89,90,91,92,93,94,95,96,97,98,99,100,101,102,103,104,105,106,107,108,109,110
0.0,0.99684286,-0.0015884837,-0.0016197298,-0.0018703385,0.99626505,3.5442015e-06,-0.0014751501,6.826492e-06,0.99682856,-0.0016695218,-0.0015771734,-0.0013111567,-0.0009222398,1.6516797e-05,-0.0009932786,-5.099073e-07,-0.0016101521,0.9967864,-1.7855684e-05,-0.00033056922,-0.0016562988,-0.0005921611,-1.3116047e-05,-0.0007593515,-0.0013382798,-0.0017065237,-1.4565928e-05,-0.0011050461,-0.0001748625,-0.0007671117,-1.40107295e-05,-0.0018656987,-0.00026895906,-0.00013061616,-0.00034243564,-0.00026868976,-0.0018259373,-0.00013219206,-9.392638e-05,-4.155924e-05,1.1669694e-05,-7.2035145e-06,1.682329e-06,-0.0014502939,-0.0014193237,-0.0017237825,-0.00021186403,-0.0007313957,-0.00048170867,-0.00021862044,-0.001664394,-0.0005352826,-0.0017634364,-0.0014025847,-1.9104476e-05,-0.0016133599,-0.0002944422,-0.00086612115,4.4094695e-06,-0.0016502896,-0.0016694673,-0.0016367778,-0.00036156736,-0.0014230348,-1.4284809e-05,-0.0013607796,-0.00032236346,1.5258766e-05,-0.0009319249,-0.0016277676,-0.0015920773,-7.1165196e-06,2.9901341e-06,-0.0016156367,1.7377452e-06,-0.001422636,-0.0017719422,-0.0005181237,0.99637693,1.0090966e-05,-0.0013868993,-8.057692e-05,-2.1270449e-05,1.0587546e-05,-1.9025903e-05,-2.2344432e-06,-0.0015946033,-0.0017677741,-0.0005771227,0.9968214,-0.0004937479,7.711008e-06,-0.001888337,1.0963434e-05,-0.0006792776,-0.00019097766,-0.0012830578,-1.3564769e-05,-0.0016753735,-0.0006331631,-2.6002095e-05,-0.00020455357,1.0595066e-05,1.3887805e-05,-0.0003750133,-1.39381045e-05,5.9829213e-06,-5.7697803e-06,-9.517048e-06
0.0005364413,0.0,0.0009602387,0.0009595962,0.001014035,1.0012414,0.00022747878,0.0008986718,0.000116004136,1.0016962,0.0009733743,0.0009690404,0.00087477197,0.0007990104,0.00014657054,0.0008292398,0.0002183066,0.000963843,1.0016954,0.00021527668,0.000651609,0.0009889139,0.00074374664,0.0005561672,0.0007795308,0.00087440014,0.0009725274,0.0005688035,0.0008283993,0.0006330725,0.00075987546,0.00043666048,0.0010053791,0.00067938835,0.00059153914,0.0006891917,0.0006924147,0.0010033424,2.9252762e-05,0.0005494461,0.0005539484,0.0004267607,0.00055909296,0.0005069833,0.0008868198,0.0008854293,0.0009987596,0.0006344113,0.000784255,0.00072265737,0.00067995966,0.00095448375,0.0007295297,0.0010112345,0.0008815407,0.00036851293,0.0009568649,0.00069143117,0.0007893399,0.0003077905,0.0009519146,0.0009911868,0.0009641562,0.0006890155,0.0008703959,0.00044578343,0.0008844235,0.00068886625,9.9786725e-05,0.0008022042,0.0009692857,0.0009094299,0.0002383387,0.00049260154,0.0009748495,0.0005377502,0.0008968944,0.0010066327,0.00070863386,1.0013403,0.00018681936,0.0008804992,0.0005864509,0.00048237504,0.0002542739,0.00047947103,0.00037150344,0.0009082777,0.0009990764,0.0007290608,1.0017328,0.0007237556,0.0004665788,0.001003243,0.00049480726,-0.00013685199,0.00062188454,0.0008555827,0.00039946797,0.000996803,0.00075719587,0.0004892393,0.00064640795,0.00035880812,0.00023389024,0.00070109445,4.8681224e-05,0.00041571207,0.0003317793,0.00034936678
0.004228283,1.0029653,0.0,0.0046646018,0.004686817,1.0018814,0.0036379518,0.0047052843,0.003577734,1.0027846,0.0046732966,0.004688409,0.004638102,0.0045783157,0.0036106186,0.004910052,0.0036324342,0.0047096503,1.0026937,0.0036376026,0.004367393,0.00467466,0.004521217,0.0042801867,0.0045365747,0.004665885,0.0046825847,0.0043151258,0.0049220775,0.004425848,0.004509408,0.0039821654,0.0046906257,0.004382671,0.004345114,0.004403098,0.0043802597,0.004684617,0.0035077138,0.004316948,0.0042905984,0.0040127984,0.0042953724,0.004160833,0.004681201,0.0049840105,0.004664835,0.0044159996,0.004546123,0.004470576,0.0043446436,0.004893045,0.004477336,0.0046701618,0.0046761394,0.003922975,0.0046797604,0.004385685,0.0045683463,0.0038056744,0.004667042,0.0046990057,0.0046767583,0.004416149,0.004707631,0.003975459,0.004963785,0.0043947077,0.0035664607,0.004652959,0.004992656,0.0046672886,0.0036873568,0.0041831806,0.0047174953,0.0042803595,0.004643376,0.0046898653,0.004423307,1.0019058,0.0036382836,0.0046408935,0.0043454184,0.004119662,0.0036932768,0.004119538,0.003894211,0.004695885,0.0046776654,0.004534115,1.0028342,0.004462025,0.004077315,0.004702671,0.0041245716,0.0037463452,0.0043780115,0.0046578543,0.0039807633,0.0046603163,0.0045130383,0.00417786,0.0043920777,0.0038728456,0.0037175296,0.0044090343,0.0035583673,0.004029183,0.0038061833,0.0038832722
0.0041570165,1.0029172,0.004928826,0.0,0.004637275,1.0017205,0.0035502843,0.00475378,0.0034596324,1.0026958,0.0046306443,0.004642016,0.004565596,0.0048354254,0.003493984,0.004860127,0.0035492515,0.0047751963,1.002634,0.0035351415,0.004318806,0.00462577,0.0045038834,0.004200477,0.004468384,0.004605945,0.0046276776,0.0042191,0.0048727146,0.004343107,0.004463841,0.0038976104,0.004639206,0.0043158275,0.0042590955,0.004315209,0.0043101716,0.004632209,0.003391336,0.004236467,0.0042005773,0.003945409,0.00420717,0.0040818183,0.004926075,0.004939747,0.004932143,0.0043373895,0.0044752993,0.004412253,0.0042849467,0.004938016,0.0043936386,0.004605315,0.0046125823,0.003827712,0.004663061,0.0043118587,0.004507052,0.0036957276,0.0046062744,0.004684668,0.0049265698,0.004359363,0.004922713,0.0038901626,0.0049006045,0.0043185884,0.0034609793,0.00474715,0.004953106,0.00494063,0.003575362,0.004084531,0.0047116047,0.004193964,0.0049113645,0.0046354043,0.004358734,1.0018594,0.0035177998,0.004905413,0.004249531,0.0040338538,0.0036012295,0.004048862,0.0037986094,0.00494015,0.004633564,0.004492079,1.0027764,0.004396944,0.0039928555,0.0046621696,0.0040314505,0.0035773637,0.004302784,0.004598618,0.0038880773,0.004929471,0.0044380217,0.0040708007,0.0043248227,0.0037658918,0.0035774426,0.004337532,0.0034157038,0.0039243377,0.0037037323,0.003750539
0.0055192574,1.0044909,0.0055699656,0.0055842446,0.0,1.0044999,0.0053904005,0.005605855,0.00542342,1.0044624,0.0055623325,0.005579445,0.0056096143,0.0055913473,0.005421827,0.0055948175,0.005370462,0.005587199,1.004466,0.005387293,0.0055084005,0.0055687446,0.0055620153,0.00553933,0.0055731074,0.0056061517,0.005559246,0.005532659,0.005596699,0.0055440995,0.0055766054,0.005433591,0.0055246614,0.005499631,0.0055315727,0.005518096,0.0054976665,0.0055306563,0.005519915,0.0055169994,0.005527017,0.00544146,0.0055294395,0.005493008,0.0056150085,0.005607315,0.005548168,0.005557798,0.0055752834,0.0055431654,0.0055028335,0.00560109,0.0055455533,0.0055370606,0.0056046788,0.0054230248,0.0055814623,0.005506363,0.005585297,0.0053968173,0.00558976,0.005570279,0.005567542,0.005525295,0.0056096185,0.0054322626,0.0056025973,0.0055161887,0.0054468806,0.0055824397,0.0055806614,0.005598572,0.005402371,0.0054868697,0.005581817,0.0055189934,0.005603864,0.0055385516,0.005539928,1.0044717,0.0053965393,0.005599764,0.005528879,0.005469156,0.0053842217,0.0054795337,0.005423095,0.0056108674,0.005547065,0.005557612,1.0044779,0.005543045,0.005466338,0.0055218525,0.005472991,0.0058654663,0.0055445237,0.005605207,0.005432692,0.0055676186,0.00557371,0.0054773754,0.0055369674,0.0054002455,0.005404048,0.0055197133,0.0055037895,0.005450489,0.0053885714,0.0053983815
-0.0010356103,1.0000086,-0.0011126773,-0.0011362542,-0.001112981,0.0,-0.0010811362,-0.0011241627,-0.0011846643,0.99992406,-0.0011416347,-0.0011006121,-0.0010892202,-0.0011233968,-0.0011384841,-0.0010980187,-0.0011273765,-0.0011170766,0.9999166,-0.0010845168,-0.0011014773,-0.0011185755,-0.0010995457,-0.001052749,-0.0010892537,-0.0011277905,-0.0011511787,-0.001055916,-0.0011242969,-0.0010807959,-0.001104886,-0.0010359084,-0.0011215438,-0.001025251,-0.0011000979,-0.0010359265,-0.001013671,-0.0011219286,-0.0012238694,-0.0011277411,-0.0010814986,-0.0010920281,-0.0010466048,-0.0010613432,-0.0011283827,-0.0011156556,-0.001085226,-0.0010648847,-0.0010729847,-0.0010752281,-0.0010076126,-0.0011327842,-0.0010617868,-0.0010941733,-0.0011512216,-0.0010528893,-0.0011330517,-0.0010219446,-0.0011013106,-0.0010401402,-0.001108022,-0.0011040189,-0.001138481,-0.0010363112,-0.0011567522,-0.001003986,-0.0010985736,-0.0010266337,-0.0011767795,-0.0011264571,-0.0011077237,-0.0011577257,-0.0010938786,-0.0010670462,-0.0011200657,-0.0010750832,-0.001123072,-0.0011021885,-0.0010924813,0.99945986,-0.0011167502,-0.0011452776,-0.0010365164,-0.0010487862,-0.0010822385,-0.0010758732,-0.0010309127,-0.0011373152,-0.001132317,-0.001123142,0.99997854,-0.001053841,-0.0010490972,-0.0011376932,-0.0010213042,-0.0013124193,-0.0010880884,-0.001127031,-0.0010890225,-0.0010918864,-0.0010713872,-0.0010787477,-0.0010585961,-0.0010276082,-0.0010495269,-0.0010539158,-0.0012033755,-0.0010455976,-0.001049442,-0.0010507926
-0.0033561173,0.99621606,-0.0038660287,-0.0038829609,-0.003900088,0.99579316,0.0,-0.0038620022,-0.003288218,0.9961995,-0.0038757804,-0.0038707617,-0.0038217136,-0.0037207156,-0.003252831,-0.0037351775,-0.00318749,-0.0038724209,0.9961654,-0.00325099,-0.0035129655,-0.0038840242,-0.0036066356,-0.003384296,-0.0036737514,-0.0038357123,-0.0038816885,-0.0034041211,-0.0037685412,-0.0034912205,-0.003661649,-0.0032443283,-0.0038935144,-0.0034822172,-0.0034635626,-0.0035044274,-0.0034815546,-0.003889189,-0.0034897078,-0.0034262987,-0.003415648,-0.0032290288,-0.0033903592,-0.0033301034,-0.003853184,-0.0038458689,-0.003880026,-0.0034896035,-0.0036545887,-0.003565359,-0.0034628327,-0.0038913942,-0.0035834613,-0.0038811287,-0.0038496573,-0.0032084545,-0.003872597,-0.00348677,-0.0037062648,-0.0031967293,-0.0038854794,-0.0038814666,-0.003869363,-0.0035121003,-0.0038508584,-0.0032505423,-0.0038389643,-0.0034994252,-0.0033695002,-0.0037173112,-0.0038756041,-0.0038851933,-0.0032161712,-0.0033384194,-0.0038791613,-0.003379969,-0.003849145,-0.0038827385,-0.0035665901,0.9959117,-0.0032387022,-0.0038394907,-0.0034277467,-0.0032912856,-0.0031775706,-0.003307263,-0.00321526,-0.003882213,-0.0038858885,-0.0036083797,0.99620074,-0.003568409,-0.0032775959,-0.003895631,-0.0032928162,-0.004431727,-0.0034934133,-0.0038153466,-0.0032341362,-0.00388584,-0.0036304246,-0.0033057563,-0.0034772505,-0.0032067199,-0.0032524853,-0.003525087,-0.003455168,-0.0032397727,-0.0031889635,-0.0031787895
0.0028824199,1.0020266,0.0048983404,0.004860355,0.0049408306,0.99786085,0.0002219875,0.0,-8.459686e-06,1.0015236,0.0048835403,0.0048864745,0.0043617003,0.004178084,1.3471319e-05,0.0042183776,0.00025224194,0.004895888,1.0012237,0.0001879574,0.0034928883,0.004880018,0.0039849044,0.003054818,0.0040637106,0.0043993252,0.004902296,0.0031931757,0.0042306655,0.0036053185,0.003977632,0.0016818935,0.0049500475,0.003565546,0.0033322156,0.0037340843,0.0035887249,0.0049371715,-1.0660199e-05,0.0032617163,0.0030796072,0.0016808392,0.0031099396,0.0026599767,0.004399542,0.0043897745,0.0049123676,0.0034923782,0.004097893,0.0038688297,0.0035221812,0.004480836,0.0039249877,0.0049274657,0.004426817,0.0013227197,0.0048759636,0.003664262,0.0041331407,0.0008163689,0.0044704154,0.0049181613,0.0048948503,0.0036871706,0.0044052335,0.0016560442,0.004336337,0.0036898134,-1.6848831e-05,0.004215731,0.0048672883,0.0044648894,0.0003279537,0.0026835161,0.0049177296,0.0030437557,0.0043746796,0.004939259,0.0037936913,0.9981918,0.00012099402,0.004382651,0.0033605727,0.0024316965,0.0004375503,0.0024871302,0.0012188589,0.0044751572,0.0049121496,0.0039931405,1.0016518,0.0038719731,0.0023819606,0.00496087,0.002515833,-2.3959741e-05,0.0034456719,0.004361838,0.001609746,0.004886236,0.0040047774,0.0027797518,0.0035239053,0.0010983559,0.00041110194,0.0037176877,-1.3402929e-05,0.001736906,0.00089483627,0.0011809072
-0.004188512,0.9957823,-0.004491357,-0.004512802,-0.004490146,0.9953802,-0.0040778057,-0.004504671,0.0,0.9957537,-0.0044971113,-0.0044997814,-0.004488477,-0.004425613,-0.0041475696,-0.0044338517,-0.0040754327,-0.0045031165,0.9957229,-0.0041120336,-0.004284456,-0.004504243,-0.004346953,-0.0042134146,-0.0043900665,-0.00449335,-0.0044978503,-0.004216033,-0.0044550328,-0.0042724325,-0.0043949503,-0.0041036163,-0.0044823564,-0.0042524184,-0.0042612604,-0.0042698104,-0.0042540883,-0.0044855676,-0.0043801544,-0.0042307335,-0.0042319326,-0.004115818,-0.004204766,-0.0041747475,-0.004505899,-0.00449784,-0.004486186,-0.004278339,-0.0043805437,-0.0043174364,-0.004243394,-0.0045214603,-0.004325111,-0.0044850004,-0.004502262,-0.0040725186,-0.004501742,-0.0042540734,-0.004416184,-0.0040706056,-0.0045141643,-0.0044987164,-0.004490836,-0.004277937,-0.004501022,-0.0041032042,-0.004495422,-0.0042701075,-0.0042498456,-0.0044161556,-0.0045059836,-0.0045210095,-0.004091745,-0.0041621425,-0.0045063146,-0.004205347,-0.00450315,-0.0044802562,-0.0043248255,0.99547434,-0.0041122907,-0.004495938,-0.0042258394,-0.0041368133,-0.0040623085,-0.0041544666,-0.0040759942,-0.004516683,-0.00449411,-0.004345456,0.9957607,-0.0043157525,-0.004133194,-0.004480242,-0.004139652,-0.0052674445,-0.004281523,-0.004478169,-0.004105205,-0.0045043794,-0.0043657706,-0.0041450704,-0.004267853,-0.004081241,-0.0041072154,-0.004288336,-0.0043276167,-0.004092237,-0.004065667,-0.004054318
0.00032008495,1.0017295,0.00064351235,0.0006395509,0.0006951767,1.0011145,8.3672174e-05,0.0005892429,-4.569908e-06,0.0,0.00065263046,0.0006545408,0.0005760257,0.00051357877,2.1325479e-05,0.0005413649,7.291659e-05,0.000647038,1.0016541,7.3630385e-05,0.00040245312,0.00066946924,0.00047414884,0.0003335263,0.00050445244,0.0005696011,0.0006509066,0.0003394552,0.0005343247,0.0003860732,0.00048420668,0.00024279609,0.0006869776,0.0004354371,0.00035212887,0.00044027323,0.0004471585,0.00068414654,-0.00014475835,0.00031930633,0.00032777266,0.00022996933,0.00033353938,0.0002950208,0.00057925214,0.0005791637,0.00068273436,0.0003903951,0.00051170366,0.00046111317,0.00043779617,0.0006356984,0.00046782513,0.00069509423,0.00057167915,0.0001900125,0.00063878356,0.00044463572,0.0005099906,0.00014303664,0.0006356276,0.0006746292,0.00064587785,0.00043982617,0.00056130835,0.00025276525,0.00058261375,0.00044138916,-2.7440476e-05,0.00051657116,0.00065277674,0.0005907469,9.041986e-05,0.00028189266,0.0006575467,0.00031503846,0.0005888186,0.0006903476,0.00044551198,1.0012316,5.2338895e-05,0.0005724776,0.00035562672,0.00027605833,0.000102280326,0.00027097852,0.00019367888,0.00059355475,0.0006785809,0.00046044146,1.0016992,0.00046545302,0.00026436485,0.0006832664,0.00029041787,-0.00035395025,0.00037811042,0.0005563805,0.0002069726,0.00067974854,0.00049016986,0.0002786012,0.00040164555,0.0001828107,8.857819e-05,0.00044722247,-0.00010615631,0.0002265675,0.00016130442,0.00017309659
0.004687755,1.0035725,0.0049459967,0.004956971,0.004934802,1.0030619,0.0043494846,0.0049683163,0.004335564,1.0034624,0.0,0.0049579255,0.0049486635,0.0049075726,0.0043530334,0.004914689,0.0043368028,0.0049678823,1.0034337,0.0043426882,0.0047564036,0.00495246,0.004852706,0.0047207843,0.0048731244,0.004953487,0.00495014,0.0047260975,0.0049182116,0.004785681,0.00486706,0.0045262943,0.004933815,0.0047461907,0.0047483197,0.0047720145,0.004744721,0.0049347607,0.0043665674,0.0047311164,0.0047193877,0.0045502004,0.0047160494,0.0046402384,0.0049695317,0.004952339,0.0049345205,0.0047903433,0.00487603,0.004820982,0.0047411444,0.0049795033,0.004826818,0.004933489,0.004959427,0.0044913925,0.0049577476,0.004754524,0.004896362,0.0044191456,0.004958046,0.0049603493,0.004953709,0.0047773127,0.00496398,0.0045174714,0.004943578,0.0047665453,0.0043464517,0.0049126795,0.004951417,0.0049634916,0.00436425,0.004637294,0.004968523,0.0047109257,0.0049554375,0.004941568,0.004807006,1.0030953,0.00434119,0.004947954,0.004740564,0.0046084155,0.004368214,0.0046168063,0.0044759554,0.004975974,0.0049421126,0.004852325,1.0035025,0.0048168353,0.004586123,0.004939618,0.004610964,0.004678723,0.0047687916,0.0049505783,0.00452073,0.004944975,0.0048578996,0.0046300003,0.0047759986,0.004449694,0.0043731728,0.0047787665,0.0043709953,0.0045469915,0.0044124825,0.00444424
0.004234903,1.0030085,0.004652385,0.004659035,0.004675231,1.0019635,0.0036907373,0.004687628,0.003622609,1.0028338,0.0046638846,0.0,0.0046341917,0.004571294,0.0036562907,0.0045657554,0.003692278,0.004695394,1.0027465,0.0036823105,0.0043777875,0.0046621826,0.0045188875,0.004283323,0.0045267,0.0046531884,0.0046725958,0.004300416,0.004914326,0.0044135023,0.0045151766,0.004004785,0.004676665,0.00437078,0.0043451744,0.0043904223,0.0043662214,0.0046724197,0.003568015,0.0043202764,0.004287579,0.0040477314,0.0042856727,0.004177703,0.004651932,0.004970159,0.004652099,0.0044042487,0.0045443084,0.004466204,0.00435276,0.0047576316,0.0044659516,0.004660888,0.0046632467,0.0039412403,0.004671995,0.0043774303,0.0045604617,0.003817948,0.004667181,0.0046883263,0.004666038,0.0044051562,0.004661323,0.0039902176,0.004619491,0.0043848106,0.0036186127,0.0046134843,0.004980337,0.004657651,0.0037104273,0.00417034,0.004703476,0.0042735673,0.004636649,0.004677913,0.004427436,1.0020453,0.003670257,0.0046317535,0.004338705,0.0041303267,0.0037388084,0.0041410215,0.00391059,0.0046796375,0.004665843,0.0045210626,1.0028839,0.004453385,0.004086843,0.004693826,0.0041286163,0.0037833469,0.00437212,0.004644103,0.0039946493,0.00465191,0.004505793,0.004175825,0.004387115,0.003883131,0.0037294405,0.0044017057,0.0035959457,0.004040758,0.0038251504,0.0038916236
0.0021212238,1.0021038,0.0042029438,0.0041787294,0.004337944,0.99720687,-1.1345538e-05,0.0041145594,2.097201e-05,1.0016001,0.0042278613,0.0042002117,0.0,0.0037817163,2.2294074e-05,0.0038243118,4.8265443e-05,0.0042007603,1.0008814,1.81879e-05,0.0030443978,0.004210552,0.0035318865,0.0023648187,0.0036246642,0.004043062,0.0042574313,0.0024384076,0.0038369168,0.0029736052,0.0035220028,0.0011598278,0.004341668,0.0030240754,0.0027303349,0.0032070344,0.0030620347,0.004324552,4.148615e-06,0.0025805251,0.0024649831,0.0010824197,0.0023654685,0.0018936308,0.004061416,0.004052209,0.004266469,0.0028688516,0.0036770795,0.0033980845,0.0029994375,0.0041908408,0.003443331,0.0042863823,0.004074408,0.0005684061,0.004194408,0.0031370497,0.003728005,-9.343495e-06,0.004202125,0.0042604627,0.0042002,0.0031561414,0.0040616584,0.0011851821,0.003990887,0.0031674113,-1.0679086e-05,0.0037989817,0.0041967165,0.0041468325,9.770537e-06,0.0018155545,0.0042407713,0.002320896,0.0040368154,0.004317371,0.003319455,0.99846613,-1.697262e-05,0.004042609,0.002663987,0.0017655567,-2.7802525e-06,0.0017710677,0.00035126903,0.004146816,0.004283178,0.0035289095,1.0017481,0.0033651448,0.0015374904,0.004354207,0.001740925,2.098347e-05,0.0028351536,0.0040117768,0.0011420925,0.004227102,0.003561907,0.0019326516,0.0029665062,0.00021263547,-1.7468694e-05,0.0032203498,3.3413413e-05,0.0013261463,0.000133604,0.0006552961
0.00084518775,1.0021791,0.003185598,0.0031601572,0.0034190184,0.9975804,1.8804174e-05,0.0030520242,-1.5180927e-05,1.0016328,0.0032357525,0.0031827383,0.0029253862,0.0,2.2405658e-05,0.0026980373,2.9261662e-05,0.0031800568,1.0013899,-2.545743e-06,0.0017656134,0.0032170035,0.0023654778,0.0010253682,0.0024745285,0.0029661846,0.0032748699,0.0011098771,0.0027171772,0.0017288822,0.0023500088,8.271897e-05,0.0034090662,0.0018513758,0.0014363742,0.0020147539,0.0018668254,0.0033983658,2.6873806e-05,0.0012839722,0.0011527438,0.00011323593,0.0010541918,0.0005705836,0.0029840143,0.0029827135,0.0032995737,0.0015851494,0.0025173377,0.0022272884,0.0018278422,0.0031504561,0.0022847855,0.0033432755,0.0030030254,1.4019428e-05,0.0031656146,0.001961663,0.0026029334,-9.7711545e-06,0.0031539968,0.0032779472,0.0031832894,0.0019601297,0.0029871527,5.2930664e-05,0.0029052803,0.001989428,-4.9283285e-06,0.0026633248,0.0031557824,0.0030841422,-6.413877e-06,0.0005579927,0.0032367704,0.0010279353,0.0029632272,0.003365691,0.0021474168,0.9982275,-9.287619e-06,0.0029677078,0.0013904626,0.00049330853,2.2169608e-05,0.00048587815,4.55757e-05,0.00308498,0.00332895,0.002367362,1.0018455,0.0021971012,0.00026989423,0.0034372471,0.00047975974,-3.834396e-06,0.001566188,0.0029069576,6.736821e-05,0.0032435611,0.0024160272,0.0005743488,0.0017468205,4.627448e-05,4.136192e-05,0.0020545484,1.8822804e-05,9.87746e-06,3.7418333e-05,1.836259e-05
-0.0041077132,0.9958286,-0.0044251904,-0.004445373,-0.0044278144,0.9954261,-0.0039950544,-0.004437441,-0.004102543,0.995803,-0.0044303224,-0.004435078,-0.004418594,-0.0043539824,0.0,-0.004361551,-0.0039905827,-0.004436437,0.9957748,-0.004035975,-0.0042175157,-0.004438918,-0.0042750356,-0.004130879,-0.0043176776,-0.0044259275,-0.004431621,-0.004134001,-0.0043839356,-0.0041923537,-0.004310745,-0.004018578,-0.0044209477,-0.0041796463,-0.0041879523,-0.004193134,-0.004177119,-0.004421062,-0.0043069622,-0.0041556307,-0.0041561457,-0.0040341327,-0.0041328194,-0.004086558,-0.004436401,-0.004429232,-0.0044240407,-0.0042016613,-0.0043064374,-0.0042447327,-0.004165461,-0.004455384,-0.004250684,-0.004419025,-0.0044326326,-0.003988461,-0.004437276,-0.0041769044,-0.0043392936,-0.0039816685,-0.004448704,-0.004433309,-0.004426524,-0.004202632,-0.0044357693,-0.004036182,-0.004427615,-0.004188797,-0.0041436176,-0.004343789,-0.0044415267,-0.0044546765,-0.004008927,-0.004080336,-0.0044376566,-0.0041205897,-0.004431356,-0.004416985,-0.0042397077,0.9955203,-0.0040285727,-0.0044255713,-0.0041446066,-0.004059935,-0.0039890097,-0.004081888,-0.0039920956,-0.0044508236,-0.0044265427,-0.004270845,0.99580866,-0.00423792,-0.004043345,-0.0044192253,-0.004056569,-0.0051826127,-0.004203882,-0.0044067753,-0.0040176786,-0.0044388124,-0.0042877593,-0.0040698047,-0.0041875583,-0.0039786384,-0.004022335,-0.004211607,-0.0042247795,-0.0040110187,-0.0039754757,-0.003949694
0.0009804728,1.0021116,0.0033593012,0.0033281904,0.003579786,0.99755275,7.0048354e-06,0.003235181,-9.999668e-06,1.0015718,0.0034019314,0.0033581182,0.0031097906,0.0028146212,2.4378842e-05,0.0,-1.2504058e-05,0.0033496774,1.0012795,2.6263866e-05,0.0018953272,0.0033793475,0.002545375,0.0011887194,0.0026472376,0.0031386376,0.003433231,0.0012706629,0.0028924916,0.0019057785,0.0025185216,7.040071e-05,0.003573918,0.0019893663,0.0015886078,0.0022095474,0.0020241886,0.0035589612,-1.4387156e-05,0.0014558743,0.0012987555,0.00021566091,0.0012118284,0.00071460626,0.00316193,0.0031589456,0.0034704406,0.0017516264,0.0027023712,0.002407131,0.001971698,0.00332578,0.0024669168,0.0035072053,0.0031855572,-1.7888044e-05,0.0033268733,0.0021285221,0.0027702106,3.1526466e-05,0.0033271506,0.003445663,0.0033629495,0.0021363979,0.0031639,8.026024e-06,0.0030620042,0.0021486965,9.2843544e-07,0.0028428,0.0033156718,0.0032583566,3.017366e-05,0.0006460585,0.00340283,0.0012030295,0.0031374407,0.003538045,0.0023118544,0.9981721,4.0512197e-05,0.0031420162,0.0015542057,0.00060748716,3.6985697e-05,0.0005781918,2.773021e-05,0.0032684489,0.003479839,0.0025415893,1.0017599,0.0023912822,0.00036815825,0.0035931193,0.00060079515,2.2475313e-05,0.0017141511,0.0030871106,5.6437217e-05,0.0034009055,0.0025846562,0.00076013256,0.0018923881,1.9127507e-05,4.4205157e-05,0.0022078957,2.8445453e-05,0.00013068263,1.6892991e-05,2.6607338e-05
-0.0034094688,0.9961923,-0.0039036921,-0.003918662,-0.0039343815,0.9957603,-0.0032459192,-0.0038963645,-0.003339488,0.9961746,-0.0039094826,-0.0039042875,-0.0038598794,-0.0037663835,-0.0032987087,-0.003779645,0.0,-0.003913627,0.99614495,-0.0032704067,-0.0035517258,-0.003920468,-0.003652339,-0.0034397526,-0.0037178842,-0.0038768877,-0.003914616,-0.0034570433,-0.0038114924,-0.0035408945,-0.0037073856,-0.0032757376,-0.0039303643,-0.0035310788,-0.0035089063,-0.003557059,-0.0035272078,-0.003921513,-0.0035329163,-0.0034765895,-0.0034719482,-0.0032894933,-0.0034464197,-0.0033751407,-0.0038975151,-0.0038862461,-0.00391419,-0.0035424123,-0.0037016335,-0.0036137656,-0.003509731,-0.003931523,-0.0036298886,-0.003917261,-0.0038848568,-0.0032601159,-0.003910335,-0.0035376796,-0.003747343,-0.0032743667,-0.0039226967,-0.0039181784,-0.0039070253,-0.0035661354,-0.0038901386,-0.0032979953,-0.0038730102,-0.0035525376,-0.0034392537,-0.003760667,-0.0039143125,-0.0039223493,-0.003273096,-0.0033900556,-0.003915947,-0.003441067,-0.0038874014,-0.003913504,-0.003614208,0.9958874,-0.0032926595,-0.0038789862,-0.0034750518,-0.0033484432,-0.0032104647,-0.0033609814,-0.0032679166,-0.00392172,-0.0039211656,-0.0036494788,0.9961772,-0.0036116252,-0.0033340505,-0.0039266753,-0.0033498022,-0.0044904733,-0.0035398551,-0.0038504738,-0.0032875382,-0.0039194017,-0.00367635,-0.003367049,-0.0035326502,-0.0032658263,-0.0033157077,-0.0035725806,-0.0035072542,-0.0032916148,-0.0032484957,-0.0032314463
0.004095982,1.0027964,0.0049209637,0.004910311,0.0046272003,1.00148,0.0034131794,0.004767071,0.0033288053,1.0025717,0.004619823,0.0046578953,0.004877576,0.004803683,0.003371369,0.0048845136,0.0034133014,0.0,1.0024762,0.0034036387,0.004267075,0.004659307,0.004488534,0.004144302,0.0047479724,0.004650137,0.0046137804,0.004178621,0.0048899506,0.004307121,0.0044265483,0.0038068325,0.0046331175,0.004300559,0.0042175637,0.004287054,0.0042851768,0.004622119,0.003232952,0.004192378,0.0041567185,0.0038534408,0.004160836,0.004013514,0.0049736765,0.00494261,0.0049164854,0.004312463,0.0044615874,0.0043930323,0.0042373785,0.0051006516,0.004357241,0.0045941356,0.004639508,0.0037358396,0.0048937304,0.0042853607,0.0044852607,0.0036001196,0.004917879,0.004715709,0.004914043,0.0043392205,0.0049329675,0.0038004483,0.0048945094,0.004285417,0.0033213655,0.0047861044,0.004975996,0.004929648,0.003454815,0.004025375,0.0047399667,0.0041422606,0.0049420055,0.0046354616,0.0046547544,1.0015532,0.0034039493,0.004892606,0.0042139986,0.0039642653,0.0034778793,0.003968969,0.00370501,0.0049300482,0.004641789,0.0044783847,1.002638,0.004368837,0.0039171195,0.0046533816,0.003966302,0.0034357416,0.004256313,0.004872561,0.0038038362,0.004910058,0.0044078985,0.0040248292,0.004294731,0.0036757444,0.0034809934,0.0043009133,0.0032819957,0.0038589824,0.0036053543,0.003683119
0.0002593571,1.0016985,0.0005502982,0.0005462788,0.0006009216,1.0010628,4.4952565e-05,0.0004985966,-6.7361754e-05,1.0016232,0.0005577973,0.00056131947,0.0004894313,0.00043058232,-1.512946e-05,0.0004575474,3.352658e-05,0.0005532683,0.0,3.9050887e-05,0.0003300451,0.00057493977,0.00039592592,0.00027049132,0.00042406484,0.00048098006,0.00055654394,0.00027658505,0.00044983852,0.0003177455,0.0004044158,0.00018945342,0.00059251545,0.00036433642,0.0002863192,0.00036601312,0.00037483659,0.0005899563,-0.00020516873,0.00025150244,0.00026280832,0.00017639218,0.00027179235,0.00023280067,0.00049022055,0.00049063726,0.000588886,0.00032091388,0.00043178885,0.00038540247,0.0003674609,0.0005413416,0.00039103653,0.0006015824,0.0004817187,0.00014059986,0.0005445431,0.00037184928,0.00042863283,0.00010241625,0.0005420127,0.0005808865,0.0005514551,0.00036744442,0.00047160304,0.00020185443,0.000494955,0.00036847874,-8.6577704e-05,0.0004331683,0.0005587634,0.00049844384,5.1035302e-05,0.00022054935,0.0005637345,0.00025247486,0.0005000112,0.0005964656,0.00036873392,1.0011822,1.842094e-05,0.00048309908,0.00029135324,0.00021792487,6.418843e-05,0.00021158511,0.00014480202,0.0005025941,0.00058416114,0.00038093445,1.0016676,0.00038980675,0.00020859031,0.00058890553,0.00023200309,-0.00041300128,0.00030995984,0.0004686508,0.00015598652,0.000586141,0.00041150665,0.00021722823,0.0003341964,0.00013521907,5.213662e-05,0.000372455,-0.00016649715,0.00017385159,0.000114551985,0.00012652166
-0.0036386054,0.9960861,-0.0040708752,-0.004089423,-0.0040936107,0.99566513,-0.0035429813,-0.0040703965,-0.003627782,0.99606293,-0.0040808865,-0.004075517,-0.0040503913,-0.003960517,-0.00358433,-0.003975354,-0.003512602,-0.004081968,0.9960385,0.0,-0.0037887732,-0.004087433,-0.0038603886,-0.0036833247,-0.0039122184,-0.004052562,-0.004084443,-0.0036795365,-0.0039997944,-0.0037445067,-0.0039120787,-0.0035396314,-0.0040864307,-0.0037444353,-0.0037372175,-0.0037696217,-0.003743995,-0.004083754,-0.0038255253,-0.0036982773,-0.0037041227,-0.0035693964,-0.0036671686,-0.0036257526,-0.0040745507,-0.00406196,-0.0040754117,-0.0037639413,-0.0039015422,-0.0038199327,-0.003732879,-0.0041063624,-0.003834156,-0.004074992,-0.004063249,-0.0035079434,-0.0040807663,-0.0037440178,-0.0039453404,-0.003513912,-0.004098188,-0.0040833224,-0.004073427,-0.0037755156,-0.0040666065,-0.0035329037,-0.0040549356,-0.0037631562,-0.0036538146,-0.0039507914,-0.004088072,-0.004095456,-0.003518961,-0.0036063853,-0.004082705,-0.0036618258,-0.0040642982,-0.004074214,-0.00383187,0.99575984,-0.0035521707,-0.004060505,-0.0036850248,-0.0035852825,-0.0035096663,-0.0036082924,-0.0035090642,-0.0040938263,-0.0040838625,-0.0038525844,0.9960704,-0.003815881,-0.0035809092,-0.004085488,-0.0035821362,-0.0047414117,-0.0037568999,-0.0040317965,-0.0035393622,-0.0040893075,-0.003877017,-0.0036043017,-0.0037546107,-0.0034900971,-0.0035326658,-0.0037832102,-0.0037747046,-0.003524859,-0.003495006,-0.0034848044
1.4554031e-05,1.0002278,0.00018980274,0.00021758542,0.0003782578,0.99710554,1.568374e-05,0.00014325247,8.576774e-06,0.9998733,0.0003168072,0.00026132117,0.00013908115,8.325351e-05,8.419223e-06,8.108442e-05,3.1023923e-05,0.00020668114,0.9995635,9.372007e-06,0.0,0.00027552887,1.0094984e-05,3.9792325e-05,4.2267213e-05,9.9640056e-05,0.00032265022,1.0121209e-05,5.976502e-05,3.7399554e-05,2.5982668e-05,1.9897558e-05,0.00039218165,-3.1196853e-06,4.6750443e-05,4.2890137e-05,1.7764407e-05,0.0003605586,2.1320566e-05,5.1019706e-06,-1.4026314e-06,3.2560933e-05,-8.148182e-06,-1.3987298e-05,0.00015859045,0.00017115676,0.0002824027,1.452635e-05,6.985416e-05,7.364892e-06,-1.4381359e-06,0.0002490203,3.42827e-05,0.0003088931,0.00014824481,9.664607e-06,0.00021878778,2.2330516e-05,0.00010651785,-3.5425087e-06,0.00032028463,0.00028870424,0.0001874896,5.212974e-05,0.00012876453,1.9440498e-05,0.00017008425,1.3182755e-05,1.9778672e-07,8.212862e-05,0.0002625502,0.0001308869,3.0286908e-05,-2.1928372e-06,0.00027834458,2.6392896e-05,0.00013766054,0.00031600532,3.849137e-05,0.99756455,3.3048163e-05,0.0001822206,2.8096796e-05,1.726262e-05,2.7527974e-05,2.195512e-05,2.9967481e-05,0.0001862894,0.00031117743,2.5047986e-05,0.9999526,2.6043645e-05,1.490995e-05,0.0004100877,3.7252576e-05,8.8355955e-06,3.4785476e-06,0.000129584,2.500734e-05,0.00029218715,3.4090674e-05,3.7454887e-05,1.5047311e-05,3.661965e-05,8.297441e-06,1.4998846e-05,1.5866528e-06,-1.0409228e-06,-2.2932936e-06,1.3115098e-05
0.004619651,1.003504,0.0048967223,0.0049097803,0.0048914,1.00293,0.0042604613,0.0049195834,0.0042285384,1.0033771,0.004903054,0.004911279,0.00489674,0.0048548337,0.0042536557,0.004861192,0.0042460333,0.004922738,1.0033532,0.004246477,0.004692763,0.0,0.004798794,0.0046512573,0.0048169293,0.0049017593,0.004903662,0.0046588625,0.004868363,0.004723879,0.0048185308,0.0044437894,0.0048937285,0.0046812003,0.004681291,0.004711042,0.004683744,0.0048925565,0.0042551793,0.004659888,0.0046503814,0.0044772974,0.004650051,0.004571065,0.0049212915,0.004902416,0.0048887557,0.004726323,0.004821633,0.004759967,0.004679617,0.0049313684,0.00476631,0.0048883134,0.0049111852,0.0044057043,0.0049134525,0.0046958975,0.00484407,0.0043311273,0.0049103037,0.0049135447,0.00490728,0.004720525,0.0049150498,0.0044378736,0.0048900233,0.004711582,0.00424792,0.0048586256,0.004904654,0.004914214,0.0042736083,0.004567244,0.0049233995,0.004642516,0.004905636,0.0048957393,0.004754723,1.002973,0.004242027,0.0048987838,0.0046758973,0.0045360466,0.0042764647,0.004540653,0.00439186,0.0049307323,0.004900592,0.0047984575,1.0034251,0.004756447,0.0045096,0.004897409,0.004538576,0.0045473506,0.0047091045,0.0049010483,0.004451023,0.004900436,0.0048050643,0.004557613,0.004716951,0.0043680216,0.0042741597,0.0047208546,0.004260734,0.0044699786,0.0043304577,0.0043618814
-1.4241841e-05,1.002281,0.0020869765,0.0020095839,0.0022414522,0.9976402,6.899438e-06,0.0019164148,1.0864553e-05,1.0018771,0.0020816918,0.0020515963,0.001775676,0.0014901754,2.1227064e-05,0.0015392619,2.0062753e-05,0.002054134,1.0015662,3.2544835e-05,0.0005463404,0.0020660313,0.0,0.0001656604,0.0013311277,0.0018291691,0.0021312288,0.00030270082,0.0015493773,0.00075927033,0.0011704526,-6.654305e-06,0.0022446702,0.00079315243,0.00046504196,0.000999331,0.00083329336,0.002245059,-1.6994847e-05,0.00035611648,0.0002684722,2.5680092e-05,0.00021688892,2.8528722e-05,0.0018073819,0.0018058093,0.0021760718,0.00058300415,0.0013897913,0.0011065222,0.000790079,0.0019665076,0.0011827267,0.002216127,0.0018682414,-1.5130099e-05,0.0020182906,0.0009395296,0.0014367405,-2.8885265e-06,0.0019428576,0.0021468909,0.002060527,0.0009357641,0.0018239849,3.5741687e-05,0.0017173929,0.00095599913,1.3786434e-05,0.0015266531,0.0020006595,0.0019614238,-1.3423543e-05,5.4637174e-05,0.0021143255,0.00014879472,0.0017688307,0.002242421,0.0010124147,0.9981289,-1.5188004e-05,0.00180421,0.00047769272,4.6693018e-05,3.447099e-05,3.4804092e-05,2.2862983e-05,0.0019109541,0.0021793284,0.0012569994,1.0020095,0.0011059787,1.8451046e-06,0.0022564908,-1.1201451e-05,1.3584379e-07,0.0005629496,0.0017449561,1.1812653e-05,0.0020876462,0.0012731184,1.5145738e-06,0.0006994012,2.1036883e-05,2.934044e-05,0.00097131496,1.0220789e-05,3.7589698e-06,1.5280222e-05,1.803099e-05
-3.3510526e-06,0.99678963,-0.0012702557,-0.0013194376,-0.0015997014,0.9962371,1.5197764e-06,-0.001162375,-1.574106e-05,0.9967801,-0.0013698702,-0.0012744648,-0.0009592106,-0.0005689954,1.5663987e-05,-0.0006154611,7.800831e-06,-0.0013028939,0.99671096,-2.5527399e-05,-2.401433e-05,-0.001369312,-0.00019592317,0.0,-0.00041037938,-0.0010268925,-0.0014056499,-8.48498e-06,-0.00076035684,7.277639e-06,-0.0003963321,-2.7040674e-05,-0.0015862215,-3.6230795e-05,-1.4058306e-05,-3.7337773e-05,-2.596433e-05,-0.0015527961,1.0382432e-05,6.948225e-07,-4.728247e-06,5.6298313e-07,-2.624703e-05,-1.7396036e-05,-0.001121915,-0.0011012562,-0.0014342187,1.5118895e-06,-0.00034853636,-0.000102926955,-2.5458367e-05,-0.0013705371,-0.00015994984,-0.0014806594,-0.0010890187,4.7141684e-06,-0.0013076517,-1.8104405e-06,-0.0005173202,-4.2671845e-06,-0.0013411652,-0.001368199,-0.0013330028,-1.7151708e-05,-0.001094408,-1.9891402e-05,-0.0010471746,-3.8658116e-05,-6.144831e-06,-0.00057603593,-0.0012984568,-0.0012723671,-9.134009e-06,-1.6951944e-06,-0.0013171457,3.2985367e-06,-0.0011098008,-0.001489606,-0.0001279411,0.99634427,-2.993628e-07,-0.0010567331,5.1808433e-06,-8.7865865e-06,1.2819579e-05,1.3670821e-06,1.0023126e-05,-0.001288139,-0.0014883962,-0.00019580744,0.9967701,-0.00012973548,-1.7491953e-05,-0.001631497,-2.3709685e-05,-0.00022049843,-4.2949223e-06,-0.0009547531,-1.6925891e-05,-0.001384801,-0.00026592653,-1.41684595e-05,-2.024787e-06,-5.685448e-06,-1.0399071e-05,-1.0373711e-05,6.5440267e-06,-7.978503e-06,1.5519348e-06,-9.144553e-06
0.0004080788,1.0023221,0.0026522197,0.0026161775,0.0028801828,0.99770856,4.884003e-07,0.0024568478,-9.175597e-06,1.0018237,0.0026887055,0.0026412068,0.002261938,0.0020594883,1.9972982e-05,0.0021102258,4.0800078e-05,0.002634284,1.0015956,2.1895981e-05,0.0011967168,0.0026711852,0.0017978724,0.0005615458,0.0,0.0023598596,0.0027200445,0.0006441494,0.0021250532,0.0011989061,0.0017519414,-8.5261145e-06,0.0028754324,0.0013172298,0.000907623,0.0015120097,0.0013349376,0.0028792832,2.8338249e-05,0.0008069468,0.00068194116,5.6182525e-05,0.00062157394,0.0001658382,0.0023772179,0.002378778,0.0027678425,0.0010745965,0.0019221236,0.0016743144,0.0012964468,0.0026021912,0.0017298657,0.0027991165,0.0024049468,3.162451e-05,0.0026073465,0.0014270201,0.0020039964,1.9062349e-05,0.0025861955,0.0027294138,0.002650115,0.0014424999,0.0023266026,6.163305e-05,0.0022902954,0.0014541252,1.5095775e-05,0.0020647624,0.0025827682,0.0024765155,5.5620153e-06,0.00017735237,0.0026861692,0.00055736525,0.0023658795,0.0028260164,0.0015809617,0.9983608,1.2507505e-05,0.0023664085,0.0008931351,0.00010521714,1.6488018e-05,9.477278e-05,3.351765e-06,0.0024800447,0.0027738523,0.0017997295,1.0020199,0.0016901814,2.8955408e-05,0.0029133745,0.00010990269,2.3560839e-05,0.001045656,0.0022945148,-4.982096e-07,0.0026934603,0.0018386766,0.00021073947,0.0012022242,-1.5553194e-05,3.865623e-05,0.0015057554,3.00933e-05,3.114797e-05,-4.14617e-06,3.2520587e-05
0.0022919,1.0020434,0.0042953165,0.0042623365,0.004398866,0.9973677,1.3728632e-05,0.004230171,2.496797e-05,1.0015392,0.004311302,0.0042907167,0.0041030915,0.003874842,-8.267915e-06,0.003912994,2.9095965e-05,0.0042975745,1.0012809,4.549458e-05,0.0030284948,0.004290628,0.0036409402,0.0024455655,0.0037218537,0.0,0.004329468,0.002610368,0.003927802,0.003158239,0.003609166,0.0013274798,0.004399697,0.0031384334,0.0028454938,0.0033204842,0.003179594,0.00438527,1.332765e-05,0.00274729,0.0025691353,0.0011233239,0.0025393208,0.0020223972,0.0041492344,0.0041496167,0.0043491093,0.0029819433,0.0037597436,0.0034981556,0.0030986376,0.004262169,0.0035700453,0.004375029,0.004190515,0.00072608,0.004265637,0.0032665476,0.0038298583,7.7081655e-05,0.0042538303,0.0043423767,0.004286256,0.0032848092,0.0041563236,0.0013719405,0.0040776785,0.0032893464,4.1555566e-05,0.003908798,0.004257367,0.00424125,-7.151481e-06,0.002053991,0.004333905,0.0024977506,0.0041268445,0.0043941936,0.003393317,0.9980739,4.008986e-05,0.0041323877,0.0028827763,0.001905316,-3.1918916e-07,0.0018764187,0.00055745104,0.004240718,0.0043503437,0.0036450252,1.0016757,0.0035016981,0.0016737577,0.004419535,0.0019109317,-1.2684367e-06,0.0029660165,0.0040999763,0.0009515729,0.004302003,0.0036706952,0.0020771616,0.0030650916,0.00044089864,-2.5494843e-05,0.0033294924,2.1172065e-05,0.0011946806,0.00022379083,0.00058252446
0.004904716,1.0038431,0.005100275,0.0051110876,0.005076841,1.0035331,0.0046470943,0.0051234732,0.0046571153,1.0037649,0.005098155,0.0051113768,0.0051122457,0.0050782147,0.004664188,0.005081308,0.0046332297,0.005116682,1.0037462,0.0046405094,0.004955306,0.005101702,0.0050320267,0.0049359435,0.0050483043,0.005111519,0.0,0.0049351696,0.005086179,0.0049810815,0.0050449884,0.0047729504,0.0050745886,0.004940894,0.004953388,0.0049621006,0.004936443,0.005077093,0.00471549,0.004936851,0.0049300864,0.004794972,0.004926826,0.0048716636,0.005125868,0.005115097,0.005082674,0.0049863043,0.005050283,0.0050005196,0.0049374867,0.0051284647,0.005011034,0.0050824713,0.0051177903,0.004744232,0.005109872,0.004946996,0.00506756,0.004691491,0.0051124254,0.0051087593,0.005099892,0.0049683624,0.0051217927,0.004766681,0.005107263,0.0049573923,0.004669718,0.0050782952,0.005108283,0.0051187915,0.0046631843,0.0048638275,0.0051182155,0.0049181096,0.005113678,0.005085683,0.0049960907,1.0035431,0.004645059,0.0051087127,0.004949519,0.0048360173,0.0046550776,0.004848765,0.0047379183,0.005130166,0.0050899587,0.0050310805,1.0037946,0.0049990537,0.0048241536,0.0050787386,0.004837167,0.005054014,0.004972699,0.005110274,0.0047687907,0.0050987867,0.005039256,0.0048561003,0.004970121,0.004713764,0.00466526,0.0049650418,0.0047084726,0.004787101,0.0046882182,0.0047088955
-2.8620972e-05,0.99673265,-0.0011825517,-0.0012922696,-0.0015870761,0.99621457,5.4980414e-06,-0.0010849742,-2.5019448e-05,0.99673057,-0.0013470673,-0.0012406218,-0.00093008566,-0.0005443105,-1.0269299e-05,-0.00060084666,-1.7420101e-05,-0.0012455983,0.99665916,-1.4462352e-05,-8.573514e-05,-0.0013342592,-0.00014133041,-2.7818156e-05,-0.00036879184,-0.0009416855,-0.001382857,0.0,-0.0007463291,-1.637068e-05,-0.0003893516,1.0431713e-06,-0.001551055,-7.857315e-06,-3.3849796e-05,-1.1898154e-05,-3.4728506e-05,-0.001521406,-3.0657088e-07,-2.1307517e-06,-2.6988368e-05,-2.1306834e-05,-2.9099761e-05,-2.6769838e-05,-0.0010907383,-0.0010660457,-0.001375649,-1.2746352e-05,-0.00032823434,-7.364737e-05,-3.8930335e-05,-0.0013602827,-0.000108964596,-0.0014361762,-0.0010141402,-2.5773025e-08,-0.0012802132,-2.2723758e-05,-0.00049406925,-5.8883384e-06,-0.001370081,-0.0013249746,-0.0012821459,1.012998e-06,-0.0010464025,5.9404915e-06,-0.0010179443,-2.8609804e-05,-1.4835565e-05,-0.0005176118,-0.001293985,-0.0012166178,-1.7134334e-05,-2.6689899e-05,-0.001263894,-2.0909632e-05,-0.0010729467,-0.0014298756,-0.000116455165,0.9962656,-3.93896e-06,-0.0010263756,-8.367711e-06,-5.632549e-07,-3.1312788e-06,-6.404005e-06,-1.869784e-05,-0.0012480093,-0.0014596892,-0.0001298349,0.99671036,-5.617224e-05,1.8749772e-07,-0.0016100917,-1.7517119e-05,-0.00012863199,-2.9830464e-06,-0.0009200644,-4.35623e-06,-0.0013542416,-0.00021801222,-2.7558237e-05,-3.7802743e-05,-1.5155922e-05,2.637581e-07,-1.047854e-05,-9.7279935e-06,3.9639385e-06,-1.15000885e-05,-2.5900114e-05
0.0012443471,1.0020324,0.0035985156,0.0035984076,0.003828118,0.9975825,1.1612978e-05,0.0034799909,3.3900444e-05,1.0013654,0.0036581566,0.003601008,0.003362105,0.00309084,5.7844168e-06,0.003148609,-8.800635e-06,0.0035937293,1.0011678,1.8237231e-05,0.0020800596,0.003641215,0.0028118433,0.0014475026,0.0029226257,0.0033919578,0.0036837305,0.0015431887,0.0,0.0021192643,0.0029221845,0.00030405493,0.003827324,0.0022703386,0.0018421902,0.0024496256,0.0023160274,0.0038163532,-7.278823e-06,0.0017084553,0.0015211382,0.0004716251,0.0014888241,0.0010611548,0.00342545,0.003417011,0.0037232537,0.0020412824,0.0029533736,0.0026801366,0.0022139584,0.0035967487,0.0027122288,0.0037452432,0.0034286652,2.223586e-05,0.0035989394,0.0023872394,0.0030286314,4.5130215e-05,0.0035870175,0.0036830585,0.0036284428,0.002413004,0.003436776,0.00026223634,0.0033540223,0.0024168459,2.081139e-06,0.0031041498,0.0035788342,0.0035255481,-7.951186e-06,0.00094503094,0.003642192,0.0014693219,0.003418898,0.0037812712,0.0026616687,0.9982834,1.4189252e-05,0.0034081768,0.0018051695,0.00086514093,1.3955785e-05,0.0009198121,4.8388272e-05,0.003534269,0.0037476697,0.0027880045,1.0016608,0.0026631486,0.00063312106,0.0038566457,0.00084442744,-6.5812096e-06,0.0019867187,0.003343456,0.00029271585,0.0036619697,0.0028445234,0.0010317494,0.0021814508,-1.1308262e-05,4.5490765e-06,0.0024880087,3.6966132e-05,0.00036718178,3.400893e-06,-7.459838e-06
1.18344215e-05,0.9971175,-1.9530222e-05,-1.0705775e-06,5.763468e-07,0.9963327,6.957523e-06,4.5024954e-06,7.900728e-06,0.9970846,1.1163784e-05,-1.665863e-05,-1.7435643e-05,-1.1300348e-05,-1.34204965e-05,-7.3276487e-06,-1.12829575e-05,7.343675e-06,0.996975,1.1961952e-05,-1.822584e-05,-2.0270492e-05,4.6329587e-06,3.0810515e-06,2.764276e-06,5.2571518e-06,-1.6208529e-05,1.5595386e-05,-1.0771149e-05,0.0,1.7291744e-05,-1.4946948e-05,-2.5191737e-05,1.8076154e-05,1.01912065e-05,-9.198558e-06,-1.0173651e-05,1.16116e-05,1.2036017e-05,1.9634574e-05,-8.52789e-06,-3.8647236e-06,1.3954324e-05,-1.4805853e-05,-2.6468126e-05,8.64649e-06,9.16827e-06,-1.2464709e-05,-1.794848e-05,-9.963952e-07,1.1621445e-05,-1.2415666e-05,-1.8606828e-05,-1.6139315e-06,-8.364463e-06,-1.002314e-07,1.4772275e-05,-1.4874064e-05,-1.2394703e-05,2.2978986e-05,2.9058672e-06,-2.71523e-05,9.495828e-06,-1.8163813e-05,1.04991395e-05,-1.069997e-05,-1.7877941e-05,-1.7573035e-05,1.3325093e-05,1.4364422e-05,-2.0665399e-05,1.1077289e-05,-1.7418348e-05,1.6214748e-05,-1.2515151e-05,1.2772798e-05,-1.4989936e-05,-9.240659e-06,-2.8181594e-06,0.9963784,1.6811699e-05,-5.8016158e-06,-9.761755e-06,-1.2845784e-05,-1.305824e-05,6.090614e-06,-7.311956e-06,-4.9471923e-06,-3.0458e-05,-1.4553198e-05,0.9970627,-2.3058872e-06,1.1253226e-05,-2.9557392e-05,-1.2378086e-05,-1.0951983e-05,8.517445e-06,-3.2871417e-06,8.064648e-06,1.08206705e-05,2.96344e-06,1.0816709e-05,-8.6045575e-06,-1.2916145e-05,-1.0531951e-05,1.657529e-05,-1.741028e-05,7.68129e-06,-9.807977e-06,-1.5725076e-05
0.00019905153,1.0022155,0.002378033,0.0024560357,0.0027723871,0.9973559,3.8496637e-05,0.0022493342,2.5569445e-05,1.0014836,0.0024786573,0.0024294076,0.0021449842,0.0019157113,2.1873047e-05,0.0019591337,1.0302194e-05,0.0024241225,1.0014669,-1.4270477e-05,0.0008133518,0.0025060615,0.0016128606,0.00029778932,0.0017059259,0.0021804716,0.0025354358,0.00038393313,0.0020977214,0.00088351057,0.0,-1.5086509e-05,0.0027507064,0.0010902148,0.0006670473,0.0012220028,0.0011718806,0.0027454265,-1.62476e-06,0.0005156851,0.0003700428,4.92108e-05,0.0002661207,0.00014252246,0.0022087982,0.002223094,0.0026183652,0.0008189688,0.0017755643,0.0014867432,0.001082905,0.0024704183,0.0015058714,0.0026644212,0.0022122853,8.621731e-06,0.0025055322,0.0011803302,0.0018836523,-6.1381985e-07,0.0024075788,0.002495539,0.0025345013,0.0012273445,0.0022500188,-2.813031e-06,0.0022004757,0.001244178,-9.792367e-07,0.0019001284,0.0024235635,0.0023743545,-5.032313e-06,4.1181043e-05,0.0024801358,0.0003770455,0.0022888451,0.0026835823,0.0015850873,0.998241,1.7787024e-05,0.002201059,0.00059685373,6.7693174e-05,3.0782633e-06,4.8248934e-05,1.994179e-05,0.0024102945,0.002638168,0.0015960298,1.0018561,0.0014331549,4.6987556e-05,0.0027912532,7.616217e-05,3.8179633e-06,0.0007845432,0.0021526378,4.613034e-05,0.0025102997,0.0016783521,1.3530669e-05,0.0010291002,4.6095145e-05,2.6747763e-05,0.0013817693,-1.6025782e-05,4.7320988e-05,2.2477185e-05,1.246956e-05
-0.0014084097,0.99684894,-0.0025194802,-0.0025433805,-0.002681858,0.99632406,-0.0011582404,-0.002458097,-0.0012245927,0.9968396,-0.002560342,-0.0025145493,-0.0023648255,-0.0021272146,-0.0011750733,-0.0021667606,-0.0011018255,-0.0025339886,0.996803,-0.0011562107,-0.001754344,-0.0025726364,-0.0018955617,-0.00144753,-0.0020246902,-0.0023869786,-0.002580153,-0.0014416281,-0.0022265262,-0.0016146159,-0.0019827827,0.0,-0.0026745165,-0.0016642325,-0.0015595497,-0.0017181383,-0.0016513332,-0.0026524556,-0.0015087589,-0.0015281928,-0.0014995756,-0.0012559092,-0.00145495,-0.0013097355,-0.0024614811,-0.0024381413,-0.0025922505,-0.0016206051,-0.001990476,-0.0018150733,-0.0016295712,-0.0025723171,-0.0018565246,-0.002612247,-0.0024198443,-0.0011348417,-0.0025332377,-0.0016749235,-0.002098612,-0.0011809311,-0.0025505878,-0.0025705355,-0.0025472336,-0.0017297824,-0.0024299866,-0.001207718,-0.0023857576,-0.001710557,-0.0012512582,-0.0021359439,-0.0025374037,-0.0025245978,-0.0011437924,-0.0013375288,-0.0025397025,-0.0014542496,-0.0024231283,-0.0026189513,-0.0018221119,0.996465,-0.0011643306,-0.002412134,-0.0015163962,-0.0013094314,-0.0010888309,-0.0013222272,-0.0011532072,-0.00252629,-0.0026272382,-0.0018861709,0.9968402,-0.0018276653,-0.001291735,-0.002683615,-0.0012975871,-0.0023587428,-0.0016252744,-0.0023394965,-0.0011885811,-0.0025720685,-0.0019365536,-0.0013212882,-0.0016317591,-0.0011404188,-0.001176894,-0.0017467345,-0.0013727498,-0.001180646,-0.0011316335,-0.0010971066
0.0055144993,1.004483,0.005566165,0.0055803023,0.0055237287,1.0044895,0.0053850757,0.0056020534,0.005413149,1.0044546,0.0055575254,0.0055769766,0.0056066476,0.00558845,0.005416375,0.005590268,0.005368286,0.0055830237,1.0044574,0.005378339,0.0055035604,0.005567238,0.0055598402,0.0055351527,0.005572031,0.005602629,0.0055559985,0.0055292384,0.0055930526,0.005542018,0.0055731684,0.0054317424,0.0,0.0054955743,0.005527222,0.0055139544,0.0054959124,0.0055279303,0.0055153505,0.0055106822,0.0055210395,0.005432996,0.005525238,0.0054899207,0.0056126476,0.005605038,0.005545479,0.0055533363,0.0055720066,0.0055390145,0.0054985834,0.0055982457,0.0055427114,0.0055353697,0.005599872,0.0054174145,0.0055775624,0.0055037118,0.0055816807,0.0053936904,0.0055853957,0.0055675264,0.0055661295,0.005521131,0.005608278,0.0054247547,0.005599618,0.0055130566,0.0054421052,0.005580579,0.0055780066,0.0055949646,0.005397139,0.0054847025,0.005579201,0.005516424,0.005599875,0.005536892,0.005536732,1.0044602,0.0053890077,0.005596041,0.00552568,0.0054659364,0.0053772684,0.005471341,0.005415831,0.0056074555,0.0055434457,0.005555814,1.0044689,0.005538887,0.005460321,0.0055190604,0.005467125,0.0058620693,0.0055413996,0.0056020594,0.0054296493,0.0055637187,0.005571714,0.0054724114,0.0055346102,0.0053986995,0.005396869,0.005516176,0.005499377,0.005444505,0.005383215,0.0053885053
1.1374811e-05,1.0009352,0.00037084962,0.00036451794,0.00040960734,0.99756104,1.808525e-05,0.0003025077,2.4342538e-05,1.0005065,0.0003673263,0.0003575691,0.0002556994,0.0002104201,3.47976e-05,0.00018753375,2.2778564e-05,0.00037569256,1.000324,-1.1969336e-06,3.7339654e-05,0.00035413436,0.0001217261,1.3327521e-05,0.00015626711,0.0002660664,0.00038954607,-1.8464765e-06,0.00021908137,2.5383639e-05,0.00010288737,3.22704e-05,0.0004534463,0.0,3.801247e-05,5.7490444e-05,1.8829724e-05,0.00042866654,6.9783932e-06,4.625845e-05,1.49143525e-05,3.8388283e-05,4.5640016e-05,3.73775e-05,0.00027487465,0.0002845514,0.00040994366,1.5194198e-05,0.00018722525,9.196487e-05,1.1633332e-05,0.00034029977,0.000105160034,0.00040872,0.0003178443,-9.067464e-06,0.0003327076,5.9162518e-05,0.00018256289,-2.5254965e-06,0.00032156584,0.00040850966,0.0003529815,3.5049434e-05,0.00030175035,-8.120363e-06,0.0002762985,6.880312e-05,3.0198118e-05,0.00019954635,0.00036397844,0.00032223313,1.7877686e-05,2.9601566e-05,0.0003860055,2.373142e-05,0.00028338275,0.00043626467,5.8915462e-05,0.9979389,2.4149367e-05,0.00029929675,4.306911e-05,-8.34996e-06,9.561582e-06,3.9686827e-05,3.1472373e-05,0.00031958235,0.0003908309,0.0001239799,1.0006934,0.00010094156,1.873343e-05,0.00045184,-2.7337903e-06,-1.4490909e-05,1.6595879e-05,0.0002640621,1.8193516e-05,0.00037587073,0.00013688594,3.8516075e-05,3.949717e-05,1.4680054e-05,2.9114985e-06,8.148951e-05,-3.2259145e-06,1.7343666e-05,3.2277956e-05,3.2005253e-05
1.1617667e-05,0.9967025,-0.00031148663,-0.0003603836,-0.00071081455,0.9961294,1.6672328e-05,-0.00018783244,-1.3501908e-05,0.9966923,-0.00042163147,-0.00028736948,-1.2725104e-05,-1.2530811e-05,-3.0789756e-06,-3.1829433e-05,-7.342702e-06,-0.0003442083,0.9966181,5.237795e-06,5.525676e-06,-0.0004181886,4.684232e-07,-8.957957e-06,-1.2427041e-05,-3.520933e-07,-0.00046079516,-5.3396425e-06,-3.699827e-05,-1.7288883e-05,-1.5392614e-07,-2.005358e-05,-0.0006995643,-1.7186998e-05,0.0,2.29911e-07,-1.2226633e-05,-0.0006470036,1.7309943e-05,-1.1644266e-05,-2.3407933e-05,-7.0729698e-06,-6.6993102e-06,-2.79267e-05,-0.00016717109,-0.00013169624,-0.00049771706,-2.4865098e-05,-3.7409623e-05,7.976202e-06,-1.8023407e-05,-0.00044897734,-8.056733e-06,-0.00055854203,-9.209677e-05,7.991521e-06,-0.00034573083,7.912407e-06,-1.7091132e-05,-1.7618759e-05,-0.00039284816,-0.0004061536,-0.00039859905,-2.9194875e-05,-0.00011964138,-8.880522e-06,-4.844524e-05,-2.7355876e-05,-1.5262407e-05,-2.897114e-05,-0.00034818565,-0.00034172708,-3.3894319e-06,-2.0185537e-06,-0.00032389886,-2.6564743e-05,-0.00013707201,-0.0005637643,-1.8285938e-05,0.9962184,1.6604039e-05,-7.575792e-05,-2.1091259e-05,-2.141115e-06,1.0515155e-05,4.7116023e-06,-1.5813089e-07,-0.00035068372,-0.00056621106,-2.8929875e-05,0.99667436,-3.2044245e-05,1.0016023e-06,-0.00074015337,-1.7721137e-05,-2.6113936e-05,-5.6283084e-06,3.6919705e-06,-2.3730801e-05,-0.00043635527,-4.446614e-07,8.326271e-06,-1.5636197e-05,9.878687e-06,9.7920265e-06,7.772931e-06,-2.330706e-05,-2.3770976e-05,-9.877259e-06,1.0643398e-05
1.3414054e-05,1.0014944,0.0009483884,0.0008089486,0.0010017874,0.9976623,3.859438e-05,0.0008101199,-6.4463197e-06,1.0011374,0.00089237525,0.0008932445,0.000708817,0.00048970984,-1.033926e-05,0.0005520626,1.2074276e-05,0.0008841871,1.0007489,3.196276e-05,6.1530896e-05,0.0008576632,0.00044342314,1.5083473e-05,0.0004315114,0.00074077625,0.0009112029,1.2641211e-06,0.0005246891,0.00012117256,0.00023748819,2.5775518e-05,0.0010345334,9.365838e-05,1.8792402e-05,0.0,0.00012456506,0.0010252224,1.6634462e-05,5.5723638e-05,-3.5185294e-06,2.6714442e-05,2.466312e-05,4.3259748e-05,0.000698348,0.00070757314,0.000995436,6.571368e-05,0.0004725547,0.0003398512,0.00011121109,0.00081618346,0.00040239107,0.0010221804,0.000778217,3.6700603e-05,0.00081243675,0.00023655553,0.0004383838,9.528161e-06,0.0007904965,0.0009627334,0.00088196003,0.00023001272,0.00072916056,1.9642559e-05,0.0005612623,0.0002286362,-1.431659e-05,0.0005319486,0.00079351314,0.00078316533,-3.5978264e-06,2.9060082e-05,0.0009440416,5.670289e-05,0.0006559456,0.0010436114,0.00020098075,0.9979613,-2.3838124e-06,0.0007113879,1.7018712e-05,3.0048695e-05,2.4541761e-05,3.5714962e-05,2.9144598e-05,0.00078989303,0.0009349407,0.00043253673,1.001227,0.0003738718,4.449141e-05,0.0009974653,5.7875033e-05,-2.8272182e-06,3.0506679e-05,0.0006647954,-2.5929871e-06,0.0008804568,0.0004233817,3.5350728e-05,2.5446489e-05,2.8082477e-06,1.6325745e-05,0.00020875437,2.5581758e-06,4.622755e-05,1.8613404e-05,3.35801e-05
1.7276523e-05,1.0008825,0.00039083173,0.00035966304,0.00043381893,0.997567,-1.0158889e-06,0.0003318067,3.1281645e-05,1.0004977,0.0004064387,0.0003682807,0.00027035578,0.00020222757,3.061283e-05,0.00020021613,8.75888e-07,0.0003900136,1.0002421,1.3513778e-05,2.2211541e-05,0.00038831332,0.00013548143,3.7736256e-05,0.0001479483,0.0002885188,0.0004331469,4.6787438e-05,0.00022041514,6.604191e-06,8.0262595e-05,2.0229445e-05,0.00044324924,6.598959e-05,4.9787363e-05,7.465927e-05,0.0,0.00045455372,3.039263e-05,-1.1390755e-06,5.4795e-06,5.0212207e-06,2.8222955e-06,2.2575996e-05,0.0002471653,0.00027523143,0.00046770487,2.1049203e-05,0.0001631147,9.1570204e-05,6.25612e-05,0.00033613478,0.00010697477,0.00046120933,0.00033477854,5.2616533e-06,0.00037514864,2.2064249e-05,0.00017371478,3.2445772e-05,0.00030712914,0.00041200136,0.0004004015,3.8222384e-05,0.00030617745,3.787122e-05,0.00026175973,6.948698e-05,-1.038149e-05,0.00020410937,0.0003561453,0.00034626268,1.5633208e-05,8.395543e-06,0.00040351876,3.3088036e-05,0.0002669274,0.00048737542,6.322944e-05,0.997928,3.7261547e-05,0.00030393046,7.5783787e-06,4.4505883e-05,2.1373362e-05,4.077212e-05,2.8454437e-05,0.00033775825,0.0004246382,0.0001398388,1.000642,0.0001082315,1.1776639e-05,0.00044086325,2.9360606e-06,-1.085368e-05,8.874424e-06,0.00027240117,1.4168738e-05,0.00040745523,0.00013420901,4.511617e-05,2.635185e-05,3.439622e-05,3.3826254e-05,8.01023e-05,2.7498092e-05,-6.753941e-06,4.2905835e-05,3.7878952e-05
0.005434999,1.0044062,0.005503747,0.005515396,0.005461772,1.0043913,0.0052949125,0.005537698,0.0053235097,1.0043741,0.005494744,0.005511888,0.0055384487,0.005518041,0.0053245076,0.0055211345,0.005274957,0.0055202767,1.0043738,0.0052917926,0.005428546,0.005501763,0.005488462,0.005455928,0.005502698,0.0055364203,0.0054924684,0.005454823,0.0055234847,0.005467643,0.0055019073,0.0053478917,0.0054598036,0.005422117,0.0054515153,0.0054405606,0.005419926,0.0,0.0054234876,0.0054362966,0.005445953,0.00535132,0.005447295,0.00541279,0.00554678,0.0055360417,0.005480585,0.005478241,0.00550222,0.00546908,0.0054251784,0.0055325786,0.005473165,0.0054742075,0.0055349832,0.005336247,0.0055132294,0.005427337,0.005512917,0.005305661,0.0055193016,0.005506768,0.005502233,0.0054482236,0.005540733,0.0053403424,0.005533112,0.0054400587,0.0053489623,0.0055121314,0.005513401,0.0055300416,0.0053068115,0.0054036546,0.0055168546,0.0054367883,0.0055334847,0.005471934,0.00546399,1.0043621,0.005299497,0.005530665,0.0054494324,0.0053832317,0.0052873073,0.00539235,0.00533284,0.005540245,0.0054805456,0.005485248,1.0043919,0.005470476,0.005380704,0.005458767,0.005387853,0.005771682,0.005467078,0.005536449,0.0053447937,0.005500012,0.0054965504,0.0053976546,0.0054591913,0.0053088623,0.0053106714,0.0054420196,0.0054061604,0.0053620585,0.0052974382,0.0053097866
-0.0048974566,0.9953585,-0.005057735,-0.005074934,-0.005020412,0.9949445,-0.0048267506,-0.0050826618,-0.004927436,0.99531615,-0.0050527384,-0.0050645713,-0.0050747995,-0.005039953,-0.004889608,-0.0050448994,-0.0048247264,-0.005066476,0.9952885,-0.004862867,-0.0049439953,-0.0050618593,-0.0049883556,-0.004915147,-0.0050182324,-0.0050819106,-0.0050505316,-0.004921866,-0.005057513,-0.004953409,-0.0050182245,-0.0048358524,-0.00501557,-0.004922687,-0.0049570315,-0.0049303467,-0.004919895,-0.0050198054,0.0,-0.0049258997,-0.0049311076,-0.004844379,-0.004913102,-0.004887399,-0.0050837435,-0.005079048,-0.0050356574,-0.004957107,-0.0050124847,-0.0049685193,-0.004913722,-0.0050849626,-0.0049708057,-0.005028144,-0.0050832527,-0.004815108,-0.005067266,-0.004920238,-0.0050334106,-0.004819457,-0.005079924,-0.005054816,-0.0050519123,-0.004937582,-0.0050835786,-0.004842094,-0.0050807483,-0.0049306503,-0.0049921,-0.005032041,-0.0050716545,-0.0050902218,-0.0048386357,-0.004880277,-0.0050669448,-0.0049073063,-0.005082011,-0.0050229365,-0.0049670027,0.99504083,-0.0048655686,-0.005078741,-0.004920817,-0.004861819,-0.004821531,-0.004875483,-0.004818413,-0.005088482,-0.0050357855,-0.004987726,0.9953279,-0.004960777,-0.0048532323,-0.005009994,-0.004862909,-0.0059841694,-0.0049607595,-0.00507003,-0.004839011,-0.0050590867,-0.0050034965,-0.0048686657,-0.0049419,-0.0048219943,-0.00485905,-0.004945211,-0.005064737,-0.0048327446,-0.0048117135,-0.004801798
-1.1739406e-05,0.99675614,-0.0006798247,-0.0007473189,-0.001063924,0.9962003,2.4761675e-06,-0.00056128186,8.205717e-06,0.99674183,-0.00080669177,-0.0006798542,-0.00034767351,-4.1137624e-05,-6.9605303e-06,-4.8262456e-05,-2.1411265e-06,-0.0007191384,0.9966782,4.9137857e-06,-9.31634e-07,-0.0007918275,-2.8371342e-05,-1.8334327e-05,-2.7324433e-05,-0.00038432443,-0.00085430813,-4.200955e-06,-0.00014653183,-1.9082376e-05,-2.3790431e-05,-1.2749168e-05,-0.0010483771,-3.5067176e-05,7.646253e-06,2.6004868e-06,-3.1310006e-05,-0.0010094251,-9.393034e-07,0.0,2.5525474e-06,-1.164224e-05,-2.8689012e-05,-2.550084e-05,-0.00054613693,-0.0005039686,-0.00086340075,-3.06952e-05,-3.029819e-05,-5.7797047e-06,1.0866038e-06,-0.0008137708,-2.1331583e-05,-0.00092661654,-0.0004652098,-1.1247867e-05,-0.00073043077,2.6706493e-06,-4.7794212e-05,-1.7690305e-05,-0.0007815628,-0.0007878888,-0.00076540484,-3.3918077e-05,-0.00049738935,1.2429907e-05,-0.0004563565,5.2554456e-06,5.1058515e-07,-1.6892512e-06,-0.0007456567,-0.0007093294,-2.507173e-05,-2.205822e-05,-0.00071775436,-3.8014139e-06,-0.0005162492,-0.0009240585,1.2678527e-06,0.99628204,1.0099391e-05,-0.00045634006,-1.948143e-05,-2.626571e-05,-3.2118114e-06,3.878078e-06,-1.042048e-06,-0.0007137039,-0.0009446747,-8.730393e-06,0.99672633,-3.514687e-05,-2.2369595e-05,-0.0010951374,3.5257049e-06,1.6867498e-05,-1.8953007e-05,-0.00033308752,8.7777084e-07,-0.0008166128,-3.2568118e-05,-9.496996e-06,-3.0250354e-05,-2.4899737e-05,-8.833471e-06,-1.40031125e-05,1.4688736e-05,9.20468e-06,-7.401424e-06,5.1110082e-06
-2.3580089e-05,0.9967599,-0.001032472,-0.0010913559,-0.0014028082,0.9961887,-2.1280823e-05,-0.00092735316,-1.3018823e-05,0.9967557,-0.0011398743,-0.0010443598,-0.000713005,-0.0003048855,-2.2754001e-08,-0.00036790746,7.249799e-06,-0.0010694882,0.9966766,1.4881723e-05,-2.0124731e-05,-0.0011406275,-3.134511e-05,6.333946e-06,-0.0001323844,-0.0007628752,-0.0011782584,3.5055036e-06,-0.00053352513,2.7444557e-06,-0.00019724503,1.2965651e-05,-0.0013818428,-3.6119045e-06,1.0849688e-05,-1.474032e-05,-6.276596e-06,-0.0013474331,-1.9755124e-05,-2.0873991e-05,0.0,-4.75804e-08,2.0137081e-07,5.5254814e-06,-0.0008837445,-0.0008603092,-0.0012102334,5.2325895e-06,-9.405132e-05,-5.5262103e-07,7.1292297e-06,-0.0011574383,7.619005e-06,-0.001268016,-0.0008430908,-7.736285e-06,-0.0010895861,-2.9764626e-05,-0.00024381794,-7.5859675e-06,-0.0011328891,-0.001137499,-0.0011219167,9.534276e-06,-0.0008579781,6.4867017e-06,-0.0007968898,-1.5505106e-05,5.420501e-06,-0.00030751864,-0.0010779491,-0.0010515457,-2.3200202e-05,-7.780933e-06,-0.0010763835,9.13838e-06,-0.0008808979,-0.0012683199,2.3515097e-06,0.996275,-1.2166684e-05,-0.00081657956,-1.1283678e-05,2.3872824e-06,-2.0037982e-05,-6.1094684e-06,1.0090467e-05,-0.001068304,-0.001268353,-2.8584258e-05,0.99673563,-8.116562e-06,-5.153237e-06,-0.0014303784,1.9118743e-06,-1.6520687e-05,-1.6402118e-05,-0.0007091828,-1.3945931e-05,-0.0011545523,-4.219427e-05,-2.2762177e-05,6.904609e-06,-2.0410284e-06,-6.3600983e-06,-2.0266587e-05,1.6276088e-05,-3.8005533e-06,-6.2696527e-06,-5.6016515e-06
-0.0011750517,0.99689233,-0.0023895619,-0.0023973125,-0.002550772,0.9963207,-0.000875924,-0.0023155846,-0.0009940801,0.9968927,-0.0024178906,-0.0023637058,-0.0021989397,-0.001940661,-0.0009614359,-0.0019824998,-0.0008792919,-0.0023914138,0.99683875,-0.0009504337,-0.0014496262,-0.0024190417,-0.0016957002,-0.001224148,-0.001835721,-0.002234044,-0.00243943,-0.0012713637,-0.002070882,-0.0014151158,-0.0018221195,-0.0010109083,-0.0025480893,-0.001456251,-0.001336193,-0.0015250024,-0.0014528235,-0.0025246295,-0.0013076207,-0.0013052869,-0.0012561094,0.0,-0.0012524613,-0.001138958,-0.0022959432,-0.0022705288,-0.0024628458,-0.001419819,-0.0017856148,-0.0016138514,-0.0014118033,-0.0024168508,-0.0016575736,-0.0024824208,-0.002272697,-0.0009604272,-0.0023800326,-0.0014859491,-0.0019006855,-0.00092401466,-0.0023910943,-0.0024233563,-0.0024062898,-0.0015396015,-0.0022801117,-0.0009907242,-0.0022321572,-0.0015037252,-0.0011046366,-0.0019463078,-0.002378967,-0.0023814314,-0.000954487,-0.001178555,-0.0023955456,-0.001229513,-0.002284242,-0.0024914509,-0.0016322414,0.9964746,-0.0009406232,-0.0022528705,-0.0013128776,-0.0010904345,-0.00087259174,-0.0011007348,-0.0009745587,-0.0023790915,-0.0024799972,-0.0016937128,0.9968832,-0.0016373789,-0.0010689785,-0.0025564209,-0.0010740588,-0.0021488226,-0.0014031893,-0.0021781377,-0.0010071633,-0.0024333044,-0.0017348103,-0.0011271721,-0.0014073105,-0.0009278555,-0.0010069443,-0.0015358137,-0.0011621885,-0.0009941856,-0.00091995107,-0.00091243786
-7.4158775e-06,0.996796,-0.0012625372,-0.0013497663,-0.0016301506,0.996254,1.1574384e-05,-0.0011612343,1.3610605e-06,0.9967914,-0.0014049411,-0.0012989169,-0.0009968884,-0.0006079313,1.5011025e-05,-0.0006718116,-2.8988953e-07,-0.001311887,0.9967178,1.2242436e-05,-0.00012150092,-0.0013885887,-0.00023218877,-2.6055042e-05,-0.0004331043,-0.0010170618,-0.001443685,-1.2730017e-05,-0.00080375554,-2.3384518e-05,-0.0004778492,-6.518911e-06,-0.0016055655,-2.9516825e-05,-1.4637043e-05,-9.447617e-06,-2.172018e-05,-0.0015744214,-9.605414e-06,-2.0858852e-05,-8.880404e-06,-1.8117978e-05,0.0,9.942829e-06,-0.0011590505,-0.0011305442,-0.0014352562,4.8063503e-06,-0.00040532305,-0.00013892785,1.2617567e-05,-0.0014085853,-0.00018526227,-0.0014930156,-0.0010889058,-4.1929275e-07,-0.0013292315,-2.3695717e-05,-0.0005720856,-9.777585e-06,-0.0014067881,-0.0013822365,-0.0013450922,6.4904325e-06,-0.0011145232,1.3813001e-06,-0.001087314,-2.1469861e-05,-5.5246996e-06,-0.0006060677,-0.001348741,-0.0012872299,2.7596943e-06,-1.610989e-06,-0.0013245557,-1.6381262e-07,-0.0011367721,-0.0014947746,-0.00021152243,0.996319,-8.6383425e-06,-0.0010877158,-1.0358819e-05,-1.3351368e-05,1.0145745e-05,-8.823102e-06,-1.8656832e-05,-0.0013089256,-0.0015122382,-0.00022116926,0.996768,-0.0001414716,6.933978e-06,-0.0016541907,-1.1268249e-05,-0.00026036974,9.883388e-06,-0.0009838633,-1.5301263e-06,-0.0014130615,-0.00030185288,-1.8392739e-05,-1.9310506e-05,-2.2199703e-05,-2.1430824e-05,-5.1921998e-05,-9.391844e-06,4.3080704e-06,-4.143678e-06,-1.8138639e-05
-0.0002991901,0.996857,-0.0018185746,-0.0018522243,-0.0020765914,0.99630195,1.2118628e-05,-0.0017150484,-4.4297438e-05,0.9968448,-0.0018895727,-0.0018113707,-0.0015621218,-0.0012227941,8.690493e-06,-0.0012745146,9.489243e-06,-0.0018361042,0.9967973,8.359299e-06,-0.0007365192,-0.0018922159,-0.0008971417,-0.00033166967,-0.0010796773,-0.0015999137,-0.0019194672,-0.00031791805,-0.0013653089,-0.00051847234,-0.0010160329,-1.3258429e-05,-0.002064694,-0.0006086854,-0.0004618854,-0.0006703864,-0.0005873931,-0.002036386,-0.00045297263,-0.0004404356,-0.00038767568,-0.000106702326,-0.0003394152,0.0,-0.001709558,-0.0016773185,-0.0019391442,-0.00053328945,-0.0010268207,-0.00079855166,-0.0005620034,-0.0018900054,-0.00085514155,-0.001969193,-0.0016559378,4.9852592e-06,-0.00183426,-0.0006171017,-0.001181058,-9.652151e-06,-0.0018727359,-0.001894039,-0.0018553169,-0.0006849582,-0.0016677055,-7.2521754e-05,-0.0016095332,-0.00065946777,-6.698138e-05,-0.0012312257,-0.0018416184,-0.0018127727,-1.8175211e-05,-0.00021514313,-0.0018458306,-0.00034445155,-0.0016656329,-0.0019793964,-0.000810579,0.9964316,-2.0605508e-05,-0.0016413055,-0.00041682983,-0.00019235736,-1.7343038e-05,-0.00019868152,2.4656526e-06,-0.0018198802,-0.0019852337,-0.0008871599,0.99684066,-0.00082217826,-0.00016416004,-0.002087855,-0.0001626814,-0.0010598801,-0.0005395917,-0.0015419236,-3.341018e-05,-0.0019017222,-0.00095683255,-0.00018341951,-0.00054379564,-1.017785e-05,7.5599087e-06,-0.00070835004,-0.00018148766,-1.7053244e-05,-1.52176935e-05,-1.3853011e-05
0.0027813565,1.0021474,0.0044157077,0.0044046068,0.004894155,0.9977967,7.913203e-05,0.004351265,6.0905463e-06,1.0015894,0.004428963,0.0044076727,0.004282591,0.0040942356,5.1909512e-05,0.004133982,1.6633865e-05,0.0044267667,1.0014092,6.713178e-06,0.0034871653,0.004424625,0.0038840817,0.0029399786,0.003968736,0.0043002875,0.0044462564,0.0030297711,0.004159835,0.0034498915,0.003917357,0.001859155,0.004899241,0.0034827166,0.0032028568,0.003632338,0.0034735522,0.004886899,-7.351809e-06,0.0031281707,0.0030235036,0.0016637973,0.0029602633,0.0025050433,0.0,0.0043293047,0.004453881,0.0033690638,0.0039856094,0.0037596324,0.0034497567,0.0044274135,0.0038253681,0.0044599837,0.004325912,0.0012876029,0.0043985527,0.003550555,0.004068506,0.00076213514,0.004400503,0.004450951,0.004425865,0.0035945934,0.0043328768,0.0018700946,0.0042690528,0.0035958027,4.9411043e-05,0.0041199625,0.0044050324,0.0043877615,0.00017428835,0.0025824981,0.0044319374,0.002953175,0.0043078815,0.004483471,0.0037454292,0.99835306,2.0016763e-05,0.0043093846,0.0031828436,0.002413764,0.00023266615,0.00238459,0.0011647524,0.0044027544,0.0044718394,0.0038763236,1.0017802,0.003780557,0.0022887997,0.0049030613,0.0024231204,-1.297514e-05,0.0033545268,0.0042715217,0.0015255108,0.0044299243,0.003916665,0.0025320896,0.003458316,0.000983043,0.00015820564,0.0036359464,-4.131357e-06,0.0016519106,0.0007999117,0.0010971181
0.0028195917,1.0022254,0.0044233706,0.0044096713,0.0045049614,0.99789757,0.00014023365,0.004358321,-2.1907083e-05,1.0016918,0.00443644,0.004413889,0.004285515,0.0041049942,4.1800107e-05,0.0041439687,7.299267e-05,0.0044324333,1.001515,-1.7768836e-06,0.003469246,0.004432715,0.003893759,0.0029597098,0.0039742263,0.004309188,0.0044520507,0.0030452127,0.0041651283,0.0034730416,0.003926544,0.0019232105,0.0045068315,0.0034904587,0.0032216478,0.003643401,0.003492938,0.0044939113,-1.7793138e-05,0.0031573903,0.0030282352,0.0017307147,0.0029853375,0.002556428,0.004347312,0.0,0.0044593983,0.0033804432,0.003999673,0.0037726723,0.0034622215,0.004426456,0.0038405287,0.0044689286,0.0043363045,0.0013255761,0.0044066524,0.0035658295,0.0040819105,0.00079328753,0.004409014,0.004460967,0.0044325693,0.00360442,0.0043320577,0.001974784,0.004267727,0.0036078943,-1.7532022e-05,0.0041249837,0.0044103214,0.004390218,0.00022268607,0.0025980726,0.0044400063,0.0030016124,0.004309892,0.004490708,0.003750694,0.9984595,6.611332e-05,0.004312837,0.0032315403,0.0024570723,0.0003033049,0.002431439,0.001198786,0.0044056913,0.004477352,0.0038906317,1.0018752,0.0037867653,0.002319283,0.0045133936,0.0024654968,1.5440537e-05,0.0033621108,0.0042810095,0.0015839882,0.00443285,0.003925043,0.002579823,0.0034704925,0.0010601812,0.00022188041,0.0036500383,-1.0615853e-05,0.0017088741,0.0008554847,0.0011594757
0.005044658,1.0039887,0.005206479,0.005213618,0.0051738257,1.0037799,0.0048168753,0.0052294903,0.004827943,1.003925,0.0051963013,0.0052127936,0.0052183005,0.0051922183,0.004838163,0.0051942784,0.004802327,0.005220999,1.0039079,0.00481089,0.005066898,0.005204443,0.0051468774,0.0050715692,0.0051658833,0.005223235,0.005195076,0.0050784214,0.005201116,0.005111819,0.0051628994,0.0049260915,0.005173965,0.0050655343,0.005084543,0.0050889947,0.0050634486,0.0051765703,0.0049075284,0.0050643655,0.0050654197,0.0049335063,0.005068815,0.0050129886,0.0052326326,0.005222857,0.0,0.0051184734,0.0051695076,0.0051245,0.00505887,0.00523114,0.005127414,0.005182153,0.005224769,0.004903356,0.005211616,0.0050749993,0.0051812134,0.0048563196,0.0052169296,0.0052094306,0.0052058306,0.005093747,0.005231732,0.0049177688,0.005216217,0.005085437,0.004852699,0.0051892675,0.005210161,0.005224482,0.004833393,0.005013397,0.0052191867,0.0050591165,0.0052221124,0.005184331,0.0051147826,1.0037626,0.004823089,0.0052167424,0.0050779968,0.0049830168,0.004822358,0.0049904245,0.0048962133,0.0052386248,0.00518711,0.0051466813,1.0039487,0.005120939,0.004970082,0.0051723835,0.004986075,0.0052466393,0.005101385,0.0052217664,0.0049253316,0.0052003753,0.0051581142,0.0050039333,0.005099424,0.004870593,0.00484179,0.0050914907,0.0048995027,0.004945927,0.0048502,0.004871948
1.494719e-05,0.9969202,4.348388e-06,-7.7560725e-07,-3.199224e-05,0.9962318,-1.3216427e-05,-2.4195964e-05,8.880836e-06,0.9968797,9.931443e-07,2.808301e-07,-2.6285516e-05,-2.5020532e-05,1.962372e-05,1.28181e-05,-1.425501e-05,5.6507033e-06,0.9967931,-2.637712e-06,1.0554684e-05,-2.077448e-06,-4.411473e-06,1.6667569e-05,9.533164e-06,-2.9024113e-05,6.4185965e-06,-5.7203956e-06,-1.3962682e-05,1.08530585e-05,9.153925e-06,5.4270968e-06,-2.0551359e-05,-5.501117e-06,-1.3700441e-05,1.010641e-05,-4.657862e-06,-2.469097e-05,1.1754084e-05,-3.1922323e-06,3.035658e-06,-8.013245e-06,-1.091612e-05,8.0653745e-06,-9.395875e-06,1.3115465e-05,8.898836e-06,0.0,7.4559566e-06,-1.3963561e-05,-2.0229561e-05,1.7461439e-06,-1.9658468e-05,-4.2311426e-06,5.125553e-06,1.6835305e-05,-3.048014e-07,-2.5931215e-06,2.1394292e-06,-8.927547e-06,-6.0691054e-06,-2.8259687e-05,-2.0405034e-05,-1.8894012e-05,-1.4672577e-05,8.922191e-06,-3.0224086e-05,3.709248e-06,1.5172412e-06,6.2428426e-06,-6.3863376e-06,-5.6617178e-06,1.9312831e-06,6.9965467e-06,-2.0861076e-05,3.0753492e-06,1.2015735e-05,-9.93581e-07,5.1375637e-06,0.9963266,1.4202529e-05,-2.6070466e-05,-1.5037603e-05,-2.110592e-05,9.321989e-06,-1.2479758e-05,1.1526223e-05,-1.8038294e-05,-2.1532785e-05,4.642586e-06,0.99687445,3.903768e-06,1.5612666e-05,-1.3333155e-05,-1.3286662e-08,1.96949e-05,1.5295087e-05,-2.2255488e-05,7.642637e-06,-1.340744e-05,-9.089679e-06,1.6467831e-05,-1.9977271e-05,-1.1847015e-05,3.943737e-06,-4.014263e-06,1.3199917e-05,4.622623e-06,7.8278445e-06,-8.098089e-06
0.00030879717,1.0022413,0.0025619634,0.002525934,0.0028003927,0.9975903,-1.0973661e-05,0.0023932583,1.3789795e-05,1.0018255,0.0026113766,0.002586818,0.0022775284,0.0019955593,2.8482267e-05,0.002054658,2.1880999e-06,0.002549611,1.0014727,-1.2350231e-05,0.0010948605,0.0025841496,0.0017348167,0.0005016142,0.0017924962,0.0023007125,0.0026538288,0.000556805,0.0020333752,0.0011259466,0.0016823619,6.794507e-05,0.0027838137,0.0012106377,0.0008629504,0.0013971607,0.0012738447,0.0027800256,-1.0549499e-05,0.0007113728,0.000579615,1.1982462e-05,0.0004959125,0.00013555921,0.0022751887,0.0022936848,0.0026676112,0.0009771276,0.0,0.0016088554,0.0012071015,0.0025100515,0.001648722,0.0027412563,0.0023426916,5.8889276e-05,0.002556187,0.0013577966,0.0019408623,2.8439707e-05,0.0025437083,0.0026627618,0.002553893,0.0013024744,0.002301294,-1.2472605e-05,0.002209879,0.0013497311,2.0657239e-05,0.0020145802,0.002546689,0.0023945987,1.8819944e-07,7.14901e-05,0.0026359523,0.00047833173,0.0022587236,0.002767426,0.0015110959,0.99826026,-2.485799e-06,0.0022854311,0.0008237585,2.5300504e-05,1.8366445e-05,2.9678742e-05,-5.910517e-06,0.0024023352,0.002709787,0.0017515921,1.0019593,0.0015389404,2.9629082e-05,0.0028180636,1.4281847e-05,1.1126888e-05,0.0009419514,0.0022612934,4.9713897e-05,0.0025980033,0.0017696188,0.00015911917,0.0011279618,1.3340936e-05,-1.0080275e-05,0.0014276664,-6.1997684e-06,-9.397255e-06,3.088448e-05,-7.258587e-06
2.3429915e-05,1.0021315,0.0016217564,0.001553985,0.0018854823,0.9975521,3.9789422e-05,0.0013791941,3.0114725e-05,1.0016876,0.0017096723,0.0016144435,0.0012772527,0.0010397424,-5.8697497e-06,0.0010947305,4.915031e-08,0.0015845022,1.0013788,2.4924051e-05,0.00029315683,0.0016280143,0.0008577147,5.2793108e-05,0.00091193744,0.0013008054,0.0017121199,3.797846e-05,0.0010784294,0.00037578182,0.00073441165,3.4247e-05,0.001876188,0.00045310473,0.00013844678,0.0006079966,0.00047570808,0.0018791133,5.450851e-06,5.696444e-05,2.6492075e-05,-2.7199449e-06,1.7020646e-05,4.8913815e-05,0.0012562239,0.0012797195,0.0017950421,0.00024642659,0.00097593584,0.0,0.0004297956,0.0015435183,0.0007992541,0.0018364454,0.001343766,1.6027109e-06,0.0015604221,0.0005670503,0.0009881295,3.351483e-05,0.0016164073,0.0016979248,0.0015804078,0.0005140711,0.0012875347,1.1601059e-05,0.0011917382,0.0005586249,-4.6552445e-06,0.0010624989,0.0015596062,0.001388669,1.1194106e-05,3.0944117e-05,0.0016631198,5.753699e-05,0.0012641897,0.001861577,0.00062675664,0.99805164,2.5616177e-05,0.0012886695,0.00016120488,2.6195945e-05,-2.9904793e-06,9.364042e-06,3.167975e-05,0.001400561,0.0017848298,0.00084655825,1.0018663,0.00073495024,6.003223e-06,0.0019080392,2.2757073e-05,-7.917062e-06,0.00021477987,0.0012624369,3.066638e-05,0.0017073719,0.0008846726,2.5423424e-05,0.00035421702,2.7439028e-05,1.5757409e-05,0.00061047747,1.8394294e-05,2.8317438e-05,3.5634635e-05,3.3712637e-05
1.9985648e-05,1.000054,6.514004e-05,4.491622e-05,8.1647675e-05,0.9973008,1.274493e-05,4.1074545e-05,-7.229848e-06,0.9997239,2.914575e-05,5.831056e-05,2.1726002e-05,4.136639e-05,2.8428087e-06,3.1063166e-05,2.919401e-05,7.299254e-05,0.99949163,9.1355906e-07,8.063252e-06,6.9336624e-05,3.9984774e-05,1.6466864e-05,3.4650053e-05,1.8431276e-05,3.743181e-05,4.710737e-05,4.732138e-05,2.4368297e-05,3.1156225e-05,3.672652e-05,7.860804e-05,1.472772e-05,3.421818e-05,2.2224838e-05,1.2985545e-05,3.467456e-05,7.0717406e-06,4.691949e-05,3.5277837e-05,6.3577404e-06,1.6706015e-05,4.8814913e-05,5.8563848e-05,3.5650613e-05,4.9047354e-05,4.3595057e-05,4.053403e-05,2.4173582e-05,0.0,2.7672137e-05,3.2652057e-05,4.6734127e-05,6.5759334e-05,2.1383396e-05,4.9673836e-05,8.77651e-06,5.0385483e-05,2.8742985e-05,6.455654e-05,6.9959715e-05,6.31422e-05,7.3419737e-06,2.8212758e-05,3.234713e-05,5.7806545e-05,5.02925e-05,1.4460521e-05,5.259455e-05,3.787203e-05,2.1255313e-05,3.269244e-06,2.5429297e-05,8.235192e-05,1.1128601e-05,5.623295e-05,7.230086e-05,9.598275e-06,0.99756855,2.7236027e-05,4.820689e-05,4.3951728e-05,2.1790545e-05,3.4313445e-05,2.1271455e-05,5.006294e-06,4.0212773e-05,6.624807e-05,6.110477e-05,0.9998337,4.7345243e-06,7.305487e-06,6.584174e-05,3.3405027e-05,1.9716514e-05,4.6205598e-05,2.3527567e-05,2.9472267e-05,2.9127263e-05,4.2030042e-05,1.887737e-05,4.791156e-05,2.2595399e-05,1.2243077e-05,5.026487e-05,1.0117311e-05,3.6865447e-05,4.1646268e-05,3.2970423e-05
0.0038560086,1.0024431,0.005028746,0.005045567,0.004612368,1.0005893,0.0029665162,0.005102953,0.0028105357,1.0020884,0.005038328,0.00504938,0.0049305297,0.0049089473,0.002860072,0.004966343,0.0029655905,0.00513291,1.0019726,0.0029286076,0.0041254316,0.005057815,0.0045430036,0.003923934,0.004748286,0.005019242,0.0048992834,0.0039589577,0.0049703987,0.004167469,0.004588951,0.0034715557,0.0046679894,0.0043227626,0.0040004007,0.00442622,0.0043276893,0.004716955,0.0026751584,0.0039757756,0.0039213765,0.003551404,0.0039416444,0.0037440353,0.005095267,0.005019749,0.004973013,0.00419264,0.004655812,0.004490143,0.0042974134,0.0,0.004537021,0.0049780225,0.005037667,0.0033648356,0.0050863107,0.004375809,0.004656255,0.003181414,0.004983823,0.0051243007,0.0051017106,0.0043666777,0.005080304,0.0034583649,0.004976867,0.0043737846,0.0027899873,0.0049915584,0.0050687753,0.0050809323,0.0029871948,0.003753719,0.0051639946,0.003907571,0.005067901,0.004867495,0.004532382,1.0007945,0.002905919,0.0050334963,0.004001338,0.0036827547,0.0030326543,0.0036968535,0.0033212788,0.005113887,0.0050930995,0.0045382665,1.0022169,0.0044924705,0.0036245848,0.004658032,0.0036777812,0.0028099006,0.004084929,0.00500672,0.003469335,0.00500748,0.0045891437,0.0037485326,0.0041791988,0.0032797428,0.0029905604,0.0043933503,0.002711351,0.0035104079,0.0032000763,0.0032764862
2.79164e-05,1.0022433,0.0018852603,0.0018131552,0.0022036405,0.99768305,8.999361e-06,0.0017013208,1.4428825e-06,1.0018309,0.0019037153,0.0018604749,0.0015842399,0.0013428633,2.581155e-06,0.0013955103,1.0046473e-05,0.0018546558,1.00156,5.972555e-07,0.0005232707,0.0018718287,0.0011509688,6.728518e-05,0.0012013658,0.0016324234,0.0019363813,0.0001628389,0.0013597339,0.0006352381,0.001006768,5.1458675e-05,0.0021986335,0.0007049857,0.00036830947,0.00089497934,0.0007332763,0.0022149405,-1.2158558e-05,0.0002611065,0.00016536753,3.3699176e-05,0.000114369046,-1.1620992e-06,0.0016167734,0.0016195276,0.0021396622,0.000447811,0.0012487182,0.0010164287,0.0006930363,0.0017779443,0.0,0.0021796634,0.0016665615,4.014726e-05,0.0018129342,0.0008329029,0.0012961591,6.8306513e-06,0.0017683955,0.001955456,0.0018513891,0.0008223116,0.0016222306,5.1191604e-05,0.0015169681,0.00085204246,-1.1532234e-05,0.0013694112,0.0017959874,0.0017445474,8.218875e-06,6.0498412e-05,0.001917891,8.695932e-05,0.0015786678,0.0022168912,0.0009053666,0.99816805,-6.1627984e-06,0.0016127115,0.0003608014,5.9462192e-05,1.4503965e-05,2.2758468e-05,3.9618615e-05,0.0017397188,0.0021395944,0.0011419163,1.0019802,0.0010109023,8.435543e-06,0.0022079428,2.1755808e-05,3.8789535e-06,0.00047063286,0.0015485864,-1.2831031e-05,0.0019075408,0.001178129,3.5490357e-06,0.00059141434,3.1598487e-05,3.263687e-05,0.00088440254,1.0297053e-05,1.1516002e-05,2.9151217e-05,1.01264195e-05
0.0052231955,1.0041863,0.005340515,0.005348316,0.0053017535,1.0040845,0.005043802,0.005368179,0.0050622215,1.0041423,0.0053294958,0.0053475252,0.0053630504,0.005339584,0.005065906,0.0053419224,0.005025838,0.0053567383,1.004134,0.005036329,0.0052357586,0.0053370004,0.0053009666,0.0052473494,0.0053184424,0.005364537,0.00532999,0.0052498607,0.0053462726,0.0052736034,0.005317476,0.005118938,0.005300546,0.0052281953,0.0052534463,0.0052493894,0.0052256524,0.0053051887,0.005149573,0.005234003,0.0052407584,0.0051283306,0.0052392283,0.0051961727,0.0053728344,0.005364023,0.0053183767,0.0052815727,0.0053209323,0.0052800947,0.005227687,0.0053661633,0.0052861534,0.0,0.005364555,0.005106715,0.0053479536,0.0052378033,0.0053305477,0.005065117,0.005354767,0.0053431476,0.0053374483,0.005253932,0.0053699245,0.0051169116,0.005358808,0.005245714,0.0050908523,0.0053331135,0.005348419,0.005363386,0.0050539044,0.005193843,0.0053537567,0.0052304305,0.005362483,0.005312668,0.005274795,1.0040579,0.005047114,0.0053565283,0.005249411,0.00516847,0.005041287,0.005176049,0.0050989017,0.0053722756,0.0053189723,0.005300288,1.0041627,0.0052768798,0.0051589785,0.0053004674,0.00517291,0.005501043,0.00526976,0.0053617107,0.005119898,0.00533488,0.0053128465,0.00518531,0.0052625323,0.0050746906,0.005059539,0.0052503236,0.0051438683,0.005141781,0.005060959,0.005079051
0.002823522,1.0022551,0.0043749036,0.004347021,0.004442146,0.9981017,0.00022273799,0.0043332265,5.4999302e-05,1.0017835,0.004379336,0.004370886,0.0042328504,0.004053572,4.0402538e-06,0.004088072,0.00025007915,0.0043784454,1.0015528,0.00022382055,0.0033885904,0.0043703625,0.003859625,0.0029557697,0.003934095,0.0042744894,0.0043960656,0.0030867408,0.004106817,0.0034983603,0.0038610615,0.0016921429,0.00444857,0.0034663475,0.0032383546,0.0036126096,0.003483664,0.004435361,4.0595693e-05,0.003172229,0.003016108,0.001724998,0.0030288522,0.002613507,0.0042710793,0.004266978,0.004406864,0.0033821552,0.003963069,0.0037525597,0.0034295558,0.004357911,0.003803683,0.004425594,0.0,0.0014005228,0.0043571023,0.0035579647,0.0040117525,0.00085334195,0.0043463237,0.004407083,0.0043771877,0.0035773863,0.004280003,0.0017353793,0.0042175674,0.0035826166,-2.6402355e-05,0.0040792413,0.004343698,0.004335146,0.00036333615,0.002641951,0.004403036,0.002983548,0.004253031,0.0044403407,0.003676909,0.9985021,0.00014276964,0.004253677,0.0032684302,0.00249504,0.0004482105,0.0024846252,0.0012914144,0.004351553,0.0044085616,0.003868712,1.0019194,0.0037534279,0.0023418386,0.0044645364,0.0025047082,1.8968623e-05,0.0033493696,0.0042338953,0.0016721584,0.0043733213,0.0038863558,0.002679628,0.003424683,0.0011536478,0.00043090616,0.0036141635,-8.6881355e-06,0.0017994497,0.0009473015,0.0012446028
-0.0018622074,0.99678135,-0.0028140726,-0.0028400766,-0.002950259,0.9962818,-0.0016638817,-0.0027751797,-0.0017391683,0.9967728,-0.0028535232,-0.0028229563,-0.0026942957,-0.0024978267,-0.0016942187,-0.0025328547,-0.0016542005,-0.0028310493,0.9967438,-0.001667142,-0.002164625,-0.00285936,-0.0022958908,-0.0019072824,-0.0024058186,-0.0027133175,-0.0028676868,-0.0018981623,-0.0025868868,-0.0020448284,-0.0023907248,-0.001682153,-0.0029391435,-0.00208788,-0.0020057885,-0.0021353224,-0.0020861817,-0.0029263874,-0.0019996462,-0.001966427,-0.0019398568,-0.0017394278,-0.0019027789,-0.0018149778,-0.002763703,-0.0027494652,-0.0028756375,-0.002058601,-0.0023859965,-0.0022287527,-0.002059499,-0.0028620358,-0.002257101,-0.0028952924,-0.0027417578,0.0,-0.0028332719,-0.0020996528,-0.0024692074,-0.0016165181,-0.0028530192,-0.002862446,-0.002838985,-0.0021416757,-0.0027486302,-0.0016877188,-0.0027189674,-0.002124052,-0.0017728178,-0.0024958572,-0.0028364256,-0.0028261272,-0.0016349381,-0.0017890255,-0.0028380547,-0.0018952523,-0.0027471185,-0.0028951084,-0.0022374599,0.9963997,-0.0016606372,-0.0027314157,-0.0019531837,-0.0017733625,-0.0016165928,-0.0018018838,-0.0016323846,-0.0028269037,-0.0029007215,-0.0022873802,0.99677527,-0.0022332612,-0.0017502843,-0.0029546046,-0.0017616636,-0.0028857216,-0.0020559349,-0.002677429,-0.0016937008,-0.0028607592,-0.002331609,-0.0018006805,-0.0020632308,-0.0016176973,-0.0016484108,-0.0021618635,-0.0018883236,-0.0016638959,-0.0016175797,-0.0016034554
0.0042217127,1.0029774,0.004964445,0.0046430426,0.0046683494,1.0018649,0.0036534355,0.004681203,0.0035666826,1.0027773,0.004652526,0.0046678404,0.00461663,0.004558547,0.0036021569,0.004888434,0.003651821,0.0046980847,1.0027071,0.0036345627,0.0043646866,0.004654943,0.0045107254,0.0042604897,0.0045072823,0.004636195,0.004659809,0.004278705,0.0049028266,0.0043906877,0.00451097,0.003972298,0.0046709524,0.004360484,0.0043187384,0.0043729763,0.0043536667,0.004664228,0.0035133692,0.0042963685,0.0042626224,0.004021281,0.004266106,0.0041504935,0.0049596922,0.0049663256,0.004636781,0.0043884693,0.004525518,0.0044514877,0.004333975,0.0049475394,0.0044454853,0.0046442645,0.0046467143,0.0039055874,0.0,0.0043596597,0.0045469706,0.003781888,0.0046491763,0.004675749,0.0046525407,0.0044021546,0.0048785503,0.0039636707,0.0049411086,0.004376574,0.0035689794,0.0046465257,0.004972438,0.004972065,0.0036670016,0.0041499045,0.004703989,0.0042560063,0.004613681,0.004665785,0.0044185054,1.0019901,0.003616267,0.0046111858,0.0043090833,0.0041055107,0.0036980174,0.0041210456,0.003876052,0.0046609524,0.0046622786,0.0045149643,1.0028478,0.0044330526,0.0040647984,0.0046874234,0.004102078,0.0037189396,0.004353667,0.0046307785,0.0039702626,0.004639409,0.0044871015,0.0041441685,0.0043795193,0.0038432735,0.0036721756,0.0043911925,0.0035326043,0.003998406,0.00379376,0.003840682
1.9257706e-05,1.0011846,0.0006592706,0.00057093403,0.00069817394,0.99763507,2.0589825e-05,0.00056071684,1.1667975e-05,1.0008073,0.0006283293,0.0006302706,0.00045876345,0.00033665897,-8.934464e-06,0.000360276,3.4295244e-05,0.0006005442,1.0005158,2.59899e-05,4.9156326e-05,0.0005790032,0.0002511438,-1.1147494e-05,0.00027209477,0.00050883554,0.0006279195,3.1932745e-05,0.0003446775,1.7319115e-05,0.00012464593,3.0266638e-05,0.0007060378,4.5815395e-05,1.820036e-05,0.0001289751,6.7566594e-05,0.0007035285,2.3129049e-05,3.818912e-05,3.2247663e-05,-1.6859348e-06,5.639391e-05,-1.1405584e-06,0.0004569236,0.00048057313,0.0006936347,3.4092932e-06,0.00028870985,0.00018148789,4.6086625e-05,0.00052670296,0.00021632473,0.0006949206,0.0005384997,2.2116954e-05,0.0005563827,0.0,0.00030122997,1.4172811e-05,0.00051631796,0.0006745546,0.00059617846,0.00010421795,0.00047116392,4.0432296e-06,0.000416843,0.00013956333,5.766057e-06,0.00036335553,0.00055477436,0.0005379311,-1.2823626e-05,3.097884e-05,0.0006582385,-8.816353e-06,0.00045822846,0.00073575304,0.00010827694,0.9979398,-2.1368473e-06,0.00047010573,2.5484786e-05,4.4941113e-05,7.2803036e-06,5.8482196e-06,3.7178092e-06,0.00052100513,0.0006563796,0.0002640915,1.000932,0.00017521015,-7.33022e-06,0.0007126509,2.17886e-06,-7.7544155e-06,-5.346337e-06,0.00045575007,3.6697737e-05,0.0006080038,0.00024920533,2.8688294e-06,6.478652e-05,8.891783e-06,3.9692473e-05,0.00013750223,-1.0352623e-05,-2.4504182e-06,6.575023e-06,2.1551807e-05
0.0006863088,1.0022302,0.0029823321,0.0029550586,0.0032258038,0.99752533,8.049335e-07,0.0028379608,9.828613e-06,1.00169,0.0030361451,0.0029769011,0.0027138975,0.002452049,3.8330825e-05,0.0025012307,2.8531147e-05,0.002978249,1.0015136,1.839598e-06,0.0015988556,0.0030364518,0.002154207,0.00082082866,0.0022581355,0.0027688523,0.003086451,0.0008864381,0.002505488,0.0015335239,0.0021589862,1.2055523e-05,0.0032103083,0.0016439016,0.0012215987,0.0017832591,0.0016610915,0.0031986407,-5.9072854e-06,0.0010712532,0.00095361465,-2.1045014e-05,0.00081614114,0.00038258155,0.0027840028,0.0027967265,0.003089772,0.0013491214,0.0023219485,0.0020117227,0.0016366208,0.002944246,0.002081637,0.0031483416,0.002796194,5.6164325e-05,0.0029655595,0.0017424788,0.0,8.579464e-07,0.0029445142,0.0030823608,0.0029799633,0.0017356378,0.0027797238,-1.0699787e-05,0.0027144954,0.0017998999,-1.6550696e-06,0.0024804894,0.002954313,0.002866791,2.5258734e-05,0.00036266775,0.0030347183,0.00087038777,0.0027521504,0.0031700167,0.0019710066,0.9981761,-8.3565255e-06,0.0027618078,0.0011803901,0.00031754503,7.6441387e-07,0.00027767205,1.7972856e-05,0.0028869326,0.0031432286,0.0021644637,1.0019102,0.001975689,0.00011511748,0.0032417772,0.0003107839,-1.5536438e-05,0.0013694222,0.0027084427,3.924188e-06,0.0030447175,0.00222887,0.00031848243,0.001556803,5.9480313e-05,-3.5848145e-06,0.00187418,-8.705704e-06,3.664971e-05,3.6702175e-05,8.2909755e-06
-0.002704486,0.99650955,-0.0033797438,-0.003406708,-0.0034590105,0.9960563,-0.0025714573,-0.0033673535,-0.0026626114,0.9965062,-0.0034065945,-0.003392748,-0.0033159845,-0.0031771827,-0.0026130052,-0.0032012113,-0.002608332,-0.0033923797,0.9964715,-0.0026010245,-0.0029091486,-0.0034096062,-0.003026947,-0.0027359922,-0.003109077,-0.0033266544,-0.0034165392,-0.002732648,-0.0032510713,-0.002843881,-0.0031249842,-0.002617158,-0.0034511308,-0.0028693436,-0.002825495,-0.0028935533,-0.0028768561,-0.0034445678,-0.0028989026,-0.0027809248,-0.0027474351,-0.0026107598,-0.0027337247,-0.0027019829,-0.0033497657,-0.0033473629,-0.0034166747,-0.0028643562,-0.0030983442,-0.0029851925,-0.0028509917,-0.003422865,-0.002989319,-0.0034259013,-0.0033470916,-0.0025346014,-0.0034013703,-0.0028774121,-0.0031552094,0.0,-0.003416681,-0.0034090185,-0.0033958578,-0.0029022791,-0.0033505457,-0.0025771619,-0.0033344717,-0.0028882725,-0.0027297558,-0.0031705804,-0.0034011707,-0.0034006385,-0.0025424687,-0.002643233,-0.003400259,-0.0027229784,-0.00335716,-0.003424659,-0.0029945758,0.996141,-0.0025627248,-0.0033394543,-0.0027709305,-0.0026338303,-0.0025606384,-0.0026766758,-0.0025246325,-0.00340237,-0.0034298257,-0.0030222083,0.9964995,-0.0029747125,-0.0026067225,-0.0034637528,-0.0026181936,-0.003783842,-0.0028518303,-0.0033042387,-0.002609315,-0.0034147066,-0.0030580414,-0.0026624326,-0.0028620565,-0.0025049548,-0.0025286586,-0.0029274523,-0.0028280441,-0.002551207,-0.0025042347,-0.0025067644
0.0039707073,1.0025704,0.004948637,0.004903405,0.0046037612,1.0009041,0.0032049045,0.004843585,0.0030797573,1.0022814,0.0048574056,0.004849846,0.0048225145,0.0047808248,0.00313146,0.004983345,0.0032222762,0.0050903955,1.0021625,0.0031671901,0.004224558,0.0048887557,0.004602676,0.0040283864,0.0046715434,0.0048333053,0.004660033,0.0040368815,0.0049687102,0.004222526,0.0045769275,0.0036540048,0.0046159388,0.0043032076,0.0041114,0.0044890055,0.0043168897,0.0046040635,0.0029599331,0.004088139,0.004020353,0.0037236603,0.004032234,0.0038795397,0.0051164585,0.005002597,0.0048918463,0.0042389785,0.0045450605,0.004427972,0.004200435,0.005216678,0.004389474,0.004857,0.004835194,0.003540841,0.0048659854,0.0042875097,0.00456228,0.0033606747,0.0,0.004865866,0.005101694,0.0043720296,0.005123063,0.003623028,0.004908652,0.0042359475,0.0030514938,0.0050884625,0.005012911,0.005024879,0.0031995014,0.003863101,0.0048402613,0.004015024,0.0050587426,0.004737634,0.0045639016,1.0011483,0.0031400938,0.0049620843,0.004080606,0.0038188638,0.003267601,0.0038444255,0.0034890107,0.005051373,0.0048613343,0.004554593,1.0023804,0.0045457953,0.0037518693,0.004646646,0.003809267,0.003115651,0.004157795,0.004815304,0.0036019033,0.0048868484,0.0043686116,0.0038586983,0.0042267963,0.0034533085,0.0031723946,0.004253762,0.0029708066,0.0036473623,0.0033834802,0.0034539667
0.0047644083,1.0036793,0.0050033475,0.005009887,0.0049813166,1.0032734,0.0044622584,0.0050239707,0.004450561,1.0035906,0.0049986313,0.0050128163,0.005004052,0.004966769,0.0044663884,0.004973009,0.0044459472,0.0050204745,1.0035547,0.00445074,0.0048208367,0.0050019394,0.004915098,0.0047966256,0.0049362103,0.005011341,0.0049987105,0.004806314,0.0049790344,0.004858778,0.00492633,0.00461652,0.004982303,0.004817567,0.0048226295,0.0048436914,0.004812727,0.0049844333,0.004501924,0.0048010014,0.004798025,0.0046389434,0.004792495,0.0047253957,0.0050224373,0.005008815,0.0049882676,0.0048611276,0.004942142,0.0048854384,0.004808041,0.005030253,0.004891459,0.0049880333,0.0050149965,0.004588014,0.0050112926,0.0048261886,0.0049569295,0.0045213746,0.0050134743,0.0,0.0050045485,0.0048444876,0.005021075,0.0046096384,0.0050025405,0.004835287,0.004465755,0.0049703866,0.005008113,0.00502006,0.0044762976,0.004724816,0.0050222417,0.004783996,0.0050071455,0.00499055,0.0048706033,1.0032735,0.0044586486,0.0050027366,0.0048179943,0.004691667,0.004473903,0.0047023096,0.0045748926,0.00503136,0.0049915896,0.0049162274,1.0036191,0.0048799,0.004674204,0.004986269,0.0046919957,0.004824581,0.0048448476,0.0050070775,0.004615482,0.0049989414,0.0049204053,0.004723722,0.004842571,0.0045454935,0.0044909804,0.0048463047,0.0045084623,0.004643697,0.0045185657,0.0045521054
0.0045368467,1.0033752,0.004851549,0.0048593255,0.004846778,1.002698,0.004129108,0.00487201,0.0040909713,1.0032295,0.0048527624,0.0048631025,0.0048428853,0.004800139,0.004118286,0.004803187,0.0041164216,0.004875866,1.0031997,0.004119894,0.0046169525,0.004856996,0.004734308,0.0045741196,0.004761798,0.004852325,0.0048522344,0.004592789,0.004816471,0.0046634437,0.0047582574,0.004352409,0.0048500174,0.004619713,0.0046087783,0.0046514138,0.0046159644,0.004848528,0.0041036904,0.0045899963,0.0045763073,0.004371113,0.004574986,0.0044863224,0.0048696385,0.0048476993,0.004842039,0.004660238,0.0047657182,0.0047015175,0.004606696,0.004887767,0.0047106394,0.004843691,0.004862131,0.0043145493,0.0048634266,0.0046293233,0.004785023,0.004221326,0.0048553296,0.004867032,0.0,0.0046578916,0.004868004,0.004343829,0.004835481,0.004643259,0.0041127717,0.0048104413,0.00485058,0.0048637264,0.0041513825,0.0044938694,0.0048765694,0.0045681368,0.0048556295,0.004850608,0.004687295,1.0027369,0.004123873,0.004845437,0.004607908,0.004452067,0.0041512595,0.0044562174,0.0042958544,0.0048802523,0.004852141,0.004739318,1.003286,0.004701167,0.004422776,0.0048543224,0.004452668,0.0043854937,0.0046382556,0.0048499755,0.0043555,0.0048513305,0.0047433404,0.004484644,0.0046505528,0.004263315,0.0041697132,0.0046552983,0.004116553,0.0043839207,0.004226064,0.004261455
4.9181395e-05,1.0015128,0.0008938166,0.00078339066,0.0009472627,0.9976827,3.2541488e-05,0.0007318724,-6.3382076e-06,1.0011022,0.00084474275,0.000819149,0.00066637667,0.00049312395,-5.9931094e-06,0.00051931286,2.299628e-05,0.0008445188,1.0008435,2.025398e-05,7.2460185e-05,0.0008430408,0.0003858531,2.694368e-05,0.00041570136,0.0007052428,0.0008839997,6.0700397e-05,0.00053442735,8.541041e-05,0.00028541317,2.7143311e-05,0.0009765327,0.00011459171,3.958869e-05,0.000284845,0.0001436843,0.0009676897,1.977676e-05,-3.9067972e-06,4.149012e-05,3.5321387e-05,1.0812864e-05,-6.5950567e-06,0.00068253657,0.0006763716,0.00094693864,4.7855418e-05,0.00042517268,0.00031569612,0.000101401725,0.0007580268,0.0003813594,0.0009534226,0.00071951305,4.8939866e-05,0.0007839029,0.00021266313,0.00046010877,2.4197036e-05,0.0007147529,0.00091444596,0.0008486,0.0,0.0006963315,2.4660378e-05,0.00058175426,0.00025644232,3.0735162e-05,0.0005158285,0.0007771563,0.0007675361,-7.814223e-06,8.140708e-06,0.0008785048,2.5278667e-05,0.0006390355,0.0009853636,0.00024324501,0.99803716,2.8485092e-05,0.00067699887,-4.139807e-06,2.9251576e-05,3.2713522e-06,5.6009052e-05,-5.9119548e-06,0.0007525657,0.00091243663,0.00039485973,1.0012505,0.00035052135,8.152896e-06,0.000943648,-3.4772775e-06,2.7511529e-05,4.3845073e-05,0.00063433667,5.0468007e-05,0.0008584023,0.0004182182,5.7633362e-05,4.083644e-05,4.0030685e-05,-3.5802193e-06,0.00022867306,1.3720679e-05,1.2042384e-05,2.5764795e-05,-7.6199913e-06
0.0028405278,1.0022254,0.004409321,0.0043891952,0.004480472,0.99798506,0.00018571802,0.0043560145,4.993924e-05,1.0017151,0.00441421,0.0044016954,0.0042762104,0.004100327,-2.926895e-06,0.0041265916,0.00017447077,0.0044150986,1.0015072,0.00010607983,0.0034579588,0.004409809,0.0038951423,0.0029796513,0.0039790184,0.0043042963,0.0044322913,0.0030850056,0.0041628275,0.0034858142,0.0039281384,0.0016655842,0.0044850297,0.0035013733,0.0032522352,0.0036425206,0.0035149534,0.0044726636,3.654647e-05,0.0031897647,0.0030523604,0.0017470988,0.0030315905,0.0026145596,0.004322288,0.004311555,0.004444456,0.003405711,0.0039980407,0.003787536,0.0034550678,0.004407261,0.0038388302,0.004456179,0.004330565,0.0013637969,0.0043941434,0.003577586,0.004057269,0.0008088219,0.0043909056,0.004443105,0.0044175107,0.0036230674,0.0,0.0016972942,0.004262832,0.0036106154,4.2836902e-05,0.004115837,0.004394515,0.0043795942,0.000291752,0.0026276796,0.00442891,0.0029901136,0.0043000225,0.004472934,0.0037413475,0.9984926,4.413937e-05,0.0042982125,0.0032479847,0.002480513,0.00038041754,0.0024910069,0.0012669503,0.004389819,0.0044507924,0.0038895416,1.0018815,0.0037908603,0.0023427024,0.0048955395,0.0024852483,-1.0942221e-05,0.0033727284,0.0042757667,0.0016509092,0.0044145966,0.003919316,0.002647209,0.0034644622,0.0010885017,0.00030043226,0.0036480976,3.9300015e-05,0.0017683251,0.00089645584,0.0011892435
-0.001420454,0.99687165,-0.0025178848,-0.0025510283,-0.0026926738,0.9963346,-0.0012339816,-0.0024599507,-0.001277953,0.99686694,-0.0025691143,-0.0025191521,-0.002372177,-0.0021347564,-0.0012798262,-0.0021807167,-0.0012143622,-0.0025369565,0.99682474,-0.0011883504,-0.00174339,-0.0025699825,-0.0019009399,-0.0014741281,-0.0020228745,-0.0023889015,-0.0025907066,-0.0014623777,-0.0022474246,-0.0016043048,-0.0020464053,-0.0012471079,-0.0026799145,-0.0016646672,-0.001563174,-0.0017221371,-0.0016717749,-0.0026610405,-0.0015664959,-0.0015205173,-0.0014924642,-0.0012878446,-0.0014418396,-0.0013910731,-0.0024580653,-0.002441965,-0.002592907,-0.0016330971,-0.002004423,-0.0018201765,-0.0016386604,-0.0025799763,-0.001854318,-0.002621444,-0.002424097,-0.0011866767,-0.0025372512,-0.0016846962,-0.0021079916,-0.0011649481,-0.0025597839,-0.0025708152,-0.0025484592,-0.0017359237,-0.002434048,0.0,-0.0023987847,-0.0017095451,-0.0013419454,-0.0021402326,-0.0025462061,-0.0025323615,-0.0011780276,-0.0013409447,-0.0025429954,-0.0014606302,-0.0024382377,-0.0026219448,-0.0018686549,0.99644274,-0.0012023635,-0.0024148738,-0.0015013766,-0.0013214496,-0.0011724724,-0.0013482651,-0.0011827509,-0.0025330489,-0.0026314426,-0.0018921939,0.99686134,-0.0018296686,-0.0013140165,-0.0026956724,-0.0013044252,-0.0024196124,-0.0016206083,-0.0023481387,-0.0012535201,-0.0025777884,-0.0019423767,-0.0013470367,-0.0016461605,-0.0011605233,-0.0011743894,-0.0017538294,-0.0014622302,-0.0011891461,-0.0011674995,-0.0011688937
0.0024035291,1.0021942,0.0042479387,0.0042465143,0.0043814993,0.9974514,3.0238085e-05,0.004180587,4.4774326e-05,1.0016332,0.0042885873,0.004259262,0.004080546,0.0038840875,7.385961e-06,0.0039080265,-2.0770536e-05,0.004261612,1.0014704,-9.358668e-06,0.0032017252,0.004279554,0.00364184,0.0025361578,0.0037271532,0.004116817,0.0043214723,0.0026320457,0.0039494336,0.0031330315,0.0036947827,0.0014987807,0.0043824636,0.0031945715,0.0028903128,0.0032996114,0.003213425,0.0043722074,-7.7440845e-06,0.0027664376,0.00264834,0.0013172268,0.0025598374,0.0021621033,0.0041429177,0.004133002,0.0043187006,0.0030283916,0.0037547476,0.0035079333,0.0031751853,0.0042558606,0.0035610693,0.0043466752,0.004146118,0.000877523,0.0042522433,0.0032610185,0.0038473879,0.00020082961,0.0042387918,0.004313353,0.0042595062,0.003301714,0.00413735,0.0015168656,0.0,0.0033032293,2.3610499e-05,0.0038982981,0.0042510293,0.0042132363,3.0321953e-05,0.0021720857,0.004294714,0.0025459847,0.004127734,0.004367113,0.0034810787,0.9983008,-1.1248445e-05,0.0041166325,0.0028528636,0.002020307,5.317532e-06,0.0020477562,0.0007049672,0.0042199865,0.0043472974,0.0036310528,1.0018433,0.0034884727,0.0018577968,0.004405694,0.0020131527,8.371305e-06,0.0030234614,0.0040849433,0.0014549971,0.0042926245,0.00368444,0.0020752114,0.003135777,0.00053279084,5.732895e-05,0.003374967,3.581463e-05,0.0012097562,0.0003688589,0.0006505236
4.606226e-05,1.0015078,0.000828595,0.0007346112,0.000895336,0.99763864,4.3031846e-06,0.00067620503,1.7790051e-05,1.0010959,0.000787543,0.0007811467,0.000624852,0.0004664654,-1.0004892e-05,0.0004801734,1.485921e-05,0.0007802384,1.0008518,9.459996e-06,1.417482e-06,0.00080062315,0.00038843334,5.761242e-07,0.00037170862,0.00067113334,0.000825726,1.7946208e-05,0.00046897144,7.2776566e-05,0.00023827181,1.3142922e-05,0.0008971077,9.7110766e-05,3.7794885e-05,0.00022303099,0.000118308606,0.00088912493,-1.2953059e-05,5.4286185e-05,-1.6785741e-06,1.6670294e-05,4.041002e-05,4.4471406e-05,0.0006237335,0.0006370187,0.000868047,9.642449e-06,0.0004238845,0.00029461025,9.0062706e-05,0.0007036498,0.00034991864,0.00088570034,0.0006795304,3.9060298e-05,0.0007483483,0.00019041752,0.00045534328,2.391913e-05,0.000676595,0.0008656327,0.00078149064,0.00018587719,0.0006335697,3.4325087e-05,0.0005562952,0.0,2.1974814e-05,0.0004979691,0.00072296086,0.0007019055,3.572066e-05,1.4964704e-05,0.0008426252,1.2012487e-05,0.0005701963,0.00091863953,0.0002078462,0.99799275,3.977299e-06,0.0006232772,-7.346741e-06,3.3896915e-05,3.851731e-06,5.08797e-05,2.7571617e-05,0.00069839705,0.0008609637,0.00038208047,1.0012504,0.0002840675,-6.2246127e-06,0.00088188273,-2.2575966e-06,-4.4007907e-06,2.2385198e-05,0.0006001498,4.5671593e-05,0.00079749594,0.0003950506,1.4830685e-05,3.9647777e-05,1.7636621e-06,2.9442346e-05,0.00021926244,2.2426946e-05,-4.248835e-06,3.0379684e-05,1.4802585e-05
-0.00434146,0.9956897,-0.004606332,-0.0046247947,-0.0045915213,0.9952801,-0.0042669484,-0.004623946,-0.0043754587,0.99565214,-0.0046046274,-0.0046158545,-0.0046081906,-0.0045523336,-0.00431137,-0.0045636566,-0.004275199,-0.004618426,0.9956353,-0.004274078,-0.004456413,-0.004616005,-0.004486212,-0.004376524,-0.0045248005,-0.0046116235,-0.0046062255,-0.004374352,-0.0045736046,-0.004422779,-0.0045105033,-0.004262159,-0.004583345,-0.0043991567,-0.004415845,-0.00442006,-0.004393273,-0.0045878147,-0.004578258,-0.0043826536,-0.004396531,-0.0042941608,-0.0043627946,-0.004323631,-0.0046235635,-0.0046156812,-0.0045967987,-0.0044319862,-0.004515174,-0.004454521,-0.0043969085,-0.0046377783,-0.0044639693,-0.004589497,-0.0046185553,-0.004235604,-0.004614654,-0.0043956474,-0.004540769,-0.0042480924,-0.004632766,-0.004609008,-0.0046014693,-0.004415662,-0.00462242,-0.004272135,-0.0046113306,-0.004410684,0.0,-0.004546451,-0.0046217167,-0.004638025,-0.004265402,-0.0043165497,-0.0046169246,-0.0043457807,-0.004619446,-0.004584205,-0.0044562737,0.9953712,-0.004289209,-0.004617809,-0.0043745176,-0.0042994376,-0.004252101,-0.0043171844,-0.0042343424,-0.0046346253,-0.0045954324,-0.0044837752,0.9956637,-0.004453926,-0.0042959047,-0.004581554,-0.004297031,-0.00543696,-0.004433287,-0.0045997375,-0.004265162,-0.004614281,-0.004494156,-0.0043206047,-0.004412938,-0.004214511,-0.0042775637,-0.004430353,-0.0044860267,-0.004260964,-0.004230598,-0.004218876
0.0009634361,1.0022032,0.003209842,0.0031692085,0.0034144616,0.997758,2.555292e-05,0.0030797364,-5.9169965e-06,1.001692,0.003243604,0.003194251,0.0029466902,0.0026790872,-3.0834035e-06,0.0027308024,2.9955636e-05,0.003196947,1.0014558,-5.2557457e-06,0.0018030691,0.003226659,0.0024217188,0.0011452669,0.0025068168,0.0029992678,0.003291012,0.0012703323,0.0027395026,0.0018446452,0.0023872342,2.471007e-06,0.0034076737,0.0019079865,0.0015267925,0.0020821202,0.00193575,0.0033965735,-8.578475e-06,0.0013872372,0.00127421,0.00022799957,0.0011772771,0.0007040598,0.0030088588,0.0030057053,0.0033091533,0.0016658093,0.0025630377,0.002273375,0.001901447,0.0031530333,0.0023404942,0.003356819,0.003034873,5.627912e-05,0.0031731473,0.002033042,0.0026485033,3.3545362e-05,0.0031477818,0.0032895226,0.003202163,0.0020289007,0.0030095342,7.354062e-05,0.0029300738,0.0020591833,1.7045499e-05,0.0,0.003163345,0.0031085906,1.0071863e-05,0.0007268933,0.003254203,0.0011536787,0.0029751924,0.0033829398,0.0021992517,0.9983134,1.3235358e-05,0.0029850139,0.0015189097,0.00062133,3.319755e-05,0.00058367697,9.926768e-06,0.0031086334,0.0033334557,0.0024290618,1.0018772,0.0022533112,0.00041864792,0.0034325386,0.0006270547,2.5011665e-05,0.001666804,0.0029304742,-4.3711775e-06,0.0032474285,0.0024689762,0.00070811633,0.0018155391,1.0448812e-05,3.2474105e-05,0.0021201556,-5.2269893e-06,0.00018759473,-5.922478e-06,-1.0834934e-05
0.0041345633,1.0028342,0.0049372045,0.004926961,0.0046380707,1.0015326,0.0035104882,0.0048385896,0.0034057102,1.0026116,0.0046205167,0.0046673315,0.004564959,0.0048279096,0.0034368546,0.0049045887,0.0034911367,0.0049018627,1.0025188,0.0034530892,0.0043157144,0.004596285,0.0045156465,0.0041836747,0.004455456,0.004713244,0.004621068,0.0042013484,0.0048870584,0.0043276213,0.004469916,0.0038542773,0.0046413466,0.0043177535,0.0042457297,0.004303101,0.0043096947,0.0046306634,0.0033265208,0.004221382,0.0041909856,0.0039217537,0.0041885376,0.004052833,0.004956745,0.004959027,0.0049291807,0.0043407516,0.0044867955,0.0044150925,0.004279395,0.0050194734,0.0043900893,0.004607013,0.0046338323,0.0037849864,0.0047083437,0.004308934,0.004502402,0.0036561566,0.0046082423,0.0047118813,0.0049365074,0.004363393,0.0049535236,0.0038436803,0.004900928,0.0043168413,0.0033880335,0.0047972603,0.0,0.004948784,0.0035053121,0.004059426,0.004757424,0.0041688015,0.004919791,0.004637145,0.004357446,1.0016947,0.0034651677,0.004905452,0.004231497,0.0040074554,0.0035515474,0.0040206956,0.0037511692,0.0049460432,0.0046585877,0.004520957,1.0026851,0.004386431,0.0039635613,0.0046642623,0.004002831,0.0035175001,0.004287378,0.004785794,0.0038462582,0.004927573,0.00442867,0.004045299,0.004326086,0.003709493,0.0035140084,0.004329223,0.0033475778,0.003881382,0.0036555743,0.0037111088
0.0031924122,1.00204,0.004905356,0.0048922687,0.0049606427,0.9984187,0.00073749264,0.0048838444,0.00034704537,1.0014988,0.004907545,0.0049078786,0.004797744,0.004644039,0.0004329008,0.004665802,0.0007374791,0.004927789,1.0012399,0.0007020319,0.0040777214,0.004910301,0.004468503,0.0036609194,0.0045284647,0.0048314678,0.0049223085,0.0034540999,0.004695206,0.004152564,0.004477674,0.0019132905,0.004967115,0.004107194,0.0037011225,0.0042247083,0.004115528,0.004953458,5.1428196e-06,0.003525211,0.0034482274,0.001976762,0.003761354,0.003011699,0.0048452243,0.004831743,0.0049263015,0.0040638456,0.0045540184,0.004356196,0.004053798,0.0049181106,0.004397615,0.004946132,0.004847039,0.0016629989,0.0049038804,0.004168021,0.0046090637,0.0012855723,0.0048871427,0.0049423943,0.004919357,0.0042113005,0.0048511378,0.001889721,0.0047983187,0.0042026443,0.00025002862,0.0046717273,0.00489121,0.0,0.00082252757,0.0030078506,0.004940257,0.003340535,0.0048228735,0.0049646897,0.0042992607,0.99865013,0.00064591813,0.004817158,0.0038284732,0.00241417,0.00093019597,0.0028755583,0.0015822515,0.004907265,0.0049366937,0.0044692275,1.0016549,0.00435326,0.0022963043,0.004987501,0.0024759423,1.1432346e-05,0.0040084515,0.0048041823,0.0018787459,0.0049046786,0.0044749756,0.0026645267,0.004092754,0.0015030245,0.00090190035,0.0042342213,-2.1776113e-05,0.0019941698,0.0013230506,0.0015037014
-0.0032528858,0.99626833,-0.0037900582,-0.0038139531,-0.0038360946,0.99584407,-0.0031177052,-0.003784783,-0.00321375,0.9962516,-0.003808166,-0.0037977444,-0.003750478,-0.003638787,-0.0031725296,-0.0036582935,-0.0031187013,-0.0038016478,0.9962254,-0.0031288376,-0.0034332578,-0.0038111748,-0.003520031,-0.003287492,-0.0035818191,-0.003758313,-0.0038148153,-0.0032867787,-0.0036881885,-0.0033792553,-0.0035847777,-0.0031400798,-0.0038275514,-0.0033819184,-0.0033672545,-0.0034066264,-0.0033862668,-0.00382413,-0.003427295,-0.0033193962,-0.0033138865,-0.0031725704,-0.0032766706,-0.0032350568,-0.0037801429,-0.0037725696,-0.0038080034,-0.0033914528,-0.003576579,-0.003477281,-0.003364201,-0.00382506,-0.0034866864,-0.003813026,-0.0037699796,-0.003092371,-0.0038045805,-0.0033905013,-0.0036251564,-0.0030780088,-0.0038177771,-0.0038102283,-0.0037951346,-0.0034138924,-0.0037740958,-0.0031315207,-0.0037612424,-0.0034015577,-0.0032710934,-0.0036369225,-0.003809197,-0.0038124917,0.0,-0.0032010023,-0.003807357,-0.0032778338,-0.00377304,-0.00381141,-0.0034839252,0.9959449,-0.0031342525,-0.0037652268,-0.0033119777,-0.003187266,-0.0030999016,-0.0032108205,-0.0030882403,-0.0038108197,-0.0038179075,-0.0035185018,0.996253,-0.0034696218,-0.0031682372,-0.0038321351,-0.0031806629,-0.004338303,-0.0033860605,-0.0037360576,-0.0031388223,-0.0038132633,-0.0035464705,-0.0032076682,-0.0033826176,-0.0030869823,-0.0031101385,-0.0034310585,-0.0033762974,-0.0031152559,-0.0030724634,-0.003076532
-0.00041389398,0.99689686,-0.001853486,-0.0019017368,-0.0021206532,0.9963362,-0.00023073595,-0.001777433,-0.00024542646,0.99687636,-0.0019471429,-0.0018802587,-0.0016447967,-0.0013137074,-0.0002029802,-0.0013771625,-0.00021224441,-0.0018816924,0.996849,-0.00014725994,-0.0008555027,-0.0019352946,-0.0009954063,-0.00046228318,-0.0011610523,-0.0016572548,-0.0019749617,-0.00041061075,-0.0014660023,-0.0005974264,-0.0011662339,-0.00022858809,-0.0021052596,-0.0007042598,-0.00058669015,-0.00076361856,-0.00071227906,-0.0020766621,-0.00067489437,-0.0005387242,-0.000481991,-0.0003145794,-0.00042799395,-0.00037332566,-0.0017489512,-0.0017342516,-0.0019778477,-0.00065073074,-0.0011631959,-0.00091548427,-0.0006685231,-0.0019509677,-0.0009452145,-0.0020210445,-0.0017173635,-0.00013462776,-0.0019012939,-0.00071889744,-0.0012663525,-7.193912e-05,-0.0019591143,-0.0019446475,-0.00190284,-0.0007648588,-0.0017260056,-0.00019134,-0.0016823637,-0.0007481192,-0.00025384687,-0.0013089977,-0.0019148523,-0.0018614046,-0.00010024766,0.0,-0.0019014669,-0.00045216834,-0.0017310606,-0.0020210394,-0.0009376419,0.9964197,-0.00013072218,-0.0017066393,-0.00049845915,-0.00031327145,-0.00015518528,-0.00035500003,-0.00010816348,-0.0018792707,-0.002024162,-0.000984596,0.9968776,-0.0009022072,-0.00027322216,-0.0021376808,-0.00027384996,-0.0012160192,-0.00062989723,-0.001622238,-0.00021135808,-0.0019481264,-0.0010481523,-0.00034246422,-0.0006599467,-8.121541e-05,-6.921727e-05,-0.00081024464,-0.00037613185,-0.0001397273,-0.00010785358,-0.00011026905
0.0044724816,1.0033289,0.004807197,0.0048145787,0.004802861,1.0026158,0.0040519903,0.004829119,0.004028869,1.0032077,0.004807951,0.004822724,0.0047944486,0.004745253,0.004045797,0.0047522546,0.004052607,0.0048309388,1.0031437,0.004050917,0.0045766495,0.004811552,0.004687652,0.0045123496,0.0047060633,0.004807107,0.0048106285,0.0045246296,0.004758149,0.0046095694,0.004689484,0.0042817094,0.0048019565,0.004565261,0.0045615835,0.0045907744,0.0045616506,0.0048006196,0.0040258397,0.0045319516,0.004518195,0.0043142876,0.0045097643,0.0044227946,0.00481584,0.00479495,0.0047985623,0.004601032,0.0047180075,0.004646914,0.0045495452,0.0048396396,0.004655648,0.004803462,0.0048146546,0.0042387843,0.0048193126,0.0045755766,0.0047344123,0.0041483343,0.0048164204,0.004826097,0.0048142304,0.004594757,0.0048188227,0.0042806477,0.004791594,0.0045828274,0.0040197624,0.0047568395,0.0048082895,0.0048197466,0.004075586,0.004418574,0.0,0.004503078,0.0048043747,0.0048115575,0.0046216096,1.0026412,0.004047614,0.0047973436,0.0045494754,0.004382033,0.004087371,0.0043948153,0.0042163455,0.004832338,0.004803366,0.0046884255,1.0032406,0.0046406207,0.0043560234,0.004811529,0.004382771,0.004313311,0.004584446,0.0048000924,0.0042763143,0.004803758,0.004688013,0.004424629,0.0045863856,0.0041949227,0.004090587,0.004597997,0.004038596,0.0043183034,0.004150077,0.0041974797
-1.9556204e-05,0.9968031,-0.0012982757,-0.0013574146,-0.0016193055,0.9962541,-1.6851056e-05,-0.0011978716,8.381547e-06,0.99679214,-0.0014082766,-0.0013064218,-0.00100976,-0.00061526726,-2.4412944e-05,-0.0006674201,7.0284555e-06,-0.0013318997,0.9967486,-2.0006019e-05,-7.4696174e-05,-0.001394811,-0.0002562586,-6.5252675e-06,-0.00045070882,-0.0010298894,-0.001457051,-2.8760576e-05,-0.00079658447,-1.1696403e-05,-0.00043365496,-1.0389187e-05,-0.0016092383,-3.4846737e-05,-3.525703e-05,-4.5559227e-06,-2.866427e-05,-0.0015825225,-1.11789095e-05,-3.1404707e-05,1.4259922e-06,-2.7972459e-05,-2.7120232e-05,-2.5042384e-05,-0.0011605083,-0.0011236467,-0.0014669412,-2.1130596e-05,-0.00040299588,-0.00014486384,6.185908e-06,-0.0014044676,-0.00019953093,-0.0015049514,-0.0011039488,-5.3059066e-06,-0.0013441279,-3.680058e-05,-0.00054855115,3.0722788e-06,-0.0013895249,-0.0014013391,-0.001359911,-2.504648e-05,-0.0011326345,-1.993559e-05,-0.0010878481,-2.761309e-05,1.3015091e-05,-0.00061092887,-0.0013624844,-0.0013208541,-2.7093554e-06,-2.4416839e-05,-0.0013453609,0.0,-0.0011383106,-0.0015021093,-0.00018515822,0.99633765,-9.4236575e-06,-0.0010953579,-4.669586e-06,-6.611156e-07,-3.3005845e-06,-2.4653746e-05,-2.4852083e-05,-0.0013210102,-0.0015170864,-0.00024132074,0.9967831,-0.00017015186,-2.2437172e-05,-0.0016574125,-8.025734e-06,-0.00026289735,-8.092938e-06,-0.0009845512,3.6128733e-06,-0.0014172405,-0.00030467586,-3.1406921e-06,-1.117344e-05,-2.207247e-05,-2.4890163e-05,-5.3641368e-05,-1.5587535e-05,-4.623449e-06,-2.209459e-05,-5.01435e-06
0.002766289,1.0022244,0.004401179,0.004400089,0.004490245,0.99783194,4.033874e-05,0.0043431898,-7.5421262e-06,1.0016506,0.004421348,0.004404571,0.0042673717,0.0040866984,2.3378381e-05,0.0041162246,6.211581e-05,0.0044143647,1.001495,5.4354055e-05,0.0034741857,0.0044160904,0.0038688108,0.0028935075,0.003960568,0.0042892727,0.004439242,0.0029657397,0.0041578673,0.0034163583,0.003920423,0.0019271133,0.004492751,0.0034693223,0.0031848627,0.0035861563,0.0034695305,0.0044856137,-7.017846e-06,0.0030974515,0.0029664354,0.0016740896,0.0029244258,0.0025215968,0.004321439,0.004312848,0.0044457396,0.0033457961,0.0039810585,0.0037568836,0.003433465,0.0044106515,0.003799705,0.004460238,0.004317648,0.0012604423,0.0043966756,0.0035347464,0.0040502762,0.0006536395,0.0043987897,0.004441815,0.004415522,0.00356525,0.0043154545,0.0018234368,0.0042680576,0.0035581621,-1.6630123e-05,0.0040959897,0.0043947916,0.0043718135,0.00014149079,0.0025296363,0.0044271387,0.0029106024,0.0,0.004478018,0.0037290093,0.99844503,-2.1964603e-05,0.0042932364,0.0031638236,0.0024038095,0.00025105377,0.0024143695,0.0011301418,0.004386849,0.0044608186,0.0038621593,1.0018693,0.0037520882,0.002259147,0.0045112856,0.002387052,-8.078299e-07,0.003323358,0.004267607,0.0015249661,0.004426045,0.0039038404,0.0025036538,0.003429944,0.0009457084,7.476697e-05,0.003620027,3.9666873e-05,0.0016254336,0.0007629839,0.0010661342
0.005286402,1.0042518,0.005390955,0.005399749,0.0053501143,1.0041791,0.0051183715,0.005418817,0.005143207,1.0042115,0.005380991,0.00539929,0.005415909,0.0053908285,0.005146123,0.005394614,0.005097115,0.0054046446,1.0042062,0.005113437,0.0052904957,0.0053871125,0.005356849,0.0053124176,0.005373279,0.005415698,0.0053780316,0.005310324,0.0054001766,0.005331838,0.005369617,0.0051910756,0.00535032,0.0052882964,0.0053142114,0.005308281,0.0052849725,0.0053517944,0.005230891,0.0052981544,0.005302777,0.0051953224,0.005306601,0.00526048,0.005425115,0.0054169074,0.00536882,0.0053425576,0.005376921,0.0053363186,0.0052833715,0.0054149674,0.005340443,0.0053611323,0.0054165614,0.005174521,0.0053977305,0.005294844,0.0053851767,0.005140344,0.005403189,0.00539155,0.0053890445,0.0053128977,0.0054222206,0.0051837275,0.005411609,0.005300966,0.0051697763,0.005389873,0.0053960513,0.0054139793,0.0051308195,0.0052584345,0.00540133,0.0052984394,0.0054124286,0.0,0.005329168,1.0041487,0.005127242,0.0054082926,0.005310578,0.005236035,0.0051155593,0.005240224,0.005170221,0.0054241577,0.0053639454,0.0053546643,1.0042287,0.0053379443,0.005222581,0.005347334,0.0052342163,0.005584437,0.0053256564,0.0054151593,0.0051869773,0.005383225,0.005369008,0.0052496847,0.005320246,0.005149898,0.0051375227,0.0053084064,0.0052288324,0.0052084895,0.0051283287,0.0051469975
5.2166553e-05,1.002081,0.0016591199,0.001659714,0.0019114114,0.99747723,2.4634244e-05,0.0013076824,1.6327493e-05,1.0015092,0.0017074882,0.0016333451,0.0012435234,0.0010403547,1.9532294e-05,0.0011056833,-9.150604e-06,0.0016217052,1.0013746,2.2798036e-05,0.00028801535,0.001673366,0.000826891,-1.7436587e-05,0.0008896874,0.0012363063,0.0017485981,3.3071876e-05,0.0011389983,0.00028131163,0.00096863793,1.43256375e-05,0.0018939372,0.00042504485,8.05277e-05,0.0005687261,0.0004887504,0.0018884838,-7.2098214e-06,-1.58023e-05,4.8459456e-06,2.4368595e-05,2.2496899e-05,5.1585845e-05,0.0013004836,0.0012966474,0.0017692964,0.00022062717,0.00095566665,0.0007112509,0.0004390122,0.0014574592,0.0007499356,0.0018102942,0.0012783819,2.638308e-05,0.0016364929,0.00052299746,0.0010282976,2.5395888e-05,0.0015857469,0.0017063698,0.0016219107,0.0005256871,0.0013133684,8.025055e-06,0.0012329508,0.0005624449,-1.401003e-05,0.001054012,0.0015838107,0.0013701484,1.2202986e-05,5.5193672e-05,0.0016217305,7.1024317e-07,0.0012830547,0.0018348182,0.0,0.9981271,1.1869164e-05,0.0012793095,3.5661054e-05,-1.4863138e-05,1.8336343e-05,-1.0571141e-05,-1.32428595e-05,0.0013815138,0.0018189697,0.00081395736,1.0017742,0.0006978158,-1.232354e-05,0.0018976348,-8.204015e-06,-3.4855373e-07,0.00019079955,0.0012047372,-4.003249e-06,0.0017238774,0.0008691511,3.6956408e-05,0.0003975549,4.665229e-05,8.5509855e-06,0.000623707,2.896906e-05,3.3908318e-06,-2.595496e-06,-6.6798993e-06
-0.00070046127,1.0005124,-0.0006977174,-0.00071116956,-0.00067998114,0.99981606,-0.0008023424,-0.00071706163,-0.0009326209,1.0004196,-0.00071288616,-0.000679864,-0.00068881264,-0.0007267916,-0.00088477053,-0.0007004422,-0.0008408015,-0.0006962149,1.0004146,-0.00082163257,-0.00072035403,-0.0006898882,-0.0007184935,-0.0007117314,-0.0007010782,-0.0007246967,-0.0007213299,-0.00072244054,-0.0007212838,-0.00073058286,-0.0007106348,-0.00071663153,-0.0006888462,-0.0006644902,-0.00074829697,-0.00067743676,-0.0006522589,-0.00069023925,-0.0009922105,-0.0007814598,-0.00074059446,-0.00076200877,-0.000713868,-0.00072559906,-0.0007194974,-0.000711519,-0.0006652717,-0.0007076413,-0.0006854155,-0.000699615,-0.00064949837,-0.0007088007,-0.0006903634,-0.00066642225,-0.0007431146,-0.0007521826,-0.0007082711,-0.0006635423,-0.000710232,-0.00076602015,-0.0006896033,-0.00067827344,-0.0007125506,-0.00067477435,-0.000746858,-0.00069749536,-0.00069365045,-0.00066724874,-0.00093489856,-0.00073096016,-0.00068514945,-0.0007442315,-0.0008204328,-0.00074518,-0.00069516455,-0.0007383343,-0.0007109948,-0.0006745724,-0.00071284216,0.0,-0.0008567406,-0.0007348826,-0.0007044341,-0.0007246623,-0.00079941365,-0.0007440907,-0.00073575747,-0.00072534353,-0.00069813995,-0.0007410046,1.0004778,-0.00068322005,-0.00072681555,-0.0007008451,-0.0007011863,-0.0011263865,-0.0007317532,-0.0007232574,-0.00077473023,-0.00066768104,-0.00069265004,-0.0007528989,-0.00069837004,-0.00074075017,-0.0008020149,-0.00068610295,-0.00097431074,-0.0007451094,-0.0007619183,-0.000760914
-0.003717573,0.9960441,-0.004127665,-0.004148185,-0.0041483566,0.9956339,-0.0036022784,-0.0041309544,-0.0036932956,0.99602413,-0.0041372497,-0.004136093,-0.00410424,-0.0040221494,-0.0036538742,-0.0040342035,-0.0036000244,-0.0041398806,0.9959936,-0.0036247757,-0.0038566082,-0.0041427934,-0.003924029,-0.0037450127,-0.0039779022,-0.0041132458,-0.004138065,-0.003743546,-0.004063231,-0.003816465,-0.0039784294,-0.0036196325,-0.0041407696,-0.0038105408,-0.0038051398,-0.0038320832,-0.003813838,-0.0041385046,-0.003916859,-0.003771465,-0.003765653,-0.0036375846,-0.0037392587,-0.0036979096,-0.004128822,-0.0041212677,-0.004133971,-0.0038285584,-0.003970222,-0.0038903372,-0.0037998145,-0.004160327,-0.00389815,-0.0041331123,-0.0041226214,-0.0035829288,-0.0041385363,-0.003814305,-0.0040085046,-0.003568646,-0.0041539688,-0.0041400716,-0.004132264,-0.0038394562,-0.0041245725,-0.0036168827,-0.0041147014,-0.0038281174,-0.0037543257,-0.0040130564,-0.00414257,-0.0041503683,-0.003597003,-0.0036796003,-0.00414151,-0.0037345313,-0.00412386,-0.0041314927,-0.0038965156,0.9957289,0.0,-0.004116548,-0.003763301,-0.003660868,-0.0035815951,-0.0036828015,-0.0035819823,-0.0041517164,-0.004140644,-0.0039203754,0.9960265,-0.00388522,-0.0036488306,-0.0041405316,-0.0036576332,-0.004802445,-0.003825748,-0.004094032,-0.0036163332,-0.0041430234,-0.0039458843,-0.0036727204,-0.0038210077,-0.0035772056,-0.003606183,-0.0038533225,-0.0038450866,-0.0035997934,-0.0035700642,-0.0035559034
0.0025809242,1.002139,0.004374292,0.0043573445,0.00446471,0.9975905,2.700692e-05,0.0043101627,-6.824679e-06,1.0016116,0.004387642,0.0043705124,0.0042189555,0.0040185666,2.9959028e-05,0.004055937,3.1080453e-05,0.004377457,1.0013766,2.9578532e-05,0.003345253,0.0043775155,0.0037947653,0.0027582226,0.0038856314,0.0042490503,0.004410196,0.0028453555,0.004078081,0.0033243594,0.0038057936,0.0016753826,0.0044680987,0.00335278,0.003071975,0.0035112326,0.0033653001,0.004456714,-2.3229364e-05,0.0029717875,0.0028358041,0.0014648598,0.0027790868,0.0023371887,0.0042689634,0.004262164,0.004418353,0.003228542,0.0039166184,0.003672782,0.0033245184,0.0043706857,0.0037271744,0.0044303914,0.0042766533,0.0010519606,0.004358058,0.0034459706,0.0039764955,0.00041236382,0.00436702,0.0044116834,0.0043793786,0.003467742,0.004268277,0.0016689975,0.0042043957,0.0034696965,1.5207889e-05,0.0040334607,0.004357068,0.0043340856,3.903553e-05,0.0023384416,0.004402343,0.0027534552,0.004244499,0.004453142,0.0036203421,0.99827313,-1.5495876e-05,0.0,0.0030425517,0.0022112643,4.6521654e-05,0.0021963431,0.000889818,0.004343729,0.0044251983,0.0037903977,1.0017806,0.0036703488,0.0020311025,0.004480185,0.0022069428,-9.5110845e-06,0.0031968858,0.004215034,0.0012824914,0.004389873,0.0038273172,0.002352752,0.0033035607,0.0007054267,1.860515e-05,0.0035156438,3.1675863e-05,0.0014410473,0.0005413093,0.000887922
-1.0726264e-05,0.99675167,-0.0005287257,-0.00063046656,-0.0009562437,0.9962109,-8.050113e-06,-0.00041801858,4.682399e-06,0.99674416,-0.00069660536,-0.0005586054,-0.0002511543,-3.0439269e-06,6.2105137e-06,-1.9456278e-05,-1.8715573e-05,-0.0005851343,0.9966812,-1.6087313e-05,-1.6286465e-06,-0.00067239755,-2.2715854e-05,-1.0146795e-05,4.463612e-06,-0.00024344077,-0.00074596336,-1.1608771e-05,-5.9796082e-05,-2.1350057e-05,3.328165e-06,9.490137e-07,-0.00094085105,-1.169268e-05,-6.263099e-06,-7.433866e-06,-2.6007003e-06,-0.0008947692,1.7416389e-05,-2.2803715e-05,4.0422015e-06,-9.331254e-06,9.129765e-06,-1.239908e-05,-0.00044013772,-0.00039941067,-0.00073113845,-6.3130374e-06,-3.4843782e-05,-1.8279634e-05,-1.9044806e-05,-0.0007231762,-2.1598215e-05,-0.0007991586,-0.0003233475,9.329721e-07,-0.0006079136,-3.2155065e-05,-5.931623e-07,-1.8151048e-05,-0.00070668984,-0.0006578205,-0.00063496415,-1.7618014e-06,-0.0003854736,-2.627055e-05,-0.0003416699,5.4647023e-07,-1.3493605e-05,-3.810093e-05,-0.0006502849,-0.0005823377,4.751468e-06,-1.5404852e-05,-0.0005733319,4.1668854e-06,-0.000407255,-0.00078018336,-3.11648e-05,0.9962559,-1.928342e-05,-0.00035482208,0.0,1.2212839e-05,4.0839127e-06,-3.456766e-06,8.576512e-06,-0.0006002695,-0.00082319777,-3.676215e-05,0.99672264,-3.2094034e-05,-2.515281e-05,-0.0009886806,-2.4230232e-05,-1.224751e-05,-3.08466e-05,-0.00022100896,-7.6035717e-06,-0.0007025784,-2.7271866e-05,-1.8001852e-05,-1.2708781e-05,1.5530117e-05,1.4302338e-05,-2.4317613e-05,-1.5226522e-05,-2.028961e-05,-7.5517582e-06,8.081664e-06
-0.00055569876,0.9969159,-0.0019739913,-0.0020019552,-0.0022080138,0.9963524,-0.00030049094,-0.0018856952,-0.00034935633,0.99690765,-0.0020369042,-0.0019692914,-0.0017467972,-0.0014310165,-0.00031709007,-0.0014834164,-0.0002986042,-0.0019900666,0.99686635,-0.00028693807,-0.0009112295,-0.0020344132,-0.0011425857,-0.0006076523,-0.0012942752,-0.0017790723,-0.0020701792,-0.00061754865,-0.0015812616,-0.0007728739,-0.001303392,-0.00036876192,-0.0022014317,-0.0008495904,-0.0007207456,-0.0009187246,-0.0008579693,-0.0021713863,-0.00076866435,-0.0006845855,-0.0006356246,-0.0003873967,-0.00060524704,-0.0005219783,-0.0018612011,-0.0018396906,-0.0020848678,-0.0007977333,-0.0012637185,-0.0010382524,-0.0008079113,-0.0020365985,-0.0010866072,-0.002120824,-0.0018287102,-0.00029715014,-0.0019924785,-0.000873191,-0.0013865812,-0.00024165776,-0.0020144382,-0.0020413357,-0.0020117492,-0.00093619124,-0.0018380986,-0.00033658833,-0.0017945622,-0.0009019458,-0.00040501665,-0.0014402095,-0.0019973933,-0.0019765107,-0.0002626807,-0.00048090643,-0.0020007696,-0.0005925437,-0.0018402573,-0.0021227687,-0.0010762137,0.9964672,-0.00027411993,-0.001809246,-0.0006773899,0.0,-0.0002657678,-0.0004880256,-0.0002881912,-0.0019747876,-0.0021271054,-0.0011304409,0.9969057,-0.0010597713,-0.00043090098,-0.0022243152,-0.0004289914,-0.0013964968,-0.00078790553,-0.0017272155,-0.00037690255,-0.0020472368,-0.001184724,-0.00049336115,-0.0007948536,-0.0002541057,-0.00028482935,-0.0009562058,-0.0005135879,-0.00031827125,-0.0002569664,-0.00025839923
-0.003218489,0.9962841,-0.0037596577,-0.0037765144,-0.0038027044,0.99584544,-0.0030424467,-0.0037506747,-0.0031315086,0.9962665,-0.0037699167,-0.0037636275,-0.0037135258,-0.003604288,-0.003102664,-0.0036194948,-0.0030126935,-0.003768992,0.9962385,-0.0030742493,-0.0033823403,-0.0037765258,-0.0034801334,-0.0032463165,-0.0035511637,-0.0037241736,-0.0037764283,-0.0032599284,-0.0036540213,-0.0033504202,-0.0035391592,-0.0030802113,-0.0037975092,-0.0033452916,-0.0033199599,-0.0033811934,-0.0033498085,-0.0037864815,-0.0033454213,-0.0032868483,-0.0032758678,-0.0030976392,-0.003252935,-0.0031866406,-0.003748479,-0.0037384299,-0.0037747503,-0.0033547913,-0.0035322509,-0.0034389975,-0.0033253375,-0.0037918321,-0.0034538687,-0.0037784262,-0.0037369141,-0.0030500914,-0.0037646834,-0.0033536751,-0.003584649,-0.0030592834,-0.003779065,-0.003774894,-0.003762363,-0.0033906032,-0.0037401603,-0.0030898827,-0.0037185461,-0.0033677793,-0.0032104165,-0.0035973692,-0.0037682306,-0.0037772343,-0.0030690648,-0.0031872701,-0.0037695882,-0.0032490073,-0.0037392878,-0.0037783298,-0.003442189,0.99596375,-0.003080863,-0.0037286694,-0.003282706,-0.0031506957,0.0,-0.0031572864,-0.0030647253,-0.0037769317,-0.0037841965,-0.0034785583,0.99627095,-0.003440332,-0.0031373207,-0.0037950214,-0.003147443,-0.0042918357,-0.0033514104,-0.003698041,-0.0030860219,-0.00377707,-0.0035041838,-0.0031701617,-0.0033415798,-0.0030575744,-0.0031053864,-0.003390469,-0.0033069132,-0.0030854484,-0.0030416753,-0.0030293313
-0.0004448192,0.996898,-0.0019155603,-0.0019334418,-0.0021493032,0.99632525,-0.00014955968,-0.0018130791,-0.00019737003,0.9968798,-0.0019736162,-0.0019017234,-0.0016645654,-0.0013356645,-0.00020208179,-0.001396314,-0.00012714346,-0.0019260135,0.9968354,-0.00014782058,-0.0008110977,-0.0019717831,-0.0010336085,-0.00048440206,-0.0011937491,-0.0017035848,-0.0020009642,-0.0005022827,-0.0014821836,-0.0006769988,-0.0011825927,-0.00022178209,-0.0021398442,-0.0007341264,-0.00060202286,-0.0008166932,-0.0007383191,-0.0021065832,-0.00062325713,-0.00057274336,-0.0005243782,-0.00024756815,-0.0004809356,-0.00037926482,-0.0017988397,-0.0017680835,-0.002019255,-0.0006796279,-0.0011605445,-0.00092854985,-0.0007009605,-0.0019680352,-0.0009863138,-0.0020589135,-0.0017583334,-0.00016835495,-0.001920591,-0.0007683278,-0.0012978718,-0.00015913385,-0.0019445727,-0.001979607,-0.0019433793,-0.0008299352,-0.0017612186,-0.00020024703,-0.0017107126,-0.00079951953,-0.00028062225,-0.0013523148,-0.0019241619,-0.001903022,-0.00013343472,-0.00037318128,-0.0019367575,-0.0004983573,-0.001757884,-0.0020680479,-0.0009657689,0.9964637,-0.00014757122,-0.0017347177,-0.0005679153,-0.00032674172,-0.00010121004,0.0,-0.00016880714,-0.0019089192,-0.0020593475,-0.001029581,0.9968809,-0.0009579457,-0.00031065074,-0.002158124,-0.00031528526,-0.0012577487,-0.00067348,-0.001645527,-0.00021542169,-0.001984219,-0.0010879751,-0.00035633185,-0.00067899906,-0.00015521624,-0.00017851328,-0.00084550516,-0.00038285425,-0.00019313145,-0.00014423812,-0.00014448086
-0.0020937878,0.9967234,-0.002970641,-0.0029988266,-0.0030914103,0.99623716,-0.0019181977,-0.0029378256,-0.0020057042,0.99671453,-0.003009386,-0.0029812416,-0.0028694572,-0.0026882943,-0.0019562552,-0.0027190398,-0.0019208946,-0.0029868437,0.9966842,-0.0019270581,-0.0023853797,-0.0030096287,-0.002501377,-0.002132001,-0.0025990861,-0.0028842257,-0.0030231483,-0.0021215517,-0.0027742737,-0.002264182,-0.0025951613,-0.0019437833,-0.0030800581,-0.002307741,-0.0022393123,-0.0023373717,-0.0023083282,-0.003067743,-0.0022538572,-0.0021894597,-0.0021640933,-0.0019883572,-0.002121419,-0.002057497,-0.0029261964,-0.0029149896,-0.0030246917,-0.0022813648,-0.0025895147,-0.0024397608,-0.0022806614,-0.003019938,-0.0024599067,-0.003040942,-0.002911164,-0.0018809595,-0.0029913918,-0.0023137666,-0.0026627178,-0.0018511916,-0.0030130707,-0.0030154288,-0.0029909227,-0.0023460693,-0.002913448,-0.0019334313,-0.0028954197,-0.0023311847,-0.002056842,-0.0026860863,-0.0029958778,-0.002987646,-0.001875206,-0.0020154363,-0.0029970943,-0.0021214264,-0.0029159698,-0.0030419503,-0.0024482664,0.99634504,-0.001913786,-0.0029004992,-0.0021785584,-0.0020095247,-0.0018914235,-0.0020434295,0.0,-0.0029861284,-0.0030467398,-0.0024941857,0.99671173,-0.0024346912,-0.0019847362,-0.003095839,-0.0019937379,-0.0031404153,-0.0022767552,-0.002854765,-0.0019375773,-0.0030150707,-0.0025345015,-0.0020294457,-0.002286882,-0.0018621538,-0.0018810043,-0.0023754614,-0.002153761,-0.0019026942,-0.0018627065,-0.0018546678
0.0029387877,1.0022728,0.0049100188,0.0049052397,0.004973727,0.9984335,0.0011206465,0.004887829,0.00077359093,1.001764,0.004922786,0.0049203937,0.0048186667,0.0046775625,0.0008911835,0.0047011543,0.0011167824,0.00493503,1.001566,0.001073426,0.004214495,0.0049227863,0.0045077675,0.0033995495,0.0045737987,0.0048426227,0.004937866,0.0031576753,0.004723105,0.004221991,0.0045317193,0.0021390265,0.0049766577,0.004191519,0.0037739112,0.0042803315,0.004188106,0.004963575,0.00032017022,0.0036404016,0.0031692362,0.0022248856,0.003465153,0.0027791972,0.004867018,0.004847595,0.0049311914,0.00415412,0.0045919763,0.004407045,0.004152746,0.0049324427,0.0044459407,0.0049476884,0.004866772,0.0019127432,0.0049117133,0.00423225,0.0046438486,0.0015755331,0.004904949,0.004947231,0.0049267444,0.004269105,0.004862334,0.0021004458,0.004814368,0.0042613666,0.000693748,0.0046967086,0.004905387,0.0048998627,0.0011800744,0.0027672343,0.004944175,0.003087852,0.004840709,0.004966766,0.0043742647,0.99908787,0.001029692,0.004840176,0.0035001624,0.0025598607,0.0012645137,0.0026019393,0.0018345291,0.0,0.0049500153,0.0045119035,1.0019233,0.004405137,0.0024751432,0.004999387,0.0026377288,3.815274e-05,0.004101403,0.0048241816,0.0020915684,0.004916685,0.0045219734,0.0028065592,0.0041890074,0.0017686924,0.0012156282,0.0042936765,0.00045405983,0.002178478,0.0016026228,0.0017787608
0.0051772036,1.0041449,0.005300738,0.0053128907,0.0052701654,1.0040154,0.004992421,0.00532988,0.005009598,1.0040922,0.0052961856,0.0053109317,0.00532609,0.0053005475,0.005011977,0.0053019607,0.0049708355,0.005319336,1.0040894,0.0049804067,0.005195141,0.0053030928,0.0052644704,0.00520477,0.0052788965,0.0053225285,0.0052967886,0.005203209,0.005305792,0.005225871,0.0052783363,0.0050699823,0.0052684345,0.005184465,0.00520618,0.00520586,0.0051854504,0.005271904,0.0050930604,0.0051916265,0.005195711,0.0050853575,0.0051940414,0.0051479065,0.0053374167,0.005325287,0.005282581,0.0052372655,0.0052784123,0.005237943,0.00518645,0.0053318534,0.0052445712,0.0052787075,0.0053246696,0.0050517,0.0053131552,0.0051921406,0.005294534,0.0050139707,0.0053162375,0.0053064404,0.0053024604,0.005211998,0.0053305463,0.0050634355,0.0053208973,0.0052056652,0.0050264406,0.0052963174,0.0053125834,0.005324711,0.004997558,0.0051407963,0.005317344,0.0051857457,0.0053250366,0.005277762,0.005237286,1.0040005,0.00499377,0.005320002,0.0052063647,0.005119905,0.004988366,0.005131421,0.0050449898,0.005336158,0.0,0.005260279,1.0041159,0.005238191,0.0051129535,0.0052678823,0.005123453,0.0054417676,0.0052240193,0.0053224103,0.0050721425,0.005299758,0.0052735214,0.005133266,0.005221011,0.005023603,0.0050028875,0.0052103,0.005082666,0.005087231,0.0050075655,0.005020262
4.5673307e-05,1.0023055,0.0020673084,0.0019956715,0.0022631688,0.99756724,-1.3079597e-05,0.0018896862,4.5232687e-06,1.0018827,0.0020949244,0.0020491078,0.0017454313,0.0014589876,2.064337e-05,0.0015342054,2.14707e-05,0.002037161,1.0015774,-1.5733816e-05,0.0005182457,0.002071093,0.001251071,0.00011614148,0.0012978736,0.0018027929,0.0021334253,0.0002487324,0.0015157588,0.00072714704,0.0011395729,-9.05536e-06,0.0022651732,0.0007714396,0.0004345035,0.0009720694,0.00081777497,0.0022663372,2.2999524e-05,0.0003220184,0.00020803239,5.44381e-06,0.00017045611,9.6772e-06,0.0017607848,0.0017757586,0.0021840055,0.0005483815,0.0013745433,0.0011088641,0.00076465384,0.001950552,0.0011713196,0.002230669,0.0018442441,3.0594107e-05,0.00200042,0.00092372124,0.0013993861,1.7433764e-05,0.0019638755,0.0021576968,0.0020365217,0.0008907803,0.0017876299,1.38903015e-05,0.0016780617,0.00092041254,1.7554468e-05,0.0014910401,0.0019764951,0.0019392463,2.9234832e-05,8.149988e-06,0.0021087641,0.00011136877,0.0017423808,0.0022676196,0.0009950453,0.99806654,2.6403639e-05,0.0017752005,0.0004616914,2.407954e-05,2.4962503e-05,8.214908e-06,-3.249437e-06,0.0019142071,0.002176691,0.0,1.0020297,0.0010972888,5.181084e-05,0.0022805342,4.6365243e-05,-1.08307995e-05,0.00053345383,0.0017226957,-3.5089602e-06,0.002093062,0.0012740672,5.9753e-05,0.00066235353,-3.3440906e-06,-2.31311e-06,0.00095806405,8.284938e-07,5.4384458e-05,-4.3701225e-06,1.3158626e-05
0.00041252596,1.0017731,0.0007846999,0.0007813682,0.0008387257,1.0011907,0.00014160537,0.0007254326,4.4316865e-05,1.0017048,0.0007957731,0.00079478696,0.00070719654,0.0006406154,7.3240706e-05,0.00066892215,0.00013197862,0.0007882009,1.0017014,0.00012918736,0.00051233894,0.00081233314,0.00059369375,0.00042838143,0.00062770536,0.0007032574,0.0007944392,0.00044012628,0.00066557137,0.0004971478,0.0006080122,0.00032894497,0.0008301964,0.000545122,0.000456699,0.00055206695,0.0005571171,0.0008277717,-5.5966684e-05,0.00041915008,0.00042458306,0.00031920825,0.00043250725,0.00038699244,0.00071473524,0.00071415154,0.00082434213,0.0004986578,0.0006326972,0.00057799916,0.0005465129,0.0007769565,0.00058407604,0.0008373901,0.0007074732,0.00026895356,0.0007798171,0.0005554267,0.000633689,0.00021364579,0.0007753314,0.00081633416,0.0007875705,0.00055137265,0.00069755514,0.0003397594,0.0007156555,0.0005525371,3.2740878e-05,0.0006423951,0.0007936621,0.0007315016,0.00015064924,0.0003735877,0.0007984443,0.00041101925,0.0007247459,0.0008323367,0.00056302454,1.0013018,0.00010723541,0.0007076946,0.00045734513,0.00036504996,0.00016769851,0.0003615691,0.0002722288,0.0007334925,0.00082267384,0.00057929906,0.0,0.0005809714,0.00035393707,0.00082741556,0.00038019495,-0.00026506672,0.00048574636,0.00068800175,0.00029215598,0.0008217549,0.00060912187,0.00037057674,0.00051178545,0.00025965986,0.0001472655,0.0005607932,-1.594036e-05,0.0003115196,0.00023314689,0.000248646
5.355964e-06,1.0020703,0.0017078111,0.0016109382,0.0018832567,0.9976481,-8.808447e-06,0.0014349037,1.9236766e-05,1.001652,0.0016929094,0.0016642165,0.0013125369,0.0010671894,2.2066364e-05,0.0011150335,8.790211e-06,0.0016581201,1.001357,-4.19017e-06,0.00028072475,0.0016749117,0.0008800805,3.647793e-05,0.00096568256,0.0013521306,0.0017698095,5.3757325e-05,0.0010987222,0.00045431827,0.00076162635,1.246297e-05,0.0018899044,0.0004892872,0.00018268659,0.0006969993,0.0005165351,0.0018961235,-1.4653115e-06,0.000122244,2.8905928e-05,2.7292981e-05,1.7085371e-05,2.183959e-05,0.0013306509,0.0013344827,0.001853248,0.00030971,0.0009805417,0.0007744313,0.0004875299,0.0015810438,0.0008339415,0.0018616507,0.0013953437,-3.5330718e-06,0.0016073232,0.0006168714,0.0010131,-6.58911e-06,0.0015892597,0.0017649478,0.001671013,0.0006251234,0.0013504493,-7.012102e-07,0.0012207231,0.00062676094,3.223248e-05,0.0010892435,0.0015747489,0.001441592,1.787371e-05,6.102873e-05,0.0017226622,3.6489386e-05,0.0013030816,0.0019053868,0.0006704824,0.99809045,1.2053308e-05,0.0013357926,0.00022652105,6.423658e-05,-4.9610417e-06,3.6520072e-05,4.7601974e-05,0.0014202532,0.0018193049,0.00088284205,1.001801,0.0,1.7591117e-05,0.001910804,1.3894535e-05,1.722084e-05,0.0002909211,0.0012929459,2.5878195e-05,0.0017007146,0.00089444825,3.081349e-05,0.0003927778,2.6124586e-05,-8.893599e-06,0.00063908315,3.28321e-05,2.6554326e-05,2.6279726e-05,3.068857e-05
-0.0008169206,0.9969355,-0.0021364402,-0.002163609,-0.0023485473,0.996369,-0.0005874984,-0.002065259,-0.0006605744,0.9969248,-0.002196581,-0.002140423,-0.0019375565,-0.0016503689,-0.0006143874,-0.0016968107,-0.0005869236,-0.0021523358,0.996889,-0.0005992141,-0.0011647334,-0.0021918544,-0.0013761057,-0.0008574519,-0.0015162241,-0.0019697272,-0.0022226258,-0.000857617,-0.00178748,-0.0010358415,-0.0015086463,-0.00064713723,-0.0023362944,-0.0011056268,-0.0009908581,-0.0011601065,-0.0011087243,-0.0023134944,-0.0009944733,-0.00094695593,-0.00088694354,-0.00066502654,-0.00086228235,-0.0007782212,-0.0020310362,-0.0020121587,-0.002235983,-0.0010501901,-0.0014999321,-0.0012917285,-0.0010588894,-0.0021922376,-0.0013248906,-0.0022692466,-0.0020162528,-0.0005658984,-0.002157469,-0.0011285685,-0.0016023567,-0.0005087313,-0.002190353,-0.0022018761,-0.0021671196,-0.0011709509,-0.002016575,-0.0006188204,-0.0019784481,-0.0011486588,-0.0007332185,-0.0016478521,-0.0021605445,-0.0021378316,-0.00053960545,-0.00072624185,-0.0021694202,-0.00086279796,-0.0020176233,-0.0022712075,-0.0012972107,0.99649125,-0.0005679756,-0.0019918622,-0.00093873957,-0.0007201488,-0.00055346615,-0.00075669045,-0.0005541068,-0.0021410557,-0.0022655998,-0.0013654989,0.99692005,-0.0012920807,0.0,-0.002362584,-0.0006957079,-0.0017263702,-0.0010363586,-0.0019254771,-0.0006343197,-0.0022034654,-0.0014176968,-0.0007607886,-0.0010489438,-0.0005378348,-0.00055713527,-0.0011961675,-0.000809681,-0.0005970727,-0.0005330665,-0.0005380191
0.005599413,1.0045669,0.0056377477,0.0056517017,0.005591914,1.0046022,0.005481371,0.005676086,0.0055120206,1.0045433,0.0056291507,0.005646499,0.00567941,0.0056632673,0.0055131856,0.0056645963,0.005463848,0.00565347,1.0045483,0.005476995,0.005585813,0.005637083,0.0056357346,0.0056195823,0.005648668,0.0056754993,0.005627155,0.0056103715,0.005666221,0.0056219813,0.00564859,0.0055217952,0.005589655,0.005577247,0.005611084,0.00559382,0.0055779945,0.0055963215,0.0056173378,0.005596255,0.005607586,0.0055224355,0.0056083584,0.0055756615,0.0056851176,0.00567821,0.0056134886,0.005636887,0.0056488137,0.0056197527,0.0055806404,0.005667506,0.005621202,0.005605809,0.0056745927,0.00551461,0.0056475294,0.005582306,0.0056582596,0.005487889,0.005657746,0.005640829,0.0056354515,0.0056033265,0.005680481,0.005513599,0.0056743273,0.0055913427,0.005540753,0.0056563346,0.0056485,0.005668155,0.0054950076,0.0055718506,0.005650398,0.0056012645,0.0056758495,0.0056039128,0.0056155636,1.0045675,0.0054883817,0.0056704,0.005608112,0.005552351,0.005472637,0.005562135,0.0055104895,0.0056792814,0.0056127817,0.005632799,1.0045577,0.0056196363,0.00554953,0.0,0.0055574267,0.0059560807,0.005624561,0.0056776386,0.0055170604,0.0056357095,0.005646338,0.0055598742,0.0056123086,0.005493655,0.0054956484,0.0055955634,0.0055997013,0.005534931,0.0054791006,0.0054839915
-0.0005966427,0.9969261,-0.0019894792,-0.0020283316,-0.0022316438,0.9963602,-0.0003721591,-0.0019093015,-0.000420297,0.9969192,-0.002062413,-0.0019961875,-0.0017771464,-0.001470094,-0.0003749623,-0.0015211648,-0.00036361246,-0.002012129,0.99687684,-0.00034196783,-0.0009843361,-0.0020589302,-0.0011729916,-0.0006490947,-0.0013289531,-0.0018008846,-0.0020939654,-0.0006338074,-0.0016208483,-0.00080136454,-0.0013392282,-0.00042481042,-0.0022229182,-0.0008931174,-0.00076320866,-0.0009513483,-0.00089530664,-0.0021963106,-0.0008363828,-0.00072309625,-0.00067398994,-0.00044553934,-0.00063373137,-0.00056235463,-0.0018893889,-0.0018634199,-0.002105916,-0.0008406888,-0.0013018574,-0.0010837846,-0.0008514138,-0.0020637435,-0.0011208233,-0.002142004,-0.0018523016,-0.0003466821,-0.0020197087,-0.0009116245,-0.0014213114,-0.00027799787,-0.0020574122,-0.0020629342,-0.002035091,-0.0009698317,-0.0018654421,-0.0003872993,-0.0018259427,-0.0009364549,-0.00046955002,-0.0014652666,-0.0020280657,-0.0019965908,-0.0003187632,-0.0005101377,-0.0020249723,-0.00063631654,-0.0018713782,-0.0021419032,-0.0011161744,0.99646306,-0.00032962998,-0.0018422062,-0.0007030414,-0.0004965816,-0.0003248243,-0.0005409863,-0.0003332992,-0.002003153,-0.0021483258,-0.0011582316,0.9969144,-0.0010902784,-0.00047452532,-0.0022498383,0.0,-0.001465484,-0.00082497735,-0.0017564116,-0.00041432754,-0.0020733022,-0.0012179757,-0.0005319054,-0.00083994324,-0.0002890141,-0.00031234842,-0.0009898503,-0.00056476326,-0.00035200687,-0.00030295324,-0.0002973709
-0.005613369,0.99487585,-0.0056628897,-0.005680579,-0.0055982657,0.99444413,-0.00557939,-0.0056980024,-0.005672138,0.9948181,-0.0056529706,-0.0056704967,-0.0057008457,-0.0056844945,-0.0056366287,-0.0056856456,-0.005589747,-0.0056741047,0.9947907,-0.0056089126,-0.0056307917,-0.0056610885,-0.005654027,-0.0056257024,-0.005670178,-0.005703655,-0.005644536,-0.0056283916,-0.0056932853,-0.0056422614,-0.0056728134,-0.0055757314,-0.0055931956,-0.005604817,-0.005654717,-0.0056092623,-0.0056026676,-0.005601497,-0.0058434866,-0.0056266575,-0.005636826,-0.005585761,-0.0056203795,-0.005609326,-0.0057004406,-0.005697608,-0.005629713,-0.005648979,-0.0056687742,-0.0056412467,-0.005600196,-0.0056914603,-0.005636764,-0.00561601,-0.0057021664,-0.0055558155,-0.0056726807,-0.0056034476,-0.0056812135,-0.0055572307,-0.005686717,-0.0056534787,-0.005653693,-0.005614196,-0.0057032993,-0.0055795982,-0.00570327,-0.0056089936,-0.0057177157,-0.005677508,-0.0056768996,-0.005702583,-0.005581306,-0.005598348,-0.0056698075,-0.005612299,-0.005701395,-0.005609858,-0.0056377673,0.9945293,-0.0056081004,-0.0056994264,-0.0056216954,-0.005587075,-0.005582251,-0.0056015514,-0.005555845,-0.005698929,-0.0056239394,-0.0056514326,0.99483573,-0.005630507,-0.005580421,-0.0055850428,-0.0055858796,0.0,-0.005652837,-0.0056953933,-0.0055753654,-0.005657808,-0.005661937,-0.005593725,-0.0056284363,-0.005557658,-0.005593999,-0.0056219795,-0.0057951724,-0.0055672093,-0.005552841,-0.005546371
-9.269343e-06,0.9967727,-4.1197516e-05,-3.910014e-05,-3.6572463e-05,0.99615806,-7.6690856e-07,-2.5644765e-06,-1.387012e-05,0.99674284,-5.356075e-06,7.578604e-06,-1.0660043e-05,-1.6353688e-05,-2.1265205e-05,1.2293651e-05,-1.8638737e-05,-2.957781e-05,0.99667853,-1.0820582e-06,-2.1187387e-05,-2.2763112e-05,-2.6844744e-05,2.336054e-06,-1.7771354e-05,-3.552384e-05,-3.7563717e-05,-1.1673229e-05,-1.8461395e-05,-2.4788305e-06,-2.112616e-07,-2.2485096e-05,-3.0682295e-05,7.9513775e-06,1.0280214e-05,2.2760753e-06,4.5661654e-06,-2.9857336e-05,1.0649004e-05,-1.8042909e-05,-1.6594458e-05,-1.701251e-05,-1.7767366e-05,1.1185938e-05,-2.9127812e-05,6.0949587e-06,-1.2420549e-06,-1.541549e-05,-1.9362004e-05,1.1696673e-05,-3.657819e-06,-3.0550415e-05,1.1239366e-05,-1.2638946e-05,-9.30297e-06,6.2713416e-06,-3.092419e-05,4.0490204e-06,-9.280116e-06,7.11521e-06,-8.3078485e-06,-2.6174446e-05,-1.5284686e-05,-2.4752062e-05,2.1588796e-06,-7.5300836e-06,-3.4176996e-05,1.3905772e-05,9.878604e-06,-1.953447e-05,-5.0695967e-06,-3.5103953e-05,1.047407e-05,-1.8617235e-05,-1.7522254e-05,-3.8777256e-07,-1.2053086e-06,-1.36318895e-05,8.5047617e-07,0.99623847,4.3313025e-06,-6.7232936e-06,-2.1663966e-05,-1.1514085e-05,-8.500241e-06,-6.795983e-06,4.8386155e-06,4.765225e-06,-4.4401163e-06,-3.7854402e-06,0.99673295,-4.2010383e-06,-4.1495427e-06,-2.1436414e-05,-2.1427284e-05,-1.9495932e-05,0.0,6.7375863e-06,4.247966e-06,-6.807414e-07,-1.7310858e-05,6.3138004e-06,-1.2466728e-07,1.39209615e-05,2.1101443e-05,1.0375949e-05,1.13926335e-05,-1.1266595e-05,1.9322995e-05,3.2079179e-06
0.002202494,1.0022612,0.0041235466,0.0041042315,0.0042700614,0.9975105,3.063936e-06,0.004038566,3.752815e-05,1.0013669,0.004152962,0.00412366,0.0039363834,0.0037105912,8.126053e-07,0.0037551543,4.331619e-06,0.0041276435,1.0011196,2.5491903e-05,0.0029690876,0.0041367346,0.0034768588,0.0023630408,0.0035611158,0.0039715776,0.004174167,0.0024430528,0.0037756711,0.0029676573,0.0034794551,0.0012932351,0.004266994,0.0030050192,0.0027180186,0.0031625333,0.0030352096,0.004253045,3.472073e-05,0.002604329,0.0024535835,0.0011695311,0.0023971733,0.0019595756,0.003979597,0.0039783292,0.0041933083,0.0028521526,0.0036060116,0.0033505443,0.0029731174,0.0041071367,0.0033924873,0.0042197583,0.004002435,0.00070929737,0.0041094595,0.003109121,0.0036689895,4.455299e-05,0.0041122073,0.004184071,0.004123557,0.0031290103,0.003986411,0.0013174274,0.0039151115,0.0031371517,3.031067e-05,0.0037272386,0.004103367,0.0040647727,2.9075156e-06,0.0019110051,0.004165312,0.0023865837,0.003963542,0.0042489544,0.003273656,0.99872845,3.003443e-05,0.0039643655,0.0026942405,0.0018453907,2.8501338e-05,0.0018382622,0.0005298531,0.0040704687,0.0042059207,0.0034705587,1.0015266,0.0033319988,0.0016321928,0.004290781,0.0018275097,-2.5538561e-06,0.0028259428,0.0,0.001263002,0.004149888,0.0035047764,0.001979217,0.0029406636,0.0004126803,-1.4252736e-05,0.003186871,2.5782638e-05,0.0014535582,0.00030785336,0.0007052508
-0.001481926,0.9968595,-0.0025538343,-0.0025844523,-0.0027184843,0.99633723,-0.0012135601,-0.002496607,-0.0013072016,0.9968469,-0.0026077875,-0.002561242,-0.0024107073,-0.002180492,-0.0012634957,-0.0022162455,-0.0011965259,-0.0025706561,0.99680454,-0.0012362715,-0.0018713368,-0.0026027074,-0.0019457923,-0.0015099978,-0.002077459,-0.0024308045,-0.002624823,-0.0014877527,-0.0022787494,-0.0016627953,-0.0020377508,-0.0012593289,-0.002704405,-0.0017304095,-0.0016301626,-0.0017659435,-0.0017144745,-0.0026878156,-0.0015756944,-0.001590149,-0.001560652,-0.0013197289,-0.0014951266,-0.0013986769,-0.002495733,-0.0024748014,-0.0026275774,-0.001680796,-0.0020483113,-0.0018733981,-0.0016945333,-0.0026085062,-0.0019078534,-0.0026486898,-0.0024639834,-0.001223878,-0.002566838,-0.0017308131,-0.0021534425,-0.0012434613,-0.002604436,-0.002608641,-0.002575233,-0.0017759608,-0.0024725576,-0.0012879432,-0.0024408663,-0.0017535286,-0.0013620056,-0.0021779612,-0.0025785898,-0.0025601175,-0.0012193937,-0.0013996224,-0.0025804602,-0.0015198804,-0.0024683857,-0.0026572426,-0.0018851347,0.99646205,-0.0012380896,-0.0024564976,-0.0015603441,-0.0013864605,-0.0011797254,-0.0013868002,-0.0012322781,-0.002563797,-0.0026557841,-0.001941582,0.9968474,-0.0018783108,-0.001353341,-0.0027214526,-0.0013629148,-0.002443461,-0.0016807207,-0.0023947526,0.0,-0.0026109233,-0.0019912324,-0.0013601558,-0.0016859275,-0.0012173137,-0.0012283961,-0.0017991315,-0.0014480612,-0.0012337054,-0.0012144628,-0.0011713152
0.0047168937,1.0036242,0.004961453,0.0049725263,0.0049491636,1.0031569,0.004394538,0.004984664,0.0043863524,1.0035173,0.004962647,0.0049732146,0.0049659773,0.004927228,0.0043991646,0.0049315565,0.0043840297,0.0049818964,1.0034964,0.0043895966,0.004783209,0.004966912,0.004875944,0.004750123,0.0048921574,0.004971452,0.004965464,0.0047544753,0.004940045,0.004809973,0.0048891227,0.00456077,0.004948478,0.004770336,0.0047712117,0.004794554,0.004767809,0.004950787,0.004422405,0.0047534956,0.0047444217,0.004584046,0.004743664,0.004672033,0.0049847052,0.0049688946,0.0049508493,0.0048147202,0.004895868,0.0048413686,0.0047671692,0.0049963975,0.004846868,0.0049503823,0.00497704,0.0045274664,0.0049743704,0.0047776448,0.0049146004,0.0044570975,0.004976522,0.0049745,0.0049687284,0.0048013995,0.004980406,0.0045536878,0.004962282,0.004789357,0.0044016102,0.004927359,0.0049705724,0.004979812,0.0044106552,0.0046713743,0.0049848855,0.0047358526,0.004973364,0.004954053,0.0048313313,1.0031879,0.004387179,0.0049655493,0.0047666035,0.004637314,0.004409306,0.0046471916,0.0045140553,0.0049905754,0.0049575847,0.0048709125,1.003559,0.004841303,0.0046197055,0.004953883,0.004636843,0.004739232,0.0047982074,0.004965387,0.0045550237,0.0,0.0048806285,0.0046617375,0.004800244,0.004489402,0.00441546,0.004801312,0.004418745,0.004583558,0.004457923,0.004483941
8.1589475e-05,1.0023383,0.002258708,0.0021963106,0.0025494192,0.9975957,1.3503098e-05,0.0021095225,-1.1600252e-05,1.0018909,0.0023627195,0.002237718,0.0019945723,0.0016990291,4.876355e-06,0.0017837328,7.456261e-06,0.0022329267,1.0016633,-1.3367163e-05,0.0008092275,0.0022595846,0.0014707576,0.00022225556,0.0015378862,0.002057755,0.0024100572,0.0003419849,0.0017771391,0.00086623547,0.0014146697,3.512955e-05,0.002543908,0.0009353283,0.0005630448,0.0011081699,0.0009591397,0.0025312353,2.9689008e-05,0.0004500181,0.00033034093,-2.9069513e-06,0.00027450325,7.589531e-05,0.0020349934,0.0020490042,0.002446585,0.00068314513,0.0015924135,0.0013263588,0.00091564265,0.0021660784,0.0013987318,0.0024928085,0.002069332,9.000169e-06,0.0022034366,0.0010615335,0.0016974985,1.1575418e-05,0.0021588267,0.0024221824,0.002233969,0.0010389655,0.0020466044,1.3247194e-05,0.0019345619,0.0011348282,-1.5099014e-05,0.0017285384,0.002175215,0.002122448,2.0366571e-05,7.168815e-06,0.002300676,0.00024829022,0.0019933684,0.0025252122,0.0012357323,0.9981435,1.0312409e-05,0.002009667,0.00058438285,2.9650406e-05,1.0372142e-06,-6.5532836e-06,4.8631122e-05,0.0021282358,0.0024571128,0.0014822416,1.0020653,0.0013139845,5.071026e-05,0.002566057,4.3330212e-05,-1.5541314e-05,0.0006775644,0.001979043,2.5571188e-05,0.0023708483,0.0,8.165456e-06,0.00082249683,-1.817354e-06,3.4477394e-05,0.0011854818,8.887251e-06,1.842548e-05,-1.554103e-05,4.008861e-05
-0.00040945894,0.996878,-0.0018265536,-0.0018929498,-0.0021138398,0.9963447,-0.00010797294,-0.0017313084,-0.00013120037,0.9968879,-0.0019313174,-0.0018398699,-0.0016097566,-0.0012947749,-0.00012372561,-0.0013336097,-0.00010929531,-0.0018646216,0.99680513,-0.0001143215,-0.00086894847,-0.0019254377,-0.00096196024,-0.0004204546,-0.0011446296,-0.0016323436,-0.0019582415,-0.00038259,-0.0014473217,-0.00057663,-0.001162001,-0.00016376952,-0.0020822226,-0.0007069021,-0.0005453917,-0.0007128197,-0.0006842922,-0.0020666644,-0.0005773225,-0.0005059615,-0.00047096433,-0.00022934837,-0.0003840281,-0.00032000142,-0.0017483195,-0.0017229804,-0.001958128,-0.00060985226,-0.0011014254,-0.00087261404,-0.0006607777,-0.0019241007,-0.00092031586,-0.0019990953,-0.0016826096,-0.000118197284,-0.0018735215,-0.0006894127,-0.0012676277,-9.37541e-05,-0.0019138282,-0.0019215872,-0.0018841714,-0.000753611,-0.0017063043,-0.00017166711,-0.0016907636,-0.00073632295,-0.00026540054,-0.001289899,-0.0018819048,-0.0018362058,-7.834938e-05,-0.00031242444,-0.0018748884,-0.0004452441,-0.0017192347,-0.0020041892,-0.0009385679,0.99643904,-8.5936845e-05,-0.0016852125,-0.00046926455,-0.00029020352,-8.55673e-05,-0.00030993216,-0.00010929131,-0.0018488239,-0.0020236748,-0.000954488,0.99685884,-0.00087664946,-0.00027658456,-0.0021212697,-0.0002641945,-0.0011511601,-0.0006236256,-0.001592904,-0.00013834541,-0.0019456502,-0.0010325905,0.0,-0.00065137475,-9.373641e-05,-3.8439477e-05,-0.00080441893,-0.00029756365,-7.9491765e-05,-8.756236e-05,-3.6610367e-05
2.9066852e-05,0.9980089,2.3473378e-05,2.5607082e-05,6.710223e-06,0.9966283,1.5830283e-05,1.9716694e-05,-8.87203e-06,0.9978342,1.7979828e-05,2.142087e-05,3.3104068e-06,3.1032487e-05,-6.1712444e-06,-7.636177e-06,1.7263961e-05,-6.766957e-06,0.99772155,-9.6272415e-06,-7.4381423e-06,2.7648979e-05,1.664044e-05,-8.603019e-06,-7.806314e-06,2.1507103e-05,6.070112e-06,1.7763708e-05,-4.102656e-06,7.8442486e-07,1.4796765e-05,-1.0580317e-05,1.8055739e-06,2.5638048e-05,2.9532292e-05,5.9384456e-06,1.8115285e-05,-6.2538998e-06,7.1811014e-06,1.369732e-05,-4.4648773e-06,-5.799229e-06,-7.932255e-06,1.3515114e-05,-9.93975e-06,1.5408028e-05,1.833596e-06,-6.851951e-06,1.0912308e-05,9.172185e-06,-6.8221534e-06,-5.325463e-06,3.0891748e-05,2.139597e-05,2.944452e-05,1.5418098e-05,-3.7143573e-06,-8.439517e-06,1.7051369e-05,1.583492e-05,1.9386493e-05,2.5224185e-06,-1.080812e-05,1.9997706e-05,7.249803e-06,2.7250853e-05,-9.429843e-06,2.293838e-05,2.338504e-06,3.173904e-05,2.7747546e-05,2.7823435e-05,1.1738429e-06,6.4007145e-07,2.0747559e-05,-1.1966961e-05,5.2606083e-07,-1.2648388e-05,1.5609452e-05,0.9967905,-9.018744e-07,-9.309647e-06,8.176645e-06,1.0592423e-05,1.7203516e-05,3.056633e-05,1.9918034e-05,-1.0263478e-05,2.3743565e-05,2.710485e-05,0.9978937,1.7724546e-05,-8.188539e-06,1.5901182e-05,2.837969e-05,1.6137556e-05,5.9900417e-06,5.8145383e-06,8.345391e-06,2.1230004e-05,5.563169e-07,2.8552653e-05,0.0,1.9003728e-05,2.0724614e-05,-3.1957954e-06,-1.3968956e-05,2.0646707e-05,9.259858e-06,8.7108365e-06
-0.0022352347,0.9966721,-0.003067232,-0.003095285,-0.0031741005,0.99619085,-0.0020814126,-0.003037131,-0.0021810143,0.99666846,-0.0030994737,-0.0030725063,-0.0029751016,-0.002804176,-0.0020930546,-0.0028303047,-0.0020813982,-0.0030793,0.9966414,-0.002061367,-0.0025263294,-0.0031018048,-0.0026256347,-0.0022900738,-0.0027253001,-0.0029817438,-0.0031166754,-0.002275342,-0.0028855703,-0.0023980064,-0.0027176982,-0.0021062756,-0.0031672395,-0.0024470687,-0.0023768174,-0.0024833865,-0.0024425571,-0.003156337,-0.002411511,-0.0023315598,-0.0023184656,-0.0021273093,-0.0022775158,-0.0022103484,-0.003029273,-0.003014073,-0.0031175201,-0.0024351305,-0.0027016366,-0.002565987,-0.002421498,-0.0031168263,-0.0025852635,-0.0031272117,-0.003006924,-0.0020450212,-0.0030830598,-0.002447134,-0.0027744016,-0.0020127418,-0.0031075242,-0.003098712,-0.0030857702,-0.002490831,-0.003019146,-0.00209294,-0.002994897,-0.0024660397,-0.002145649,-0.0027955456,-0.0030922424,-0.0030841068,-0.0020547898,-0.002179546,-0.003085684,-0.002258858,-0.0030212104,-0.0031286282,-0.0025819496,0.9962851,-0.002072142,-0.0030064224,-0.0023055342,-0.002163418,-0.002052458,-0.002202893,-0.0020407045,-0.003083072,-0.0031343861,-0.0026160053,0.9966654,-0.0025669448,-0.0021463213,-0.003181732,-0.0021420254,-0.0033007634,-0.0024158075,-0.002955964,-0.0021023569,-0.0031090295,-0.0026534256,-0.0021916656,-0.0024291647,0.0,-0.0020379482,-0.002505302,-0.0023082623,-0.0020575058,-0.002011966,-0.0019952443
-0.0034818153,0.99616313,-0.003944927,-0.0039739767,-0.0039830185,0.99575526,-0.003375262,-0.0039466848,-0.0034578717,0.9961463,-0.0039671217,-0.0039596776,-0.003921579,-0.0038258014,-0.0034162467,-0.0038393708,-0.003386834,-0.00396063,0.99611175,-0.0033776418,-0.0036659415,-0.0039697657,-0.0037142092,-0.0035101408,-0.003771508,-0.0039222385,-0.003969934,-0.0034874487,-0.0038714167,-0.0035719336,-0.0037797973,-0.0033810614,-0.003971556,-0.0035910388,-0.0035763236,-0.0036028407,-0.0035943137,-0.003975626,-0.003676623,-0.0035365075,-0.003528932,-0.0034224722,-0.0034849595,-0.0034617526,-0.0039457907,-0.0039383187,-0.0039598662,-0.0035986376,-0.0037659763,-0.003674553,-0.0035784615,-0.0039871526,-0.003682292,-0.003961851,-0.003935536,-0.0033315083,-0.0039655063,-0.003585619,-0.0038145976,-0.003307392,-0.003981425,-0.003966529,-0.003954463,-0.0036145365,-0.0039408724,-0.0033682806,-0.003934204,-0.0036010058,-0.0035150403,-0.0038134865,-0.003970117,-0.0039710277,-0.0033368364,-0.0034197383,-0.0039643445,-0.0034952813,-0.0039418666,-0.0039618392,-0.0036897524,0.99582475,-0.0033708038,-0.0039330344,-0.0035130875,-0.0034195888,-0.0033615613,-0.0034486318,-0.0033243345,-0.0039728577,-0.003972839,-0.0037060324,0.99614555,-0.0036670228,-0.003404726,-0.0039794445,-0.0034080714,-0.0045564338,-0.0035971955,-0.0039078286,-0.0033653087,-0.003972244,-0.003737742,-0.0034120195,-0.003599105,-0.0033137535,0.0,-0.003633479,-0.003603914,-0.0033291792,-0.0033143056,-0.003294621
3.5999175e-05,1.0018262,0.0010642153,0.0010151324,0.0012263249,0.9976205,2.270732e-05,0.0009270894,1.3372183e-05,1.0013919,0.0010826499,0.0010528314,0.00082908524,0.00064162386,1.574777e-05,0.0006933217,-1.0637311e-05,0.0010369295,1.001161,1.0310839e-05,3.3211087e-05,0.0010675392,0.00049659255,6.400083e-05,0.0005277024,0.00086179894,0.0011267873,6.550578e-05,0.0006670839,0.000160247,0.0004253183,3.292241e-05,0.0012198252,0.00022036837,3.7731545e-05,0.00032938525,0.00024575955,0.0012236257,1.9773706e-05,4.9936334e-05,7.062932e-05,7.18858e-06,1.7879232e-05,4.5850073e-05,0.0008169396,0.00083722017,0.0011664616,2.094772e-05,0.0005785806,0.00040907876,0.00021693214,0.00097421784,0.0004515673,0.0011995294,0.00088347465,3.151227e-05,0.0010204853,0.00030334594,0.0006171664,7.937629e-06,0.00097559765,0.0011453475,0.0010456193,0.00028120715,0.00084478926,3.0493273e-05,0.00078684464,0.00032782258,3.0767438e-05,0.00066407875,0.0009953518,0.0009497752,1.6007089e-05,4.6182513e-06,0.0011106565,-3.8418725e-06,0.00083178206,0.0012248548,0.0003653111,0.99806374,2.9327726e-05,0.0008346514,5.229139e-05,2.4977737e-05,1.26444465e-05,5.0365534e-06,-2.4611033e-06,0.00094044826,0.0011607688,0.00050200545,1.0015692,0.00042612615,-9.502215e-06,0.0012393852,4.279438e-05,-9.639828e-06,2.6511296e-05,0.00080414617,3.7233447e-05,0.0010960003,0.0005240662,-8.850098e-06,0.00014390048,6.1186995e-07,2.4971137e-05,0.0,-1.2583449e-05,2.978787e-05,-3.2107441e-06,3.5500507e-05
-0.004778571,0.9954316,-0.004962112,-0.004979567,-0.004930107,0.9950249,-0.0047069127,-0.004984598,-0.0048051816,0.9953939,-0.0049585407,-0.004969631,-0.0049756416,-0.0049356995,-0.004753177,-0.0049407557,-0.0047067287,-0.004971208,0.9953658,-0.004735676,-0.0048432136,-0.004966886,-0.0048819515,-0.0047960584,-0.00491334,-0.004980573,-0.0049559767,-0.004800489,-0.0049556834,-0.004836011,-0.0049122325,-0.004713453,-0.0049243793,-0.0048116795,-0.0048389607,-0.004819134,-0.004807708,-0.004928259,-0.0049976064,-0.0048086355,-0.004814326,-0.0047249133,-0.0047947103,-0.004766738,-0.0049850773,-0.004981198,-0.0049434947,-0.004844472,-0.004905624,-0.004860809,-0.0048026512,-0.0049913377,-0.0048614484,-0.00493542,-0.0049837017,-0.0046894955,-0.0049714455,-0.004807374,-0.004929079,-0.0046944814,-0.0049856952,-0.004962328,-0.004956551,-0.0048251436,-0.0049860138,-0.0047230395,-0.0049804375,-0.0048176073,-0.00484672,-0.004930213,-0.004976535,-0.004995812,-0.0047154073,-0.0047598644,-0.0049710595,-0.004784144,-0.0049854927,-0.0049317554,-0.004858728,0.99511373,-0.0047382563,-0.00498149,-0.00480376,-0.004743248,-0.004701214,-0.004758879,-0.0046914183,-0.004990604,-0.004942552,-0.0048782183,0.99540186,-0.0048521394,-0.0047321143,-0.0049204687,-0.0047391336,-0.00586153,-0.004846521,-0.004969517,-0.004713994,-0.004965224,-0.004893028,-0.0047487966,-0.0048301234,-0.0046897666,-0.004727115,-0.00483533,0.0,-0.0047055776,-0.0046842406,-0.004666638
-0.0014446785,0.99686223,-0.0025057604,-0.0025550292,-0.0026971996,0.9963524,-0.001240831,-0.0024545772,-0.0012806258,0.9968675,-0.0025754054,-0.0025253834,-0.002373127,-0.0021485994,-0.0012514952,-0.002183621,-0.0012302371,-0.0025354212,0.99681467,-0.0012158891,-0.0018147134,-0.0025746366,-0.0019031971,-0.0014698989,-0.0020353517,-0.0023833225,-0.0025958668,-0.0014327336,-0.0022622817,-0.0015905683,-0.0020530277,-0.0012557284,-0.002681927,-0.0016861563,-0.0015756681,-0.0017123409,-0.0016816118,-0.0026665756,-0.0015683718,-0.001535219,-0.0015051703,-0.0013185435,-0.0014392717,-0.001388417,-0.0024608646,-0.002441944,-0.0025942905,-0.0016357766,-0.0020105136,-0.001835957,-0.0016533119,-0.0025830816,-0.001861962,-0.0026222803,-0.0024197376,-0.0011932693,-0.0025406273,-0.0016821255,-0.002117576,-0.001164766,-0.002573903,-0.0025727747,-0.0025462774,-0.0017373859,-0.0024379543,-0.0012399321,-0.0024133741,-0.0017138917,-0.0013625748,-0.0021354125,-0.00254873,-0.0025251976,-0.001186891,-0.0013452031,-0.0025443397,-0.0014723141,-0.0024414263,-0.0026202055,-0.0018765287,0.9964376,-0.0011974082,-0.0024202086,-0.0014906185,-0.0013410104,-0.0011909367,-0.0013770557,-0.0011898449,-0.0025307594,-0.002634627,-0.0018926432,0.9968532,-0.0018338918,-0.0013259734,-0.0027034436,-0.0013159906,-0.0023981996,-0.0016303571,-0.0023534938,-0.0012382535,-0.0025865945,-0.001952089,-0.00132529,-0.0016578303,-0.0011637682,-0.0011425769,-0.001766153,-0.0014368457,0.0,-0.0011734534,-0.0011313166
-0.0024749376,0.99659795,-0.0032351187,-0.0032611375,-0.003330254,0.9961351,-0.0023151159,-0.003214904,-0.0024047706,0.99658996,-0.003265308,-0.003244171,-0.0031546764,-0.0030023975,-0.002351402,-0.003025824,-0.0023179236,-0.003252069,0.9965629,-0.002323864,-0.0027256524,-0.0032700673,-0.0028397422,-0.0025216453,-0.0029258165,-0.0031684905,-0.003279194,-0.0025170268,-0.003074255,-0.00263649,-0.0029267208,-0.002345791,-0.0033199554,-0.0026630412,-0.0026135677,-0.0026970592,-0.0026662895,-0.0033122655,-0.0026416997,-0.0025657974,-0.002548834,-0.002369929,-0.0025135644,-0.0024514177,-0.0032024065,-0.0031916532,-0.0032778215,-0.0026532428,-0.0029114904,-0.0027833893,-0.0026417163,-0.003278282,-0.0028005785,-0.0032904972,-0.00318789,-0.0022857843,-0.0032541738,-0.0026711284,-0.0029752783,-0.002254323,-0.0032715325,-0.0032688722,-0.0032524092,-0.002707161,-0.0031945645,-0.0023318706,-0.0031769252,-0.0026910624,-0.0024437557,-0.0029953641,-0.0032576304,-0.0032559365,-0.002281735,-0.0024168007,-0.003259557,-0.002498984,-0.00319715,-0.0032876746,-0.0027930725,0.99623996,-0.0023162507,-0.0031813192,-0.0025557107,-0.0023991973,-0.0022917502,-0.0024369608,-0.002281322,-0.0032532916,-0.0032966028,-0.002831991,0.9965872,-0.002781473,-0.0023807185,-0.0033316396,-0.0023870477,-0.0035422163,-0.0026470022,-0.003140673,-0.0023460002,-0.0032742869,-0.0028677464,-0.0024276082,-0.0026519531,-0.0022587918,-0.0022945544,-0.0027270364,-0.0025625052,-0.002311379,0.0,-0.0022517734
-0.002288343,0.9966543,-0.0030879097,-0.0031186496,-0.0031978688,0.9961899,-0.002095718,-0.0030599602,-0.0021813202,0.9966558,-0.0031224603,-0.0030955055,-0.0029990717,-0.002838498,-0.0020910795,-0.0028579242,-0.0020762205,-0.00310634,0.9966154,-0.0021059082,-0.0025758047,-0.0031321049,-0.0026618324,-0.002319816,-0.002759048,-0.0030127547,-0.0031394756,-0.0023063775,-0.0029163938,-0.002435841,-0.0027495471,-0.0021187656,-0.003186681,-0.0024899687,-0.0024205933,-0.0025080647,-0.0024804596,-0.0031785495,-0.0024253337,-0.0023800642,-0.0023675375,-0.0021655795,-0.0023233863,-0.0022348932,-0.0030571665,-0.003040302,-0.0031421315,-0.002463407,-0.002730559,-0.0026055258,-0.0024579638,-0.0031364379,-0.0026230689,-0.0031514294,-0.003034148,-0.0020798831,-0.003107954,-0.0024805889,-0.0028106966,-0.002065521,-0.003126388,-0.0031290906,-0.0031097624,-0.0025309564,-0.003049559,-0.0021468468,-0.0030271104,-0.0025086002,-0.0022279646,-0.0028261107,-0.0031147825,-0.0031083256,-0.0020839234,-0.0022289723,-0.003111861,-0.0023089715,-0.0030448337,-0.003150322,-0.002610462,0.9962921,-0.002094366,-0.0030302003,-0.0023528636,-0.002207396,-0.0020665587,-0.0022453896,-0.0020837116,-0.003103765,-0.0031629915,-0.0026477661,0.9966448,-0.002603261,-0.002187109,-0.0032028963,-0.0021889857,-0.003314781,-0.0024601636,-0.002982607,-0.0021204709,-0.0031365326,-0.0026896768,-0.0022099803,-0.0024695832,-0.002045886,-0.0020733073,-0.002546795,-0.0022987623,-0.0020912609,-0.0020547928,0.0
