1,2,3,4,5,6,7,8,9,10,11,12,13,14,15,16,17,18,19,20,21,22,23,24,25,26,27,28,29,30,31,32,33,34,35,36,37,38,39,40,41,42,43,44,45,46,47,48,49,50,51,52,53,54,55,56,57,58,59,60,61,62,63,64,65,66,67,68,69,70,71,72,73,74,75,76,77,78,79,80,81,82,83,84,85,86,87,88,89,90,91,92,93,94,95,96,97,98,99,100,101,102,103,104,105,106,107,108,109,110
0.0,0.0070100366,0.009931961,0.0012631682,0.010628354,0.004692721,0.0074907364,0.010748994,0.008481163,0.008336084,0.0089233965,0.0021013625,-3.0631585e-05,0.009566377,0.010180468,0.009652241,0.008591893,0.008629668,0.0049118293,0.010784289,0.010761237,-3.079295e-05,0.0077937664,0.0083185835,0.0020870715,-3.069118e-05,0.007843089,0.002001982,0.007891037,-2.7224476e-05,0.0120716635,-2.6706433e-05,0.011075966,0.011255836,0.0015470423,0.010016346,0.0075056306,0.009176366,0.0088298265,0.0028197842,-2.888538e-05,-3.3179e-05,-3.0886134e-05,0.009931215,0.0007359797,0.0033281373,0.010944802,0.009966544,-2.7564518e-05,0.008747585,-2.8266355e-05,0.009604996,0.005348891,0.0106225265,0.010169592,0.00939757,0.010915803,0.005394999,0.008729163,-2.7029746e-05,0.007379011,0.0032397748,0.008720932,0.00778125,0.0058965436,0.009558245,0.008984111,0.0052462267,-3.140677e-05,0.004532802,0.009240614,0.009919081,0.010885557,0.00015006773,0.0012270872,0.005069542,0.010950087,0.010339226,0.009830587,0.009120353,0.008809476,-2.9915635e-05,0.0089280885,0.008235258,0.010016981,0.006724182,0.009986009,7.991956e-05,0.010259592,0.011568382,-2.8412958e-05,0.009450783,0.0076559177,0.008703629,0.0034147094,0.0059672217,0.004895066,0.004648186,0.0081049055,-2.5113468e-05,0.0024193185,0.0022797007,0.0039043245,0.010833495,0.0015790856,-2.9835632e-05,0.008215643,0.004727728,0.01804702,-2.8938966e-05
0.0070120664,0.0,0.009825715,0.0017894289,0.010170859,0.0045374627,0.0074305674,0.010309655,0.008146223,0.008015213,0.008591201,0.0019597632,-2.8505972e-05,0.009240884,0.009924835,0.009352677,0.008203148,0.008440013,0.0046865884,0.010250205,0.010347139,-2.4054674e-05,0.007431418,0.007961005,0.0019289497,-2.7934613e-05,0.0073693325,0.0017735432,0.0075152377,-2.9688166e-05,0.011555603,-2.557343e-05,0.010515118,0.010590557,0.0015336318,0.009573741,0.0069294577,0.009007469,0.00843688,0.0026511208,-2.5261876e-05,-2.9533345e-05,-2.4352987e-05,0.009723071,0.000681878,0.003141222,0.0104374485,0.009561229,-2.615402e-05,0.008477496,-2.3822196e-05,0.009134104,0.0054363357,0.0103082815,0.009745466,0.009089708,0.010599845,0.0051357276,0.008481187,-2.9295035e-05,0.0070132776,0.0032137702,0.008431661,0.0074790367,0.0055712345,0.009248464,0.008700782,0.0050285477,-2.3533601e-05,0.004239949,0.008898943,0.009553884,0.010547526,0.0005113778,0.000882085,0.004892767,0.010602135,0.009992895,0.009586695,0.008783178,0.00853836,-2.7506401e-05,0.008586462,0.00830193,0.009701344,0.006668122,0.009658908,0.00020803152,0.010087332,0.011186098,-2.591293e-05,0.009151522,0.0066598253,0.008346069,0.0034102586,0.0056482805,0.0049161343,0.004524581,0.007815521,-2.490495e-05,0.0024904623,0.0020570979,0.0036483116,0.010383558,0.0015377738,-2.9093833e-05,0.007710974,0.0043907487,0.017492013,-2.761032e-05
0.009879579,0.009845823,0.0,0.0046221795,0.013352194,0.0074332315,0.010166077,0.013588956,0.010996669,0.011065084,0.011497148,0.0050032074,0.0013869681,0.012326413,0.013079736,0.012315272,0.011183488,0.011386805,0.007560781,0.01366599,0.013918409,0.0013172196,0.010283968,0.010728812,0.0050313724,-2.6983611e-05,0.010370413,0.0050339433,0.010466507,-2.8314998e-05,0.014568779,-2.7341788e-05,0.01389915,0.013733745,0.004681993,0.012603502,0.0097187245,0.012646611,0.011496483,0.005523485,-2.7129581e-05,-2.8911374e-05,-2.867862e-05,0.012905058,0.0036849333,0.0061911535,0.013388426,0.01250031,-2.9160456e-05,0.011473432,0.0010954995,0.012122608,0.008055289,0.013742718,0.013022682,0.012130072,0.014186895,0.007951038,0.011487571,0.00062323554,0.009942063,0.006105398,0.011033353,0.010359672,0.008347756,0.012703717,0.011501019,0.0077761738,-2.7593274e-05,0.0071387347,0.012770996,0.013108819,0.013588073,0.0033957171,0.004159054,0.007720465,0.013696923,0.013880309,0.012863583,0.011460183,0.0114712585,0.0017830846,0.011396649,0.011093034,0.012842644,0.009584299,0.012579803,0.003588546,0.014169521,0.0143827805,-2.5990546e-05,0.012013263,0.01003947,0.011232881,0.0062194127,0.008473106,0.0079066735,0.007498211,0.010577078,-2.6007934e-05,0.0054116277,0.0053567057,0.006468328,0.013359771,0.004654287,-2.8834229e-05,0.010670962,0.0072426884,0.019889714,-2.688194e-05
0.003523224,0.003722439,0.0074599474,0.0,0.0075419806,0.00039505714,0.004206961,0.008213009,0.0053996025,0.005098175,0.006318064,-2.8482931e-05,-2.2508482e-05,0.0067150625,0.0084192315,0.006867666,0.005812542,0.005860083,0.00063785404,0.009559806,0.009470257,-2.4590852e-05,0.004097198,0.00492112,-2.0967756e-05,-2.7437374e-05,0.004062004,-2.2264905e-05,0.004525407,-2.3513576e-05,0.0109188305,-2.8491413e-05,0.01029117,0.008968958,-2.585258e-05,0.006639007,0.003347374,0.008807717,0.006004453,-2.3769104e-05,-1.7634657e-05,-1.7441425e-05,-2.2442122e-05,0.008048569,-3.0258203e-05,-2.0293473e-05,0.008733638,0.0066285357,-2.1609745e-05,0.0061160983,-2.8959272e-05,0.007002529,0.0016280558,0.008633651,0.00834665,0.0068553,0.00984358,0.001074568,0.005842619,-3.044246e-05,0.0036868863,-2.5789657e-05,0.0056349877,0.004058287,0.0013719831,0.0077287643,0.006299316,0.0010692651,-1.578751e-05,3.7460042e-05,0.008905751,0.008374089,0.008294628,-3.0880623e-05,-2.9568413e-05,0.00094580103,0.008858478,0.008389165,0.009964943,0.0059348256,0.0056127356,-2.9878589e-05,0.0056076106,0.00541217,0.0080136955,0.003210329,0.0073268437,-2.2059276e-05,0.00880229,0.009838784,-2.8195298e-05,0.006582217,0.0026968315,0.005427655,-3.0528252e-05,0.0019549334,0.0009184077,0.0006152725,0.004974104,-1.6455439e-05,-2.6056774e-05,-2.2687242e-05,-2.73684e-05,0.008236227,-3.0098732e-05,-1.6421047e-05,0.004510649,0.00010612615,0.01962078,-2.6177839e-05
0.010172941,0.010090542,0.013007571,0.0049743312,0.0,0.007879842,0.010466756,0.013893872,0.011361664,0.0112499315,0.011678168,0.0055538337,0.0015221153,0.01264675,0.013078434,0.012523387,0.011168409,0.011460551,0.008130879,0.013967512,0.014272643,0.001938178,0.010688439,0.011156853,0.005515016,0.00015749027,0.010870078,0.005653411,0.010709354,-3.215743e-05,0.014961024,-2.950255e-05,0.014238941,0.013986682,0.0049982625,0.013007108,0.010408908,0.012185591,0.011604384,0.0061817807,-3.270433e-05,-3.2145846e-05,-3.309179e-05,0.013043016,0.004350981,0.006460247,0.013691573,0.012638561,-2.7544775e-05,0.011490336,0.0017427128,0.012458168,0.008306836,0.013890646,0.012925981,0.012303698,0.014495097,0.008592098,0.011658599,0.0013309497,0.010195026,0.0063955137,0.011325229,0.01073584,0.008792496,0.0127777,0.011669502,0.008580441,-2.8166598e-05,0.0075926995,0.0126841115,0.013153609,0.013949975,0.0036586195,0.004625398,0.008278188,0.013879897,0.013669117,0.0129768,0.011898025,0.011792673,0.0023606396,0.011836365,0.011188865,0.012883749,0.009630787,0.012857379,0.00377598,0.014077972,0.014529924,-3.2359214e-05,0.012272309,0.010851817,0.011632181,0.0067024482,0.00899247,0.00806215,0.0077765468,0.0109566655,-2.9676057e-05,0.0059842733,0.0059279827,0.0069276034,0.013665503,0.0051528052,-2.8549232e-05,0.011011082,0.0081242705,0.020005928,-3.3084056e-05
0.0049760747,0.004905066,0.008469242,-3.5398603e-05,0.00898703,0.0,0.0054898616,0.009406609,0.006720455,0.006353268,0.0074606393,-3.1297375e-05,-3.317018e-05,0.008018482,0.009345189,0.008037061,0.0069106612,0.0070258984,0.0025150322,0.010886665,0.010233505,-3.087055e-05,0.0057116975,0.0064102835,-3.0522893e-05,-3.1070274e-05,0.005650763,0.00024529098,0.0058306498,-3.2827236e-05,0.011430217,-3.505285e-05,0.011129304,0.010185529,-3.4568056e-05,0.0084524965,0.005634349,0.010208771,0.0070858384,0.00020460917,-3.784947e-05,-3.8478607e-05,-3.836822e-05,0.009011133,-3.5503374e-05,0.00058502716,0.0100169405,0.008221263,-3.1512565e-05,0.007352906,-3.212307e-05,0.008045032,0.0031324301,0.00987592,0.009787626,0.007991239,0.01099347,0.0036453404,0.00705218,-3.5263824e-05,0.005290696,0.00038080467,0.006821886,0.0055989055,0.0035625196,0.009027255,0.00745138,0.003975128,-2.877459e-05,0.001994534,0.010067545,0.009893012,0.009640594,-3.751567e-05,-3.4908786e-05,0.0032721884,0.0097433785,0.00948475,0.010495319,0.0071925484,0.006826187,-3.1757943e-05,0.007209883,0.0063338056,0.009418033,0.004539771,0.008294998,-3.283794e-05,0.009791677,0.010551319,-3.440959e-05,0.007597971,0.0065599782,0.006885545,0.0014252957,0.0038650022,0.0021945282,0.0021375027,0.0062185638,-2.907939e-05,-3.1045216e-05,8.469234e-05,0.0017807061,0.009259975,-3.3565015e-05,-3.6654994e-05,0.006517778,0.003613205,0.0189324,-3.1634045e-05
0.0071165673,0.0072486177,0.0099155335,0.001805709,0.010392665,0.004818872,0.0,0.010563349,0.008504203,0.008392764,0.0088331895,0.0023756635,-2.94013e-05,0.009536557,0.010140029,0.0096386075,0.008625503,0.008712765,0.0049186237,0.010485777,0.010532255,-2.7816577e-05,0.0076742684,0.00831386,0.0023818254,-2.8851086e-05,0.007813688,0.002007631,0.007820007,-2.628165e-05,0.011562815,-3.1344087e-05,0.010763425,0.011013639,0.0018556708,0.009897108,0.007156285,0.009000867,0.008692354,0.0027705384,-2.5355974e-05,-3.164304e-05,-2.535929e-05,0.010029734,0.0007920072,0.0034607265,0.010566543,0.009695251,-2.623772e-05,0.008801012,-3.1642263e-05,0.009464114,0.0056129983,0.010545911,0.010074259,0.009490471,0.010750793,0.0053082374,0.008739023,-2.7336886e-05,0.0073367576,0.0034104579,0.008559982,0.007742547,0.0058709634,0.009496346,0.009021843,0.0052482663,-2.8729828e-05,0.004551623,0.00915495,0.009879591,0.010682849,0.00064804335,0.0013557778,0.0050681657,0.010754484,0.010235805,0.009801272,0.008882592,0.008575236,-2.9276925e-05,0.008709024,0.008391596,0.010017323,0.006789166,0.009915376,0.00027397295,0.010364795,0.011246821,-2.6551868e-05,0.009413477,0.00707884,0.008551728,0.0035744973,0.005897148,0.005117926,0.004870861,0.008169575,-3.1959615e-05,0.0026694147,0.0023753694,0.003819279,0.010619662,0.001961846,-2.6441936e-05,0.007894661,0.00444311,0.017337656,-2.918605e-05
0.010819811,0.010698459,0.013835935,0.00552247,0.014386302,0.008490305,0.011083951,0.0,0.011989284,0.012049685,0.012623341,0.006274475,0.0024203488,0.013360518,0.014296875,0.01338529,0.012017742,0.012248422,0.008657401,0.014977897,0.015128847,0.0026730814,0.011334337,0.011705916,0.0061957827,0.0010607548,0.011501454,0.006169082,0.011262591,-2.837124e-05,0.015764054,-2.8392493e-05,0.015200923,0.014820558,0.0056377556,0.013605637,0.010838695,0.014012293,0.012397863,0.0065654847,-2.9960904e-05,-3.1866137e-05,-2.8256507e-05,0.014002885,0.0049463003,0.00717945,0.0145406155,0.013431653,-3.1831714e-05,0.012583495,0.0024406242,0.01324035,0.009013916,0.014839436,0.014172,0.0131522,0.015588794,0.008922696,0.01237385,0.0019584592,0.010808374,0.006912588,0.012076628,0.011264822,0.009424621,0.013805726,0.012403472,0.009074284,-3.2474516e-05,0.008286753,0.014184442,0.014304437,0.0147646405,0.0043634125,0.005381571,0.008936592,0.014650509,0.014984556,0.014210724,0.012344779,0.012256048,0.002967378,0.012405081,0.011788989,0.013992105,0.010339692,0.013416139,0.004573635,0.015362214,0.01546268,-3.100491e-05,0.012922982,0.011281173,0.012307046,0.007088897,0.009417645,0.00880153,0.00849397,0.011517381,-3.200738e-05,0.0063853683,0.0063579194,0.0075445636,0.014325764,0.005582754,-2.930293e-05,0.011475261,0.008595423,0.021091498,-2.8450328e-05
0.008221786,0.007997287,0.010761158,0.0024361666,0.011499733,0.0055922563,0.008438246,0.011588087,0.0,0.009272107,0.010061522,0.003316961,-2.7863147e-05,0.010441047,0.011234484,0.010642342,0.0095302155,0.0097187795,0.005952116,0.011822278,0.0118577,-2.7721631e-05,0.008529077,0.009186328,0.0035235132,-2.7417569e-05,0.008814573,0.0028640637,0.008788053,-2.2515518e-05,0.012749855,-2.6890826e-05,0.0121361045,0.012066351,0.002998158,0.010740672,0.008136006,0.010806953,0.009764531,0.0037131943,-2.792798e-05,-2.4427913e-05,-2.4335426e-05,0.011202792,0.0015860051,0.0045953984,0.011767224,0.010728941,-2.2971062e-05,0.0097654015,-2.701388e-05,0.010589835,0.00648228,0.011638175,0.011202291,0.010507314,0.011913456,0.006138564,0.009879029,-2.3695928e-05,0.008382807,0.004393222,0.009582713,0.008597897,0.0067962757,0.010921509,0.009940239,0.006065852,-2.6303338e-05,0.005364041,0.0107371025,0.01108423,0.011736458,0.0015896426,0.0024136454,0.0059521915,0.011702475,0.011435944,0.010902593,0.009757683,0.009557979,4.713293e-06,0.009637509,0.009264133,0.011167852,0.007511278,0.010726913,0.0012959475,0.011472077,0.012222041,-2.4124525e-05,0.010410103,0.008095357,0.009813977,0.0042579137,0.006593093,0.006227815,0.005948643,0.009201466,-2.5822439e-05,0.0035447176,0.0034172733,0.0046818973,0.011473265,0.0028987182,-2.6699117e-05,0.00874619,0.0051974733,0.01773539,-2.6064094e-05
0.008236163,0.008008749,0.010970061,0.0025522432,0.011347898,0.005501129,0.008425843,0.0115805995,0.009476439,0.0,0.010035167,0.0033194881,-2.780819e-05,0.010431485,0.011214079,0.01066835,0.009624125,0.0098728,0.005898349,0.011702987,0.0116399145,-2.6012483e-05,0.008622685,0.009270381,0.0035117234,-2.4087572e-05,0.008984976,0.0028276816,0.0088899415,-2.470571e-05,0.012800004,-2.2484151e-05,0.0119656585,0.012053727,0.0028761467,0.010765357,0.008331491,0.010486056,0.0099500725,0.003706377,-2.5829619e-05,-2.165638e-05,-2.558617e-05,0.011148328,0.0015027568,0.0045725987,0.0117439395,0.010639446,-2.7690598e-05,0.00981909,-2.6159356e-05,0.010471909,0.0064476854,0.0115709985,0.011114029,0.010504922,0.011778723,0.0062556807,0.009838584,-2.6411542e-05,0.00824719,0.0044997474,0.009637561,0.008615474,0.0066809757,0.010746823,0.010133223,0.0059709772,-2.6469785e-05,0.0054750103,0.01057534,0.011008835,0.011632737,0.0014460342,0.002390619,0.005830268,0.011758093,0.011150137,0.010717086,0.009831491,0.009680309,-2.63187e-05,0.009715894,0.009243714,0.011082709,0.0076080626,0.010732229,0.0012917164,0.011275411,0.012274433,-2.4685814e-05,0.01032063,0.008213275,0.009759773,0.0042526885,0.0066962987,0.0062131337,0.00596195,0.009098882,-2.0428577e-05,0.0035180266,0.0032748762,0.0045385575,0.011726645,0.0030972539,-2.5912717e-05,0.008927645,0.005071864,0.017980566,-2.2626742e-05
0.0088443,0.008720104,0.0116958665,0.003214347,0.012035688,0.006081371,0.00917286,0.012418966,0.010318365,0.010182719,0.0,0.003908189,0.00054122607,0.011064867,0.012380083,0.011443436,0.010748936,0.010757818,0.00666109,0.013159022,0.012888794,-3.1785657e-05,0.009179287,0.010020129,0.0041283285,-3.0550073e-05,0.009694027,0.003651623,0.009498835,-3.1444786e-05,0.013620394,-2.9119406e-05,0.013284397,0.012940882,0.0036690435,0.011438174,0.008793492,0.012226762,0.010647628,0.004342635,-2.751328e-05,-2.9780793e-05,-2.9163917e-05,0.012173836,0.002299709,0.0052176304,0.012739931,0.011301607,-2.6229778e-05,0.010842712,-3.0782874e-05,0.011576835,0.007027704,0.012680967,0.012520915,0.011458807,0.013153941,0.0067671174,0.010743019,-3.2275006e-05,0.009073685,0.005037753,0.010318178,0.009124505,0.0072986847,0.012015069,0.011023798,0.006480043,-2.7605163e-05,0.006160741,0.0122267455,0.012552715,0.012499302,0.0020957775,0.0032623908,0.0064581297,0.012613395,0.012383729,0.012716971,0.010429127,0.010229775,0.00076475187,0.010295234,0.010035743,0.012335804,0.008245756,0.011331355,0.0021271228,0.012470184,0.013030084,-3.0441804e-05,0.011076535,0.008713355,0.010615503,0.0048013777,0.007296387,0.0072234464,0.0066831103,0.0101325745,-3.0564363e-05,0.0042674737,0.0040444545,0.0051904465,0.012427018,0.0037043374,-2.7076869e-05,0.009296079,0.005711832,0.018282138,-2.6250696e-05
0.003659529,0.0032081308,0.007906147,-2.6326572e-05,0.008278594,0.0005341953,0.0040672277,0.008956456,0.0056886524,0.005345162,0.0066556125,0.0,-2.923811e-05,0.006910009,0.008798133,0.0072157034,0.0058971834,0.0061010285,0.00082239514,0.0104105165,0.009953089,-2.2346489e-05,0.0043868404,0.005412988,-2.5234262e-05,-2.2702918e-05,0.0047357734,-2.410531e-05,0.004616386,-2.359048e-05,0.011308735,-2.520318e-05,0.010684801,0.009838777,-2.231943e-05,0.0075472593,0.0041724904,0.0091360295,0.0062273205,-2.3078699e-05,-2.2091004e-05,-2.8482995e-05,-2.3540795e-05,0.008385593,-2.444442e-05,-2.3905428e-05,0.009553964,0.0073014186,-2.247976e-05,0.0064738723,-3.3097273e-05,0.0071491837,0.0013713097,0.009545139,0.009164355,0.0071279714,0.010945712,0.0016994961,0.0059115635,-2.845539e-05,0.003978527,-2.253854e-05,0.005728131,0.0043777777,0.0019073389,0.008508446,0.00638484,0.0015761065,-2.9799834e-05,0.000111501286,0.009286833,0.008984425,0.009176604,-2.8600321e-05,-2.409848e-05,0.0011987644,0.009267048,0.009435137,0.010127914,0.0060665873,0.0056699254,-2.2330574e-05,0.00600344,0.005158712,0.009009837,0.0028428508,0.0075546405,-3.211103e-05,0.00989039,0.010321736,-2.7751656e-05,0.0068184757,0.0051917797,0.006054779,-3.1930944e-05,0.0019625684,0.0006705433,0.00042120513,0.005027938,-2.6559153e-05,-2.6109436e-05,-2.4773968e-05,-2.7595239e-05,0.008767468,-3.0998162e-05,-3.280998e-05,0.004924528,0.0010628266,0.021248927,-3.296508e-05
0.0012885337,0.001238651,0.006191533,-5.26182e-06,0.0065244967,-1.0674886e-05,0.0020542133,0.0074742427,0.0037084268,0.0035592832,0.0049106516,-5.197214e-07,0.0,0.0047909752,0.007226268,0.005532604,0.0043386715,0.004504527,-8.241073e-06,0.009415301,0.008624675,-1.6729531e-05,0.0017400736,0.0032942325,-8.165069e-06,-1.1354497e-05,0.0022040566,-3.286133e-06,0.002671212,-1.0150691e-05,0.010878933,-5.336026e-06,0.009632563,0.008300217,-3.1046607e-06,0.0052787606,0.0011452532,0.008683499,0.0044264295,-5.845353e-07,-9.109511e-06,-1.6006285e-05,-1.0998857e-05,0.0069764764,-4.685293e-06,-7.2320444e-07,0.008250033,0.0052688355,1.7099835e-07,0.0045528375,-1.5017315e-05,0.005484585,-5.4644393e-06,0.007923065,0.007635401,0.005504375,0.0101275,-2.6665853e-06,0.004385437,-1.6786917e-05,0.0012828703,-6.273916e-06,0.0037923604,0.0017976426,-3.8837425e-06,0.0070732194,0.004725621,1.3059533e-06,-4.247426e-06,1.4798393e-06,0.009012434,0.0079326155,0.007413539,-1.0261746e-05,-9.398204e-06,-4.674558e-06,0.007936625,0.008225934,0.010533703,0.0037199662,0.0032623154,-2.0102578e-05,0.0033477065,0.0036237848,0.0072902264,0.00086107774,0.005453456,-1.5951e-05,0.008586892,0.009080283,-7.912098e-06,0.0050049596,7.0595515e-06,0.003856065,-3.4972442e-07,-2.7669548e-06,2.7486192e-06,-1.0142657e-05,0.003397916,-1.6647386e-05,-7.0175633e-06,-1.3840456e-05,-1.1622301e-05,0.0071622008,-4.724251e-06,-1.5725767e-05,0.0015006101,-3.4760237e-06,0.022758402,-3.6071267e-06
0.00919894,0.009108084,0.011755309,0.0036398554,0.012424414,0.0072901817,0.009455731,0.01258128,0.010229747,0.010055546,0.010642485,0.0045070904,-3.247478e-05,0.0,0.011950185,0.011528653,0.010104976,0.010316845,0.0071047456,0.012510253,0.01255266,0.00048844976,0.009696523,0.010082893,0.004217743,-3.3792126e-05,0.009692772,0.004731836,0.009752822,-3.329381e-05,0.013714094,-3.293519e-05,0.012738307,0.012766061,0.0036891017,0.01220453,0.009641373,0.011311028,0.010521225,0.0049120854,-3.1736537e-05,-3.478839e-05,-3.0445997e-05,0.011814018,0.0034371645,0.0052776765,0.012459594,0.01176036,-2.9005378e-05,0.010409403,0.00036247962,0.011389672,0.007311276,0.012543903,0.0118344,0.011232694,0.012851183,0.007744841,0.010596232,5.9595684e-05,0.009293634,0.005146202,0.010423163,0.009675384,0.00784505,0.011386691,0.010649426,0.007842185,-3.4385335e-05,0.0065646893,0.011277638,0.011622087,0.012949692,0.0024489288,0.003278345,0.007615202,0.012858606,0.012211087,0.011552559,0.010987327,0.010908373,0.0010714948,0.011190261,0.009953164,0.011729618,0.008643994,0.012016037,0.0026541236,0.012260333,0.013343995,-3.5089586e-05,0.011275224,0.010357,0.010459254,0.0058535836,0.008225795,0.006731248,0.006432895,0.009684028,-2.8353657e-05,0.0048481994,0.0047401628,0.006186544,0.012645362,0.003469749,-2.9830499e-05,0.010473537,0.0075782486,0.019356964,-3.350852e-05
0.010252876,0.0100813275,0.013529754,0.0048763747,0.013913385,0.007546378,0.010501212,0.0144998515,0.011804462,0.0117388135,0.012566174,0.0057144146,0.0025288584,0.012373286,0.0,0.013116546,0.0122698685,0.012558395,0.008039898,0.015890626,0.015556981,0.002112741,0.010435969,0.011141596,0.0058874483,0.0015552645,0.011058102,0.0054188664,0.0109849535,-2.8152295e-05,0.01570653,-2.6212232e-05,0.016145946,0.014777831,0.005472807,0.012709551,0.0100096725,0.015915435,0.012277399,0.0059599197,-2.6306701e-05,-3.0043118e-05,-2.8814606e-05,0.0146458,0.004082486,0.0067778835,0.014855926,0.012590281,-3.0592626e-05,0.013071465,0.001968112,0.013007198,0.008344363,0.015278998,0.01500045,0.013150536,0.016353935,0.008183709,0.0122243455,0.0013751982,0.010156358,0.0066790916,0.011682184,0.010448393,0.008744245,0.014857688,0.012595389,0.00791111,-2.790175e-05,0.0075341156,0.016146498,0.015616034,0.014064355,0.0039713825,0.004924305,0.008019242,0.014448635,0.015517054,0.016765386,0.011558393,0.011511322,0.0026091693,0.011485357,0.0116991475,0.014678776,0.009823535,0.012772229,0.004184177,0.015954578,0.015250196,-2.6564576e-05,0.012570486,0.010122996,0.01192566,0.0062702536,0.008775644,0.008750164,0.008298259,0.01151399,-2.5648771e-05,0.0060045,0.0056950706,0.006656438,0.013812632,0.0056097447,-2.7288368e-05,0.0104740085,0.0073794117,0.021788493,-2.9801107e-05
0.009064202,0.009040016,0.011907128,0.0038413012,0.012310131,0.006651579,0.009449789,0.012609013,0.010411361,0.0103092855,0.010886205,0.0044035977,0.0009963707,0.011324643,0.012301054,0.0,0.010543192,0.010732521,0.0070080576,0.0129105775,0.012899048,0.00052917015,0.00951366,0.010212331,0.004633704,-2.8328564e-05,0.009755147,0.0041433875,0.009723254,-3.0270214e-05,0.013684593,-2.7515209e-05,0.0130522605,0.012908768,0.0039945794,0.011694978,0.009217164,0.011920415,0.010782626,0.004869968,-2.7531245e-05,-2.9368939e-05,-2.4851752e-05,0.012153157,0.0029582751,0.0055086617,0.012766276,0.011490891,-2.892566e-05,0.0108632725,0.00027718168,0.01155793,0.0075071463,0.012770317,0.012268724,0.011485829,0.01320803,0.007129313,0.010741047,-3.1387815e-05,0.0091058,0.005585225,0.010495821,0.009512147,0.0077758045,0.0120298695,0.010951794,0.0069957366,-3.0032004e-05,0.0064138286,0.011978919,0.012353214,0.012762005,0.0026758227,0.0035951727,0.006985211,0.012837552,0.012670601,0.012094782,0.010632349,0.010428428,0.0012858859,0.010649495,0.010224942,0.012117309,0.008720717,0.011677144,0.0025622388,0.0127962325,0.013374657,-2.8853883e-05,0.01126259,0.0089962045,0.010674338,0.005276815,0.007799599,0.0073236963,0.0069281347,0.010184275,-2.4822612e-05,0.004780197,0.0044745225,0.00568565,0.012557784,0.0040960326,-2.4620047e-05,0.009660618,0.006355662,0.018359637,-2.9294644e-05
0.008103711,0.007928587,0.010755448,0.0027688958,0.011248227,0.0053859297,0.008409451,0.01162377,0.009429639,0.009496063,0.0103306165,0.0032454068,0.00046097752,0.01015938,0.011706842,0.0106039485,0.0,0.010075395,0.005792508,0.012049516,0.011893979,-2.3990413e-05,0.008382245,0.009149951,0.0036151954,-2.407706e-05,0.008756711,0.0027569025,0.008814016,-2.0516907e-05,0.012606269,-1.867844e-05,0.012217138,0.012032401,0.0032669364,0.0103782555,0.0077753244,0.011540914,0.0099263685,0.0035151488,-2.3604664e-05,-2.131204e-05,-2.3303548e-05,0.0114557315,0.001400977,0.004602063,0.011903862,0.010464725,-2.1174308e-05,0.010124898,-2.0425885e-05,0.01067777,0.0065167286,0.0118122,0.011642211,0.01059691,0.012030651,0.005761147,0.009931061,-2.3209057e-05,0.008067258,0.0046578343,0.009586577,0.008365903,0.0066043036,0.011396361,0.010289737,0.0055263387,-2.1250024e-05,0.005319343,0.011636493,0.011667172,0.011433824,0.0018253645,0.0026217545,0.0055086534,0.011756222,0.0115984185,0.011984656,0.009468462,0.009266242,0.00016503678,0.009208376,0.0094269635,0.011444766,0.007494637,0.01039953,0.0013987756,0.011697961,0.012105138,-1.9077328e-05,0.010267902,0.0073282756,0.009675528,0.0039735786,0.006366136,0.006560014,0.006180941,0.00942919,-2.1378817e-05,0.0036142734,0.0031207248,0.0042471057,0.011330641,0.0032035017,-2.5130732e-05,0.008354533,0.0043389513,0.017333716,-2.5345027e-05
0.008064355,0.007971656,0.010859248,0.002839161,0.011328985,0.0054015266,0.008525976,0.011690026,0.0096013285,0.0095756985,0.010400004,0.0032220965,0.0006528722,0.010096446,0.011849307,0.010919589,0.01010963,0.0,0.005929348,0.012465815,0.0122443745,-2.5692223e-05,0.008338432,0.009216419,0.0038266387,-2.420511e-05,0.008850205,0.002912373,0.009005418,-2.7666905e-05,0.012763662,-2.3147093e-05,0.012586557,0.01211145,0.003351843,0.01027737,0.007815748,0.011586877,0.010057286,0.0036656247,-2.3340486e-05,-2.6967344e-05,-2.5033372e-05,0.011628108,0.0015226856,0.004834494,0.012060417,0.010492727,-2.3467506e-05,0.010264282,-2.1493815e-05,0.010721974,0.0064868513,0.012064414,0.011982581,0.010683654,0.012205944,0.005784821,0.010052158,-2.4368304e-05,0.008224861,0.0048189745,0.0096715465,0.008520012,0.0066926717,0.01155027,0.010378378,0.005463245,-2.3123634e-05,0.0054575177,0.011593865,0.0118758995,0.011353648,0.0019600694,0.00270211,0.0056489967,0.011877797,0.011736486,0.011727494,0.009616681,0.009407317,0.00015612174,0.0092658475,0.009488972,0.0117683625,0.0076144272,0.01050049,0.0017281424,0.0119336285,0.012139189,-2.3278035e-05,0.010329211,0.0071374797,0.009740989,0.004073972,0.0065415087,0.006878067,0.006440821,0.00952594,-2.58292e-05,0.0038276464,0.0033829643,0.00439321,0.0114443125,0.0036743926,-2.7908854e-05,0.008311265,0.004203682,0.017487723,-2.3683206e-05
0.005593867,0.0052730436,0.008956952,-3.0169871e-05,0.009455698,0.0029231869,0.0060550543,0.00983912,0.0071854214,0.0070428876,0.007791313,6.561575e-05,-2.7126425e-05,0.008361371,0.009548969,0.008491685,0.0073013706,0.0075264513,0.0,0.010481057,0.010114217,-2.6038802e-05,0.0062443293,0.0068827197,0.00039247383,-3.105014e-05,0.0066665397,0.0004089224,0.006436204,-2.2580496e-05,0.0114366375,-3.0135036e-05,0.010625434,0.010389448,-3.0236168e-05,0.008757046,0.0059614824,0.008857711,0.00762888,0.00083129935,-2.407974e-05,-2.3734246e-05,-2.8922264e-05,0.009164794,-2.4496221e-05,0.0014431914,0.010102386,0.008713454,-2.4860823e-05,0.0074878177,-2.9868417e-05,0.008510991,0.0037892612,0.010023511,0.009595495,0.008286124,0.010725672,0.0037988983,0.0074731964,-3.1302745e-05,0.006050699,0.0011229183,0.007404734,0.0061331973,0.004194132,0.009098132,0.0077924044,0.0035815556,-2.9761173e-05,0.0025033385,0.008921697,0.009547264,0.0099407155,-3.0366627e-05,-3.0004621e-05,0.0033354708,0.010090004,0.009678652,0.009534637,0.007695549,0.0072055985,-2.3898703e-05,0.0075623547,0.006817089,0.009464621,0.0048343097,0.0088497335,-2.4366906e-05,0.009931845,0.010721504,-2.9945177e-05,0.008110683,0.006770597,0.0075547295,0.0015159791,0.0040784045,0.0029824316,0.002879671,0.0066892332,-2.22041e-05,0.00048033323,0.00057842454,0.0020329508,0.009811079,-2.4492694e-05,-2.5433432e-05,0.0067838873,0.0032341355,0.018655466,-2.452994e-05
0.013370502,0.012856292,0.016600257,0.007677132,0.017067738,0.010590188,0.013231805,0.017557265,0.014864084,0.014699576,0.016022155,0.009024511,0.005521296,0.015613091,0.018049033,0.016180547,0.015306618,0.015557333,0.011283523,0.0,0.019521082,0.0054924698,0.013633239,0.014209044,0.009332509,0.0056847027,0.014544934,0.008982605,0.013718742,-2.8176531e-05,0.02021488,0.0005836412,0.020697879,0.018592307,0.008428639,0.015838798,0.013157268,0.020036794,0.015393276,0.009274191,0.00055363344,-2.6932856e-05,-2.921568e-05,0.017818665,0.0077072247,0.009744815,0.018927136,0.01567442,-2.8235545e-05,0.015898148,0.0053229216,0.016161626,0.011162508,0.018284671,0.018558025,0.016283406,0.020531125,0.0112245465,0.015283267,0.0048346077,0.013301215,0.009475422,0.014511212,0.013619672,0.01173678,0.018307863,0.015711127,0.011315056,-3.0356689e-05,0.010735877,0.02023411,0.019379592,0.017276501,0.006813419,0.008285806,0.011207098,0.017429795,0.018544344,0.021821808,0.014319164,0.014233208,0.005936285,0.014515148,0.014365016,0.017861526,0.012292479,0.015578729,0.007877037,0.019106042,0.018483823,0.0009463932,0.015511471,0.014120426,0.015361207,0.0095345285,0.011776776,0.011718837,0.011266492,0.014774158,-2.7700511e-05,0.008999801,0.009049637,0.009877993,0.017179472,0.008628792,-3.113845e-05,0.013733529,0.010997053,0.028910024,-3.2205455e-05
0.012372345,0.01203816,0.0156074455,0.006871601,0.016300851,0.009753169,0.012375625,0.01679227,0.013893666,0.01380456,0.01475543,0.007898553,0.004396413,0.014767413,0.016826168,0.015281805,0.013993042,0.01446908,0.010148126,0.018816123,0.0,0.004473167,0.012645237,0.013271902,0.008066027,0.0041252146,0.013425228,0.007846028,0.012894855,-3.2060674e-05,0.018718269,-2.8050745e-05,0.019276096,0.017382583,0.0074024918,0.015120616,0.012196327,0.018011235,0.014201771,0.008143649,-3.007958e-05,-2.9011617e-05,-3.316428e-05,0.016631283,0.006543527,0.008776077,0.017447028,0.014903667,-2.9498868e-05,0.0147878155,0.004242513,0.015189776,0.010397478,0.017262846,0.016952865,0.0152092,0.019576157,0.010309565,0.014198811,0.003706066,0.012470604,0.008509121,0.013546165,0.012768474,0.010821451,0.016955076,0.0144583825,0.010277239,-2.9564682e-05,0.009660925,0.018173577,0.017718878,0.016526572,0.005943466,0.007192347,0.010170313,0.016653676,0.017617352,0.019341236,0.013683922,0.013476687,0.0048392117,0.01379333,0.013392912,0.016502764,0.01168182,0.014929531,0.0066838455,0.018076599,0.017607352,-2.8944918e-05,0.014737804,0.013067075,0.014259636,0.008445677,0.010782397,0.010590293,0.01021562,0.013733124,-2.9947234e-05,0.008073703,0.007989223,0.008867916,0.016272737,0.007574732,-3.113176e-05,0.012744238,0.0100438595,0.02666945,-3.2711065e-05
-1.8577564e-05,-2.267302e-05,0.0061492855,-2.5371712e-05,0.0068596387,-2.0459933e-05,0.0002828657,0.007926074,0.0026364373,0.0023176025,0.0044832462,-1.959504e-05,-2.6599258e-05,0.004841667,0.008103864,0.005145752,0.0029303574,0.0031791448,-1.8408022e-05,0.011183889,0.010195329,0.0,0.0010900059,0.002186761,-2.1150501e-05,-3.0080791e-05,0.0011827005,-1.519511e-05,0.0009576414,-1.4922239e-05,0.011953559,-2.3034174e-05,0.011520684,0.009098027,-1.92821e-05,0.005358752,0.0007433815,0.010895793,0.0037070264,-2.7971533e-05,-2.8413473e-05,-1.8743518e-05,-2.6288004e-05,0.007532648,-1.8966439e-05,-2.8697506e-05,0.009096552,0.0051341625,-2.9188046e-05,0.0041955435,-2.7298678e-05,0.0051927217,-1.661997e-05,0.009100277,0.008819048,0.0049959244,0.012380737,-2.3915665e-05,0.003183079,-2.8520199e-05,0.00015267616,-2.7985026e-05,0.0027985408,0.0006513655,-3.304678e-05,0.008199147,0.003916183,-2.6374388e-05,-2.8309247e-05,-2.2264161e-05,0.011343096,0.009606371,0.008072973,-2.5434536e-05,-2.3509096e-05,-2.1139662e-05,0.008319104,0.009803658,0.013602405,0.0030894077,0.0024353557,-1.7938517e-05,0.0031545341,0.0018824615,0.008255651,-2.0285905e-05,0.0053773723,-3.0162953e-05,0.010574481,0.010253628,-2.3534916e-05,0.0044537755,0.0025781807,0.003395269,-3.165913e-05,-1.9957295e-05,-2.555077e-05,-1.7270952e-05,0.0019298007,-2.3633198e-05,-2.3202407e-05,-2.5907682e-05,-1.5703272e-05,0.007384102,-1.993984e-05,-2.4536197e-05,0.0017469152,-2.7712795e-05,0.027622972,-3.2114865e-05
0.0074080946,0.007197558,0.010144982,0.0014295623,0.010958675,0.0050662113,0.0077943793,0.011035093,0.008721452,0.008590178,0.009182609,0.0025763267,-3.388684e-05,0.009956517,0.01054671,0.009850638,0.008699104,0.00874806,0.0054070945,0.01118123,0.011122966,-3.2328433e-05,0.0,0.008593407,0.0024990165,-3.0546016e-05,0.008338288,0.0027135026,0.008131131,-2.7890894e-05,0.01241001,-3.026079e-05,0.011451333,0.011524523,0.00177611,0.01049712,0.008050171,0.009380023,0.009105657,0.0031106425,-2.8685778e-05,-3.2703618e-05,-3.253428e-05,0.010301427,0.0012411186,0.003540137,0.011245389,0.010164121,-2.5491105e-05,0.008838363,-3.224967e-05,0.009787373,0.0057246364,0.010901574,0.0104105435,0.009808612,0.0112716025,0.006005095,0.00899631,-3.2717646e-05,0.007853554,0.0033177733,0.008946458,0.008005992,0.006207269,0.010036652,0.009134623,0.005992293,-3.1025338e-05,0.0048076506,0.009425844,0.010286119,0.011237653,0.000121512305,0.0014131591,0.0055219885,0.01137954,0.010557726,0.010022589,0.009366826,0.009090524,-3.2989105e-05,0.0094138,0.008356299,0.010424104,0.006752828,0.010423737,0.0005048877,0.010655885,0.01180529,-3.1831456e-05,0.009608565,0.008822767,0.009184232,0.004024763,0.006278595,0.0050934646,0.00478846,0.008276109,-2.8661601e-05,0.002872975,0.0028551077,0.004336983,0.011175119,0.0018530743,-3.124874e-05,0.008776673,0.005708874,0.018369751,-2.853751e-05
0.0078025567,0.007645759,0.010427596,0.0022201324,0.011093901,0.005469497,0.008133708,0.01133141,0.009077512,0.009035667,0.009588127,0.003067938,-2.6124142e-05,0.0101739485,0.010644583,0.01028552,0.009111084,0.009374308,0.005804378,0.0111990925,0.011352447,-2.6657783e-05,0.008389456,0.0,0.0030229692,-3.2022373e-05,0.008544495,0.002816773,0.008500859,-2.6323547e-05,0.012398734,-3.0713258e-05,0.011500086,0.011685636,0.0025977646,0.0106263645,0.0082105175,0.009545321,0.00942171,0.0034209837,-2.766955e-05,-2.6643967e-05,-3.164284e-05,0.010569768,0.001601977,0.004251224,0.011282231,0.010382398,-3.0749015e-05,0.009254437,-2.804144e-05,0.010126772,0.006114679,0.011100121,0.010644279,0.010047098,0.011269866,0.00621148,0.0093908245,-2.8213428e-05,0.008133997,0.004021292,0.009361111,0.008232742,0.006469759,0.01025326,0.009515837,0.0059728096,-2.7895898e-05,0.005238262,0.0095163705,0.010351106,0.011388496,0.001221051,0.0020369114,0.0058313785,0.0114633115,0.010780943,0.010231459,0.009618192,0.009296678,-3.0484527e-05,0.00954724,0.00876694,0.010657259,0.007352509,0.010507894,0.0006838367,0.01072099,0.011839018,-2.8799459e-05,0.01005157,0.008286419,0.009481362,0.004079773,0.006512124,0.00569552,0.0055615283,0.008791567,-2.8059532e-05,0.0033595867,0.0030827338,0.0046427753,0.0112720905,0.0026815126,-2.7393256e-05,0.008650112,0.0052834633,0.017658576,-2.6899488e-05
0.003883948,0.0034709345,0.007909602,-3.1822932e-05,0.008416538,0.00040094258,0.0042841905,0.008921371,0.005739876,0.0055680773,0.006741877,-2.782882e-05,-3.205016e-05,0.006975119,0.008683898,0.0073292516,0.0060259267,0.006271273,0.0013738602,0.009616385,0.009778753,-3.3167013e-05,0.004547448,0.005314599,0.0,-2.6372065e-05,0.005094137,-2.7390059e-05,0.0048236665,-2.2207227e-05,0.011143675,-2.5987834e-05,0.01047708,0.009731621,-2.8189443e-05,0.0072825793,0.004077323,0.008788478,0.0063758525,-2.9786443e-05,-2.9217681e-05,-2.5987782e-05,-2.5015534e-05,0.008389725,-3.488301e-05,-2.6997805e-05,0.009559591,0.0073082736,-2.4543084e-05,0.0064013093,-2.7655611e-05,0.007310028,0.0016123353,0.009418285,0.008899451,0.007256209,0.010238993,0.0015303665,0.006210807,-2.8207342e-05,0.0044492576,-3.402864e-05,0.00601497,0.004465788,0.002139691,0.0084234895,0.006471159,0.001116192,-3.0771622e-05,0.00036457242,0.008963247,0.008708824,0.0091143055,-3.289479e-05,-2.7876966e-05,0.0009444703,0.009167156,0.009379155,0.0098216655,0.006128362,0.005534328,-3.4269295e-05,0.0059109493,0.0054478343,0.008861045,0.0029852916,0.00743984,-3.2098975e-05,0.009795477,0.010366173,-3.2048414e-05,0.006972239,0.004656359,0.0063158963,-3.3744476e-05,0.0019345841,0.0010690286,0.0009225395,0.0052869776,-2.6430758e-05,-3.293881e-05,-2.8345305e-05,-3.3640023e-05,0.008876944,-2.9024834e-05,-2.3776844e-05,0.004673775,0.00035628816,0.020449234,-2.9259878e-05
3.9045262e-05,3.3237837e-05,0.0061593163,8.978301e-06,0.0066507854,1.20649265e-05,0.0003468628,0.007699165,0.0026736844,0.0024135716,0.004446396,8.1481385e-06,-1.0733924e-07,0.0041863793,0.008124851,0.0049723918,0.0032991972,0.0037381176,2.3387494e-05,0.011407537,0.010211007,2.4529385e-07,0.0008557455,0.0016811125,6.453604e-06,0.0,0.0020727848,1.5046436e-05,0.0009837968,-1.2630289e-06,0.011922728,-3.025852e-06,0.011639696,0.0090497285,3.8349635e-06,0.004715677,3.1914584e-05,0.011339234,0.0036363485,1.7643879e-05,-1.1052835e-05,-1.2506041e-06,-9.639295e-06,0.0075639896,1.2018691e-05,1.3437342e-05,0.009311362,0.004899236,-5.887547e-06,0.0043804077,3.7305053e-06,0.005024474,2.5027115e-05,0.009187692,0.009035542,0.0049737385,0.012658998,2.0557209e-05,0.0031860466,2.479032e-06,0.00063757837,1.4319073e-05,0.0027341456,0.0007919234,2.4378358e-05,0.008258523,0.003882484,2.2512631e-05,-1.1965136e-05,2.160586e-05,0.011764815,0.009978763,0.007643557,3.4690988e-06,4.862257e-06,1.8186336e-05,0.008107689,0.010266105,0.014150536,0.002733033,0.0022810565,-7.766165e-06,0.002363572,0.002577833,0.008426547,2.2666913e-05,0.0049606687,1.1626438e-05,0.011233339,0.010215483,-2.1388103e-06,0.0040555666,0.0020310308,0.0035051655,1.06865955e-05,2.2347249e-05,2.1090525e-05,1.7998978e-05,0.002370614,-1.30776825e-05,1.1606668e-05,9.041807e-06,1.7310418e-05,0.007165434,5.133203e-06,3.3872918e-06,0.0010632984,2.397827e-05,0.028658338,-2.6961206e-06
0.007521568,0.007233038,0.010238207,0.0012159548,0.01094661,0.0048620403,0.007719563,0.011049975,0.008793665,0.008684346,0.009365038,0.0026246111,-2.9387069e-05,0.00977819,0.010639268,0.010023963,0.008885618,0.0091075655,0.005628786,0.011384888,0.011387864,-2.6402133e-05,0.008190286,0.008719756,0.003131391,-3.230987e-05,0.0,0.0026795282,0.008042775,-3.3228243e-05,0.012624115,-3.2008607e-05,0.011609223,0.011829961,0.0020384567,0.010198086,0.007884651,0.010054713,0.009107301,0.003195418,-2.7361833e-05,-2.8751412e-05,-2.9472041e-05,0.01047878,0.00091798586,0.0038203853,0.0115522295,0.010164755,-2.8155086e-05,0.009049025,-2.725185e-05,0.009899723,0.0055735656,0.011150523,0.010524077,0.0099264,0.011500231,0.005927278,0.009095253,-2.6295884e-05,0.008203361,0.003506127,0.009004374,0.008045291,0.00627212,0.010209514,0.009366644,0.0055904617,-3.0282965e-05,0.0049522566,0.010038219,0.010434645,0.011098803,-3.2806733e-05,0.0021732696,0.0053617544,0.0111892745,0.010670584,0.010203082,0.009106578,0.0089540165,-2.6495405e-05,0.009241583,0.008423793,0.010570706,0.00648104,0.010113955,0.0010495421,0.010781438,0.01191503,-2.7063072e-05,0.009738435,0.008639008,0.009335866,0.0036569294,0.0061197234,0.005382412,0.004985196,0.008704802,-2.9690005e-05,0.0027894322,0.002987286,0.004363084,0.011221593,0.0019393234,-3.058377e-05,0.008387147,0.005254746,0.01801024,-2.7155042e-05
0.0028148296,0.0021502147,0.007418801,-2.3273478e-05,0.007918007,-2.3369897e-05,0.0031922113,0.008807734,0.004950642,0.0046800715,0.006634231,-1.6362415e-05,-2.3783103e-05,0.0065872846,0.00966053,0.007166271,0.0057808543,0.006176976,-1.7754364e-05,0.011966338,0.010892323,-1.4849419e-05,0.003718291,0.004392943,-2.317255e-05,-1.7215905e-05,0.0039040826,0.0,0.0035361254,-1.9914653e-05,0.011697041,-2.4433397e-05,0.012256002,0.0104316175,-1.3719693e-05,0.00705504,0.003575787,0.012261932,0.00570142,-1.5241099e-05,-2.2267246e-05,-1.4485586e-05,-1.5292391e-05,0.009162154,-1.6301967e-05,-1.8306751e-05,0.010412366,0.006903313,-2.3454406e-05,0.00636734,-1.4037714e-05,0.007374112,0.00015909864,0.010192956,0.010201715,0.007147746,0.012454746,0.0011359896,0.0056788325,-2.1510163e-05,0.0031716223,-2.1052501e-05,0.005041908,0.003672445,0.0008745359,0.009724679,0.0064293123,0.001432975,-2.0707172e-05,-1.909899e-05,0.012433826,0.010815896,0.008805027,-1.7100057e-05,-2.2971788e-05,0.00057235826,0.009533049,0.010482394,0.013926034,0.0052841725,0.0050568134,-2.3721888e-05,0.0053951587,0.0044096676,0.010000484,0.0018841632,0.007013798,-1.9149225e-05,0.010919165,0.010997215,-1.4382567e-05,0.0067089386,0.006164058,0.005477164,-1.8315786e-05,0.0014812872,-1.9112775e-05,-1.8677953e-05,0.0043890458,-3.0041036e-05,-1.5122537e-05,-1.3227615e-05,-2.0936175e-05,0.008854268,-1.695929e-05,-2.034593e-05,0.004861103,0.0019049855,0.023875084,-1.4192605e-05
0.0074794213,0.0074121356,0.010159075,0.0019578398,0.010594266,0.0048780814,0.007864808,0.010718742,0.008740912,0.008562318,0.009182925,0.002686642,-2.4691453e-05,0.009708421,0.010409989,0.009825649,0.008837648,0.008907171,0.005398977,0.010549173,0.010821417,-2.4823334e-05,0.007981001,0.008486038,0.0027530815,-2.8140594e-05,0.008129303,0.0023162372,0.0,-2.8898441e-05,0.011762832,-2.755342e-05,0.010814374,0.011209086,0.0024073718,0.009991779,0.0075306157,0.009149343,0.009131744,0.0032472524,-2.7064869e-05,-2.8218046e-05,-2.891878e-05,0.0101967035,0.0011448108,0.003812993,0.010921505,0.009963784,-2.3886854e-05,0.008934177,-2.9531753e-05,0.009775872,0.005764176,0.010688735,0.01016943,0.009680506,0.01080164,0.0056409994,0.008997257,-2.3441216e-05,0.0076412847,0.0037997754,0.008880603,0.007926147,0.006228956,0.009736968,0.009195335,0.0054410053,-2.2149092e-05,0.004730802,0.009170967,0.010003101,0.010994082,0.00088658254,0.0017179645,0.0053772833,0.011060211,0.010316073,0.009758718,0.0091140205,0.008850799,-2.3664828e-05,0.009035107,0.0086585,0.01013936,0.0069607995,0.010149364,0.0006974711,0.010256691,0.011463959,-2.4209252e-05,0.009490297,0.0073881457,0.008886124,0.0037878652,0.00616733,0.0055885953,0.005341068,0.008442097,-2.7405036e-05,0.0030959637,0.002700277,0.0040867613,0.010814605,0.0024502997,-2.6563994e-05,0.008234392,0.004586821,0.017324354,-2.8508555e-05
-1.0487407e-06,1.4106981e-06,1.0122402e-05,-3.94512e-06,0.00047228712,1.2107364e-05,-4.50704e-06,0.0034737885,-1.3842382e-06,1.3280466e-08,1.7720393e-05,-9.536348e-06,9.621579e-07,1.9978268e-05,0.0033870684,1.126869e-05,1.8785873e-05,6.8218574e-06,-7.750419e-06,0.012687181,0.009890892,-1.0324253e-06,4.510721e-06,1.8706522e-05,9.1117145e-06,5.0093918e-06,9.794918e-06,-9.69368e-06,1.6499936e-05,0.0,0.013444595,-1.5078432e-05,0.013073415,0.005673781,1.1557885e-05,1.9270296e-05,-7.835692e-06,0.013668126,1.088931e-05,1.46149905e-05,1.1743525e-05,1.0594831e-05,8.844511e-06,0.0022678466,8.558442e-06,-1.4172433e-05,0.006179182,4.672896e-06,-9.77798e-06,-2.419305e-06,-1.8062134e-05,1.1236071e-05,3.3966294e-06,0.0061471188,0.005804689,1.4195487e-05,0.015426335,1.0454002e-06,2.0627149e-05,-1.7385071e-05,-4.9880427e-06,-5.8325995e-06,-8.341769e-06,6.099517e-06,1.6462982e-05,0.004650426,-2.22322e-06,1.759376e-05,-6.2102968e-06,-1.4460046e-06,0.0146909375,0.008782684,0.0038462104,9.714673e-06,1.1898304e-05,1.4573952e-05,0.00371594,0.008635949,0.021219568,-1.5165558e-06,8.240201e-06,-1.6247266e-05,9.971683e-06,9.919548e-06,0.0038943088,4.863569e-06,1.04272485e-05,-1.3805997e-05,0.01059361,0.009242347,1.1623305e-05,1.6531389e-05,1.3296383e-05,-3.1242344e-06,9.847808e-06,9.2006785e-06,1.0196443e-05,1.5637474e-05,-5.735483e-06,-1.7999513e-05,-8.090072e-06,1.1761204e-05,3.8841986e-06,0.0018130491,1.9696015e-06,-1.7699904e-05,1.1106181e-05,-5.186697e-06,0.042016447,6.801729e-06
0.014320156,0.013724368,0.016999153,0.00881661,0.017677914,0.012073523,0.014270718,0.01807145,0.015423973,0.015481646,0.016117906,0.010242449,0.0059664315,0.016649058,0.017709078,0.016557096,0.015398842,0.015736425,0.012549708,0.019912189,0.019366192,0.0069914954,0.0149821425,0.015065044,0.010730846,0.0070486083,0.01574116,0.010542108,0.014749642,0.0004157369,0.0,0.0020820585,0.020057922,0.01876233,0.009654066,0.01676061,0.014608883,0.01824028,0.015759889,0.010674682,0.0015581655,-2.7220112e-05,-2.9921423e-05,0.017429827,0.0091522485,0.010900103,0.0188642,0.0167023,-2.7132777e-05,0.0155411875,0.00689828,0.01659503,0.012152965,0.018047428,0.017816776,0.016488377,0.019939462,0.012818046,0.015639076,0.0062663285,0.014665371,0.010581154,0.015269541,0.014857751,0.013146443,0.017504059,0.015886504,0.012726133,-3.114209e-05,0.012042539,0.018539205,0.018338328,0.018097956,0.007624075,0.009803196,0.0125094,0.018149413,0.018272176,0.019649364,0.015481533,0.015413138,0.0072973426,0.01591916,0.014896247,0.017472206,0.013155445,0.01652202,0.00943557,0.018562445,0.01890631,0.0023244969,0.01635949,0.01587408,0.015991002,0.010953217,0.013044874,0.01253116,0.011974365,0.015279626,-2.9063505e-05,0.010361051,0.010680045,0.011397373,0.018144643,0.009680401,-2.7400636e-05,0.015167559,0.012717881,0.029047346,0.0009716164
-1.9164234e-05,-1.1080407e-05,0.0015825675,-7.243036e-06,0.0027948914,-1.9421668e-05,-1.8885514e-05,0.005243574,-7.9910177e-07,-1.2468133e-05,-7.487685e-06,-1.2997136e-05,-1.1671141e-05,-8.653462e-06,0.0054808627,-1.6854347e-05,1.5275428e-06,-6.930852e-06,6.667129e-06,0.012822379,0.010626015,-2.8771171e-06,4.6884584e-06,-8.719746e-06,-7.6177803e-06,-1.3200963e-05,-1.0883049e-05,-2.0888656e-06,-7.028918e-06,-1.598456e-05,0.0136693185,0.0,0.013270453,0.00746939,-8.052831e-06,3.21361e-06,-1.6789902e-05,0.01294186,-1.5839847e-05,7.815557e-06,4.94684e-06,7.5472217e-06,-1.0560611e-05,0.0044399905,4.7757862e-06,7.655503e-06,0.007801015,-5.264695e-06,-1.8093913e-05,-7.6274478e-06,3.0884278e-06,-2.051794e-05,-7.6940165e-07,0.007572215,0.007371132,-5.8575324e-06,0.015182077,-5.179171e-06,1.8100275e-06,-7.066698e-06,-4.1946873e-06,-1.89135e-05,-1.4585483e-05,-1.0670504e-05,-3.700634e-07,0.0063201906,-1.7696417e-05,-1.9371439e-05,-1.0175964e-05,-1.3874733e-05,0.013881086,0.009428464,0.005444935,-1.4093993e-06,-2.1216178e-05,-1.0350945e-05,0.0056522065,0.009676285,0.018534435,-2.0800406e-05,-1.9398994e-05,-3.3114047e-06,-6.0180714e-06,-3.957694e-07,0.0057397364,-2.1968952e-05,-1.4504294e-06,-1.7687613e-05,0.011293002,0.010149122,3.4929585e-06,-7.56724e-06,-1.0204857e-05,-7.914921e-06,3.0913086e-06,-6.37766e-06,6.9920034e-06,-4.481889e-06,-9.5055475e-06,-5.4524453e-06,-5.1559014e-06,7.0758574e-06,-1.2209657e-05,0.0039004711,3.9816123e-06,-2.182093e-05,-2.1383281e-05,6.427255e-06,0.038595945,-1.0522282e-05
0.013360436,0.012896566,0.016670015,0.008070164,0.01720951,0.010697107,0.01342124,0.017627599,0.014851132,0.014836773,0.0159855,0.009021748,0.0057433234,0.015551112,0.01803367,0.016055202,0.015329343,0.015535536,0.011457265,0.020554924,0.019637961,0.0057950052,0.0137624545,0.014277639,0.009422281,0.0059471778,0.0144956475,0.00911858,0.013848819,-3.1543117e-05,0.020177858,0.0009087717,0.0,0.018600341,0.008708361,0.015790217,0.013255392,0.01993074,0.0153307365,0.009336627,0.001012874,-3.260408e-05,-3.163486e-05,0.017967703,0.0077949287,0.009994737,0.0188605,0.015652407,-3.093661e-05,0.015906466,0.0055778697,0.016311293,0.0113374,0.018183492,0.01860289,0.016230414,0.020530883,0.011449705,0.015391597,0.0052226614,0.013472828,0.0096329795,0.014498605,0.013730532,0.011896159,0.018478809,0.015677432,0.011440528,-2.8605851e-05,0.010860486,0.020270117,0.01922639,0.017217018,0.007091982,0.008494653,0.011241154,0.017508777,0.018581003,0.021845696,0.01444151,0.014426362,0.0060474332,0.014694071,0.014464673,0.017846268,0.012454256,0.015657885,0.008076883,0.019112134,0.018495927,0.0012721759,0.015698139,0.014172999,0.015382573,0.009568245,0.01182355,0.011735926,0.01128633,0.014690605,-3.157572e-05,0.009212132,0.009180841,0.009974646,0.01712717,0.00882037,-3.07145e-05,0.013680599,0.011107343,0.02898134,-3.150234e-05
0.011183421,0.010798763,0.014116991,0.0058283713,0.014854687,0.008670332,0.011348485,0.015021362,0.012634883,0.012511822,0.013234434,0.006749218,0.003041708,0.01341795,0.014909829,0.013881639,0.012825425,0.012995722,0.009151382,0.016586704,0.016135432,0.0032884546,0.011734639,0.012116302,0.0069946554,0.002511736,0.0123865325,0.006674244,0.011881871,-2.8566097e-05,0.017058311,-2.9192961e-05,0.016822062,0.0,0.0064066113,0.013726014,0.011229118,0.015495011,0.012891911,0.007047857,-2.8333998e-05,-2.7334187e-05,-3.0218776e-05,0.014682572,0.0053430693,0.007640467,0.015690625,0.013544884,-2.9414576e-05,0.013169156,0.003126985,0.013727378,0.009350281,0.015184435,0.015150358,0.013689344,0.016576227,0.009356408,0.013060564,0.0026219331,0.011534718,0.007424184,0.012475531,0.01152997,0.009902466,0.014816595,0.013264032,0.009304944,-2.634658e-05,0.008809063,0.015453697,0.015484243,0.014969881,0.00461244,0.0060273763,0.009254577,0.01495257,0.015217274,0.01607208,0.012521959,0.01239909,0.0037315858,0.012685406,0.012174002,0.014653841,0.010320483,0.013559722,0.005447966,0.015432019,0.015713627,-3.0759235e-05,0.013437912,0.012000671,0.013124872,0.0075252433,0.009683174,0.009453899,0.009061022,0.012523631,-3.0289568e-05,0.006952039,0.0068892776,0.007904933,0.014838376,0.006388962,-3.003365e-05,0.01174792,0.009008656,0.021652952,-2.9199427e-05
0.0037553401,0.0035692544,0.0076503768,-2.3563382e-05,0.008180866,0.0003494945,0.0043065026,0.008638846,0.0055423835,0.0054733637,0.0064774523,-2.5138139e-05,-2.270357e-05,0.0066658794,0.00831735,0.0072156526,0.005892326,0.006176699,0.0009666458,0.009345277,0.009395376,-2.6094527e-05,0.004299779,0.005252023,-2.4378825e-05,-2.2108148e-05,0.0045480262,-2.252135e-05,0.004773142,-2.625603e-05,0.010922599,-2.4877962e-05,0.010026788,0.009236176,0.0,0.007224123,0.003793013,0.008441898,0.006158857,-1.7914103e-05,-1.5367783e-05,-1.6290083e-05,-1.5454067e-05,0.008020388,-1.741299e-05,-2.6652157e-05,0.009185012,0.0072686165,-1.961413e-05,0.0061112754,-2.2461869e-05,0.007194994,0.0016675727,0.008947374,0.008223089,0.00710676,0.009754319,0.0011078664,0.0061228746,-2.5145575e-05,0.004018068,-1.7894612e-05,0.005730503,0.004222746,0.0019276491,0.007621987,0.0063707633,0.00093196984,-1.9862391e-05,2.7885531e-05,0.008434083,0.0081941765,0.008799263,-2.2789629e-05,-2.1418371e-05,0.00069032644,0.009015797,0.008410218,0.009541436,0.0059375227,0.005460027,-1.852666e-05,0.0055926205,0.005458376,0.008453617,0.0031159106,0.00740738,-2.5475985e-05,0.009037208,0.009982113,-1.7436727e-05,0.0068033896,0.0035293703,0.005873435,-1.8921059e-05,0.0017695291,0.0013805046,0.00094149006,0.005102399,-2.1045325e-05,-1.9897956e-05,-1.7425795e-05,-2.044851e-05,0.008504533,-2.0957119e-05,-1.8489924e-05,0.00445279,-2.063732e-05,0.019687321,-2.2215912e-05
0.009362102,0.009165804,0.012069676,0.0038712653,0.012699018,0.0074834013,0.009539837,0.012856308,0.010437319,0.010251997,0.010878226,0.0048193685,0.00011278068,0.012010434,0.012188267,0.011660392,0.010307477,0.010499443,0.0071589206,0.012862989,0.012876249,0.0010567579,0.009991601,0.010388268,0.0044184434,-3.296703e-05,0.009824804,0.0051042815,0.009951158,-3.3898752e-05,0.013871196,-3.6610065e-05,0.013011458,0.013037995,0.0039183954,0.0,0.009982216,0.011492623,0.010705132,0.0052770097,-3.2487304e-05,-3.1131254e-05,-3.124567e-05,0.0119134355,0.0038832168,0.005578804,0.012703495,0.012072526,-3.3955737e-05,0.010545795,0.0007527553,0.0115231145,0.007525279,0.012668519,0.012058422,0.011452731,0.013245394,0.008148745,0.010690951,0.00054703193,0.009563823,0.0053557614,0.010509833,0.009935321,0.007994191,0.011584766,0.010787943,0.008180777,-3.0131345e-05,0.006918843,0.011528443,0.012069821,0.013300224,0.002832382,0.0035592266,0.007813934,0.013022973,0.012454674,0.011726465,0.011271254,0.011153191,0.0013080096,0.011458858,0.010127717,0.011865782,0.008921685,0.012172067,0.0028770296,0.012559192,0.013565708,-3.6718255e-05,0.011389718,0.01075295,0.01071335,0.0061222296,0.008544977,0.0069336975,0.0067042205,0.009926751,-3.123261e-05,0.005025569,0.0050388323,0.0065658675,0.012921068,0.003755642,-3.2310174e-05,0.010693997,0.0080505675,0.019503627,-3.298209e-05
0.007106346,0.0067692557,0.010022552,0.00078625215,0.010609916,0.00491541,0.0074354536,0.010856794,0.008426442,0.008203757,0.0089470185,0.0022210218,-1.8962593e-05,0.009700784,0.010398359,0.009750663,0.008394447,0.008427322,0.004919564,0.011448078,0.011155712,-2.006261e-05,0.007913757,0.008454251,0.0020044174,-1.8095629e-05,0.007881344,0.0025892737,0.0077209207,-1.6298507e-05,0.0125565985,-1.6606975e-05,0.011663119,0.011461797,0.0011877358,0.010234984,0.0,0.009655149,0.008687437,0.0027314508,-1.885746e-05,-2.0118745e-05,-2.2060167e-05,0.010261412,0.0010195115,0.0032596572,0.01106971,0.009948447,-1.9486873e-05,0.0087197,-1.4517727e-05,0.009591009,0.0053237523,0.010954705,0.010466177,0.009477406,0.011636386,0.005999849,0.008815718,-1.7580924e-05,0.0075620236,0.002973219,0.008757181,0.007735591,0.005826636,0.010030801,0.0090054665,0.006063565,-1.8039631e-05,0.004537528,0.009744128,0.010378568,0.011151531,-1.9896996e-05,0.000847427,0.0053392816,0.011063141,0.010632691,0.01032211,0.00918195,0.008766839,-1.4605408e-05,0.009185136,0.00802499,0.010328469,0.006337452,0.010197001,-1.9964884e-05,0.010635101,0.011861552,-1.527111e-05,0.009470343,0.009172582,0.00891151,0.0036751635,0.006128623,0.0046637096,0.0043358253,0.007987791,-2.0096579e-05,0.0022061863,0.0026849257,0.0041251774,0.010992331,0.0016999451,-2.1363512e-05,0.008576368,0.005525261,0.018846102,-1.4949567e-05
0.01307677,0.012735099,0.016464926,0.007563824,0.016499387,0.010142151,0.013011765,0.01741285,0.014715166,0.014588519,0.015917078,0.008607087,0.0055083255,0.015230094,0.017907485,0.015974995,0.015183898,0.015457378,0.010675468,0.01970699,0.018795641,0.004938781,0.013212648,0.013903911,0.008689594,0.005046178,0.013790312,0.008423371,0.01346937,-2.6513246e-05,0.019290863,7.681203e-05,0.019761393,0.017854981,0.0082147755,0.015485672,0.012716161,0.0,0.015365194,0.008752995,0.00057710777,-2.720527e-05,-2.4398141e-05,0.017803637,0.007270261,0.009508065,0.018125141,0.0152692,-2.8015053e-05,0.015974348,0.004890878,0.015919317,0.010988257,0.018028986,0.01841139,0.016005749,0.020128286,0.010716226,0.014989193,0.004458783,0.012751127,0.009442457,0.014097195,0.01325996,0.011298458,0.018442264,0.015368361,0.010648277,-2.7709293e-05,0.010238892,0.02122112,0.019275675,0.017026938,0.0070097507,0.007756005,0.010680008,0.017197177,0.018684251,0.02469604,0.014156329,0.014053545,0.0055514965,0.014086473,0.0142651815,0.017789442,0.012426294,0.015212507,0.0073098093,0.01926563,0.0181897,0.00045772345,0.0152392555,0.0128395,0.014749997,0.00893181,0.011429507,0.011484348,0.011045315,0.014400216,-2.8621254e-05,0.008603678,0.008473439,0.0092313625,0.016838446,0.008400872,-2.4661715e-05,0.013184385,0.010055254,0.026922276,-2.535526e-05
0.008649919,0.008504641,0.011500142,0.003156384,0.011999381,0.0059963576,0.008892209,0.012163068,0.0100408,0.009911989,0.010504914,0.0038331356,0.00018987103,0.011003538,0.01199421,0.011195091,0.010187883,0.010440447,0.006538744,0.012343476,0.012407749,-2.8974564e-05,0.00916305,0.009679349,0.0039923247,-2.6650834e-05,0.009505595,0.0033435149,0.009319031,-2.848005e-05,0.013337595,-2.6481654e-05,0.012579076,0.012665384,0.003379863,0.011277325,0.008791994,0.011314816,0.0,0.0043383553,-3.0573392e-05,-2.9392746e-05,-2.7182614e-05,0.011852437,0.0021366747,0.005111053,0.012273941,0.0112243695,-3.098639e-05,0.010344719,-2.9687193e-05,0.011206042,0.0068720565,0.012327066,0.011809717,0.011016146,0.012511448,0.006555451,0.010412044,-2.9246143e-05,0.008865999,0.0049753664,0.010180967,0.009194629,0.0073182536,0.011571342,0.010632671,0.0064911125,-2.6060403e-05,0.0059135165,0.011330754,0.011741096,0.012202774,0.0020612406,0.0028579757,0.006329551,0.01254488,0.011994635,0.011587577,0.0102905035,0.010211786,0.00046744605,0.010158243,0.009831547,0.011723248,0.008106386,0.011253651,0.0017939382,0.012149566,0.012891562,-2.952602e-05,0.010976432,0.008640375,0.010339063,0.004872669,0.0072033764,0.006756031,0.0064489935,0.009722039,-2.7452048e-05,0.004162167,0.0037653984,0.005086258,0.012183538,0.0034931218,-2.524668e-05,0.009348359,0.0057016234,0.018303037,-2.7058264e-05
0.0038139264,0.0036215468,0.007855524,-2.9026472e-05,0.00834622,0.0009819181,0.0043535703,0.008978672,0.0056642853,0.005426912,0.006639152,-2.0720538e-05,-2.5921318e-05,0.007140697,0.008957299,0.0072826003,0.006193022,0.006315051,0.0014266829,0.010441962,0.009977425,-2.4754858e-05,0.0045882748,0.005363285,-2.9479057e-05,-2.1119451e-05,0.0049560885,-2.3628967e-05,0.0047149947,-2.7295617e-05,0.011339447,-2.4373956e-05,0.0107427575,0.009719523,-2.118325e-05,0.007537884,0.004279252,0.009895059,0.0062854276,0.0,-2.8787572e-05,-2.9401417e-05,-1.8815668e-05,0.008601326,-2.7315595e-05,-2.6514686e-05,0.009671708,0.007432555,-1.9406247e-05,0.0065595713,-2.3573497e-05,0.0073260223,0.0018646991,0.009567981,0.009256453,0.0071563027,0.0108270375,0.0020032364,0.0061682095,-2.3719023e-05,0.0042403867,-2.6747752e-05,0.006051038,0.0046299356,0.002397051,0.008631496,0.006688522,0.0020426116,-1.6424045e-05,0.00039780192,0.010134991,0.009440062,0.009004664,-2.2397071e-05,-2.0994747e-05,0.001502392,0.009283328,0.009565058,0.010534835,0.0063135754,0.005886418,-2.3655984e-05,0.006080256,0.005516774,0.009001568,0.0031828238,0.007723894,-2.1668702e-05,0.0097553525,0.010381091,-2.3526283e-05,0.0069725285,0.005411608,0.0060549257,-2.4044228e-05,0.0023968362,0.000919708,0.00070550677,0.0053658043,-2.0260226e-05,-2.9217868e-05,-2.7485283e-05,0.00011854503,0.008760162,-2.6693044e-05,-2.8775801e-05,0.005238836,0.0016520862,0.020133663,-2.6883019e-05
1.25498e-06,1.4859543e-05,0.003466535,1.210299e-05,0.0043364996,1.815739e-06,1.3457788e-05,0.006078932,1.582473e-05,2.6985072e-06,0.00072306657,1.1855712e-05,-7.776716e-06,0.00086288,0.006066332,0.0016236902,2.1779201e-06,1.589291e-05,-6.6787393e-06,0.011140394,0.009675275,-7.508359e-06,5.9321815e-06,1.22216e-05,1.3419046e-05,-1.379613e-08,8.573454e-06,1.29585305e-05,-3.8373146e-06,1.142773e-05,0.012400531,4.227207e-06,0.011571112,0.0076450645,-1.8332381e-06,0.0017862255,7.760711e-06,0.010981775,2.7547014e-06,2.5190902e-06,0.0,-1.1183099e-05,1.9649274e-06,0.0052953307,1.1184945e-05,-4.38858e-06,0.007704845,0.001449811,6.254188e-06,0.00025139673,5.7077443e-07,0.0017275906,1.9413168e-05,0.007612548,0.0073321136,0.0015374245,0.012991876,5.336214e-06,1.2317843e-06,2.349688e-06,1.0289855e-05,7.4438135e-06,9.09771e-06,1.1992009e-05,-1.6565554e-08,0.006413312,9.653652e-06,1.2820102e-05,-9.555348e-06,5.486801e-06,0.011600689,0.008799742,0.0063995393,8.35163e-06,-2.379361e-06,1.612598e-05,0.0065264464,0.008952732,0.014569734,1.7957182e-05,1.6839327e-05,2.8038492e-06,9.904734e-06,3.1775126e-06,0.0064526517,1.6195092e-05,0.00166745,6.035175e-06,0.009999425,0.009698211,1.6073573e-05,0.00048763497,-1.1981143e-06,1.526995e-05,2.1376502e-06,1.2441338e-05,-4.1201233e-06,8.438888e-06,1.2193869e-05,7.430185e-06,2.1807018e-06,-7.5974153e-06,-3.2430398e-06,0.005247783,1.112925e-05,-3.1390764e-06,1.6655456e-05,-3.289682e-06,0.03308772,-4.0741897e-06
4.0734176e-05,2.6196118e-05,5.6495108e-05,1.5738864e-05,6.541838e-05,3.541751e-05,3.943661e-05,0.0010751762,3.0921376e-05,3.9635e-05,5.0913754e-05,1.988554e-05,-3.2897697e-06,5.0705377e-05,0.0014569209,5.4064316e-05,5.444917e-05,4.1054733e-05,4.191461e-05,0.011982397,0.00874026,3.1061765e-07,4.309591e-05,3.0015279e-05,1.6249785e-05,3.9218617e-06,3.992037e-05,1.5493704e-05,3.390487e-05,1.8262184e-05,0.012868704,1.2067578e-05,0.012423728,0.004107324,3.1474974e-05,5.527442e-05,3.0397878e-05,0.011946877,4.623804e-05,2.9630695e-05,1.3940434e-05,0.0,1.1532976e-05,7.678897e-05,2.9985922e-05,1.6282287e-05,0.0045835776,5.0792372e-05,1.52577995e-05,5.5725646e-05,3.1479588e-06,6.378129e-05,3.0074272e-05,0.004206083,0.0040802704,4.9814214e-05,0.015033231,2.4144701e-05,4.8402086e-05,1.8760755e-05,2.6699947e-05,2.0651343e-05,4.173456e-05,3.3749402e-05,2.7141834e-05,0.0027072378,5.4119508e-05,4.2781867e-05,-2.9930045e-06,2.3308003e-05,0.013394857,0.0073221736,0.0012632458,2.4341369e-05,2.1699909e-05,2.870321e-05,0.0015456874,0.007241949,0.019717354,4.7920483e-05,3.0282985e-05,9.777064e-06,3.7230442e-05,3.5023993e-05,0.0017863335,4.3460805e-05,4.060617e-05,1.0981962e-05,0.0096485745,0.007653073,4.761841e-06,4.4876597e-05,5.2743057e-05,6.046571e-05,1.4081103e-05,2.1431291e-05,3.387678e-05,1.174012e-05,3.6249246e-05,6.306346e-06,8.001363e-06,3.1332256e-05,2.3606808e-05,6.0771883e-05,1.8621495e-05,4.611076e-06,4.9657312e-05,3.1530428e-05,0.044053853,1.5495762e-05
-2.4194478e-06,-2.9627723e-05,-3.014717e-05,-2.0633084e-05,-2.982468e-05,-1.8448645e-05,-2.920132e-05,-1.9382218e-05,-4.4814137e-06,-1.2388542e-06,-1.3567815e-05,-2.998459e-05,3.491286e-07,-5.9598465e-06,-1.1234907e-05,-2.7714083e-05,-2.6762184e-05,-2.9181665e-05,-2.6077782e-05,0.011546152,0.0069663385,-2.1682103e-05,1.1600619e-06,-8.850151e-06,-1.26365585e-05,-2.7220402e-05,-1.872848e-06,3.8753794e-07,-1.8106364e-05,-2.8418888e-06,0.012952437,-2.300508e-05,0.011986131,-7.766067e-06,-2.0119269e-05,-2.6705271e-05,-1.797672e-05,0.011712483,-1.7001745e-06,-1.1234044e-05,-2.2370601e-05,7.864948e-06,0.0,-6.162052e-06,-1.975573e-05,-1.8130733e-06,0.0004263834,-2.4847885e-05,8.8397644e-07,-3.167267e-05,-1.2431594e-05,-2.9533494e-05,-2.5626736e-05,-3.517199e-05,-5.3488616e-06,-2.1201437e-05,0.016200894,-2.1401873e-05,-9.729061e-06,-2.3299399e-05,-1.4205005e-05,-2.4043606e-05,9.3635015e-07,-2.0578069e-05,-2.9698444e-05,-3.3548415e-05,-7.543119e-06,-1.4609098e-05,-2.177944e-05,-2.8474256e-05,0.013740704,0.0044061807,-2.9769675e-05,1.2348436e-07,1.8829031e-06,-1.245692e-05,-1.5822581e-05,0.004446508,0.023881443,-1.3547175e-05,-3.0322308e-05,-2.5605159e-05,-3.0290821e-05,-1.4351247e-05,-1.0238728e-05,1.1905211e-06,-5.3561103e-06,-7.714448e-06,0.007927437,0.0053209043,-1.7808122e-06,-1.4046603e-05,-1.2788656e-05,-2.3487679e-05,-1.1136622e-05,-1.2018805e-06,-2.3080396e-05,-1.7065488e-05,-2.0728981e-05,5.995057e-06,3.667307e-06,7.483698e-07,3.5965402e-06,-4.321657e-06,2.4322371e-06,-1.1123754e-05,-1.9530691e-05,-2.3044819e-05,0.053736214,-2.519373e-05
0.010060328,0.009847629,0.01321395,0.0046429476,0.013565227,0.0072912704,0.010179673,0.014218265,0.011617445,0.011429695,0.012471516,0.0053620567,0.0021636402,0.012296477,0.014656451,0.012909778,0.01209607,0.012262466,0.007749824,0.015445759,0.015130459,0.0016478274,0.010295077,0.011125455,0.0057333997,0.0010516606,0.010904581,0.005209903,0.010753679,-2.989128e-05,0.015489417,-2.9539495e-05,0.015742661,0.014604268,0.0051393197,0.012542298,0.009770418,0.015418211,0.01209677,0.00572686,-2.6944746e-05,-2.9371413e-05,-2.9417753e-05,0.0,0.0038236869,0.0064364406,0.014475632,0.012416408,-2.4160177e-05,0.012839498,0.0015072213,0.012879777,0.008111109,0.01494385,0.014733979,0.012907522,0.01592227,0.00790625,0.011975174,0.0011781837,0.010019922,0.0062622395,0.011292245,0.010260684,0.008564259,0.01450575,0.01242082,0.0076455185,-2.9689108e-05,0.0072935564,0.01555475,0.0152484635,0.013832764,0.0036952943,0.004560888,0.007740824,0.01416256,0.015167484,0.016307803,0.0114051355,0.011191105,0.0023477492,0.011363533,0.011301074,0.014347212,0.009429278,0.012480019,0.0038629677,0.015564804,0.015038023,-2.6590898e-05,0.012447062,0.009874523,0.011690025,0.006076689,0.008514632,0.00849344,0.008011002,0.011401541,-2.6445014e-05,0.0057147923,0.005397148,0.006461809,0.013539539,0.005142016,-2.9375424e-05,0.010272823,0.0071777483,0.021136604,-2.7669941e-05
0.0020524263,0.0016089668,0.007255387,-2.105278e-05,0.0077957753,-2.0552654e-05,0.0024926697,0.008539954,0.004262394,0.004073333,0.0056864475,-2.4895848e-05,-2.7619724e-05,0.0062788683,0.009219051,0.0064151203,0.004699408,0.0049758432,-1.8916597e-05,0.011801557,0.010746981,-1.3831451e-05,0.0030789783,0.003909897,-2.4756151e-05,-2.4046303e-05,0.0029292514,-1.6102058e-05,0.0029463526,-1.9257808e-05,0.011688147,-2.4877994e-05,0.012097896,0.009671649,-1.849535e-05,0.0067667095,0.00286405,0.012030338,0.005136033,-1.9107365e-05,-2.0482588e-05,-1.9015308e-05,-2.6136086e-05,0.008334918,0.0,-2.013186e-05,0.009630547,0.006529368,-2.9425968e-05,0.005742759,-1.9524863e-05,0.006353489,-2.3430537e-05,0.009439499,0.00999051,0.0063251667,0.011957101,0.00015869564,0.00475155,-1.6978764e-05,0.0021540814,-2.3508974e-05,0.00457049,0.0029358107,-1.6232496e-05,0.00929804,0.0053900033,0.0004288811,-2.6981847e-05,-1.7227398e-05,0.012162405,0.010153685,0.00864888,-2.266704e-05,-2.3062928e-05,-1.4956805e-05,0.008904015,0.009777398,0.013881901,0.0047757276,0.0043906476,-1.8109342e-05,0.00492676,0.0038338278,0.009412186,0.0012238522,0.0067113377,-1.7771561e-05,0.010192082,0.010282012,-2.3986482e-05,0.0056606326,0.0048447615,0.004838144,-1.7265573e-05,0.00053872354,-1.9942347e-05,-2.535371e-05,0.0037394734,-1.8601546e-05,-2.5699142e-05,-1.5346317e-05,-2.3947463e-05,0.008112803,-2.0203552e-05,-2.7065147e-05,0.0040910034,0.00064523664,0.024517551,-2.5749552e-05
0.004648508,0.004549083,0.0082537765,-1.6501868e-05,0.008706957,0.0015272349,0.005191138,0.0090302145,0.0063026506,0.0061939037,0.0071008285,-1.646229e-05,-1.4070399e-05,0.0075762193,0.008773083,0.007866421,0.006667621,0.0067546614,0.0021468597,0.009915427,0.00962663,-1.0535303e-05,0.005333983,0.006060239,-1.6828933e-05,-1.1886725e-05,0.0055433563,-1.4811753e-05,0.005578742,-9.727682e-06,0.011006632,-8.294487e-06,0.010158786,0.009765544,-1.3864178e-05,0.007841011,0.004896578,0.0084653795,0.0069332747,-1.3883362e-05,-7.7979885e-06,-7.256391e-06,-1.2750493e-05,0.00861145,-1.5040045e-05,0.0,0.009508647,0.007857012,-1.622726e-05,0.006749334,-9.649166e-06,0.007734569,0.0029053215,0.009324511,0.008943015,0.007691034,0.010160266,0.002575256,0.0067753606,-1.1074052e-05,0.0050800173,0.00030830762,0.006734305,0.005317433,0.0031120866,0.008472913,0.007019452,0.0022713544,-1.5586395e-05,0.0014238744,0.008650573,0.008985251,0.00931966,-1.6364667e-05,-1.2400308e-05,0.0020289875,0.009365233,0.009108117,0.009481144,0.0067287707,0.0063804556,-1.251688e-05,0.0065041245,0.0062687593,0.008867074,0.0041161254,0.0080457255,-7.873262e-06,0.009290405,0.010149125,-1.5755972e-05,0.0075215152,0.0050431425,0.0066188066,0.00024313628,0.0031276785,0.0023552005,0.0020254245,0.005918127,-6.468381e-06,-1.566236e-05,-1.1457226e-05,0.00063656125,0.00916453,-1.3233252e-05,-1.4574383e-05,0.0055116545,0.0011959262,0.018516548,-1.1507971e-05
0.01134446,0.010818728,0.014198612,0.005692895,0.014838978,0.008673309,0.011324818,0.015100241,0.012783277,0.012626095,0.0134329535,0.0067333574,0.003205582,0.013445824,0.015205895,0.013888869,0.012945692,0.013238582,0.009242771,0.017223287,0.016654035,0.003138186,0.011637163,0.012238994,0.007157641,0.0028100605,0.012530649,0.0067063374,0.011917001,-2.8579292e-05,0.01737058,-2.7673745e-05,0.01738498,0.01607429,0.0063157245,0.013762192,0.011305971,0.016233746,0.013056997,0.007191752,-2.6693328e-05,-2.597871e-05,-2.8029617e-05,0.015014937,0.0053802063,0.0077515687,0.0,0.013705346,-2.7934142e-05,0.013516956,0.0030430043,0.013876333,0.009282372,0.015616348,0.015579594,0.013931395,0.01702482,0.0092864735,0.013223122,0.002452123,0.011551196,0.007405263,0.012638635,0.011618023,0.009928715,0.0152363265,0.013318243,0.009243713,-2.9921623e-05,0.008667003,0.016101556,0.015995398,0.015010627,0.004558902,0.0061524706,0.009036343,0.015135383,0.015428068,0.01692668,0.012455959,0.012474908,0.0036856842,0.012643274,0.012365649,0.015126222,0.0104598105,0.013567833,0.0054036914,0.015917573,0.015925152,-2.7183729e-05,0.013444577,0.01202658,0.013120813,0.007525278,0.009697919,0.009492485,0.009205795,0.0127196135,-2.663356e-05,0.0069149025,0.0070516556,0.007925249,0.014967348,0.006303462,-2.6129468e-05,0.011768411,0.008934517,0.022769712,-2.6426042e-05
0.00927976,0.009115644,0.011887004,0.0039018372,0.012487824,0.0069973622,0.009505625,0.012688588,0.0103320675,0.0102881985,0.010643485,0.004556286,0.00041873014,0.011664887,0.011968179,0.011504942,0.010310375,0.010432548,0.0072000087,0.012479123,0.012676346,0.0009562063,0.009772031,0.010124202,0.0045686723,-2.6512038e-05,0.009894154,0.0047106366,0.009861108,-2.8605806e-05,0.013672991,-3.0048908e-05,0.012711983,0.012749343,0.003938503,0.011881411,0.00957249,0.011183011,0.01057902,0.0050892998,-2.7634394e-05,-3.0288666e-05,-2.6967784e-05,0.01183228,0.0033039863,0.005484305,0.012522501,0.0,-3.0173715e-05,0.010605826,0.00061998464,0.011294173,0.0074899094,0.01257098,0.011742458,0.011240517,0.012796539,0.007604087,0.010511833,0.0002676543,0.009282134,0.00543317,0.010392161,0.0098497765,0.008040018,0.011329105,0.010612008,0.0076854844,-2.7877366e-05,0.00677739,0.011260567,0.011790692,0.012881928,0.002763234,0.0036110613,0.0073839715,0.01278113,0.012346707,0.011566189,0.010945618,0.01083493,0.001456373,0.010963206,0.010120498,0.011702235,0.008752329,0.011945345,0.002762968,0.012399546,0.013441294,-2.7205597e-05,0.011141019,0.009930973,0.010521262,0.005728847,0.008085393,0.007073263,0.0068401755,0.00984011,-2.9307605e-05,0.004845628,0.0048194733,0.0061140205,0.012660999,0.003995306,-2.5981988e-05,0.010306206,0.0072531817,0.018793087,-2.6199235e-05
1.6384407e-05,2.6733447e-05,3.5426256e-05,4.3506097e-06,2.8633047e-05,2.1035927e-05,4.1248328e-05,3.9516326e-05,1.9101462e-05,4.097886e-05,4.4880348e-05,1.4846695e-05,2.8391074e-05,3.1673935e-05,4.5157358e-05,3.704044e-05,1.64934e-05,4.0579e-05,1.0504625e-05,0.010959793,0.006290813,2.121129e-05,3.9697003e-05,1.8329993e-05,2.3047527e-05,1.7751772e-05,1.8451165e-05,1.7196644e-05,1.5077695e-05,-3.898589e-06,0.012332927,1.2871218e-06,0.011480838,3.170277e-05,6.6668767e-06,2.9132174e-05,2.2083937e-05,0.011138964,4.7870937e-05,1.2453225e-05,2.6353382e-05,2.5775064e-06,1.4624616e-05,5.5415017e-05,4.127549e-06,1.0247083e-05,6.3364736e-05,3.1239982e-05,0.0,1.8407616e-05,3.0896783e-05,2.6182059e-05,2.4269431e-05,4.096684e-05,5.2302057e-05,3.389767e-05,0.015708718,2.1275513e-05,4.894349e-05,1.2825909e-05,3.7671718e-05,5.911923e-06,3.180579e-05,1.918035e-05,3.132655e-05,3.2981916e-05,2.257781e-05,3.550006e-05,2.3956286e-06,9.9600475e-06,0.013292675,0.0038455832,4.984022e-05,7.0074166e-06,7.243176e-06,1.5466203e-05,3.9887113e-05,0.0039104833,0.023074696,3.9508057e-05,1.4922468e-05,3.2696676e-05,3.1727996e-05,1.689111e-05,4.5902012e-05,2.6761752e-05,2.3956973e-05,6.032749e-06,0.0074156835,0.0047869994,2.6271386e-05,3.4843677e-05,4.543957e-05,2.2579286e-05,2.4020756e-05,2.2301392e-05,3.035998e-05,1.9650219e-05,3.91999e-05,2.3690252e-05,1.327703e-05,2.3043607e-05,8.770163e-06,2.828614e-05,3.5910056e-05,-3.6862018e-06,3.0523086e-05,1.3869467e-05,0.053828467,1.5892963e-05
0.008238245,0.008274297,0.011360282,0.0030844137,0.011623651,0.005548259,0.008772582,0.012164079,0.009959447,0.009804498,0.010508355,0.0035265454,0.0009281227,0.010448582,0.012589891,0.011113914,0.010350339,0.010396503,0.005852926,0.013196845,0.01298719,-2.5202366e-05,0.008491713,0.009459768,0.0037291371,-2.2200014e-05,0.009041342,0.0026785939,0.009119163,-2.0893804e-05,0.013011299,-2.1551512e-05,0.013408818,0.012589515,0.0034366457,0.010609774,0.007855332,0.013101974,0.010316785,0.0038438616,-2.238615e-05,-2.3528115e-05,-2.039572e-05,0.012246797,0.0019449155,0.0048564193,0.012347784,0.01079051,-2.5200134e-05,0.0,-2.3425759e-05,0.010970613,0.006803186,0.0127986455,0.012536472,0.010979227,0.013480184,0.0060707238,0.010350562,-2.5309304e-05,0.008171213,0.0048401807,0.009748472,0.0085493885,0.0068023345,0.012239927,0.01064125,0.005788115,-2.3960767e-05,0.005566512,0.013148088,0.012932086,0.0119282575,0.0021298097,0.0028296355,0.0059385854,0.012263441,0.012861397,0.013573343,0.009814029,0.00957215,0.00063377805,0.009591273,0.009731952,0.0123753585,0.007890292,0.010834394,0.0017619882,0.013176843,0.012978821,-2.1459133e-05,0.010763639,0.0073223263,0.009901382,0.00434288,0.006725674,0.0066883275,0.0063609253,0.00960538,-2.5133166e-05,0.003937376,0.0034656227,0.004748077,0.011670486,0.0031890476,-2.6521086e-05,0.008563124,0.0052207736,0.018261028,-2.10572e-05
-2.2811164e-05,-3.0227971e-05,0.006076644,-1.489508e-05,0.0067525627,-2.5708121e-05,-3.3382796e-05,0.008118701,0.0022143614,0.0019932978,0.004187781,-1.6678281e-05,-2.9219736e-05,0.0045935907,0.008213149,0.0049855304,0.002817784,0.0030348946,-1.7987582e-05,0.011588981,0.010389686,-2.236713e-05,0.0005061269,0.0015580948,-2.8358314e-05,-2.3946797e-05,0.00087537844,-1.9114104e-05,0.0003807349,-1.1870992e-05,0.012140934,-2.391121e-05,0.01189416,0.009294912,-1.734363e-05,0.0050756223,-1.7315404e-05,0.011571178,0.0033745836,-2.590419e-05,-1.5009935e-05,-2.610728e-05,-1.9694506e-05,0.007647409,-2.2953793e-05,-2.9517343e-05,0.009278449,0.0049898433,-2.9501973e-05,0.0040214094,0.0,0.0050190347,-1.6339807e-05,0.009181233,0.009239454,0.004830859,0.012685245,-3.1572774e-05,0.0028044942,-1.703048e-05,-2.091529e-05,-2.7060038e-05,0.002353645,0.00021485057,-2.0610349e-05,0.008370577,0.0036721637,-2.1436452e-05,-1.898467e-05,-2.5957188e-05,0.012430641,0.009969595,0.008038471,-2.8823835e-05,-3.0568055e-05,-1.8228853e-05,0.00838515,0.009877919,0.014558753,0.002574548,0.0020734016,-1.9448533e-05,0.0026061246,0.0015717886,0.008434027,-2.5004367e-05,0.0051222886,-2.7508135e-05,0.010715894,0.010533522,-2.4790077e-05,0.004169073,0.0022939728,0.002909715,-3.165978e-05,-2.986302e-05,-1.5587373e-05,-2.5654495e-05,0.0014658859,-1.7934308e-05,-2.2559776e-05,-2.6024352e-05,-1.528085e-05,0.007248069,-1.3874202e-05,-2.6396516e-05,0.0014508804,-3.0925825e-05,0.028523523,-2.3209373e-05
0.009154004,0.008915437,0.011974843,0.0037673134,0.0125054885,0.0065414743,0.009421992,0.012672187,0.010513654,0.01047288,0.01115741,0.004450769,0.0008794377,0.0113512315,0.01247912,0.011725109,0.010706217,0.010960134,0.007085657,0.01309349,0.013064385,0.00063066,0.009678216,0.0103025315,0.004537637,-2.3477694e-05,0.009935019,0.0040823165,0.009903717,-2.6781665e-05,0.013958688,-2.7441369e-05,0.013373951,0.013069814,0.004180557,0.011742324,0.009213969,0.012024541,0.010916031,0.0047782133,-2.5343914e-05,-2.4946787e-05,-2.5277368e-05,0.012287519,0.0028256155,0.005545076,0.01285309,0.011674585,-2.422597e-05,0.011019493,0.00032896633,0.0,0.0073656994,0.012724851,0.012452502,0.011593352,0.013192297,0.007241718,0.010858093,-2.354878e-05,0.009234867,0.005612794,0.010640386,0.009634273,0.007704953,0.012090131,0.011126833,0.0070925634,-2.18636e-05,0.0064514154,0.012183121,0.012376938,0.012757451,0.0025516108,0.0035526978,0.006917802,0.012916172,0.012647895,0.01224839,0.010793836,0.010614043,0.0012587191,0.010694894,0.010326087,0.012400421,0.008519822,0.011744219,0.0026141973,0.012725271,0.013444303,-2.3034347e-05,0.011383246,0.009257124,0.010696174,0.0053888718,0.0077219396,0.007440096,0.007019965,0.010225595,-2.2875089e-05,0.0047480213,0.004510322,0.0057355817,0.012556091,0.0042100884,-2.179203e-05,0.009763084,0.0061996174,0.01853246,-2.3870927e-05
0.005986488,0.0059750397,0.008769419,3.964626e-05,0.009303762,0.0032528373,0.0064529297,0.009699235,0.00729962,0.0071857586,0.007821339,0.0008261823,-2.4605553e-05,0.0084194755,0.0092109,0.008507797,0.0075251,0.007685922,0.0036005152,0.009788555,0.009721713,-2.1575062e-05,0.006439004,0.0072164354,0.0007386057,-2.5810949e-05,0.006411923,0.00029866298,0.0067345505,-2.105108e-05,0.01104183,-2.3702623e-05,0.01000331,0.009987631,0.00037549427,0.008675251,0.0060434,0.008427985,0.007721138,0.0012187454,-2.2990824e-05,-2.4045004e-05,-2.7622029e-05,0.009006833,-2.0243404e-05,0.0020794652,0.009760575,0.008675199,-2.6192087e-05,0.007608973,-2.0734564e-05,0.008528092,0.0,0.009610951,0.009230073,0.008296832,0.010094386,0.003915396,0.0076608947,-2.1332264e-05,0.006175154,0.002017339,0.0075763515,0.0064615207,0.0045562643,0.008661788,0.007881449,0.00381382,-2.160106e-05,0.003062349,0.008526722,0.008959658,0.009830753,-2.50931e-05,-2.3229812e-05,0.0036061697,0.010015666,0.009295202,0.00927848,0.007735718,0.007420626,-2.2055565e-05,0.007554796,0.007327917,0.009085653,0.0055931997,0.008830015,-2.3940322e-05,0.009350432,0.010513368,-1.9814495e-05,0.008228797,0.0056897514,0.0075260424,0.0019197933,0.0045358622,0.0038071398,0.0035213155,0.007012379,-2.5314177e-05,0.0010490702,0.0006897118,0.0022877245,0.0095480615,0.0005630604,-2.378091e-05,0.006777071,0.0026553243,0.017303322,-2.1552605e-05
0.010561482,0.010584184,0.01440916,0.0054591205,0.014852653,0.007960503,0.011330491,0.015402655,0.01247282,0.012369254,0.0132609345,0.0064698574,0.0029050582,0.013293529,0.01546941,0.01375708,0.012799972,0.012976485,0.008719355,0.016377268,0.016159499,0.0031517567,0.010797076,0.011928434,0.006347887,0.0024747478,0.011755149,0.006302516,0.011660159,-2.8954451e-05,0.016379336,-3.093622e-05,0.016623814,0.01550402,0.005760427,0.013548552,0.010278389,0.016061971,0.01278692,0.006480846,-2.741114e-05,-3.1467345e-05,-3.1638825e-05,0.01529166,0.004693661,0.007487523,0.015380179,0.013459911,-2.714205e-05,0.013551864,0.0024883621,0.0136775365,0.009155862,0.0,0.0155142285,0.0137523655,0.017348783,0.008932668,0.012794867,0.002018613,0.0107955085,0.0068364507,0.0122588165,0.010839226,0.009149979,0.015408714,0.013076308,0.008541393,-2.9837465e-05,0.007991419,0.01639511,0.015971528,0.014948642,0.0048375945,0.005698492,0.008493013,0.015306628,0.016721444,0.017159892,0.012397736,0.01186408,0.0030533911,0.012312933,0.012243391,0.015120976,0.010520229,0.013621923,0.0052324124,0.017292501,0.016253527,-2.9807896e-05,0.013309356,0.011034609,0.012460584,0.0068280995,0.009179623,0.009353568,0.008820425,0.012100629,-2.865277e-05,0.0064465175,0.0067078164,0.0070932405,0.014563258,0.0057739546,-2.7721459e-05,0.011054713,0.008523181,0.023795698,-3.2124277e-05
0.010339061,0.010526298,0.014081373,0.005096788,0.014370717,0.007517949,0.010824063,0.015148014,0.012415063,0.012191243,0.013476013,0.005728527,0.0026321737,0.012992169,0.015749026,0.013711049,0.013029917,0.013354248,0.008344171,0.017086929,0.016464874,0.0021597587,0.010519166,0.011686622,0.006073419,0.0023313607,0.011648342,0.00596448,0.011482649,-3.2883425e-05,0.016704675,-2.7688571e-05,0.017157009,0.015678031,0.005439655,0.013275338,0.009987869,0.017564297,0.012827478,0.0060495245,-3.200514e-05,-3.037452e-05,-3.0191835e-05,0.015571926,0.004276492,0.0072594434,0.015770217,0.012626849,-2.7604237e-05,0.013809001,0.0024521237,0.013815753,0.008815124,0.01602239,0.0,0.013764837,0.017451445,0.0084700715,0.012994171,0.0015885837,0.01065846,0.006642948,0.0121389255,0.010585164,0.008829831,0.015971292,0.013350065,0.008475055,-3.0123036e-05,0.0077002626,0.017651033,0.016691757,0.01466069,0.0043844758,0.005498616,0.0084082885,0.015025471,0.01631745,0.018855406,0.011937082,0.011461221,0.0026237594,0.011908615,0.012005679,0.015652452,0.010056093,0.013144597,0.0048707332,0.016942184,0.016006323,-3.2152086e-05,0.013211757,0.010807643,0.012577411,0.0063924547,0.008779999,0.009210325,0.008806159,0.0121830655,-3.0934443e-05,0.006068676,0.006231439,0.006604946,0.01441815,0.0056977645,-3.140446e-05,0.011030706,0.008003666,0.023100425,-3.0339108e-05
0.009018859,0.008850755,0.011820779,0.0036451062,0.012345939,0.006404512,0.009329072,0.012630102,0.010349943,0.010278161,0.01097749,0.0043722126,0.0008413779,0.011241187,0.012527751,0.01160042,0.010679781,0.010808048,0.006872767,0.013174654,0.013056942,0.0005221536,0.009507578,0.010054995,0.0044691926,-2.965317e-05,0.009824405,0.004033813,0.009726273,-2.6855916e-05,0.013696773,-2.5013751e-05,0.013319711,0.013134692,0.0039323224,0.011645074,0.009110731,0.012225216,0.010822101,0.0047090584,-2.6626598e-05,-2.6174155e-05,-2.4531093e-05,0.012248071,0.002691963,0.0055835866,0.012760711,0.011555517,-2.4547657e-05,0.010985286,0.00012663576,0.011529521,0.0072729858,0.012743566,0.012440297,0.0,0.013224851,0.0070414445,0.0109324735,-2.476531e-05,0.009215498,0.0054427735,0.01045027,0.009507711,0.0077277003,0.012051981,0.011075225,0.006898264,-2.5978228e-05,0.006463926,0.012070852,0.012530545,0.012550444,0.002535334,0.0036441248,0.0067692264,0.01282631,0.0124608055,0.012279573,0.010647231,0.010432784,0.0012215677,0.010468217,0.010123507,0.012206695,0.008580744,0.011589451,0.0026333616,0.012750595,0.013183619,-2.5371543e-05,0.0112849595,0.009122359,0.010753204,0.0051992284,0.0075692153,0.0073434776,0.0069216317,0.010112286,-2.8118417e-05,0.004668385,0.0043768478,0.0055128555,0.012485944,0.0041727177,-2.8956862e-05,0.009528078,0.006225055,0.01828038,-2.4177603e-05
0.014744149,0.014310713,0.01787434,0.0093646785,0.018303266,0.012094312,0.0144733805,0.018977297,0.015976196,0.016045285,0.017091231,0.010441939,0.0070899725,0.016924357,0.01914334,0.017297966,0.016182039,0.016436234,0.01250611,0.020865168,0.020472018,0.007128468,0.014934284,0.015475499,0.010545607,0.0071416493,0.015489486,0.010320836,0.0149633465,0.000955433,0.020964656,0.002451219,0.021038432,0.019394396,0.009848784,0.017301299,0.0145533,0.020682301,0.016577952,0.0106128985,0.0025770024,-3.057095e-05,-2.686125e-05,0.01891053,0.0091971,0.011094461,0.019450743,0.017081983,-2.6233918e-05,0.017028738,0.006980308,0.017308906,0.012593773,0.01967358,0.019537166,0.017260324,0.0,0.012735641,0.016327377,0.006509913,0.014323649,0.010949184,0.015596854,0.0149278,0.01301446,0.019422252,0.016695615,0.012570046,-2.9210309e-05,0.012070329,0.021169132,0.020204378,0.018833257,0.008632662,0.009546114,0.012502376,0.018978188,0.02020461,0.022768015,0.015821943,0.015742864,0.007406537,0.015862161,0.015602062,0.018923013,0.013868347,0.017030416,0.009193438,0.020955957,0.020132737,0.0027270098,0.016884359,0.015224658,0.016245894,0.010897019,0.013263789,0.01276623,0.0124122035,0.015559773,-3.097268e-05,0.01048235,0.010405415,0.011357649,0.018320078,0.010062453,-3.0016177e-05,0.015093313,0.01242642,0.031315006,0.0014331265
0.005327284,0.0049934546,0.0086742,-2.2113489e-05,0.009265504,0.0032254963,0.0057695336,0.009734674,0.006917245,0.0066182204,0.007770964,0.00015657253,-1.6559954e-05,0.008159648,0.009676928,0.008345832,0.007247201,0.0072175795,0.0029888533,0.011122786,0.010485694,-1.5590007e-05,0.006175937,0.006778041,-1.6109781e-05,-2.164251e-05,0.0062177796,0.000753622,0.0061455187,-2.3759882e-05,0.011646064,-1.9887153e-05,0.011263139,0.010565805,-2.1001446e-05,0.00861384,0.0062219957,0.01052086,0.007333011,0.0006845814,-2.2366621e-05,-2.4236935e-05,-2.2945094e-05,0.009246371,-1.5177335e-05,0.0010697043,0.010368159,0.008477014,-1.9674933e-05,0.0076126554,-2.221691e-05,0.008406518,0.0033704722,0.010239543,0.010096191,0.008120206,0.011329421,0.0,0.007194699,-1.9239204e-05,0.0057990192,0.00061806187,0.0072362814,0.0059090224,0.0039920765,0.0094322115,0.007620314,0.0043314733,-2.2869717e-05,0.0025940454,0.010619605,0.010232885,0.009827449,-2.0375306e-05,-1.570459e-05,0.0035934227,0.009969038,0.01010689,0.010758402,0.007550824,0.0071576308,-1.8695651e-05,0.007525051,0.0065113353,0.009867508,0.004618837,0.008613284,-1.734261e-05,0.01033256,0.010989605,-2.2543418e-05,0.008001372,0.007559755,0.007321702,0.0018595994,0.00428791,0.002542127,0.0024466661,0.0064405687,-1.7695053e-05,0.00021694659,0.0007537324,0.0023766756,0.009637936,-1.9471614e-05,-1.6300559e-05,0.0069687814,0.0041711084,0.018968575,-1.9423002e-05
0.008182745,0.008006762,0.010919991,0.0027264096,0.011342528,0.00555014,0.008465928,0.011526406,0.009508685,0.009490397,0.010106918,0.0035055624,0.00029089316,0.0103956405,0.011474719,0.010692081,0.009823676,0.009998297,0.0060438183,0.011894299,0.011899364,-2.7162627e-05,0.008564303,0.009374255,0.0036459416,-2.629112e-05,0.008995311,0.0030091035,0.008955273,-2.8173836e-05,0.012659537,-2.7780774e-05,0.012046719,0.012022809,0.0032159172,0.010598617,0.008236462,0.010805401,0.009922148,0.0037724676,-2.8976925e-05,-2.6154128e-05,-2.520059e-05,0.011208983,0.0017863387,0.0048012296,0.011831591,0.010646129,-2.606296e-05,0.009960741,-2.9306531e-05,0.010692261,0.0066196583,0.011719162,0.011467366,0.010567218,0.011987543,0.0062547326,0.0,-2.9093831e-05,0.008434459,0.004621515,0.009559259,0.008591465,0.006882893,0.010938036,0.010208788,0.00607843,-2.9363538e-05,0.0055437475,0.0107807955,0.011276771,0.0115147075,0.0018304003,0.0027597148,0.0059309667,0.011763979,0.011432263,0.010884312,0.00979965,0.009551201,0.0004118283,0.009548076,0.009371823,0.0113555575,0.0076874285,0.010650536,0.0013874966,0.011402082,0.012079021,-2.7409764e-05,0.010311156,0.007903819,0.009879899,0.0044420897,0.006642769,0.0065760007,0.0061741415,0.009357866,-2.7523693e-05,0.0038607745,0.003370181,0.004704424,0.011558433,0.003330395,-2.9167539e-05,0.008614395,0.0049898652,0.017361494,-2.408954e-05
-3.4945846e-05,-3.3149117e-05,0.005783565,-2.3712677e-05,0.006670983,-2.7020396e-05,-4.1444764e-05,0.007770183,0.0017626544,0.0014243908,0.0038454947,-3.8127597e-05,-2.2531254e-05,0.0043331617,0.008175985,0.0046833516,0.0024212832,0.0027012527,-2.9735696e-05,0.011989432,0.010465705,-3.3816374e-05,-3.640725e-05,0.0011715752,-3.6634385e-05,-2.905085e-05,-3.3817225e-05,-2.3114964e-05,-4.384909e-05,-1.963142e-05,0.012496215,-2.5194757e-05,0.012352746,0.009241909,-2.2234863e-05,0.0050753877,-4.1422758e-05,0.012538818,0.0029511799,-3.7307065e-05,-2.862155e-05,-3.2755823e-05,-1.5069129e-05,0.0074337423,-2.1316502e-05,-3.7810467e-05,0.0094156945,0.0047149668,-3.628572e-05,0.0036665855,-2.8610068e-05,0.00458694,-3.1837422e-05,0.009089615,0.009098523,0.004631771,0.01296033,-2.860417e-05,0.002352743,0.0,-3.3654476e-05,-3.0799314e-05,0.0017400931,-4.1786607e-05,-3.765715e-05,0.008345505,0.0032808369,-2.6348787e-05,-1.724749e-05,-3.314628e-05,0.012886563,0.010232646,0.007977137,-1.987263e-05,-3.2211185e-05,-4.1823907e-05,0.008138412,0.009824602,0.015355543,0.0023198535,0.0018081805,-3.7197653e-05,0.0024936185,0.0009402924,0.008463945,-2.6759872e-05,0.0049051726,-3.8310412e-05,0.010543674,0.01030938,-2.9166498e-05,0.003662832,0.0017202309,0.0023538857,-2.223634e-05,-3.6246613e-05,-3.062521e-05,-2.9534358e-05,0.0007703692,-2.2699745e-05,-2.2973503e-05,-2.2010165e-05,-3.7039787e-05,0.0070822025,-3.655551e-05,-3.005074e-05,0.00094969297,-2.796228e-05,0.029028933,-2.9115008e-05
0.007121785,0.006812889,0.009773626,0.0009330315,0.010390352,0.0044758413,0.007398532,0.010546703,0.008362866,0.008073055,0.008774032,0.002084944,-2.862961e-05,0.009433096,0.010068791,0.009428587,0.008470167,0.008458526,0.005177813,0.010722285,0.010626612,-3.2240696e-05,0.0075703217,0.008277075,0.0025000658,-3.0520765e-05,0.008002703,0.0022370114,0.007656995,-2.6746344e-05,0.011875292,-2.7528578e-05,0.01087222,0.011020067,0.0015534547,0.009695692,0.007305862,0.008922844,0.008574506,0.0027717731,-2.589867e-05,-2.5999016e-05,-2.9563042e-05,0.009885283,0.0005638939,0.0033755826,0.01079328,0.0097306995,-3.1912437e-05,0.00838208,-2.8566465e-05,0.009497239,0.0052032666,0.010544212,0.009997886,0.00939007,0.010730609,0.005387551,0.008623387,-3.0199462e-05,0.0,0.003007809,0.008625641,0.007592587,0.0057115573,0.009537152,0.008723171,0.005194493,-3.215827e-05,0.004439251,0.009063911,0.009834526,0.010693341,-2.9663091e-05,0.0014473465,0.004890364,0.010719661,0.010154985,0.009568292,0.008721533,0.008510676,-3.367212e-05,0.008773974,0.008133951,0.0100567825,0.0062337248,0.009650389,0.00020987129,0.010097415,0.011189405,-3.1049578e-05,0.009123755,0.007893291,0.008701067,0.003239886,0.0057536303,0.0047973683,0.004563873,0.008066541,-3.241083e-05,0.002474511,0.0024108884,0.0038771695,0.010603783,0.0015821029,-2.746933e-05,0.008013628,0.0046946323,0.017618503,-2.6596266e-05
0.0046758456,0.004587307,0.008064916,-1.6616594e-05,0.008446432,0.0015989639,0.0051766075,0.008909352,0.006272337,0.006293292,0.007006926,-1.530847e-05,-1.6174883e-05,0.0073974426,0.00863818,0.007752912,0.006591628,0.0068987804,0.0021099069,0.00950394,0.009360459,-2.0613914e-05,0.0051234993,0.006023793,-1.4906392e-05,-1.8961677e-05,0.0053560976,-1.9805864e-05,0.0057275817,-2.1859008e-05,0.010809269,-1.8550496e-05,0.009761173,0.009452437,-2.0964566e-05,0.0077180495,0.004721093,0.00820944,0.006924755,-1.4403644e-05,-1.6754535e-05,-1.5071672e-05,-1.783796e-05,0.008320656,-1.5084026e-05,0.0006256123,0.009245798,0.007830402,-1.4808871e-05,0.0068549374,-1.5185958e-05,0.0077182767,0.0030732777,0.009017112,0.008672008,0.0075911107,0.009798705,0.002225528,0.006820831,-2.1387936e-05,0.004860341,0.0,0.006553114,0.005274,0.003059728,0.008226326,0.007027677,0.002062156,-1.1691041e-05,0.001501107,0.008274343,0.008242856,0.009106014,-1.4850925e-05,-1.5706171e-05,0.0019192715,0.009303116,0.008858155,0.009306239,0.006873785,0.0063692913,-1.6041648e-05,0.0063871928,0.0062372317,0.00869978,0.0041894624,0.007972568,-1.7563882e-05,0.009050729,0.009931473,-2.2889582e-05,0.007320713,0.004123236,0.0065962006,0.00019403471,0.0030698173,0.0026124057,0.002266296,0.005954693,-1.8027247e-05,-1.8592771e-05,-1.8927562e-05,0.0005237689,0.008918378,-1.5859694e-05,-2.2513404e-05,0.0052916757,0.00044228864,0.018052949,-1.7891403e-05
0.008076619,0.007835347,0.010575783,0.0026009083,0.011169744,0.005483271,0.008218502,0.011355632,0.009277878,0.009084556,0.009777762,0.0031858548,-1.9751804e-05,0.010163243,0.010732349,0.010387488,0.0094353305,0.009517158,0.0058813533,0.011107348,0.011382567,-2.054064e-05,0.008403184,0.008943132,0.003492644,-2.5210402e-05,0.008637323,0.0030679414,0.0086831795,-1.9494579e-05,0.012297902,-2.4656609e-05,0.011464867,0.011717655,0.0028728796,0.010383143,0.008194753,0.010106134,0.009617281,0.0036893277,-2.4275609e-05,-2.1233453e-05,-2.3669694e-05,0.010705448,0.0017393985,0.004524853,0.011371299,0.01040198,-2.3135044e-05,0.009391649,-2.3932309e-05,0.010334596,0.0064133313,0.011119344,0.010568175,0.0102264555,0.011338701,0.0061848518,0.009584933,-1.9215333e-05,0.008107596,0.004391473,0.0,0.008478584,0.006688824,0.010193368,0.009722993,0.005995193,-2.3746217e-05,0.005318834,0.010067815,0.010451432,0.011390859,0.001546394,0.0024876029,0.005792415,0.011434266,0.010762525,0.010314988,0.009511533,0.009399685,0.00021984609,0.009409593,0.008969232,0.010653174,0.0074499454,0.010534167,0.0013997018,0.010807169,0.01185513,-2.2529135e-05,0.010136968,0.0080052735,0.009470757,0.0043874662,0.0065975543,0.00600421,0.0058549615,0.008981088,-2.1050513e-05,0.003669123,0.0034052848,0.0047186967,0.011277442,0.003122232,-2.471403e-05,0.008740117,0.0051295166,0.01740838,-1.9834473e-05
0.0074118194,0.0073455474,0.010167806,0.0015770188,0.010729769,0.0050120153,0.0076893265,0.0107895145,0.008557752,0.008518899,0.009046165,0.0025946738,-2.6484675e-05,0.009889681,0.010243918,0.009865013,0.008766869,0.008701387,0.0052768155,0.010914467,0.010940726,-2.8998764e-05,0.008055802,0.008535355,0.0024049028,-2.9293864e-05,0.008023516,0.0025057397,0.007972263,-2.240506e-05,0.012164318,-2.2795884e-05,0.011219851,0.011266153,0.0018313501,0.010302903,0.007832592,0.009372275,0.009002161,0.0030861448,-2.305494e-05,-2.7910317e-05,-2.5304322e-05,0.010040255,0.0012415021,0.0037140155,0.010969767,0.010148502,-2.777613e-05,0.008859794,-2.6772992e-05,0.009614729,0.005657948,0.010896724,0.010261325,0.009623877,0.01103054,0.0058698985,0.008968519,-2.6000906e-05,0.0077133956,0.0034060015,0.008816212,0.0,0.006079546,0.009751067,0.00903833,0.005703226,-2.57798e-05,0.0047811465,0.009324649,0.010078092,0.0111937085,0.0003452415,0.0015696889,0.0055701593,0.011194908,0.010431161,0.009932433,0.0092543,0.009183105,-2.5548927e-05,0.009186248,0.008420072,0.010272573,0.006862906,0.010357257,0.00053228653,0.010521666,0.011566351,-2.6619211e-05,0.0094577465,0.008416929,0.008968643,0.0039388505,0.0063567557,0.0051113283,0.0048187426,0.0082662515,-2.1264354e-05,0.0027893614,0.002841418,0.0041851066,0.010865909,0.0019862046,-2.5582627e-05,0.008577572,0.0052608172,0.018123752,-2.2858414e-05
0.0060843276,0.005974812,0.009144671,-3.560761e-05,0.00953373,0.0034753508,0.006383087,0.009840258,0.0075188666,0.0072681345,0.0080954665,0.0009756995,-3.5047105e-05,0.0085252635,0.009510799,0.00859654,0.007570799,0.007648817,0.003897257,0.010339343,0.010216017,-3.705924e-05,0.0065581966,0.0073298872,0.0008361944,-3.592569e-05,0.0068939403,0.0010045846,0.006798281,-3.089927e-05,0.011473609,-3.4086457e-05,0.010564132,0.010454467,0.00010138992,0.008949452,0.0062912335,0.008793107,0.007790486,0.0016608492,-2.9951341e-05,-3.2302043e-05,-3.7234022e-05,0.009155695,-3.224683e-05,0.0021101132,0.0101617705,0.008950507,-3.5264937e-05,0.007843112,-3.6894253e-05,0.008582437,0.0042564548,0.009905069,0.009665864,0.008613062,0.010567003,0.0043505523,0.007868434,-3.134347e-05,0.006427222,0.0018986712,0.0078017768,0.0067086667,0.0,0.0090118,0.007971456,0.0042215628,-3.260337e-05,0.0032626032,0.00886539,0.009399662,0.009981755,-3.5833214e-05,-3.6922982e-05,0.0039863926,0.010214449,0.009651861,0.009402822,0.008072948,0.0076815262,-3.183754e-05,0.007922271,0.0073765665,0.009441322,0.0054817237,0.009189772,-3.3245036e-05,0.009761604,0.010791243,-3.377631e-05,0.008328029,0.00711179,0.007689815,0.002305085,0.004844851,0.0036897806,0.0034841124,0.0071098492,-3.3852873e-05,0.0011564074,0.0011425074,0.002711818,0.009965682,0.00029171872,-3.2406955e-05,0.0070756683,0.0037322254,0.017879117,-3.0246947e-05
0.009973111,0.010012465,0.013775708,0.004564242,0.014171026,0.0076928143,0.010711613,0.014954648,0.012135233,0.011900716,0.013182752,0.005846017,0.0025071623,0.012746214,0.015557856,0.013660862,0.0127035575,0.012959586,0.008137075,0.016999511,0.016265158,0.0018272677,0.010345596,0.011603172,0.005744539,0.001381982,0.011383779,0.00550736,0.011029975,-2.6102092e-05,0.016362466,-2.8419316e-05,0.017131083,0.015459217,0.0050569996,0.013109409,0.01018156,0.017287228,0.012551102,0.005597526,-2.6351938e-05,-2.7668208e-05,-2.950914e-05,0.01539487,0.0043507637,0.006766781,0.01562703,0.012778348,-2.2584e-05,0.013530981,0.0019294061,0.013535314,0.008419946,0.015759312,0.015857194,0.013465131,0.01730689,0.008280154,0.01260573,0.0015008755,0.010343681,0.0062820194,0.011778884,0.010374539,0.008531223,0.0,0.013125224,0.008232175,-2.6012784e-05,0.007772902,0.017418005,0.016571393,0.014431452,0.003982104,0.0050760643,0.008177108,0.014969317,0.01621703,0.018752977,0.011632071,0.011587412,0.0021454624,0.011746443,0.011762454,0.015443876,0.0098905,0.013006374,0.0042903046,0.016729692,0.015792295,-2.8363234e-05,0.013098467,0.010676094,0.012338785,0.0060958765,0.008757419,0.008952652,0.0084375655,0.01185332,-2.6183952e-05,0.0054999464,0.0059184004,0.0068568066,0.014042016,0.0052329577,-2.7681077e-05,0.010728438,0.007643529,0.023081778,-2.7236749e-05
0.008431049,0.008196322,0.011033248,0.003088187,0.011423724,0.00560795,0.008590957,0.011824561,0.009772619,0.009674026,0.010420459,0.0036306854,0.0006897275,0.010508451,0.01181112,0.010944326,0.010037131,0.01041994,0.0061259,0.012297609,0.012290666,-2.6271442e-05,0.008729,0.009504604,0.0038590468,-2.5312298e-05,0.009122967,0.0031886126,0.009161803,-2.6353697e-05,0.012857447,-2.7143067e-05,0.012548255,0.012223623,0.003569098,0.0106794285,0.008164517,0.011485998,0.010093043,0.0040192283,-2.6338663e-05,-2.6081498e-05,-2.8572846e-05,0.01162903,0.001919875,0.004833226,0.012078567,0.010722671,-2.7384152e-05,0.010383498,-2.6862084e-05,0.010763762,0.0066803335,0.01205787,0.01190338,0.010914614,0.012433295,0.006269956,0.010158449,-2.4427727e-05,0.008486329,0.0049087987,0.009675288,0.008758474,0.006858737,0.011520857,0.0,0.0059539163,-2.7392787e-05,0.005592948,0.011485025,0.011887263,0.011780689,0.001973095,0.002877876,0.0060240147,0.011959661,0.011926803,0.011511439,0.009834514,0.0096245,0.00045975493,0.009573325,0.009547479,0.01168019,0.0079104155,0.010814498,0.0016531233,0.011978317,0.012387582,-2.6533553e-05,0.010636436,0.007851069,0.009909711,0.0044120904,0.0068368125,0.006719615,0.006444143,0.009564499,-2.6348189e-05,0.0039754217,0.0036608086,0.0047367592,0.011700425,0.003662447,-2.3487995e-05,0.00867463,0.004982869,0.017612211,-2.5974949e-05
0.0051160664,0.004934705,0.00869063,-3.2134376e-05,0.009188037,0.0032383865,0.0056837755,0.00971869,0.0067690704,0.00644144,0.0076052067,-1.029736e-05,-2.788924e-05,0.00833427,0.0097252615,0.00825075,0.0071321325,0.0071036643,0.0027808987,0.011404246,0.010723061,-3.359367e-05,0.0060311905,0.006660694,-2.6798705e-05,-2.7831858e-05,0.006037448,0.0008549085,0.0059621055,-2.581269e-05,0.0119843595,-3.101484e-05,0.011747008,0.010562672,-3.197164e-05,0.008875398,0.006207011,0.011246452,0.0072306097,0.0005945025,-3.2834527e-05,-3.177798e-05,-2.8360158e-05,0.00949685,-3.030046e-05,0.0007485685,0.010454749,0.008503185,-3.6265577e-05,0.0076313107,-3.293108e-05,0.008360706,0.0033855308,0.01036974,0.0103348,0.008132561,0.011656939,0.004099361,0.007224139,-3.1855438e-05,0.0054426566,0.0004057864,0.007112523,0.0057821865,0.0037979728,0.009671937,0.007606427,0.0,-2.9150651e-05,0.0023952865,0.011285721,0.010519244,0.010001758,-2.8771916e-05,-3.372324e-05,0.0037622568,0.010096099,0.010140428,0.012228934,0.0074539883,0.007235988,-2.6715232e-05,0.0075714327,0.006381015,0.010027261,0.0045382036,0.008637167,-2.651175e-05,0.010414037,0.01106224,-2.7765733e-05,0.007852976,0.007907337,0.0073442454,0.0019184622,0.004323961,0.0022906053,0.002043102,0.006402993,-2.87207e-05,0.00014393302,0.0006386591,0.0022758353,0.009477857,-3.2646527e-05,-3.2377004e-05,0.0070658745,0.0046225768,0.01989443,-3.007255e-05
-1.4902069e-05,-1.0144724e-05,-4.1702306e-06,-1.686933e-05,1.1821016e-05,8.976934e-06,1.7377688e-06,0.0018766137,7.482875e-06,1.4041039e-05,6.5390273e-06,1.2905286e-05,-6.537309e-06,3.5208284e-06,0.0020097874,-1.2051746e-05,9.06126e-06,-1.21841485e-05,6.16469e-06,0.012191658,0.0091029955,-1.090093e-05,4.3445843e-06,-7.187917e-06,-8.622109e-06,-4.0782743e-06,1.2013968e-05,-1.2857016e-05,-1.3099795e-05,-1.6905266e-05,0.0130386045,1.2222154e-05,0.012567439,0.0045241537,-1.4927009e-05,7.594514e-06,-1.45517515e-05,0.012516869,9.417066e-06,1.0600446e-05,-1.940883e-05,-1.0425637e-05,1.0950377e-05,0.00048538749,2.9744808e-06,1.3272383e-05,0.0050914097,1.1586004e-05,-1.347576e-05,-6.377255e-06,9.163942e-06,4.8940497e-06,4.0888294e-06,0.0047736876,0.004535606,5.5572186e-06,0.015255612,1.1195411e-05,-9.455097e-06,1.0265747e-05,1.2782249e-05,-1.0026251e-05,7.2106013e-06,-9.817754e-07,1.4769408e-05,0.0034035104,8.046978e-06,-7.8149205e-06,0.0,1.044724e-05,0.013855546,0.0077239457,0.0021216266,-1.45489275e-05,3.1319453e-06,1.2546478e-05,0.0021690747,0.007665175,0.020428348,4.4443987e-06,-1.4017841e-05,-1.1847346e-05,-6.768362e-06,2.0524383e-06,0.0023734595,-9.421326e-06,4.319838e-06,-6.8613763e-06,0.009797437,0.008204788,1.0502242e-05,1.2832811e-05,1.4974166e-05,-1.379426e-05,7.3276947e-06,-4.8636895e-07,-5.5920027e-06,7.0479695e-07,-1.8283649e-06,5.600907e-06,-4.524941e-06,-1.09277e-05,-1.6297532e-05,4.0629482e-05,-1.7608776e-05,1.3831944e-05,1.3337197e-05,3.7409277e-06,0.0434874,-7.009624e-06
0.0052372725,0.005015618,0.0086157145,-1.8828638e-05,0.009101353,0.0025882944,0.0055664126,0.0094958255,0.006757276,0.006657631,0.0075677913,-1.8658035e-05,-1.9004587e-05,0.008128542,0.009269125,0.008149546,0.0069047636,0.0070542395,0.0026669968,0.010452093,0.010102016,-1.8387074e-05,0.005875071,0.0065668784,-2.3153058e-05,-2.4879115e-05,0.006111907,-2.4711753e-05,0.0060108686,-1.787575e-05,0.011400389,-1.6458958e-05,0.010759818,0.010223702,-2.4076766e-05,0.008380205,0.0057693035,0.008925583,0.007235231,0.00024853388,-2.3909242e-05,-2.7002841e-05,-1.9567979e-05,0.00902362,-2.2713994e-05,0.0009290879,0.0100196265,0.008400856,-2.2452812e-05,0.007253284,-2.0449323e-05,0.008244363,0.0032786655,0.009818119,0.009423189,0.00808556,0.010783937,0.003391181,0.007134084,-1.9946767e-05,0.0055839103,0.00053074263,0.0070937905,0.0057437546,0.0036525198,0.008889492,0.0075214235,0.003512767,-2.407312e-05,0.0,0.009042125,0.0095542865,0.009676362,-2.0210871e-05,-1.9492256e-05,0.003103675,0.00980705,0.009658233,0.009620876,0.007273507,0.007059512,-2.2686578e-05,0.0072314367,0.0065415413,0.009425898,0.004579383,0.008490975,-1.9256957e-05,0.009745806,0.010708791,-1.9077097e-05,0.0077562584,0.006491401,0.0070828088,0.0012039171,0.003799794,0.0025392266,0.0022423049,0.0063697356,-2.041717e-05,-2.3296261e-05,0.00010826154,0.0017340017,0.009458103,-1.9682111e-05,-2.0392767e-05,0.0064820657,0.0030622862,0.018861324,-2.336673e-05
0.013645935,0.013261149,0.017140018,0.0082004275,0.017208586,0.010782534,0.013571733,0.01799726,0.015255479,0.01520492,0.01632291,0.009127302,0.006115765,0.015766792,0.018579375,0.016548201,0.015681764,0.015892504,0.011376909,0.020223012,0.019493636,0.0056788977,0.0138470065,0.014462914,0.009319699,0.0056394967,0.0144320745,0.008890819,0.014045324,-2.4717792e-05,0.019959226,0.00065353065,0.02034984,0.018581353,0.008842719,0.01610949,0.013408599,0.02157696,0.015838167,0.009224454,0.0011467346,-2.3744045e-05,-2.2590759e-05,0.018256946,0.007843058,0.010020728,0.01859838,0.016049186,-2.6396941e-05,0.016612392,0.0053760996,0.016471157,0.011630185,0.0186591,0.01897157,0.016502833,0.020779025,0.01118997,0.015437957,0.0050771087,0.013317974,0.009920211,0.014713832,0.0137854405,0.0117904795,0.018879304,0.015868012,0.011199209,-2.3793484e-05,0.010811272,0.0,0.020000933,0.017615907,0.0074062464,0.008335726,0.011055111,0.017929375,0.019518055,0.024368647,0.01467834,0.014504094,0.00597715,0.014691359,0.014819443,0.018337633,0.012904389,0.015926372,0.007952626,0.0199609,0.01898713,0.0010516164,0.015957378,0.013458671,0.0152846575,0.009548816,0.011994207,0.011896912,0.011607615,0.014836342,-2.4980665e-05,0.009183843,0.009148793,0.009929592,0.017324513,0.009030727,-2.4537758e-05,0.013825532,0.010583304,0.029213166,-2.550903e-05
0.011301055,0.010956712,0.014915995,0.005789331,0.015265849,0.008677072,0.011442638,0.015884075,0.013143045,0.012896236,0.014295414,0.0068589738,0.0035618553,0.013704343,0.01677264,0.014446088,0.013710393,0.013996075,0.009059163,0.018553697,0.017628144,0.0032631147,0.011577828,0.012438309,0.007055779,0.0031453324,0.012260637,0.006680569,0.012025354,-2.81477e-05,0.01760973,-2.9802539e-05,0.018993493,0.016681928,0.006510216,0.013898041,0.010980627,0.019518526,0.013557075,0.0069610616,-2.6322454e-05,-2.9214934e-05,-3.0416684e-05,0.016583791,0.005487938,0.0077192876,0.016841942,0.013873058,-2.4497684e-05,0.014629893,0.0031812026,0.0145242,0.00940865,0.016968517,0.017117891,0.014463657,0.01892388,0.009164479,0.013539707,0.0026932987,0.011186088,0.007645555,0.012748202,0.011545838,0.009763351,0.01718577,0.014081229,0.009088608,-2.5965417e-05,0.008624529,0.019766336,0.0,0.015427124,0.005001675,0.00607458,0.009137452,0.01599622,0.017565807,0.021275008,0.012649356,0.012432644,0.0036585338,0.012469885,0.012727607,0.016703272,0.010803488,0.013794335,0.005609763,0.018197643,0.016949208,-2.8794102e-05,0.013904013,0.01166688,0.013239515,0.0073598563,0.009655885,0.009793915,0.009286129,0.012847859,-2.9105973e-05,0.00693734,0.006792088,0.007857261,0.01507743,0.0065472503,-2.7337699e-05,0.011594527,0.008813812,0.026241722,-2.8647119e-05
0.011140117,0.010931182,0.013916364,0.005816191,0.014693857,0.008849819,0.01118485,0.014842878,0.012211661,0.012184973,0.012586592,0.006559605,0.0022736418,0.013646513,0.013956502,0.0134698395,0.0119682355,0.012040237,0.008986165,0.014679964,0.015056612,0.0029253382,0.011541255,0.011929381,0.0062178015,0.000789596,0.011642754,0.0067193033,0.011544634,-3.2879176e-05,0.01585089,-2.8190698e-05,0.014939805,0.014712665,0.00577486,0.014158034,0.011376458,0.013290608,0.01250214,0.0070271785,-3.155923e-05,-3.322446e-05,-3.2870626e-05,0.013992409,0.005382843,0.007318923,0.014465741,0.013746247,-3.066791e-05,0.012401489,0.0025697837,0.01322445,0.009236217,0.014728675,0.013947157,0.01317566,0.015531921,0.009556786,0.012449963,0.0023163252,0.011061977,0.0071834503,0.012111372,0.011554481,0.009791968,0.013605841,0.012438208,0.009527292,-2.9710414e-05,0.008578676,0.013460085,0.014027956,0.0,0.0044511883,0.0054532993,0.009431662,0.015013648,0.014778795,0.013950952,0.012839716,0.01284219,0.0031575523,0.012955739,0.011900159,0.013688054,0.010667412,0.013884835,0.0047677034,0.015032078,0.015700279,-3.0025836e-05,0.013064742,0.012166093,0.012416947,0.007643506,0.009916578,0.00871365,0.008509643,0.011524066,-2.6911881e-05,0.006744966,0.0067895325,0.007950945,0.01460878,0.0057697985,-3.0509078e-05,0.012116245,0.009441632,0.021466758,-3.3146775e-05
0.002921301,0.003260233,0.00696888,-2.8534578e-05,0.0073845177,7.417169e-05,0.0038688043,0.008010795,0.0047335816,0.0050192685,0.0056649907,-1.9902545e-05,-3.0460447e-05,0.006157663,0.0076601272,0.0063228663,0.0051272316,0.00535165,6.765767e-05,0.009338003,0.008827764,-2.7270287e-05,0.003299743,0.004498413,-1.9108165e-05,-2.5220908e-05,0.003482125,-2.8024648e-05,0.004142887,-2.1109481e-05,0.010878522,-2.9705898e-05,0.00965956,0.008724706,-2.9746177e-05,0.006491589,0.0026962226,0.008742298,0.005322043,-2.6888609e-05,-2.8342383e-05,-2.8535043e-05,-1.7415252e-05,0.007389179,-3.1108124e-05,-2.2291217e-05,0.0084670745,0.0063528116,-2.9795405e-05,0.0054865433,-2.0807765e-05,0.0064124307,0.0013703469,0.008309632,0.007995056,0.0062366403,0.009926134,0.0003877484,0.0052099824,-1.733656e-05,0.0031408311,-2.9620467e-05,0.0048692743,0.0034550163,0.0009395441,0.0074747717,0.0055320943,2.2878405e-05,-1.5132586e-05,-2.5336802e-05,0.008863769,0.008114192,0.008107465,0.0,-2.2988035e-05,0.00024491537,0.008320503,0.0083338395,0.010144871,0.005636159,0.004614803,-2.870113e-05,0.0052112383,0.0046317605,0.007789155,0.0029722836,0.006536094,-2.2899503e-05,0.0086673265,0.009390576,-2.4423609e-05,0.0058935443,0.0016715351,0.0048804795,-2.5544927e-05,0.0013935976,0.00080590404,0.00040839656,0.004208661,-2.1899039e-05,-1.9216324e-05,-2.975996e-05,-2.7833954e-05,0.008265161,-2.9596686e-05,-1.7749202e-05,0.0034785185,-2.0482259e-05,0.021049075,-2.828012e-05
0.0031302227,0.0026432227,0.007673098,-1.7091947e-05,0.008139916,-1.9345884e-05,0.0035844208,0.008831474,0.005139954,0.004991846,0.0063288,-1.9577777e-05,-1.6576918e-05,0.0064817257,0.008557327,0.006861887,0.005616528,0.0058045397,0.00050828187,0.009859836,0.00970409,-1.6438215e-05,0.003990215,0.0047269706,-2.2957405e-05,-2.1397303e-05,0.004490389,-1.4011884e-05,0.004007863,-2.0152236e-05,0.011374288,-2.1226597e-05,0.010159586,0.009192552,-1.6800319e-05,0.006976007,0.0032341045,0.009139657,0.0059112106,-1.3625653e-05,-2.2518563e-05,-1.4613176e-05,-2.1480451e-05,0.008197306,-2.3836592e-05,-1.6410495e-05,0.009169284,0.0070396126,-2.6022086e-05,0.0060128286,-2.4232912e-05,0.007002614,0.0007437924,0.009414259,0.008557901,0.0068814293,0.010598122,0.0006252888,0.005590218,-1.7273902e-05,0.0038098644,-1.6555117e-05,0.005506084,0.0038862128,0.0012798231,0.008075081,0.0060785506,0.00044680954,-1.5800644e-05,-1.483618e-05,0.009374407,0.008834296,0.00877406,-1.8533434e-05,0.0,4.6910925e-05,0.009198182,0.009555878,0.010301673,0.0054797465,0.0050835814,-2.0476476e-05,0.005401939,0.004960887,0.008741725,0.0023437643,0.006998796,-2.512243e-05,0.01005934,0.010412791,-2.5414762e-05,0.0065158354,0.0042594187,0.005737451,-2.4298075e-05,0.0011337233,0.0001757601,-1.4314182e-05,0.0047735213,-2.2697295e-05,-2.20237e-05,-2.4329578e-05,-2.1819309e-05,0.008540355,-1.7736036e-05,-2.24921e-05,0.0041690064,-2.0939035e-05,0.022338357,-1.8605793e-05
0.0053641163,0.0051213745,0.008701065,-2.1632295e-05,0.009344242,0.0032079038,0.0058033178,0.009618963,0.0067785517,0.0067023383,0.007621421,-1.1613485e-05,-2.2826871e-05,0.008281298,0.009567259,0.008358827,0.007185765,0.007267045,0.002919994,0.011053611,0.010593597,-2.1134647e-05,0.0060176905,0.0066948063,-2.0058586e-05,-2.7491136e-05,0.0060903,0.0005017927,0.005947904,-2.3139088e-05,0.011667534,-3.0048719e-05,0.011311825,0.010432763,-2.6732501e-05,0.008769282,0.005836887,0.010419085,0.0074357814,0.00060040684,-2.8520284e-05,-2.2535132e-05,-2.1874246e-05,0.009273323,-2.7290538e-05,0.0010122168,0.0102844015,0.008597372,-2.714485e-05,0.0076146107,-2.2704822e-05,0.008307474,0.0034531902,0.010169917,0.010047649,0.008110588,0.0112390425,0.0039147427,0.007288773,-2.7888653e-05,0.005639671,0.0005804223,0.0070432923,0.00595867,0.0037583942,0.009394593,0.007651625,0.0041306983,-2.4325314e-05,0.0023328904,0.010357299,0.010167846,0.0098160645,-2.0536163e-05,-2.5438967e-05,0.0,0.009988781,0.009959765,0.010643478,0.007530036,0.007209306,-2.7291971e-05,0.0074874056,0.006440042,0.009782236,0.004807186,0.008636133,-2.3661374e-05,0.01010982,0.01075053,-2.8648952e-05,0.0079472335,0.0073154494,0.0071826526,0.0018054886,0.004242616,0.0024356956,0.0023060513,0.0064641456,-2.7266882e-05,0.00018334764,0.00041748633,0.002106483,0.0095937215,-2.0240412e-05,-2.4790128e-05,0.0069549778,0.0041764304,0.019102193,-2.8566172e-05
0.010805022,0.0107127875,0.013847526,0.005686216,0.014324584,0.0085001895,0.011080024,0.014621664,0.012091747,0.0120111415,0.012694732,0.006353655,0.0027139152,0.013305878,0.014148507,0.013399169,0.012183674,0.012297728,0.008780116,0.014894003,0.015050193,0.0026623316,0.011330874,0.011738643,0.0063793156,0.0014588787,0.01148584,0.006227601,0.011524604,-2.6957605e-05,0.015855743,-3.0381416e-05,0.015153021,0.014650101,0.0059106373,0.0135147,0.01094378,0.014030439,0.012513335,0.0068124724,-3.0279913e-05,-3.02631e-05,-2.8341357e-05,0.014167967,0.0049396465,0.0073127775,0.014449385,0.01329451,-2.9114319e-05,0.012674125,0.002508226,0.013217705,0.008960312,0.014733472,0.0140737835,0.013128651,0.015646396,0.00913018,0.012336838,0.0021491747,0.010839753,0.0071208263,0.012010333,0.011356201,0.009487176,0.013949972,0.012603487,0.008959789,-3.0189569e-05,0.008439934,0.014109694,0.014245283,0.014629011,0.004512173,0.0054694545,0.00886823,0.0,0.014962508,0.014331467,0.012489192,0.012447621,0.0031418244,0.01245309,0.011944254,0.0139915915,0.0105269505,0.01354421,0.0047452934,0.015323011,0.015537135,-3.0818774e-05,0.01289391,0.011316192,0.01224674,0.007391818,0.009706553,0.009027161,0.008574088,0.011598189,-2.4836823e-05,0.0066519133,0.0066268076,0.007594625,0.014310303,0.0058802394,-2.7187682e-05,0.011697644,0.008478057,0.020961039,-2.9093542e-05
0.011680264,0.0117029585,0.015292282,0.0066196364,0.015580099,0.009052256,0.01192541,0.016182574,0.013064203,0.013130453,0.013937058,0.00736755,0.0038052436,0.014150564,0.016256314,0.014510424,0.013423944,0.013637983,0.009569518,0.017127108,0.01697081,0.003873122,0.012043006,0.012595265,0.0075523998,0.0036137954,0.0123492,0.007112827,0.012205614,-2.9853461e-05,0.017238457,-2.8223889e-05,0.017303234,0.016120465,0.006912016,0.014323128,0.011361488,0.017099626,0.013629045,0.0075272387,-2.7370234e-05,-2.6643094e-05,-2.808929e-05,0.016216544,0.006004586,0.008115489,0.0161208,0.014160548,-2.9866162e-05,0.014251793,0.0036235177,0.014440829,0.009872481,0.01703109,0.016459178,0.014416438,0.018556058,0.009519245,0.013428743,0.0033281147,0.011622651,0.007962252,0.012945124,0.012156976,0.010132158,0.01632497,0.013768537,0.009664732,-2.6222375e-05,0.009170385,0.017665215,0.017037245,0.015974851,0.0057664355,0.006592103,0.0094718635,0.01623308,0.0,0.018668089,0.013036125,0.012958524,0.004183652,0.013030332,0.013195301,0.016019266,0.011377064,0.014368859,0.0061081965,0.019146899,0.017315924,-2.723926e-05,0.013931485,0.011928197,0.013254308,0.007903155,0.010272472,0.009921073,0.009559933,0.012819793,-2.6655378e-05,0.00757855,0.0072911507,0.00833089,0.015391109,0.00686671,-2.6178534e-05,0.0120755145,0.009171482,0.026890023,-3.09002e-05
0.016450316,0.015921848,0.019542575,0.011267563,0.019631028,0.013826954,0.016245654,0.020415463,0.017837565,0.01772099,0.018803908,0.012242054,0.009370206,0.018485265,0.020726047,0.01890986,0.018181475,0.018227482,0.01424356,0.022582347,0.021973316,0.009034111,0.01659423,0.017155448,0.012305043,0.008909217,0.017109644,0.012037346,0.016635938,0.0028430957,0.022612022,0.004371991,0.022640374,0.020964125,0.011818563,0.018834611,0.016177202,0.023115199,0.018516606,0.0123471785,0.0049368967,0.00069598673,-2.4582463e-05,0.020554394,0.01114943,0.012972676,0.021081261,0.018623587,-2.9145855e-05,0.018779714,0.008850802,0.019022344,0.01441178,0.020961259,0.021111371,0.019003924,0.023062969,0.014235933,0.018020203,0.0084462855,0.01595778,0.012908853,0.017275566,0.016543487,0.014799996,0.02119576,0.018482886,0.014050224,0.001332222,0.013828485,0.023246503,0.02201806,0.020197542,0.0105861975,0.011574159,0.014157759,0.020496432,0.021674719,0.0,0.017532611,0.017132249,0.009437586,0.017436773,0.01743884,0.020559467,0.01567394,0.018528271,0.011113651,0.022122495,0.021378566,0.004478543,0.018416407,0.016410675,0.01791726,0.012651038,0.014762894,0.014782266,0.01425149,0.01742609,-2.4871666e-05,0.012306327,0.012176122,0.013018132,0.01997218,0.012057583,0.0019480514,0.016625965,0.013581616,0.029702257,0.0033251604
0.008289991,0.00816361,0.0108860815,0.0028540464,0.011303426,0.0060920273,0.00862085,0.011568025,0.009327197,0.009264373,0.009685653,0.0035518843,-2.9333543e-05,0.010643529,0.011037439,0.01046124,0.009357351,0.009530099,0.0061343177,0.011313992,0.011514625,-2.4336103e-05,0.008816069,0.009263075,0.0032721222,-2.9521496e-05,0.008661908,0.0035525742,0.008873591,-2.7588936e-05,0.012493442,-2.7616115e-05,0.011667191,0.011856049,0.002999103,0.010925463,0.008551379,0.009750755,0.009660466,0.0042143213,-2.4058587e-05,-2.6397345e-05,-2.427222e-05,0.0107036065,0.002423085,0.0044684466,0.011482801,0.010790763,-2.622724e-05,0.00946509,-2.6629512e-05,0.010279501,0.006578577,0.0114388885,0.010839934,0.010212826,0.011661668,0.0067839115,0.009727804,-2.6079757e-05,0.008432292,0.004428862,0.009622275,0.008701388,0.0069379825,0.010392463,0.009860403,0.0065949797,-2.717406e-05,0.0056336755,0.010280954,0.010600154,0.011809002,0.0016503087,0.0024930246,0.0064866445,0.011775915,0.011040005,0.010539269,0.0,0.010051095,0.00027675787,0.009979197,0.009350467,0.010837505,0.007967943,0.011077412,0.0014786362,0.011159351,0.012250965,-2.7956752e-05,0.010349751,0.00896199,0.0095619485,0.0050348877,0.0072719892,0.0060687535,0.0058713593,0.008847293,-2.938213e-05,0.003985787,0.0037822824,0.0052119866,0.011500332,0.0031475122,-2.8563285e-05,0.009390199,0.006196852,0.018158397,-2.5773128e-05
0.007966004,0.007924412,0.010556261,0.0026588459,0.011134427,0.005822935,0.008219734,0.011255836,0.00900439,0.009018783,0.009582251,0.003408852,-2.7051263e-05,0.010388089,0.010917861,0.010177934,0.009218538,0.009334539,0.0059592533,0.011239847,0.011340925,-2.4964102e-05,0.008578316,0.009066009,0.0031188517,-2.818094e-05,0.008576494,0.0035424505,0.0085352855,-2.5993997e-05,0.012454347,-2.67865e-05,0.011572178,0.0116177155,0.00264106,0.010729729,0.008335805,0.010131264,0.009358435,0.0039276886,-2.3103368e-05,-2.8482174e-05,-2.7726723e-05,0.010543775,0.0023025323,0.0043835174,0.011306412,0.010760372,-2.8567132e-05,0.009404865,-2.9251514e-05,0.010182965,0.0064216466,0.011313384,0.010755742,0.010057561,0.011618713,0.006605932,0.009332427,-2.897064e-05,0.008055141,0.0041755186,0.009252966,0.008527958,0.006740204,0.010378441,0.009458789,0.006532288,-2.692411e-05,0.005395125,0.010259714,0.010526873,0.011629479,0.0013630023,0.0021655755,0.0062692347,0.011601605,0.010881993,0.010252686,0.009950521,0.0,3.3598458e-06,0.009890655,0.009077026,0.01079605,0.0075361887,0.01091543,0.0015315727,0.01102651,0.012124475,-2.4196233e-05,0.009967361,0.009219968,0.0092721265,0.0048316545,0.0072056986,0.005592638,0.0055129617,0.00859515,-2.3924284e-05,0.0036642987,0.0036810103,0.004982186,0.011464667,0.0026849394,-2.7480233e-05,0.009145633,0.006298373,0.0181493,-2.6827507e-05
0.0009978794,0.00049659587,0.00659092,-2.350623e-05,0.0070906198,-1.3290361e-05,0.0014663558,0.008133662,0.0034545418,0.0031839751,0.0049718805,-2.017902e-05,-2.4695235e-05,0.0053528086,0.007885473,0.0056643435,0.0038246654,0.003909166,-2.4718227e-05,0.010312985,0.009603348,-1.4999988e-05,0.0019841879,0.0031714747,-2.2599776e-05,-1.06734915e-05,0.0022954983,-2.2743734e-05,0.0020190778,-1.3216102e-05,0.011720614,-2.3489423e-05,0.01058995,0.009049728,-1.16797555e-05,0.005751262,0.0014735253,0.009499654,0.0042986786,-1.7899776e-05,-2.5572015e-05,-1.131552e-05,-1.45035e-05,0.007360826,-1.3162192e-05,-1.6134203e-05,0.008921638,0.0057361736,-1.8326959e-05,0.0046855253,-1.2373431e-05,0.0055992124,-2.596185e-05,0.008758674,0.008476314,0.005540403,0.011249474,-2.7450018e-05,0.003924945,-2.4362911e-05,0.0011838598,-2.2069842e-05,0.0036017427,0.0017030117,-1.9718993e-05,0.0077329604,0.00449624,-1.40397815e-05,-1.6436516e-05,-1.2342263e-05,0.009908331,0.0088050105,0.008220447,-2.1804855e-05,-1.3927911e-05,-2.2514098e-05,0.008416414,0.009061833,0.011351191,0.0038139406,0.0033259324,0.0,0.003755093,0.0029320703,0.00795737,-1.6851674e-05,0.0058777467,-1.6516116e-05,0.009686166,0.009908232,-2.2314669e-05,0.0049423203,0.0020777376,0.004014432,-1.8220837e-05,-1.5518755e-05,-2.1597463e-05,-1.8827994e-05,0.0029518788,-9.384775e-06,-2.7038945e-05,-1.3350577e-05,-2.5424999e-05,0.007544365,-1.7520211e-05,-9.10331e-06,0.0024780026,-1.4457606e-05,0.025404153,-1.1428743e-05
0.008253919,0.007996646,0.010810527,0.0025347006,0.011586719,0.006356527,0.008539469,0.0117052095,0.0092300195,0.009244058,0.00977994,0.0034766826,-2.9965237e-05,0.0107793845,0.010957219,0.010463627,0.009211094,0.009368012,0.0061928867,0.011653036,0.01178613,-2.8292796e-05,0.008962943,0.009268893,0.003231169,-2.8890738e-05,0.008809727,0.0038568764,0.008827045,-2.6016714e-05,0.012921781,-2.7888525e-05,0.011948717,0.012047102,0.0025431432,0.011110164,0.008786583,0.010371055,0.009686386,0.0041985717,-3.097017e-05,-3.2049935e-05,-2.5828058e-05,0.010862198,0.0024290846,0.0044056443,0.011632098,0.010879077,-2.6496386e-05,0.009521721,-3.110074e-05,0.010505973,0.006460347,0.011541623,0.011059616,0.010341519,0.011913591,0.006932447,0.009702353,-2.7346661e-05,0.008383321,0.0040617976,0.009507484,0.008851204,0.0070099775,0.010495813,0.009694208,0.007096385,-2.919036e-05,0.00578961,0.010477003,0.010826416,0.011893479,0.0012592658,0.002304583,0.0066840514,0.011766507,0.011056376,0.010607576,0.010094642,0.009965506,2.1058226e-05,0.0,0.00910923,0.01095808,0.0076979464,0.011135803,0.0014777739,0.011262626,0.012328765,-2.7307473e-05,0.010326691,0.009593573,0.009724143,0.0050239637,0.0072375005,0.0057131867,0.005526378,0.008779167,-2.9616376e-05,0.0037513333,0.004003361,0.0052874233,0.011808121,0.002758808,-3.1750584e-05,0.009690868,0.006848963,0.018713797,-3.2428e-05
0.007869299,0.008018695,0.010581357,0.0028556471,0.010968066,0.0053700376,0.008217665,0.011267114,0.009057083,0.009127679,0.009606055,0.003023702,-2.5655892e-05,0.00991533,0.010803119,0.010202827,0.009336742,0.00951564,0.0057393727,0.011054718,0.0112298615,-3.7215785e-05,0.008189914,0.008758279,0.0032252867,-3.219712e-05,0.008463047,0.0025039653,0.0085590165,-3.3702894e-05,0.012191834,-3.5975012e-05,0.011267192,0.011495395,0.0029606812,0.010251899,0.0075588194,0.010131078,0.00954779,0.0037165072,-3.609056e-05,-3.2135926e-05,-3.589345e-05,0.010794587,0.0013715718,0.004466217,0.011221446,0.01022854,-2.933451e-05,0.009545544,-3.156609e-05,0.010233352,0.0063869366,0.011380454,0.01077248,0.010098464,0.011409486,0.005720193,0.009520113,-3.243809e-05,0.007834335,0.004418391,0.009323607,0.008338781,0.00645335,0.010271772,0.009657648,0.0054437895,-3.1941123e-05,0.0051109665,0.010268599,0.010498248,0.011261884,0.0017382497,0.002323959,0.0056118416,0.011487681,0.011028053,0.010451777,0.0094704665,0.009274035,-3.5727222e-05,0.00921108,0.0,0.010831148,0.0075800503,0.010480264,0.0015806615,0.0111522805,0.011819462,-3.48388e-05,0.009986137,0.007173629,0.009127447,0.004167369,0.006539041,0.0060864105,0.0057839304,0.008931804,-3.48189e-05,0.003493184,0.0031115098,0.0043652523,0.011106696,0.002991508,-3.4371547e-05,0.008321855,0.00451757,0.017501751,-3.4396955e-05
0.010206417,0.009866915,0.01336073,0.004920401,0.01373487,0.007531489,0.010444742,0.0144959185,0.011740566,0.011685591,0.012851418,0.005502827,0.0025019986,0.012304815,0.014996865,0.013276219,0.012324752,0.012604742,0.007900617,0.01614767,0.015472575,0.0020144565,0.010406578,0.0111245345,0.0058318162,0.0015752695,0.011044271,0.0054733013,0.010940641,-2.7200418e-05,0.015874993,-2.8984527e-05,0.016174218,0.014918433,0.005297406,0.012626582,0.009896793,0.016287208,0.012302444,0.0059346757,-2.5922682e-05,-2.960901e-05,-2.5756823e-05,0.014849503,0.004106791,0.0066606193,0.014962131,0.012497793,-2.9880395e-05,0.013069334,0.0019216097,0.013208519,0.008462584,0.01528511,0.015193486,0.013191234,0.016421568,0.007917969,0.012424487,0.0013809837,0.010061497,0.0065583647,0.011583781,0.010385625,0.008695999,0.015074775,0.012730028,0.007974967,-2.5258427e-05,0.007433588,0.01638209,0.015755078,0.013964694,0.00387426,0.0049393815,0.00783993,0.014538844,0.015569175,0.01746692,0.011426918,0.0113635305,0.0025294265,0.011290638,0.011609599,0.0,0.009596431,0.01270543,0.004159706,0.01596566,0.015302798,-3.1084863e-05,0.012628967,0.01003743,0.011982396,0.006367906,0.0085872235,0.008770191,0.008237842,0.01170635,-2.73739e-05,0.005775981,0.0057170135,0.0065027517,0.013788339,0.005477002,-2.704662e-05,0.010343298,0.0072345203,0.021672988,-2.7801649e-05
0.0066526136,0.006759172,0.009551041,0.0013304802,0.010088013,0.0043699895,0.007237458,0.0102298185,0.0078846,0.0078875115,0.008409996,0.0016765912,-2.274655e-05,0.009081437,0.009767772,0.00918146,0.0082172165,0.008202426,0.004344665,0.01037137,0.010231609,-2.6734102e-05,0.0071919463,0.0076972754,0.0014731124,-2.3530676e-05,0.0070892815,0.0013810263,0.007423791,-2.3522569e-05,0.011351182,-2.0917121e-05,0.010611298,0.010456748,0.0012414178,0.009565416,0.00667116,0.0089522395,0.008294974,0.0023167648,-2.5380157e-05,-2.6934296e-05,-2.1333115e-05,0.009664072,0.0003849065,0.0028414403,0.010187456,0.00936875,-2.1969225e-05,0.008283729,-2.2730786e-05,0.009076294,0.0051234844,0.010394799,0.009904925,0.008931449,0.010606044,0.0048368745,0.00840977,-2.157618e-05,0.0067601777,0.002977302,0.00808115,0.0072674267,0.0053876806,0.009238001,0.008534071,0.004624244,-2.1774038e-05,0.0038714113,0.009117184,0.009620108,0.010419663,0.00026157786,0.00059158675,0.004626665,0.010627399,0.010179701,0.009805511,0.008663515,0.008274925,-2.0604306e-05,0.008395414,0.007938019,0.0098618,0.0,0.00958303,-1.8891282e-05,0.010245553,0.011075149,-2.092857e-05,0.008971496,0.0066490825,0.007909403,0.0030616326,0.0054327343,0.0044779256,0.0042174812,0.007533498,-2.6073729e-05,0.0021751532,0.0017779187,0.0033013455,0.010296728,0.0014648221,-2.6135454e-05,0.0075345268,0.003950525,0.017673168,-2.3412284e-05
0.009330638,0.009260617,0.011982448,0.0040610656,0.012547006,0.0071460893,0.009520536,0.0126474155,0.010238212,0.010203583,0.010761381,0.004653354,0.00044706694,0.011652574,0.012067027,0.011544262,0.010212987,0.010304054,0.0070766616,0.012398772,0.012579835,0.00097032066,0.009862693,0.010093539,0.0045596017,-2.6490223e-05,0.009841134,0.004830301,0.009845494,-2.6747915e-05,0.013640031,-2.3468934e-05,0.012554715,0.012759472,0.0039563826,0.012023178,0.009667125,0.011332464,0.010617995,0.005230129,-2.3695238e-05,-2.730118e-05,-2.3882569e-05,0.011832428,0.0035276918,0.005562572,0.01234296,0.011886097,-2.8719274e-05,0.010620162,0.00072310714,0.011309882,0.0075217243,0.012484427,0.011843572,0.0112264315,0.012943326,0.007778167,0.010635897,0.00049476326,0.0093424395,0.005407194,0.0104070855,0.009857601,0.008090808,0.0114388,0.010605379,0.00785837,-2.7310156e-05,0.006882979,0.011454432,0.011641316,0.012955374,0.0027353026,0.0034898545,0.0075843907,0.012906093,0.012284187,0.011626089,0.011056236,0.0110597005,0.001477168,0.011028528,0.010246275,0.011827284,0.009014785,0.0,0.0030442874,0.012440223,0.013581436,-2.5338892e-05,0.011171363,0.010156883,0.010598305,0.006090302,0.008364021,0.007052411,0.006762919,0.009732012,-2.4750163e-05,0.004986664,0.0049413154,0.0062688477,0.012524154,0.00412288,-2.4192726e-05,0.010398423,0.0075148875,0.019044004,-2.3622872e-05
0.0020615833,0.0018579153,0.0071805115,-2.4019795e-05,0.007729604,-2.0532272e-05,0.0027465082,0.008442433,0.004492821,0.0041463664,0.0057940963,-3.0548836e-05,-1.7665428e-05,0.005944584,0.009321329,0.006290163,0.004964743,0.0052814363,-1.2514444e-05,0.0112398965,0.010230013,-2.1529035e-05,0.0029606181,0.0036953108,-3.0288591e-05,-1.972727e-05,0.0033721414,-2.7566803e-05,0.003148214,-2.7118418e-05,0.011561902,-2.555086e-05,0.011372555,0.009513587,-1.8606022e-05,0.0064557083,0.0020036458,0.010853587,0.0052197166,-3.0084948e-05,-2.018997e-05,-1.4539221e-05,-1.7227987e-05,0.008337688,-3.079057e-05,-2.8183607e-05,0.009583888,0.0064104567,-3.0048417e-05,0.0058311955,-2.174021e-05,0.0064477962,-1.5456375e-05,0.009525676,0.00957756,0.0063972957,0.011782617,-2.296517e-05,0.0048326333,-2.6108613e-05,0.0025006102,-2.4352299e-05,0.0045119426,0.0029931806,0.00043799725,0.008761308,0.0055997195,-1.4317327e-05,-1.6375765e-05,-2.4223176e-05,0.01090738,0.010059196,0.008452194,-2.0186857e-05,-2.7181748e-05,-1.7228747e-05,0.008904648,0.010054585,0.0126168905,0.0046709063,0.0044730753,-2.855172e-05,0.004478815,0.004473063,0.009571482,0.0014115848,0.006566768,0.0,0.0104648275,0.010306583,-2.2930522e-05,0.0057071852,0.0044796527,0.004854908,-2.6547836e-05,0.00040292466,-2.068173e-05,-2.5520952e-05,0.0041388907,-2.9464709e-05,-2.1421385e-05,-2.7584296e-05,-2.519871e-05,0.008514234,-1.9686646e-05,-2.5914722e-05,0.003638205,-2.1684193e-05,0.02569348,-2.6301734e-05
0.012599407,0.0123185795,0.01593372,0.0074200556,0.016173707,0.0098398905,0.012462991,0.016844159,0.013806573,0.013895244,0.014766612,0.008167501,0.0048179654,0.014705987,0.016924037,0.015253763,0.014078207,0.014295463,0.010249385,0.017908389,0.017832058,0.004674676,0.012718489,0.013343487,0.008344679,0.0049112584,0.013166906,0.007992241,0.012975863,-2.9103716e-05,0.018186482,-3.174025e-05,0.018112935,0.01676915,0.0077281795,0.01512109,0.01221498,0.018031463,0.014397832,0.008367628,3.5827183e-05,-2.8960738e-05,-3.0644285e-05,0.016746664,0.006964128,0.009001353,0.016707119,0.014914611,-2.9838598e-05,0.015056665,0.00452704,0.015127241,0.010526184,0.017624628,0.017020667,0.014958226,0.01931845,0.010244636,0.014088157,0.004239877,0.012225458,0.00880967,0.013470371,0.0127584,0.010910499,0.01707253,0.014516841,0.010346562,-2.7168282e-05,0.009856149,0.018672606,0.017792568,0.016593888,0.00673584,0.0073374165,0.010244922,0.016840404,0.018916447,0.019732073,0.013681005,0.013737556,0.005207579,0.01375796,0.013703209,0.016705325,0.012078264,0.014921687,0.0070748115,0.0,0.017930856,9.772321e-05,0.014623083,0.012498317,0.013923768,0.008797857,0.011072181,0.010780891,0.010244211,0.013392658,-2.9410217e-05,0.008355991,0.008229275,0.008940393,0.015999505,0.0076890574,-2.7474147e-05,0.012833994,0.0100803,0.028258307,-3.092125e-05
0.011892398,0.012174126,0.015563412,0.007254127,0.015987676,0.009543203,0.012576572,0.016453864,0.013607349,0.013581311,0.0141299255,0.008067295,0.0044322796,0.014848733,0.016056383,0.0149415685,0.013559633,0.013814373,0.010337057,0.016576366,0.017077183,0.0047159963,0.012435364,0.013217708,0.0080376705,0.0038260093,0.01321653,0.008016075,0.012933249,-2.4537727e-05,0.017788792,-2.6684205e-05,0.017216107,0.016529,0.007538663,0.015187217,0.012104754,0.015971981,0.013991279,0.007960542,-2.399823e-05,-2.5667998e-05,-2.6597643e-05,0.01602234,0.0064927163,0.008919074,0.015914682,0.014995379,-2.5885585e-05,0.0142682195,0.004440184,0.014698235,0.010549802,0.016791195,0.015685704,0.014738371,0.01815373,0.010735803,0.013811009,0.0037489159,0.012399716,0.008760572,0.013563312,0.012438221,0.010730344,0.015818285,0.014081724,0.0102335885,-2.865038e-05,0.009889748,0.01630475,0.01598124,0.016541189,0.0062120524,0.0071825227,0.010489327,0.016697485,0.017294828,0.016958106,0.013850228,0.013531941,0.0047159004,0.0138800545,0.013583327,0.01576558,0.0118975425,0.01519086,0.0068216836,0.017718272,0.0,-2.7204733e-05,0.014593448,0.012872947,0.013799658,0.008509739,0.010865291,0.010475112,0.0100831995,0.013040436,-2.8311666e-05,0.007821549,0.008305746,0.008854906,0.016029157,0.007511436,-2.4678742e-05,0.012782726,0.010016178,0.025035135,-2.6179516e-05
-6.5000218e-06,-1.3051574e-05,0.0017515142,2.3113618e-07,0.0028977331,-8.9708665e-06,-1.2991765e-05,0.005357569,-3.0741526e-06,-3.6423778e-06,-1.5948874e-05,-9.310535e-06,-1.5988333e-05,-1.0668399e-05,0.005572782,-1.057115e-05,-4.645055e-06,-2.678214e-06,-5.9960425e-06,0.01311265,0.010670222,-6.035727e-06,-2.1367074e-05,-9.154987e-06,-2.1942327e-05,-1.3462473e-05,-8.175147e-06,-4.6461078e-06,-1.1748589e-05,6.287606e-06,0.013471165,3.7727027e-06,0.013423229,0.0074311737,-2.0395286e-05,-9.186621e-06,-4.184903e-06,0.014214853,-1.4190227e-05,-9.35066e-06,4.8083584e-06,2.5025968e-06,-1.8843111e-05,0.004417067,-2.2598597e-06,4.303428e-06,0.00781368,-3.8458434e-06,-1.4848005e-05,-1.127926e-05,-4.9598307e-06,-1.7670602e-05,-1.6211286e-05,0.0075674704,0.0076270956,-9.548871e-06,0.015368862,-1.2686719e-05,-2.1548329e-05,-2.0655503e-05,-1.5932628e-05,-1.1955065e-05,-4.9857777e-06,5.4043596e-07,-1.29520395e-05,0.0065546925,-8.032269e-06,-3.7981147e-07,1.0205922e-05,-1.6041555e-05,0.015325292,0.010089301,0.005691523,4.381091e-06,4.188684e-06,-1.528189e-05,0.0056702276,0.009578974,0.020308902,-1.828968e-05,-4.229807e-06,-6.1710402e-06,-8.107305e-06,2.064092e-06,0.00606579,-5.411037e-06,-5.85039e-06,-8.277326e-06,0.011423264,0.010072558,0.0,-1.5592856e-05,-1.556643e-05,-4.1918424e-06,5.786202e-06,4.25805e-06,-3.5431974e-06,-1.6960048e-05,-1.1733077e-05,6.7704227e-06,-1.9842213e-05,-1.3028714e-05,7.6019717e-07,0.0039293612,-1.7352583e-06,-1.9975754e-05,-2.042644e-05,-2.2400694e-05,0.038546514,9.071182e-06
0.0088286605,0.008739328,0.011545328,0.003301018,0.011995152,0.006408208,0.008987954,0.012249711,0.009983719,0.010020281,0.010616243,0.0041958382,0.0005358001,0.011160777,0.011921124,0.011305829,0.010191575,0.010297358,0.0067352243,0.012192803,0.012360684,0.00035034906,0.009289851,0.009833489,0.0042017777,-3.0087509e-05,0.009522261,0.0037554565,0.009479037,-2.9643656e-05,0.013170218,-2.9509127e-05,0.012411996,0.012469554,0.003753036,0.011462622,0.009039318,0.01114868,0.010337624,0.0046506445,-2.6381394e-05,-2.7853433e-05,-2.9250981e-05,0.011705547,0.002551601,0.0052000256,0.012300399,0.011268169,-2.7563983e-05,0.010454259,1.8872144e-05,0.011069927,0.0072197416,0.01218371,0.011732225,0.01100869,0.012361302,0.0070998366,0.010525039,-2.7890901e-05,0.008985545,0.0052226135,0.010184345,0.009299995,0.007477726,0.011300065,0.010661612,0.00694547,-2.7455768e-05,0.006267014,0.011179565,0.011605635,0.0123408,0.0022181906,0.0032814047,0.00669472,0.012449553,0.011892142,0.011272523,0.010538983,0.010274688,0.0010031085,0.010413817,0.009924996,0.011629318,0.008238935,0.011447567,0.002005711,0.012112929,0.012957212,-2.8188428e-05,0.0,0.009114689,0.010439536,0.0050891065,0.0075925314,0.0069913766,0.0066003473,0.009712089,-3.0015957e-05,0.0044708727,0.0042614695,0.0056009693,0.012144594,0.0038499285,-2.6443653e-05,0.00961126,0.006212493,0.018144349,-2.7784965e-05
0.0064814757,0.0058770548,0.009898337,-2.7045759e-05,0.010544376,0.0047980347,0.0068558436,0.011112446,0.008099801,0.0076104985,0.009050752,0.0022655716,-2.7218322e-05,0.0094792675,0.011511736,0.00944267,0.008409764,0.008382718,0.0046682884,0.013452734,0.0125224115,-2.7815584e-05,0.0075121974,0.007912694,0.0017474315,-2.4983769e-05,0.007785794,0.0038787385,0.0072478,-2.6421689e-05,0.0134164635,-2.5303461e-05,0.01369191,0.012102058,-1.9256526e-05,0.009902368,0.007839632,0.013649349,0.0085241,0.0027335444,-2.470765e-05,-2.7091079e-05,-2.4775154e-05,0.010987512,0.0019108009,0.0026938682,0.012210605,0.009683215,-2.0755877e-05,0.008911107,-2.6305119e-05,0.009592848,0.0046561854,0.012003694,0.01203958,0.009532905,0.013696552,0.006211176,0.008392766,-2.4174804e-05,0.0072523803,0.0015383811,0.008286067,0.0073638298,0.005014067,0.011584121,0.00896367,0.006559681,-2.5705076e-05,0.0042495774,0.013707754,0.012638493,0.011070494,-2.4923638e-05,0.00079622783,0.0055068606,0.011223805,0.011971397,0.015027757,0.008512382,0.008494185,-2.252382e-05,0.008832872,0.0073856525,0.011679217,0.005717562,0.009826154,0.0010289182,0.012567124,0.012447656,-2.354876e-05,0.009116665,0.0,0.008835136,0.0040141153,0.0060001328,0.0035608292,0.0032913662,0.0075833374,-2.3928036e-05,0.0019841501,0.0032113085,0.004426858,0.010594973,0.0004845665,-2.7078535e-05,0.008563753,0.0071880016,0.02373719,-2.2359438e-05
0.008242787,0.007848243,0.0108535625,0.002009558,0.011520655,0.0057277014,0.008409037,0.011739998,0.0096163135,0.009395499,0.010227448,0.0036522276,-2.6458072e-05,0.010487741,0.011353831,0.010710969,0.009692828,0.009680057,0.0062203314,0.012237483,0.012161971,-2.7044998e-05,0.008913448,0.009531031,0.0039153486,-2.7466827e-05,0.009286597,0.0032657278,0.008893885,-2.7938617e-05,0.0130921295,-2.8739112e-05,0.012410343,0.012372369,0.0030379537,0.010876937,0.00864806,0.010816079,0.009931855,0.003828586,-2.535787e-05,-3.2537784e-05,-3.1236537e-05,0.011197327,0.0018016369,0.004740912,0.012077668,0.010798137,-3.0280684e-05,0.009828459,-2.5983723e-05,0.010589316,0.006461167,0.011563068,0.011433815,0.010697493,0.012203459,0.0066571035,0.010053753,-2.9740162e-05,0.008579277,0.0044730552,0.009674367,0.008610535,0.006988963,0.011029407,0.010078127,0.0063587255,-3.148791e-05,0.0056496346,0.010827238,0.011327765,0.01176777,0.0009665701,0.0028602395,0.00609674,0.011796137,0.011115684,0.010867435,0.009891084,0.009637576,0.00028852862,0.00975854,0.009022862,0.01130937,0.007243432,0.010716452,0.0015907674,0.011277178,0.012407772,-2.926417e-05,0.010381458,0.009258549,0.0,0.0044647525,0.0067512547,0.006234972,0.0059563396,0.0093222875,-3.0475887e-05,0.0036929268,0.0036296984,0.0050464272,0.011810906,0.0027576883,-2.9954334e-05,0.0089755785,0.005864685,0.017978672,-2.5379399e-05
0.0040902453,0.0039964267,0.007995945,-2.0765683e-05,0.008468437,0.0014901177,0.004669381,0.009031044,0.0059006587,0.005708241,0.006827988,-2.4133116e-05,-2.2907088e-05,0.007284479,0.009077671,0.007395285,0.006288281,0.006368867,0.0015061523,0.010823659,0.010213097,-2.0994898e-05,0.005007297,0.005582619,-2.9505964e-05,-2.1341948e-05,0.004993419,-2.3648425e-05,0.0050658737,-2.7076383e-05,0.011350084,-2.3739069e-05,0.011199201,0.009976069,-2.4583753e-05,0.007788193,0.004589598,0.010491439,0.0064589703,-2.2565693e-05,-2.6806778e-05,-2.6800642e-05,-2.9745042e-05,0.008706513,-2.7431879e-05,-2.3291723e-05,0.0097737545,0.007747144,-1.7897413e-05,0.0067949602,-2.5537352e-05,0.0075801336,0.0020673447,0.009707545,0.009662331,0.007487294,0.011048999,0.0025102142,0.006263881,-3.0035508e-05,0.00439207,-2.5407504e-05,0.0061033494,0.004878476,0.002489471,0.009078743,0.006783824,0.0026922608,-2.0116679e-05,0.0008566715,0.010541482,0.009933613,0.009144622,-2.4802468e-05,-2.1031448e-05,0.0021514725,0.009470603,0.009550265,0.011608757,0.0064988816,0.006338431,-2.5446943e-05,0.0064190156,0.0056896727,0.00941909,0.003574808,0.007839645,-2.8972323e-05,0.00979432,0.010476054,-2.3836323e-05,0.0069668065,0.0060328837,0.006207832,0.0,0.0030276026,0.0012793045,0.00085468596,0.0055793077,-1.6363176e-05,-2.922688e-05,-2.3619914e-05,0.0006595078,0.008746467,-2.6693206e-05,-2.1663489e-05,0.0058067935,0.002708559,0.019903589,-2.1877782e-05
0.0059876605,0.005869867,0.009093797,-2.8978866e-05,0.009720982,0.0038371205,0.0064069983,0.010002565,0.007349543,0.007284203,0.008107234,0.0008231162,-2.2507009e-05,0.008800373,0.009801655,0.008795347,0.007567479,0.0076482627,0.003620411,0.010855296,0.0106199775,-2.4874209e-05,0.0067609255,0.007186067,0.00046552296,-2.323677e-05,0.006703403,0.0012216426,0.0067517217,-2.786494e-05,0.011747947,-2.3522549e-05,0.011044648,0.010704822,-2.7046573e-05,0.009124847,0.0064971894,0.009999156,0.007840444,0.0015295686,-2.4910487e-05,-2.462429e-05,-2.8902783e-05,0.009491978,-3.0096442e-05,0.0018766097,0.010354929,0.009076036,-2.9187533e-05,0.007956005,-2.4287048e-05,0.0086987475,0.0041948864,0.010230819,0.010093429,0.008613926,0.011006298,0.004445015,0.007729435,-2.6130792e-05,0.006235093,0.0016348003,0.007683526,0.006620974,0.0045908135,0.009484095,0.008109328,0.0046254685,-2.526079e-05,0.003127711,0.009954561,0.010092159,0.01028707,-2.5809988e-05,-2.8172966e-05,0.004110271,0.010282353,0.010062364,0.009972512,0.008244221,0.007867798,-2.5461632e-05,0.008159255,0.0071659596,0.009797621,0.00553831,0.009370602,-3.0211459e-05,0.010170128,0.010955075,-2.6567144e-05,0.008393358,0.007534512,0.007667745,0.002642591,0.0,0.003357599,0.0029808455,0.0069348323,-2.8134265e-05,0.0010143517,0.0012217028,0.0027267598,0.009933257,-2.6628535e-05,-2.3189163e-05,0.0074049733,0.004440486,0.018653663,-2.407189e-05
0.0058041834,0.005726693,0.008841183,5.2822994e-05,0.009191257,0.0028573978,0.0062230327,0.009594251,0.0074344627,0.0073451926,0.007952574,0.00051511655,-1.6407042e-05,0.008189264,0.009122244,0.008542185,0.0076861396,0.007997039,0.0035925158,0.009693276,0.009647045,-1.46977645e-05,0.006289155,0.0071475822,0.0008092925,-1.533769e-05,0.006519722,-1.4950982e-05,0.0068116197,-2.053691e-05,0.010933278,-1.8940511e-05,0.010105142,0.010063908,0.00055545376,0.008381045,0.0057096006,0.008491077,0.007879094,0.00087785214,-2.1154112e-05,-1.9695612e-05,-1.5822023e-05,0.008989232,-1.1085576e-05,0.0021968032,0.009744951,0.0085788015,-1.3715416e-05,0.007691473,-1.3861788e-05,0.008643099,0.0041811997,0.009579208,0.009119321,0.008437225,0.010004215,0.0035098284,0.0077778623,-1.8864199e-05,0.0060408674,0.0022492148,0.00765868,0.0062116,0.0042431774,0.008660542,0.008124883,0.0031831572,-1.7793644e-05,0.002866209,0.008605425,0.009010858,0.009617206,-1.2608964e-05,-1.4675796e-05,0.0031375196,0.009798398,0.009119804,0.009296903,0.0076256497,0.0071846126,-1.6844415e-05,0.007390286,0.007312634,0.009194808,0.0052565243,0.00861139,-1.7215514e-05,0.009191829,0.010313589,-1.9234287e-05,0.008252993,0.00485957,0.0075627337,0.0014952105,0.004237899,0.0,0.0038485788,0.0072008744,-2.0563233e-05,0.00083865237,0.00056109147,0.0017210811,0.009692259,0.00096227037,-1.3381347e-05,0.0063494747,0.0014853571,0.017171614,-1.7304808e-05
0.0056136604,0.005394098,0.008581054,-2.158456e-05,0.008940946,0.002772943,0.006126029,0.009383524,0.0070746676,0.006979119,0.0077135745,0.00018341093,-2.1312555e-05,0.00799418,0.009045137,0.008482323,0.007324263,0.007718762,0.0032002386,0.009655009,0.00962829,-1.984925e-05,0.006023803,0.0070300573,0.00057020254,-2.7635524e-05,0.0063706147,-2.2962042e-05,0.0065199905,-1.8882674e-05,0.010835661,-2.1470372e-05,0.010048707,0.00990035,7.81423e-05,0.008233668,0.0056617702,0.008428794,0.007534719,0.0005998095,-1.862379e-05,-2.4724328e-05,-2.3984356e-05,0.00882716,-2.0308302e-05,0.0017065088,0.009705215,0.008446302,-2.6004085e-05,0.007454889,-2.3636609e-05,0.008385684,0.0039193165,0.009373044,0.008957102,0.008213814,0.009846122,0.0032844208,0.0075578536,-2.2670816e-05,0.0058565866,0.001789165,0.007280545,0.006102139,0.0040750504,0.008513249,0.007919697,0.0030256324,-2.5512916e-05,0.002460446,0.008290737,0.00878827,0.009457463,-2.4106595e-05,-2.2398928e-05,0.0029309797,0.009764248,0.009016137,0.009167596,0.007452726,0.0069474108,-2.0422858e-05,0.007055315,0.0069943746,0.008973065,0.0051722173,0.008524216,-2.3535711e-05,0.009133235,0.010137351,-1.92395e-05,0.008159141,0.004862596,0.0072990987,0.0013134797,0.0038358443,0.0036384861,0.0,0.0068629324,-1.7362672e-05,0.00057469745,0.0001758379,0.0015758589,0.009500361,0.0004916248,-2.0163354e-05,0.0060971435,0.0013312942,0.017066207,-2.0864956e-05
0.0077125956,0.007543978,0.010288675,0.0022881057,0.01095728,0.0049897507,0.008098187,0.011071751,0.009169022,0.008914117,0.009756969,0.002810778,-2.6191788e-05,0.009755343,0.011084659,0.010178961,0.00937177,0.009692527,0.005531805,0.0116450535,0.011575491,-2.8206405e-05,0.007988357,0.008817058,0.003250206,-2.4667563e-05,0.008617078,0.0022930137,0.008357089,-2.69113e-05,0.012392557,-2.6460573e-05,0.0118234875,0.011762822,0.0027372674,0.009992935,0.007473707,0.0106150685,0.009388405,0.0033435721,-2.4549761e-05,-2.3672354e-05,-2.9198502e-05,0.010891753,0.0009570722,0.0043016076,0.011587803,0.01015081,-2.8342796e-05,0.009655679,-2.8962311e-05,0.010157262,0.006039913,0.011325568,0.0110012535,0.01018429,0.011539289,0.0055267587,0.009455143,-2.932009e-05,0.007906511,0.0041485443,0.00920026,0.008017761,0.0062915944,0.010479344,0.009741955,0.0052462905,-2.3188426e-05,0.0049455143,0.010435416,0.01083518,0.011120784,0.0012795944,0.0023462286,0.005348917,0.011277155,0.0107795745,0.010552806,0.009244235,0.009024804,-2.6917158e-05,0.008932293,0.009018171,0.0108144395,0.007146107,0.010017431,0.0010576337,0.010957375,0.011711977,-2.6095033e-05,0.0098716775,0.0072157416,0.009355665,0.0037375991,0.006147846,0.006052818,0.0057137664,0.0,-2.6482288e-05,0.0032293575,0.002859685,0.004163893,0.01101481,0.0028077692,-2.8999239e-05,0.008032858,0.004354611,0.017032702,-2.3997061e-05
1.2998486e-05,-4.1606454e-06,1.5936268e-05,-2.9444932e-06,1.345363e-05,2.324906e-05,-6.519307e-06,2.6519052e-05,2.0152173e-05,3.915314e-06,-6.51216e-07,1.4471227e-05,2.2339907e-05,1.5814534e-05,3.1464024e-05,9.375185e-07,1.4018852e-05,1.1089178e-05,-2.4191932e-06,0.008472494,0.002417893,1.4095859e-05,-9.380785e-06,1.8471377e-05,-1.9179934e-06,1.0058828e-05,4.9030014e-06,1.3120448e-05,2.2627946e-05,-4.249351e-06,0.010309928,9.224831e-06,0.009127721,5.53563e-07,1.1317316e-05,1.810129e-05,7.009946e-06,0.008309762,2.5978487e-05,3.1386421e-06,2.0890435e-05,-5.4237685e-06,-6.15996e-06,1.865595e-05,7.303321e-06,9.736716e-06,1.6483526e-05,5.1444817e-06,6.765573e-06,2.2581067e-05,2.3638533e-05,2.0197958e-05,-1.0504386e-05,2.3178556e-05,1.5441314e-05,-1.3292744e-06,0.014750409,1.780631e-06,2.6060113e-07,-4.7896715e-06,1.00506e-05,-1.0664266e-05,1.8201406e-05,1.321526e-06,-1.9750507e-06,3.5384346e-06,2.5067726e-05,1.42315885e-05,4.9064676e-07,1.4494968e-05,0.0112097375,1.0344984e-05,2.9034072e-05,1.137529e-05,2.0031395e-07,-9.439345e-06,-8.832092e-07,2.3363926e-05,0.024247445,-2.347488e-06,6.028686e-06,8.084002e-06,-4.385297e-06,1.8169338e-05,2.6118905e-05,9.038366e-06,1.9534018e-05,-7.0942474e-07,0.0036388591,3.583717e-05,-1.9627162e-06,-5.8087767e-06,2.7191321e-05,2.1821583e-05,1.6663553e-05,7.582673e-06,9.544843e-06,8.599226e-06,-3.3345855e-06,0.0,-5.34058e-06,1.5613063e-05,-5.5392543e-06,1.2663966e-06,7.733262e-06,1.0227956e-05,-3.5499647e-06,-5.0493413e-06,0.06100646,1.6468808e-05
0.00404056,0.0039014535,0.007932299,-2.9052011e-05,0.008379148,0.0008900837,0.004474877,0.008963398,0.005865355,0.0056344583,0.006762549,-3.5849313e-05,-2.9105546e-05,0.0069983387,0.008750806,0.0074381772,0.0061579,0.0062616565,0.001384965,0.010297835,0.009854328,-3.7021182e-05,0.0047546737,0.005550289,-3.298699e-05,-2.8775397e-05,0.0047949506,-3.7257407e-05,0.004772687,-3.4325392e-05,0.011078219,-2.7496973e-05,0.010492095,0.009621069,-3.2250886e-05,0.007474423,0.0040645013,0.008970192,0.006334235,-2.918877e-05,-3.0652373e-05,-3.1979118e-05,-2.4067296e-05,0.008499028,-3.3608223e-05,-3.4600398e-05,0.009621331,0.007499395,-2.2928398e-05,0.006605439,-2.8511102e-05,0.0073542763,0.0019279692,0.009368155,0.009168859,0.007320147,0.010117659,0.0017598422,0.0061996737,-3.0896328e-05,0.004242536,-3.491033e-05,0.0059932778,0.0045694336,0.002403364,0.008388283,0.0066318302,0.0016790451,-3.0062163e-05,0.00064478023,0.009004156,0.008876098,0.008969893,-3.062884e-05,-2.914542e-05,0.0015799415,0.009248519,0.009343408,0.00991345,0.006303805,0.005838393,-3.00077e-05,0.006044519,0.0056170393,0.008788563,0.0033958196,0.0077296835,-3.783463e-05,0.009518374,0.0102503095,-2.7334143e-05,0.006878267,0.0048799063,0.0060068914,-3.5810248e-05,0.0023827427,0.0012482336,0.00088090065,0.0053786985,-2.891047e-05,0.0,-3.732859e-05,6.023933e-05,0.008644175,-3.0683565e-05,-3.5732828e-05,0.0053067417,0.0012515377,0.019653954,-3.027121e-05
0.0030964222,0.0031067354,0.0077503845,-1.25304505e-05,0.0083651915,0.00047306254,0.003968881,0.008705641,0.005446807,0.0051055434,0.006601123,-1.4288973e-05,-1.768122e-05,0.006836324,0.009168247,0.0072488966,0.0058551277,0.0061341473,0.0007089356,0.01117591,0.010437593,-1.3878158e-05,0.004007974,0.0051419456,-1.2994132e-05,-1.548899e-05,0.0044668666,-1.3922659e-05,0.004394737,-1.2421258e-05,0.011534246,-1.1820414e-05,0.011355819,0.010075993,-1.2637644e-05,0.0068911873,0.0040094303,0.011080356,0.00616335,-1.1047922e-05,-2.2619162e-05,-2.1485333e-05,-1.05502095e-05,0.00873047,-1.7089857e-05,-1.2714829e-05,0.009878861,0.006911073,-1.4944345e-05,0.006560386,-1.6394073e-05,0.0072936392,0.0011537373,0.0097739315,0.009721029,0.0072521083,0.011596483,0.0015923395,0.0058462196,-1.7467888e-05,0.003943132,-1.9956315e-05,0.0057894657,0.0038081158,0.0014007512,0.009095805,0.0064127697,0.0017114993,-1.184439e-05,-1.4374835e-05,0.011223223,0.010215876,0.008767306,-1.9998064e-05,-1.3602303e-05,0.0010862916,0.009426513,0.009874731,0.012197672,0.0059810807,0.005174549,-1.8786057e-05,0.00595557,0.0050520897,0.009442649,0.00272791,0.007529963,-1.215085e-05,0.010309078,0.010542661,-1.0768907e-05,0.0066820052,0.0058348295,0.0058356244,-1.7874227e-05,0.0021124117,0.00032638267,-1.1352026e-05,0.0049283593,-2.0056963e-05,-1.1396861e-05,0.0,-1.2730561e-05,0.00870973,-1.1156097e-05,-1.10067895e-05,0.005179297,0.001758271,0.02186862,-2.0337118e-05
0.0042825346,0.0041391063,0.008192259,-2.4660249e-05,0.008706556,0.0018271814,0.004725986,0.0092487205,0.006143195,0.0057580625,0.0069644814,-2.5349858e-05,-2.3127803e-05,0.007401958,0.009200015,0.0075572045,0.006410183,0.00642341,0.0018950047,0.010961914,0.010269603,-2.902082e-05,0.0051533463,0.0058273277,-2.6106423e-05,-2.5909678e-05,0.0052827797,-2.5896821e-05,0.0052037435,-2.0942733e-05,0.011503839,-2.4762416e-05,0.011147416,0.01010333,-2.5706273e-05,0.007971481,0.004923893,0.01044978,0.006576656,-2.6178363e-05,-2.9045126e-05,-2.949625e-05,-2.5418141e-05,0.008828392,-2.882577e-05,-2.8698156e-05,0.009935997,0.0077622,-1.8929233e-05,0.0070580277,-2.6271942e-05,0.0075977123,0.0023039621,0.009800985,0.00969619,0.007643582,0.011194393,0.0029226071,0.0065639457,-2.7185482e-05,0.0046226704,-2.4094508e-05,0.0063776737,0.0049861367,0.0028299976,0.0090244375,0.006964673,0.0029706594,-2.189011e-05,0.0012837328,0.010483506,0.009987222,0.009332124,-2.9884483e-05,-2.3767685e-05,0.0023263006,0.009545605,0.009721612,0.010765213,0.0066426774,0.0062939334,-2.7190124e-05,0.0066652093,0.005600958,0.009312678,0.00362491,0.00787718,-2.7523922e-05,0.010081858,0.01064794,-2.6281028e-05,0.007321753,0.006410011,0.006581504,0.00039911567,0.0030564547,0.0013831744,0.0011924338,0.0056686457,-2.8247463e-05,-2.9285231e-05,-2.7992472e-05,0.0,0.008891298,-2.8662542e-05,-2.2321883e-05,0.0059476416,0.0029816413,0.020353755,-2.892748e-05
0.010776277,0.010462318,0.013433881,0.0051796907,0.013950821,0.008326553,0.010929724,0.014246701,0.011847952,0.011866952,0.012412012,0.00614764,0.0018962948,0.013059809,0.013651519,0.012942322,0.011862715,0.012074436,0.008781003,0.014291542,0.0144962445,0.0024097695,0.011361057,0.011547183,0.0060608434,0.00084135064,0.011610479,0.006168924,0.01121987,-2.5478996e-05,0.015629984,-2.7255533e-05,0.014534694,0.014414546,0.005453799,0.013405846,0.0109520415,0.012634174,0.012195935,0.0066712787,-2.3675278e-05,-2.2313225e-05,-2.6907805e-05,0.013304747,0.004873161,0.007136091,0.014215237,0.013142109,-2.7252827e-05,0.011993852,0.0022303553,0.012881244,0.008781612,0.0141250035,0.013450402,0.012803601,0.014602357,0.009180784,0.012035927,0.0017777417,0.0110062435,0.0068543623,0.0118713975,0.011261749,0.009463627,0.01312878,0.012155403,0.009055065,-2.6167541e-05,0.0082500735,0.013089772,0.013421276,0.014398942,0.003904326,0.0052133333,0.008900432,0.014351281,0.013852202,0.013448457,0.012298511,0.01235001,0.0028891661,0.01241585,0.011671813,0.013311505,0.01001069,0.013316068,0.004433792,0.013972434,0.014877251,-2.3213068e-05,0.012670956,0.011641627,0.012219123,0.0072834385,0.009589001,0.008563178,0.008186214,0.011476789,-2.7190721e-05,0.006345144,0.006465047,0.0075074476,0.0,0.0055149565,-2.3533534e-05,0.011750841,0.008745983,0.02054776,-2.6227073e-05
0.0037799568,0.0035472736,0.0074659963,-1.492763e-05,0.007847031,0.00037873565,0.004360347,0.008575218,0.0054501733,0.0055751484,0.006512655,-1.5966609e-05,-2.2527804e-05,0.0065188515,0.0083188545,0.007162024,0.006129329,0.0065107625,0.0011704246,0.00965685,0.009305289,-2.433505e-05,0.0043450985,0.0052916063,-1.6911106e-05,-1.6097109e-05,0.0044440427,-1.8366567e-05,0.0047145877,-2.4941663e-05,0.010874334,-1.34902575e-05,0.010021455,0.009190686,-1.8696144e-05,0.0068869297,0.0040011085,0.009026072,0.0062142243,-2.0937616e-05,-1.4498503e-05,-1.7115577e-05,-1.8663504e-05,0.0080094,-1.5244596e-05,-1.697966e-05,0.00913415,0.0069763185,-1.618119e-05,0.006166862,-2.0076228e-05,0.0071755713,0.001949405,0.008903754,0.008625299,0.0069655697,0.01005671,0.0013475397,0.0060907714,-2.1299902e-05,0.003980251,-2.0025429e-05,0.0058430065,0.004362929,0.0020953133,0.008006718,0.0065166717,0.0010086391,-2.105969e-05,0.00035395435,0.009082054,0.008623162,0.008602598,-1.4092996e-05,-2.2140715e-05,0.0008300355,0.0090028085,0.008713872,0.0100971395,0.0059698857,0.005536031,-1.761646e-05,0.005620947,0.005442592,0.008413216,0.0033184118,0.007278354,-1.5379046e-05,0.009055528,0.009780237,-1.9655386e-05,0.0066543315,0.0032846828,0.0057050986,-2.5092399e-05,0.0019720995,0.0021425872,0.0013253497,0.0051643685,-2.1862774e-05,-2.229616e-05,-1.6136844e-05,-2.3178405e-05,0.008531639,0.0,-1.7348206e-05,0.0043045566,-1.6294787e-05,0.0201715,-2.3746621e-05
-1.7007049e-05,1.257837e-05,-1.1234921e-05,-2.68898e-06,5.1647507e-06,1.3646941e-05,-9.932208e-06,0.0026513108,9.893588e-07,1.163096e-05,-3.3011602e-06,-1.0554372e-05,-6.0190127e-06,3.2985082e-07,0.002630809,-3.3335332e-06,1.3136372e-06,-1.0125998e-05,-1.5017294e-05,0.012481445,0.009606822,1.1899113e-05,-1.26088e-05,9.87684e-06,7.762383e-06,-1.6221606e-05,2.9299076e-06,6.7170545e-06,-7.088076e-06,-1.6056436e-05,0.013310241,-1.775763e-05,0.012811533,0.0052212593,-1.550115e-05,6.291211e-06,-1.2323111e-05,0.012950659,-1.9615177e-06,-1.6367042e-07,-9.375744e-06,-8.123196e-06,7.905502e-06,0.0013098915,-1.717917e-06,-1.3827505e-05,0.0056861877,-1.3273818e-06,3.7190403e-06,7.855992e-06,-8.392322e-06,-3.7339569e-06,5.9204144e-06,0.005428419,0.0050842385,-2.297596e-07,0.015499514,1.119299e-06,1.1476157e-05,9.543647e-07,-8.019391e-06,-1.6934822e-05,-1.1910961e-05,-7.5786274e-06,-1.4567934e-05,0.004059788,-1.2477785e-05,-1.9412062e-05,-2.8544587e-06,9.269636e-06,0.014144901,0.008146144,0.0030855876,-1.4945585e-05,-3.58105e-06,-9.7649545e-06,0.0030376557,0.008029198,0.020999465,6.2017325e-06,1.1836835e-05,1.33654075e-05,-2.801115e-06,1.0303674e-05,0.0030322236,1.6584053e-07,-1.6564501e-05,-5.561816e-06,0.010392226,0.008838387,-1.1262839e-05,-1.1096863e-05,3.369341e-06,-1.5542775e-05,-3.407821e-07,3.2303083e-06,8.485031e-06,-6.7041134e-07,-1.5189989e-05,-1.1706827e-05,-5.3280664e-06,-7.0733918e-06,-7.207389e-06,0.00079021504,-4.3638383e-07,0.0,-1.0258735e-05,7.528216e-06,0.042993475,-7.1063464e-06
0.007293592,0.0070684967,0.010138114,0.0013751914,0.010870009,0.0053840317,0.007722286,0.011144038,0.008606423,0.008350043,0.009071113,0.0024287344,-2.4026236e-05,0.010004535,0.010851209,0.009879968,0.008713788,0.008701002,0.005101073,0.01185192,0.011444014,-2.4483914e-05,0.008119964,0.008474913,0.0019558778,-2.694487e-05,0.0079583265,0.0032321333,0.0078298645,-3.0133922e-05,0.012643642,-2.4080851e-05,0.012134596,0.011698725,0.0014058208,0.010347995,0.008066092,0.01093053,0.009046287,0.0031762582,-2.7611108e-05,-2.4325898e-05,-2.7853426e-05,0.0105025275,0.0016740772,0.003345218,0.011328697,0.010185695,-2.5394664e-05,0.008977686,-2.5981126e-05,0.009680278,0.0054428345,0.011384505,0.010957846,0.009716565,0.01192946,0.0062549138,0.00891901,-2.3975612e-05,0.0076385187,0.0030433729,0.00886391,0.008048016,0.0061050905,0.010537812,0.009183898,0.0064643635,-2.8133245e-05,0.0047936495,0.011015296,0.01099243,0.011280964,-2.5009502e-05,0.0010085413,0.005924544,0.01125689,0.011019279,0.01072378,0.0094520105,0.009234675,-2.4062041e-05,0.009340251,0.008334213,0.010760545,0.006756015,0.010326997,0.0006354367,0.011086416,0.012100789,-2.4088862e-05,0.009456326,0.009365761,0.008922891,0.004284918,0.0066112448,0.0046157255,0.0043043736,0.008036445,-2.4749532e-05,0.0028006276,0.0031517888,0.004651419,0.011004725,0.0014205094,-2.916576e-05,0.0,0.006715075,0.01897081,-2.5190038e-05
0.0042852107,0.0040021464,0.008080874,-4.4133783e-05,0.008758534,0.0022858193,0.004765176,0.009412904,0.0059784143,0.0056091347,0.007197369,-3.7904283e-05,-4.28827e-05,0.00752723,0.010342716,0.0075861593,0.006833421,0.006526897,0.0019670716,0.012474946,0.011517236,-4.0205556e-05,0.0053001666,0.00562976,-4.545542e-05,-3.8842063e-05,0.0052409866,0.00066423684,0.0049809525,-3.6945657e-05,0.011863623,-4.4142107e-05,0.0126830675,0.010822366,-3.9178853e-05,0.00795056,0.0051293964,0.013099057,0.0065673785,-4.021392e-05,-3.8282273e-05,-3.65166e-05,-4.3206324e-05,0.009737293,-4.0832805e-05,-4.4596974e-05,0.0109719625,0.007749997,-4.316898e-05,0.007882131,-4.326856e-05,0.0075768153,0.0019631046,0.010889938,0.011020942,0.0077074287,0.012859947,0.0034773557,0.0062833573,-4.050748e-05,0.0047063674,-3.7707792e-05,0.0061084726,0.005105041,0.0029015471,0.010479248,0.0073845903,0.0038435357,-3.935706e-05,0.0014302882,0.013189045,0.011708234,0.00946221,-3.786193e-05,-3.984937e-05,0.0031262033,0.009636619,0.011053235,0.014732796,0.006544239,0.006330723,-3.778452e-05,0.006841251,0.0054617585,0.010667282,0.0036681117,0.007928187,-3.9622108e-05,0.011508186,0.011137332,-3.9462924e-05,0.0070626494,0.008069456,0.006422656,0.0013484759,0.0035333952,0.0008436671,0.0004584359,0.005629175,-4.0146908e-05,-3.9861217e-05,9.620405e-05,0.0018066115,0.00880795,-4.459278e-05,-3.5787012e-05,0.0065280744,0.0,0.023270776,-4.0894127e-05
0.02799837,0.026905086,0.029235825,0.024093391,0.029830867,0.027753003,0.027568843,0.030354675,0.028256437,0.028806474,0.029222123,0.026815752,0.021460978,0.029612683,0.029844668,0.02894596,0.028026761,0.028401013,0.028241355,0.03278211,0.031742737,0.025037833,0.028927326,0.028661154,0.027609615,0.026497612,0.029534912,0.027912542,0.028224811,0.021755956,0.034053616,0.023250366,0.032853704,0.031346127,0.025983492,0.02970049,0.029137451,0.031537034,0.028876875,0.026948817,0.021626754,0.021602537,0.019775447,0.029768812,0.026123697,0.026735984,0.03144937,0.029032016,0.019570448,0.027334305,0.025224512,0.029251238,0.026548216,0.030127972,0.030381966,0.029099677,0.032842107,0.028267095,0.028525036,0.02466786,0.028960884,0.026275277,0.028324565,0.028198028,0.02766307,0.030276291,0.028476939,0.027973436,0.021566601,0.027199468,0.031887535,0.031038797,0.030502832,0.02257452,0.027032783,0.027709374,0.030399993,0.030416572,0.033259634,0.028574517,0.028411137,0.024550486,0.029289242,0.027556224,0.029992288,0.026139304,0.029035488,0.026825726,0.030967295,0.03118121,0.022509983,0.0291181,0.029980967,0.029701203,0.026708214,0.027716713,0.02712536,0.026921088,0.027999299,0.017932443,0.02621462,0.0272987,0.027246665,0.031083098,0.026056768,0.021607991,0.029030927,0.027202042,0.0,0.021912884
-1.1849472e-05,-7.973153e-06,-1.0911527e-05,-3.0241166e-05,0.0012196101,-1.9268506e-05,-2.6590631e-05,0.004075917,-2.1450629e-05,-2.5468133e-05,-2.342456e-05,-3.92583e-06,-1.3788658e-05,-3.1961932e-05,0.004008852,-2.651787e-05,-3.068137e-05,-2.341031e-05,-3.229151e-05,0.012999927,0.010229466,-3.8487556e-06,-2.021632e-05,-1.0305852e-05,-1.8347439e-05,-1.6134161e-05,-1.924416e-05,-1.16571655e-05,-2.4829327e-05,-3.0907526e-05,0.013520917,-1.9949739e-05,0.013454788,0.0063387477,-2.1462556e-05,-1.2552517e-05,-2.5246663e-05,0.013998053,-2.2443894e-05,-1.6610762e-05,-7.650729e-06,-5.066491e-07,-3.474099e-06,0.0028014306,-2.1108443e-05,-2.3759058e-05,0.00670184,-9.958331e-06,-2.2987406e-06,-5.6876825e-06,-2.6473399e-05,-2.3770934e-05,-7.503491e-06,0.0065589724,0.0064795916,-1.0913439e-05,0.015565752,-3.9764172e-06,-2.3637775e-05,-1.9114317e-05,-8.948894e-06,-1.7355842e-05,-1.5581236e-05,-2.976251e-05,-1.30065e-05,0.005278093,-5.7466095e-06,-2.391148e-05,-7.722676e-06,-2.946242e-05,0.015166518,0.009231138,0.0045571234,-9.089634e-06,-2.8788712e-05,-1.4293359e-05,0.0042439667,0.00903742,0.021432433,-2.6334077e-05,-1.2052664e-05,-1.2009567e-05,-6.05238e-06,-3.15862e-05,0.004576121,-2.2874685e-05,-8.639559e-06,-3.323309e-05,0.010875537,0.009547423,-2.8558865e-05,-2.8076996e-05,-2.8865172e-05,-1.5687638e-05,-1.8946135e-05,-3.6831418e-06,-3.1970347e-05,-9.054547e-06,-3.9216834e-06,-2.1662887e-05,-4.3119653e-06,-3.1211643e-05,-3.0274465e-05,0.0024222012,-9.085113e-06,-1.8978817e-05,-2.589894e-05,-2.510226e-05,0.041529167,0.0
