1,2,3,4,5,6,7,8,9,10,11,12,13,14,15,16,17,18,19,20,21,22,23,24,25,26,27,28,29,30,31,32,33,34,35,36,37,38,39,40,41,42,43,44,45,46,47,48,49,50,51,52,53,54,55,56,57,58,59,60,61,62,63,64,65,66,67,68,69,70,71,72,73,74,75,76,77,78,79,80,81,82,83,84,85,86,87,88,89,90,91,92,93,94,95,96,97,98,99,100,101,102,103,104,105,106,107,108,109,110
0.0,0.0067453496,0.00927088,0.0021616828,0.009527616,0.0019313555,0.0080439625,0.009982236,0.009361324,0.008846763,0.009997133,0.0024552993,0.0064581865,0.0075504603,0.010875219,0.010023666,0.010562692,0.010465337,0.0047145053,0.011049444,0.01065471,1.5837435e-05,0.0065278686,0.00859255,0.0044274055,1.2914744e-05,0.008308098,9.804074e-06,0.008423665,2.6111566e-06,0.010818456,9.701029e-06,0.0112969,0.011373894,0.0048832586,0.007605904,0.0054470836,0.0107385935,0.009272772,0.0017542352,8.931432e-05,8.954723e-06,4.9544046e-06,0.01068406,7.4397217e-06,0.005065373,0.0112403855,0.0086919,4.525858e-06,0.010571893,1.196785e-05,0.010134249,0.006680341,0.010676402,0.011107679,0.01016565,0.010586814,0.0022909597,0.00998036,2.7853168e-06,0.007419228,0.005842756,0.009335656,0.006712096,0.0054804874,0.010523786,0.010379782,0.0006248195,5.382861e-06,0.0041665067,0.010444293,0.010795791,0.009082398,0.0039837174,0.0034524403,0.0018324667,0.010159675,0.00998705,0.011277776,0.0075504812,0.0066913953,0.0018449868,0.0064516156,0.008972173,0.010944638,0.006336883,0.0081173,1.3351789e-05,0.009921052,0.010521403,2.5367408e-06,0.009586872,0.00029462163,0.00959078,0.0004973418,0.0033023604,0.0077126054,0.007597667,0.009960514,-2.5451588e-06,0.002649493,8.972692e-06,0.0017824898,0.009551364,0.0044115405,5.6453114e-06,0.004189086,1.7776067e-06,0.016004289,1.8997155e-06
0.006671544,0.0,0.009058073,0.0023349018,0.009002054,0.0016573028,0.007820669,0.00947729,0.008891175,0.008408461,0.0095664775,0.0020998323,0.006184739,0.007165341,0.010536253,0.009628093,0.010032807,0.010142803,0.004328251,0.010470857,0.010191061,1.5988375e-05,0.0060738106,0.008132307,0.0040199333,1.8077397e-05,0.0077224215,1.23349955e-05,0.007906982,1.0158326e-05,0.010274612,1.2036778e-05,0.010689039,0.010660232,0.004566754,0.0071186963,0.0048531266,0.010496258,0.008772031,0.0013799072,1.924957e-05,1.3850646e-05,3.3731126e-06,0.010393967,1.0166938e-05,0.0046411324,0.010680559,0.008203864,9.93184e-06,0.0101423515,9.718389e-06,0.009571481,0.0065482217,0.010267853,0.010606592,0.009756815,0.010215689,0.0019532905,0.009610525,1.0721611e-05,0.0069364347,0.00554424,0.008922558,0.0062917676,0.0049878107,0.010151838,0.0099758785,0.00036261728,4.3612317e-06,0.0037002582,0.010032483,0.01036332,0.008703801,0.003915694,0.0028377508,0.0015515449,0.0097474605,0.0095303925,0.010963514,0.0071168896,0.0063183187,0.0015085,0.0060501276,0.008853213,0.010548308,0.0060918434,0.0077099632,1.4942798e-05,0.009639791,0.010085951,4.6642726e-06,0.009197844,1.0862233e-05,0.009146013,0.0003320047,0.0028660074,0.007494087,0.007236056,0.009517921,7.1664153e-06,0.0024648486,1.2486373e-05,0.0013749502,0.009053419,0.004170829,4.7678664e-06,0.0036296207,7.860252e-06,0.015436845,3.890844e-06
0.00886052,0.008737253,0.0,0.004437872,0.011619903,0.004263281,0.009788938,0.012153187,0.0109322425,0.010672163,0.011620649,0.0044228476,0.0076294164,0.009803672,0.012899809,0.011831537,0.012046773,0.012136599,0.006524277,0.013153186,0.013077003,0.0010810593,0.008379591,0.010156761,0.0061117746,0.0015274894,0.009939666,8.354929e-06,0.010076607,6.715718e-06,0.01273303,7.5783637e-06,0.013347871,0.0130722225,0.0065933233,0.009756232,0.0071865227,0.013254349,0.011059805,0.0037280694,0.0020083645,9.728164e-06,6.23095e-06,0.012775197,8.6388e-06,0.0067743384,0.012876906,0.010600563,6.34487e-06,0.0122266365,7.028362e-06,0.011775902,0.008314939,0.013012923,0.013065951,0.011986844,0.01316919,0.004502598,0.011750481,9.390676e-06,0.009139033,0.007404254,0.010733476,0.008608224,0.0071258154,0.012778869,0.011885726,0.0030668688,6.882448e-06,0.0059656324,0.013073649,0.013116454,0.01126685,0.0056923404,0.0051329536,0.0041441936,0.012231224,0.012794867,0.013399097,0.009289101,0.008827112,0.0034434511,0.008478063,0.010854815,0.012867144,0.008382781,0.010161757,0.0022069532,0.013104294,0.012716854,1.0703093e-06,0.0113276085,0.0030631104,0.01119679,0.0028848478,0.0053628534,0.009421071,0.009130624,0.011331316,1.364092e-06,0.004689602,0.0022327562,0.0038227465,0.011466526,0.0061546126,3.2702208e-06,0.006432349,6.844514e-06,0.01749122,7.197892e-06
0.0035867093,0.0036164015,0.0066260546,0.0,0.006131822,2.0116468e-05,0.0053074225,0.0072063855,0.0069020772,0.0060886657,0.008056126,1.7994162e-05,0.0049635037,0.0040979953,0.009482062,0.007590787,0.008826832,0.008695294,0.000847725,0.0098813865,0.00930605,1.3472642e-05,0.0026925178,0.0056439904,0.0009472778,1.8410268e-05,0.005075079,1.2374074e-05,0.0055981874,1.3904898e-05,0.009075391,1.5062746e-05,0.010540738,0.009226565,0.0017923387,0.0034680534,0.0009504122,0.010929988,0.006857676,1.580851e-05,2.037174e-05,1.3685828e-05,4.757177e-06,0.009217473,1.3177943e-05,0.0017635385,0.009230845,0.0050470545,8.056176e-06,0.008845547,1.2709663e-05,0.007948732,0.0038775303,0.008709852,0.009727979,0.008140231,0.00921096,2.2429622e-05,0.007878478,1.8622593e-05,0.004152997,0.0028007978,0.006792693,0.0029046657,0.0012075519,0.00917878,0.008516925,1.3414667e-05,1.640539e-05,1.975517e-05,0.010477651,0.009615138,0.005836869,0.0012993809,2.1831518e-05,2.1977547e-05,0.00780505,0.007792247,0.011778325,0.004020554,0.0029109444,1.791558e-05,0.0024620527,0.006652853,0.009413632,0.0029891608,0.004883239,2.29981e-05,0.008180887,0.008319174,9.178997e-06,0.0070169936,1.1749212e-05,0.006997361,1.9905732e-05,2.077458e-05,0.00525692,0.0051702773,0.007863137,4.932483e-06,2.3461498e-05,2.0004662e-05,1.6384605e-05,0.0065619214,0.0016091913,1.160438e-05,1.8235534e-05,1.94134e-05,0.016334232,9.376164e-06
0.008568171,0.008445215,0.01108321,0.004247039,0.0,0.0041309358,0.0095031755,0.011885904,0.0106975185,0.010278824,0.011205511,0.0043479227,0.0070944875,0.0095574055,0.012324458,0.011459743,0.011445798,0.011629381,0.0064934045,0.012854606,0.012837033,0.0010274851,0.0081985565,0.009972217,0.0059474837,0.0013453077,0.009817619,4.040419e-06,0.009740387,-1.8856472e-06,0.012545287,7.5325725e-06,0.013089188,0.01272193,0.0062790657,0.009588975,0.0072492487,0.012206695,0.010590766,0.0038113897,0.0017072968,8.094396e-06,2.9768014e-06,0.012334682,3.738121e-06,0.006428434,0.012579573,0.010176316,4.3508408e-06,0.011670019,9.692349e-06,0.011526009,0.0079771355,0.012596287,0.012381278,0.011574101,0.012897704,0.0045529236,0.011320794,4.550113e-06,0.008781431,0.007091743,0.010436564,0.008415155,0.0069843647,0.012258502,0.011464095,0.0032867428,3.5353157e-06,0.0058183856,0.012404217,0.012571618,0.011061135,0.005353049,0.0049515995,0.0041398946,0.011854696,0.012046065,0.012924674,0.009179902,0.0086113885,0.0033543925,0.008351342,0.010410338,0.012328872,0.007898002,0.009898703,0.001876799,0.012474552,0.012301339,-1.5726592e-06,0.010997925,0.0032775407,0.010959972,0.0028191188,0.0053381124,0.008972626,0.008788139,0.0111128725,7.9436944e-07,0.004692862,0.0022409877,0.0036882965,0.01120655,0.0060338536,3.1987215e-06,0.0062389197,-2.93603e-07,0.017056065,-2.3548243e-06
0.0027304532,0.0025269573,0.006158842,3.1254567e-06,0.006052926,0.0,0.004282707,0.0070319003,0.006243664,0.005370316,0.0074692913,8.285832e-06,0.002572793,0.003598445,0.009134455,0.007053231,0.008071698,0.008025345,2.6157911e-06,0.010326262,0.009038658,4.939993e-06,0.0020228424,0.0049525853,2.6886837e-06,1.4681834e-06,0.0044517247,-4.8902903e-06,0.0046756384,3.4783527e-06,0.0086499285,4.845488e-06,0.010508671,0.009171788,0.0002402182,0.003517204,0.00071289396,0.01154272,0.0061347955,-3.255749e-06,1.392555e-06,-3.2176342e-06,-8.956259e-06,0.0088374205,3.0304375e-06,0.00041040665,0.009300415,0.0048843813,-6.1765386e-06,0.00840759,-3.483853e-06,0.0073119104,0.0026520696,0.008795371,0.0099881785,0.0075880676,0.009621472,7.3885104e-07,0.0071411557,-5.293226e-06,0.0033358485,0.0013817896,0.005911448,0.0022112073,0.00077250105,0.009245843,0.007828586,2.2586607e-06,-1.9819204e-06,1.4252944e-06,0.010918241,0.010094707,0.005777208,8.241541e-06,1.9038306e-06,1.6808705e-06,0.0073562674,0.007918138,0.0118243685,0.0032563042,0.0021206625,8.270825e-06,0.0019799753,0.005647501,0.009541387,0.0019440645,0.004146772,2.2846157e-06,0.008301314,0.007950918,-3.366778e-06,0.00619807,-3.9600973e-06,0.0064292047,5.005668e-06,5.8491883e-06,0.0038127906,0.0038582978,0.007091374,5.17731e-06,4.98391e-06,5.96679e-07,3.3130425e-06,0.0061092945,1.5779203e-06,-4.764521e-06,6.7514807e-06,2.724205e-06,0.015586399,-6.535177e-06
0.0075861127,0.007653433,0.009879917,0.0033997442,0.00995448,0.0029846332,0.0,0.010421024,0.009937091,0.009501324,0.010455641,0.0034844847,0.007313853,0.008281841,0.011359625,0.010586453,0.011087669,0.0110472115,0.0054556853,0.011283219,0.010984577,1.19286515e-05,0.00716665,0.009214933,0.005335801,1.2409612e-05,0.0089202225,4.2049433e-06,0.008970192,6.0978673e-06,0.010941765,6.622858e-06,0.01151602,0.011704858,0.0057187974,0.008272554,0.0059479214,0.011005165,0.009720698,0.0025513824,0.0015361299,4.3298746e-06,3.0877898e-06,0.011309631,8.625879e-06,0.005831333,0.011421493,0.009123708,2.0480372e-06,0.011083826,8.736065e-06,0.010570593,0.007526496,0.0111492295,0.011515235,0.010817198,0.010967293,0.0031758111,0.010534509,8.538144e-06,0.008059823,0.006561535,0.009771253,0.007406513,0.0061890413,0.010969125,0.010942628,0.0017174268,1.8195517e-06,0.0049516177,0.010817557,0.011252457,0.009581133,0.004986084,0.004202615,0.0028010127,0.010586872,0.010438537,0.011675405,0.008047805,0.0072573246,0.0027827777,0.0070578493,0.009697366,0.011458502,0.0070849746,0.008786704,0.00065732683,0.010570946,0.010821536,3.9788624e-06,0.010155869,0.0010436815,0.010032851,0.0016328408,0.0041344147,0.008435617,0.008314169,0.0105360225,-4.2099123e-07,0.0036358207,0.0007055577,0.0026237573,0.010015645,0.005350015,6.8821823e-06,0.0048382278,1.7522381e-06,0.015880909,6.74937e-07
0.009391854,0.009229616,0.012068948,0.0049795746,0.012247403,0.0049602604,0.010288221,0.0,0.011485219,0.011237327,0.012298569,0.0052640163,0.008075431,0.010434987,0.013687023,0.012473688,0.012448713,0.012565273,0.00722207,0.014011683,0.013842928,0.0019867776,0.009025376,0.010680616,0.0068199867,0.002522212,0.010633211,0.0006366058,0.010456347,-2.9354946e-06,0.013495853,2.3528569e-06,0.014197376,0.013708416,0.0070770252,0.010352565,0.007859336,0.014155512,0.011541999,0.0044213766,0.002620037,3.4744216e-06,8.35166e-09,0.013439125,0.00058861054,0.00731848,0.013583788,0.011142426,3.2678955e-07,0.012904735,0.00061521976,0.012462066,0.008843036,0.013689474,0.013766816,0.012573335,0.01412826,0.0050997427,0.012189913,4.869558e-06,0.009581413,0.0077728247,0.01134894,0.009132091,0.0078231925,0.013426798,0.01235115,0.0040223706,7.199411e-07,0.006700103,0.014028593,0.013855587,0.012026966,0.0061878227,0.0059022787,0.005022762,0.0127717145,0.013502516,0.014270203,0.009806208,0.009269766,0.004129747,0.00910124,0.011178215,0.013576028,0.008777734,0.010631083,0.0029346135,0.013897141,0.013375819,3.0763736e-06,0.01180451,0.0040361267,0.011798696,0.0034480153,0.005978957,0.009860205,0.0096591,0.011839514,-5.668508e-07,0.0052921697,0.0029095071,0.004525463,0.01201805,0.0066186185,-1.7699637e-06,0.0069093867,1.3922293e-06,0.018276198,1.2274644e-07
0.009270585,0.008988614,0.011333426,0.004605495,0.011681326,0.0044839685,0.0101473145,0.012059657,0.0,0.010927937,0.012215311,0.004988446,0.008622481,0.009836922,0.013017513,0.0121540995,0.012497822,0.012562017,0.00707111,0.013214603,0.012915314,0.0014656666,0.008637549,0.010644503,0.006948485,0.0017922139,0.010466002,8.7898525e-06,0.010477591,1.7897263e-06,0.012773373,7.435309e-06,0.013489262,0.013341314,0.007299848,0.009778763,0.007563445,0.013372907,0.0113493,0.004128627,0.0028351964,9.879476e-06,3.3486224e-06,0.013046963,7.4251875e-06,0.0074562784,0.01320259,0.010772964,7.973389e-06,0.012580805,8.095382e-06,0.012246814,0.008924195,0.012838228,0.0132125085,0.012382441,0.012757509,0.0047167423,0.012204554,6.4681976e-06,0.009664411,0.007999421,0.011338696,0.008873317,0.007705219,0.012947687,0.012384068,0.0033311765,4.8226516e-06,0.0063516065,0.012977912,0.013030776,0.0112796845,0.00633717,0.0057548466,0.0044234823,0.012151247,0.012258057,0.013362677,0.009561004,0.00889108,0.004134266,0.008654271,0.011117565,0.013169295,0.008409662,0.010242592,0.0023343596,0.012303666,0.012426633,2.7777035e-06,0.011717851,0.0029582928,0.011821722,0.003056211,0.0055252295,0.0100058485,0.009838635,0.012081194,-7.6554215e-08,0.0051057125,0.0024597354,0.0041670445,0.011489145,0.006734377,6.5723953e-06,0.006445433,7.5518883e-06,0.017004648,3.288777e-06
0.008810145,0.008531793,0.011077326,0.004222267,0.01106713,0.003822623,0.009698239,0.011599363,0.011026782,0.0,0.011755941,0.0044966093,0.008200354,0.009324488,0.012562561,0.011737124,0.012163677,0.012281557,0.0065145157,0.012664751,0.012261952,0.0009144764,0.008233331,0.010284211,0.006486075,0.0011962202,0.01017981,7.685058e-06,0.010123034,2.7941312e-06,0.0123577025,7.5093153e-06,0.012887082,0.012889172,0.00675647,0.009300164,0.007237952,0.012641258,0.011085278,0.003570722,0.002224257,1.12389835e-05,3.2131873e-06,0.012556152,5.6635217e-06,0.0069755143,0.012737676,0.010202991,5.6502217e-06,0.012229841,1.0203596e-05,0.0116844345,0.008449555,0.012337871,0.012694987,0.011941642,0.012190598,0.0042548967,0.011733164,7.461738e-06,0.009056486,0.007672896,0.010944555,0.008393886,0.0070884177,0.012351291,0.012147785,0.0026101237,2.0336686e-06,0.00596686,0.012397472,0.012534315,0.010700156,0.005817817,0.005275149,0.00370635,0.011744405,0.011533073,0.0127704665,0.009132554,0.008485066,0.003591912,0.008208677,0.010652342,0.01264929,0.008017074,0.009741689,0.0017572724,0.011669899,0.012021049,-1.0726801e-06,0.01117942,0.0023478484,0.011335929,0.002440581,0.0050577926,0.009563811,0.009447096,0.01155053,-3.559811e-06,0.0045647514,0.0017001954,0.0034615255,0.011262378,0.00646574,3.1181341e-06,0.0060379202,2.102224e-06,0.016805016,3.88603e-06
0.010456847,0.010284721,0.012847959,0.0059426674,0.012802611,0.0055798185,0.0114702685,0.013482247,0.012888651,0.012413392,0.0,0.006164545,0.009999651,0.011027515,0.014778588,0.013545839,0.0143194655,0.014188592,0.008350805,0.0151960915,0.014575392,0.0026880493,0.0098616965,0.012052369,0.008104759,0.003497917,0.011928607,0.0011077329,0.011759781,-3.5236928e-07,0.014254596,8.645123e-06,0.015282159,0.014834908,0.008515187,0.011050612,0.008796849,0.015469636,0.012815514,0.005349644,0.0041003847,9.762481e-06,6.4895937e-07,0.014627554,0.0010607404,0.008627863,0.014798184,0.011922841,-3.1711174e-06,0.0142865805,0.0011906661,0.013820891,0.0100353435,0.014495823,0.015160547,0.013927709,0.014639166,0.005956745,0.013656777,4.139405e-06,0.010921363,0.009188272,0.012648882,0.00997405,0.00877998,0.014673495,0.014059997,0.004381318,-2.6406394e-06,0.0077288724,0.015137972,0.015140827,0.012619514,0.00740088,0.0071701803,0.0055309855,0.013646936,0.013818783,0.015872676,0.010800185,0.010136297,0.005464122,0.009884454,0.012466035,0.014953381,0.009709493,0.011416436,0.0038167082,0.013920655,0.013835991,7.011411e-08,0.012965935,0.0042876736,0.013229113,0.0042127655,0.0068172007,0.011546737,0.01113034,0.013607402,-4.9748705e-06,0.006407925,0.003696358,0.0052857837,0.013017004,0.008043169,2.9908538e-06,0.0076005445,2.068381e-06,0.018222423,-3.1328188e-06
0.0035803546,0.0030861965,0.0070562256,1.9477234e-06,0.0067698527,5.253161e-06,0.0050927163,0.007889675,0.007107032,0.006255392,0.008331083,0.0,0.004098671,0.0041354517,0.009850736,0.007870766,0.008918904,0.008929441,0.00082468777,0.010732262,0.009764792,3.7891707e-06,0.0027603263,0.005964825,0.00090147817,3.4008037e-06,0.005614642,-3.0701465e-06,0.0055887117,-4.78989e-06,0.00942479,7.397142e-07,0.010942818,0.010032212,0.0015096896,0.0041934117,0.0013554064,0.011336131,0.007013355,-1.9361723e-06,5.41743e-07,1.9370812e-06,-1.3622815e-05,0.009529477,-8.203705e-07,0.001516934,0.010006517,0.0055853743,-7.597373e-06,0.009231106,3.019316e-06,0.008029603,0.0035424717,0.009649038,0.010536951,0.008357532,0.0103618875,-2.0838452e-07,0.007872649,-7.658823e-06,0.0042675883,0.0024444475,0.0067894114,0.0030578182,0.001591297,0.009920444,0.00854983,2.3554192e-07,-7.2254934e-06,8.5278043e-07,0.010946971,0.010227634,0.00660553,0.00020488456,1.0689233e-05,3.590896e-06,0.008170716,0.008927398,0.012065513,0.0039772335,0.002826613,3.1406266e-06,0.0025973206,0.00645597,0.0103984075,0.002519273,0.0050016087,2.9064145e-06,0.009373256,0.008792706,-6.2646873e-06,0.0071404194,7.87997e-07,0.007470011,4.3278656e-06,5.1106204e-06,0.005005923,0.0049294583,0.007906381,-2.867937e-06,-1.0775774e-06,3.0003305e-06,4.6569594e-06,0.006983752,0.0008930739,-1.4231497e-06,1.7670319e-06,-7.4286504e-06,0.017975017,-1.285843e-05
0.0073778955,0.0075539867,0.00968174,0.0042251362,0.009430747,0.0016997869,0.00906349,0.010323,0.010187382,0.009625606,0.010970647,0.0035642541,0.0,0.007382487,0.011668449,0.010672807,0.011956629,0.011872395,0.005098501,0.0121683935,0.0113165965,1.1363711e-05,0.006399457,0.009425043,0.0057937806,1.752874e-05,0.00876217,1.0651959e-05,0.009422896,1.6457707e-06,0.011853951,6.7659666e-06,0.012314704,0.011904489,0.007528028,0.0072762147,0.0051111225,0.012875132,0.00997034,0.0017589974,0.0052326014,8.29135e-06,6.595143e-06,0.01164458,9.78777e-06,0.0068799146,0.011962677,0.008617668,8.031934e-06,0.011550133,1.2790591e-05,0.010764914,0.008588166,0.011341079,0.012080265,0.011103215,0.011800168,0.0016817797,0.011217762,5.9393647e-06,0.007855056,0.00814533,0.01019372,0.006752041,0.005793905,0.011639701,0.011499258,1.2671945e-05,2.1303451e-06,0.0044374294,0.012605229,0.011890505,0.009079604,0.007233866,0.004908466,0.0011713848,0.01073067,0.010756239,0.013717311,0.007470438,0.0065622926,0.0036736196,0.0060772114,0.010176795,0.011994745,0.00710451,0.008112952,5.1349507e-05,0.010846675,0.010859997,7.767689e-06,0.010166785,1.2227939e-05,0.010317691,0.00016951827,0.0028474645,0.010154154,0.010160838,0.011281045,3.2718167e-06,0.0035795749,1.4572741e-05,0.0013649004,0.009645809,0.0074766865,8.78902e-06,0.0029853159,7.689098e-06,0.020304045,4.190138e-06
0.0070326542,0.00689609,0.009314658,0.0023057018,0.009561072,0.0026112876,0.008003137,0.010042725,0.009138239,0.008620636,0.009768632,0.0026596696,0.0055207172,0.0,0.01081399,0.010012765,0.010064392,0.010153445,0.004858288,0.011015599,0.010690918,4.1549865e-06,0.0065327487,0.00838555,0.004233367,5.758323e-06,0.0081614815,-1.4821595e-06,0.008298372,-4.7691033e-06,0.01076833,-3.0809144e-06,0.011203934,0.011070086,0.004622861,0.008047676,0.005684541,0.011051552,0.009057856,0.0017796154,1.0182402e-05,-4.6203226e-07,-7.0189467e-06,0.010719871,-4.173367e-06,0.00477207,0.010943031,0.0086991405,-6.6962825e-06,0.010263097,-2.6019613e-06,0.010020275,0.006509857,0.010818877,0.010928526,0.010084567,0.010823333,0.002747506,0.009862581,-2.7860597e-06,0.0073354966,0.0054674046,0.009068062,0.0067224326,0.005429307,0.010509624,0.010073799,0.0014168305,-3.8329e-06,0.004116691,0.01069308,0.010683612,0.009430653,0.003807438,0.0031587484,0.002514237,0.0103086755,0.01013969,0.011227301,0.0076064966,0.0070201247,0.0015941786,0.006926502,0.00876077,0.010805873,0.0063099195,0.008405858,8.166269e-05,0.01021689,0.010592894,-7.955091e-06,0.009513787,0.0015264346,0.009348179,0.0010158478,0.0037153233,0.0073089297,0.0071239606,0.0095070815,-3.8239723e-06,0.0029249687,8.895491e-05,0.002069358,0.009601982,0.0039586094,-9.775313e-07,0.004712684,-5.5106275e-06,0.01582846,-8.949725e-06
0.0114967,0.011262729,0.014393426,0.0070504216,0.014433977,0.006870694,0.012367593,0.015306889,0.013965303,0.013571364,0.014923334,0.0074781296,0.010758885,0.012138092,0.0,0.014860518,0.015352575,0.015516534,0.009317517,0.01764793,0.016974116,0.004314939,0.0108360825,0.012801081,0.0092205135,0.0057232287,0.012891294,0.0028742475,0.012816571,3.4636055e-06,0.016139602,1.7021583e-05,0.017865445,0.016375044,0.009569586,0.012159651,0.009802581,0.018796796,0.014068458,0.006596732,0.005434538,9.432498e-06,5.3793983e-06,0.016750876,0.00271178,0.009600241,0.016606877,0.012950945,2.6479706e-06,0.01605874,0.0030741645,0.01489193,0.010823281,0.01679685,0.017294079,0.015242473,0.017595228,0.0072221826,0.014709466,0.0014300395,0.0116169825,0.010159083,0.013605718,0.0109892,0.0098318225,0.017170418,0.01519805,0.0057971696,6.1750725e-06,0.008699982,0.018718148,0.017879248,0.013994948,0.008460949,0.008169293,0.006947187,0.015224427,0.016680177,0.019586612,0.011679913,0.011191043,0.0065522436,0.010901932,0.013695888,0.016942604,0.01090677,0.012630412,0.005342447,0.017140074,0.015825637,5.7418792e-06,0.014110181,0.0058837538,0.01413542,0.0054805065,0.008094248,0.012441564,0.012098636,0.014496451,4.1861076e-06,0.0076493104,0.0051119574,0.006493261,0.014167009,0.009257903,7.5220664e-06,0.008711969,0.0017331179,0.021711595,3.5404635e-06
0.009572799,0.00949954,0.01201332,0.0053390865,0.012051106,0.0050665247,0.010601548,0.012633945,0.011843354,0.011419283,0.012493912,0.005445258,0.008909219,0.010285975,0.013582582,0.0,0.012912681,0.012981951,0.0075541614,0.0138539355,0.013511598,0.0019931064,0.009131013,0.011131353,0.007347196,0.0025869717,0.010852045,0.00054790056,0.010850746,5.923637e-06,0.013311923,9.242325e-06,0.013956924,0.01371189,0.007531693,0.010320984,0.008174966,0.013981449,0.011837454,0.0047193123,0.003308845,1.3383713e-05,5.0416024e-06,0.01348674,0.000592197,0.007691179,0.013723839,0.011080498,4.996461e-06,0.013109452,0.0005670232,0.012691728,0.009321724,0.013505472,0.013772154,0.01282714,0.013634907,0.0052558184,0.012497489,7.641114e-06,0.009836793,0.008481578,0.011700454,0.009290154,0.008128882,0.013554107,0.012826669,0.0038687491,7.907696e-06,0.0068278587,0.013731006,0.013810437,0.01189557,0.006633926,0.0062201377,0.005000517,0.012836708,0.013052812,0.01407513,0.0099723535,0.009309468,0.0046293903,0.009235506,0.011525064,0.013603874,0.009075587,0.010753108,0.0029813114,0.013194706,0.013158752,4.5097927e-06,0.012056175,0.0035929647,0.012132684,0.0035834685,0.006265707,0.010402507,0.010121461,0.012461019,3.782435e-06,0.00571226,0.0030050145,0.0046562823,0.01213463,0.007175342,3.6232777e-06,0.0069769695,5.734591e-06,0.01736064,7.221429e-06
0.010861817,0.010616493,0.013022836,0.006613749,0.013156874,0.0061352844,0.011827437,0.013830702,0.013125078,0.012845715,0.014215308,0.0066935234,0.01091718,0.011307617,0.015214125,0.013828913,0.0,0.014597681,0.0086399065,0.015222839,0.014714889,0.003223997,0.010244405,0.012337616,0.008725427,0.0043023876,0.012142893,0.0015345085,0.012193351,5.8002192e-06,0.014392196,4.907317e-06,0.0153504005,0.015071174,0.009213446,0.011185726,0.009017161,0.01590565,0.013213312,0.005707993,0.0049983794,1.2259973e-05,-3.1573313e-07,0.015025407,0.0014605128,0.009142737,0.01509682,0.012232382,6.8952113e-07,0.014655147,0.0018423425,0.01405071,0.010637143,0.014745498,0.015403077,0.01419276,0.014645986,0.006216225,0.01396647,0.000113523616,0.011071487,0.009891776,0.013041891,0.010370637,0.00923627,0.015176395,0.014433493,0.004741749,3.1657326e-06,0.008071119,0.015671441,0.015381135,0.012721461,0.008225207,0.0076614954,0.005825726,0.013926395,0.014137586,0.016268242,0.010991824,0.010337139,0.006017714,0.010000386,0.01294428,0.015176231,0.010072295,0.0116364565,0.0042710328,0.014249991,0.014049999,1.112041e-06,0.013291019,0.004292143,0.01345285,0.004622088,0.0070883106,0.01197843,0.011722844,0.013997853,1.2383738e-06,0.0069048638,0.004009727,0.005593922,0.01307542,0.008620228,6.0587527e-06,0.007899198,5.1736606e-06,0.018418444,5.5984992e-06
0.010673633,0.010515897,0.012956307,0.00655842,0.013080898,0.006057327,0.011784237,0.0137180975,0.013113403,0.012743417,0.014068931,0.0065375743,0.010859652,0.01110281,0.015131948,0.013954945,0.014543573,0.0,0.0086387815,0.015389831,0.014848805,0.0031054055,0.010076048,0.012249445,0.008764248,0.004394579,0.012061115,0.0015865993,0.012218075,1.8211587e-06,0.014346181,6.1165492e-06,0.015474193,0.014936969,0.009123507,0.010949771,0.008956282,0.015656771,0.013160265,0.0057427324,0.0051306356,1.1880088e-05,-1.541364e-09,0.014976578,0.0015052052,0.009208939,0.015026744,0.012116231,6.4170996e-07,0.014619464,0.0017714836,0.013895624,0.010451089,0.014789347,0.015495823,0.014076021,0.014595195,0.0061615095,0.013891239,0.00019914488,0.011068456,0.009877679,0.012946764,0.010389466,0.009184986,0.015096562,0.014312611,0.0046096668,6.067108e-06,0.008083007,0.015338824,0.015347962,0.012490806,0.008168901,0.007568036,0.005878275,0.013870901,0.014070721,0.015695663,0.011021405,0.010361227,0.0058810716,0.009943736,0.012820942,0.015267095,0.010052278,0.011603801,0.0043831943,0.014275812,0.013902502,5.6042213e-06,0.013180951,0.0040269345,0.013348755,0.0046388386,0.007174782,0.01208216,0.011792239,0.0138752395,-2.7630147e-06,0.006985307,0.0041740933,0.0056513636,0.013013569,0.0089085605,1.1192683e-06,0.007772321,2.2538354e-06,0.018339958,2.3107598e-06
0.0052770525,0.0049099466,0.008105663,1.889825e-05,0.008078304,1.1540115e-05,0.0066396846,0.0088602705,0.008141242,0.007564512,0.008982044,0.0003834283,0.0050297733,0.0059234686,0.010282256,0.008858056,0.009538965,0.009606626,0.0,0.01065225,0.009872588,1.75633e-05,0.004684925,0.0071431207,0.0030010755,1.7123904e-05,0.0071065403,6.765853e-06,0.0069840727,2.317381e-06,0.009813566,5.7175735e-06,0.010746479,0.010417162,0.0031384067,0.0058588632,0.0034698164,0.010589131,0.008071517,1.187365e-05,1.5081584e-05,6.3641114e-06,-2.9667392e-06,0.00997188,5.1038196e-06,0.0034034546,0.010326418,0.007135812,6.4317696e-06,0.009586282,1.3650805e-05,0.009057931,0.0052773063,0.010009378,0.0106114,0.009117398,0.010214232,7.3632466e-05,0.008877489,1.20109335e-05,0.0059956084,0.004085328,0.00805367,0.004791682,0.0036045727,0.010144448,0.009363345,1.3433808e-05,3.6767751e-06,0.002007813,0.010222242,0.010487561,0.0077439193,0.0018706345,0.0017301927,1.3754188e-05,0.00907615,0.009185789,0.011104293,0.0057799574,0.0046421546,1.636868e-05,0.004586909,0.007610264,0.010473979,0.004320859,0.00657893,1.6421975e-05,0.009447162,0.009396065,4.680969e-06,0.008197907,1.3318262e-05,0.008508226,1.2473993e-05,0.0008779397,0.006215297,0.0062617585,0.0087852115,2.6028745e-06,0.00066058926,9.94849e-06,1.4738448e-05,0.008208246,0.0028330444,6.086552e-06,0.0019980539,-4.623532e-07,0.016086375,2.8058796e-06
0.013281822,0.012762416,0.016141305,0.008587461,0.016204769,0.008571448,0.013814333,0.017008068,0.015753046,0.015244926,0.017126735,0.009400321,0.012507483,0.0139911175,0.018856358,0.016655369,0.017201448,0.017308863,0.011133464,0.0,0.019548504,0.006254776,0.012662656,0.014563911,0.011193011,0.008100039,0.014975377,0.005042446,0.014264097,8.44926e-06,0.019095588,0.002318396,0.02100671,0.018812936,0.011171844,0.013893714,0.011563662,0.021698052,0.015904535,0.008512408,0.007329578,0.0018534677,8.846257e-06,0.018683854,0.0049954164,0.011219156,0.019295316,0.014682253,5.570268e-06,0.017775983,0.005000429,0.016770342,0.012366006,0.018513417,0.019609792,0.017119003,0.020360889,0.008894998,0.01653104,0.003525328,0.013359193,0.01164406,0.015152995,0.012804151,0.011453041,0.019379174,0.017096983,0.007855718,7.6701e-06,0.010554355,0.021551332,0.020388532,0.015795194,0.0100300405,0.010041229,0.008791097,0.016845834,0.018398762,0.023366787,0.013103876,0.012578599,0.008488971,0.012554174,0.015101039,0.018890677,0.012129122,0.014083072,0.007517996,0.018972306,0.017666355,7.0030437e-06,0.015757551,0.008384099,0.016246462,0.00741778,0.009772312,0.0141514065,0.013793908,0.016515395,3.4492834e-06,0.009288559,0.0070795375,0.008359976,0.016109893,0.010933674,1.0445783e-05,0.01062033,0.00409628,0.02734023,6.1573214e-06
0.011536594,0.011185175,0.014412323,0.006991987,0.014716718,0.0069466643,0.012181663,0.015501711,0.013996081,0.013584178,0.015052523,0.0075053447,0.010560908,0.0124283945,0.016829345,0.014973708,0.015055209,0.015412574,0.009284941,0.018403849,0.0,0.0044272514,0.010938352,0.012849734,0.009216452,0.0059476905,0.013118581,0.0031253365,0.012677113,7.987503e-06,0.016939396,0.00012077919,0.018826453,0.016841583,0.009391657,0.012457095,0.009845522,0.018796029,0.0139398035,0.0066347057,0.00545381,1.2832587e-05,5.8799637e-06,0.016686311,0.0029978983,0.009498936,0.01705645,0.013179425,7.4069358e-06,0.01577792,0.0031235416,0.015013403,0.010823175,0.016708832,0.017176613,0.015245262,0.018658072,0.00719718,0.014636027,0.001547462,0.011807009,0.009927222,0.013414839,0.011219268,0.00980009,0.01719991,0.015029653,0.0060072886,1.1147349e-05,0.008709046,0.018639622,0.017895522,0.014337434,0.008361761,0.008242913,0.0069747427,0.01533452,0.01671301,0.02002131,0.011729712,0.011081605,0.0065939794,0.011104348,0.013364491,0.016712278,0.010748197,0.012709618,0.00561804,0.017185183,0.016060196,9.14137e-06,0.01421362,0.006540481,0.01434688,0.0055291923,0.008010483,0.012243164,0.011961003,0.014666631,3.2394898e-06,0.0075976844,0.0052547725,0.0065471125,0.014508443,0.009158601,1.1443707e-05,0.008873024,0.002201763,0.02441052,5.5937057e-06
8.55768e-06,1.1655629e-05,0.004787911,-2.1948651e-06,0.0044325436,6.9165685e-06,0.0019731082,0.0061323945,0.004852595,0.0037770132,0.0070491824,-2.0790658e-06,0.0012080349,0.000560414,0.009603925,0.0061322595,0.0076392503,0.007638059,5.6235433e-07,0.011379391,0.009637317,0.0,1.5991889e-05,0.0030576251,1.5222095e-05,2.3218495e-06,0.002612078,-9.321356e-06,0.002550957,-1.1320146e-05,0.008754588,-8.499796e-06,0.011608171,0.009213781,6.784051e-06,0.00016753456,1.4237488e-05,0.013988664,0.0049287635,5.8040837e-06,4.9873306e-06,-4.719295e-06,-2.3070332e-07,0.009188508,-2.3745897e-06,7.350766e-06,0.009615496,0.0024811642,-1.0230923e-05,0.008404911,-7.2200532e-06,0.0065214895,1.6211317e-05,0.009086139,0.010767517,0.006866288,0.011098969,2.9907574e-06,0.0062245084,-6.485918e-06,0.00072527654,5.674004e-06,0.004489563,3.937202e-06,3.938279e-06,0.01020361,0.0072784475,5.8087594e-06,-1.1514561e-07,-4.041808e-07,0.013572798,0.011288008,0.0039468785,1.3374734e-05,7.5944117e-06,6.4092637e-06,0.006483995,0.008808577,0.016154107,9.579856e-06,1.3695963e-05,9.992427e-06,1.7287923e-06,0.003977901,0.010268532,1.1900628e-05,0.0014396908,2.3745206e-06,0.0095225,0.0076258793,1.2007139e-07,0.0049330434,4.929174e-07,0.0055030403,2.8975926e-06,6.69495e-06,0.00207923,0.0018752278,0.0064452933,1.631082e-06,-7.704562e-08,4.0123628e-06,4.6811665e-06,0.004555467,8.6368555e-06,7.2881076e-06,7.287049e-06,2.9252963e-06,0.021981193,-4.034142e-06
0.006285642,0.006031546,0.008682005,0.0013027849,0.009032242,0.0011997314,0.0074615437,0.009468676,0.008762517,0.008257037,0.009458133,0.0018539937,0.005342092,0.0070339483,0.010502205,0.0094151925,0.009887694,0.009810149,0.004215579,0.010729099,0.010273927,8.7438875e-06,0.0,0.007980858,0.0038365342,1.2312422e-05,0.007908079,5.4908387e-06,0.0077831596,-5.469313e-07,0.010386213,5.5708388e-06,0.010954878,0.01087142,0.0041308845,0.007172039,0.0049620033,0.010277083,0.008728866,0.00096269976,1.3215103e-05,7.990056e-06,3.4745442e-06,0.0103090815,5.800011e-06,0.0042973896,0.01078409,0.008023524,7.373587e-06,0.009901987,1.0508828e-05,0.009513426,0.006129308,0.010212126,0.010623264,0.009780123,0.010225809,0.0017789043,0.009429455,1.0440206e-05,0.0069643217,0.004976576,0.008707606,0.006002677,0.0048151235,0.010268936,0.009734981,0.00020585059,5.75305e-06,0.0034155475,0.009960068,0.010450236,0.008592443,0.0029775384,0.002610277,0.0011887351,0.0097904485,0.009479077,0.010831703,0.006885765,0.00603195,0.0010509004,0.0059784534,0.008277657,0.0106174145,0.0054540085,0.0076707504,1.16502515e-05,0.00960299,0.009978303,1.156667e-06,0.008907098,0.00022197777,0.009202494,1.3948e-05,0.0025714056,0.0070267865,0.006839372,0.009327021,-4.4638807e-07,0.002057925,1.2987959e-05,0.0010909257,0.009059446,0.0036890856,6.50205e-06,0.0037173827,1.964676e-06,0.015641697,6.258594e-09
0.0080980165,0.007922726,0.010282721,0.0036534,0.010526638,0.0034453147,0.00913209,0.011056576,0.010350259,0.009979941,0.011032734,0.0039313743,0.007709975,0.008762977,0.01172779,0.011081173,0.011410031,0.011552113,0.006155048,0.011875402,0.011682141,0.00058069866,0.0076959585,0.0,0.005744731,9.294415e-05,0.009461733,1.2032266e-05,0.009474434,7.0790456e-06,0.011679298,9.059967e-06,0.012134748,0.012230143,0.006233045,0.008840487,0.006743344,0.01141524,0.010295708,0.0030145245,0.0018409701,9.801131e-06,1.0840165e-06,0.011706223,8.202143e-06,0.006394229,0.011998422,0.0096654445,2.7794986e-06,0.0113913035,1.2729822e-05,0.011069155,0.007847713,0.011589484,0.011943001,0.011211165,0.011383761,0.0038458605,0.011006419,1.12365005e-05,0.00866729,0.0069723628,0.010402289,0.0077369628,0.0066136345,0.011569693,0.011266819,0.0022137796,6.805775e-06,0.0054165167,0.011051169,0.011582905,0.010148204,0.0053508757,0.0046717944,0.0033719237,0.011170156,0.010899297,0.011985326,0.008643275,0.007825565,0.0033375092,0.0077238255,0.00995727,0.011953804,0.007510154,0.00924275,0.0009796772,0.010848233,0.011293838,8.697573e-06,0.010624753,0.0019906885,0.010741545,0.0019536233,0.004572675,0.008815647,0.008792478,0.010998443,2.586126e-07,0.0041478616,0.0012067078,0.003208311,0.0105333105,0.005829483,4.466648e-06,0.005432063,5.0540957e-06,0.016151544,2.0049386e-06
0.0054278164,0.005045628,0.008297208,1.4744546e-05,0.008224915,1.3921778e-05,0.0068131555,0.00904772,0.0083817765,0.0077556875,0.009445836,0.0007147299,0.0058562495,0.0058748494,0.01059519,0.009143645,0.009989398,0.010034865,0.003238083,0.010610952,0.010437679,1.5318192e-05,0.0047199107,0.0073253615,0.0,1.6561431e-05,0.0073323203,1.0164936e-05,0.0072417567,1.3666747e-06,0.01023178,6.888933e-06,0.011416384,0.010839275,0.0036707008,0.005661538,0.0033754774,0.01145875,0.008353507,1.1776192e-05,1.7926968e-05,1.336471e-05,7.77012e-06,0.010417043,1.3142168e-05,0.003727179,0.010843615,0.007101346,4.1342423e-06,0.0101202885,7.951827e-06,0.0092958165,0.0054357857,0.010464317,0.011044325,0.009563304,0.010432851,1.5141209e-05,0.009306791,1.0887543e-05,0.006318263,0.004484905,0.008405478,0.004895775,0.003680087,0.010617751,0.009676213,1.0226426e-05,1.0438798e-05,0.0021928295,0.011130655,0.010667313,0.007954439,0.002276305,0.0023153338,1.46413995e-05,0.009246401,0.009812827,0.012121841,0.005768688,0.0045443564,0.0002155249,0.0044341963,0.007970084,0.0110639315,0.0044510043,0.0065026577,1.0697961e-05,0.0101673715,0.009940251,5.394101e-06,0.008569486,1.0796994e-05,0.008957132,8.903486e-06,0.000688142,0.0067335265,0.0068060434,0.009206012,3.4922944e-06,0.00061827706,1.045584e-05,1.0476999e-05,0.008399395,0.0033550116,1.0292486e-05,0.0014620431,7.0191827e-06,0.017893152,2.991538e-06
0.0013304396,0.0006043391,0.006163339,-2.3788793e-05,0.005882983,-2.201481e-05,0.0032682319,0.007484607,0.006030474,0.005065589,0.008095369,-2.3007557e-05,0.0018892927,0.0021155174,0.010631865,0.007236273,0.008698448,0.008796412,-2.7249496e-05,0.012391211,0.010736228,-2.5574565e-05,0.00045455035,0.0041531487,-2.8046825e-05,0.0,0.004679014,-2.4441606e-05,0.003834333,-1.7237622e-05,0.00979957,-2.4265999e-05,0.012533194,0.010317414,-2.3692886e-05,0.001940454,-2.2074906e-05,0.015161739,0.006048379,-2.2690287e-05,-2.4978679e-05,-2.0552403e-05,-1.4168475e-05,0.010263909,-2.8130486e-05,-2.3614606e-05,0.010795859,0.0040312125,-1.3580465e-05,0.009437132,-2.7388045e-05,0.007556642,0.001365656,0.010345654,0.011960689,0.0079984,0.01238819,-2.7944569e-05,0.0073117204,-1.850418e-05,0.0025506665,-2.2436647e-05,0.0056684925,0.0006504231,-2.041095e-05,0.011305649,0.008182233,-2.4418392e-05,-2.294223e-05,-2.605696e-05,0.014784069,0.012641117,0.0055062175,-2.2984294e-05,-2.6392849e-05,-2.1047197e-05,0.0077689565,0.010396939,0.01731296,0.0014885257,0.00015484318,-2.426526e-05,-2.787939e-05,0.0054445467,0.011399134,-2.006804e-05,0.0030227152,-2.4950301e-05,0.011235399,0.009130153,-2.0636873e-05,0.005976247,-2.4890118e-05,0.0070184288,-2.038537e-05,-1.681359e-05,0.003541241,0.0031454999,0.007519649,-1.2515246e-05,-2.1881533e-05,-2.5695872e-05,-2.8239534e-05,0.005960504,-2.0719646e-05,-1.3395511e-05,-2.3409282e-05,-1.6057806e-05,0.023833912,-2.4530955e-05
0.008015516,0.0077089886,0.0102350665,0.0029460995,0.010508597,0.0030320412,0.008953111,0.01092983,0.010286992,0.009829157,0.011026052,0.0037726865,0.0071782176,0.00851376,0.0119110625,0.011019049,0.011427675,0.011509932,0.0061554355,0.012172056,0.01184476,0.00047190522,0.0076742657,0.009656674,0.006093932,0.0015008254,0.0,1.064312e-05,0.009236802,2.293074e-06,0.011954765,9.590864e-06,0.012355781,0.012513856,0.006014915,0.008557538,0.006636371,0.012128858,0.010175163,0.00297876,0.0011488505,1.1942695e-05,5.073964e-07,0.011810342,8.901919e-06,0.006257462,0.012394947,0.009597221,5.3189424e-06,0.011466323,1.4154931e-05,0.011035357,0.0075963866,0.011807407,0.012020025,0.011298816,0.011737745,0.003756708,0.010949596,1.20788245e-05,0.008908332,0.0067535494,0.010261491,0.0077163624,0.006603109,0.0117303245,0.011349689,0.002013187,8.997805e-06,0.005384106,0.011765023,0.011861354,0.0099915145,0.0044083605,0.005057199,0.0030792991,0.011041011,0.010933193,0.012148596,0.008287491,0.0076318895,0.003118956,0.0075683836,0.009805661,0.012064388,0.0068608867,0.008991394,0.0014686874,0.011048381,0.011504742,4.749513e-06,0.010513678,0.0023925435,0.010820624,0.0017199218,0.0043498427,0.008804929,0.008529412,0.011134861,4.219547e-06,0.0038276121,0.0012847773,0.0031609926,0.010594358,0.005405585,4.8530997e-06,0.00530643,5.9783756e-06,0.01653111,5.6274953e-06
2.4972493e-05,1.5680878e-05,0.0025834688,1.5084984e-05,0.0020581027,5.7028556e-06,1.1578865e-05,0.004222651,0.002658963,0.0014233163,0.005616343,1.4624474e-05,2.8296321e-05,8.497569e-06,0.008963112,0.0044699814,0.006414952,0.006558977,1.1839707e-05,0.011279758,0.008910734,-2.9199674e-07,1.5302938e-05,0.0001643451,7.048413e-06,3.9393985e-06,2.939551e-05,0.0,2.6233636e-05,6.218764e-06,0.006996796,2.6161365e-06,0.011485527,0.008404015,1.9852114e-05,1.7331009e-05,2.050269e-05,0.0150567,0.0028128363,1.4239e-06,9.436618e-06,4.700593e-06,1.0444492e-05,0.008469545,9.953435e-06,1.3280355e-05,0.008951616,2.1934256e-05,9.539471e-06,0.0073245056,-1.343337e-06,0.00511035,1.4333383e-05,0.008143463,0.010444976,0.0054682177,0.010523085,8.255733e-06,0.004458394,1.4754322e-06,1.4485598e-05,1.37883635e-05,0.0017531584,1.2714154e-05,9.659879e-06,0.009931735,0.005848638,1.6919578e-06,5.5351575e-06,9.082438e-06,0.014421508,0.011311169,0.0015274427,1.9681629e-05,2.0461286e-05,1.2650462e-05,0.004883614,0.0077686,0.01713163,6.529389e-06,2.1676877e-05,2.9734922e-06,1.1091932e-05,0.0014832112,0.009931444,1.6648915e-05,1.5942845e-05,1.6113212e-05,0.008489024,0.006354353,5.5734745e-06,0.0030635966,-4.1066287e-06,0.0032392452,1.9812358e-06,8.33968e-06,1.966651e-05,1.670296e-05,0.0042900923,-9.303628e-06,1.8773264e-05,2.3478071e-06,6.6242114e-06,0.0026518123,1.7785032e-05,-6.6200387e-06,6.7011574e-06,1.5965762e-06,0.01970492,1.577804e-05
0.007951461,0.007831717,0.010154845,0.0035274131,0.010196477,0.003053053,0.009040246,0.010617655,0.010188366,0.0096645905,0.010804289,0.0037559476,0.0075499294,0.00848237,0.011640846,0.010787499,0.011284095,0.011226339,0.0059127193,0.011383259,0.011316098,0.00025197762,0.00747631,0.009394569,0.0056582666,0.00028735827,0.009228322,9.007893e-06,0.0,2.0186594e-06,0.011193195,1.0588915e-05,0.011607422,0.011926387,0.006218322,0.0083994195,0.0063014124,0.01117261,0.010164605,0.0029893003,0.0017028085,6.866968e-06,4.5371467e-06,0.011492079,1.0295819e-05,0.0061393403,0.011799565,0.00940688,4.525083e-06,0.011232843,8.926218e-06,0.010885873,0.0076720114,0.011334569,0.011631998,0.01101313,0.011074394,0.0034850284,0.010794099,1.1254815e-05,0.008353628,0.006901005,0.010088785,0.007593965,0.006528168,0.011223649,0.011112217,0.0019028931,3.1275345e-06,0.0051083267,0.010859167,0.011403449,0.009935631,0.0051868814,0.0045225928,0.003102902,0.01092916,0.01057367,0.011667848,0.008296355,0.007529707,0.0030283853,0.0073990957,0.009972827,0.011590748,0.0072620204,0.009037278,0.0010552257,0.01052174,0.011081849,5.4120255e-06,0.010242069,0.0012928016,0.010354758,0.0018209345,0.0043863743,0.008873048,0.008751593,0.010801995,-8.529363e-07,0.0040390124,0.000977201,0.0028604728,0.010236377,0.0057450766,4.7526028e-06,0.0051893215,7.001237e-06,0.015970474,3.0439432e-07
1.63556e-05,3.854802e-06,3.9344843e-05,2.9303066e-05,1.7424514e-05,1.8778113e-05,3.2611355e-05,1.7566535e-05,3.0770465e-05,7.551146e-06,3.8958595e-05,2.3813738e-05,3.1116153e-05,1.8022507e-05,0.0047805025,1.2619632e-05,2.3929084e-05,2.1059413e-05,1.5786556e-05,0.01184719,0.005554882,2.4524576e-05,1.6471602e-05,1.8709032e-05,3.6940517e-05,7.254435e-06,1.6755333e-05,1.9234969e-05,3.189091e-05,0.0,3.3780976e-05,2.1176518e-05,0.011880055,0.0025656496,6.54347e-06,1.1514369e-05,3.3465825e-05,0.023453047,2.1544103e-05,1.1721014e-05,3.0515563e-05,1.918893e-05,5.938754e-06,0.003932327,1.641049e-05,5.5475907e-06,0.004711007,3.2485907e-05,1.5604137e-05,0.0017122359,1.1079053e-05,3.5170367e-05,1.0134456e-05,0.002574045,0.00954684,2.3301958e-05,0.009743749,-1.3934493e-06,1.1498284e-05,1.2869053e-06,2.1984437e-05,2.8616383e-05,1.6710599e-05,4.147937e-06,2.6807314e-05,0.008522523,3.2340187e-05,2.2315464e-05,7.498795e-06,2.6625044e-05,0.02164045,0.012467079,8.917921e-06,1.2385152e-05,1.3611741e-06,2.6543767e-05,3.3476634e-05,0.0021412142,0.030423691,1.3802471e-05,1.949313e-05,2.4543408e-05,3.030763e-05,3.506435e-05,0.007233965,1.1763036e-05,3.218592e-05,4.610168e-06,0.0044179363,1.3492365e-05,-1.1342506e-06,3.234975e-05,1.8297109e-05,3.854195e-05,2.7289647e-05,6.875803e-07,1.0073979e-05,8.6352875e-06,3.4539407e-05,2.3047203e-05,3.1904976e-05,2.8571729e-05,-6.3897147e-07,1.0887666e-05,1.6596327e-05,-6.3541643e-06,1.2443231e-05,-6.375613e-06,0.02608186,1.3838948e-06
0.010437938,0.009940415,0.012807428,0.005981794,0.013047346,0.0061593917,0.01108596,0.013734012,0.012498328,0.012217766,0.013346379,0.006646603,0.0092019,0.011258267,0.014679136,0.013246557,0.0134425685,0.013660371,0.008458483,0.016227737,0.015462618,0.0036370365,0.010176798,0.011618501,0.00852937,0.004949554,0.012187244,0.0024599046,0.011512083,2.431245e-05,0.0,2.7550965e-05,0.016348392,0.015028649,0.008481603,0.011068256,0.00914254,0.015905648,0.012466841,0.005956681,0.0043434477,2.7410131e-05,2.2710608e-05,0.0144676315,0.0023749082,0.008482673,0.015250384,0.011967615,2.2484666e-05,0.013651797,0.0024116293,0.013368283,0.009591788,0.014480796,0.014973136,0.013487549,0.015834538,0.0065372945,0.013061965,0.00083439983,0.010800633,0.00893071,0.012102949,0.010260707,0.009018498,0.014694134,0.013456326,0.005305709,2.6335007e-05,0.007987821,0.015875315,0.015433205,0.012859837,0.0071707186,0.007490459,0.0062084324,0.013783861,0.0143619245,0.017130569,0.010552032,0.01004339,0.0058469037,0.010180157,0.011929829,0.014639177,0.009376388,0.011326284,0.0048651733,0.014642258,0.014287843,2.3137287e-05,0.0128160715,0.0059646177,0.012908979,0.004916587,0.0072441916,0.011116578,0.010661691,0.0131510105,2.1053123e-05,0.006742519,0.004669809,0.0059133326,0.0132337315,0.008123256,2.5395779e-05,0.008224031,0.001652079,0.02342111,2.3622764e-05
-8.530952e-06,-8.312426e-07,6.2616064e-06,5.707067e-06,1.2985437e-05,9.549567e-06,1.2563903e-06,0.0020109902,1.6001299e-05,1.7771325e-05,0.004181337,1.1599088e-05,-7.943497e-07,1.2465076e-05,0.009131232,0.0017771736,0.0052491073,0.005264352,-8.479036e-06,0.013031819,0.009505561,1.0455577e-05,-3.1530078e-06,-1.1635314e-06,7.750896e-06,8.3502476e-07,1.1817481e-05,-1.0494379e-05,4.7092713e-06,-1.8013561e-05,0.00652852,0.0,0.013251304,0.008069409,-5.6838417e-06,6.489714e-07,2.651782e-06,0.019460829,4.4775056e-06,4.878153e-06,-3.9157194e-06,1.1004448e-06,-6.696819e-06,0.0085001895,-1.2805091e-05,6.246618e-06,0.0091108745,1.45188005e-05,-1.0504839e-05,0.007234166,3.9801957e-06,0.0027276676,-2.1766834e-06,0.007886519,0.011919178,0.003749348,0.012196011,-9.074163e-06,0.0020213241,-1.37469315e-05,9.14732e-06,-3.3398896e-06,8.026615e-06,-3.3097203e-06,-1.0313869e-05,0.011070079,0.004063344,3.8777384e-06,6.9295074e-06,-1.3318634e-06,0.018468486,0.013280696,1.6159167e-05,1.1905872e-05,-1.0503091e-05,8.524793e-06,0.002250719,0.007643515,0.023483584,3.999436e-06,2.490041e-06,-9.733358e-06,1.8306432e-07,1.5268657e-05,0.01049973,1.1729022e-05,-3.2591481e-06,1.460046e-06,0.009008229,0.00478205,-7.960761e-06,3.2585692e-06,-1.3838796e-05,0.0006533582,1.1675096e-06,-5.5647973e-07,3.7080936e-06,8.22356e-06,0.0026360957,6.3240122e-06,-5.8984833e-06,-1.1534542e-05,-2.3075463e-06,1.256031e-05,-5.487878e-06,-1.7327684e-05,1.1683743e-05,-9.47764e-06,0.025804028,2.4159297e-06
0.013136166,0.012660185,0.016082669,0.0088065285,0.016228303,0.008575808,0.013849394,0.016951524,0.015588733,0.015235424,0.016934406,0.009248649,0.012439665,0.013823758,0.01868924,0.016383085,0.017051142,0.017121792,0.011175202,0.020760506,0.019529305,0.0063894554,0.01267308,0.014487263,0.011112089,0.008178434,0.014785865,0.0051241596,0.0142466705,9.959639e-06,0.0189515,0.002454611,0.0,0.018683497,0.011255212,0.013745321,0.01155733,0.021419896,0.015694628,0.008449216,0.00749623,0.002046357,5.4987986e-06,0.018678894,0.0049889223,0.011299595,0.01908955,0.01454268,9.671637e-06,0.017597616,0.005113574,0.016773148,0.012374211,0.018268703,0.019495582,0.016914167,0.020226683,0.009023954,0.016478209,0.0037843247,0.013398422,0.011618036,0.014991712,0.012794544,0.011482002,0.019393297,0.016899392,0.007908183,9.404797e-06,0.010542556,0.021423234,0.020076942,0.015628384,0.010085634,0.0100807715,0.008730928,0.016799252,0.018298313,0.023220215,0.013110793,0.012665171,0.0083975,0.012633843,0.015046565,0.018718507,0.012149393,0.014054796,0.007579817,0.018840767,0.017555855,9.294407e-06,0.015802583,0.008420897,0.016112553,0.007348315,0.009715294,0.013984534,0.013625081,0.016261926,5.3315757e-06,0.0093482435,0.0071127675,0.008341675,0.015948497,0.010950396,1.1099055e-05,0.010487742,0.0041811517,0.027310902,8.73396e-06
0.011156134,0.010762012,0.01372715,0.006797843,0.014080645,0.0066781114,0.011962245,0.014537163,0.013525153,0.013086079,0.01430932,0.007204922,0.010086965,0.01189556,0.015690962,0.014361744,0.014662637,0.0147098545,0.009114079,0.016975954,0.016212134,0.0041216817,0.010840521,0.012488993,0.008987207,0.0053095575,0.012885701,0.0027698958,0.012466893,8.206037e-06,0.016114235,1.2002266e-05,0.01717619,0.0,0.009241575,0.011880319,0.009691745,0.017059136,0.013420849,0.0063807806,0.004806367,9.784398e-06,3.783066e-06,0.015513598,0.0026305162,0.00919427,0.016094187,0.012635955,9.001826e-06,0.014931273,0.0028788482,0.014337461,0.010594119,0.015424722,0.016149966,0.014509506,0.016478226,0.0070603215,0.014278056,0.0013271191,0.011682054,0.009673434,0.013139902,0.010797675,0.009713293,0.01583191,0.014609647,0.005849626,1.0194235e-05,0.008688418,0.01670719,0.016439348,0.013602758,0.007902128,0.007933465,0.006876796,0.0144434385,0.015117511,0.017547267,0.011384519,0.01082916,0.0063665733,0.010810136,0.01295058,0.015637446,0.010200648,0.012164549,0.0053006,0.015347306,0.014990595,5.162404e-06,0.013705519,0.0063246773,0.014004098,0.00544124,0.007732711,0.011911133,0.011612037,0.01424171,7.4376075e-08,0.00732897,0.004987134,0.006420343,0.013888767,0.008791128,7.29508e-06,0.0086954115,0.0019751475,0.020190263,5.753564e-06
0.0058640856,0.005688927,0.008448031,0.00094978476,0.008438572,9.640741e-06,0.0073470767,0.009146534,0.008644762,0.008133294,0.009592583,0.0012046397,0.007254253,0.006082287,0.010538416,0.00943492,0.010259564,0.010351126,0.0035501402,0.010651427,0.010382199,1.3565563e-05,0.0050645783,0.0077728154,0.003754077,1.4330734e-05,0.007389858,6.6422676e-06,0.007699295,2.6456405e-07,0.01039445,9.481994e-06,0.011271776,0.010727157,0.0,0.0061165327,0.0037039611,0.011282505,0.008577614,1.1842328e-05,0.0004733954,1.3690107e-05,1.351636e-06,0.01036862,1.3968473e-05,0.004393381,0.010851317,0.007538572,-8.770798e-07,0.010136579,9.822576e-06,0.009596387,0.006045286,0.010304105,0.010652989,0.009813691,0.010202435,0.00019306038,0.009656568,1.03679695e-05,0.0065184035,0.005238224,0.0086021675,0.0052371663,0.004136471,0.010110522,0.009988429,9.3301405e-06,3.2160153e-06,0.0025239538,0.010774387,0.010403492,0.008060352,0.0036421008,0.0024949557,9.436289e-06,0.009476725,0.009123807,0.01194294,0.0061078183,0.005023692,0.0007787218,0.004692278,0.008456504,0.010957341,0.005113462,0.0069510248,1.4084608e-05,0.009668026,0.009885962,1.0663206e-06,0.00884796,1.0540737e-05,0.0090057,1.3341556e-05,0.0011862863,0.007580146,0.007391052,0.0094904555,1.4158161e-06,0.0013210884,1.1752017e-05,1.4517674e-05,0.0084740855,0.004197403,5.2614027e-06,0.0018673792,5.031342e-06,0.017305303,-6.862132e-07
0.0067882678,0.0065569114,0.009255755,0.0020977086,0.009458429,0.0024144044,0.0076716896,0.009937571,0.008934616,0.008417424,0.009602471,0.0025232837,0.0051835547,0.007841383,0.010673341,0.0097497655,0.009859368,0.009932791,0.0044976454,0.010997871,0.010639466,-1.4618444e-06,0.0064317365,0.008274714,0.003968103,2.8700626e-06,0.007881752,-4.031505e-06,0.008087147,-1.9061737e-06,0.0105644455,-3.6933427e-06,0.011106218,0.010958228,0.004366704,0.0,0.0056201518,0.010860917,0.008846154,0.0017315439,9.42326e-06,-2.9373355e-06,-3.0580077e-06,0.010433711,-3.2435555e-06,0.004617869,0.0108096115,0.008629698,-7.0370806e-06,0.009996409,-4.8696056e-06,0.009760102,0.0062804758,0.010566919,0.010771416,0.009906616,0.010849023,0.0027666553,0.009545892,-3.5710227e-06,0.0071940077,0.0052138553,0.00874817,0.0065901647,0.0051713944,0.01032145,0.009807163,0.0013866094,-2.6449243e-06,0.004045545,0.010574275,0.010752331,0.009407454,0.0036792015,0.0029670296,0.0023351281,0.010098333,0.010017556,0.0110348,0.007512812,0.006896348,0.0013160191,0.006819525,0.008537424,0.010558898,0.0061838636,0.008194183,-8.761554e-07,0.0101513285,0.010444342,-2.6616437e-06,0.009230608,0.001615554,0.009181538,0.0009033099,0.0036605424,0.007063689,0.0069335313,0.009336607,-7.628642e-06,0.002676099,5.748841e-06,0.0020437858,0.00950661,0.0037840817,-5.254569e-06,0.0045734355,-3.341166e-06,0.01563755,-1.607883e-06
0.005330133,0.0050203395,0.008040084,1.9430185e-05,0.008084048,3.8671864e-05,0.0065268883,0.008716659,0.007947894,0.0073292335,0.008748389,0.00064174156,0.004448506,0.006038581,0.009926465,0.008798906,0.009188855,0.009097612,0.0029909052,0.010561262,0.0098217195,1.1880367e-05,0.004932958,0.007193032,0.0027115508,1.8601071e-05,0.0068681827,8.135559e-06,0.006779811,7.670235e-06,0.009965105,8.962518e-06,0.010731562,0.010317559,0.0029314465,0.006128997,0.0,0.0102330195,0.007798354,1.4695669e-05,1.6512882e-05,1.3191352e-05,1.166819e-06,0.0098313,6.676733e-06,0.0033327471,0.0101582715,0.0071463543,3.8933995e-06,0.0094100125,7.906529e-06,0.008814112,0.005090959,0.009812797,0.010266976,0.0089616245,0.010094285,0.0006797238,0.008756058,1.3035948e-05,0.0060088956,0.0040438995,0.00795509,0.0050185854,0.0037045586,0.009830869,0.009154321,1.6642603e-05,1.1925387e-05,0.0023214829,0.009924687,0.010131928,0.007818291,0.0018958714,0.0013653868,1.6205107e-05,0.0089097945,0.009109913,0.010800525,0.005983406,0.0049379184,1.8300085e-05,0.004915723,0.007520815,0.010113662,0.0043830825,0.006737217,1.12448215e-05,0.009143408,0.009449323,9.833139e-06,0.008193852,1.3358762e-05,0.008345162,1.7338498e-05,0.0015070791,0.006091687,0.0058558877,0.008629199,3.71279e-06,0.0006333921,1.5489735e-05,1.8342464e-05,0.008248806,0.0027531418,8.822189e-06,0.0025267652,9.6264985e-06,0.015483054,4.4035337e-06
0.018439457,0.018010886,0.021453826,0.013863868,0.02110976,0.013603542,0.019053565,0.02236094,0.021148939,0.020640258,0.022645619,0.01449283,0.018047493,0.018996714,0.024347177,0.02197743,0.022708576,0.02284469,0.016062241,0.025849199,0.02451028,0.011306217,0.017678138,0.019754497,0.016199956,0.013343536,0.019832315,0.010109348,0.019472575,0.0033266526,0.023836184,0.007636814,0.025857233,0.023769656,0.016483927,0.01892271,0.016555063,0.0,0.02140373,0.013516694,0.01294671,0.0072989915,6.530288e-06,0.024305204,0.010126739,0.01647909,0.024228973,0.019693267,0.0009305319,0.023425877,0.010202208,0.022091964,0.017634058,0.023832053,0.025164356,0.022422453,0.025636248,0.013865729,0.021817721,0.008782877,0.018349562,0.017088592,0.020234985,0.017866658,0.016484099,0.025215762,0.02235144,0.012673709,0.004409765,0.015501735,0.028344026,0.026010305,0.0209655,0.015637033,0.015149573,0.0137090525,0.02210829,0.024063677,0.032128386,0.018315598,0.017748155,0.013638018,0.017507426,0.02047231,0.02449121,0.017611973,0.019082611,0.012591107,0.024677385,0.022877539,0.0044277282,0.02099134,0.01276827,0.021265294,0.012289904,0.014815514,0.019451514,0.01911338,0.021772273,7.767863e-08,0.014347108,0.0120379105,0.01318615,0.021258142,0.016267292,0.0043610004,0.015430645,0.00874143,0.031066831,0.0029069572
0.009208552,0.009009424,0.011616438,0.0047726166,0.011735276,0.0043601636,0.010131807,0.012197541,0.011564324,0.01109375,0.012205101,0.004970565,0.008602135,0.009928385,0.013340092,0.012252916,0.01268853,0.012816727,0.0071334834,0.013321321,0.013045256,0.0013219632,0.008781483,0.010672497,0.006882044,0.0018703775,0.0106752785,1.1199556e-05,0.010525964,2.7891574e-06,0.012931677,9.96921e-06,0.013516352,0.013507338,0.0071520116,0.009851425,0.007728146,0.013469969,0.0,0.0042011496,0.0026782295,1.2101108e-05,3.384796e-07,0.013255538,7.1231334e-06,0.007448355,0.013273939,0.01080371,4.9833707e-06,0.012718589,1.0262234e-05,0.012407585,0.008814754,0.013100652,0.013388879,0.012437733,0.012949494,0.0046069347,0.012274755,8.316733e-06,0.00965506,0.008062553,0.011466218,0.008977459,0.007710942,0.0131721385,0.012616487,0.003221886,4.6661553e-06,0.006385403,0.01315945,0.013268443,0.011302569,0.006298941,0.0056590764,0.004261502,0.01254748,0.012393602,0.013650818,0.009609385,0.0090444535,0.0040543256,0.008689434,0.011208515,0.013284302,0.008505014,0.0102897985,0.002231118,0.012562553,0.012664847,7.632493e-06,0.0118254265,0.0029361583,0.011887973,0.003104997,0.0056028846,0.010029714,0.009846709,0.01213032,3.5138596e-06,0.005174706,0.0022336817,0.004030992,0.011743441,0.006774302,4.2865436e-06,0.006534887,7.579121e-06,0.017215574,6.77597e-06
0.0026153878,0.0022870072,0.006242535,1.6544804e-05,0.006091973,1.2114568e-05,0.0042866776,0.0072790324,0.006216492,0.005422331,0.007595046,1.377032e-05,0.002968818,0.0034329682,0.009482521,0.0071868375,0.008407927,0.008346355,2.4216319e-05,0.010404929,0.009351114,8.297887e-06,0.0018460721,0.00498452,1.7936352e-05,1.51048425e-05,0.0047985087,6.973161e-06,0.004636357,2.7560031e-06,0.008981346,1.02187105e-05,0.010642081,0.009378063,0.00028482339,0.0032649927,0.0003197277,0.0118510565,0.006246763,0.0,1.4352864e-05,1.4313606e-05,1.9269378e-06,0.009199544,1.1879666e-05,0.0004437677,0.009606371,0.0048124134,1.6472076e-06,0.008655649,1.49664575e-05,0.0074702026,0.002748275,0.009150288,0.010190593,0.007661026,0.009905193,1.6237505e-05,0.007312146,6.585051e-06,0.0033606084,0.0014298349,0.0061651906,0.0021337657,0.000683312,0.00959442,0.008085128,7.2557523e-06,1.2541982e-05,1.3713935e-05,0.011551002,0.010321414,0.005728865,1.5992491e-05,1.8310575e-05,1.3549393e-05,0.007529752,0.008561158,0.012363236,0.0031620702,0.0018657567,1.28809015e-05,0.001608648,0.005792914,0.009886194,0.0016379489,0.0041985097,1.7259496e-05,0.008791151,0.008294189,2.0525746e-07,0.006484181,8.56626e-06,0.006642579,9.448562e-06,1.1664391e-05,0.0040223855,0.003974997,0.0073496467,-4.607448e-07,1.46356515e-05,9.161754e-06,1.16318215e-05,0.0062367595,1.6338827e-05,1.0942097e-05,1.3774621e-05,4.008777e-06,0.016869647,5.019991e-06
0.0022670683,0.0018097803,0.00651026,1.1861553e-05,0.0061989524,1.1229167e-05,0.00450369,0.007553617,0.0068481276,0.0058010197,0.0085421065,1.8101618e-05,0.0066480706,0.0024819693,0.010450896,0.0077996934,0.009460323,0.009596371,3.0418612e-05,0.011834631,0.010418133,1.302803e-05,0.00089797634,0.0051576723,3.56421e-05,1.764151e-05,0.0044606645,1.6081136e-05,0.004989609,5.10044e-08,0.009924755,1.1423286e-05,0.012123263,0.010353399,0.0012289268,0.0022346468,2.9697969e-05,0.014193928,0.006732059,1.9184608e-05,0.0,1.7221575e-05,-1.6373237e-06,0.0101212775,1.3910657e-05,0.0005690339,0.010605034,0.0044678617,3.999288e-06,0.009868615,1.6167256e-05,0.008118525,0.0030013265,0.00995356,0.011592587,0.008535173,0.011498709,1.6738177e-05,0.008223036,1.4764844e-05,0.0028924758,0.0020455178,0.006453262,0.00121033,2.6702874e-05,0.010855172,0.00906988,1.3519566e-05,1.0974419e-06,2.651777e-05,0.013661591,0.011859814,0.005696548,0.00034118554,2.7792483e-05,1.23041045e-05,0.007876491,0.009540464,0.015538687,0.0023223183,0.00052215706,2.2359794e-05,7.235611e-05,0.0063876878,0.01124455,0.0012292317,0.0033349495,1.8760029e-05,0.009962229,0.008819966,-2.555939e-06,0.0068248757,1.066678e-05,0.0071883234,1.15254925e-05,1.7485303e-05,0.005570975,0.0051776175,0.008335552,5.597995e-06,1.9693838e-05,1.62313e-05,1.9511197e-05,0.0062297517,0.0007832172,9.130997e-06,1.730471e-05,8.900203e-06,0.023247603,1.1673388e-05
-4.7290127e-05,-3.778889e-05,0.0021640076,-4.4570672e-05,0.0015796002,-3.1920787e-05,-4.638923e-05,0.004056951,0.002311187,0.00069753797,0.005538962,-3.6072364e-05,-3.4045297e-05,-4.38531e-05,0.009201432,0.0039313687,0.0063193254,0.0064208754,-3.8013117e-05,0.012228593,0.009490138,-2.710003e-05,-3.6818077e-05,-3.5207824e-05,-3.882955e-05,-4.0577674e-05,-3.5514087e-05,-4.1648487e-05,-3.789168e-05,-3.5459285e-05,0.00752889,-3.5175475e-05,0.012438981,0.0086228065,-4.2107516e-05,-4.868663e-05,-3.534615e-05,0.016845884,0.0024190485,-3.9138376e-05,-4.499878e-05,0.0,-3.65086e-05,0.008692254,-2.9861952e-05,-3.5744455e-05,0.009240836,-4.8992686e-05,-3.56774e-05,0.0076296874,-4.154421e-05,0.0045372425,-3.8128193e-05,0.008392685,0.011281629,0.005189362,0.011584823,-2.892499e-05,0.004134667,-3.0289215e-05,-4.3089058e-05,-3.9608974e-05,0.001165755,-3.2935117e-05,-4.029469e-05,0.010434374,0.005413711,-3.4038487e-05,-2.7494456e-05,-3.8774495e-05,0.016245045,0.012340954,0.0007679424,-3.788513e-05,-3.7171776e-05,-4.408978e-05,0.004336571,0.008206539,0.020303525,-4.8398575e-05,-3.7097077e-05,-3.149975e-05,-4.4668384e-05,0.00082831486,0.010236641,-4.65421e-05,-4.6891564e-05,-3.752445e-05,0.009325982,0.0061842585,-1.8018565e-05,0.0020036912,-2.4632804e-05,0.002902609,-2.6736592e-05,-4.446749e-05,-3.923935e-05,-3.1089516e-05,0.004327973,-2.7733964e-05,-3.6061323e-05,-3.0316345e-05,-2.8465212e-05,0.0015534753,-4.1657713e-05,-3.3524462e-05,-3.232089e-05,-3.4412817e-05,0.025341269,-2.6518203e-05
1.2971698e-05,1.1687299e-05,2.0641532e-05,9.466272e-06,2.8624947e-05,1.1298232e-05,-1.8983627e-06,4.630897e-06,3.446667e-05,3.246268e-05,3.311061e-05,6.558283e-06,-4.138114e-06,1.3410023e-05,1.9931786e-05,3.4239976e-05,4.3170563e-05,7.138699e-06,1.3757413e-05,0.009645925,4.315092e-05,2.1596363e-05,2.6422764e-05,2.0354368e-05,3.9771367e-06,5.260986e-07,2.5980647e-05,-4.3730633e-06,-1.5414101e-06,4.7123644e-06,2.4300285e-05,1.0583455e-05,0.009446005,8.157292e-06,-8.833363e-06,2.0709673e-05,2.1194575e-05,0.030131897,3.289443e-05,2.1172742e-05,6.3298744e-06,-1.264836e-05,0.0,5.2519055e-05,3.852688e-06,-7.7488585e-06,2.7228203e-05,1.4583597e-05,-1.5137566e-05,3.7257527e-05,9.434422e-06,2.0349124e-05,-7.768822e-06,2.377501e-05,0.0055021336,3.235224e-05,0.005427421,-9.533763e-06,8.471525e-06,1.38439955e-05,9.584309e-06,1.8335151e-05,1.0747757e-05,2.8789405e-05,-2.50163e-06,0.0039786315,1.8832963e-05,2.1857402e-05,2.1034106e-05,1.5321533e-05,0.026945136,0.010777358,3.3820168e-05,6.2236154e-06,7.5539074e-06,1.3513867e-05,2.5460915e-05,1.0469433e-05,0.041355427,3.4905315e-07,1.9911324e-05,1.6821696e-05,1.38228215e-05,2.478038e-06,0.0008681525,-5.040697e-06,1.5337067e-05,2.3769137e-05,1.5172414e-05,4.0744322e-05,6.8198337e-06,-3.8274497e-06,-1.1313866e-05,2.6947619e-05,1.4727804e-05,2.022406e-05,6.6461093e-06,6.566005e-06,1.3371967e-05,1.0723841e-05,-8.972792e-06,2.7032854e-06,-5.5146256e-06,1.6651815e-05,-6.5459317e-06,-1.118035e-05,-6.0628167e-06,2.2509681e-05,0.026663195,4.1901053e-06
0.011407331,0.011140105,0.014172196,0.0069543724,0.014173804,0.006693668,0.012155193,0.01511274,0.013887232,0.013368956,0.014930889,0.0072468687,0.0106088575,0.012142755,0.016807955,0.014753708,0.015295152,0.015339779,0.009140974,0.017294785,0.016636508,0.00398283,0.01078885,0.012883554,0.009207984,0.0054276274,0.0128419595,0.0027434207,0.01270023,5.6294703e-06,0.01601203,9.194513e-06,0.017552761,0.016293136,0.009389327,0.0120662395,0.009642429,0.018399628,0.013991542,0.006475139,0.0052207042,7.2489293e-06,4.4190087e-06,0.0,0.0025360985,0.009391404,0.016321655,0.012869931,6.5193456e-07,0.015936185,0.0027393454,0.014864946,0.01071274,0.016552977,0.01712807,0.015102053,0.017248817,0.007026584,0.014567693,0.0013395116,0.0115876235,0.009889827,0.013324029,0.010899875,0.00976497,0.016913984,0.015133162,0.0055923415,6.6701546e-06,0.008569975,0.018219456,0.017604861,0.013842908,0.008346006,0.007954551,0.006747095,0.015025776,0.0164211,0.01922298,0.011615851,0.010958477,0.006443101,0.010860497,0.013412501,0.016708538,0.010621293,0.012426127,0.005170854,0.016839834,0.01569674,1.1458419e-06,0.014085661,0.0056718825,0.014002196,0.005374948,0.007922662,0.01232186,0.011947056,0.014503501,-6.486518e-08,0.007481268,0.0049142777,0.0063903723,0.013983767,0.008958275,6.5033983e-06,0.008583598,0.0015557637,0.021120742,2.9740045e-06
5.121274e-06,-8.732698e-06,0.0031958455,-3.7371165e-06,0.002687233,1.6250051e-06,4.441472e-06,0.004593026,0.0030363896,0.0019272335,0.0056110495,-6.30817e-06,-3.1166817e-07,5.641489e-06,0.009171735,0.004603135,0.006422516,0.006457897,2.7643955e-06,0.011537777,0.009226396,-9.059413e-06,-3.5415835e-06,0.00081306597,8.412142e-06,-1.1431022e-05,0.00019026808,6.884069e-08,0.00018384864,-1.6114282e-05,0.00742804,-7.988853e-06,0.011734168,0.008270511,3.9563342e-06,-1.068348e-06,-1.2525185e-05,0.015173423,0.0032342402,-8.679443e-06,4.640562e-06,4.7346834e-06,-9.170898e-06,0.008314125,0.0,9.132092e-07,0.008799604,0.00041773493,2.0276404e-06,0.007475509,4.6918162e-06,0.004988889,2.5871168e-06,0.007925742,0.010801915,0.0055454797,0.010324379,-3.7118994e-06,0.0045716814,-7.940536e-06,9.083218e-06,-5.5794803e-06,0.0024386155,-9.172668e-06,-1.3298553e-07,0.01011116,0.005817972,1.7108074e-06,3.2944243e-07,2.5605218e-06,0.014475267,0.011103528,0.0020286632,4.43905e-06,2.9870548e-06,2.0988616e-06,0.0049147536,0.00750138,0.017256178,3.7271207e-07,-4.810404e-06,-1.2878451e-06,-8.901957e-06,0.0020773057,0.00999247,4.2205797e-06,-2.390874e-06,-1.4776476e-05,0.008136031,0.0061483504,-6.1401875e-06,0.0029723232,-1.1147029e-05,0.0036929308,-7.650571e-06,3.8005078e-06,-4.631528e-07,-2.2153743e-06,0.00479014,8.1101456e-07,-3.6094978e-06,-1.3194472e-05,-1.352181e-05,0.0026922096,-2.002547e-06,-1.8284856e-05,-1.0395117e-06,3.540694e-06,0.020153647,-1.5145917e-05
0.0056310347,0.0054939,0.008378419,0.0006241889,0.008308772,9.446051e-06,0.0070929006,0.008959154,0.008436378,0.007889785,0.009360841,0.0010289787,0.006437068,0.0062116454,0.010401361,0.009286065,0.0100581795,0.009966676,0.0033430706,0.010863659,0.010197063,1.1975062e-05,0.0050495462,0.007544134,0.0033992322,1.4307888e-05,0.00730343,1.1501127e-05,0.0074098567,7.670432e-06,0.010163857,9.865648e-06,0.0110519705,0.010703801,0.004089,0.0059904642,0.0037023372,0.010936335,0.008484713,1.2487037e-05,1.5812935e-05,7.785105e-06,8.793151e-06,0.0103343455,4.977424e-06,0.0,0.010638301,0.0073516453,9.585882e-06,0.009924939,1.1963176e-05,0.009324528,0.005878347,0.0101585295,0.010822022,0.009577534,0.010338683,0.0003335578,0.009334838,1.0879613e-05,0.0063977023,0.0049177017,0.008576844,0.0052605052,0.0040075863,0.010391819,0.009712788,1.13369915e-05,1.0711869e-05,0.002459301,0.010662396,0.0107285585,0.008026782,0.002976502,0.0022389176,1.5445366e-05,0.009259585,0.009391787,0.011673779,0.00599805,0.005011776,0.0005962104,0.004700851,0.008269945,0.010775612,0.004917683,0.0068351617,1.3136752e-05,0.009543755,0.009628112,7.327682e-06,0.00871014,5.7150774e-06,0.008779042,1.2145834e-05,0.0013270093,0.007062975,0.006941384,0.0092486795,-6.691025e-06,0.0010589684,1.2650364e-05,1.6625747e-05,0.008518087,0.0035875177,4.1328203e-06,0.0019735896,9.359555e-06,0.016319366,3.1684513e-06
0.0116861155,0.011144988,0.01415889,0.0070536896,0.014415989,0.0070568146,0.012319035,0.014975757,0.014059521,0.013571551,0.014899335,0.0075825835,0.010717445,0.012270156,0.016367823,0.014746243,0.015174872,0.015336698,0.009563627,0.01797884,0.017096965,0.0043952256,0.011105825,0.012998801,0.009531625,0.0058848793,0.013400181,0.003158061,0.012875976,9.3848585e-06,0.01675751,0.00022228813,0.018105496,0.016700478,0.009553461,0.012264911,0.010152061,0.018202089,0.013958731,0.0068918224,0.0053915125,1.420266e-05,5.687545e-06,0.016232105,0.0030576142,0.009693205,0.0,0.013150023,9.776835e-06,0.015690913,0.0031973624,0.014864126,0.010913466,0.01622819,0.016969072,0.015137356,0.017290708,0.0073685907,0.014834563,0.0015714202,0.012060997,0.0100433715,0.013680916,0.011240546,0.010101031,0.016645301,0.015055238,0.0061689406,8.893242e-06,0.00892964,0.017750144,0.017344955,0.013992123,0.008273055,0.008438939,0.007024946,0.014982432,0.015686871,0.01880516,0.011672211,0.011254034,0.0067530544,0.011120516,0.013504275,0.016497746,0.010700697,0.01251731,0.005565062,0.016191103,0.01555748,7.1939085e-06,0.01408828,0.0066905636,0.014397366,0.0058158985,0.008110032,0.012345541,0.012160042,0.014821856,6.6671214e-06,0.007668837,0.0055153104,0.0068297316,0.014361155,0.009109471,7.831422e-06,0.009067303,0.0022862,0.021648634,5.1071106e-06
0.0077753924,0.007551455,0.010085513,0.003221038,0.010298817,0.0031813246,0.00867643,0.010816598,0.009833728,0.00946257,0.01035298,0.0034018797,0.0063360436,0.008634039,0.011398957,0.010597495,0.010792088,0.010804883,0.0056296126,0.011572649,0.011421313,6.958247e-05,0.007339334,0.009073575,0.00516624,1.3679475e-05,0.008990562,7.794198e-06,0.009015872,2.0798252e-06,0.011402072,1.19351835e-05,0.011767335,0.011664855,0.005398292,0.008505296,0.00641186,0.011449573,0.009718187,0.0026881217,0.0007130156,6.351972e-06,2.0524021e-06,0.011312461,7.983673e-06,0.005582083,0.0116031915,0.0,-5.293547e-07,0.010985438,1.00138095e-05,0.010526623,0.007282319,0.011447456,0.01140623,0.010678916,0.011371885,0.0034722337,0.010355236,5.5888872e-06,0.007979948,0.0062892525,0.009645189,0.007578538,0.0062848167,0.011016456,0.010593879,0.0022248267,7.1918766e-06,0.0050560213,0.011210645,0.011417756,0.010078322,0.0046351813,0.004079743,0.0031560499,0.010876414,0.010882476,0.011766068,0.008257028,0.007643755,0.0025881662,0.007488882,0.00948636,0.011343148,0.0070772553,0.009018894,0.0008571594,0.010958805,0.011333286,2.8220015e-06,0.0100072455,0.002073379,0.010019709,0.001710612,0.004358729,0.008181236,0.008051437,0.010200026,1.0344799e-06,0.0035984614,0.0010079921,0.002810285,0.0103028985,0.004996171,5.4975303e-06,0.005439378,5.6649683e-06,0.015963074,-2.62705e-08
3.1903414e-07,-6.019439e-06,8.276018e-06,7.7544723e-07,-1.6037255e-05,-7.2114026e-06,-8.1740376e-07,1.2758302e-05,-1.7581906e-05,-5.2835105e-07,2.491094e-05,-2.4792122e-05,-1.2345929e-05,6.777399e-06,0.0028071266,-1.6321648e-05,4.1908656e-06,1.6024364e-05,1.0221461e-05,0.012172557,0.003721143,-1.9539348e-05,1.0240688e-05,1.2332152e-05,-1.6830681e-05,1.4888161e-06,-1.632023e-05,4.875191e-06,-1.1323748e-06,-1.2722653e-05,2.0087582e-05,-2.1344244e-05,0.012150031,3.141024e-05,-2.5045289e-05,6.468091e-08,-4.930247e-06,0.02730446,-1.613866e-05,-2.4563766e-05,-2.396408e-05,1.0471927e-05,2.8349061e-06,0.0013656182,4.2101615e-06,8.548218e-06,0.0026018713,-2.6461333e-07,0.0,2.4684106e-05,-1.4305381e-05,-7.9328663e-07,9.502873e-06,3.1720687e-05,0.00919718,8.391514e-06,0.009194905,-9.917103e-06,1.2855005e-05,4.567389e-06,-1.3697873e-07,7.861833e-06,-1.624745e-06,7.1274217e-06,-1.1045058e-05,0.007874747,1.0522051e-05,-4.221792e-06,-1.1528564e-05,5.940789e-06,0.024964022,0.013001419,-4.842807e-06,4.3781056e-06,-3.3056012e-06,3.932527e-06,9.791532e-06,2.9160978e-05,0.0358847,-5.060047e-06,-2.306965e-05,-1.6753538e-05,-3.1546513e-06,-2.0245448e-05,0.0057908837,9.62084e-06,-2.4992733e-05,-2.4114926e-05,0.0018558188,1.4414767e-05,-8.631242e-06,4.0568375e-07,2.0964521e-06,-1.2049379e-05,-1.836057e-05,-8.822622e-06,-1.47595065e-05,9.284364e-06,1.0132548e-05,-4.3377854e-06,-1.873015e-05,7.586176e-06,-2.5877629e-05,3.3060462e-06,-2.2389268e-05,-2.2567652e-05,-2.3775287e-05,-8.083612e-07,0.0281308,-1.7228822e-05
0.011084987,0.011018706,0.013742493,0.0069177956,0.013659794,0.006413723,0.012233673,0.014484186,0.013717378,0.013246912,0.014477049,0.006995116,0.011145079,0.011736769,0.016192697,0.014426741,0.015069598,0.015031214,0.008801307,0.016496,0.01592126,0.0038693848,0.0104674185,0.012707452,0.008865163,0.0047172867,0.012522402,0.0017735801,0.012570063,5.790497e-06,0.014967493,1.2961372e-05,0.016660234,0.015747568,0.00933458,0.011562656,0.009224675,0.017520538,0.013695826,0.0061497707,0.005369597,1.26849745e-05,3.027031e-06,0.015906056,0.002156436,0.009431401,0.015668817,0.012684433,8.034432e-06,0.0,0.0024450943,0.014444491,0.010941122,0.015816966,0.016384263,0.01466092,0.016200097,0.0066613876,0.014446555,0.000885987,0.011285712,0.010084171,0.013292121,0.010672126,0.009539553,0.016105909,0.014853896,0.005183274,8.55438e-06,0.008374575,0.017236032,0.016718104,0.013348824,0.008418458,0.007894333,0.0064116814,0.014554404,0.01548961,0.017898606,0.0114583615,0.010777231,0.0063646976,0.010525173,0.013329031,0.016201934,0.010541673,0.012211607,0.004688895,0.015815806,0.0150404945,1.0520932e-05,0.013875799,0.0045886436,0.01372453,0.0051287976,0.0075877807,0.012134757,0.011888923,0.014226791,3.0932251e-06,0.007256195,0.0045282617,0.006170444,0.013585032,0.0087029,7.848993e-06,0.008295136,0.0008520931,0.019472897,6.0284647e-06
2.1241185e-05,5.5737187e-06,0.003396526,-4.5139727e-06,0.0028891908,3.299364e-06,1.9822503e-05,0.0051737726,0.0034390234,0.002272864,0.006104662,5.8974933e-06,2.8832299e-05,2.0111765e-05,0.00926979,0.005018462,0.0070480146,0.006953189,2.2300167e-06,0.011521906,0.009295883,-1.5040214e-07,1.292101e-05,0.0011084597,9.997559e-06,-1.7407345e-06,0.0009372636,-1.17565805e-05,0.00056031917,5.627612e-06,0.007935523,-2.3342766e-06,0.011709325,0.008780244,2.7775607e-06,1.7575272e-05,1.324932e-05,0.015045002,0.003553406,-2.167473e-06,7.678668e-07,3.807242e-06,2.303284e-06,0.008847262,6.337572e-06,1.3997754e-05,0.009265438,0.00058915245,2.3533157e-06,0.007940497,0.0,0.0054838764,4.670977e-06,0.008505862,0.010976218,0.005938649,0.010966348,8.271104e-06,0.00508405,-1.0694208e-07,1.50476735e-05,1.201205e-05,0.002836131,1.0915767e-05,1.5032189e-05,0.010161665,0.0064017316,-1.7574245e-06,3.8413755e-06,-3.2337061e-06,0.014908864,0.011554958,0.0022906314,2.1674684e-06,9.2497737e-07,-2.9590358e-06,0.0053783804,0.008127859,0.017683724,3.4548773e-06,1.5505038e-05,1.0482929e-05,5.0148224e-06,0.002437525,0.010134434,1.6883628e-06,2.0030597e-05,9.426662e-06,0.009001287,0.0068445774,6.43625e-06,0.0035073978,5.7116445e-06,0.00415506,-8.5290885e-06,3.184494e-06,0.00021695631,2.6136668e-05,0.0053082453,4.647409e-06,9.99031e-06,-3.3087028e-06,2.7158724e-06,0.002923915,1.1536209e-05,6.6360803e-07,4.576521e-06,1.8239818e-06,0.022408312,-8.110692e-06
0.009901091,0.009614924,0.012310181,0.0055252905,0.012470012,0.005196686,0.010830724,0.012928399,0.012196457,0.01182587,0.013013087,0.0057478105,0.009125853,0.010529867,0.014010707,0.012965026,0.013339721,0.013467015,0.0078714965,0.014278812,0.013915108,0.0023644397,0.009525509,0.011466682,0.007511817,0.003024788,0.011273854,0.00069486076,0.011278825,3.4805637e-06,0.013801078,1.1934574e-05,0.014521647,0.014113925,0.007996605,0.010584384,0.008397136,0.014355269,0.012215258,0.0048657265,0.0034874722,1.1733573e-05,5.112691e-06,0.0138730975,0.00069342804,0.007979596,0.0140516665,0.011488835,3.549601e-06,0.01354322,0.00088162755,0.0,0.009440116,0.013703089,0.014209652,0.01318152,0.013855382,0.0055939807,0.012870504,8.779238e-06,0.010198445,0.008771224,0.012084629,0.009640053,0.008294407,0.013870557,0.013259427,0.004189008,3.7536968e-06,0.0071110437,0.014199337,0.01409134,0.012107581,0.006802082,0.0064419354,0.0051597473,0.013143148,0.013267086,0.014497916,0.010356716,0.009712095,0.0048860093,0.0094979005,0.011875199,0.014141754,0.0091183605,0.011037137,0.0032919124,0.01336085,0.013453892,8.0646905e-06,0.0124187805,0.0040612384,0.0124097,0.003930224,0.0064128744,0.010779674,0.010481767,0.012765091,8.4249234e-07,0.005935093,0.003270103,0.004944669,0.012349796,0.007544827,7.3835217e-06,0.0072920183,7.2664207e-06,0.017744383,6.386583e-06
0.0068356474,0.0067561264,0.008973179,0.0022230921,0.009065676,0.0015851106,0.008056333,0.009760778,0.0091833575,0.008698562,0.00986804,0.0024558487,0.007075358,0.0073002656,0.010757655,0.009810207,0.010517098,0.010540103,0.004566804,0.010822599,0.010394824,8.732929e-06,0.006194697,0.008515611,0.0044397404,1.24176295e-05,0.007957915,6.8658596e-06,0.00831499,3.113614e-06,0.010521015,1.36662065e-05,0.010988807,0.010956195,0.0050813584,0.0071349707,0.004996602,0.010776093,0.009123213,0.0013683382,0.00088615477,1.271905e-05,1.725987e-06,0.010628633,9.643538e-06,0.0051006842,0.010902927,0.008297357,4.4378007e-06,0.010389895,9.5225405e-06,0.009998096,0.0,0.01047611,0.011010509,0.010013421,0.010464136,0.0018926247,0.009926273,1.157214e-05,0.0073148776,0.00589802,0.009212515,0.0064077578,0.0052647707,0.010473784,0.010275896,0.0002313488,8.739716e-06,0.0038742188,0.010482072,0.0106404135,0.00882768,0.0042787404,0.0032736587,0.0014445811,0.010045195,0.009698804,0.0114319865,0.007102317,0.006234085,0.0017707682,0.0060132514,0.009076839,0.010874563,0.0062387707,0.007827152,9.303098e-06,0.009741111,0.010215536,2.1900316e-06,0.009315336,1.3209181e-05,0.00944426,0.00013186746,0.002910388,0.007848374,0.0077057914,0.009929278,6.365372e-07,0.002540856,9.583986e-06,0.0013267866,0.009107505,0.004679546,6.412868e-06,0.003691055,5.374619e-06,0.015726095,2.6608475e-06
0.010411249,0.010350172,0.013903412,0.0061396873,0.014008254,0.0058785086,0.011781134,0.014836655,0.013225337,0.012813311,0.014206898,0.0067796744,0.009537241,0.011705478,0.016129205,0.014111249,0.0144617185,0.014523662,0.00858698,0.016726835,0.016179811,0.003830823,0.0098152505,0.012187426,0.008204905,0.005084848,0.01217314,0.0023746083,0.012103783,4.7559756e-06,0.015443481,1.0002609e-05,0.016934982,0.015701426,0.008376893,0.011651157,0.008709851,0.017497169,0.013189547,0.005689966,0.0042142533,7.439562e-06,3.4252425e-06,0.015998079,0.0018732218,0.008858318,0.015728937,0.012463609,6.020484e-06,0.01509343,0.0020814587,0.014168096,0.010209191,0.0,0.01639376,0.014440429,0.01719668,0.0065798564,0.013864774,0.0005705853,0.010858506,0.008873445,0.012788433,0.010007585,0.008838496,0.016318507,0.01426925,0.0050397576,7.1157397e-06,0.007721781,0.017533122,0.016815078,0.013531559,0.0077784834,0.0074637732,0.006027213,0.0147157535,0.016499909,0.018524965,0.011159639,0.010197532,0.0054435465,0.010373392,0.012834867,0.015979446,0.010206822,0.012140426,0.0049041924,0.017091496,0.015468546,3.5982473e-06,0.013466893,0.0055021574,0.013256314,0.004624492,0.0071254214,0.011596217,0.011171035,0.013647692,2.5445845e-06,0.0066332365,0.0047102487,0.0054974463,0.013566587,0.008015605,6.678676e-06,0.007927813,0.0014355441,0.022372862,4.952939e-06
0.012281407,0.012402468,0.015638229,0.007993321,0.015568282,0.0075339274,0.013397187,0.016646698,0.015313721,0.014748245,0.01659013,0.008214695,0.011649012,0.013413331,0.018557785,0.01618161,0.016895555,0.01707533,0.010330029,0.019601125,0.018614434,0.005101987,0.0116070565,0.014051484,0.010145015,0.0073521514,0.014205374,0.0041731694,0.014034421,6.589579e-06,0.017833967,0.0010184692,0.01963024,0.018013792,0.010280727,0.013372621,0.010451747,0.021267775,0.015347005,0.0074148886,0.0064408453,0.0006957007,2.8153283e-06,0.018437745,0.0036509903,0.010813072,0.018266467,0.013675048,5.0249023e-06,0.017581444,0.0043189344,0.016432282,0.012013503,0.018268092,0.0,0.01659678,0.019422587,0.008208262,0.016223103,0.0024138142,0.012829305,0.010859886,0.014781963,0.0118205,0.010631405,0.019054418,0.016707541,0.0070594456,9.572133e-06,0.009574406,0.021026222,0.019729331,0.015256376,0.009590538,0.009482552,0.008035226,0.016502138,0.018193278,0.02250302,0.012746755,0.011833785,0.007301269,0.0119892275,0.014742162,0.01868704,0.011844445,0.013689091,0.0068136607,0.01884347,0.017279346,7.092597e-06,0.015466723,0.0073106675,0.015528543,0.006339286,0.008805842,0.013650839,0.013348574,0.015924994,2.3168758e-08,0.008435202,0.00638883,0.0071672555,0.015458008,0.010080427,6.11519e-06,0.009956147,0.003130449,0.0237224,2.9571981e-06
0.010148097,0.009925077,0.012523473,0.005801385,0.012680495,0.005462376,0.011115464,0.013254366,0.012412542,0.012011785,0.013215259,0.0060808635,0.009479329,0.010796652,0.014432461,0.013214645,0.013697928,0.013698676,0.00805742,0.014737518,0.014281397,0.00268943,0.009742298,0.011598376,0.007853693,0.0033963248,0.011554632,0.0010959934,0.011481426,3.365473e-06,0.013914902,4.8429274e-06,0.014844304,0.0145563185,0.008148306,0.01086091,0.008685288,0.014936845,0.012499037,0.005212836,0.0037462574,7.320642e-06,-2.0612304e-06,0.014207886,0.0010031359,0.008423217,0.01434022,0.011738732,3.0171946e-06,0.013880381,0.0011231856,0.0132824965,0.009732613,0.014089383,0.0145724565,0.0,0.014258381,0.0058042523,0.013324773,8.4901285e-06,0.010572072,0.008995657,0.012279035,0.00989921,0.008716171,0.014207794,0.013586606,0.004411747,2.519505e-06,0.0075247777,0.014465355,0.014619733,0.01226902,0.0071712337,0.0069445474,0.005419708,0.01342388,0.013441815,0.014909522,0.010586144,0.009914383,0.005265468,0.009652884,0.012047808,0.014325103,0.009550959,0.011258075,0.003755456,0.013747489,0.01356064,4.0887885e-06,0.012696669,0.0043774596,0.0128519405,0.004159125,0.0066581974,0.011078394,0.010774224,0.013032902,-3.1871284e-06,0.006263466,0.003563731,0.005137614,0.012654474,0.007900568,4.4374005e-06,0.0074554347,5.0253984e-06,0.017850833,2.7660408e-07
0.012566106,0.012102181,0.015344615,0.00800549,0.015387403,0.007957852,0.012932309,0.01634321,0.014755381,0.014492733,0.016072419,0.008623208,0.01160299,0.013257506,0.017823827,0.015667241,0.015932566,0.016067527,0.010268334,0.01908448,0.01838174,0.005579716,0.011884802,0.0137170255,0.010245472,0.0074205734,0.013845287,0.004278323,0.013400473,2.6043278e-06,0.017772844,0.0017813846,0.019219102,0.017513286,0.010348955,0.013314728,0.0108545115,0.020126613,0.014991325,0.007700207,0.006743257,0.0012500323,-2.2343231e-08,0.01764486,0.004292754,0.010381164,0.017723944,0.014020718,2.6761807e-06,0.01671014,0.004372595,0.015810208,0.011626671,0.01778334,0.018435908,0.015976433,0.0,0.008283214,0.015444021,0.0028962027,0.012312333,0.010916796,0.014129806,0.012034328,0.010626004,0.018348549,0.015953964,0.00699382,2.0622088e-06,0.0097274175,0.020278886,0.019045282,0.015285672,0.009508346,0.009131119,0.007980003,0.016304146,0.01794671,0.022058105,0.01252831,0.0120060975,0.0076117534,0.011845685,0.01423292,0.017810872,0.011578777,0.013461866,0.0067142565,0.018701253,0.017205307,3.8191247e-06,0.015032416,0.0074753533,0.015008133,0.0066112825,0.009148813,0.013013943,0.012751188,0.015174849,1.4756631e-07,0.008580263,0.0062878765,0.0076621114,0.015198093,0.010121088,6.1379956e-06,0.009903863,0.0033651595,0.027627293,4.995955e-06
0.0028555447,0.0024410295,0.0061939764,1.5225347e-05,0.006162,1.2177053e-05,0.004343048,0.007174442,0.006177451,0.0053832824,0.007494376,1.11866375e-05,0.002339484,0.0035766065,0.0092133675,0.007132083,0.008097112,0.007930175,0.00015117117,0.010308399,0.009062779,1.2034644e-05,0.0022705484,0.0050611077,2.1475395e-05,1.0977334e-05,0.0047346205,5.55808e-06,0.004733179,2.533643e-06,0.008685465,1.1119648e-05,0.010392479,0.009298004,0.00037952905,0.003524729,0.0010148165,0.011543503,0.006140767,7.1001004e-06,1.7531442e-05,1.0014561e-05,7.928639e-06,0.008821988,4.512858e-06,0.00056691334,0.009395761,0.004947403,4.6596624e-06,0.008387684,1.0595016e-05,0.0074186963,0.0026261543,0.0089534465,0.010026699,0.0074538495,0.009740144,0.0,0.0070024785,3.6354197e-06,0.0035834955,0.0013024305,0.0060616736,0.0022982862,0.00095272186,0.009365695,0.0077175866,8.505317e-06,8.953708e-06,1.4076038e-05,0.011167809,0.010162517,0.0058024167,1.5549755e-05,1.181506e-05,5.2451664e-06,0.007389236,0.008371027,0.011774171,0.0034327637,0.0022465375,1.3289745e-05,0.0021213493,0.0056205434,0.009730353,0.0018295707,0.0042788023,1.3339643e-05,0.008672095,0.008195806,3.5706148e-06,0.0063566966,5.4377665e-06,0.0065331715,1.3056183e-05,1.8306358e-05,0.0038371827,0.0038366432,0.0070264493,3.2290925e-06,1.642481e-05,1.1403801e-05,7.4718005e-06,0.0062974556,2.110766e-05,-1.0840951e-06,1.1064031e-05,1.0044131e-05,0.015473362,-2.8826682e-06
0.009806124,0.009585529,0.012070663,0.0054733464,0.012117097,0.0051101106,0.010749057,0.012581547,0.012047378,0.011704066,0.012809298,0.0057786764,0.009633312,0.010402152,0.01381145,0.012763993,0.013319917,0.0133694075,0.00776127,0.013866117,0.013537174,0.0024773024,0.009279588,0.01139583,0.0076210927,0.0027427285,0.011220612,0.0005804365,0.0112068765,9.590271e-07,0.013293033,1.0409952e-05,0.013979086,0.013873503,0.0080392,0.010259865,0.008289001,0.013921216,0.012064477,0.004827936,0.003860206,9.114519e-06,-5.784597e-07,0.01360313,0.0006176111,0.0082097305,0.013839557,0.011288777,7.732304e-07,0.013310559,0.00081592595,0.012906382,0.00961431,0.013488141,0.014025119,0.01299604,0.013417641,0.005511649,0.0,5.8327655e-06,0.0103000505,0.008759257,0.0118736215,0.009469497,0.008389289,0.013516858,0.013190234,0.0040636347,2.571367e-06,0.0071353833,0.013573014,0.013778292,0.011660812,0.0071049975,0.006668484,0.005073848,0.012794289,0.012828641,0.013900573,0.010209393,0.00950218,0.005088318,0.009193213,0.011786003,0.013904069,0.009163449,0.01077075,0.003107304,0.012807782,0.012872715,5.0168996e-06,0.012183084,0.003561291,0.012449886,0.003917148,0.006224351,0.010866047,0.010581608,0.012771429,2.6625703e-06,0.0060199164,0.0030941146,0.004844403,0.012170347,0.0076864795,5.9023096e-06,0.0069966167,6.787199e-06,0.017265912,-6.1772886e-07
-4.704803e-06,5.430046e-06,0.0014648469,-7.4478894e-06,0.00094082137,1.7023128e-06,1.4194061e-05,0.003371635,0.0016379785,0.000109544744,0.004949675,-2.4937942e-06,-1.7375206e-06,4.291013e-06,0.008829002,0.0034704162,0.0061021512,0.0060387235,1.6059853e-06,0.011882786,0.008857188,-1.1600458e-05,2.0773248e-06,1.0623448e-05,5.0245137e-07,1.5048012e-07,2.7979322e-06,1.0117965e-05,1.5853159e-06,-3.4961438e-06,0.007170134,-1.1505067e-06,0.012105808,0.008054705,9.512664e-06,-8.8745865e-06,-2.7736662e-06,0.016847048,0.0017576582,6.722967e-06,8.917698e-06,1.8581325e-06,-1.3464797e-05,0.008177305,3.58062e-06,8.439304e-07,0.008937015,1.1317956e-05,-7.1816876e-06,0.0071493667,-2.5509396e-06,0.00395523,-2.8218612e-06,0.0077167084,0.010758186,0.004774717,0.010901289,-4.55451e-06,0.003563275,0.0,-7.827552e-06,-5.8683077e-06,0.0005421615,6.0316383e-06,-9.760133e-06,0.010022633,0.0051820963,-9.3148e-06,7.4083705e-06,4.7674744e-06,0.016034203,0.011896444,8.919107e-05,5.8377823e-06,-4.8342868e-06,-1.633651e-06,0.0036587205,0.0073056356,0.01960838,-9.228174e-06,-8.3579525e-06,1.8287272e-07,1.7257131e-06,0.00022155963,0.009916294,4.548746e-06,-7.333983e-06,-7.1205927e-06,0.00820005,0.0053466493,1.1700629e-05,0.0014297945,-1.855494e-06,0.00231234,-6.8845043e-06,-4.971776e-07,7.506024e-06,8.860199e-06,0.0037543064,-6.036096e-06,-8.824053e-06,-7.387907e-06,-7.4175186e-06,0.0008564331,7.812667e-06,1.0563435e-06,4.4013213e-06,-1.7937815e-06,0.022600947,-1.5843925e-05
0.007122421,0.00679246,0.009312743,0.0021130692,0.009484181,0.001998949,0.008159748,0.009969765,0.009414456,0.008765543,0.010004982,0.0026719691,0.0062860507,0.0076451586,0.010920317,0.00998104,0.010596965,0.010443232,0.0051799584,0.011102619,0.010661638,1.41749815e-05,0.0065295827,0.008746886,0.004998022,1.9825051e-05,0.008627817,1.4065789e-05,0.0083830515,6.34125e-06,0.010760078,1.4075793e-05,0.011212091,0.011279764,0.0050733527,0.0075195446,0.005482029,0.010609333,0.009197544,0.0019473637,0.00027489214,1.5327434e-05,9.614418e-06,0.010797219,1.091917e-05,0.0053152945,0.011218259,0.008666223,1.0546993e-05,0.010394482,1.5112849e-05,0.01019295,0.006745521,0.010773748,0.011085323,0.010327482,0.010545517,0.0025610933,0.010048123,1.2633178e-05,0.0,0.0057969904,0.009422981,0.0067423168,0.0055102385,0.0106472485,0.010283807,0.00089389615,5.4944917e-06,0.004314724,0.0103953965,0.010856312,0.009097991,0.0038787266,0.0038359617,0.0019469395,0.01011507,0.009987508,0.011127468,0.0073826117,0.0066381027,0.0019937325,0.0065437225,0.009066704,0.011137272,0.006097947,0.008009631,1.6749895e-05,0.0099387085,0.0103245145,5.4592924e-06,0.009445509,0.0008208907,0.009752379,0.0006204265,0.0033675474,0.0077818674,0.007679762,0.010076955,3.7337513e-06,0.0029477838,2.9620163e-05,0.0020345887,0.009501885,0.004569969,8.638984e-06,0.004285177,6.0152715e-06,0.015703948,3.7816158e-06
0.006288904,0.006170403,0.008686021,0.0017766069,0.008588518,0.00075430464,0.0076405928,0.009330586,0.00888315,0.008490393,0.0096985,0.0017450843,0.007498984,0.0067015407,0.0106226085,0.0096348645,0.0103575345,0.010490936,0.004011526,0.010776125,0.010304306,1.6974698e-05,0.0055351267,0.008084522,0.004114278,2.1895106e-05,0.0076628732,1.8687695e-05,0.008099709,9.6719195e-06,0.010396739,1.6673572e-05,0.010979347,0.010798784,0.0049897907,0.0065601314,0.004339285,0.010888847,0.008952222,0.00061895995,0.00098415,1.2363262e-05,1.2889337e-05,0.010411503,1.3496911e-05,0.004862871,0.010756725,0.007913897,1.4628485e-05,0.010381907,1.903748e-05,0.009762254,0.006628281,0.010246341,0.010882278,0.009912768,0.010320061,0.00094473734,0.00983827,1.7939137e-05,0.006801756,0.0,0.008919747,0.005885735,0.0046350337,0.010485875,0.010137823,1.9680352e-05,9.076479e-06,0.003303198,0.010513449,0.010299354,0.008384535,0.004187302,0.0030311227,0.00046719,0.009675719,0.009530734,0.011670492,0.0067834184,0.005693917,0.0014419272,0.00533271,0.008703547,0.010948249,0.005642358,0.007378115,1.7476896e-05,0.00967507,0.0098604495,1.4690186e-05,0.009015573,1.8788944e-05,0.009262367,2.1627982e-05,0.0021225198,0.00782048,0.007688031,0.009705713,2.7093017e-06,0.0019970527,2.0576545e-05,0.00048343596,0.008806655,0.004654845,1.0596793e-05,0.0026295865,7.833977e-06,0.016200874,1.2474832e-05
0.008718884,0.008427001,0.010774473,0.004297707,0.010985378,0.003931451,0.009535493,0.011462733,0.010867701,0.010341419,0.011535175,0.0044022608,0.008110111,0.009178056,0.012132286,0.011514695,0.011992197,0.011946579,0.0065685306,0.01213283,0.012075506,0.0011112454,0.008113066,0.010009067,0.0064677694,0.0012317958,0.009888689,6.9202297e-06,0.009969243,1.1860733e-06,0.011966303,1.20315735e-05,0.012451316,0.012619914,0.0067207944,0.009046414,0.007208585,0.012285571,0.010811876,0.0036374833,0.0023243276,1.2307707e-05,3.358735e-07,0.012163127,8.159984e-06,0.006928977,0.012430459,0.010065562,2.3156972e-06,0.011822394,9.384596e-06,0.0115971975,0.008436181,0.011952931,0.012188856,0.011708755,0.011825358,0.0043154876,0.011510444,9.395141e-06,0.008979165,0.007553796,0.0,0.008349375,0.007171052,0.011840474,0.011767304,0.0028028062,7.1446575e-06,0.0058752615,0.011924536,0.012019839,0.010574836,0.005849619,0.005365772,0.0038081668,0.011514997,0.011224645,0.0123935295,0.008924185,0.00832794,0.0038671053,0.008032311,0.010434631,0.01226636,0.007932999,0.009662075,0.001962259,0.011279993,0.011698303,3.518224e-06,0.011059051,0.002396399,0.011086896,0.002701394,0.0050889305,0.009338479,0.009317809,0.011450819,-4.5149377e-06,0.0047685155,0.001955825,0.0037442863,0.010920915,0.006467061,7.5627345e-06,0.006019456,3.509489e-06,0.016354,4.1408352e-06
0.006434842,0.006297461,0.008848634,0.0015191402,0.0089742495,0.0013870632,0.007471027,0.009392831,0.008715531,0.008306807,0.0094435485,0.0020179546,0.0055366307,0.0071804645,0.010318129,0.009561242,0.010030322,0.00983952,0.00421917,0.01060171,0.010239568,7.659411e-06,0.006025201,0.008075698,0.0038170891,1.32583555e-05,0.0077290297,4.9663763e-06,0.0077441735,3.2934963e-06,0.010315232,7.229906e-06,0.010864904,0.0107617155,0.004229474,0.0072059967,0.004982347,0.0103766555,0.00874984,0.0010735175,9.900771e-06,5.845127e-06,-2.5680285e-06,0.010167295,4.524273e-06,0.0045561558,0.010645948,0.0081689535,3.4190289e-06,0.010011119,4.325658e-06,0.009468445,0.0061508846,0.010344445,0.010596581,0.009717156,0.010133458,0.0018966872,0.009513537,5.9596705e-06,0.00696441,0.00510673,0.008696404,0.0,0.004815443,0.010105769,0.009740698,0.00021639241,3.1061967e-07,0.0035495306,0.009973765,0.010370128,0.008746532,0.003214606,0.00283316,0.0014750494,0.009760777,0.009488546,0.010855224,0.0069319415,0.006289781,0.0010767,0.0059707076,0.008419256,0.010582116,0.0056787003,0.0077664554,1.1107642e-05,0.0096043395,0.009903294,-4.3361447e-06,0.008899156,0.00019175104,0.009135527,8.35009e-05,0.0028471525,0.0070974487,0.0069225486,0.009395015,-3.4303623e-06,0.0020896601,8.64505e-06,0.0011524801,0.008923187,0.00383113,-4.7736086e-07,0.0037644187,1.386425e-06,0.015608826,-5.5664545e-06
0.0056160437,0.005427884,0.008217282,0.00045122526,0.008124346,0.00018062574,0.006753554,0.008819384,0.0082647,0.007606215,0.009080212,0.0010535447,0.0052038534,0.00611731,0.010091872,0.008806558,0.009519056,0.009450325,0.0033831033,0.010447896,0.009913364,6.613088e-06,0.004937338,0.007418113,0.0030586321,1.0158758e-05,0.007161739,1.9637284e-06,0.0071374266,2.559726e-06,0.009891572,4.2199845e-06,0.010625507,0.010400085,0.0034223143,0.0061183576,0.0037988694,0.010358042,0.008066329,0.000140497,1.30804165e-05,2.7819156e-06,2.8254533e-06,0.009804759,3.8589324e-06,0.0037148837,0.010299131,0.0073238383,-2.8832324e-06,0.0096638445,7.838379e-06,0.008962876,0.005435015,0.009788896,0.010530331,0.009263749,0.010019934,0.0006804908,0.009033502,4.8594297e-06,0.00621296,0.00442114,0.0082490435,0.005279554,0.0,0.009904195,0.009299526,7.643064e-06,-2.7113547e-06,0.0025853321,0.0100326175,0.010201611,0.0078111175,0.0025829552,0.0019565325,0.00017270255,0.009149475,0.00908792,0.010842296,0.0061030625,0.005099465,0.00019424807,0.004988512,0.007938524,0.010284127,0.0047958605,0.0069055557,1.0466686e-05,0.009212639,0.009449904,3.0584638e-07,0.008272642,6.574927e-06,0.008462124,6.0600505e-06,0.0016450644,0.0065035205,0.006434468,0.008920041,-6.06892e-06,0.0010817974,8.0470845e-06,9.526784e-05,0.008353263,0.0029994603,3.111043e-06,0.0024280304,5.459679e-07,0.01545906,-3.9827723e-06
0.011961566,0.011968369,0.015381031,0.0075795334,0.015397801,0.0077158264,0.013356044,0.016486082,0.015084007,0.014513273,0.01635638,0.008391523,0.011778628,0.013184974,0.01842344,0.01618211,0.016652934,0.016778808,0.010170675,0.019558214,0.018452514,0.004835252,0.011447558,0.014006667,0.009916894,0.0066136406,0.0139918225,0.0036574057,0.013639179,9.581995e-06,0.017515607,0.00055299274,0.019649806,0.017832004,0.010024643,0.013212554,0.01061894,0.021060182,0.015122715,0.0069983634,0.0059643188,2.3240955e-05,3.9693896e-06,0.01831137,0.0037129833,0.010405084,0.018169317,0.01384635,9.342827e-06,0.017380448,0.0038450942,0.016208144,0.011695194,0.018059485,0.018981798,0.0163595,0.019314911,0.0079890685,0.015901923,0.0023440826,0.0125571005,0.01061266,0.0144850025,0.011632223,0.010378862,0.0,0.01655368,0.0067637153,8.321547e-06,0.009690899,0.020859169,0.01966305,0.015030203,0.00937449,0.009161333,0.007790539,0.016470913,0.018150894,0.02246832,0.012449963,0.011955037,0.00695303,0.011822234,0.014570346,0.018534508,0.011734724,0.013551463,0.006356858,0.018688353,0.01708217,6.1621254e-06,0.015393567,0.007011427,0.015326404,0.006030223,0.008773111,0.013512838,0.013089353,0.015688812,1.4166976e-06,0.00795097,0.0060714968,0.007408568,0.015099653,0.009709206,5.8336327e-06,0.009611378,0.002620053,0.023716472,4.5852516e-06
0.010394399,0.010111029,0.012524772,0.006155379,0.012554143,0.0055711186,0.0112016015,0.013234445,0.012638433,0.012212626,0.013452221,0.0062413197,0.010223347,0.010883413,0.014480351,0.013349203,0.0138402805,0.014094732,0.008179847,0.014619633,0.014281073,0.0027734037,0.009802757,0.011869094,0.008129813,0.0034872121,0.011680761,0.0011987094,0.011736414,4.891195e-06,0.013852907,1.2124052e-05,0.014830604,0.014423105,0.008668973,0.010717459,0.008604138,0.014933964,0.012564796,0.0054301093,0.004388834,1.3667765e-05,3.460454e-06,0.014356698,0.0011819848,0.008548126,0.014430722,0.011717037,8.147607e-06,0.014052752,0.0012603332,0.013310055,0.009987916,0.014170573,0.014799604,0.013673651,0.014221133,0.0059360866,0.013348842,1.2526787e-05,0.010685173,0.009327064,0.012315976,0.009986828,0.008703377,0.014437645,0.0,0.0043804906,8.866894e-06,0.0075319833,0.014616235,0.014730754,0.0122952955,0.007525046,0.0070793824,0.005569686,0.013339366,0.013668417,0.014867946,0.010598983,0.009939775,0.0054423385,0.009598049,0.012272051,0.014558623,0.009721344,0.011294872,0.0036789319,0.013731168,0.013539629,6.7667875e-06,0.012846923,0.0039944155,0.012819967,0.004283909,0.0067999368,0.011295259,0.011138572,0.013286228,4.745507e-06,0.006461596,0.003772023,0.005270696,0.012667442,0.008292754,1.1969978e-05,0.007462784,8.136532e-06,0.017911911,3.9442602e-06
0.001391953,0.0010487152,0.0053385906,8.4965103e-07,0.005129968,-3.3106614e-06,0.0031376358,0.006361653,0.0052038063,0.004308951,0.0067057326,-2.4745684e-06,0.0009954107,0.0024560066,0.008813288,0.006277776,0.0074308123,0.0072506242,1.3538549e-06,0.010287366,0.008837667,-5.9793992e-06,0.00071930746,0.0039025808,7.285001e-06,-9.653621e-07,0.003529922,-7.0370024e-06,0.0034889076,1.228478e-06,0.0083749,5.229966e-06,0.010568594,0.008763724,6.121313e-06,0.0024434596,9.10989e-06,0.012262324,0.0052290354,-2.5109025e-06,6.635987e-06,-6.2582594e-06,-6.077762e-06,0.008599811,-7.773336e-06,1.4024248e-06,0.009019494,0.0038426141,1.2690859e-06,0.0079131685,-3.894275e-06,0.006663712,0.0013844803,0.008545793,0.00992657,0.0067965076,0.009682981,-5.9304048e-06,0.00630466,4.452213e-06,0.0019856328,7.237468e-06,0.004999257,0.00079612964,8.007893e-06,0.009260546,0.0070643188,0.0,-4.901414e-06,7.4758095e-06,0.01178051,0.010178156,0.004953326,9.38517e-06,6.6586904e-06,-4.9437335e-06,0.006724942,0.007858039,0.013356912,0.0019957654,0.00086232275,7.84689e-06,0.00064617145,0.0045863213,0.00949222,0.00036141006,0.0030714013,-3.889261e-06,0.008259566,0.007560319,-8.045083e-07,0.0053350376,3.1922048e-06,0.0057565114,3.3672047e-06,-5.038395e-06,0.0026104485,0.0024198336,0.0063145347,3.5764688e-07,4.002574e-06,-6.4169576e-06,3.7211148e-06,0.005196066,1.8897024e-06,2.7485214e-06,4.695872e-06,5.0538088e-06,0.016060382,1.9484314e-06
5.3787586e-05,4.4299e-05,6.304296e-05,4.7494275e-05,5.406194e-05,1.8656325e-05,4.5427845e-05,5.1537365e-05,4.6612906e-05,6.157267e-05,6.8933085e-05,4.02067e-05,4.997187e-05,3.68706e-05,0.0066131726,5.886696e-05,0.0013029915,0.0011566356,2.544141e-05,0.012615283,0.0072070914,1.5699925e-05,4.7785426e-05,4.58797e-05,3.2040418e-05,4.450652e-05,4.8235426e-05,3.1753458e-05,5.0871826e-05,4.517241e-06,0.0024588814,1.1983081e-05,0.012649103,0.0048586605,4.6059522e-05,4.6622976e-05,2.8467522e-05,0.022224909,5.435274e-05,4.5047134e-05,4.8144255e-05,2.7338727e-05,2.2553137e-05,0.0056126276,2.693614e-05,3.9028757e-05,0.006634901,4.3481636e-05,4.1092967e-06,0.0039338064,3.6095415e-05,6.0221282e-05,3.639225e-05,0.0045405207,0.010709362,6.2720166e-05,0.010874255,2.7449612e-05,6.121294e-05,3.8148803e-05,4.110888e-05,2.9227114e-05,6.27329e-05,5.593032e-05,2.802983e-05,0.009795997,6.0027996e-05,3.445435e-05,0.0,4.5125333e-05,0.020755827,0.01306109,6.269782e-05,5.194406e-05,3.3514465e-05,3.3049186e-05,4.5892913e-05,0.0041451147,0.028169055,4.6063353e-05,5.0461585e-05,4.024192e-05,5.2388623e-05,6.4873224e-05,0.008659038,3.5065397e-05,4.4157427e-05,4.282973e-05,0.006057843,5.7013633e-05,1.8009143e-05,6.271999e-05,2.5352627e-05,6.0984166e-05,3.2455337e-05,4.3111646e-05,4.9118808e-05,5.3967706e-05,5.5672328e-05,1.8541032e-05,4.2928776e-05,3.7667374e-05,4.0978506e-05,4.932107e-05,3.5706576e-05,2.922672e-05,3.5217814e-05,7.506432e-06,0.026391095,2.8665445e-05
0.0047258604,0.0044281716,0.0075996537,1.4553918e-05,0.007530276,1.0885852e-05,0.006008509,0.008337081,0.007617442,0.0070768767,0.008699373,1.6693155e-05,0.004619802,0.00538653,0.009953803,0.008406042,0.009152921,0.009144038,0.0021437597,0.010607396,0.009784768,9.965675e-06,0.0040450697,0.0066510066,0.0020567016,1.1695744e-05,0.0064644427,8.7445005e-06,0.0064285826,4.731542e-06,0.009660935,1.2316586e-05,0.010860638,0.010187055,0.0024326418,0.005146213,0.0028968058,0.010696212,0.007583295,1.7495247e-05,1.5433598e-05,7.912694e-06,4.9040855e-06,0.0097780675,1.0084443e-05,0.0027509946,0.010213498,0.0066055194,9.074242e-06,0.009306364,7.0879914e-06,0.008699975,0.0046266075,0.0096955225,0.010408793,0.008837705,0.0101758735,1.0415008e-05,0.008469561,1.3649688e-05,0.005382211,0.0034283143,0.0076298043,0.0041691517,0.002857934,0.009904805,0.009051047,6.4996766e-06,7.29807e-06,0.0,0.010358425,0.010459096,0.007215155,0.0014729138,0.0008997786,1.585866e-05,0.0086235255,0.009032878,0.011234395,0.0050858464,0.004187311,1.4378233e-05,0.0038971503,0.0072598336,0.010404515,0.0038078092,0.0059469417,1.3986318e-05,0.009135719,0.009203913,5.067655e-06,0.0077062175,1.1994479e-05,0.0079540135,1.116777e-05,0.00018886862,0.005748376,0.005596472,0.008462099,1.9320162e-06,1.735252e-05,1.1427259e-05,1.68136e-05,0.0076696556,0.0020688584,7.13264e-06,0.0012257649,2.3695654e-06,0.016099751,6.13499e-06
0.01726967,0.01679744,0.020412263,0.012685214,0.020102212,0.012429749,0.017882055,0.021224972,0.01998068,0.019530136,0.0213323,0.013215384,0.01684683,0.017795462,0.023301782,0.020833878,0.021486744,0.021561576,0.014984214,0.02462706,0.02348087,0.010198865,0.016562989,0.018577121,0.015042984,0.0121947415,0.018744048,0.008711698,0.018318798,0.0018773511,0.022759544,0.00630154,0.02470969,0.02276904,0.015323672,0.017801423,0.015472293,0.02734623,0.02015569,0.012174173,0.011639922,0.0060476433,3.0283754e-06,0.023034964,0.008838711,0.015217681,0.022973973,0.018741867,2.3807656e-06,0.022351006,0.008819888,0.020926962,0.016512442,0.022746898,0.02400146,0.021204844,0.024550503,0.012525878,0.020544372,0.0075048977,0.017171944,0.015791493,0.019127674,0.016648829,0.015218772,0.023928575,0.021133292,0.011398068,0.002956061,0.014301549,0.0,0.025010776,0.019824548,0.0142380325,0.013939475,0.01227753,0.021114724,0.023183526,0.030060515,0.017095886,0.016448053,0.012244045,0.016360067,0.019308671,0.02331865,0.01633672,0.018055035,0.011477787,0.023654385,0.02194572,0.0030552987,0.019982524,0.011589124,0.020069195,0.011075298,0.013590267,0.018116456,0.017921012,0.020488864,1.4939033e-06,0.013136402,0.010879285,0.012079484,0.020014308,0.015050079,0.0029506744,0.014300622,0.007414403,0.031602852,0.0014290748
0.013211634,0.012809685,0.016454533,0.008664166,0.016431091,0.00864855,0.013998146,0.017354138,0.016033761,0.015445131,0.01742313,0.009299478,0.012577468,0.014072384,0.019608812,0.016912794,0.017614508,0.017771717,0.0110121155,0.021088177,0.019777426,0.0061517614,0.012613084,0.014771898,0.011101825,0.008173841,0.014797967,0.0048720106,0.014558861,3.5047294e-06,0.018706402,0.0023179757,0.02148559,0.019017681,0.011323494,0.013935251,0.011373083,0.023295064,0.016071053,0.008292633,0.0073652808,0.0018311595,8.020772e-06,0.019469729,0.0048277816,0.011242846,0.019352343,0.014875466,5.1768648e-06,0.01842455,0.005011967,0.017147003,0.012582281,0.019218385,0.020220187,0.01730947,0.020891195,0.008842508,0.016780682,0.0034806044,0.0133255655,0.011848083,0.015386053,0.012737976,0.011530787,0.02030218,0.017460262,0.007617239,6.443802e-06,0.010453453,0.023202552,0.0,0.015958773,0.010187248,0.0100335535,0.008716133,0.017437534,0.01944127,0.024996812,0.013401909,0.0127434665,0.008286002,0.012488054,0.015455197,0.019768553,0.012562101,0.014276763,0.007549307,0.020100169,0.018180726,8.59034e-06,0.016140634,0.008100826,0.016176334,0.00725744,0.009625446,0.014243998,0.013828245,0.016621325,6.0628477e-06,0.009271986,0.0069131465,0.008352639,0.016074635,0.010926621,7.676856e-06,0.01045332,0.0038942373,0.026874704,5.97242e-06
0.008335161,0.008104534,0.010825267,0.0038418386,0.011206443,0.003781474,0.009036943,0.011644026,0.010378438,0.010037313,0.010939819,0.004073546,0.0066549163,0.009323857,0.012048425,0.011233661,0.011102473,0.011067527,0.00612739,0.012403997,0.012451278,0.0006770007,0.007814333,0.009538007,0.0054390877,0.0008437785,0.009406371,2.0052662e-06,0.009388966,9.3684673e-07,0.012238383,3.1842833e-06,0.012627044,0.012273521,0.005840145,0.009495659,0.006908998,0.012159113,0.010319716,0.0033777037,0.0010466571,6.2296604e-06,1.6271792e-06,0.012126446,6.121568e-06,0.006063173,0.012192131,0.010082278,2.9712055e-06,0.011433702,4.456615e-06,0.011120693,0.0076987557,0.012275105,0.012248037,0.011276643,0.012753304,0.0041787056,0.010943482,5.1419474e-06,0.0084478855,0.006685494,0.01004262,0.008017826,0.006765859,0.011926154,0.011077474,0.0028542052,4.064631e-06,0.0055401907,0.012022531,0.012282635,0.0,0.004926375,0.0045588654,0.0039757667,0.011793839,0.012002209,0.012736049,0.008899038,0.008426169,0.0028629983,0.008214336,0.009975592,0.011974801,0.0077318833,0.009705926,0.0016416854,0.012274928,0.012270929,2.7062551e-06,0.010603665,0.0032004274,0.010546282,0.0024280022,0.0049777543,0.008446804,0.008343141,0.010543622,1.2974024e-06,0.0042031514,0.0017647165,0.0033802784,0.010941822,0.005399747,6.208792e-06,0.0060305744,3.4121672e-07,0.01731047,4.8955967e-06
0.005030326,0.0053493776,0.007632123,0.0011374602,0.0074501364,7.1839363e-06,0.006971364,0.008293257,0.007842475,0.00771778,0.008793754,0.00042564856,0.007644603,0.005377543,0.0097966455,0.008501086,0.009641512,0.009648173,0.0026922035,0.010356873,0.009542319,6.4793803e-06,0.003977462,0.0070055556,0.0029527622,3.9559004e-06,0.0063272454,6.003968e-06,0.0071310056,1.2769102e-07,0.009945333,4.5146217e-06,0.010608474,0.010039219,0.0041198162,0.0051443065,0.0024615207,0.01137618,0.007743601,8.966389e-06,0.00071768026,6.2992704e-06,3.7648163e-06,0.00965999,4.054474e-06,0.0038995536,0.009974929,0.00649385,7.5670664e-07,0.009586202,7.441691e-07,0.008779972,0.005864607,0.009463654,0.01029361,0.0089220265,0.00997257,7.4539903e-06,0.008792678,7.792459e-06,0.0056632166,0.005056801,0.0077734147,0.004434597,0.0031859449,0.009863761,0.009223342,6.0951697e-06,4.5658776e-06,0.0020774947,0.010955267,0.010140985,0.0070851925,0.0,0.0016542969,6.957015e-06,0.008580363,0.008755303,0.012181694,0.005723386,0.0040916125,0.0002443562,0.0041321255,0.0076983455,0.010217967,0.004973244,0.00594073,1.1774931e-06,0.008968293,0.008985734,1.1130885e-06,0.00790695,-5.1101097e-07,0.008029302,8.5179045e-06,0.000734392,0.0072248946,0.007074855,0.008720043,-8.427537e-06,0.00089456845,3.7549692e-06,4.29057e-06,0.008025807,0.0037684285,4.9770674e-06,0.0006347507,1.190759e-06,0.017864674,-6.535643e-06
0.004474561,0.004011967,0.007763019,9.54039e-06,0.0075895987,3.7251966e-06,0.0059902063,0.008628439,0.0077067483,0.0070618307,0.008985016,5.6614426e-06,0.005194344,0.004926583,0.010330858,0.008522536,0.009649494,0.00960858,0.0021810909,0.010616176,0.010093284,9.047056e-06,0.0038367647,0.006603078,0.0025045672,9.845913e-06,0.006622202,7.827441e-06,0.0063128187,-7.4518057e-06,0.010030149,5.6414087e-06,0.010854778,0.010081181,0.0026729193,0.0048396355,0.002092328,0.011738947,0.0077560944,9.958088e-06,1.1560923e-05,5.7633797e-06,-9.106353e-06,0.010103349,6.4824276e-06,0.002750262,0.0102538355,0.0064599733,-6.170656e-06,0.009773635,3.4750099e-06,0.00885918,0.0045585358,0.010231377,0.010585105,0.009082403,0.010467089,5.6680988e-06,0.008667745,3.462959e-06,0.0055122566,0.0035856608,0.007782556,0.003992423,0.0026111053,0.010159116,0.009275116,5.230716e-06,-9.5264267e-07,0.00094907836,0.01142219,0.010659875,0.0071588927,0.0012482483,0.0,8.946127e-06,0.008953003,0.009692036,0.012483161,0.004731644,0.0036452923,8.879972e-06,0.0034256205,0.00740881,0.010835348,0.003558336,0.0056241197,4.467411e-06,0.010125044,0.0096094,4.7630697e-06,0.00793926,-3.1062078e-07,0.008323563,7.3320502e-06,5.4662833e-06,0.0060454477,0.0059009455,0.008748159,-6.116866e-06,1.0621483e-05,3.5813262e-06,2.2121524e-06,0.0076728356,0.0021946125,4.5274164e-06,0.00027384737,3.6451172e-07,0.019162858,-2.463233e-06
0.002764815,0.0023800242,0.0061152503,1.070112e-06,0.006140307,-2.082696e-06,0.0042654844,0.006995828,0.00600179,0.0054016705,0.0073365956,4.683681e-06,0.002282273,0.0035451972,0.009104335,0.007097026,0.008030036,0.007960175,5.409554e-06,0.010275698,0.009175886,-1.506908e-06,0.001971917,0.0049196607,1.4903684e-05,6.6218304e-06,0.0045439405,-3.6547503e-06,0.0044519524,-1.5886964e-06,0.008672424,-4.215475e-06,0.010475672,0.009167179,0.00013341276,0.0035202857,0.0005382954,0.011527353,0.006186522,-3.0219905e-08,5.1799925e-06,-1.075527e-06,3.5851863e-06,0.008845667,-1.1165084e-06,0.00040698345,0.009318376,0.0049512945,4.05801e-06,0.008386124,-3.444925e-06,0.007286371,0.002605886,0.008852097,0.010007034,0.0074189096,0.009669011,4.0204345e-06,0.007073216,-2.8531501e-06,0.0033203426,0.0011681876,0.005805623,0.00219713,0.00055663125,0.009367459,0.007732101,-2.87733e-06,-7.1563713e-06,9.809973e-06,0.010984846,0.010142107,0.0056917127,1.19560345e-05,1.2641051e-05,0.0,0.007343699,0.008170519,0.011774742,0.0032555703,0.0021215442,1.3434719e-06,0.0019067391,0.0054299375,0.009654102,0.0018293966,0.004156595,2.767432e-06,0.008406725,0.007914086,-7.5351454e-06,0.0062501896,-9.582176e-07,0.0063989367,5.044284e-06,5.7099437e-06,0.003682808,0.003657942,0.0070187305,-7.2209937e-06,4.1638896e-06,-2.2380677e-06,3.212743e-06,0.006170451,7.4920154e-06,-1.4631437e-06,6.8362156e-06,2.6795233e-06,0.015649464,-9.834772e-06
0.009311122,0.009177302,0.012010171,0.0050447206,0.01213302,0.004947322,0.010207111,0.012704502,0.011511986,0.0111140935,0.012283968,0.0052714064,0.008186529,0.0103446385,0.013454642,0.0124116475,0.012510395,0.012513681,0.007266147,0.013849825,0.013692797,0.0019062557,0.008967277,0.010648638,0.006893349,0.002698232,0.010538979,0.00066241063,0.010635542,4.2407796e-06,0.013522168,6.2429e-06,0.014072305,0.013465823,0.0072302027,0.010236207,0.0079327095,0.014083646,0.011574417,0.0045856633,0.002803107,8.08888e-06,3.4681987e-06,0.013520113,0.0005520908,0.0073575624,0.01341527,0.010937327,3.2254156e-06,0.012902897,0.00060962443,0.012358455,0.008698298,0.013512723,0.013591581,0.012469095,0.014110269,0.005279826,0.012069339,8.422722e-06,0.009537898,0.007861834,0.011203979,0.009147282,0.0077992263,0.01348887,0.0124600055,0.0039049324,4.630996e-06,0.006790276,0.013864662,0.013716639,0.011842303,0.006228226,0.0058879927,0.004925862,0.0,0.013410122,0.014302174,0.009872132,0.0093800835,0.0042148824,0.009113634,0.011223369,0.013486549,0.008889126,0.010680788,0.0029883375,0.013787202,0.013378534,4.080591e-06,0.011702575,0.0040499954,0.011666071,0.0036822164,0.0062060733,0.009971937,0.009630237,0.011824273,-1.4270269e-06,0.005470644,0.0031189271,0.004527488,0.011939099,0.0067535564,1.9225149e-07,0.0071051563,2.5686396e-07,0.018096218,-1.7429816e-06
0.010488917,0.010382047,0.013735904,0.0061558005,0.013704948,0.0058937506,0.011334586,0.014588013,0.012801961,0.012546997,0.013873915,0.006608784,0.009362221,0.011521652,0.015900966,0.01384453,0.0140677495,0.014168111,0.008382302,0.016462794,0.01597414,0.00346512,0.010019949,0.011843714,0.0083558755,0.0050111474,0.011746297,0.002062696,0.011616065,4.855711e-07,0.015265718,4.7886133e-06,0.016598353,0.015306328,0.00846658,0.011390709,0.008781826,0.017526357,0.013007282,0.00563817,0.004358683,8.363609e-06,8.2294e-07,0.015910761,0.0020534196,0.008428257,0.015457087,0.01212308,6.1052e-06,0.014773893,0.0020880066,0.013914933,0.009876907,0.016121833,0.016328618,0.0140867,0.01737511,0.0061015612,0.013487244,0.0007410732,0.010656831,0.008939313,0.0124494685,0.010274004,0.008757693,0.016236877,0.013950846,0.005087255,3.8027713e-06,0.007834999,0.017790038,0.016873658,0.013523639,0.0075844643,0.0072890664,0.0059214,0.0146070765,0.0,0.019019026,0.010746056,0.010222984,0.0054875696,0.010043178,0.012724884,0.015867112,0.0099855345,0.011831,0.004594534,0.017898118,0.01549471,5.942297e-06,0.013072989,0.005338813,0.013057197,0.0045877784,0.0071337246,0.011122672,0.010882964,0.013342648,3.0049061e-06,0.006660183,0.004185495,0.0056507406,0.013356448,0.008066097,4.8211487e-06,0.007863803,0.0009070838,0.024443638,6.051668e-06
0.022841744,0.022201464,0.025458518,0.018409826,0.025128787,0.01826746,0.023281518,0.026272967,0.025310345,0.024882706,0.026710419,0.019256353,0.022660159,0.02326431,0.028160824,0.025951905,0.02693816,0.026731694,0.02067405,0.02962859,0.02854665,0.016379643,0.02213205,0.024041517,0.020804256,0.01867554,0.024277972,0.014870214,0.023734622,0.008220778,0.027934762,0.012729473,0.029631972,0.027867716,0.021073144,0.023242123,0.021100393,0.031766158,0.025622943,0.018097628,0.017881898,0.012611242,0.0044438336,0.028062133,0.015068078,0.021046633,0.02815984,0.024025816,0.0061329766,0.02734642,0.015128157,0.026280202,0.022105373,0.027673917,0.028896699,0.026536152,0.029378673,0.018457929,0.025968883,0.01372167,0.022638362,0.02153264,0.024527298,0.022185083,0.021047844,0.028994879,0.026543275,0.017167259,0.009327053,0.020217158,0.031434536,0.029748097,0.02499892,0.019984165,0.019976683,0.018251766,0.026311591,0.027909277,0.0,0.02266218,0.021877345,0.018443128,0.021863282,0.024683204,0.028286023,0.021853572,0.02339219,0.01783782,0.02836623,0.026926363,0.009313371,0.025209058,0.017764255,0.025687832,0.01707828,0.0192168,0.023869155,0.023339752,0.025896631,0.0005158283,0.019122684,0.016862411,0.018104304,0.025361426,0.020498002,0.009367898,0.020009287,0.013433278,0.03437011,0.007842207
0.0067802784,0.0065795793,0.009084929,0.0021465344,0.009104377,0.0020821812,0.007808431,0.009707381,0.008892244,0.008479612,0.009481539,0.0023639991,0.00560624,0.0075344834,0.010554953,0.009602603,0.009953021,0.010020709,0.004538714,0.010501516,0.010323467,1.2703688e-05,0.00632382,0.008239532,0.0039537614,1.4615867e-05,0.0078011947,9.010465e-06,0.008059525,4.1270173e-06,0.010244232,5.838783e-06,0.010813365,0.010841342,0.0045785927,0.0074570007,0.0052910694,0.010162326,0.008844834,0.0017030496,1.4305491e-05,7.043569e-06,1.915781e-06,0.010265736,9.542933e-06,0.0046314513,0.0106435055,0.008361304,9.02039e-06,0.009949036,7.0559836e-06,0.009571738,0.006409037,0.010370832,0.010610707,0.009725613,0.010296094,0.0024606204,0.00965392,6.2762997e-06,0.0071398653,0.0053740535,0.008924278,0.0063718758,0.0051392517,0.010179825,0.009934956,0.00085867225,8.328025e-06,0.003855943,0.010361584,0.010333348,0.008960329,0.003654202,0.0030342767,0.0020510391,0.009871734,0.009612844,0.0108918855,0.0,0.0067451424,0.0014893448,0.006391667,0.008751756,0.010571397,0.006253505,0.008070741,1.1255964e-05,0.0097611165,0.010143918,1.4425866e-06,0.009248997,0.0006777546,0.00913238,0.0007999388,0.0033775552,0.00729903,0.0072083664,0.009317378,-1.4504687e-06,0.0026801312,1.1579858e-05,0.0017410802,0.009129589,0.004237612,2.7148617e-06,0.0043037375,8.161365e-06,0.015329075,4.9837445e-06
0.0060466873,0.005909932,0.008413727,0.0013989145,0.008579015,0.0012636898,0.007042627,0.00907445,0.008244906,0.007888667,0.009089017,0.0017209917,0.004809152,0.0068784417,0.010171248,0.0090031745,0.009538022,0.009542739,0.0038884205,0.010186534,0.009881971,3.4415405e-06,0.005640104,0.0076775164,0.003355059,5.9142085e-06,0.0073431954,2.3419109e-06,0.007345018,-6.93474e-06,0.009888415,-1.1513737e-06,0.010476817,0.01032291,0.003799016,0.006856114,0.0045857034,0.010361124,0.0082148025,0.0008388904,8.62063e-06,1.1534369e-06,-3.708881e-06,0.009838748,-8.9874715e-07,0.004094721,0.010198765,0.007933045,-6.8884956e-06,0.009626389,-1.0193343e-06,0.009165183,0.005842139,0.009970369,0.010285345,0.009270937,0.00999409,0.0017026019,0.008948231,-1.5077642e-06,0.0063501014,0.004699149,0.008200324,0.005754199,0.00447091,0.009921065,0.009242391,0.0001749128,-5.8302453e-06,0.0031259062,0.010149729,0.010030478,0.008413857,0.0029371872,0.0022404394,0.0012577814,0.00936984,0.009173419,0.010440005,0.0067443512,0.0,0.0007031888,0.005838518,0.008129596,0.010278299,0.005376688,0.007486719,-1.6926637e-06,0.009354913,0.009699223,-7.688102e-08,0.0085269585,0.0003121824,0.008521917,1.0495079e-06,0.0027589116,0.0064675054,0.006491148,0.0087624425,-8.151655e-06,0.0018532259,2.169177e-06,0.0009353674,0.008731382,0.003269074,-4.3969153e-06,0.0034875507,-5.234533e-06,0.015053279,-6.997247e-07
0.0030604736,0.0025931145,0.0067385295,1.3927771e-05,0.0064558866,9.718698e-06,0.0047675767,0.007773033,0.006773783,0.0059574116,0.008265225,1.2657381e-05,0.004958458,0.0036158531,0.009906786,0.0077473135,0.008916245,0.008766724,0.00014698079,0.010961432,0.009825351,1.2699948e-05,0.0021969134,0.0056713587,0.00066159456,1.5630394e-05,0.0053277556,2.3099503e-06,0.005193857,7.944173e-06,0.009900351,1.1092809e-05,0.011148592,0.0100221345,0.0012925956,0.0032794909,0.00044838863,0.012203631,0.006699389,8.421379e-06,1.1113242e-05,1.2922721e-05,4.3647774e-06,0.009555387,9.472626e-06,0.0010872129,0.010151327,0.005201562,8.672418e-06,0.009170314,1.5113939e-05,0.007919998,0.0032678756,0.009533847,0.010713794,0.008274052,0.010659776,1.0445573e-05,0.007814839,4.725927e-06,0.003805357,0.0022124501,0.0066403607,0.0023076958,0.00081608153,0.010068915,0.008524271,6.5125614e-06,2.3766643e-06,1.2714383e-05,0.011917503,0.010689215,0.0061641033,0.00033544522,2.195741e-05,1.1399015e-05,0.008029185,0.008944228,0.013357589,0.003226997,0.001941108,0.0,0.0016620965,0.0062411698,0.010353751,0.0019437916,0.004374411,1.3129627e-05,0.009426499,0.008669841,4.6009804e-06,0.006794733,1.4896792e-05,0.007315587,1.5640588e-05,1.6404892e-05,0.004833326,0.004808002,0.008069068,-2.747359e-06,9.891477e-06,1.1637015e-05,1.6750422e-05,0.0065422836,0.00038081492,3.854659e-06,1.8036884e-05,-1.4200197e-06,0.020779688,1.6660337e-07
0.00603006,0.0057223286,0.008376191,0.0010923331,0.00870319,0.001386669,0.007077804,0.009184179,0.008183905,0.007834673,0.008994114,0.0014737479,0.0045968094,0.0068783015,0.009931949,0.008995867,0.009289435,0.009331252,0.0038339854,0.010288135,0.010014218,1.1961205e-05,0.00568094,0.00756109,0.0032364281,1.2466795e-05,0.007273311,6.330836e-06,0.00736526,6.3048474e-06,0.010018092,7.222876e-06,0.010541655,0.010431709,0.0035066237,0.0068247295,0.0046309293,0.010318487,0.008261752,0.0008439154,1.5258493e-05,8.6292175e-06,2.5646736e-07,0.009878134,3.3527588e-06,0.0038686623,0.01021462,0.0077500413,1.2725363e-06,0.009503226,7.724903e-06,0.009196419,0.0056412024,0.009900494,0.010294631,0.009265299,0.009983047,0.0016221189,0.009041039,3.0719277e-06,0.006372043,0.0044031437,0.00817348,0.0057846988,0.004471304,0.009748596,0.00921318,0.00026888936,-6.4902616e-07,0.0031968234,0.010079424,0.0100346785,0.008319607,0.0026597853,0.0021444242,0.001273867,0.009228574,0.009059928,0.010506868,0.006598764,0.005903222,0.0004900727,0.0,0.00794727,0.010163152,0.0052839196,0.007413744,1.1895415e-05,0.009304328,0.009591695,4.571492e-06,0.0085830735,0.00014944673,0.008646939,8.465517e-06,0.002466187,0.0063750516,0.006293176,0.008703438,-4.8360325e-06,0.0016783008,1.2690255e-05,0.00087734574,0.008740175,0.0032484513,-1.2033936e-06,0.0036427677,-1.1593033e-06,0.015257482,-1.3553415e-06
0.008599191,0.008639454,0.010851033,0.0045140977,0.010888489,0.0039301333,0.0096090175,0.0114863925,0.010736178,0.010476338,0.011468586,0.0043208487,0.008362122,0.009067065,0.012296086,0.011429714,0.0119647505,0.012018487,0.0064906385,0.012168849,0.012020823,0.0007101404,0.008015205,0.009948239,0.006216196,0.0015408015,0.009804514,4.6280916e-06,0.009929306,5.216964e-07,0.011953332,9.838814e-06,0.012340191,0.012507339,0.006819573,0.009062234,0.006783524,0.012393767,0.010832264,0.0037017106,0.002524652,8.063899e-06,2.1109224e-06,0.012348946,5.323282e-06,0.006933819,0.012377763,0.009993754,6.284968e-06,0.0120434,7.421485e-06,0.011604912,0.008466871,0.012295564,0.012504009,0.011683175,0.0119809285,0.004011737,0.01154412,4.5061197e-06,0.008798632,0.0075959717,0.010779852,0.008297011,0.006990816,0.012028836,0.011791126,0.002431023,4.8312268e-06,0.0057552387,0.01220931,0.012168291,0.010571004,0.0060057715,0.005221783,0.0037465652,0.01166168,0.011550052,0.012604794,0.008966768,0.008284592,0.003549847,0.007971732,0.0,0.012534115,0.008106676,0.009701208,0.0019867874,0.0116821015,0.011765076,6.2983095e-06,0.011021656,0.0017611348,0.01088235,0.0025493798,0.0051219794,0.009474047,0.009295413,0.011461441,5.5626145e-08,0.004603894,0.0017433038,0.0034990446,0.010865942,0.006394883,3.92683e-06,0.0057339645,6.0133184e-06,0.016535023,4.442481e-06
0.012011542,0.011611858,0.014770162,0.0076947375,0.0147959795,0.0074116206,0.012878487,0.015844945,0.014478402,0.014085017,0.015786747,0.007864499,0.011395906,0.012597801,0.01762333,0.015584388,0.016000899,0.016151989,0.009756773,0.018477362,0.01745082,0.004850008,0.01135902,0.013345887,0.00977458,0.006412576,0.013452942,0.0035171981,0.013343237,8.032633e-06,0.016850526,0.00073394325,0.018464675,0.017081684,0.010007792,0.01259853,0.010241385,0.019773712,0.014659437,0.007163976,0.0060708355,9.763276e-06,4.032026e-06,0.017527068,0.0033376704,0.010082185,0.017282896,0.0134038525,8.920411e-06,0.016656205,0.0036619136,0.015662566,0.011522424,0.01736109,0.018072225,0.01585997,0.018219063,0.0075245663,0.0154902125,0.0020582646,0.012091951,0.010639487,0.014079883,0.011480593,0.010358157,0.017967682,0.015912032,0.006418863,6.946624e-06,0.009182925,0.019547928,0.018599462,0.014419131,0.008980197,0.00879827,0.007325803,0.015852403,0.017282484,0.020894455,0.012084701,0.011582866,0.0071078134,0.011241397,0.014170775,0.0,0.011243748,0.013096544,0.005940575,0.017701669,0.016414627,6.7422143e-06,0.014729488,0.0063497922,0.014771178,0.006156164,0.008463939,0.013061755,0.012637811,0.015284465,-4.2029214e-07,0.008019429,0.00572801,0.006921863,0.0146790305,0.0097338045,8.590456e-06,0.009127422,0.0021858087,0.022123167,3.067139e-06
0.0061905463,0.00618962,0.00867987,0.0017918919,0.008800737,0.0012766314,0.007528345,0.009288859,0.00855821,0.008184098,0.009325329,0.0016647889,0.005943591,0.0068437434,0.010318673,0.00936753,0.010003365,0.0098545905,0.0038459937,0.0105375275,0.01000014,9.256235e-06,0.0056824563,0.007756693,0.0034681193,1.6074679e-05,0.007348676,9.854517e-06,0.007710589,7.4574214e-06,0.0099612335,4.745001e-06,0.010729262,0.010449314,0.004206375,0.006933674,0.004375879,0.010444754,0.008544574,0.00087695936,1.5872276e-05,5.1233555e-06,6.3700427e-06,0.010273365,5.7650864e-06,0.004241229,0.010357341,0.007874409,7.756085e-06,0.009924579,7.72267e-06,0.009434166,0.006130353,0.010286302,0.010726797,0.009524532,0.010146541,0.001423778,0.009472794,9.243722e-06,0.0065579773,0.0052242903,0.008479149,0.005931736,0.0046700053,0.010086399,0.009749004,1.001988e-05,5.011708e-06,0.003179161,0.010235468,0.010389644,0.008425832,0.0036468518,0.0024372828,0.0010600421,0.009653545,0.00964558,0.01119814,0.0068370746,0.0058808117,0.00094468927,0.0056762868,0.008420391,0.010660759,0.0,0.0074719624,1.23551545e-05,0.009730174,0.009854354,8.74935e-06,0.00891513,1.1768923e-05,0.00862685,1.0237712e-05,0.0024482121,0.0070110774,0.006865073,0.009179305,-3.0488056e-06,0.0020127858,1.3851669e-05,0.00082975946,0.008834804,0.0039406414,2.854618e-06,0.0032215186,3.4850407e-06,0.015521554,8.432359e-06
0.0072480473,0.007104191,0.009638588,0.0026951528,0.009821744,0.0026814467,0.008115335,0.010248432,0.009194054,0.008818189,0.009937974,0.0028562509,0.005739918,0.008062062,0.010982182,0.010097382,0.010151562,0.010138382,0.004892062,0.011000372,0.010821599,5.32576e-06,0.0068383613,0.008481522,0.0045335786,5.506131e-06,0.00837793,-1.8524296e-06,0.008428746,-4.882158e-06,0.010855001,1.333463e-06,0.011118528,0.011164242,0.0047895983,0.008092464,0.0058981413,0.011113667,0.009208804,0.0021495824,2.1354183e-05,2.0503403e-06,-7.2790676e-06,0.010791691,-2.7377994e-06,0.005038977,0.01091687,0.008930736,5.572671e-07,0.010466751,3.0431568e-07,0.01000469,0.0067051863,0.010848557,0.011004422,0.010134278,0.011017679,0.0029911103,0.009932812,-2.6388293e-06,0.0074609295,0.0056377943,0.009100083,0.006985721,0.0057189837,0.010615646,0.010050472,0.0017295965,-1.9401775e-06,0.0045231176,0.010918657,0.010768572,0.009608204,0.0039773844,0.0033275473,0.002697261,0.010460732,0.010306459,0.011351279,0.007773016,0.0072561493,0.0019357915,0.0069638174,0.009040201,0.010951546,0.006729181,0.0,0.00048275656,0.010490568,0.010938835,-2.3384248e-06,0.009488261,0.0016411614,0.00955554,0.0013645382,0.00398551,0.007567615,0.0073855086,0.009547194,-3.024685e-06,0.0030789054,0.00043002193,0.0022905194,0.009622883,0.0044223396,-2.4768153e-06,0.004884251,-2.5836293e-06,0.015731452,-4.159436e-06
0.00091057987,0.00036900095,0.005368608,-3.1528478e-05,0.0051871473,-3.2469554e-05,0.0029489654,0.006614268,0.0054725436,0.004442822,0.00731146,-3.6070083e-05,0.001991336,0.0017926808,0.010200877,0.006478341,0.008007036,0.00801497,-3.543221e-05,0.011314956,0.0096316,-2.8198183e-05,3.665077e-06,0.0036271708,-3.4001656e-05,-3.310195e-05,0.0035058716,-3.182509e-05,0.0033624705,-2.6268404e-05,0.008703983,-3.35324e-05,0.011364356,0.009342095,-2.992216e-05,0.0016410425,-3.1295644e-05,0.013545902,0.0054485067,-3.5443347e-05,-2.8253704e-05,-3.533416e-05,-1.9579362e-05,0.00933795,-3.5909397e-05,-3.362907e-05,0.00969104,0.0034866543,-3.30265e-05,0.008657765,-2.3613627e-05,0.0069404677,0.0010823496,0.009203899,0.010973229,0.007343492,0.010777475,-2.3583254e-05,0.00657954,-3.016865e-05,0.001738218,-3.2254837e-05,0.004987,0.0002790053,-3.249993e-05,0.010238868,0.0075996364,-2.3186856e-05,-3.1938634e-05,-2.5866575e-05,0.012928517,0.011389823,0.0047392086,-3.4412387e-05,-2.9292105e-05,-2.9145442e-05,0.0069923997,0.008926969,0.015098597,0.0010942874,-2.3996798e-05,-3.4757508e-05,-3.567985e-05,0.0049195676,0.010903822,-2.9417892e-05,0.0026044934,0.0,0.009359385,0.008001762,-2.6520549e-05,0.005440142,-3.5966597e-05,0.006037984,-3.12729e-05,-3.6469886e-05,0.0034809199,0.0029903422,0.0067985076,-3.0438054e-05,-3.2836542e-05,-2.6543932e-05,-3.576424e-05,0.005685816,-3.3409913e-05,-3.1215513e-05,-2.7442666e-05,-2.9182502e-05,0.021439124,-3.506445e-05
0.011206572,0.010791599,0.014176529,0.0067300014,0.014101646,0.006516416,0.011663901,0.015049097,0.013340943,0.013106591,0.014501661,0.007193321,0.01005569,0.011888109,0.016367832,0.014386996,0.014513928,0.014618078,0.008854766,0.017034093,0.016628522,0.004041254,0.010501701,0.012390485,0.008907511,0.006011821,0.012355511,0.0028094305,0.012178005,2.6038206e-06,0.015998626,0.00023124302,0.017197799,0.015750887,0.009030827,0.012003707,0.009453942,0.01825154,0.013572201,0.006281058,0.0051415698,7.481513e-06,4.1528015e-06,0.016240958,0.0028590458,0.0090835355,0.015838623,0.01268099,2.6745956e-06,0.015371945,0.0027845784,0.014399509,0.010308073,0.016514063,0.016688855,0.014426257,0.017925156,0.006662343,0.013942032,0.0014720941,0.011054265,0.009547288,0.0127692,0.0106789,0.009331624,0.016785225,0.014495338,0.0056272554,6.980838e-06,0.008316807,0.018588856,0.017426914,0.013945761,0.008289884,0.007791474,0.006530372,0.015012488,0.017443454,0.01986686,0.011199078,0.010814372,0.0062544085,0.010589753,0.013021643,0.016352627,0.010487665,0.012189665,0.0053346837,0.0,0.015904032,6.15742e-06,0.013563779,0.005801742,0.013521818,0.0053122393,0.007757356,0.011750507,0.01133409,0.013704589,4.783728e-06,0.007219098,0.004948766,0.0060785874,0.013763438,0.008650815,1.6462621e-06,0.008458837,0.001743323,0.025617959,6.4666674e-06
0.009345118,0.009598049,0.012695308,0.0055147796,0.012757447,0.0049808417,0.01064955,0.013492795,0.011969728,0.011629723,0.012665305,0.005880664,0.008614064,0.010870246,0.01431447,0.012905202,0.012829465,0.01298035,0.007751807,0.0144625995,0.014654101,0.002786073,0.009026434,0.011063715,0.0074144574,0.0039440496,0.011199343,0.0014813971,0.010981075,-1.7370564e-06,0.014381861,1.1588199e-07,0.015064979,0.014283848,0.007695452,0.010895232,0.008030682,0.014956228,0.012002519,0.00466227,0.003582295,5.501285e-06,-3.0870883e-06,0.014325437,0.001103615,0.00784333,0.013823257,0.011600034,2.8417773e-07,0.01344078,0.0014191056,0.012787023,0.009194482,0.014529132,0.014147968,0.013024126,0.015541209,0.0058595,0.01248115,7.145557e-07,0.01003401,0.008369132,0.011693298,0.009187957,0.0079835085,0.014300975,0.012884294,0.0041930764,5.892257e-07,0.0071648145,0.014990864,0.014392206,0.012712897,0.0067631863,0.006458768,0.005542322,0.013697529,0.014705229,0.01584088,0.010203539,0.009436471,0.004575595,0.009519768,0.01182228,0.014211043,0.00921843,0.011290781,0.004042535,0.015140697,0.0,-1.7989821e-06,0.012349879,0.004673302,0.012137764,0.0037660704,0.006341006,0.010311022,0.010021295,0.012202741,1.0545283e-07,0.0055548004,0.0037566335,0.004730477,0.01261183,0.0071940995,-1.6788848e-06,0.007191644,0.00029562027,0.021119578,2.4574192e-06
1.240942e-05,8.061169e-06,4.4979945e-05,2.2003225e-05,2.5247113e-05,2.8761783e-06,1.4008052e-05,3.3495246e-05,4.836197e-05,4.4136403e-05,4.8103815e-05,2.177653e-05,2.2089822e-05,1.1307573e-05,0.0054472373,2.628923e-05,4.1571242e-05,5.930199e-05,3.680718e-05,0.012307044,0.006055064,2.7230835e-05,1.5406953e-05,3.8754668e-05,6.8718878e-06,1.6498298e-05,1.3366641e-05,8.251264e-06,2.8623697e-05,1.7131735e-05,0.00063070323,-1.7225896e-06,0.012296921,0.0032766915,3.274315e-05,2.8819679e-05,2.8001741e-05,0.023651361,2.5191994e-05,8.699255e-06,6.9609023e-06,1.8291756e-05,1.18131475e-05,0.004385277,8.71449e-06,7.1034897e-06,0.0053472864,2.9831514e-05,3.191991e-06,0.002309566,4.612735e-07,5.536015e-05,4.0726125e-05,0.0029610451,0.010149434,5.1976956e-05,0.010266873,1.5525044e-05,4.9304028e-05,7.741811e-06,4.0381514e-05,3.8143993e-05,1.6028935e-05,1.2747166e-05,1.4705213e-05,0.00904773,5.3764248e-05,6.7184596e-06,2.0169971e-05,7.3939073e-06,0.022202052,0.013003011,4.045817e-05,1.6428492e-05,6.171735e-06,2.8382565e-05,4.1611893e-05,0.0025805815,0.030109892,3.880073e-05,2.8483042e-05,2.6901744e-05,3.8259444e-05,3.7432346e-05,0.007860783,1.234778e-05,1.9266226e-05,1.3091494e-05,0.0050454657,3.0719748e-05,0.0,4.4076456e-05,1.067849e-05,4.859817e-05,1.0220786e-05,2.4087905e-05,3.6135065e-05,1.461182e-05,2.699574e-05,1.934243e-05,9.342519e-06,4.5703737e-06,1.644517e-05,4.5040455e-05,2.8841916e-05,-4.6488913e-06,2.0533098e-05,4.9302616e-07,0.025737522,2.626867e-05
0.009002499,0.0088816825,0.011317779,0.004502974,0.011382902,0.00441569,0.009825407,0.011925076,0.011097973,0.010809497,0.011903143,0.004894422,0.008321234,0.0097482,0.012876177,0.01197468,0.012264554,0.012253874,0.006939183,0.012789498,0.0126244845,0.001452884,0.008540274,0.010413806,0.0066244584,0.0015239918,0.010286825,6.7055025e-06,0.010287682,4.460915e-07,0.012430085,8.846446e-06,0.012970026,0.012926179,0.0070324535,0.009705235,0.0075868056,0.012885378,0.011069183,0.0041346285,0.0024563137,8.087444e-06,-7.114313e-07,0.012712997,8.968458e-06,0.007087469,0.012916387,0.010500821,5.7806606e-06,0.012397305,1.1545114e-05,0.011878698,0.008734062,0.012586125,0.012906979,0.012029006,0.012434625,0.0047893,0.011966275,9.982338e-06,0.009380117,0.007852153,0.011068351,0.00872427,0.007488456,0.012492828,0.012227919,0.003341081,5.892837e-06,0.0063289385,0.012600073,0.012728454,0.011103451,0.005964457,0.0056173224,0.0042861267,0.012099913,0.011942131,0.0129197845,0.009517707,0.0087810885,0.0040639937,0.008608823,0.010928764,0.012791302,0.008270205,0.010156904,0.0020973738,0.012177379,0.012383663,4.0738646e-06,0.0,0.003141664,0.011555704,0.0029747013,0.005656724,0.0098046055,0.00952451,0.01169555,3.3362196e-06,0.0050744866,0.0023716714,0.0041586733,0.011363052,0.0066534043,1.198858e-06,0.006488987,7.633059e-06,0.016741537,-1.6403057e-07
0.00074325624,0.0002128319,0.0047602435,-1.3629185e-05,0.0046583964,-1.4849956e-05,0.0023020585,0.0059602195,0.004479153,0.0034302596,0.0060955826,-1.2327112e-05,-8.6180025e-06,0.0019016045,0.008727154,0.005527606,0.0065780943,0.0064454093,-1.5433543e-05,0.010418502,0.008759862,-2.2425826e-05,0.00028492894,0.0030930196,-1.509028e-05,-1.3467278e-05,0.0030336725,-1.2923371e-05,0.0026979907,-1.857752e-05,0.007940321,-2.2958982e-05,0.010612949,0.008328247,-1.4259056e-05,0.0018148429,-1.6940949e-05,0.012922546,0.004522033,-2.1706384e-05,-1.6086244e-05,-2.0604786e-05,-1.3930907e-05,0.008202849,-2.2420145e-05,-1.2224487e-05,0.008785743,0.0032034244,-1.9681182e-05,0.007309075,-2.0878855e-05,0.005917049,0.00048462456,0.008407126,0.00976391,0.006207987,0.009929929,-2.2420267e-05,0.0053801453,-1.920918e-05,0.0016127236,-1.495384e-05,0.0041107596,0.00044702902,-1.570969e-05,0.009239778,0.006357251,-1.3158215e-05,-1.7871322e-05,-1.2886384e-05,0.012461067,0.010468962,0.0042966222,-1.9317287e-05,-1.2630174e-05,-1.9000241e-05,0.0060402215,0.008002988,0.014497096,0.0012758164,0.00040202195,-1.2452739e-05,0.00021987983,0.0036001187,0.0092642335,-1.3249116e-05,0.0025157158,-1.8304563e-05,0.008739769,0.007149401,-2.0105059e-05,0.004608894,0.0,0.0049808756,-1.3341742e-05,-2.346017e-05,0.001521766,0.0012301989,0.0053382698,-2.5738487e-05,-1.9219204e-05,-2.2203012e-05,-1.2642349e-05,0.0044681486,-1.883868e-05,-1.8561092e-05,-2.1329024e-05,-2.313503e-05,0.018330675,-2.914218e-05
0.009361685,0.008970658,0.011513853,0.0043593775,0.011750549,0.004636075,0.01024346,0.012273908,0.011699993,0.011146198,0.0124922255,0.0053929295,0.0086426325,0.009909154,0.013252714,0.012322282,0.012817344,0.012690473,0.007391618,0.013711445,0.01329125,0.0020017822,0.009051234,0.011043938,0.0074324766,0.002707489,0.010999433,5.0695155e-05,0.010675997,-6.6018415e-06,0.013138316,-1.2129034e-06,0.013842851,0.013715644,0.0074789883,0.00992696,0.008027805,0.013542913,0.011611908,0.004310688,0.0028396721,2.7158717e-06,-8.969033e-06,0.013152469,3.1834863e-06,0.007713651,0.013591049,0.0108928755,-6.745923e-06,0.012800489,0.0002779452,0.0123461485,0.009025613,0.012874205,0.013558911,0.012681095,0.01312019,0.005209894,0.012486696,-1.3286593e-06,0.009921939,0.008229086,0.011527965,0.008944078,0.007975365,0.0131605035,0.012644336,0.003584072,-1.9042843e-06,0.0067068604,0.013211735,0.013387347,0.011332373,0.005989275,0.0063138395,0.0045688576,0.012308482,0.012052728,0.0134825595,0.009743001,0.00901806,0.004536151,0.008778904,0.011039552,0.013426104,0.008263479,0.010278841,0.002844247,0.012221132,0.012664176,-2.5973181e-06,0.011759258,0.0039949818,0.0,0.0032964454,0.00570542,0.010177712,0.009982771,0.012356178,-1.0234355e-05,0.005363158,0.0026959032,0.0045478367,0.011867118,0.0066976678,-4.554525e-06,0.006668116,-2.207066e-06,0.017236847,-3.3903286e-06
0.0014256706,0.0011077835,0.005413582,4.1228827e-06,0.005198901,3.5479277e-06,0.0032227917,0.0064620506,0.0053939153,0.004582298,0.006935895,8.688843e-06,0.0015232628,0.0022360887,0.009000048,0.006357738,0.007651899,0.0075701717,1.5298187e-05,0.010438966,0.009067292,1.2679832e-05,0.0006948902,0.0039228136,1.4269182e-05,7.981269e-06,0.003587424,6.471822e-06,0.0036697856,5.4266984e-06,0.008383206,2.3225628e-06,0.010746066,0.009002166,1.0648424e-05,0.0021562185,9.517503e-06,0.012302011,0.0054098046,7.4602904e-06,1.2065591e-05,1.3890582e-06,-4.8519846e-06,0.008670909,8.256788e-06,1.4996872e-05,0.009147372,0.0038980648,-7.4092804e-06,0.008097516,8.250204e-06,0.0068293004,0.0013325851,0.008648838,0.010108572,0.0071188505,0.0097245155,3.2136575e-06,0.006416618,9.943131e-06,0.002049326,1.7772465e-05,0.0050403113,0.000837785,6.674081e-06,0.009532461,0.007282855,9.5835085e-06,2.965551e-06,6.9542234e-06,0.011785186,0.010405657,0.0048208893,8.170874e-06,7.1912923e-06,9.860761e-06,0.006842702,0.00793695,0.013461252,0.0018814625,0.0007357265,6.4618966e-06,0.00035663153,0.0048254197,0.009741725,0.00041735865,0.0029942794,1.1329581e-06,0.008287133,0.0076340255,-1.0623264e-06,0.0054134624,-2.8219554e-07,0.005736568,0.0,1.1123174e-05,0.0029736832,0.0026698632,0.0065925117,-3.7465227e-07,9.077822e-06,9.191808e-06,1.4245748e-05,0.0052278233,1.7582832e-05,4.334262e-06,4.015262e-06,-4.7913722e-06,0.016498582,-7.697546e-06
0.0038244363,0.0035769443,0.006810171,2.3484686e-06,0.0068999757,6.661798e-06,0.005198252,0.007684964,0.0067608566,0.0062210886,0.007920744,4.765571e-06,0.0031974094,0.004663133,0.00937695,0.007729292,0.008398632,0.008349701,0.0011754147,0.0101109035,0.00932191,2.6790265e-06,0.0032967336,0.0057443096,0.00088127994,5.102064e-06,0.0054641115,2.1837711e-06,0.0055505238,4.12757e-06,0.009036184,6.960043e-06,0.010245486,0.009575826,0.0013183726,0.0045253164,0.0019457623,0.010921621,0.006794303,3.1177387e-06,8.422389e-06,-7.827267e-07,3.6436204e-06,0.009113599,7.8603825e-06,0.0016351757,0.009483264,0.00586791,-2.1618239e-06,0.008694853,7.6614197e-07,0.007844238,0.0036670035,0.009041483,0.0100447815,0.008055,0.009534136,1.2422015e-06,0.0076385597,1.788931e-06,0.004340036,0.0024505472,0.006696557,0.003386506,0.0019187725,0.009448187,0.008259788,3.377601e-06,2.554235e-06,0.00036774203,0.010439715,0.010034843,0.0066279666,0.00028067306,1.4771429e-05,6.616582e-06,0.007921266,0.008426482,0.010883445,0.004506591,0.0033867946,5.9339095e-06,0.0032907273,0.0063443566,0.009676033,0.0030443957,0.0053971987,7.953306e-06,0.008598911,0.0083848825,-1.8237305e-06,0.0069568926,2.6551973e-07,0.0070800767,8.042078e-06,0.0,0.004712327,0.004446771,0.0075389077,-9.145623e-06,7.250103e-06,1.7733237e-06,6.7285528e-06,0.006901102,0.000876991,1.1628532e-06,0.00044793892,6.122835e-06,0.015415225,-2.6432185e-06
0.008054447,0.00792483,0.010259949,0.003913077,0.010191993,0.0028854099,0.009228895,0.010853349,0.010612312,0.010139855,0.01120862,0.0038272657,0.00913864,0.008401743,0.011796349,0.01107917,0.0119018,0.012039371,0.00609147,0.01179303,0.011434537,3.4703593e-05,0.0074773016,0.009808092,0.0060805916,0.00090904906,0.009424318,6.119553e-06,0.009747352,4.9582336e-06,0.011520553,1.0615276e-05,0.012159214,0.012182704,0.006837998,0.008189166,0.0061844387,0.0118623,0.010537991,0.0027158102,0.0029884581,7.960085e-06,1.3859251e-06,0.0117506785,5.6028052e-06,0.0067387205,0.012017129,0.00951197,-6.2761234e-07,0.011717343,1.1794371e-05,0.011324062,0.008148221,0.011579195,0.012008085,0.011372023,0.0114439735,0.0031698686,0.011312251,9.328975e-06,0.00858637,0.0076376963,0.010596557,0.0075803143,0.0064634504,0.011593392,0.011749431,0.0013478242,5.8508276e-06,0.0052659903,0.011586776,0.011783386,0.009854495,0.005882379,0.005043298,0.0026432246,0.011018631,0.010633645,0.012430284,0.008377705,0.0074193967,0.003396917,0.007275858,0.010349004,0.012106955,0.0073540397,0.00893595,0.0010164286,0.010676734,0.01117316,3.0884887e-06,0.0106151,0.000177584,0.0108064925,0.0014555297,0.0042049745,0.0,0.009467138,0.01138843,4.246199e-06,0.0039698873,0.0008335045,0.0024926255,0.010466216,0.006630636,7.079206e-06,0.004812469,6.742777e-06,0.016553788,1.4953271e-06
0.007905043,0.0076670554,0.010008367,0.0035966237,0.0099314,0.0028630262,0.009176214,0.0106266495,0.010266606,0.009810761,0.010988464,0.0035749113,0.008780412,0.0082168365,0.01171038,0.011030391,0.011579155,0.011818364,0.0057670353,0.011710059,0.011373124,5.5772438e-05,0.0072356374,0.009706528,0.005946402,0.0002623766,0.00929576,1.105043e-05,0.00949923,7.2902044e-06,0.011383768,1.36651215e-05,0.012055302,0.011991176,0.0064935368,0.008037999,0.0061450102,0.011752092,0.01021407,0.0025337522,0.0026095412,1.4727954e-05,1.6176128e-06,0.011580674,1.449529e-05,0.0063658776,0.011954065,0.009379567,4.682481e-06,0.011468258,1.7336002e-05,0.011083989,0.007954185,0.011356609,0.011826388,0.011163585,0.011231072,0.0029850444,0.011116358,1.1095558e-05,0.008447927,0.007300382,0.010259608,0.0075046713,0.006356898,0.011419609,0.011569935,0.0012172343,1.07555525e-05,0.004922059,0.011223042,0.01152483,0.009671355,0.005632248,0.0047231475,0.0024883891,0.010972284,0.0105125075,0.012233759,0.008226605,0.0072085448,0.003124166,0.0069535472,0.010081427,0.011875122,0.007329897,0.00885844,0.0005901226,0.010592622,0.010964853,7.957228e-06,0.010531006,0.00010983847,0.010529632,0.0013617744,0.0038515176,0.009173472,0.0,0.011094025,-1.5793566e-08,0.0038166195,0.00054223277,0.0023934247,0.010276182,0.006338636,1.0075405e-05,0.0045728846,9.85213e-06,0.016354311,2.5762156e-06
0.0100205615,0.009787689,0.01205702,0.005764008,0.012355297,0.0052653495,0.011070454,0.012757077,0.012391167,0.011799691,0.013142148,0.0058539184,0.009845656,0.010406763,0.014060891,0.0129111735,0.013550785,0.013727881,0.007948516,0.014225521,0.013828061,0.002537404,0.009389758,0.011544278,0.007977919,0.0034158055,0.011531138,0.0005762013,0.011292614,5.113095e-06,0.013612156,1.1301406e-05,0.01436276,0.01425105,0.0083391,0.010295737,0.008257989,0.014365489,0.012195239,0.0051163738,0.004092882,1.13362385e-05,6.3768753e-06,0.013935009,0.00053916743,0.008463812,0.014220685,0.011432483,2.1393696e-06,0.013688704,0.0010309488,0.013035586,0.009758203,0.013715683,0.014204684,0.013281154,0.013568678,0.0055145305,0.013013862,8.2515635e-06,0.010457446,0.009030358,0.012196602,0.009564582,0.008492457,0.013712727,0.013403828,0.003959056,5.0743956e-06,0.007269719,0.013854023,0.013979562,0.011893798,0.0073393197,0.0070066107,0.005194618,0.01293187,0.012771201,0.014188958,0.010304206,0.009625186,0.0053705643,0.009240399,0.012075057,0.014011033,0.009284946,0.010772162,0.003431626,0.012953049,0.013118765,2.184202e-06,0.0124165425,0.0035616015,0.012647811,0.003929529,0.006412723,0.011077951,0.01087029,0.0,4.6136646e-09,0.0061120787,0.0033074715,0.00505456,0.012253895,0.007933292,9.769283e-06,0.0070791556,4.7425233e-06,0.017471395,2.671124e-06
-2.1581493e-06,8.300926e-07,1.7973829e-06,-9.314825e-06,3.6985862e-06,1.9146992e-05,2.2507473e-05,1.4002451e-05,1.5829863e-05,5.083365e-06,-8.8533355e-08,1.0751628e-05,1.5082986e-05,2.2555472e-05,6.2326717e-06,1.4844964e-05,3.3464807e-05,-8.455418e-06,7.293357e-06,2.885573e-05,3.9225644e-05,1.23641485e-05,1.2779354e-06,-8.701358e-06,1.605055e-05,-1.4164167e-05,-9.694688e-06,1.675156e-05,2.7781445e-05,-6.0333537e-06,1.1178693e-05,3.381965e-06,1.9689353e-06,2.4332396e-05,2.091033e-05,-7.0926176e-06,-4.131246e-06,0.033915367,-2.7361111e-06,1.4243294e-05,2.5375375e-05,1.0554689e-05,1.2551129e-05,-9.2669275e-08,-7.8113874e-07,6.444498e-06,1.1349843e-05,6.4929754e-06,1.245989e-05,3.849518e-06,2.4098388e-05,1.8612274e-05,7.547082e-06,1.4116114e-05,4.017545e-05,1.39525455e-05,-4.0304813e-06,-7.361029e-06,-6.2265954e-06,-7.496343e-06,2.6140175e-05,-3.5794624e-06,1.2168615e-05,1.6149736e-05,-3.1792551e-06,1.6846152e-05,-9.0491885e-06,-3.1958668e-06,-5.520741e-07,1.7840874e-05,0.028488876,0.00081620883,2.5639516e-05,-9.385513e-06,3.5820577e-07,-1.3938269e-05,1.3227685e-05,3.3377666e-05,0.051069804,-4.659659e-06,2.2309432e-05,7.0790597e-06,4.7411454e-06,2.845933e-05,1.6588294e-05,2.422467e-05,-8.155829e-06,1.5884607e-05,5.3497445e-07,8.965638e-06,7.834927e-06,1.967707e-05,1.540086e-05,2.1668853e-05,1.7341174e-05,1.1288694e-05,2.1477845e-05,8.270363e-06,2.2511778e-05,0.0,-6.3102116e-06,4.842129e-06,-3.81975e-06,3.0663963e-05,1.2799139e-05,1.2094459e-06,6.181199e-06,1.739487e-05,0.01975594,4.884282e-06
0.0037977342,0.003527938,0.0069759414,7.461721e-06,0.0068453094,-1.980571e-06,0.005258332,0.007874095,0.007108504,0.0063636573,0.008282586,1.11061045e-05,0.0042513036,0.004240374,0.009686066,0.007965415,0.008901202,0.008824522,0.0011716174,0.010586179,0.0096404,4.3781815e-06,0.0030600892,0.005988846,0.0011215949,1.0825617e-05,0.005503177,-3.3699698e-06,0.005538487,-7.036508e-06,0.009235052,3.0447559e-06,0.010714023,0.009767091,0.0016060378,0.004181252,0.0013297766,0.011049477,0.0069643226,2.1145763e-06,1.07215255e-05,-1.4947657e-06,-3.4892798e-06,0.009521247,-5.2102e-06,0.0018084007,0.010005397,0.0057420987,-6.9634807e-06,0.00910716,6.7058926e-07,0.008104203,0.0037954743,0.009387086,0.010436508,0.008404694,0.009534366,-1.5144761e-06,0.007968928,-6.191587e-07,0.004354522,0.0026596864,0.0068721417,0.0031286483,0.001871108,0.009712,0.008592003,4.9831233e-06,3.425453e-06,0.00018967928,0.010569422,0.01003972,0.0064517637,0.0006629489,9.941544e-06,2.65282e-06,0.008114509,0.008756124,0.011769632,0.004138111,0.002934526,8.009571e-06,0.0026686105,0.0066121453,0.010055752,0.00284345,0.005141686,6.0870293e-06,0.008929641,0.008728432,-6.2448653e-06,0.007091875,-4.8412126e-06,0.0073053706,3.9143706e-06,9.360059e-06,0.0051640626,0.004989264,0.007965368,-6.5850163e-06,0.0,5.1100524e-06,-1.8774456e-06,0.006862377,0.001050894,-6.1009678e-06,5.471136e-06,-3.6580723e-06,0.0165827,-5.708072e-06
0.00035201138,0.00015565821,0.0050726016,1.4115991e-05,0.004913007,1.8806346e-05,0.0026085738,0.0060271695,0.0051023895,0.0040641036,0.006918873,2.3626688e-05,0.0010280218,0.0013814418,0.009265269,0.00630475,0.0075848945,0.00766406,2.2123273e-05,0.010876171,0.009324568,1.6159538e-05,3.0121311e-05,0.003526664,2.226e-05,1.2789622e-05,0.0030994632,6.320177e-06,0.0030698527,-2.8588836e-06,0.008371571,1.6805356e-05,0.01098576,0.009153418,2.4316834e-05,0.00077539735,2.5578915e-05,0.013255742,0.0052081593,1.5058834e-05,1.4298557e-05,7.3338233e-06,7.561121e-06,0.008884667,5.361536e-06,2.398057e-05,0.009327482,0.0028388258,-5.100817e-06,0.008282993,8.1733615e-06,0.006654071,0.0006167656,0.008784517,0.010392565,0.00704548,0.010279455,1.3861415e-05,0.0062438436,4.167353e-06,0.0015369856,3.147028e-05,0.0048279567,2.1257834e-05,2.7359398e-05,0.009774096,0.0071826,1.0590533e-05,3.1825195e-06,2.2395661e-05,0.012760931,0.010917461,0.0041349,1.6851918e-05,1.6181159e-05,1.0230741e-05,0.0066959164,0.008264428,0.01440032,0.0010741147,2.5889483e-05,1.7957915e-05,2.3585912e-05,0.0043439195,0.009988377,3.0516665e-05,0.0023495294,7.259983e-06,0.008812416,0.007564766,8.5620843e-07,0.0051644007,1.4625207e-05,0.005518048,1.3052279e-05,1.2858102e-05,0.002464981,0.0020883947,0.0062796487,2.664921e-06,1.381667e-05,0.0,1.739141e-05,0.0049604713,2.750674e-05,1.1732609e-06,1.6424865e-05,2.5554235e-07,0.018169677,-2.1541032e-06
0.0023614864,0.002071843,0.006126305,2.2969366e-06,0.0059760963,-4.1660774e-06,0.0039393473,0.00710022,0.006076843,0.005153343,0.0073749437,2.7620613e-06,0.0022905509,0.003116931,0.009324488,0.0069291326,0.008069385,0.007922286,4.6298605e-06,0.010659588,0.009315615,2.2917907e-07,0.0016768727,0.0047205565,8.322343e-06,-2.1523138e-06,0.004461026,8.095467e-07,0.0044320063,-1.449551e-05,0.008871131,9.3247286e-07,0.010779747,0.009370661,6.701533e-06,0.0031265286,0.00010994126,0.01213061,0.005986634,1.5609506e-06,6.4628675e-06,1.5095751e-06,-1.7845737e-06,0.009003042,-7.921496e-06,0.00020365558,0.009513961,0.0046037245,-7.420244e-07,0.008562676,-4.7565945e-07,0.0072193807,0.0023189664,0.008996889,0.010246101,0.00761792,0.010011226,-2.1620885e-06,0.007085568,-3.7991745e-06,0.0030170993,0.0009339067,0.005852087,0.001811395,0.00033979674,0.009583034,0.007786932,1.1474299e-06,-6.4065684e-06,2.951948e-06,0.011640507,0.010505666,0.005588383,6.7602537e-06,3.5516175e-06,-5.235251e-06,0.0073677357,0.008385767,0.012391431,0.0028600206,0.001660185,2.6913328e-06,0.001510445,0.005322541,0.009793628,0.001322087,0.003829306,-5.07029e-06,0.008811673,0.008201454,-1.37770385e-05,0.006245985,-2.9749244e-06,0.0065063965,3.370588e-06,-1.1863001e-06,0.0036409344,0.003556869,0.0070459405,-1.7797616e-06,-1.941277e-06,-5.945876e-06,0.0,0.0059239306,1.2338002e-06,-3.1981717e-06,6.008734e-07,-1.1280706e-05,0.016965242,-9.01906e-06
0.008775059,0.008439767,0.011105654,0.0040773903,0.011238643,0.004103874,0.009596717,0.01182467,0.010814318,0.010499451,0.011548593,0.0045227967,0.00722594,0.009523221,0.012507228,0.011490658,0.011777218,0.011862507,0.006715447,0.0127545325,0.012649275,0.0011009572,0.0084396815,0.009980519,0.0061080405,0.0015703975,0.010153946,1.3266502e-05,0.009860154,4.085399e-06,0.012737758,1.4196105e-05,0.0129648,0.012736197,0.006382913,0.009537303,0.0073233396,0.012265957,0.010791182,0.0038400223,0.0017135576,1.1432501e-05,1.8981882e-06,0.012211735,1.3048103e-05,0.006716923,0.012688586,0.010255054,4.270076e-06,0.011858555,1.3754735e-05,0.011554013,0.008081871,0.0124447765,0.01252119,0.011686843,0.012579409,0.004638829,0.011331249,1.1348876e-05,0.009175719,0.0071876044,0.010593514,0.008511785,0.0072365766,0.012222905,0.011583817,0.0032341992,7.410427e-06,0.006061247,0.012412074,0.012450457,0.011067842,0.005294852,0.005141601,0.0042727888,0.011898476,0.0118352985,0.012991878,0.009147734,0.008715346,0.0035445841,0.008473441,0.010521117,0.01236526,0.007888886,0.009909125,0.0020537474,0.011973319,0.012213991,7.6097513e-06,0.011002913,0.00343306,0.011163783,0.002901136,0.00546,0.009108954,0.008858999,0.011285109,1.1671286e-06,0.0046458147,0.002249257,0.0038012774,0.0,0.00595218,5.3876497e-06,0.0064761713,7.322549e-06,0.01711,4.2320744e-06
0.0054291673,0.0053014634,0.007931009,0.0009594506,0.007773772,2.7942951e-05,0.00688975,0.008731667,0.008081459,0.0077513573,0.009155562,0.0008460172,0.007708101,0.005626262,0.010135774,0.008945484,0.009973841,0.010116907,0.0032227132,0.010592982,0.00992327,2.6047937e-05,0.004703612,0.007310725,0.0034820319,2.942364e-05,0.0067706853,2.5481253e-05,0.0071181376,1.9942996e-05,0.009989245,2.2702052e-05,0.010903151,0.010292314,0.0042574243,0.005494975,0.0034159147,0.011526004,0.008180037,3.0357729e-05,0.0011805275,2.5470654e-05,1.8387516e-05,0.009956206,2.4471183e-05,0.0039686984,0.010413823,0.006884209,1.8499695e-05,0.009817452,2.9847957e-05,0.0091233505,0.0056850677,0.009915046,0.010660598,0.009209258,0.010134028,6.245375e-05,0.009120622,2.2650082e-05,0.0059581124,0.005030406,0.008206369,0.0049326424,0.0037835333,0.010078113,0.009631657,2.923826e-05,2.3847408e-05,0.0023139364,0.011067582,0.01046333,0.0075269523,0.0039339093,0.002037702,2.7822052e-05,0.00908365,0.00911548,0.01217438,0.005775704,0.004720324,0.00041399285,0.0044109467,0.007987047,0.010509971,0.0048775207,0.0064378222,3.0386149e-05,0.009381373,0.009301924,2.3802937e-05,0.008248683,2.7655033e-05,0.008366481,2.524898e-05,0.0010623562,0.0075896,0.0070344787,0.009017016,8.779557e-06,0.0009761624,2.9147068e-05,2.915362e-05,0.008106396,0.0,2.2436057e-05,0.0015370171,2.4679151e-05,0.017491637,1.6894663e-05
2.4924662e-05,1.8910732e-05,2.122324e-05,1.3805775e-05,3.687373e-05,1.8475894e-05,2.9976754e-05,3.2409796e-05,4.1643743e-05,2.988958e-05,4.4141747e-05,1.3887246e-05,2.8295453e-05,7.527074e-06,0.006162598,3.6911333e-05,0.00018928693,6.5484826e-05,4.2510052e-07,0.012959028,0.0069467505,3.035689e-06,-2.1784738e-06,3.0582734e-05,2.2620823e-05,-4.019663e-06,2.4822679e-05,1.1946823e-05,1.1645979e-05,2.0928297e-05,0.0015991576,2.1519583e-05,0.012934001,0.0041552233,-1.0971088e-06,1.7365464e-05,7.872874e-06,0.023684733,2.3503337e-05,4.510438e-06,3.4998845e-06,2.672571e-05,1.4424802e-05,0.005179562,2.0558304e-05,8.640282e-07,0.006203653,7.981921e-06,-1.0303982e-05,0.0031957254,-5.5657256e-06,5.2533804e-05,-9.0014004e-07,0.0039103874,0.010716012,4.8134945e-05,0.011024069,-2.0221246e-06,3.916616e-05,1.4465436e-05,1.9362997e-05,1.2566293e-05,3.88697e-05,6.5939307e-06,1.7054299e-05,0.009788578,3.8251666e-05,1.3572255e-05,-8.472663e-06,7.777797e-06,0.022002673,0.013347667,2.0687508e-05,3.1864583e-06,2.2830907e-05,1.6356693e-05,2.4466142e-05,0.0034511834,0.030540604,2.0690632e-05,1.373736e-05,-5.002658e-06,-4.1011212e-06,3.6108384e-05,0.008463489,2.5164933e-05,2.9491624e-05,5.336043e-06,0.0059339222,4.472526e-05,1.01104215e-05,4.399762e-05,-2.6455014e-06,4.8546117e-05,2.385727e-05,2.666133e-05,1.866547e-05,1.1135333e-05,5.3866588e-05,7.7740737e-07,2.3525927e-06,2.4216035e-05,7.021227e-06,2.3879275e-05,1.7199847e-05,0.0,2.2184382e-05,1.3526047e-05,0.027082985,-5.437219e-06
0.004064298,0.0037278784,0.006931191,7.0825295e-06,0.007159721,1.7912746e-06,0.0053730304,0.007910839,0.006890866,0.006202748,0.0077608614,7.967479e-06,0.0026531848,0.0049896776,0.009410098,0.0077741737,0.0083399,0.008211264,0.0015462158,0.010162499,0.009223151,3.3214528e-06,0.003693876,0.005938079,0.0009714785,8.1974495e-06,0.0056009986,4.399364e-06,0.0055219703,-2.9462938e-06,0.009133179,-2.0110578e-07,0.0103971455,0.009591121,0.0014459394,0.0048938235,0.0025777598,0.010815945,0.0069468245,1.8596058e-06,1.3715457e-05,7.5759053e-06,-2.4221865e-06,0.009095045,1.4865152e-06,0.0017782495,0.009469388,0.006096356,7.685921e-07,0.008558773,2.1781245e-06,0.0077681555,0.003684998,0.00923877,0.009870537,0.008076463,0.009592139,8.380185e-06,0.007675991,1.869283e-07,0.00464179,0.002469355,0.006771011,0.0038454526,0.0023682439,0.009458748,0.008185026,6.6704974e-06,-1.05983695e-07,0.0009272738,0.010499953,0.009923742,0.006797717,0.00019778544,1.28499e-05,4.8299567e-06,0.008002713,0.008487347,0.010648507,0.0048314226,0.0039043538,1.01264295e-05,0.0036309345,0.0064258617,0.009601112,0.0032243484,0.005523193,1.5421512e-06,0.008630961,0.008685406,-5.2991522e-06,0.006982186,6.667459e-06,0.0071909307,8.430611e-06,0.00028505517,0.0045848703,0.004363876,0.0074284165,9.872226e-08,8.160897e-06,6.095539e-06,4.2594734e-06,0.0071082255,0.0009204765,-7.8986886e-07,0.0,6.506232e-07,0.015092785,1.6657343e-06
1.6248334e-06,8.412722e-06,0.00086929736,-7.3635206e-06,0.0005090162,-7.875064e-07,2.52384e-06,0.0027518617,0.0008286183,5.0143403e-06,0.003894384,-1.6148324e-05,-5.060784e-06,-7.1577256e-06,0.008055568,0.002472356,0.005003158,0.00454279,-2.9224825e-06,0.010859207,0.008240911,-7.5883563e-06,-6.7395144e-06,2.3043365e-06,9.712985e-07,-9.11047e-06,-3.5142157e-06,-2.8675577e-06,-1.5840678e-06,-1.2212917e-05,0.0058530876,-1.405393e-05,0.010966397,0.007199774,-5.062535e-06,-1.2072558e-05,-1.1798387e-05,0.015302132,0.0010737993,1.961211e-06,-7.546846e-06,-3.6744286e-06,-2.1206071e-05,0.00737863,-1.0705318e-05,-5.143547e-06,0.008051379,-1.0670027e-05,-7.921854e-06,0.0064396574,-5.916244e-06,0.0030034287,-8.835472e-06,0.007175238,0.009922639,0.0037235667,0.009958121,-1.6246639e-05,0.00236634,2.8381207e-06,7.0217807e-06,-1.44608675e-05,1.3471824e-06,-9.746963e-06,-4.086134e-06,0.009306013,0.004329502,-1.20383565e-05,-1.2524419e-05,-9.8419805e-06,0.014576451,0.011067572,4.4155427e-06,5.4291772e-06,-1.2677967e-05,-5.5039563e-06,0.0029478888,0.0067790984,0.017776538,6.820799e-06,2.0873845e-06,-1.6909666e-05,-8.290877e-06,-6.3610846e-06,0.0090863025,-5.627332e-06,2.0544383e-06,-4.2534243e-06,0.007679995,0.004801004,8.0060323e-07,0.0007497987,5.6986355e-06,0.0014022586,-4.8286424e-06,-1.5991742e-05,4.29542e-06,-1.7288531e-06,0.0026960594,-7.2107146e-06,4.2444904e-06,3.4318246e-06,6.134652e-06,0.0003701539,8.251107e-06,-1.9102035e-05,6.7418227e-06,0.0,0.01897279,-1.5020344e-05
0.014761309,0.014641795,0.016040757,0.012583767,0.01599612,0.012068075,0.015298017,0.016477657,0.01599688,0.0159102,0.016492754,0.012513104,0.0152238,0.01475668,0.017275834,0.016363373,0.016662763,0.016881205,0.013521483,0.017702466,0.01733951,0.010403876,0.014312818,0.015524882,0.013575989,0.009509377,0.015317758,0.0091244895,0.01550631,0.004054088,0.016902843,0.007142465,0.017824281,0.017025217,0.013955783,0.014789854,0.013679841,0.01849023,0.016110688,0.012091523,0.012124544,0.007366265,0.000854757,0.017305294,0.009372524,0.013904007,0.01707433,0.01535263,0.002411525,0.017021663,0.0093747405,0.016450161,0.014567357,0.01724631,0.017656693,0.016598098,0.017768059,0.011976747,0.016513042,0.008634665,0.014667643,0.014480272,0.015777437,0.014369935,0.013817062,0.017566284,0.01663596,0.01104243,0.0049673514,0.013294591,0.018439466,0.0179766,0.01569217,0.013698448,0.012981031,0.011988364,0.016370429,0.017192852,0.018991511,0.014683035,0.014345016,0.012191781,0.014193523,0.015924986,0.01735473,0.014491948,0.014941064,0.010351629,0.017500876,0.016618185,0.004756167,0.016096106,0.009630001,0.015877215,0.0111817075,0.012799719,0.015534679,0.015444725,0.016558355,9.971042e-06,0.012662268,0.010744355,0.011807797,0.015901662,0.013920988,0.0049920175,0.012922712,0.007573208,0.0,0.0034248051
-9.157385e-06,7.263603e-06,1.6299737e-05,6.6103653e-06,-1.2259351e-05,7.754328e-07,2.0146432e-05,1.0725723e-05,9.053721e-07,1.8308176e-06,-6.2060285e-06,1.4692189e-05,4.997073e-06,-6.3759094e-06,0.0030602529,4.678955e-06,1.6015994e-05,1.4198117e-05,1.856214e-05,0.011772198,0.003996661,-9.553103e-06,5.8171245e-06,9.686117e-06,-2.1948722e-08,1.7884131e-05,1.6981483e-05,-6.9882594e-06,1.605385e-05,-1.4166484e-05,-6.090548e-07,-1.605302e-05,0.011833733,0.0004061327,3.486911e-06,-1.6739667e-05,2.5057082e-06,0.02578707,-7.9463325e-06,-1.3040103e-05,-6.74202e-06,1.631978e-05,-1.0300557e-05,0.0019149628,5.403064e-06,4.5030474e-06,0.0029461558,-8.764244e-06,4.297841e-06,-5.2529813e-06,8.436525e-06,-1.3343957e-06,8.607094e-06,8.6505235e-05,0.009049599,1.677349e-05,0.009019937,-1.300143e-05,1.8507068e-05,-1.0061883e-05,1.9953104e-05,1.5130081e-05,-5.6232425e-06,-3.7883462e-06,8.440511e-06,0.0077717877,-4.386362e-06,1.0440527e-05,-1.3027104e-05,-5.745479e-06,0.023784606,0.012514887,-6.710274e-06,-9.773915e-06,8.291304e-06,1.9219417e-05,-1.371452e-05,4.647072e-06,0.033928048,3.0734482e-06,-1.2448154e-05,-7.008552e-06,-1.6825486e-05,-6.6491707e-06,0.0060778637,3.2304347e-06,5.03679e-06,1.3464615e-05,0.002447822,-1.0974034e-05,-1.1140491e-05,-1.4505568e-05,7.632441e-06,1.07054675e-05,2.8235324e-06,9.816037e-06,1.2778497e-05,8.72944e-06,5.8744213e-06,-4.83865e-06,6.7099213e-06,5.6962554e-06,1.3765313e-05,-6.328533e-06,-1.1712955e-05,1.4373862e-05,8.680998e-06,9.560871e-06,0.026389457,0.0
