1,2,3,4,5,6,7,8,9,10,11,12,13,14,15,16,17,18,19,20,21,22,23,24,25,26,27,28,29,30,31,32,33,34,35,36,37,38,39,40,41,42,43,44,45,46,47,48,49,50,51,52,53,54,55,56,57,58,59,60,61,62,63,64,65,66,67,68,69,70,71,72,73,74,75,76,77,78,79,80,81,82,83,84,85,86,87,88,89,90,91,92,93,94,95,96,97,98,99,100,101,102,103,104,105,106,107,108,109,110
0.0,0.008279485,0.009678553,0.0052010273,0.009958979,0.005825963,0.008368754,0.010050425,0.008769493,0.008534688,0.008760171,0.0038628115,0.004640382,0.009058079,0.009803355,0.009546721,0.00910254,0.009124075,0.0056987815,0.0094583975,0.009645091,0.000730204,0.007692047,0.008437443,0.0038686004,-1.7546582e-06,0.007512149,0.002554198,0.008484315,-4.129846e-06,0.010440041,-2.8818338e-06,0.009787066,0.010203721,0.0046376307,0.009424643,0.007033902,0.008351583,0.008856623,0.004567135,-2.3920545e-06,-1.2093843e-06,-3.4906143e-06,0.009588797,0.0024046032,0.0053461995,0.009887355,0.009643033,-8.2093516e-07,0.009308063,0.0005538073,0.009391627,0.0071777957,0.010132317,0.009597361,0.00925891,0.009708111,0.005642658,0.008944307,0.00053799275,0.007530165,0.00603695,0.009016556,0.00804789,0.006866361,0.009019074,0.0092733465,0.005388613,-2.8282866e-06,0.0056905183,0.008361627,0.009182967,0.010005122,0.0052398676,0.003308203,0.0057413615,0.010316098,0.009842562,0.0087569775,0.00925439,0.008984593,0.0023716618,0.008578197,0.0090762125,0.009627102,0.008218773,0.009706061,0.002401074,0.009672414,0.010648961,7.9738805e-07,0.009324032,0.0052532074,0.0081909355,0.004882803,0.0067192824,0.006811224,0.006693428,0.008637933,-1.7322557e-06,0.0047043352,0.0034727287,0.0048388955,0.009946078,0.004855711,-1.407054e-06,0.007912579,0.0042329854,0.015848992,-3.2490152e-06
0.008309769,0.0,0.010359146,0.0064237444,0.010324636,0.006563035,0.009115971,0.010424084,0.009233819,0.009036299,0.009245227,0.004593094,0.0054830317,0.009592592,0.010333304,0.010060122,0.009503794,0.009723525,0.0063394057,0.009708365,0.010025566,0.0015051982,0.008206963,0.0089349,0.0045501553,-1.333335e-06,0.007902544,0.0032900125,0.008932454,-3.6210315e-07,0.0107310545,-1.1380646e-06,0.010007406,0.010357831,0.00540934,0.009849166,0.0074189757,0.008936558,0.009277387,0.0052462053,0.0006043254,-2.1313267e-06,6.07925e-07,0.010174288,0.0032618192,0.005983709,0.010188554,0.010069449,6.8822686e-07,0.0097935805,0.0013377013,0.009738175,0.008054275,0.010589728,0.009955216,0.009761592,0.010162798,0.006322509,0.00951195,0.001551729,0.008033646,0.006784468,0.009553055,0.008589265,0.00737874,0.009505753,0.009792494,0.0061342316,3.8350993e-07,0.0062656114,0.008775503,0.009597149,0.010507088,0.006244815,0.0038008648,0.0064691096,0.010781662,0.010241522,0.009246237,0.009753743,0.009553683,0.0031962756,0.009117293,0.0098982435,0.010097829,0.008943686,0.010213487,0.003287966,0.01023769,0.011072309,-2.1060562e-06,0.009858807,0.0053310767,0.008704318,0.005753709,0.007271141,0.0076141167,0.0073556267,0.009143974,-2.7435572e-06,0.00559271,0.0041615446,0.0054899654,0.010334317,0.00565527,-2.0517948e-06,0.008310232,0.0048756376,0.01603379,1.26156e-07
0.010662487,0.011299707,0.0,0.008259515,0.013216575,0.008783207,0.0113019915,0.013436343,0.0116469255,0.011634159,0.011773869,0.006839268,0.0073009757,0.012328787,0.0131890895,0.012645902,0.012010405,0.012201228,0.008589143,0.012978135,0.013413592,0.0039272998,0.010602594,0.011246561,0.0068497206,0.00258638,0.010478735,0.0058559957,0.011358234,-2.838438e-06,0.013624182,-3.809844e-06,0.013245497,0.013273476,0.0076090856,0.0125447735,0.009745074,0.012386167,0.011930494,0.007337835,0.002683912,-8.444353e-07,-7.438644e-07,0.013044535,0.005450826,0.008242121,0.012916482,0.012649166,-1.9240172e-06,0.012356246,0.003730477,0.012359273,0.0099705225,0.01376436,0.012969091,0.012429568,0.013617618,0.0085578915,0.01207968,0.0037453084,0.010456244,0.008801677,0.011688817,0.010983448,0.009538358,0.012681704,0.012153049,0.008311357,-1.6496849e-06,0.008491618,0.01247053,0.012925786,0.01329088,0.008006743,0.0062247566,0.008682067,0.013595174,0.013896018,0.012408595,0.011984922,0.012029638,0.005103689,0.01152612,0.012188072,0.012940547,0.011235208,0.012765771,0.005808751,0.014110797,0.014053293,-2.3412151e-06,0.012327474,0.008411616,0.011204066,0.0078263255,0.009500897,0.009879436,0.009579185,0.011417094,-4.144043e-06,0.0076728566,0.006714599,0.007635738,0.013038793,0.0077409316,-3.3294225e-06,0.010833365,0.0072436915,0.018548422,-1.1143013e-06
0.006081474,0.0072648977,0.008327543,0.0,0.007902767,0.004399305,0.0072795046,0.008385968,0.0074103796,0.0070171226,0.00755498,0.0022575813,0.0045770034,0.0075596753,0.008958552,0.0081342915,0.008056278,0.008045995,0.0040718974,0.008468017,0.008785443,3.5079715e-06,0.0059103877,0.0069107055,0.0022936668,1.494055e-06,0.0055309385,0.0007450353,0.00719225,2.4943956e-06,0.009421686,2.4715473e-06,0.00923462,0.008606515,0.0035360286,0.0073449365,0.0049274373,0.008331949,0.007546399,0.002907838,1.8081731e-06,4.132737e-06,-7.055251e-07,0.008690812,0.0007825915,0.004140355,0.008317115,0.0076666106,3.5118273e-06,0.008232988,7.426596e-07,0.008118799,0.006295129,0.008905827,0.008541604,0.00807814,0.008770435,0.003935927,0.007762317,-5.040612e-07,0.0059570386,0.0049537607,0.007763837,0.006324831,0.004912126,0.008020416,0.008219493,0.003782127,-5.2994454e-07,0.0040497677,0.008303369,0.008224232,0.00826135,0.005086129,0.0014780391,0.0042745085,0.009099094,0.008480876,0.008868721,0.007801341,0.0075868056,0.0010452841,0.006912219,0.008123624,0.008534394,0.007129918,0.008409156,0.00078461494,0.008679557,0.009477295,1.1446297e-06,0.0079454845,0.0018923869,0.0065010665,0.0035382775,0.005187526,0.005716017,0.0056668827,0.0073747598,-7.8037266e-07,0.003449928,0.0017051699,0.0030653605,0.0082577625,0.004185096,1.782942e-06,0.0060553662,0.0020616644,0.016511021,2.9487624e-06
0.009991734,0.010597112,0.012301101,0.0076074097,0.0,0.00819578,0.010642063,0.012814275,0.011070891,0.010889224,0.011033969,0.006355663,0.0064075966,0.01168932,0.012287337,0.011929528,0.011085267,0.011368861,0.00817247,0.012380894,0.0128559815,0.0034447464,0.010034814,0.010707165,0.006332192,0.0020163122,0.010024558,0.005435532,0.010656552,-4.5340335e-06,0.013108332,-3.2344917e-06,0.012685566,0.012608717,0.0069198734,0.011978714,0.009417477,0.011044662,0.011114081,0.006983042,0.001980488,-5.8841074e-06,-2.4008718e-06,0.012278373,0.0050467593,0.0075114975,0.012311657,0.011845794,-4.897925e-06,0.011465634,0.0032952602,0.0117724715,0.009245466,0.013006756,0.011969865,0.011681877,0.013021826,0.008169062,0.011316461,0.0033459363,0.009741247,0.008105883,0.011038959,0.010396822,0.009000041,0.0118501065,0.011400611,0.008062162,-4.156187e-06,0.007936343,0.011500601,0.012070112,0.012709656,0.007237076,0.0056739612,0.008218031,0.012858365,0.012793171,0.011642922,0.0114726685,0.011395999,0.0046076872,0.010991954,0.011372121,0.012082672,0.0103316475,0.012104131,0.005028869,0.01313151,0.013280548,-2.723732e-06,0.011647747,0.008207271,0.010652057,0.007284649,0.009028137,0.009078874,0.00888819,0.010872479,-3.161888e-06,0.0072435737,0.006264283,0.0070586056,0.012418525,0.0072390162,-5.4498005e-06,0.010190434,0.007054327,0.017790908,-3.3399422e-06
0.0056067696,0.0065229232,0.008208315,0.0034879013,0.008201442,0.0,0.0066058766,0.008556667,0.0071137045,0.00666978,0.0073153786,0.0018391325,0.0024373431,0.007412959,0.008918805,0.00795014,0.007617809,0.0077137933,0.003593016,0.009255684,0.008861548,4.400112e-06,0.005657665,0.006600848,0.0014268,4.8507827e-06,0.0053492403,0.0010674392,0.0066382256,4.0369255e-06,0.009419428,5.691548e-06,0.009538882,0.008919496,0.0023398255,0.0077300714,0.0050971843,0.009186206,0.0071816384,0.0024497134,6.3506454e-06,4.77295e-06,3.4287486e-06,0.008624684,0.00083744,0.0031519593,0.0087528555,0.007881609,6.3725015e-06,0.008078089,8.846827e-06,0.0078385165,0.00541711,0.009283757,0.009103056,0.007873606,0.009473383,0.0040196953,0.007373838,9.11342e-06,0.0055766595,0.003894916,0.0072538317,0.006010221,0.0048454534,0.008388334,0.007870542,0.004178945,6.6834273e-06,0.0034840447,0.0089734355,0.008989503,0.008559657,0.0035049357,0.00074777857,0.0041478686,0.00898631,0.008879309,0.009121173,0.0074139466,0.007115649,2.3663859e-05,0.0068218047,0.007452824,0.008971068,0.0064254887,0.008010289,0.00025602768,0.009067299,0.009415017,3.7314041e-06,0.0074934247,0.003803608,0.006329198,0.0033084184,0.004864341,0.0046260837,0.00471768,0.0069503416,2.200174e-06,0.0027461774,0.0016721247,0.002996626,0.008206799,0.0028242671,7.857057e-06,0.006201898,0.003051876,0.016097827,3.840841e-06
0.008054072,0.00893604,0.010123202,0.0060671186,0.010213589,0.0064257053,0.0,0.010346582,0.009241897,0.009062822,0.00915175,0.004615743,0.0054964847,0.009533618,0.010221908,0.00999994,0.009579993,0.009650137,0.006200229,0.009644812,0.009899038,0.0015721102,0.008087202,0.00892317,0.004639842,-2.8222455e-08,0.008011236,0.0031324888,0.008879057,-1.7497711e-06,0.010436723,-1.5177025e-06,0.009955463,0.010460278,0.005336798,0.009814714,0.007256648,0.008627967,0.009189149,0.0049852976,0.0008106236,-1.2945145e-06,-3.3892247e-06,0.010148724,0.0029632295,0.0059325825,0.010003856,0.0098602865,5.8216693e-07,0.009769093,0.0012027416,0.009732183,0.0078447675,0.010510255,0.009963073,0.009825506,0.010011485,0.0061015943,0.009423088,0.0013255901,0.007998833,0.0065942723,0.009327321,0.008491256,0.0073146406,0.009423725,0.009766804,0.005944842,-2.9607106e-06,0.0062006693,0.008728699,0.009606121,0.010302097,0.0060100015,0.0038942501,0.006248566,0.010596544,0.010180352,0.009174374,0.009486996,0.009234029,0.0031092572,0.008876658,0.009652558,0.010087753,0.008694817,0.010120265,0.0029992897,0.010216761,0.010808173,-1.7013439e-06,0.009767431,0.005373374,0.00856499,0.0055140588,0.007137513,0.00745111,0.0073273564,0.009152349,-4.2730352e-07,0.0053713727,0.0040878006,0.005275112,0.0102353385,0.005613645,-4.577112e-07,0.008123278,0.0045315814,0.015603406,-2.6711955e-06
0.010894105,0.011455947,0.0133603355,0.00840404,0.013553089,0.009063598,0.01151018,0.0,0.0119394455,0.011929566,0.012209293,0.0073479377,0.007518097,0.012638767,0.013723778,0.013022715,0.012171857,0.012387381,0.008972392,0.013600374,0.013928434,0.004472952,0.010934681,0.01150044,0.0072907624,0.0032321042,0.010917411,0.0062372414,0.011456329,-1.3693474e-06,0.014118576,7.601203e-05,0.013856519,0.013664949,0.007815889,0.012812061,0.010100088,0.013069528,0.012145189,0.007646544,0.0030268773,-3.965237e-06,-2.912663e-06,0.0134576745,0.0059209582,0.00849505,0.013382391,0.01288262,-3.6934284e-06,0.012786732,0.004279784,0.012788369,0.01020332,0.014171621,0.013430589,0.012763051,0.014317944,0.00876057,0.012271396,0.0042526554,0.010618079,0.008880499,0.012035343,0.01118399,0.009907223,0.013092145,0.01237016,0.008824678,-4.4374553e-07,0.008893551,0.013197627,0.013427365,0.013747553,0.00817236,0.0067141578,0.009144284,0.013849129,0.014317793,0.0130640585,0.012168476,0.012113677,0.0054842196,0.01180622,0.012220293,0.013405814,0.011284482,0.012904028,0.006116202,0.014621376,0.014426434,0.0002673298,0.012534795,0.008931018,0.01157383,0.0079462305,0.009717022,0.010063184,0.009856155,0.01167999,-1.4494227e-06,0.007911384,0.0069697797,0.007946431,0.013301865,0.007912295,-2.1855972e-06,0.010906912,0.0078001763,0.019048039,-1.5731255e-06
0.008935055,0.009433203,0.010829661,0.006288278,0.011193732,0.0069158687,0.009517759,0.0112543395,0.0,0.0097438535,0.010207136,0.005198645,0.0060088066,0.010283111,0.011187118,0.010840317,0.010282154,0.010457094,0.0069570113,0.010920834,0.011147397,0.0020583482,0.008733441,0.009589019,0.0054258737,0.0004068671,0.0088095,0.0036533074,0.009611798,-4.023621e-06,0.011574164,-1.566901e-06,0.011269987,0.01141213,0.0060787047,0.010508569,0.008005993,0.01035528,0.01008311,0.0055817063,0.0011743495,-4.7891635e-06,-1.3280547e-06,0.011190971,0.0033898638,0.0067129526,0.01110833,0.010731748,-1.3797351e-06,0.010558054,0.0017230997,0.010690469,0.008422181,0.011493128,0.010983734,0.010675487,0.011121772,0.0066525983,0.010368442,0.001746627,0.008814399,0.007203621,0.0101418495,0.009131311,0.007971865,0.010726114,0.010493652,0.006494028,-1.6529239e-06,0.0067032427,0.010241357,0.010714927,0.011241693,0.0064651445,0.004585541,0.00686324,0.011427933,0.011286125,0.0102326125,0.0101730805,0.010011736,0.0035271554,0.009620983,0.010314856,0.011111996,0.009161813,0.010769882,0.0036701532,0.011241514,0.01169079,5.792517e-07,0.010590261,0.0062177572,0.009637246,0.005880697,0.0075699487,0.008248223,0.008081543,0.009978094,-4.552305e-06,0.0059054582,0.0047901575,0.0058247144,0.010967365,0.0061338805,-3.8087571e-06,0.008770884,0.005031653,0.016051207,-1.0781397e-06
0.008814631,0.0093403105,0.010891063,0.006339667,0.010897784,0.0067207357,0.00939466,0.01110197,0.009894126,0.0,0.010033701,0.0050977133,0.0058628605,0.010129333,0.011015475,0.010723427,0.010230366,0.010461849,0.0067680995,0.010641661,0.010775964,0.0019416558,0.008687439,0.009544209,0.005290717,0.00019338717,0.008829535,0.0034726262,0.009580144,-2.3116331e-06,0.011455835,-1.460822e-06,0.010940086,0.011243717,0.005866555,0.010394238,0.008059528,0.009879911,0.010123549,0.0054605585,0.0008921751,-1.6212106e-06,-1.9556262e-06,0.010984678,0.003203196,0.006576186,0.010923049,0.010500091,-2.165399e-06,0.010490524,0.0014728764,0.01042355,0.008284558,0.011281175,0.010740964,0.0105278455,0.010834628,0.0066439128,0.010189672,0.001535029,0.0085365,0.0072128545,0.010058384,0.009013766,0.007722341,0.010403533,0.010545907,0.006278032,-2.7026545e-06,0.0067016794,0.00992171,0.010489554,0.010991361,0.0063112173,0.0044468157,0.0066162855,0.011330801,0.010853938,0.009892057,0.010109347,0.009993878,0.003351974,0.009559473,0.010165164,0.010872262,0.009142188,0.010626583,0.0035517898,0.010897252,0.011590422,-1.4506106e-06,0.010359295,0.006145195,0.009443501,0.005758944,0.0075450935,0.0081107095,0.007990358,0.009733724,-3.8169983e-06,0.005772701,0.004511427,0.005565557,0.011060246,0.0062155435,2.108206e-07,0.00881025,0.0048066387,0.0161423,-2.3847156e-06
0.009237944,0.009846897,0.011474342,0.0066928687,0.01144965,0.007074232,0.009950603,0.011804641,0.010564483,0.010342461,0.0,0.0054338695,0.006449658,0.01060842,0.012044819,0.011344593,0.011186271,0.011176601,0.0073335925,0.011991787,0.0119105615,0.0022988946,0.009072654,0.01011832,0.0056643533,0.0010724621,0.009377737,0.0040683206,0.010007698,-3.9932013e-07,0.012173674,1.1524721e-06,0.0121534895,0.012007805,0.006377142,0.0109138265,0.008345299,0.011504609,0.010662411,0.0058574323,0.0014684387,-9.5937104e-08,-1.3405327e-06,0.011869927,0.0037367363,0.006969788,0.011801411,0.011011542,-2.61202e-06,0.011350715,0.0020293787,0.011372022,0.008634908,0.012257049,0.012017416,0.011323148,0.012101729,0.0069524827,0.010923587,0.0021412813,0.00918145,0.007486542,0.010565089,0.009347333,0.008135678,0.011539887,0.011270406,0.0065781237,-1.6359816e-06,0.0071610864,0.011461119,0.011907952,0.011721837,0.006606868,0.005069185,0.007033025,0.012049202,0.011958775,0.01178762,0.010539528,0.010372806,0.0039057892,0.009974791,0.010776593,0.011988505,0.009574001,0.011074657,0.0041334294,0.011968624,0.012222442,1.5133163e-06,0.010957237,0.0065223766,0.010144701,0.006071191,0.007943379,0.008883486,0.0084726345,0.01059671,-1.7167943e-06,0.006271948,0.0050459383,0.0059881345,0.011624782,0.0065350416,-9.391894e-07,0.009008138,0.005240029,0.016379958,-1.9697357e-07
0.0046950313,0.005419038,0.0077254265,0.0021920698,0.007482364,0.0026473356,0.005702029,0.008067741,0.006380363,0.0059331823,0.0066558113,0.0,0.0018075036,0.006403661,0.008376451,0.00728628,0.0069277957,0.007105149,0.0024638525,0.0084976815,0.0083754985,-2.2783329e-06,0.0046025105,0.005895474,0.00041433296,2.4373383e-06,0.004640089,3.4120244e-06,0.0058309925,-1.3525528e-06,0.008944562,1.113902e-06,0.008819535,0.008426017,0.0014382381,0.0069002635,0.0038459308,0.00794321,0.0065240036,0.0011995605,3.4171778e-06,-5.260002e-06,4.2223508e-07,0.008026975,-2.713911e-07,0.002172854,0.00813007,0.0070687286,-3.4435843e-06,0.0075036236,-3.1131216e-07,0.00706376,0.004452335,0.008925208,0.008428913,0.007151443,0.009147052,0.0025385818,0.0065066977,2.7848453e-06,0.004617744,0.002961442,0.006467407,0.0051298924,0.0037772541,0.007826346,0.007069872,0.0022430804,-1.2514229e-06,0.0022774546,0.007989948,0.007967833,0.008014198,0.0022503994,5.4130983e-06,0.002646111,0.008474995,0.008767419,0.008471623,0.0065559847,0.0062321564,1.2512251e-06,0.005789841,0.0067097167,0.008570932,0.0053750933,0.0073795007,5.70112e-06,0.009063571,0.00903457,-4.286273e-06,0.006878482,0.0022105998,0.005607981,0.0017458564,0.003485103,0.0039099785,0.0038495508,0.0061285435,-4.0797636e-06,0.0014243147,2.256488e-05,0.001557844,0.0076372186,0.0018657024,-2.2179588e-06,0.004826722,0.00087489164,0.017781874,1.0254453e-06
0.0057404316,0.0069261678,0.0078625865,0.0053351005,0.0076059178,0.0036672575,0.0070848647,0.008141265,0.007183495,0.0069152736,0.007246196,0.0026913395,0.0,0.006713994,0.00825071,0.007837552,0.007998595,0.008052155,0.0036964924,0.008097517,0.007927215,6.410895e-07,0.005273456,0.0069007906,0.002641613,-1.0661616e-06,0.005349866,2.0990647e-06,0.007140397,-2.43511e-06,0.009053302,-5.5635182e-06,0.008349398,0.008252523,0.004887919,0.0069819894,0.0044943173,0.00804587,0.0071737356,0.0024376498,0.0023919973,-1.5589633e-06,-6.391702e-06,0.008193359,-1.5880969e-06,0.0048001558,0.008098481,0.0073464634,-4.6381692e-06,0.007909655,-1.8448166e-06,0.0076088957,0.006819801,0.008546916,0.008166821,0.0077611185,0.008653429,0.0029708664,0.0077306195,-7.6726025e-07,0.005499892,0.0060275313,0.007474951,0.0058454117,0.004912131,0.007747156,0.007956648,0.002458181,-5.2667524e-06,0.0037080676,0.008143371,0.007898847,0.007838529,0.006468685,0.0022238742,0.0031092362,0.008653192,0.008471964,0.008815162,0.007041197,0.0067687486,0.0019017141,0.006064772,0.0079753725,0.008296893,0.006941331,0.007568394,0.00034368524,0.008471598,0.008798045,-7.689624e-07,0.0075486354,-7.734822e-07,0.006290726,0.0026219217,0.0042608622,0.006781624,0.0068144933,0.0074249567,-4.4653616e-06,0.0034437845,0.0009999215,0.0023042792,0.0077227354,0.0057318625,-5.69134e-06,0.004682984,6.5672545e-08,0.018048445,-2.0748264e-06
0.008998986,0.009661974,0.0109823905,0.006520617,0.011254351,0.0076078176,0.009640018,0.01138712,0.009902648,0.009654785,0.009923542,0.005387187,0.0052048443,0.0,0.011078398,0.010868317,0.010012844,0.010206541,0.007168451,0.010781975,0.011007726,0.0021677834,0.008976996,0.009574984,0.005137629,0.0001404275,0.0087809535,0.0045111533,0.00969212,-6.1246715e-07,0.011696916,-2.6817997e-06,0.011045587,0.011260415,0.0057968395,0.011054298,0.008534269,0.010056585,0.009979885,0.0058132606,0.00039427506,-2.2731783e-06,-2.410179e-06,0.010968158,0.0041974927,0.006433016,0.010955658,0.010897365,-1.6321114e-06,0.010371029,0.002085872,0.01063137,0.008333352,0.01156847,0.010778913,0.010544999,0.011241955,0.007265586,0.010212055,0.0022750958,0.0088069495,0.007027973,0.010102127,0.009311322,0.008092554,0.010363504,0.0103453165,0.007252711,-2.7978876e-06,0.0069357217,0.00997731,0.010426709,0.011580134,0.0063396557,0.0044614337,0.007540372,0.011733829,0.011247696,0.010087267,0.010522031,0.01048193,0.00353781,0.010250974,0.010171045,0.010843404,0.009400674,0.011195536,0.0041006184,0.011221477,0.011974922,9.343772e-08,0.010581266,0.007520067,0.009388245,0.006502621,0.008266002,0.007833466,0.007643968,0.009593919,-3.683768e-06,0.006239794,0.005121817,0.006328518,0.011274448,0.0057632816,-1.5508087e-06,0.009564369,0.0064031184,0.016897693,-1.071981e-06
0.0112970285,0.011785478,0.014000784,0.008687882,0.01405829,0.009158044,0.011889578,0.014619777,0.012711142,0.012562418,0.013102581,0.0077878735,0.008497885,0.012653315,0.0,0.013705915,0.013335647,0.013604926,0.009326187,0.015474783,0.01532589,0.0049588066,0.011030731,0.011930344,0.007946315,0.004530302,0.011446582,0.006490669,0.0121253515,0.0002087233,0.015034856,0.0010068245,0.015765205,0.01459412,0.008594658,0.012933025,0.010318072,0.015905268,0.012969207,0.008009283,0.004087804,-2.0274745e-06,-3.866174e-07,0.015043545,0.006085345,0.009047844,0.014659613,0.01300652,-2.3100938e-06,0.0142091615,0.0048142136,0.013502603,0.010484981,0.015564121,0.015205161,0.013707872,0.016051713,0.009061415,0.013074231,0.004699146,0.010938631,0.009564586,0.012589488,0.011335723,0.010181772,0.015094876,0.013497779,0.008723938,-1.4985936e-06,0.009133267,0.016098047,0.015692707,0.014044876,0.008715045,0.007217713,0.009244991,0.014614488,0.015793819,0.016563194,0.0123507185,0.012331817,0.0061288876,0.0118939625,0.013043055,0.015032071,0.011708814,0.013222379,0.006627167,0.016158462,0.015187119,0.0010802097,0.013148659,0.0088392785,0.012186904,0.008115354,0.010056189,0.010931425,0.010600019,0.012599959,-5.0467827e-07,0.008490206,0.007288557,0.008087447,0.013756419,0.00881476,-8.5798126e-07,0.0109145325,0.007665957,0.020727808,-1.7063693e-06
0.009700844,0.010372345,0.011946638,0.0074232053,0.0120014595,0.00785935,0.010442982,0.012274116,0.010902137,0.010720872,0.0109955175,0.0061348327,0.006891424,0.011149067,0.012231665,0.0,0.011216635,0.01139117,0.007915845,0.01204355,0.012211962,0.0030735333,0.009674508,0.010565327,0.006373848,0.0017753548,0.009716297,0.004837763,0.010467518,-3.3451324e-06,0.012556616,-1.2594734e-06,0.0122190965,0.012270407,0.0068479297,0.011451951,0.009059369,0.011475449,0.011053106,0.0065870807,0.0022421014,-2.4678952e-06,-1.1063569e-06,0.012114983,0.0046128277,0.0074580857,0.012120883,0.011468991,-4.4534977e-06,0.011588984,0.0028464813,0.011623792,0.009298342,0.012613869,0.012035833,0.01161602,0.012449742,0.00758071,0.011172753,0.0028846322,0.009476717,0.008190091,0.010994215,0.009985813,0.008841566,0.011824555,0.011442147,0.0073654894,-1.8669525e-06,0.0076389783,0.011491535,0.011984242,0.012275196,0.007235636,0.0055895946,0.007804749,0.012553714,0.012510409,0.011450725,0.010996225,0.01082646,0.0045527355,0.010606108,0.011187691,0.0120368255,0.010240872,0.011689925,0.004755561,0.012561177,0.012854353,-1.5362596e-06,0.011405551,0.007185924,0.010485041,0.006762193,0.008684379,0.00918129,0.008900191,0.010880224,-4.0361356e-06,0.006958155,0.005715107,0.006723231,0.012053482,0.007073488,-1.7039986e-06,0.009654202,0.0061869198,0.016790027,-1.3786569e-06
0.009249479,0.009777364,0.011239679,0.0069684642,0.011396152,0.0071920264,0.009918748,0.011739849,0.010404033,0.01037879,0.010897083,0.0055762073,0.0070435633,0.010472047,0.012064871,0.011224244,0.0,0.011183003,0.007233212,0.011581898,0.011624949,0.0024542515,0.009054125,0.010012101,0.005920098,0.0014576493,0.009202106,0.0040191235,0.010053962,-1.7581721e-06,0.011878563,-2.8814404e-06,0.011785361,0.011823894,0.00671865,0.010630739,0.008166163,0.011493657,0.0106604565,0.0058098496,0.0020559754,-3.8999406e-06,-2.8552063e-06,0.011853016,0.0036845119,0.0071140514,0.011677346,0.010912121,-3.9520783e-06,0.011320218,0.0022726606,0.011196177,0.0088537205,0.01208842,0.011836307,0.011182879,0.011675954,0.0067876466,0.010838528,0.0021919904,0.008940035,0.007825355,0.010565199,0.009340237,0.008194425,0.011622004,0.0112446165,0.006484834,-3.2899607e-06,0.0071103266,0.011544181,0.011719526,0.01140828,0.00705863,0.0051956065,0.006895437,0.011915564,0.011858312,0.011724204,0.010322572,0.01015752,0.004107298,0.009672162,0.010856983,0.011791847,0.009534355,0.01087964,0.0041336413,0.0118763205,0.012017369,-3.8893742e-07,0.010884267,0.0060297498,0.00997219,0.0060441103,0.007792149,0.00894184,0.008698983,0.010594353,-4.1773246e-06,0.006371841,0.0049320827,0.0058759656,0.01126798,0.006754071,-4.262715e-06,0.008865959,0.004775983,0.016105086,-9.699678e-07
0.009277239,0.009879355,0.011415292,0.0070646345,0.011556455,0.007273938,0.01010153,0.011881888,0.010648536,0.010524546,0.011034199,0.0056116153,0.007231256,0.0104827,0.012274282,0.011610919,0.011297723,0.0,0.0074291327,0.012065856,0.012050803,0.0025021934,0.0090903165,0.010162085,0.0061776624,0.0018348974,0.009366752,0.0041974536,0.010310918,-2.7353794e-06,0.012106768,-4.303704e-06,0.01222513,0.011979689,0.0068450905,0.010604775,0.008295927,0.011606145,0.010862443,0.0060023107,0.0023854347,-1.5767572e-06,-1.6115919e-06,0.012094977,0.0038525779,0.007390446,0.01190459,0.011018865,-5.117823e-06,0.011567808,0.0023426136,0.011309374,0.008886207,0.012412145,0.012238924,0.011339661,0.0119256005,0.0068910723,0.011031421,0.002402655,0.009160977,0.008021326,0.01071529,0.009564331,0.008340928,0.011849986,0.011398719,0.006499192,-4.5278794e-06,0.0073119206,0.011569902,0.012004051,0.011410124,0.0071973666,0.0053098574,0.0071005356,0.012112299,0.012064855,0.011531471,0.010552441,0.0103758685,0.0041586943,0.009809755,0.010974139,0.012183412,0.009708994,0.011060652,0.004475793,0.012181044,0.012131209,-2.3055572e-06,0.011023227,0.0059516397,0.010144909,0.006204111,0.008039928,0.009293834,0.00900993,0.010743678,-5.4100315e-06,0.0066345157,0.0052409843,0.006102204,0.011447883,0.007218137,-2.8368925e-06,0.008905618,0.0047601215,0.01633233,-4.5635884e-06
0.005871749,0.006514914,0.008456128,0.0030609851,0.008454264,0.003960104,0.0068337587,0.008819452,0.007289558,0.0070365807,0.007382562,0.0017972279,0.0026007574,0.0075395177,0.008910819,0.008153444,0.0076726163,0.007881971,0.0,0.008726368,0.008604754,-3.2162498e-07,0.0058665997,0.0067795366,0.00214013,2.658699e-06,0.0060147657,0.00071328715,0.006873094,-2.8776722e-06,0.009310481,2.9095447e-06,0.0089124935,0.008944362,0.0026026275,0.007840785,0.0051297667,0.007715213,0.0074312296,0.0025313844,3.3011554e-06,-3.782014e-06,-2.5130896e-06,0.008564185,0.00022696759,0.0034910468,0.008648838,0.008103229,-1.2595142e-06,0.007948968,2.2737413e-06,0.008044168,0.0056458297,0.009262775,0.008733608,0.007908153,0.009117206,0.003782347,0.0074952436,2.6333996e-06,0.005951968,0.004079225,0.007509702,0.006177393,0.0050289254,0.008271017,0.007910877,0.0034541816,-6.172864e-07,0.003563021,0.0077114906,0.008501656,0.008699805,0.0030600596,0.0013499389,0.0038287707,0.009140755,0.008921296,0.008099535,0.007604966,0.0071554906,0.00015735626,0.0069062714,0.0075668255,0.008812724,0.0063270945,0.008288983,0.000599124,0.009071402,0.009442068,-9.1314695e-07,0.0077342093,0.0036250495,0.006711673,0.0029084818,0.0046686297,0.004947235,0.0049849697,0.0070719896,5.0351514e-07,0.0028337506,0.0016313195,0.0028214676,0.008551249,0.003096821,-9.592144e-07,0.0061664465,0.00238598,0.015933204,-2.7206618e-06
0.01192694,0.012109227,0.014662135,0.008866255,0.014756802,0.00958684,0.012158024,0.01523341,0.01334863,0.013090253,0.0141443005,0.008430433,0.008792702,0.013409398,0.016019547,0.01436092,0.013984539,0.0142139215,0.009990592,0.0,0.016828543,0.0055095875,0.011718792,0.012531011,0.008750468,0.0058794604,0.012449366,0.007331154,0.012397628,0.00096746004,0.017022464,0.0018918859,0.01784889,0.01595385,0.008905444,0.013566369,0.010884875,0.01762528,0.01366435,0.008656689,0.0044377153,-2.9120058e-06,-4.231852e-06,0.015818324,0.0069633946,0.009403036,0.01628072,0.013634519,-5.293953e-06,0.014701221,0.0053437175,0.014242313,0.010788676,0.016165325,0.016367082,0.014433805,0.017742064,0.0094778,0.013712022,0.005272393,0.011571332,0.009777345,0.012982141,0.012003399,0.010609584,0.016143892,0.014219223,0.009478098,0.0005543637,0.009744089,0.017766986,0.017050572,0.014774887,0.008898128,0.007894855,0.009818904,0.015143096,0.016421523,0.019170377,0.012634642,0.012560299,0.006692386,0.012416925,0.013290895,0.01582075,0.011705516,0.013560405,0.0076052416,0.016903823,0.015946044,0.0019014726,0.013655681,0.010122733,0.0131613165,0.008723232,0.0104879625,0.011399464,0.011052737,0.013450797,-5.3357753e-06,0.0088484865,0.007964828,0.008665605,0.01465527,0.009160773,-3.54815e-06,0.011631941,0.008657546,0.025423009,0.00063465
0.011631256,0.011984257,0.014351823,0.008821622,0.014676441,0.009469597,0.011991946,0.015153413,0.013059044,0.012888792,0.013563467,0.008062372,0.008465896,0.013257911,0.015477022,0.014140731,0.013358292,0.013821597,0.009595495,0.016638963,0.0,0.0052711363,0.011433444,0.012272361,0.0082463585,0.0052176625,0.012033044,0.0069955625,0.01227359,0.0004848423,0.016255146,0.001347406,0.017130407,0.015437692,0.008646251,0.0135383485,0.010631296,0.016287133,0.01316007,0.008296258,0.004218387,-2.388395e-06,-1.9871834e-06,0.015309286,0.006581711,0.0091935815,0.015497667,0.013552588,-5.120531e-06,0.014229331,0.005078006,0.013954784,0.010733925,0.01582089,0.015439492,0.014041378,0.01749485,0.00929139,0.0133095365,0.0049710465,0.011453056,0.00956439,0.01270717,0.011860637,0.010429865,0.0154656945,0.013643686,0.0091724405,5.88022e-05,0.009403787,0.016398793,0.016066879,0.014716937,0.008798714,0.0075836666,0.009518223,0.015060789,0.0161755,0.017394926,0.012690861,0.012507451,0.006370697,0.012392242,0.01301625,0.0151416985,0.011798425,0.013608635,0.0072489567,0.016557293,0.015768066,0.0013684789,0.013563517,0.009834534,0.012736959,0.008392346,0.010222734,0.0110022705,0.0107180085,0.013099661,-1.2288821e-06,0.008681627,0.007685057,0.008388172,0.014456192,0.008918435,-4.924501e-06,0.011356521,0.00841727,0.023868565,0.00013975878
0.0023593514,0.0033112257,0.0064850613,1.2167011e-05,0.0062159486,8.342079e-06,0.0037043032,0.007073372,0.004491995,0.004040896,0.0052078716,5.959469e-06,8.460766e-06,0.004766435,0.007990206,0.005944066,0.0053291996,0.005568971,1.1436546e-05,0.008572293,0.008132427,0.0,0.0023152004,0.0037607646,1.0942746e-05,8.791291e-06,0.0019715412,6.3095727e-06,0.0037268219,7.84023e-06,0.0086145615,1.878391e-06,0.008966113,0.0074154777,5.434233e-06,0.005036496,0.0011664897,0.009389184,0.004903158,6.671611e-06,4.2480992e-06,8.5665115e-06,7.847177e-06,0.0075372816,6.4684414e-06,5.883426e-06,0.007399709,0.0054655313,6.339243e-06,0.0064439657,6.78703e-06,0.005751103,0.0022191247,0.008609955,0.008170671,0.0057245926,0.009838927,4.8688626e-06,0.0048873057,7.6714805e-06,0.002125254,8.532178e-05,0.0047699423,0.0027050711,0.0009769559,0.007646435,0.0057456875,8.858722e-06,5.5216206e-06,1.0262482e-05,0.009644181,0.008448166,0.006781244,1.228092e-05,1.0885733e-05,8.814915e-06,0.0076130047,0.009175892,0.011227862,0.0046174126,0.0041081347,2.629355e-06,0.0036204883,0.0050947918,0.008113095,0.003345513,0.005786877,8.8972565e-06,0.009655829,0.008639168,9.624564e-07,0.005268913,1.07592405e-05,0.0034998695,1.210716e-05,0.00076508115,0.0013074559,0.0011587456,0.004489808,-1.0829219e-06,7.639766e-06,4.2901333e-06,8.0072305e-06,0.0062252562,1.1293356e-05,2.6485586e-06,0.0024590378,7.858556e-06,0.022189783,6.586407e-06
0.00728655,0.007912179,0.009390414,0.0047381,0.009770476,0.0055421903,0.008102392,0.009827227,0.008460804,0.00824376,0.00849009,0.0036579797,0.0037789545,0.008893085,0.009682156,0.009220851,0.008688993,0.00872989,0.0055702245,0.009385788,0.009524301,0.0003912331,0.0,0.008130064,0.0036226737,6.3599464e-07,0.00742994,0.0025761605,0.008155327,6.0717423e-07,0.010300108,1.1061358e-06,0.009692965,0.009968824,0.004211843,0.009348267,0.006928692,0.008101533,0.008601452,0.004202949,7.726256e-07,-3.3533715e-07,-1.4483168e-06,0.009464756,0.00220046,0.004920686,0.009693431,0.009303763,2.2792716e-07,0.008885161,0.00026695503,0.009050197,0.006951792,0.009930005,0.009353063,0.0091483975,0.009600385,0.0055780783,0.00866713,0.0002185014,0.0074125696,0.005495184,0.008689504,0.00769513,0.0065720594,0.009003594,0.008894475,0.005458332,-2.9097334e-06,0.0053221392,0.00809383,0.009071188,0.009833062,0.0045702513,0.00282938,0.005549075,0.01023909,0.00959901,0.008511464,0.008939369,0.008700053,0.001945556,0.008481069,0.008681255,0.009545161,0.0076858867,0.0096051395,0.0022195373,0.009613363,0.010392811,4.3435554e-07,0.008937587,0.0057550226,0.008092544,0.0048288284,0.0064114784,0.0064197434,0.0062259515,0.008276209,-1.4948225e-06,0.004512391,0.0033729004,0.0045890617,0.009768901,0.004470642,-1.6700319e-06,0.00786975,0.0045228,0.015756015,1.9255796e-07
0.008039602,0.008662279,0.010024871,0.005725328,0.010287736,0.006307579,0.008766222,0.010493018,0.009157052,0.009042017,0.009256143,0.004495454,0.0053464915,0.009498596,0.010125375,0.01000566,0.009422708,0.00967882,0.0063520246,0.009797274,0.01013658,0.0015989793,0.008087322,0.0,0.0045038583,-3.2199023e-06,0.008046793,0.0031124947,0.008869085,-2.5309403e-06,0.010702333,-3.0077586e-06,0.010132676,0.0105251055,0.0053021354,0.00986714,0.007515568,0.008613446,0.00927039,0.004860005,0.00050971966,-7.562206e-08,-1.4758222e-06,0.010081023,0.002925899,0.005948143,0.010125598,0.009891604,-1.5267844e-06,0.009598931,0.0011480699,0.009747809,0.00763065,0.010472428,0.009938506,0.009738128,0.009969699,0.00619566,0.009407902,0.0012734607,0.008086605,0.006462149,0.0094542485,0.008289797,0.0071891253,0.009574868,0.009611374,0.0058538076,-2.3275047e-06,0.0061017256,0.008533537,0.009490075,0.0103682475,0.0058057047,0.003802301,0.0062398277,0.010687468,0.0101556135,0.009071228,0.009549777,0.009264957,0.003073926,0.009009185,0.009401951,0.010125499,0.008571417,0.010054544,0.0027310825,0.010013546,0.0107950345,-1.9594318e-06,0.009742169,0.0057834974,0.008796153,0.0052355123,0.0070057833,0.0073110275,0.007290195,0.009124264,-2.5285663e-06,0.005306643,0.00398196,0.0052764416,0.010256872,0.005539577,-7.188504e-10,0.008145819,0.0045330054,0.015430126,-2.7679978e-06
0.0047927545,0.0055229035,0.007701953,0.0019440674,0.0076191886,0.0023760027,0.005793922,0.008067248,0.0063665123,0.0060598785,0.00669615,0.0005811793,0.0017959375,0.0064567095,0.008271942,0.0073669986,0.0069453437,0.0071601104,0.0027858708,0.0077758282,0.008259503,-2.7755564e-07,0.004670198,0.0057365927,0.0,1.1803747e-06,0.004884622,3.857622e-06,0.0059052487,3.1354386e-06,0.008848331,3.517287e-06,0.008682589,0.008346601,0.0015702493,0.0066435286,0.003723945,0.0076759052,0.0066027828,0.0010327594,2.1827848e-06,8.128543e-07,4.6319356e-06,0.008031669,6.084513e-07,0.002319408,0.008156218,0.0070332503,-4.0220755e-08,0.007402377,2.185831e-06,0.00718492,0.0044930107,0.008835088,0.008203048,0.0072448617,0.008533659,0.0022499005,0.0067309295,1.4708037e-06,0.004941084,0.003054663,0.00666156,0.005081895,0.003779274,0.0077760327,0.0070838793,0.0016828927,4.332149e-06,0.002339357,0.007755842,0.0077605094,0.007992679,0.0020810782,0.000263358,0.0022283674,0.008383451,0.0087639,0.00829278,0.006524168,0.0059844963,4.1168864e-06,0.0056526824,0.0068232603,0.008433007,0.0053424034,0.0072107892,8.809615e-07,0.009035021,0.00912995,-1.7176537e-06,0.0069890767,0.0015924035,0.0058373865,0.0012820506,0.0032731285,0.004064853,0.004111367,0.00625427,1.8274839e-06,0.0013530987,5.5510245e-06,0.0011795505,0.007753283,0.0021385804,4.9822796e-07,0.004500908,0.00012052627,0.017258024,3.5166101e-06
1.4800908e-05,0.0012985864,0.0064661847,-1.964938e-05,0.0058969986,-1.8466792e-05,0.0015636154,0.0072930926,0.0032709388,0.0027328872,0.004430347,-2.3941673e-05,-2.8009625e-05,0.0033377714,0.008626679,0.0052887616,0.0045135827,0.004994414,-2.4647716e-05,0.009956206,0.009188644,-3.6634054e-05,6.930714e-06,0.0015587063,-2.135065e-05,0.0,0.00039132914,-3.4937486e-05,0.0016544117,-2.8959632e-05,0.009568262,-3.7196925e-05,0.010303182,0.007702594,-2.4966621e-05,0.0038162207,-1.9902303e-05,0.011545901,0.003937223,-2.9002687e-05,-3.8047652e-05,-4.227227e-05,-2.9848637e-05,0.008040013,-2.3102542e-05,-2.1064365e-05,0.007966907,0.004519945,-3.5232464e-05,0.006331151,-3.4808032e-05,0.0050359163,-6.0740153e-06,0.009659694,0.009236502,0.0051699555,0.011916515,-1.8811643e-05,0.0036515894,-2.9333205e-05,-3.9395263e-06,-1.5373624e-05,0.003089939,0.0005958518,-1.3068968e-05,0.008485505,0.0047689592,-2.017869e-05,-3.848328e-05,-1.7936161e-05,0.011936412,0.010059014,0.0067344843,-1.995273e-05,-3.4245513e-05,-2.276042e-05,0.007860998,0.011077913,0.014195864,0.0028545351,0.0023659435,-3.9322997e-05,0.0013137269,0.0042207194,0.008889749,0.0011842897,0.0047189384,-2.0306134e-05,0.0119989645,0.009725382,-2.7543128e-05,0.0040214495,-3.339924e-05,0.001979246,-3.14361e-05,-1.158503e-05,-6.3912144e-06,-4.8083907e-06,0.0031835146,-2.8260054e-05,-2.1540955e-05,-2.192622e-05,-2.5066534e-05,0.0059470674,-2.5956535e-05,-3.8338047e-05,3.7762027e-06,-3.371612e-05,0.027273132,-3.798479e-05
0.0070608254,0.007589877,0.009243845,0.004004164,0.009523479,0.004940652,0.007687368,0.009634497,0.008239133,0.008034167,0.008404325,0.003235542,0.003571208,0.00845724,0.009559784,0.009134154,0.008570006,0.0087816175,0.0053785383,0.00942675,0.009611885,0.00024132713,0.007177083,0.007953866,0.0037694885,4.499508e-07,0.0,0.0020834026,0.007728785,5.042214e-07,0.010352615,-2.3211e-06,0.009688476,0.010069774,0.003956279,0.008797264,0.0064523765,0.008621049,0.008321215,0.0038033747,3.4156795e-07,-2.3503244e-06,-1.4786771e-06,0.009415391,0.0013838474,0.0047350246,0.009795759,0.009037999,-2.1693531e-06,0.008834605,2.6874031e-06,0.008899201,0.0063864877,0.009983803,0.009269,0.009002841,0.009682742,0.0051320717,0.00847085,1.9764852e-06,0.0074103363,0.0051886016,0.008436704,0.007393149,0.0062248786,0.008970331,0.008838665,0.004684247,9.68071e-07,0.0050626122,0.008558628,0.009044588,0.009485743,0.0037597658,0.0030728322,0.0049960376,0.009831266,0.009537157,0.008574971,0.008373939,0.008244103,0.0016202824,0.00802199,0.008416118,0.0094750095,0.0070446404,0.009023828,0.0021916025,0.009575522,0.010316504,2.1292492e-06,0.008795548,0.0052391076,0.007957043,0.0040145437,0.0058677574,0.0062868716,0.0059868023,0.008386393,1.718818e-07,0.0039507207,0.0030491888,0.0042027426,0.009593555,0.004008961,-9.3017286e-07,0.0071732067,0.0037690846,0.015395156,7.468902e-07
0.0031512436,0.0038873635,0.006807679,1.1047829e-05,0.006574167,0.0011389536,0.0042552548,0.0074496595,0.0050790873,0.0046680537,0.006053131,1.3377826e-05,8.244247e-06,0.0054356833,0.008847463,0.006725917,0.006310908,0.0066514933,0.00063766295,0.009600111,0.008877748,7.6273095e-06,0.0031413005,0.004185282,6.851974e-06,1.0617927e-05,0.0029507752,0.0,0.004112173,6.219269e-06,0.008808758,7.100364e-06,0.0099597275,0.008464725,8.438163e-06,0.005769682,0.0022642326,0.010794765,0.005447971,9.301145e-06,7.808732e-06,2.4478013e-06,3.012202e-06,0.008388708,9.275756e-06,9.1381535e-06,0.00844563,0.0060894825,2.9657372e-06,0.0071442025,7.5871217e-06,0.006733176,0.0026552628,0.009245267,0.009078502,0.0066426466,0.010333684,0.0009566556,0.005696784,9.31358e-06,0.0029423053,0.00058512174,0.0051515186,0.0037046273,0.0019475251,0.008632166,0.006598695,0.0010753188,9.87906e-06,0.0004681885,0.010877107,0.009452911,0.00711665,9.836621e-06,8.063736e-06,0.0011202873,0.00828627,0.009581266,0.012069692,0.005161616,0.0049846456,7.839759e-06,0.0044423104,0.005514183,0.0091636665,0.0039592767,0.006270244,9.14148e-06,0.009885292,0.0093117375,9.511416e-06,0.006184524,0.0017567019,0.0042501176,0.00010922838,0.002222073,0.0021535566,0.0014985927,0.004931289,2.405064e-06,1.2075943e-05,7.855366e-06,1.1465613e-05,0.0071183927,8.439207e-06,4.025772e-06,0.0039492766,0.0006446387,0.020247702,4.2472725e-06
0.008161824,0.008850265,0.010140249,0.005924519,0.0102010695,0.0062373695,0.008937873,0.010288815,0.00923994,0.008975596,0.009257771,0.004629472,0.005462483,0.00947978,0.010260087,0.009949777,0.009531581,0.009584384,0.0064008,0.009510688,0.00998657,0.0016120538,0.008142021,0.008850063,0.004703984,-7.627505e-07,0.008070587,0.003127737,0.0,-4.5188904e-06,0.010439972,-5.580914e-07,0.009811258,0.010441932,0.0055762464,0.009689222,0.007361618,0.008566928,0.009381816,0.0051625906,0.0006901232,-2.7386814e-06,-2.7899498e-06,0.010088303,0.0030178153,0.0059814653,0.01014349,0.009890095,-4.0738814e-06,0.009671635,0.0011391847,0.009799978,0.0077279876,0.010441868,0.009840792,0.009774207,0.00987282,0.0061575538,0.009434502,0.0012125617,0.008039214,0.006675063,0.009392228,0.008424892,0.007396187,0.009440474,0.009689813,0.00587789,-1.3537967e-06,0.006094312,0.008539501,0.009518755,0.010400809,0.0059404178,0.0039509498,0.00629647,0.010684069,0.010055582,0.008941389,0.009477205,0.009253589,0.0030825867,0.008962921,0.0096716955,0.0099799195,0.008606171,0.010114453,0.0031443858,0.009908488,0.01081447,-3.132086e-06,0.00960366,0.0054240874,0.008648716,0.0054456466,0.00713334,0.007629189,0.007509988,0.009168861,-3.7035388e-06,0.0055143726,0.0040996154,0.0052559734,0.010203914,0.0057516377,-4.0723984e-07,0.0082113715,0.0044351276,0.015444735,-4.8333677e-06
-5.9754684e-06,5.287057e-06,0.004807434,-2.6197822e-06,0.0036799912,-9.652428e-06,8.438327e-06,0.0058376533,-2.1638416e-06,-2.0148987e-06,0.00123637,1.1636811e-06,4.1300294e-07,0.00012212533,0.0075944597,0.0027649587,0.0013757307,0.0018074776,-5.703579e-07,0.009556499,0.008491363,8.567374e-06,-1.0805998e-06,-7.5714993e-06,3.6623335e-06,5.8262196e-07,8.154689e-06,6.267614e-06,-2.4433887e-06,0.0,0.008412874,-2.6426824e-06,0.010068252,0.0056875064,6.8281024e-06,0.0010734005,-9.519137e-06,0.013430425,0.0008430485,9.349836e-06,-1.0961017e-05,7.2740663e-06,1.384373e-08,0.006864665,-6.0690004e-06,6.0536236e-06,0.006049621,0.0016010588,1.27315925e-05,0.0044880696,-6.4478836e-06,0.0023833911,6.2616173e-06,0.009195467,0.008437592,0.002494148,0.012277078,9.788738e-06,-3.7146829e-06,-2.0417883e-06,-3.1549582e-06,-4.2172433e-06,3.3112537e-06,-9.503307e-06,-1.7493321e-06,0.0076484536,0.0018427515,-5.089354e-06,-2.4824676e-06,-2.2214258e-06,0.013832887,0.00986668,0.0051082214,-1.0039802e-05,-2.4447838e-06,5.4609486e-06,0.0064417413,0.011033607,0.018154997,7.1818254e-06,7.0605315e-06,-1.0534028e-05,6.833059e-07,0.0007828782,0.0079975715,-5.2349296e-06,0.002066564,-1.453809e-06,0.012047187,0.009159223,8.966217e-06,0.0010018572,-1.3363113e-07,8.457496e-06,-5.308077e-06,-1.8193858e-06,-4.675055e-06,-4.300174e-06,-1.9509012e-07,-4.8537986e-06,-1.0114877e-05,9.985586e-06,3.5996268e-07,0.0034380225,6.31899e-06,-3.7295779e-06,-6.9968946e-06,3.2488956e-06,0.030641146,-9.231249e-06
0.011673671,0.011862593,0.013938211,0.008868005,0.014187616,0.009766057,0.012034094,0.014587081,0.012743592,0.0127032185,0.013067799,0.008319443,0.008145839,0.013241147,0.014561664,0.01360296,0.012950658,0.013275471,0.009927151,0.015773315,0.015465823,0.005571899,0.011823623,0.01218571,0.008739872,0.0056217867,0.012337512,0.007478438,0.012259543,0.00073564675,0.0,0.001797442,0.015958253,0.014886388,0.008842949,0.013287836,0.011043087,0.0146921715,0.0128732715,0.008740234,0.004098056,-8.983486e-07,-1.24999e-06,0.014313804,0.007063044,0.009291183,0.014969079,0.0135037955,-1.14232e-06,0.013293658,0.005489999,0.013514247,0.010600917,0.014821774,0.014488991,0.013494643,0.015959598,0.00975243,0.012919746,0.005319042,0.011632688,0.009668542,0.012570354,0.012043001,0.010781272,0.014197698,0.013261206,0.00957897,2.6955132e-07,0.0098057585,0.014931555,0.01486707,0.014417154,0.008629527,0.008001869,0.009862022,0.014715733,0.015063891,0.015829558,0.01264151,0.0125903385,0.006715829,0.0126027595,0.012748216,0.014306989,0.011528201,0.01336765,0.0077292803,0.015266796,0.015216733,0.0017670557,0.013338422,0.010466689,0.012509247,0.008878008,0.010551824,0.011024066,0.010541541,0.012799233,-2.1483274e-06,0.008939884,0.008243593,0.008883831,0.01440019,0.008983212,-1.5481868e-06,0.011839052,0.009048344,0.024309982,0.0004163409
-4.8437864e-06,9.038731e-06,0.004990598,-1.6061643e-06,0.004069758,-7.1217573e-06,3.0745498e-06,0.0061625177,0.00048951793,9.969126e-06,0.0019456865,-8.285006e-06,6.552466e-06,0.0005953942,0.007960619,0.0031804345,0.0019948645,0.0025633415,3.9468555e-06,0.009644705,0.008766474,-1.2698227e-05,5.0603217e-06,6.4320043e-06,-1.226097e-05,-7.832501e-06,6.121613e-06,-1.3156062e-05,5.57636e-06,2.464942e-06,0.008817702,0.0,0.010225153,0.006389737,-7.229042e-06,0.0012314542,7.486357e-07,0.012405428,0.0015924937,4.980096e-07,-9.572048e-06,-1.0283346e-05,-9.683898e-06,0.0071566645,-1.3482723e-05,-4.753191e-06,0.0066154664,0.0021646654,-2.9640787e-06,0.004928012,-1.1260995e-05,0.0028713068,-8.553131e-06,0.009306354,0.008708105,0.0031011507,0.01231971,4.7573917e-06,0.000667426,-1.1200521e-05,5.6139834e-06,3.6576682e-06,3.7125565e-06,-1.522807e-06,7.499445e-06,0.007882846,0.002463238,-1.0803926e-06,-1.5681246e-05,-1.9310424e-07,0.012917848,0.009704837,0.005413795,-7.941606e-06,-8.116435e-06,5.209114e-06,0.0068501406,0.01113367,0.016085995,1.0624887e-05,1.8136836e-07,-9.579424e-06,-3.097234e-07,0.0015339367,0.008150806,8.637655e-06,0.0025269596,2.6854684e-06,0.012108324,0.009386995,-6.705038e-06,0.0015014429,2.775231e-06,3.953964e-06,6.3349803e-06,2.6772461e-06,3.3187268e-06,8.35204e-06,1.2511285e-05,-2.909562e-06,6.7876437e-07,-5.7404327e-06,7.3005714e-07,0.003956153,3.0731007e-06,-1.3309792e-05,3.46606e-06,-1.0356492e-05,0.029996898,4.3456666e-06
0.012050539,0.012263741,0.014861725,0.009344199,0.01503761,0.0098257065,0.012467772,0.0154385725,0.013465573,0.013358976,0.014242808,0.008561043,0.009063569,0.01348863,0.016133312,0.014365814,0.014132042,0.014320212,0.010305712,0.017814772,0.017083159,0.0059379796,0.01199114,0.0127327815,0.008972683,0.0062776986,0.012548291,0.007639226,0.01265657,0.0015067244,0.017134827,0.0023339202,0.0,0.0161044,0.009291769,0.013658406,0.011140253,0.017647695,0.013732552,0.008852397,0.0049477965,0.00017642672,-5.5792393e-06,0.016096275,0.0071924096,0.009776447,0.016355934,0.013750075,-4.674334e-06,0.0148160625,0.005731434,0.014526411,0.011075226,0.01619126,0.016540566,0.014513477,0.017877482,0.009853384,0.01395003,0.0057824524,0.0118872635,0.010040915,0.013101178,0.012252926,0.010905695,0.016444637,0.014310897,0.00975906,0.0011060779,0.010005216,0.017931957,0.017026216,0.014856975,0.009240085,0.008237183,0.009996106,0.0153578725,0.01658192,0.01932275,0.012890521,0.012891188,0.006910543,0.012739953,0.013510371,0.015933953,0.011979958,0.013779382,0.00793697,0.017033461,0.016094847,0.0023497546,0.01397575,0.01038679,0.013324267,0.008893868,0.01067177,0.011534585,0.011183768,0.013493736,-4.203233e-06,0.009179407,0.008247467,0.008904793,0.01475073,0.009471467,0.0005474316,0.011729718,0.008929955,0.025627935,0.0010807436
0.010323549,0.010631795,0.012767499,0.0076816967,0.013142632,0.0082675405,0.010849178,0.01329885,0.011686569,0.011482008,0.011934303,0.006793271,0.0070424667,0.011803965,0.013474882,0.012636193,0.012077667,0.012236164,0.008476678,0.014366701,0.014082972,0.003984719,0.01040401,0.011000509,0.0070590684,0.00353559,0.010878421,0.0056884224,0.011143683,-4.780038e-06,0.0145548,-3.957616e-06,0.014634458,0.0,0.0075419648,0.012042552,0.0095417695,0.013720674,0.011741221,0.007085879,0.00257525,-3.2040193e-06,-4.271609e-06,0.013271391,0.0052608596,0.007937681,0.013671291,0.012093429,-4.828495e-06,0.012508822,0.0038545653,0.012388458,0.009569679,0.01366576,0.013559959,0.012416317,0.0144610135,0.008209719,0.012057595,0.0037819375,0.010397806,0.008368431,0.01152101,0.010506153,0.009395661,0.013246155,0.012337737,0.0080717895,-2.2801541e-06,0.00842823,0.013633453,0.013766062,0.013079048,0.0073804106,0.0063082254,0.008477757,0.013275936,0.013708449,0.014103503,0.011421427,0.011318665,0.005168832,0.011171234,0.011687721,0.013207086,0.010321323,0.012137959,0.0059158998,0.013854322,0.013810938,-1.5418041e-06,0.012155228,0.008646127,0.011490868,0.007352529,0.009000986,0.009744333,0.009446171,0.011778806,-3.3032215e-06,0.0074512362,0.0064583123,0.0073023085,0.012932832,0.0076224487,-4.532944e-06,0.010240105,0.0072504124,0.018847356,-4.8097336e-06
0.005585267,0.006481243,0.007978527,0.0035181127,0.007975466,0.0035046886,0.0066840625,0.008281909,0.0069103893,0.0067235613,0.007099432,0.0017042384,0.0040218956,0.0068682507,0.008343938,0.007878188,0.0075055715,0.007746571,0.003555758,0.007823957,0.008250088,1.09856494e-07,0.0053595193,0.0065368135,0.0018593855,5.37466e-07,0.005279243,-5.9838396e-07,0.0067226407,3.573618e-06,0.008969796,-4.6138712e-07,0.008546356,0.00834605,0.0,0.0072927023,0.004500636,0.007566059,0.007070238,0.0020986258,3.319345e-06,-2.2319116e-06,-1.129441e-06,0.008136899,1.5491337e-06,0.0035782545,0.008254197,0.007671387,4.5547326e-06,0.0076802783,9.884083e-07,0.0077081798,0.005575646,0.008755466,0.007935082,0.0077270954,0.008289753,0.003055904,0.007393398,1.0478925e-06,0.005514692,0.0043748454,0.0071723983,0.0057588224,0.0046709906,0.007407752,0.0076689995,0.0027296208,-3.0009917e-07,0.0031933298,0.00744052,0.0075894576,0.008210508,0.004102489,0.0010818703,0.0031565556,0.0087251365,0.008093333,0.008119652,0.0071247537,0.0067360583,0.00021261114,0.00618279,0.007570652,0.008464721,0.006356936,0.007854625,3.55236e-06,0.008532028,0.009134049,3.8726585e-06,0.007524821,0.0017178372,0.00623182,0.0025041793,0.004184461,0.0054086894,0.0052252645,0.0068516373,2.0144505e-06,0.0026244211,0.00085411227,0.0021933042,0.007940016,0.0036417095,1.4665525e-06,0.0052224398,0.00042903252,0.016365437,1.7867633e-06
0.009089628,0.009640218,0.01123852,0.0066285837,0.011468212,0.0077057835,0.009647071,0.011599762,0.0100399265,0.00978946,0.010099087,0.005602703,0.005273676,0.010874268,0.011260688,0.010936671,0.010153585,0.01032856,0.007151825,0.011080705,0.01127371,0.002620228,0.009205563,0.0098073995,0.0052537564,0.0002617435,0.008853968,0.0048145694,0.009821238,-2.250349e-06,0.011802734,-2.2542552e-06,0.011263793,0.011476187,0.005917184,0.0,0.008800374,0.010183177,0.010102202,0.006088529,0.0007187883,-1.8055762e-06,4.415845e-07,0.01100931,0.0045451284,0.006641666,0.011147807,0.011144428,-1.2704079e-07,0.010440014,0.002367827,0.010705064,0.00845367,0.01163348,0.010946113,0.010702899,0.011576371,0.0075925766,0.010241403,0.0026391088,0.009012517,0.007135333,0.010122667,0.009502796,0.008167511,0.010502653,0.010420058,0.007507348,-2.5833303e-06,0.0072042914,0.010172893,0.010816014,0.011866843,0.0065617547,0.0046516987,0.0076557635,0.011839628,0.011433639,0.0102030635,0.010739343,0.0106595075,0.0036447796,0.010452155,0.010278532,0.010923059,0.009593218,0.01129007,0.0042545474,0.011462994,0.012136378,-1.3122162e-06,0.010632261,0.00788256,0.009579358,0.006683834,0.008507829,0.007953446,0.007823506,0.009772717,-2.6175478e-06,0.0063229427,0.0053447844,0.006620713,0.011495271,0.005944999,-1.7367731e-06,0.009718909,0.006790878,0.016984286,-2.1812032e-06
0.0064667063,0.007076383,0.008778741,0.0037756024,0.008864949,0.004811876,0.007268057,0.009079451,0.0076498967,0.0073452317,0.007718662,0.002753682,0.00300158,0.008046257,0.009015228,0.008594424,0.007919667,0.00794839,0.0045615807,0.009051424,0.008966456,2.0533662e-06,0.0066361427,0.007413394,0.0026566815,2.571763e-06,0.006412172,0.0018306335,0.007240485,-9.081516e-07,0.0098064905,3.0761305e-06,0.00930916,0.0093144765,0.0032004418,0.008473403,0.0,0.007827871,0.0076739024,0.0033362466,1.4351752e-06,1.1966741e-06,3.7837847e-06,0.008901315,0.0013995895,0.0041582067,0.008943645,0.008535078,3.687169e-06,0.008314972,2.7035164e-06,0.00832068,0.006072728,0.009467442,0.008864213,0.008285852,0.009358611,0.004897183,0.007969627,4.568921e-06,0.006569169,0.004741507,0.007977262,0.0068935407,0.0056900457,0.008441884,0.008270069,0.0048308847,3.0988467e-06,0.0045003034,0.0078515755,0.00860316,0.009134801,0.0037669216,0.0018006308,0.0047844183,0.0093677,0.009182018,0.008225461,0.008222592,0.007835093,0.001040928,0.0076464205,0.00796706,0.008932231,0.0068391184,0.008822861,0.00093031506,0.009093363,0.009854045,4.431576e-06,0.0082475785,0.0052911844,0.007202835,0.003931998,0.005715905,0.0055440445,0.005321506,0.007526397,2.6635719e-06,0.0034062462,0.0026346608,0.0037708199,0.008992718,0.003796018,1.9057723e-06,0.0070482967,0.0036350905,0.015487401,6.1858594e-07
0.014002034,0.01433314,0.016795043,0.01123205,0.01648768,0.011619139,0.014288527,0.017366748,0.015506619,0.015286956,0.016321376,0.010546748,0.011299795,0.015358205,0.018115513,0.016433513,0.016136654,0.016385654,0.0118401665,0.019067053,0.018360952,0.007630004,0.013677522,0.014568183,0.01062777,0.00786991,0.014056495,0.009356168,0.014486471,0.0033607176,0.01836651,0.0042174878,0.01915737,0.017486732,0.011189862,0.015550913,0.012876872,0.0,0.015931569,0.010667741,0.0072260657,0.002139963,-3.805342e-06,0.018050723,0.00911801,0.0116476985,0.017739592,0.01554738,-3.5839857e-06,0.017009782,0.0075854217,0.01627777,0.013017484,0.018156309,0.01845107,0.01643248,0.019594481,0.0114614265,0.015720628,0.007603038,0.013414581,0.012189891,0.014882798,0.014019927,0.012613345,0.018516758,0.01615121,0.011324852,0.0030579476,0.0117166685,0.020968607,0.019173272,0.016827568,0.011598674,0.00991909,0.011770784,0.017195117,0.018796738,0.024264604,0.014818377,0.014743226,0.008915496,0.014351916,0.0154978465,0.017988,0.014204307,0.015518983,0.009601331,0.019295476,0.017929196,0.004248888,0.015685836,0.011373353,0.0148693975,0.010644724,0.012581742,0.013545477,0.013224016,0.015377295,-1.1651244e-06,0.010948463,0.009933335,0.010534858,0.016608767,0.011451179,0.0024484224,0.013484732,0.01024137,0.025619801,0.0031030797
0.0092705265,0.009857918,0.011488199,0.006894112,0.011623553,0.0072341748,0.009892968,0.011762315,0.010508518,0.010292507,0.010567076,0.005612438,0.0063786716,0.010771829,0.011868538,0.0113123525,0.010843842,0.011082559,0.007436993,0.011376398,0.011632034,0.0023714663,0.009282033,0.010004651,0.005770474,0.0009430093,0.009408181,0.0040205163,0.010051125,-2.4058934e-06,0.0120931035,-6.994978e-07,0.011646941,0.0119400015,0.0063412664,0.010977182,0.008583725,0.0107963355,0.0,0.006094553,0.0014395065,-3.7267796e-07,-3.465618e-06,0.011761089,0.0038400656,0.007117465,0.011539167,0.011149889,-2.4765154e-06,0.011061693,0.0021853861,0.011223413,0.0087122265,0.012112228,0.011514837,0.011102872,0.011661809,0.006985473,0.010815438,0.002056507,0.009202665,0.0076724193,0.010654088,0.0096402615,0.008386682,0.011304494,0.01109794,0.006841569,3.2150547e-07,0.0071591125,0.010766791,0.011303318,0.011642746,0.0068430365,0.004907206,0.0071486486,0.012194545,0.011775491,0.010858716,0.010621076,0.010577245,0.0038774635,0.010064925,0.010788319,0.011585952,0.0096622715,0.011213124,0.0040329196,0.011851264,0.012293119,-2.362303e-06,0.01107613,0.0066703586,0.010086925,0.0063882596,0.008083949,0.008664972,0.008479008,0.010402689,-3.8665016e-06,0.0064090868,0.005019476,0.006133462,0.011599143,0.006583704,-2.7367728e-06,0.009291992,0.0054831654,0.016594961,-3.7237712e-06
0.0047988817,0.0056966105,0.0077184956,0.002490535,0.0076463344,0.0029979595,0.0058997255,0.008213673,0.0063442527,0.0059924745,0.006673358,0.00069074275,0.0017242645,0.00673229,0.008608161,0.0073871105,0.0071668606,0.0072518885,0.0029206905,0.008692892,0.008550669,2.0178443e-06,0.0048193266,0.0058640973,0.0006762521,7.423579e-08,0.004852266,4.7243234e-06,0.005861495,-4.3761934e-06,0.009176643,-4.0638474e-06,0.009039618,0.008437612,0.0014436159,0.00700791,0.0040513612,0.008839408,0.006585271,0.0,3.7509199e-06,-1.5336853e-06,-3.4844804e-06,0.008306502,5.3491844e-06,0.0023325558,0.008366996,0.007243943,-3.760618e-06,0.0075894822,4.5321012e-06,0.0072769304,0.0047568954,0.0090487525,0.0086259395,0.00721599,0.009210739,0.0028295575,0.0067554563,8.3125315e-08,0.004815333,0.0030985437,0.0067608664,0.0053299502,0.0041123754,0.008049042,0.007357568,0.00273283,-6.766076e-07,0.0024530923,0.008989252,0.008556865,0.00799157,0.0022648408,2.1732703e-06,0.0028867598,0.008592101,0.009002165,0.00905861,0.0067860764,0.0064177597,5.5951336e-06,0.00593418,0.006939325,0.008633075,0.0055757714,0.007581334,6.7379556e-06,0.009045448,0.009240187,9.326258e-07,0.0070734494,0.0026093225,0.00568492,0.002146055,0.0038287574,0.0039327783,0.003906573,0.0063921954,-3.8443904e-06,0.0017283346,0.00045107107,0.0019055313,0.007742479,0.0020870767,1.1809163e-06,0.0051951907,0.0015516629,0.01701345,-1.8157428e-06
0.0027237223,0.004034027,0.0065812077,0.0011034121,0.0062622484,1.1016104e-05,0.0043662433,0.0069872825,0.0048955297,0.004357598,0.005318421,7.5020944e-06,0.0028588446,0.00461598,0.007721299,0.006116101,0.00585132,0.0062161647,9.288914e-06,0.00794595,0.0077167815,4.1116714e-06,0.0022518386,0.0040507955,4.5646907e-06,8.881104e-06,0.0017909945,6.670554e-06,0.004311832,6.2825998e-06,0.008228731,8.519019e-06,0.00840962,0.007214402,2.9299339e-05,0.0050211106,0.0008885717,0.009002705,0.0051219873,9.650375e-06,0.0,3.0110493e-06,6.6241164e-06,0.007337104,5.3410618e-06,0.00032070445,0.0070978464,0.005533728,2.7386977e-06,0.00678558,6.0101297e-06,0.0058770003,0.0032769826,0.008299992,0.008001695,0.005972346,0.009201693,7.0051356e-06,0.0054214457,3.5017063e-06,0.0020965997,0.001719406,0.0049966453,0.0029410422,0.0013816346,0.0073051555,0.0061700502,1.0941202e-05,3.0271628e-06,9.249933e-06,0.009098544,0.008127134,0.006771824,0.0024733052,3.3410954e-06,8.984905e-06,0.0074920733,0.008754693,0.010199716,0.0048645907,0.0042112353,1.0735788e-05,0.0033661905,0.0058250106,0.008033803,0.0042793327,0.005666666,1.08683125e-05,0.009010371,0.008433624,6.676463e-06,0.005524097,7.4455147e-06,0.003442953,3.204625e-06,0.00080973224,0.0030419228,0.0026830216,0.0048992964,3.1606198e-06,1.0694256e-05,6.669691e-06,5.748124e-06,0.0061073997,0.0011044545,5.0203644e-06,0.0018237499,1.0879029e-05,0.022449663,5.821049e-06
3.505856e-05,3.6740475e-05,0.0034573888,1.908893e-05,0.00203358,1.6571526e-05,3.0426936e-05,0.0047151935,3.0504085e-05,2.8467703e-05,3.0152292e-05,2.11686e-05,3.1586264e-05,3.960457e-05,0.0072242646,0.0011538181,3.0119028e-05,0.00041367853,1.9357176e-05,0.009378841,0.008172049,6.0763896e-06,2.83038e-05,2.3903187e-05,2.18549e-05,1.7771954e-05,1.836224e-05,2.710976e-05,2.7379176e-05,2.271737e-05,0.007888282,9.590059e-06,0.010009524,0.004902601,3.520105e-05,3.700382e-05,2.5024177e-05,0.012977339,3.4251596e-05,1.7908791e-05,2.9370973e-05,0.0,5.3995855e-06,0.006258248,3.058741e-05,1.7852519e-05,0.005202247,4.4584463e-05,1.107899e-05,0.0033634882,5.8296837e-06,0.00070277596,2.8087885e-05,0.008834591,0.008173315,0.00085575937,0.012681172,1.921573e-05,3.5098066e-05,2.3219796e-05,2.6606416e-05,2.2473054e-05,3.7931433e-05,3.7745533e-05,1.9312183e-05,0.0071551055,3.5492412e-05,2.43423e-05,1.5519247e-05,2.1206535e-05,0.0137563115,0.009737776,0.0035833132,1.6123235e-05,2.6415697e-05,1.4981469e-05,0.005551522,0.011310875,0.017695023,2.8916747e-05,2.917868e-05,2.7855196e-05,3.0630297e-05,4.2733365e-05,0.0074489107,4.189859e-05,3.1206415e-05,2.7798513e-05,0.012703134,0.008659952,4.833943e-07,2.9561616e-05,2.4396568e-05,3.367067e-05,1.9154135e-05,2.309936e-05,3.3674725e-05,2.0831363e-05,2.8914774e-05,-2.6256746e-06,1.9950428e-05,1.6383254e-05,2.6651056e-05,0.0018648725,1.9958068e-05,9.969635e-06,2.2041315e-05,3.1432886e-05,0.033166815,2.8332622e-06
5.8513347e-06,3.2102125e-06,7.64028e-06,-2.3354663e-07,2.2845956e-05,1.381985e-05,9.196616e-06,0.00030395595,1.7370216e-05,2.9718117e-06,9.3590677e-07,6.4058563e-06,2.81296e-06,2.0796146e-05,0.004111597,9.556874e-06,1.6819735e-05,2.4192494e-05,7.85982e-06,0.00807543,0.006264666,2.19754e-05,2.6292537e-05,2.7188067e-05,2.7569602e-06,8.962167e-06,1.8122031e-05,1.027938e-05,2.4267007e-05,-3.1975633e-06,0.0055929488,7.396148e-06,0.008888551,9.250094e-06,7.733431e-06,2.295665e-05,3.84934e-06,0.014598765,1.8100942e-05,-3.5538644e-06,-1.4887722e-06,-3.9302386e-06,0.0,0.002325549,2.272045e-05,1.6827156e-05,0.00064276427,1.0025631e-05,5.417535e-06,2.481315e-05,1.3703796e-05,8.919388e-06,7.5496046e-06,0.007075383,0.00562179,1.9728495e-05,0.013959251,5.413219e-06,1.2164751e-05,2.5813444e-05,1.4914334e-05,1.5386706e-05,1.00252655e-05,1.7957544e-05,2.6129484e-05,0.004441347,2.619845e-06,1.5007129e-05,1.9974756e-05,1.27634885e-05,0.015816094,0.008539121,1.2406383e-05,1.5006619e-05,2.182259e-05,1.947331e-05,0.0013351572,0.0115998015,0.023133928,7.114681e-07,-3.3860212e-07,1.7243696e-05,2.1636928e-05,7.2139574e-06,0.0043454035,1.0126448e-05,2.377178e-05,1.8419856e-05,0.013887536,0.0070245215,2.1233158e-05,2.6117503e-05,-2.9170976e-06,8.44568e-06,9.415063e-06,-3.4622846e-07,2.231173e-05,2.3656004e-05,1.008646e-05,-4.7497895e-07,1.3253703e-05,1.7648995e-06,2.3469995e-05,5.6520576e-06,2.3399007e-05,9.3565395e-06,2.4490806e-05,-2.2960753e-06,0.041800518,1.2900808e-05
0.011028321,0.011489027,0.013603753,0.008427623,0.013622771,0.008826322,0.011496415,0.014250604,0.012449856,0.01217781,0.012926859,0.007375909,0.008155399,0.012487256,0.014941201,0.013419028,0.013093764,0.013244031,0.008966725,0.014941014,0.014809637,0.0044472623,0.010805291,0.011832288,0.007733314,0.0040149214,0.011202014,0.006208996,0.011827228,-1.2208842e-06,0.014725038,0.00053797674,0.015272618,0.014329953,0.008223864,0.012672241,0.009984452,0.0153283235,0.012712183,0.0077150445,0.0036788897,-1.0765527e-06,1.3472693e-06,0.0,0.005764064,0.008655681,0.014191654,0.012750538,-1.7902064e-06,0.013907673,0.0043073962,0.013294744,0.010195709,0.015145849,0.014861652,0.013385494,0.015530908,0.008700779,0.012749215,0.0044627213,0.0107216975,0.0091096675,0.012124857,0.011070629,0.009937267,0.014662279,0.013250857,0.008367973,7.138098e-07,0.008822872,0.015423897,0.015241686,0.013721185,0.008423916,0.0068077077,0.008887945,0.014241159,0.015363213,0.016022017,0.01211477,0.011931388,0.0058310684,0.011683334,0.012578791,0.014620501,0.011251569,0.012847592,0.0062753786,0.015687166,0.014886175,0.0005132715,0.012944901,0.008476149,0.011865076,0.007854187,0.009722657,0.010623543,0.010259256,0.012418083,-1.771568e-06,0.008147097,0.00692233,0.007815788,0.013394827,0.008332536,-2.018009e-06,0.010623856,0.0073602926,0.01997402,-2.6698121e-06
0.00342662,0.004409986,0.007154813,0.0007029978,0.006923364,0.0015975618,0.004582333,0.0075508133,0.0052085295,0.0049114283,0.0057903356,1.1724315e-05,8.92651e-06,0.0057516266,0.008818376,0.0066115763,0.006082207,0.006315125,0.0009014551,0.009554981,0.008914545,8.067884e-06,0.003452863,0.0045880517,5.936225e-06,9.057259e-06,0.0029193356,5.422393e-06,0.004545677,1.9390366e-06,0.008902594,3.6424094e-06,0.009909241,0.0080403285,1.1899426e-05,0.0060628154,0.0025592814,0.010677491,0.005617461,9.852217e-06,1.0395147e-05,3.5070364e-06,6.7778583e-06,0.008004424,0.0,0.00040343788,0.007989604,0.006361835,1.6772361e-06,0.007118474,4.9508944e-06,0.006356431,0.003108315,0.008786234,0.009199716,0.0064720837,0.009856359,0.0012911,0.0055814763,8.481236e-06,0.0030445843,0.0011622431,0.0055812034,0.0039689117,0.002290625,0.008575308,0.0063385214,0.0013368082,6.0708808e-06,0.000675037,0.010688838,0.009012338,0.0073266746,0.0005996423,5.905494e-06,0.0016281984,0.00804173,0.00907347,0.011958699,0.0054876935,0.005208953,5.4231905e-06,0.0047676675,0.0058596577,0.008989438,0.004419652,0.0066159545,1.1354638e-05,0.009293403,0.008818216,9.159109e-06,0.005839824,0.0013942011,0.004405885,0.00061259395,0.0025169728,0.0022390042,0.001960727,0.0051991167,4.751903e-06,1.3165252e-05,5.7994666e-06,0.00010793723,0.0068459795,1.0975887e-05,7.3682518e-06,0.0040907897,0.0005353204,0.02035998,7.947266e-06
0.005766693,0.0066599743,0.008241553,0.0035841172,0.008192211,0.0036882071,0.0068332325,0.008427634,0.007102412,0.0068815015,0.007269699,0.0020288888,0.0037053702,0.007352644,0.00853678,0.008098077,0.0077067073,0.0077556935,0.0038232785,0.008373668,0.008397017,8.949592e-07,0.0057630586,0.006720359,0.002061541,3.5717871e-06,0.0056780796,0.000268184,0.0068388805,4.0611726e-06,0.009079181,2.4655892e-06,0.00865955,0.008694342,0.0031515467,0.0075050644,0.0049265074,0.0075348825,0.0073622707,0.00242909,4.2663637e-06,1.0142072e-06,1.282812e-07,0.008439327,0.00018279343,0.0,0.008410389,0.007839913,2.0484329e-06,0.007825769,3.5250484e-06,0.007820191,0.0058220588,0.008923632,0.0084402785,0.007877049,0.008719753,0.0036304093,0.007480146,3.599213e-06,0.0058557843,0.004506847,0.007560472,0.006182004,0.0049812454,0.008021806,0.0077819643,0.003191498,-1.27082e-06,0.0035916269,0.0076283654,0.008237011,0.008498706,0.0038560547,0.0013949975,0.003579177,0.008835124,0.008643953,0.008133462,0.007367042,0.0070741866,0.0005789928,0.0065593557,0.007755721,0.00861867,0.0065152855,0.008073867,0.00035894016,0.0086811995,0.00918008,1.6750558e-06,0.0077683423,0.002758069,0.006466801,0.0028384062,0.004702155,0.0053569064,0.005237104,0.007040832,1.8807831e-06,0.002820213,0.0015116456,0.0026053353,0.008341241,0.0035059918,1.7524384e-06,0.0056784623,0.0014088841,0.015583053,2.6567916e-06
0.010498391,0.010669257,0.012860603,0.0075711417,0.013139038,0.008295359,0.010845783,0.013394874,0.0118547715,0.011605058,0.012147181,0.0067920955,0.0072487863,0.011846663,0.013785785,0.01265945,0.012206021,0.012482561,0.008565191,0.015007647,0.014611577,0.003860208,0.010319963,0.0111474795,0.0072205355,0.0037385991,0.011024686,0.005711422,0.011190317,-1.4023639e-06,0.014862421,1.7468139e-05,0.015202188,0.014063713,0.0074647814,0.012099019,0.00964496,0.014473943,0.011917859,0.0072308234,0.0027261542,-2.673719e-06,-3.320953e-06,0.013620874,0.00531049,0.00805526,0.0,0.012268568,-2.8598445e-06,0.012887152,0.0037798896,0.0125494385,0.009521501,0.01411648,0.014004414,0.012674235,0.014922488,0.008160127,0.012237375,0.0036316884,0.010418282,0.008359517,0.011697497,0.0106006665,0.009423155,0.013684783,0.012408102,0.00803694,-3.5729774e-06,0.008301452,0.014296429,0.014297324,0.013138117,0.0073693236,0.0064276266,0.008272471,0.013472506,0.013937951,0.014974673,0.011370701,0.011407917,0.0051523927,0.0111465035,0.011884502,0.013694481,0.010473697,0.012158882,0.005822632,0.0143589,0.01403869,-3.2963185e-06,0.012179061,0.008652685,0.011504696,0.0073657627,0.009029119,0.009792706,0.00960965,0.011978838,-5.299259e-06,0.0074220216,0.006619909,0.007344427,0.013067612,0.0075447042,-5.762702e-07,0.010274202,0.0072111776,0.019990284,-5.104597e-06
0.009406604,0.00994681,0.011451579,0.0069604525,0.011686202,0.0076712356,0.009997933,0.011873496,0.010332149,0.010213398,0.010270095,0.0057353843,0.0057873754,0.010993265,0.011434503,0.01118425,0.01051301,0.010626808,0.0075710476,0.011133613,0.011507266,0.0029023231,0.009413873,0.009966575,0.0057598953,0.0008394379,0.009338057,0.0048445887,0.010104973,7.0022617e-07,0.012060521,-8.0470045e-07,0.011401221,0.011623188,0.0062584826,0.011137258,0.008871427,0.010286898,0.010366962,0.006254046,0.0012591649,-2.838278e-07,4.136516e-07,0.011328569,0.0043919925,0.0069035944,0.01139439,0.0,-1.036105e-08,0.010864043,0.0026099132,0.010880683,0.008768672,0.011948871,0.011046238,0.010888599,0.011563805,0.007501935,0.010455856,0.0027353277,0.009130989,0.0075235153,0.01039406,0.009805056,0.008574105,0.010657703,0.010623947,0.0075003374,-5.5137525e-07,0.007476112,0.010319976,0.010957309,0.011900809,0.00680331,0.005045665,0.00767073,0.012016227,0.011730472,0.0104703,0.010795728,0.01071376,0.0041526705,0.010406199,0.010603178,0.011159569,0.009776258,0.011452345,0.0044377386,0.011709196,0.012441117,-1.3100155e-06,0.01079259,0.0075493366,0.009818043,0.006659477,0.008436595,0.008435039,0.008299945,0.0100522395,-2.8011518e-06,0.0064929198,0.0055022356,0.006593269,0.011667011,0.0064504375,6.048312e-07,0.009776889,0.006504014,0.01676572,-2.7594015e-06
4.352453e-06,2.6880828e-06,1.2718286e-05,-6.936741e-06,1.6487931e-05,1.7339735e-05,-2.8930483e-06,0.0011759157,1.923639e-05,-6.690438e-06,1.6653848e-05,1.7795304e-05,-9.310068e-06,9.854012e-06,0.004931574,2.8867607e-06,5.8485634e-06,7.122023e-06,-7.294556e-06,0.008126774,0.0065192617,-8.4476915e-06,9.504835e-06,6.877891e-06,7.994103e-06,1.0397458e-05,4.7584e-06,1.38233445e-05,1.5580012e-05,-1.17362315e-05,0.005733701,-3.902775e-06,0.008961048,0.00073901145,-6.243579e-06,5.647021e-06,1.7748522e-05,0.014163637,8.765703e-06,7.475837e-06,-3.7774503e-06,1.917285e-05,-6.3458156e-06,0.0032315806,-1.6539406e-06,4.012197e-06,0.0015139504,1.6463671e-05,0.0,-1.6653041e-06,-1.1576711e-05,7.341041e-06,4.570074e-06,0.007405003,0.0061658123,1.9308858e-05,0.013503397,1.3710892e-06,9.856426e-06,-4.6218706e-06,-2.4580584e-06,1.8158345e-05,-2.8268475e-06,7.3137194e-06,1.3566057e-05,0.005031547,-3.3390527e-06,-2.6718126e-06,1.3142143e-06,-4.5908087e-06,0.015326483,0.008780309,2.1407031e-05,-4.56764e-06,-1.4708814e-06,1.4130725e-05,0.0021766245,0.011488542,0.021635631,1.4121748e-05,-5.421504e-06,1.3203451e-05,-9.0566834e-07,6.554022e-06,0.0050489083,-4.614078e-06,1.4699861e-05,2.6691823e-06,0.013528569,0.007447741,1.8480836e-05,9.9802655e-06,3.4403924e-06,1.6926024e-05,3.8198223e-06,8.339806e-06,1.4183243e-05,-6.4088676e-06,1.5053301e-05,1.6084374e-05,5.304788e-06,1.5269803e-05,1.8463943e-05,-3.5863814e-06,8.108037e-06,5.098121e-06,-8.099871e-06,-5.4092525e-06,0.039956164,-8.1701355e-06
0.010071109,0.010776611,0.012545,0.00787307,0.012473017,0.008010119,0.010940733,0.012983635,0.01161562,0.01139357,0.011788463,0.006501426,0.008042157,0.011466873,0.013663258,0.012435659,0.012186804,0.012253246,0.007977739,0.01344401,0.013422922,0.0037319574,0.0098499665,0.010999166,0.0066962265,0.0025399423,0.010183455,0.0047059054,0.011048936,-5.6514336e-06,0.013001306,-5.7923085e-06,0.013687582,0.013093377,0.0075156996,0.011566902,0.008939847,0.013762044,0.011755952,0.0068102884,0.0032128834,-3.2609569e-06,-3.7325146e-06,0.013357898,0.0048843813,0.008049073,0.012840308,0.011939268,-4.530167e-06,0.0,0.0034487175,0.01220451,0.009796451,0.013770978,0.013443776,0.012273296,0.013828484,0.0077670547,0.011954747,0.0035129725,0.0097467,0.008666346,0.011431818,0.010219144,0.009087057,0.0131767355,0.012298665,0.007430745,-4.232327e-06,0.008012976,0.013762918,0.013684101,0.0126056,0.007938165,0.0060607367,0.008005893,0.013133808,0.013816029,0.014014998,0.011357976,0.011164012,0.0051359097,0.010747303,0.011857919,0.013442267,0.010598217,0.01202679,0.0051654,0.014048052,0.013599353,-3.902752e-06,0.0120779425,0.0067652357,0.01087477,0.007077568,0.008830822,0.00976651,0.009530318,0.011464093,-4.216235e-06,0.007331517,0.0059728175,0.007021089,0.012341985,0.007454676,-3.5384492e-06,0.00976818,0.006250071,0.017713532,-5.0290096e-06
0.0019728646,0.0031116458,0.006479459,5.9084064e-06,0.0061553293,2.923596e-06,0.0035031033,0.0072829947,0.0042907475,0.0039155358,0.005031284,6.069876e-06,7.657524e-06,0.004638228,0.008105499,0.00590738,0.005418814,0.0055679604,2.1322317e-06,0.008831224,0.008243388,6.1474543e-06,0.001996124,0.00339271,6.885776e-06,-3.997479e-06,0.0018755621,6.707761e-06,0.003445087,-3.9527578e-07,0.008653551,-3.7707807e-06,0.009200782,0.007564336,7.2700277e-06,0.0048648203,0.00069418823,0.009975848,0.0047233547,-1.4666302e-06,5.3238273e-06,1.0166669e-06,-9.500058e-06,0.007667757,3.7652572e-07,4.1266953e-06,0.007509796,0.005451278,1.0231254e-06,0.0065155565,0.0,0.0056844945,0.001812774,0.008688948,0.008573075,0.005684933,0.010020309,2.127602e-06,0.0047214474,5.556453e-07,0.0017926199,6.2872425e-07,0.0045590526,0.00254865,0.00067583093,0.007807342,0.0056804297,3.2617675e-06,-2.9741134e-06,1.3213922e-06,0.010624614,0.008766724,0.0067623244,9.659254e-07,5.042747e-06,6.621765e-06,0.007692078,0.009221015,0.012034815,0.004328594,0.003987594,-2.8887976e-06,0.003274936,0.005032999,0.00829803,0.0031920904,0.0056585297,3.6565189e-06,0.009743774,0.008882612,4.690189e-06,0.00513964,2.2574948e-06,0.003210961,1.6032565e-07,0.00068382104,0.0009381538,0.000687543,0.0042627477,2.6344171e-06,8.003964e-06,4.4419676e-06,1.7881688e-06,0.0060855104,4.8669326e-06,-4.001155e-07,0.002429003,6.787429e-06,0.022788418,-2.0669534e-06
0.00957099,0.010037938,0.011803103,0.007139609,0.011981008,0.0075312755,0.010209234,0.012126049,0.010791601,0.010666627,0.011045242,0.0059492877,0.0065830164,0.010956488,0.012199267,0.011671471,0.011165557,0.011402465,0.0077636396,0.012012226,0.012164334,0.0029326873,0.009615262,0.010437948,0.006043144,0.001688267,0.009667031,0.004515543,0.010431806,-2.9767064e-06,0.012610174,-9.790035e-07,0.012327603,0.0122146895,0.006815359,0.011282134,0.008823522,0.011372001,0.010971665,0.00626021,0.0018726254,-1.5256812e-06,-3.9461997e-06,0.012038902,0.0042370073,0.0072600814,0.011990046,0.011436309,-1.7208239e-06,0.011548232,0.0026554386,0.0,0.008944523,0.012361509,0.012007659,0.011505824,0.012222846,0.0074560456,0.011074043,0.0026448264,0.0093739,0.007995779,0.010915177,0.00988469,0.008542293,0.011675732,0.01140509,0.0072274525,-6.3528535e-07,0.0074481815,0.011488358,0.0118002435,0.01205485,0.0069162156,0.005313434,0.007507077,0.012418623,0.012283241,0.011397217,0.010939846,0.01078991,0.0042969547,0.01042875,0.0110802855,0.012110277,0.00983386,0.011537792,0.0045719277,0.012286319,0.012711036,-2.2232048e-06,0.011310697,0.007189614,0.01028504,0.006643046,0.008380953,0.009072494,0.008773965,0.010708352,-1.515694e-06,0.0067028487,0.005504257,0.0065369587,0.01182961,0.0069595133,-1.2729693e-06,0.0095268,0.0057948967,0.016755348,-1.1310101e-06
0.0073182816,0.008135436,0.009164538,0.0052165794,0.009277356,0.005435958,0.008193248,0.009601174,0.00835825,0.008159973,0.0083687315,0.0037583648,0.0051169177,0.008630937,0.0094276965,0.009096943,0.008795725,0.00893851,0.005389109,0.008925587,0.009109707,0.0005243168,0.007184346,0.008155344,0.0036952605,5.582473e-07,0.006909341,0.0019964736,0.008176353,-1.097556e-06,0.009854144,1.9617798e-07,0.009176396,0.009501631,0.0046878774,0.008791255,0.00644411,0.00807766,0.008473794,0.004105766,0.00021777985,-3.9002243e-06,-4.4095937e-06,0.009275834,0.0020466368,0.0052261814,0.0092557,0.009053319,-2.42046e-06,0.008883301,0.00023674041,0.009006551,0.0,0.009689155,0.009223772,0.008852223,0.009321998,0.0051723104,0.008647321,0.0004401003,0.007218889,0.0059453417,0.008671941,0.0075765164,0.0065009193,0.008699596,0.00891985,0.0049687466,6.8977795e-07,0.0052661537,0.008103748,0.008749395,0.009550779,0.005457062,0.0029736108,0.005295099,0.009978916,0.009327207,0.008599851,0.008647272,0.008389985,0.0022168113,0.007991263,0.00897112,0.009289943,0.007994975,0.009245603,0.0020221414,0.009265108,0.010120794,6.1420127e-07,0.008828951,0.0041291676,0.0077800853,0.004486237,0.006244218,0.0067411377,0.006608771,0.008347551,-3.361481e-06,0.004496779,0.003016669,0.004311772,0.009269004,0.0050129225,-3.1816942e-06,0.007305526,0.0031687722,0.015311857,-3.2141318e-06
0.01165478,0.012312171,0.014941481,0.009243498,0.015056131,0.00958497,0.012754722,0.015583094,0.013432812,0.013257496,0.013862683,0.008562517,0.008814862,0.013628983,0.015903806,0.014410098,0.013934393,0.0140940985,0.01005137,0.016028991,0.015993167,0.0059762346,0.011445702,0.012761817,0.008429492,0.0054671136,0.012202563,0.0074447,0.012858556,0.0009839478,0.015783766,0.0016686257,0.016309207,0.015386518,0.008885056,0.013822594,0.010648816,0.01612558,0.013543894,0.008561686,0.0044315355,-3.584023e-06,-4.7327026e-06,0.015756149,0.006715336,0.009788409,0.015251738,0.01394167,-3.4624327e-06,0.0147290295,0.0053358795,0.014241797,0.011323516,0.0,0.015787503,0.014376296,0.017112397,0.009859095,0.013702106,0.0053216703,0.011632548,0.0097440565,0.013228902,0.011781641,0.010637263,0.015714,0.014039981,0.009393964,0.00085201487,0.009625268,0.016419305,0.01611325,0.014989602,0.009524202,0.0080117,0.009755651,0.015537905,0.01705934,0.017027637,0.013245305,0.012747022,0.006537935,0.012776754,0.013634419,0.015543359,0.012440774,0.014141941,0.0076935617,0.017556222,0.016259963,0.0021061022,0.013948554,0.0098496415,0.012776135,0.008708989,0.010511591,0.011574538,0.011144986,0.013243937,-5.2938967e-06,0.008945171,0.008355202,0.008551904,0.014585665,0.009048849,0.00042303256,0.011555839,0.0088563515,0.022816658,0.0010026727
0.011065986,0.011915451,0.014238762,0.008585593,0.014191383,0.0087867975,0.011893848,0.014945129,0.01301825,0.012705083,0.013705334,0.0074637434,0.008290576,0.012938202,0.015800374,0.013989276,0.013796665,0.014091322,0.009308198,0.016351914,0.01591265,0.004643685,0.01078999,0.012154849,0.007813412,0.005017033,0.011720942,0.0066925646,0.012313746,4.3341402e-05,0.015704462,0.0008606365,0.016455235,0.015176988,0.008243903,0.0131611,0.009949905,0.017239258,0.013211499,0.0077725607,0.0039818888,-2.7309766e-06,-7.590268e-07,0.015662631,0.005928718,0.009209048,0.015256424,0.012729825,-1.101429e-06,0.01465065,0.0049452614,0.01399767,0.010640975,0.015992006,0.0,0.014008385,0.016821763,0.0090052625,0.013530882,0.0045534885,0.011125356,0.009216835,0.012731391,0.011156294,0.009951202,0.015896166,0.013946562,0.008932692,0.00020680965,0.008964897,0.017283028,0.016453195,0.014316294,0.008797812,0.0074693095,0.0092955725,0.014876265,0.016277239,0.018329151,0.012419504,0.011972855,0.005797586,0.011986369,0.0130584845,0.015697725,0.011633421,0.0132867955,0.0069929548,0.016827881,0.015622644,0.0013345284,0.013476143,0.009168895,0.0125189945,0.007910689,0.009740937,0.011080764,0.010795337,0.012962803,-9.723447e-07,0.008223399,0.007490944,0.0077020912,0.014043419,0.00858627,-4.3619425e-06,0.011138489,0.007940535,0.02170374,0.00019295735
0.009558661,0.010091706,0.011763449,0.007147184,0.011938439,0.00752527,0.010235083,0.012198191,0.010747253,0.010592937,0.010983465,0.0060058096,0.0066699837,0.010968717,0.012360797,0.011663203,0.011258119,0.011370338,0.007681252,0.012206114,0.012270619,0.0029678412,0.009570258,0.010311344,0.006112982,0.0017471323,0.009683235,0.004616026,0.01037557,-2.8095876e-06,0.012466897,4.7628168e-07,0.012386,0.012395502,0.0066991863,0.011305374,0.0088470355,0.011682888,0.010996603,0.006330173,0.0018562631,-5.829837e-07,6.29405e-07,0.012113285,0.0042514345,0.0074347313,0.012015186,0.011432236,-8.720478e-07,0.011624582,0.002601313,0.011493703,0.008974722,0.012491709,0.012107333,0.0,0.012367109,0.0073903105,0.011267336,0.0026230724,0.009483947,0.007956722,0.01084897,0.009883321,0.008697679,0.011749016,0.011470844,0.0071679726,-2.1850838e-06,0.00759336,0.011486024,0.012064886,0.011965168,0.007024165,0.0055386284,0.007492479,0.012444992,0.012204625,0.011536702,0.010914931,0.010732298,0.0043991026,0.01032576,0.010995174,0.012030968,0.01001006,0.011504145,0.0047361497,0.012419596,0.01256388,-5.514717e-07,0.011331586,0.00719034,0.010461388,0.0065907887,0.008357678,0.009105612,0.008802756,0.0107127,5.6794e-07,0.0067585474,0.0055129332,0.0064515932,0.011878907,0.0070471894,1.1491545e-06,0.009421255,0.005954166,0.016607353,-3.0743345e-06
0.014103054,0.014344934,0.016695024,0.011311238,0.016751789,0.011902035,0.014179413,0.017393284,0.015231848,0.015220134,0.015977556,0.010681356,0.0110257575,0.015505006,0.017850185,0.01623939,0.01563155,0.015871497,0.012053384,0.018666077,0.018482957,0.007973475,0.01382762,0.0145687945,0.010784291,0.008268563,0.014198102,0.009591747,0.014435859,0.0036461428,0.018473146,0.0046205963,0.018873183,0.017482786,0.011110816,0.015806267,0.013095449,0.018958239,0.015624344,0.010845778,0.00711924,0.0024171271,-1.6538338e-06,0.0176492,0.009324428,0.011573372,0.01752888,0.015818406,-4.500911e-06,0.016554072,0.007861894,0.0161534,0.013000142,0.018280577,0.018064639,0.016173083,0.0,0.011832253,0.01552657,0.00780634,0.013407556,0.012039952,0.014849594,0.014122233,0.012722689,0.017976845,0.015965693,0.011587139,0.0032897647,0.011905944,0.019384548,0.018574942,0.01707658,0.01143618,0.009994666,0.011963387,0.01743933,0.018800119,0.020772902,0.014925596,0.01487038,0.008943541,0.0145638455,0.015316589,0.017614378,0.014075868,0.015792364,0.009832366,0.019461388,0.018317495,0.00455394,0.015796732,0.01217793,0.014811393,0.010930861,0.012810697,0.01323288,0.012966945,0.015015704,-1.6875904e-06,0.011152664,0.010197975,0.010979241,0.016557146,0.011391845,0.0027299614,0.013821872,0.010950885,0.02842683,0.0033173307
0.005222575,0.0058982777,0.007831344,0.0026509657,0.007887182,0.0037916922,0.0061692563,0.00831479,0.006630462,0.00624839,0.006977917,0.0014561282,0.001639337,0.0069119306,0.008681928,0.007630198,0.0072869756,0.0072507807,0.00323124,0.0089951055,0.008594449,4.5410134e-06,0.0053779706,0.006232459,0.0011429501,3.2270596e-06,0.0051920945,0.0006478751,0.0062123192,3.1279926e-06,0.009144408,-6.8573615e-07,0.009178616,0.008733095,0.0018849857,0.0072537125,0.0048462185,0.009015478,0.0067761485,0.0020313726,2.6584303e-06,-7.257968e-07,3.6379013e-06,0.008282738,0.00025717748,0.0027421692,0.008549396,0.0074875397,2.405294e-06,0.007702821,7.966131e-06,0.0075630667,0.0048426334,0.009115631,0.008861268,0.0073667853,0.009335208,0.0,0.00683539,3.7105785e-06,0.0053173597,0.0032391797,0.006960264,0.0055793677,0.004473885,0.008218221,0.00737485,0.0036790147,-2.068044e-07,0.0032265647,0.0090441285,0.008800298,0.008161432,0.0025495659,0.00045850946,0.0036440054,0.008639314,0.009006899,0.008950905,0.007079233,0.00672825,6.9833713e-06,0.006429861,0.0069818473,0.008854368,0.005765453,0.007673628,1.967978e-05,0.009127706,0.009316856,6.0887874e-06,0.00722649,0.0039746896,0.0060362793,0.0028412999,0.0044747777,0.004153087,0.0041805794,0.0064959833,3.6964773e-06,0.002215238,0.0014124995,0.0026864386,0.007989363,0.0023691433,3.1073168e-06,0.005906933,0.0027784586,0.015785342,1.6765671e-06
0.008806001,0.009346086,0.010909066,0.006429356,0.01097217,0.0067908224,0.009460812,0.01112671,0.009973302,0.009874754,0.010171697,0.0052916883,0.0064135315,0.010170606,0.011348393,0.010808834,0.010475598,0.010636759,0.006964711,0.010940164,0.01113119,0.0023528186,0.008695781,0.009699121,0.0054453844,0.0006219614,0.0089217685,0.0037281888,0.009691088,-3.0428284e-06,0.01143781,-1.7219264e-06,0.011127109,0.011309716,0.006170534,0.010304847,0.008047105,0.010285505,0.010155775,0.0055442005,0.0015581546,-2.7623412e-06,-2.0629109e-06,0.0111166295,0.0034982155,0.00680562,0.011111811,0.010577063,-2.1799482e-07,0.010659752,0.0018980562,0.010711749,0.008449623,0.011499516,0.011169178,0.010653411,0.011140249,0.0067047747,0.0,0.0018917633,0.008789646,0.007307632,0.010033061,0.009045196,0.007959649,0.010670384,0.0106707355,0.006444226,-3.3155634e-06,0.006793189,0.010215429,0.010837213,0.010958472,0.00655754,0.0048306305,0.0067603635,0.011416905,0.011205904,0.010153662,0.010135244,0.009921705,0.0038073563,0.009463487,0.01032534,0.011219119,0.009224614,0.010616139,0.003666955,0.011096751,0.011483298,-9.601991e-07,0.010412177,0.006009778,0.009642298,0.00596777,0.0075319214,0.008476061,0.008195737,0.010037863,-3.971253e-06,0.006107338,0.0046492615,0.00576103,0.010986626,0.00642436,-1.3845282e-06,0.008571192,0.004787554,0.015647834,-2.3991486e-06
0.0023759906,0.0036429951,0.0065650274,9.973098e-06,0.00642431,0.00016271455,0.0038307917,0.0071620997,0.0045375526,0.004069684,0.005222749,9.425698e-06,1.3465156e-05,0.0048980075,0.008308891,0.0061036493,0.0057215476,0.005904088,6.8163017e-06,0.009160602,0.008333988,8.900664e-06,0.0022344056,0.0038001023,9.608927e-06,2.6756188e-06,0.00168872,1.0732352e-05,0.0037074147,3.9943993e-06,0.008917811,7.4496465e-06,0.009583549,0.0076878406,6.51919e-06,0.005341093,0.0011675353,0.010868219,0.0048987027,5.6324748e-06,5.586729e-06,5.0261247e-06,3.342369e-06,0.007731858,1.0179431e-05,1.320536e-05,0.007806498,0.005695215,4.5193874e-06,0.0067042653,1.1739132e-05,0.0057538766,0.0022122455,0.008737054,0.0085971365,0.005991392,0.010133628,1.0910455e-05,0.004966483,0.0,0.0019479434,4.8855374e-05,0.004724516,0.002903916,0.0010821841,0.007971171,0.005920818,1.137777e-05,1.0179567e-05,8.56296e-06,0.01096978,0.009078857,0.0069273966,9.931244e-06,5.622871e-06,0.00013104083,0.007675064,0.009206865,0.0125555415,0.004798694,0.0045029204,1.1304455e-05,0.003873563,0.00519558,0.008556354,0.0036977052,0.005964276,1.094993e-05,0.009547264,0.008723281,2.655725e-06,0.0052153207,9.817512e-06,0.003370091,1.185308e-05,0.0013529581,0.0012729715,0.0011231549,0.004364889,1.7548788e-06,1.320965e-05,6.49699e-06,1.0261059e-05,0.0062054885,1.0676031e-05,8.755898e-06,0.002776485,1.1033693e-05,0.022536447,4.9728355e-06
0.0070529333,0.0075745066,0.009098408,0.0042393426,0.009286249,0.005011255,0.0077619664,0.0094353715,0.008169167,0.007785497,0.00815081,0.0031915861,0.0036149493,0.008457377,0.009287856,0.008874869,0.00851012,0.008481792,0.005365729,0.009024386,0.00912467,0.00027060343,0.0069427826,0.0078921495,0.0036306097,2.1067904e-06,0.007150259,0.0021020437,0.0077311285,-4.4895828e-07,0.009858111,-9.519932e-07,0.009211988,0.009554979,0.0039870045,0.008640314,0.006268098,0.00774448,0.008136765,0.0038590084,-8.841848e-07,-7.54422e-07,-3.3632705e-06,0.009130347,0.0015438684,0.0047620256,0.009327563,0.008940981,1.6271592e-06,0.008516866,-6.7911407e-07,0.008828651,0.0064628394,0.009666817,0.009034373,0.008800558,0.009162777,0.005022868,0.0083607165,2.2383522e-06,0.0,0.005178334,0.008423863,0.007328813,0.006093907,0.00859738,0.008548993,0.0047316686,1.973461e-06,0.0049916287,0.00783439,0.008722388,0.009387975,0.004247243,0.0028496783,0.0049645496,0.009666427,0.009294029,0.008166491,0.008357244,0.008175066,0.0015737528,0.0079217395,0.008494816,0.009262741,0.0072044963,0.008900863,0.0018636851,0.009156268,0.009873267,1.940603e-06,0.008529809,0.00488215,0.007695491,0.0040637124,0.00592783,0.0061374465,0.0060250727,0.008110096,-6.516666e-07,0.004118464,0.0029367707,0.004177328,0.00927928,0.0041620852,-2.3495243e-06,0.0071783224,0.0036049047,0.015162328,-2.6192483e-06
0.006409867,0.0072670626,0.008545707,0.004577251,0.00846464,0.004485107,0.0073951837,0.008816125,0.007619842,0.0075335572,0.007717181,0.002690805,0.004962055,0.007764319,0.008862985,0.0085088,0.00814059,0.008404386,0.0044559273,0.008408799,0.008592255,4.699713e-06,0.0061956784,0.0073039876,0.002843432,1.299203e-07,0.006111343,0.0008205922,0.007564351,2.285891e-06,0.009343729,-5.005978e-07,0.008705409,0.0088848695,0.0041224225,0.00797589,0.005486008,0.00767918,0.007886053,0.003117911,3.3068045e-06,3.2380578e-07,-2.1062583e-06,0.008623364,0.0006938263,0.00456185,0.008638082,0.008363812,1.7664801e-06,0.008411115,1.9840645e-06,0.008332935,0.006593445,0.00907258,0.008630446,0.008301969,0.008780501,0.004040108,0.0080868155,4.2433985e-06,0.0062763253,0.0,0.007953478,0.006748192,0.0055507026,0.008249857,0.008316507,0.0037709672,2.4584592e-06,0.0043659057,0.007652475,0.007944571,0.008816913,0.0050424105,0.0022250328,0.004190347,0.009264276,0.008817738,0.008333354,0.008070756,0.0076365904,0.0014381559,0.007073344,0.008220291,0.0089120995,0.0071498556,0.008541834,0.0008988878,0.008853663,0.009429858,2.342288e-06,0.008124217,0.0026465957,0.0070695234,0.0035044344,0.0053032497,0.00621683,0.0060915384,0.0076166173,-8.4108456e-07,0.0036628365,0.0019449966,0.0032510401,0.00862104,0.0045774207,2.543906e-07,0.006121574,0.001465381,0.015477223,1.1365864e-07
0.008594694,0.009081728,0.010460265,0.0062319213,0.010689053,0.006622069,0.009113269,0.010847812,0.009639099,0.009362458,0.009735226,0.004867096,0.005726687,0.009826211,0.010498718,0.010399875,0.009986776,0.010050776,0.0066913553,0.010037744,0.010501375,0.0019994332,0.008425568,0.009163433,0.0051897787,0.00014128398,0.008451676,0.0036533694,0.009312892,-5.9134476e-07,0.01095623,-2.1454389e-06,0.010430008,0.0108919395,0.0057363473,0.009975798,0.00788152,0.009474674,0.009747347,0.005351602,0.00092608493,-1.9935621e-06,-2.8197944e-06,0.010505617,0.0033400962,0.0064229104,0.010538006,0.010221595,-2.0147759e-06,0.010003249,0.0015946991,0.010243538,0.00814913,0.010795413,0.010161332,0.010206129,0.010376392,0.0065145646,0.009883681,0.0016599386,0.00834818,0.006983067,0.0,0.008821728,0.007661708,0.009818691,0.01008317,0.0062417975,-2.208602e-06,0.0064658215,0.009389827,0.009904163,0.010723648,0.0062083746,0.00444682,0.0065097776,0.010980137,0.010432202,0.009468089,0.009740562,0.009660426,0.0035240115,0.009213769,0.0098294895,0.010409976,0.008895494,0.010387344,0.0035812797,0.010396597,0.011146345,-1.4885497e-06,0.010132595,0.0059686955,0.009123757,0.005803568,0.0073775905,0.007803447,0.0077807424,0.009559837,-3.0638518e-07,0.0058187144,0.0045665065,0.0056672515,0.0105913365,0.00610919,-2.0295838e-06,0.00858163,0.0048212823,0.015573607,-1.2151771e-06
0.007681392,0.008404746,0.009779672,0.0051899855,0.009934972,0.00592056,0.008362327,0.0099750515,0.008668543,0.008545684,0.00873346,0.0040875967,0.004313214,0.00924742,0.009740077,0.00961122,0.009100068,0.009021794,0.005833234,0.009493597,0.009722238,0.000878434,0.007781953,0.008480219,0.0039031897,1.6290272e-06,0.007518598,0.0028190538,0.008371721,1.6650235e-06,0.010449368,-8.734492e-07,0.009836659,0.010101152,0.004610335,0.00958217,0.007187431,0.008448752,0.008870735,0.004553666,-4.4394915e-07,-3.9798485e-07,1.3863113e-06,0.00956852,0.0026384483,0.005461828,0.009797635,0.009671866,-1.580094e-06,0.009254641,0.0007089275,0.009254387,0.0072370716,0.0102913575,0.009572605,0.00933738,0.009732934,0.005905903,0.009014905,0.00070298085,0.0076714023,0.0059083737,0.008933447,0.0,0.0068188333,0.009087842,0.009160416,0.0056495992,-1.1377469e-07,0.0057090693,0.008350291,0.0092339,0.010197752,0.005074168,0.0033510006,0.006033274,0.010435118,0.009826494,0.008776795,0.0092075225,0.009168643,0.0022784283,0.00868296,0.009070493,0.009755364,0.008138882,0.0099147,0.00256852,0.009831916,0.010537831,-3.9148372e-07,0.009176883,0.005879478,0.0082988795,0.005141856,0.0068950327,0.0067766313,0.0066006766,0.008614879,2.824578e-07,0.0047941576,0.0037778053,0.0048801466,0.009854386,0.0049076467,7.5984144e-07,0.008109921,0.0045928583,0.015901007,-1.0724219e-06
0.006636556,0.0073895785,0.008890278,0.004134371,0.0088336645,0.0047943178,0.0073845577,0.0091088675,0.007869998,0.007518533,0.0079511935,0.002982081,0.0035494925,0.00803073,0.0091063185,0.008512528,0.008145913,0.0082014315,0.0048120655,0.008879256,0.00899671,6.081102e-07,0.0065167565,0.00751642,0.0028367185,-3.0556068e-06,0.0065884287,0.0017072144,0.0074817953,-2.711239e-06,0.009689531,5.714114e-08,0.009144113,0.009322827,0.003511289,0.008367806,0.005871892,0.007883566,0.00785021,0.0036151428,1.0745082e-06,-3.087849e-06,-3.9928063e-06,0.008795531,0.0013350182,0.0043759644,0.009015224,0.008626344,-1.3852497e-07,0.008483546,1.29844e-06,0.008378182,0.0062831077,0.009383051,0.009052679,0.0084940065,0.009232688,0.0047250646,0.008139729,-1.5110921e-06,0.0066457167,0.004964308,0.008163318,0.007041671,0.0,0.008434097,0.008312899,0.004498711,7.4093805e-07,0.004610706,0.007894845,0.008602914,0.009053798,0.004288967,0.002200325,0.0048140283,0.009541356,0.009113265,0.008202595,0.008246512,0.007900986,0.0011923517,0.0076092742,0.008302007,0.009025097,0.007143761,0.008905945,0.0015156256,0.00911836,0.009796031,-2.352638e-06,0.008228216,0.004649189,0.0071955947,0.0039679157,0.0057270406,0.00581207,0.005746411,0.007718296,1.1688948e-06,0.00370374,0.0025241908,0.0038279912,0.009022365,0.0038674125,-2.4763602e-07,0.0068244943,0.003365426,0.015430866,-3.5258417e-06
0.010722908,0.011465179,0.01394312,0.008198006,0.013987704,0.009009508,0.011825092,0.014743599,0.012746004,0.012430846,0.013417151,0.007642466,0.008385028,0.012693675,0.015615837,0.013946846,0.013498129,0.013741717,0.009136225,0.016243597,0.015693236,0.0044062417,0.010615684,0.0120811425,0.007550619,0.0041878796,0.011446365,0.006260253,0.011888996,-4.333781e-06,0.015326407,0.00042980668,0.01640987,0.014936236,0.007968012,0.012992589,0.010122149,0.016958974,0.012944934,0.0073811654,0.0035023273,-1.6244378e-06,-5.455181e-06,0.015488203,0.0060663866,0.008784761,0.015097261,0.012876966,-1.4874752e-06,0.014398215,0.004515683,0.013725466,0.010313819,0.015732411,0.015750285,0.013718294,0.016657736,0.008816029,0.0131616425,0.0045766714,0.010820579,0.008957507,0.012394764,0.0109568015,0.009691825,0.0,0.013745301,0.008696508,-3.8901617e-06,0.009074512,0.017047372,0.016326576,0.014064273,0.008581112,0.0071245474,0.009089967,0.014806147,0.016185155,0.018220134,0.012116256,0.012095454,0.005442465,0.01181881,0.012848962,0.015492944,0.0115210395,0.0131350625,0.0065232175,0.016622685,0.015384294,0.0009163546,0.013365877,0.008943665,0.012264601,0.00765079,0.009736494,0.010900926,0.010507812,0.012664575,-5.5778646e-06,0.0077411025,0.0072122635,0.007968138,0.013644088,0.008226452,-2.000781e-06,0.010822373,0.0075273947,0.021649675,-3.2901987e-06
0.009393991,0.009860603,0.011359888,0.007073113,0.011406765,0.0071968064,0.009916155,0.011777972,0.010573371,0.010391241,0.010825319,0.0057492834,0.0070401663,0.010640316,0.012020388,0.011399137,0.011008517,0.01137402,0.0073825754,0.011696061,0.011876106,0.002634379,0.009214203,0.0101805935,0.0059771305,0.0013982587,0.00939713,0.004254731,0.010227248,-3.8511457e-06,0.011993863,-1.9987679e-06,0.011981042,0.01186456,0.006819129,0.01074682,0.008351036,0.011303686,0.010662228,0.006114873,0.0021155938,-4.3086725e-06,-3.0470605e-06,0.011874568,0.0039765276,0.00715359,0.011708665,0.010999773,-3.8055741e-06,0.011410576,0.0022975344,0.0111226505,0.008828266,0.012180268,0.011947314,0.011339311,0.011940085,0.007084811,0.010896286,0.0025097427,0.009184388,0.007886781,0.010483955,0.009554148,0.008266844,0.011596073,0.0,0.00669166,-2.5761692e-06,0.0071801306,0.011260496,0.011792508,0.011585467,0.0069713383,0.0052619665,0.007203889,0.01195978,0.012039521,0.011124376,0.010510546,0.010337938,0.004171301,0.009848877,0.010815414,0.011878199,0.009764722,0.011127631,0.0042160633,0.012013399,0.012145402,-3.7827679e-06,0.01108219,0.006367927,0.010032526,0.006272978,0.008066515,0.008925342,0.008774321,0.010566537,-3.829854e-06,0.0065333433,0.005274781,0.0061505227,0.011480758,0.0070283697,-3.7639136e-06,0.00899342,0.005180853,0.016271546,-4.113734e-06
0.0049888412,0.005848127,0.007834501,0.002456218,0.0077674165,0.00374646,0.006070904,0.008262642,0.0064678225,0.0060659475,0.0067914003,0.0012679419,0.0013146225,0.0070367623,0.008718579,0.007518106,0.00718292,0.0071420744,0.003010724,0.0092254095,0.008789294,2.046157e-06,0.0051977765,0.006084467,0.00076176284,1.4413768e-06,0.004965683,0.0007017329,0.0060316464,4.8716715e-06,0.0094224755,5.502582e-06,0.00961432,0.008687223,0.0014821488,0.007457891,0.0047686524,0.00971568,0.0066652116,0.0019392137,4.182156e-07,2.7534372e-06,7.5087826e-07,0.008517261,0.0004898827,0.0024202939,0.008598699,0.0074856873,5.133004e-06,0.007738198,3.1988527e-06,0.0074995817,0.004875762,0.009222492,0.009075035,0.007363103,0.009618607,0.0035328895,0.006849921,5.553151e-06,0.0049353484,0.003068894,0.006824621,0.0054379017,0.004277676,0.0084401835,0.007355242,0.0,4.31769e-06,0.0030077032,0.00968208,0.009056991,0.0082900245,0.0023690807,3.525402e-05,0.0037704576,0.008742013,0.009021666,0.010380944,0.0069719604,0.0068020434,4.2742336e-06,0.006432811,0.006878938,0.009001662,0.005710047,0.007682271,4.3436623e-05,0.009189269,0.009357336,1.0087756e-06,0.0070567494,0.0042396574,0.006018163,0.0028912134,0.0044998173,0.003920592,0.0037909842,0.006456959,-1.4595732e-06,0.0021599727,0.0012789121,0.0025466161,0.007792161,0.0019249223,-2.105951e-07,0.0059667863,0.003126032,0.016616914,4.1353624e-06
-6.0343955e-06,6.8233595e-07,0.0045175534,-9.504607e-06,0.0035553537,-1.0900617e-06,-6.798463e-06,0.005753357,-1.1963314e-06,2.0468005e-06,0.0012208127,-1.3019504e-05,1.2039355e-07,-6.152961e-06,0.007663326,0.0026767782,0.0014443059,0.0019412027,-1.6143451e-05,0.009489878,0.008445313,-1.301142e-05,-7.505089e-06,-5.2221235e-06,-1.5517031e-05,-7.099695e-06,4.3187336e-07,-1.9244706e-05,-9.836354e-06,-5.437992e-06,0.00824063,-3.500059e-06,0.009978709,0.0058034887,-7.351173e-06,0.0006277076,-1.2947639e-05,0.01278151,0.0009248321,-1.7542145e-05,-6.822991e-06,-2.2803606e-05,-1.955196e-05,0.0066611026,-1.1808927e-05,1.0302175e-06,0.0061382684,0.0015556212,-4.13241e-06,0.004511812,-8.764485e-06,0.0023688234,-1.3157553e-06,0.009054383,0.008439986,0.0023313882,0.012243043,-1.645078e-05,9.785982e-05,-1.946992e-05,-4.3217237e-06,2.1920143e-06,-6.667223e-06,-6.338668e-06,-8.976203e-06,0.0077341828,0.0018682133,-1.1231189e-05,0.0,-1.6559428e-05,0.013349867,0.009731995,0.0048558563,-2.7931487e-06,-1.6928781e-05,-6.869719e-06,0.0063294405,0.010983443,0.017219255,9.550087e-07,-3.3042505e-07,-1.1868039e-05,2.140488e-06,0.0008643387,0.007937667,2.0141063e-07,0.001802468,-1.6357602e-05,0.011961813,0.00897056,-1.1693147e-05,0.0009489103,-4.903759e-06,-7.411928e-06,-1.4596885e-05,-8.476657e-06,-9.535526e-06,-7.5108983e-06,6.132634e-07,-1.0061016e-05,-1.3925356e-05,-8.573751e-06,-1.7766473e-05,0.0033201368,-7.730032e-06,-1.747147e-05,-2.4345188e-06,-1.8529503e-05,0.03080618,-2.197474e-05
0.0058579715,0.006620229,0.008296485,0.003429681,0.008270006,0.0040639294,0.006694045,0.008601568,0.007123851,0.0069346246,0.007374353,0.0020505427,0.0027979864,0.007512493,0.008769146,0.008019575,0.0075548394,0.007683309,0.0037550468,0.008752949,0.0086694965,4.0053023e-06,0.005812242,0.0067346897,0.001835893,5.4248208e-06,0.005795255,0.00069151283,0.0067862407,2.7811404e-06,0.009337807,1.2208965e-06,0.009103161,0.008901427,0.0025619862,0.0076529738,0.005244034,0.0078296345,0.007285326,0.0025410505,4.497532e-06,-1.534342e-06,2.25829e-06,0.008569174,0.00037935833,0.0035128235,0.008691545,0.008026736,-1.0283562e-06,0.007913818,2.5888003e-06,0.007984092,0.0055747046,0.009164068,0.008669603,0.007918177,0.009199424,0.0037978985,0.007418489,2.8303573e-06,0.005857007,0.004048027,0.0074922917,0.0061350362,0.0049468754,0.008173586,0.007887478,0.0037896214,1.3938479e-06,0.0,0.007866548,0.008580837,0.008556132,0.00344092,0.0012173319,0.0040231096,0.008995207,0.008983051,0.008176304,0.0074651954,0.0073140753,0.00026884326,0.0068330253,0.0076176715,0.008910171,0.0064367014,0.0081574265,0.00052813016,0.008947313,0.009516876,4.9129844e-06,0.0076067247,0.0037280587,0.006491789,0.0031252785,0.0047980044,0.0049607307,0.0048151026,0.007064075,-1.1505894e-06,0.0028511789,0.0017320766,0.00299091,0.008359698,0.0030572398,1.1201455e-06,0.0061673527,0.002611954,0.015954856,3.3378756e-06
0.014579238,0.014879637,0.017482255,0.011870384,0.017198844,0.012269873,0.014861165,0.017952558,0.016062656,0.01591301,0.016736751,0.011061233,0.011884592,0.015899329,0.018798018,0.017016841,0.016648859,0.01683772,0.012537788,0.019562038,0.019046292,0.0083583165,0.014312213,0.015134114,0.011249562,0.00844943,0.014695782,0.009818832,0.015076891,0.0038852387,0.019004993,0.0047607096,0.019725863,0.0182025,0.011814626,0.016179388,0.013558904,0.021370532,0.016414024,0.011139148,0.007752235,0.0027660148,-1.4764483e-06,0.018511692,0.009696545,0.012158347,0.018201636,0.016330702,-7.854126e-07,0.017666502,0.008052919,0.016838916,0.013664599,0.018794784,0.019014556,0.016939558,0.020227348,0.011930794,0.016179625,0.008212539,0.013981492,0.012673471,0.015509278,0.014551965,0.01311436,0.01895868,0.01666646,0.01187101,0.003572561,0.012285595,0.0,0.019898156,0.017412376,0.01200374,0.010486894,0.012150594,0.017928045,0.01964131,0.023923317,0.0153491255,0.015200032,0.00932707,0.01495967,0.016074335,0.018544417,0.014693578,0.016235687,0.01025008,0.019998709,0.018720081,0.0048119384,0.016410576,0.011980097,0.015408245,0.011259573,0.013150438,0.013965209,0.013795761,0.015823556,-3.4654418e-06,0.011529835,0.010597647,0.011229391,0.017086627,0.012042347,0.0029865797,0.014123129,0.010759091,0.027886393,0.0035874364
0.011928444,0.01226301,0.014972278,0.009197691,0.014973385,0.009835607,0.012421192,0.015560118,0.013641388,0.013313592,0.014419049,0.008489045,0.00913834,0.01353607,0.016719537,0.014620797,0.014390141,0.014664796,0.009928803,0.017684963,0.016944071,0.0056318026,0.01173345,0.012795601,0.008705177,0.005755982,0.01222621,0.0073052617,0.012761,0.0012058878,0.016463714,0.0020876972,0.018158227,0.016052999,0.009223348,0.013663331,0.01081009,0.01907363,0.013840185,0.008587847,0.0048570167,-1.1928436e-06,-2.509389e-06,0.016564064,0.0070237243,0.009576091,0.016206846,0.013860975,-1.4317524e-06,0.015365412,0.0055668335,0.014605573,0.011143326,0.016825052,0.016898263,0.014609011,0.018153852,0.009574523,0.013980807,0.0055378475,0.0115511445,0.0101409545,0.013249101,0.012011569,0.010789012,0.016997088,0.014585831,0.00941798,0.0009299719,0.009784826,0.019276148,0.0,0.014946187,0.009341611,0.007958573,0.009911478,0.015720204,0.01741514,0.020616697,0.013015222,0.012826479,0.0067248996,0.012428013,0.013688502,0.016639126,0.012291129,0.013813077,0.007656244,0.017969085,0.016426798,0.0021623727,0.0140595725,0.009858818,0.013058877,0.00876116,0.010501467,0.011589115,0.011194398,0.01354605,-4.2883056e-07,0.009000941,0.007945405,0.008824944,0.014579004,0.009362329,0.0001492659,0.011575683,0.008595012,0.024705874,0.000837637
0.010711723,0.011218922,0.012955323,0.0082394825,0.013352242,0.008894078,0.011120922,0.013477633,0.0116677685,0.011572925,0.01167447,0.0071101133,0.0069388123,0.012407952,0.01289735,0.012613526,0.01164911,0.011710577,0.00879061,0.012790964,0.013345367,0.0041795904,0.010618827,0.011207191,0.0067989132,0.0025426096,0.010539508,0.0062406384,0.011246157,2.3816267e-07,0.013684333,-1.7977582e-06,0.013085723,0.013043741,0.0074679367,0.012841872,0.010073769,0.011859741,0.011757721,0.0075966166,0.0023715945,-3.002324e-06,-2.7484564e-06,0.0129588675,0.005822235,0.008138201,0.012800075,0.012686432,4.092629e-09,0.01213223,0.003876915,0.012275053,0.0099397395,0.013571857,0.012716626,0.012293171,0.013750369,0.008843582,0.011852944,0.0040800306,0.010355973,0.008677714,0.011574761,0.010964754,0.0097675575,0.012396732,0.01191915,0.008717577,1.9103396e-07,0.00866819,0.011982007,0.012654012,0.0,0.007818626,0.006278445,0.009112067,0.013706847,0.013631824,0.012309516,0.012152828,0.012185897,0.00516051,0.011831332,0.011867122,0.01261458,0.011141145,0.012860201,0.0058587957,0.013810406,0.014152139,1.1220472e-05,0.012172624,0.009221078,0.011157891,0.007973257,0.009698614,0.009500325,0.009388084,0.011208778,-7.2530264e-07,0.007781558,0.0068717822,0.007807755,0.013070003,0.0076003894,-1.614949e-06,0.011015646,0.008069173,0.01890055,-2.967464e-06
0.0062789484,0.0076585487,0.00831139,0.005707635,0.008173721,0.005037127,0.007762291,0.008522795,0.007377632,0.0076130107,0.0074589653,0.0029865613,0.0062922933,0.0075168526,0.008560355,0.008116918,0.008054284,0.008192859,0.0045010108,0.00835149,0.008321799,5.874839e-06,0.0058542294,0.007186756,0.0030267509,4.930112e-06,0.005702679,0.0004283819,0.007587986,2.7709405e-06,0.009455517,3.4995305e-06,0.008705883,0.008657669,0.0045937365,0.0076663266,0.004993619,0.008396533,0.0074596265,0.0030714765,0.0013287727,7.161357e-06,6.737843e-06,0.008411887,0.000906135,0.0049587865,0.008338985,0.007933471,3.295437e-06,0.00821804,3.6530726e-06,0.008054873,0.007028781,0.008886183,0.008483217,0.007989373,0.008888414,0.004183837,0.007782382,0.00022044219,0.0062429784,0.0059594535,0.007693864,0.0064981724,0.005453175,0.00807653,0.008082512,0.003628812,2.8162476e-06,0.004641254,0.008357622,0.008184736,0.008399463,0.0,0.0023070637,0.004522833,0.008914712,0.008665778,0.009002485,0.008185332,0.0072927345,0.001984717,0.0071484186,0.008102624,0.008669864,0.0077830087,0.0081691565,0.0010488963,0.008735442,0.009237708,5.4560505e-06,0.00783361,0.0016036838,0.0065838713,0.0035138682,0.0055455943,0.0066195717,0.0065152943,0.00735353,5.0459876e-06,0.004181067,0.0022451247,0.0030534808,0.008659764,0.0051289196,7.5201615e-06,0.005741217,0.0010668947,0.017519126,4.6268174e-06
0.004284554,0.0050373306,0.007549947,0.0013315408,0.007369056,0.0017421079,0.0053744027,0.007986078,0.005959597,0.0056714416,0.006411379,2.6957782e-06,0.0013149374,0.006043241,0.008189944,0.007020204,0.0067556836,0.006898666,0.002240011,0.007888788,0.0081023285,2.9988403e-06,0.0042980537,0.0053474563,0.00035147837,5.8842647e-06,0.0044281664,3.5127696e-06,0.0053434265,-3.2687722e-06,0.008906222,4.4547915e-06,0.0082394425,0.007763031,0.0009427251,0.0063982513,0.0030276098,0.0079634115,0.0062900186,0.00044713228,5.875201e-06,-2.2063023e-06,-6.625757e-07,0.007900897,2.7044857e-06,0.0017766961,0.0077125793,0.0068556475,-4.794323e-06,0.0072243917,1.1294918e-06,0.006988568,0.004063004,0.008851685,0.007872549,0.0069815875,0.008768088,0.0016191859,0.006301345,3.70914e-06,0.0045144926,0.0025630968,0.0063497396,0.004715836,0.0032643746,0.007448661,0.006880072,0.0012831576,2.3508467e-06,0.0016709791,0.00808883,0.007863296,0.0076451343,0.0016167918,0.0,0.0016459712,0.00843767,0.008940521,0.008639697,0.006059612,0.0057330634,6.2483095e-06,0.0052710106,0.006608327,0.00835709,0.0050576236,0.006877357,6.321893e-07,0.009275879,0.009135999,5.36526e-06,0.0066666603,0.0011016928,0.0053749564,0.00070090545,0.0027956858,0.003631318,0.0034648837,0.00597052,-6.2736813e-06,0.0009182776,5.1333614e-06,0.0005583377,0.0074063726,0.0014548649,-1.0714966e-06,0.0041521383,6.2381173e-07,0.018811991,-2.8313602e-06
0.005675343,0.006418635,0.008183353,0.0031793176,0.0083047,0.0042649875,0.006610986,0.008537693,0.006884115,0.0067195036,0.00719509,0.0018324533,0.0021116114,0.0074168416,0.0088940505,0.008003711,0.007589875,0.007650212,0.0036372517,0.009220161,0.009013054,5.7926804e-06,0.005655574,0.0065775053,0.0013531784,6.7467518e-06,0.0054707774,0.00093993754,0.006434987,7.058773e-07,0.009471366,2.5389825e-06,0.009521993,0.008932468,0.0022437884,0.0077939043,0.0049873507,0.009197842,0.0072480855,0.0024628232,2.4840467e-06,1.3290132e-07,-5.923516e-07,0.008635896,0.000829593,0.0031832657,0.008783253,0.0079885535,3.3935332e-06,0.008060886,2.7707026e-06,0.007824825,0.005393604,0.009350771,0.0091293305,0.007720306,0.00954231,0.003939731,0.0073141074,3.6147787e-06,0.0055924985,0.0036909194,0.0071673323,0.006054666,0.004699505,0.00851186,0.0077743395,0.0040109926,2.9101946e-07,0.0034585788,0.00906705,0.009045517,0.00850771,0.002991349,0.00075152866,0.0,0.008997766,0.009141209,0.009106243,0.007462812,0.007201981,7.4727877e-06,0.0068146037,0.0072587663,0.009088588,0.006364492,0.008081253,0.00040593505,0.009181195,0.009408765,3.68894e-06,0.0075587397,0.004244082,0.0063233096,0.0033211976,0.004907939,0.0044977767,0.0045054983,0.0068889237,1.2908389e-07,0.0026846689,0.0016202409,0.002958985,0.008297842,0.0024860501,4.6483733e-06,0.0063490043,0.0033203168,0.016177366,6.398778e-07
0.011071444,0.011654039,0.013556295,0.008720005,0.013690551,0.009282564,0.011688602,0.013961031,0.012230278,0.01207029,0.012463003,0.0076221908,0.00792095,0.012793903,0.01375602,0.013222283,0.012505165,0.012604732,0.009280101,0.013699759,0.014039464,0.0046653906,0.011131972,0.011730262,0.007639652,0.0037243222,0.011091404,0.0064996933,0.011899916,-1.7880608e-06,0.014401102,0.00041869504,0.013993161,0.013684974,0.008246728,0.0129369,0.010428991,0.013269262,0.0124410745,0.008068976,0.0035030816,-3.5055614e-06,-1.1580818e-06,0.01380387,0.006122194,0.008806896,0.013476746,0.012933562,-1.0189502e-06,0.013054702,0.0045374464,0.012948772,0.010322656,0.014253649,0.013521714,0.012924123,0.014563917,0.00918704,0.012418564,0.0046311994,0.010836514,0.009241557,0.012154799,0.011459284,0.0101472875,0.013419316,0.012745533,0.008940092,-7.4927146e-07,0.009245587,0.013304251,0.01355383,0.013813247,0.00847321,0.0069724983,0.009288587,0.0,0.014481296,0.013368676,0.012488583,0.012480219,0.0058469027,0.012063295,0.012533956,0.013582631,0.011649727,0.013210461,0.0064414297,0.014767669,0.014691413,0.00062406796,0.012695173,0.009211061,0.011714533,0.008428405,0.010195433,0.01044932,0.010099245,0.011934459,-1.62927e-06,0.008352957,0.0074273725,0.008203163,0.013476544,0.008321959,-1.06969516e-07,0.011339489,0.007940577,0.019111501,-3.109936e-06
0.013458771,0.014102993,0.016492397,0.011076547,0.016456913,0.011387199,0.01403203,0.017035801,0.0147045525,0.014694632,0.015209833,0.010160573,0.010386146,0.01517188,0.017357849,0.015840057,0.015227484,0.015422354,0.011584074,0.017421251,0.017461002,0.0074119624,0.013381539,0.014116952,0.010306956,0.00720048,0.013472543,0.008965417,0.014085235,0.0028865177,0.01728635,0.0036978822,0.017632948,0.016660765,0.010715878,0.015285685,0.012448855,0.01781708,0.015061601,0.010300307,0.0063817753,0.0015717429,-1.8922676e-06,0.01735039,0.0087419525,0.011103291,0.016643377,0.015324218,-1.9793963e-06,0.016102843,0.007181193,0.015678903,0.012724336,0.018044507,0.017394926,0.015712814,0.018975824,0.011165399,0.01501271,0.007349695,0.013140785,0.01154917,0.014594995,0.013785122,0.012306331,0.017296683,0.01540694,0.011241341,0.0025753097,0.011506986,0.018344665,0.017841775,0.016695581,0.011125555,0.009578391,0.011442295,0.017138299,0.0,0.019187108,0.014573216,0.014533634,0.008366428,0.014187599,0.015250819,0.017106831,0.013983998,0.015573794,0.009206179,0.020072663,0.01799505,0.0037503615,0.015252069,0.011454214,0.014240666,0.010494295,0.012307303,0.01281597,0.01256016,0.014632288,-4.00372e-06,0.010763899,0.009648242,0.010503073,0.016085576,0.010840473,0.0020345259,0.013278743,0.010251478,0.02657445,0.0025926244
0.017398413,0.017532665,0.019909497,0.014776484,0.019631518,0.015269445,0.017538916,0.02037134,0.018667676,0.018455317,0.019238848,0.0141180465,0.0148088485,0.018632758,0.020960385,0.019406008,0.019179745,0.019198822,0.015403196,0.021854602,0.021486696,0.011584804,0.017084789,0.01784522,0.0141828535,0.011602311,0.017411053,0.012962554,0.01768179,0.0072195516,0.021572001,0.008227855,0.021950256,0.02056934,0.01466573,0.018912047,0.016350087,0.022879513,0.01912043,0.014205834,0.011076753,0.0063465755,0.002954603,0.020826032,0.012933862,0.015045711,0.020665824,0.018930543,0.003072483,0.019875057,0.011405471,0.019414369,0.01640954,0.021104025,0.021157512,0.019466432,0.022436649,0.01498545,0.018788047,0.011405781,0.016642863,0.015567708,0.018095348,0.017328896,0.016113322,0.02127835,0.019309478,0.014725168,0.0069413558,0.015286589,0.02294897,0.021901708,0.019985951,0.01494158,0.013661182,0.015245394,0.020498376,0.021799905,0.0,0.018226506,0.017850868,0.012621728,0.017726634,0.018714417,0.020778906,0.017464252,0.01886146,0.013323272,0.02215088,0.02108505,0.008011994,0.018895667,0.01502123,0.018061964,0.014319839,0.015919961,0.01680726,0.016386885,0.018443128,0.00034680785,0.014577414,0.013603544,0.014303277,0.01973479,0.014953631,0.0064612566,0.016955512,0.013806134,0.02826159,0.006938165
0.008733826,0.009336529,0.0107002435,0.006399828,0.010747005,0.007136366,0.009431391,0.010989158,0.009614861,0.009473158,0.009575508,0.005150357,0.005326215,0.010234766,0.010744576,0.010403596,0.00984689,0.010015407,0.0068602166,0.010167948,0.010554517,0.0020782887,0.008752875,0.009400091,0.0048725065,-5.1430993e-07,0.008388315,0.004070872,0.009431539,-3.6695217e-06,0.011073572,-1.0470326e-06,0.010555588,0.010951719,0.0057803174,0.010443934,0.008151522,0.009060839,0.009718845,0.0057868958,0.00069703173,-3.1612276e-06,3.9161654e-07,0.010439578,0.0039443653,0.006309629,0.010573573,0.010524453,-3.1337584e-06,0.009995709,0.0019374351,0.010124427,0.008232645,0.011048098,0.010376244,0.01012579,0.010624815,0.007028262,0.0099564195,0.0020624408,0.0085920775,0.006948033,0.00992109,0.008959744,0.0078181615,0.009952569,0.010153142,0.0067583686,-3.4172992e-06,0.0066953716,0.009544445,0.009985434,0.011060064,0.006241099,0.0043682945,0.0071258117,0.01124032,0.010648054,0.009633946,0.0,0.01021761,0.0034896813,0.009702384,0.010130116,0.010528126,0.009339459,0.010843239,0.0035814843,0.010687179,0.011465536,-1.5335997e-06,0.010271246,0.0068230615,0.009128519,0.006352175,0.007963481,0.007809234,0.007721028,0.009358779,-2.5862382e-06,0.006047951,0.0048627374,0.0060624527,0.010742287,0.006064482,-3.3494223e-06,0.009150553,0.0057832813,0.016253872,-1.9710208e-06
0.008367485,0.0090603195,0.010329011,0.0061802934,0.010531291,0.006840863,0.009000466,0.010633631,0.009249531,0.009183095,0.009425477,0.0049699764,0.004830957,0.0099397255,0.010578578,0.010076303,0.009664988,0.0097739035,0.006642172,0.010038725,0.010331191,0.0018333275,0.0084711,0.009157031,0.0046740742,1.316501e-07,0.008250678,0.004017153,0.009049807,-2.3471791e-06,0.010981486,-3.9936654e-06,0.010407672,0.010661513,0.0053886403,0.010208119,0.007882012,0.009395836,0.009372912,0.0054582288,0.00016066832,-2.1039225e-06,-3.936861e-06,0.010235474,0.0037958573,0.0061785346,0.010344235,0.01044671,-2.3107907e-06,0.009901749,0.0017578003,0.009980665,0.008040822,0.010881713,0.010246284,0.009925812,0.0105315475,0.0068042716,0.009514598,0.0020253444,0.008168674,0.006658335,0.009504575,0.008738552,0.0075808326,0.009888111,0.009708234,0.006657436,-3.1194372e-06,0.0064220587,0.009476244,0.009865548,0.010833537,0.0059321206,0.0040017148,0.0068757366,0.011021695,0.010451378,0.009300196,0.010038309,0.0,0.003187723,0.009571493,0.009817357,0.01044233,0.008878506,0.010627224,0.003629263,0.010515001,0.011288022,-3.2203127e-06,0.009842181,0.0070274184,0.008786415,0.006105779,0.007855134,0.00729134,0.0073210183,0.009062612,-4.331044e-06,0.0057013263,0.0047229016,0.005788799,0.01065532,0.0055364026,-6.492233e-07,0.008862779,0.005860541,0.01619271,-3.2536088e-06
0.0037292875,0.004674712,0.0070563024,0.0013392246,0.0067838193,0.0013212949,0.0049182847,0.007557103,0.00545668,0.0050736,0.005911892,5.9761555e-06,0.0018804424,0.0056536603,0.007882871,0.0066312146,0.006223435,0.0062620165,0.0012620637,0.008066805,0.007877539,2.1690787e-06,0.0036347313,0.0050473493,4.2564066e-06,9.993695e-07,0.0035740773,9.927142e-06,0.0049158824,4.4939616e-06,0.008885294,4.515813e-06,0.008388484,0.0077678706,0.000557937,0.005829816,0.0025892342,0.00811889,0.0056639463,6.7772125e-06,6.6815755e-06,3.4461889e-06,6.4857486e-06,0.007487237,9.273179e-06,0.0011628119,0.0075993254,0.0063583814,-7.36375e-07,0.006844217,6.75977e-06,0.006365945,0.0037217608,0.0083784405,0.007989475,0.0064556967,0.00898406,0.0010454186,0.0057898643,5.8134815e-06,0.003534048,0.0021803833,0.005746943,0.004031678,0.0026143715,0.007360029,0.006405018,0.0006946267,1.3395945e-07,0.0012055584,0.008339159,0.007826651,0.007305029,0.002133987,8.888833e-06,0.0013542895,0.00795736,0.00846763,0.009109088,0.00557471,0.005232988,0.0,0.004658377,0.006041605,0.007932713,0.0046279565,0.0065547084,5.1092293e-06,0.008801153,0.008579537,4.578497e-06,0.0060071563,7.1065856e-06,0.0046447404,0.00028703993,0.0024769758,0.0030336776,0.0030120325,0.0055645634,4.604242e-06,0.00046210948,8.311348e-06,0.00014380916,0.0067743785,0.00079227757,2.8825884e-06,0.00369253,7.379464e-06,0.020331457,1.8288063e-06
0.008000244,0.008530837,0.009970468,0.00548812,0.010334412,0.006644448,0.008687027,0.010429834,0.0088442825,0.008784744,0.0089918645,0.0043397658,0.004178502,0.009634806,0.010013382,0.009735741,0.009070785,0.00921781,0.0062106485,0.00982986,0.010147575,0.001360765,0.008168024,0.008690037,0.004140815,1.7647484e-06,0.007819244,0.0035810925,0.008714394,5.8802055e-07,0.010803194,1.6195845e-07,0.010161787,0.0104483785,0.0046839956,0.009881886,0.0075788903,0.009035742,0.009080382,0.0050827684,-1.6203147e-07,-2.12457e-06,1.3930204e-06,0.00994419,0.0031739387,0.0055577876,0.0100390855,0.00993452,-5.5643267e-07,0.009430954,0.0011636363,0.009677269,0.007467354,0.010493832,0.009929969,0.009584124,0.010208494,0.0063784462,0.009256864,0.0012709738,0.007830158,0.0059666983,0.009129341,0.00842346,0.0072165076,0.009391145,0.009334507,0.006435687,-2.338628e-06,0.0061234697,0.009092857,0.009548527,0.010432137,0.0052712588,0.0034885535,0.00656023,0.010559717,0.010023366,0.009054132,0.009558688,0.009466799,0.00252986,0.0,0.009290126,0.009999754,0.008435719,0.010234105,0.0029641762,0.010151334,0.010866731,-2.203116e-07,0.009559592,0.0065815933,0.008559045,0.0056376993,0.0072242925,0.0068167388,0.0067343595,0.008645232,-3.5176693e-06,0.0051508993,0.0043468806,0.0053731105,0.010348614,0.0050745583,1.5821283e-06,0.008697267,0.0055700876,0.016123595,-1.5056721e-06
0.0092903115,0.01011882,0.011324276,0.00731853,0.011374297,0.00745804,0.009999893,0.011646539,0.010303123,0.01029264,0.010449393,0.005649592,0.0068537667,0.010507794,0.0114317015,0.011098979,0.010747885,0.01090783,0.007453131,0.010821366,0.011205104,0.0025014738,0.009139967,0.009902357,0.005797174,0.0014169858,0.009172877,0.0040687113,0.01008218,9.2617896e-08,0.011700493,4.966996e-08,0.011068607,0.011541689,0.0066976123,0.01078187,0.00826258,0.010334943,0.010556609,0.006280404,0.0020577658,-2.3951425e-06,-2.8045504e-06,0.0114624575,0.0039556185,0.0072760396,0.01124557,0.010943274,-3.4742122e-08,0.011013625,0.0022803384,0.011032089,0.009011343,0.011911379,0.011237408,0.010963386,0.011291144,0.0070477584,0.010708513,0.0025344256,0.00898052,0.007873612,0.010589233,0.009585157,0.008317729,0.01076677,0.0108919395,0.006711399,-2.9402793e-06,0.007195149,0.010428055,0.0108097745,0.011499357,0.007237602,0.005165967,0.00728984,0.011907898,0.01153403,0.010426477,0.010590998,0.010432591,0.004101903,0.009956086,0.0,0.011445358,0.009895457,0.01122827,0.0045263753,0.011572189,0.011988192,-1.7535068e-06,0.010883152,0.006164931,0.009707282,0.006512888,0.008249112,0.0087641245,0.008585306,0.01036792,-6.694238e-07,0.0065250034,0.0052222814,0.0062794467,0.011313506,0.0068772533,-2.022312e-06,0.009121117,0.0052351514,0.016482593,-3.3573622e-06
0.0112194605,0.011545968,0.013786668,0.008732556,0.013833657,0.0091129355,0.011802565,0.014565026,0.012614488,0.012471201,0.013345831,0.0075647086,0.008504279,0.012538187,0.015313329,0.013823291,0.01335492,0.013615511,0.009163374,0.015674938,0.015186477,0.0048683872,0.010963568,0.011877163,0.00788163,0.004546618,0.011392135,0.00652089,0.012051112,2.838257e-05,0.015138722,0.0010789236,0.015735867,0.014682046,0.008415846,0.012801468,0.010168632,0.016224686,0.012953642,0.007969346,0.0040909415,-5.011638e-06,-5.3819613e-06,0.015199823,0.006097973,0.00892158,0.014712666,0.012874652,-4.9176374e-06,0.0141784055,0.0047704843,0.0136615215,0.010585575,0.015520425,0.015352838,0.013709076,0.016059404,0.008765203,0.013239006,0.0047062347,0.010811116,0.009436784,0.012458261,0.0112383105,0.010110019,0.01526493,0.013594334,0.0087543335,-1.9992294e-06,0.0090115825,0.01627879,0.01577986,0.013891443,0.008632419,0.0072302055,0.009034122,0.014649249,0.015794486,0.017206656,0.012174421,0.012142779,0.006060818,0.011655859,0.012916833,0.0,0.011458414,0.013109584,0.0065922244,0.016116729,0.015181916,0.0010185862,0.013166769,0.0087042535,0.012203014,0.008189516,0.009836874,0.010933731,0.010526251,0.012761542,-2.6855864e-06,0.008253116,0.0072881095,0.007909924,0.013676554,0.008680523,-3.7142438e-06,0.010742169,0.007486344,0.020533778,-5.807946e-06
0.008219864,0.009093923,0.010279242,0.00640064,0.010434295,0.006728768,0.009192454,0.010517883,0.0092111835,0.00913538,0.009274562,0.004695405,0.0056909113,0.0096427165,0.010346235,0.010089996,0.009737649,0.00970037,0.0063134674,0.00995366,0.010050355,0.0016169382,0.008224938,0.008915528,0.0044756182,2.432855e-06,0.0078741815,0.0032702268,0.0090968665,9.1023395e-07,0.010644445,3.0421266e-08,0.010229621,0.010378123,0.0055221473,0.010045286,0.0074161016,0.009018706,0.009352254,0.005294571,0.00093717215,-2.749618e-07,2.1676015e-06,0.01028774,0.0033735766,0.0060484996,0.010084757,0.010085131,8.0550427e-07,0.009821898,0.0013823925,0.009881169,0.008057246,0.010848835,0.010281169,0.009803659,0.010296712,0.0063420366,0.00967228,0.0016307454,0.008049712,0.006906507,0.009441849,0.008639553,0.007512045,0.00965313,0.009843267,0.0060528014,1.0216797e-06,0.0062208404,0.009122806,0.009813536,0.010548462,0.006487544,0.003902711,0.006523361,0.010974266,0.010598895,0.0095883,0.009865282,0.009537392,0.0032005536,0.009160607,0.009787354,0.010429054,0.0,0.010343537,0.0031700297,0.01055961,0.011111829,-4.3749188e-07,0.009889231,0.0055596945,0.008490395,0.005771098,0.0073552467,0.0075038536,0.0073752264,0.00909313,1.5303684e-06,0.0056524165,0.00424856,0.005502898,0.010417403,0.0059337034,3.1746404e-07,0.008387482,0.0047772587,0.016271792,-1.1436732e-06
0.009562525,0.010192598,0.011640618,0.007215103,0.011846625,0.007937311,0.010111155,0.011929465,0.010332997,0.010219508,0.010478792,0.005948229,0.005898747,0.011087825,0.011621327,0.011316225,0.010498862,0.010583583,0.007558071,0.011140204,0.011502659,0.003044744,0.009611908,0.010035673,0.005850637,0.0012395916,0.009386793,0.0050903345,0.010187156,-7.7688514e-07,0.012120745,-2.0146665e-06,0.011332253,0.011726425,0.0063741105,0.011389932,0.009076832,0.010521221,0.01049702,0.0065026516,0.0013667273,-5.238347e-07,-2.2160411e-06,0.011416055,0.0047427705,0.0070859822,0.011304979,0.0114549715,-3.8344397e-06,0.010965651,0.0028349583,0.010986148,0.008893806,0.011954854,0.011238554,0.010970084,0.011798425,0.007795112,0.010671412,0.003088153,0.009296629,0.00758667,0.010503289,0.009910053,0.008727677,0.010852021,0.010707622,0.0078017875,-1.9968984e-06,0.007684782,0.010597943,0.010895032,0.012072349,0.0068744603,0.005038481,0.007989205,0.012229978,0.011759382,0.010615381,0.011000884,0.011027203,0.0042876354,0.010581124,0.0108143035,0.011368726,0.010135746,0.0,0.0048398385,0.011840438,0.012666457,-2.9983314e-06,0.010917733,0.007915192,0.009995846,0.007121098,0.008821021,0.008498665,0.00831308,0.010035337,2.4017805e-07,0.0067355707,0.0057425094,0.0068574003,0.011624151,0.00663197,-1.3597263e-06,0.009979896,0.0069252164,0.01710184,-3.1203433e-06
0.0033462103,0.0044271173,0.007376039,0.00023010293,0.007239036,0.00097498577,0.004717593,0.007954183,0.005554574,0.00504892,0.0061342167,-1.487692e-06,-2.144089e-06,0.0057572927,0.009355537,0.006760474,0.006379012,0.0066485773,0.0008695716,0.009564271,0.008971724,-3.9451315e-06,0.0033723896,0.0045154523,-4.9811697e-06,-1.228144e-06,0.0032939315,-5.3703807e-06,0.0046697226,-6.503516e-06,0.009340063,-9.551702e-06,0.009756978,0.008354865,-1.5772283e-06,0.0061696903,0.0019374355,0.010138429,0.005857378,-5.535037e-06,-1.2297571e-06,-9.505426e-06,-6.6677076e-06,0.008439976,-5.4209854e-06,0.0007675703,0.008373158,0.0065061897,-3.3653264e-06,0.007429864,-1.6691141e-06,0.006721433,0.0031781513,0.009385368,0.009289343,0.0068055824,0.010382276,0.00050445186,0.0057915705,-3.4345135e-06,0.0032113201,0.001031743,0.005576829,0.003967112,0.0024606732,0.008550686,0.006678532,0.0006146803,-3.654848e-06,0.00056559755,0.010098785,0.009515066,0.007681047,0.00058683974,-6.6174966e-06,0.0010702953,0.008515391,0.009902872,0.01144692,0.005488561,0.0053680944,-7.0844376e-06,0.0045360536,0.006325754,0.009582485,0.0044025923,0.0067535313,0.0,0.010159924,0.009463734,-6.969806e-06,0.0061286795,0.0011483514,0.0046000546,-4.799862e-06,0.0021628533,0.0029826541,0.002499886,0.0055153808,-1.2250972e-05,-1.4038966e-07,-6.4730034e-07,-4.631365e-06,0.0076529346,-1.4487041e-07,-7.66452e-06,0.00376751,-4.3353593e-06,0.022716206,-4.3992404e-06
0.014467954,0.014795323,0.017229214,0.011908922,0.017148228,0.012260945,0.014653801,0.01779544,0.015541051,0.015553281,0.016137915,0.011035975,0.011388601,0.015827073,0.018125286,0.016680475,0.0159734,0.016172409,0.012351776,0.018298032,0.018418344,0.008278328,0.014152771,0.01496295,0.011172986,0.008547205,0.014387515,0.009940268,0.014944436,0.004110711,0.018326607,0.0049614976,0.018538015,0.017408015,0.011585836,0.01618489,0.013406012,0.018847905,0.015925765,0.011212009,0.0074794963,0.0026669686,-2.031927e-06,0.01798071,0.009778339,0.012057439,0.017328005,0.016173461,-2.3023586e-06,0.01700031,0.008144008,0.016462795,0.01345238,0.018735945,0.018056339,0.016352052,0.019832563,0.011985919,0.015766755,0.0083140675,0.013839808,0.012455052,0.015213136,0.014477403,0.013166143,0.018145759,0.016250394,0.01202211,0.0037225315,0.012272124,0.01945056,0.018696377,0.017413149,0.0121144345,0.0103938505,0.012304918,0.017842736,0.02001691,0.020348368,0.015310352,0.015403085,0.0094358185,0.015014168,0.015843775,0.017892884,0.014760732,0.016220119,0.0102340365,0.0,0.01870536,0.0048139337,0.016041487,0.012152407,0.015014018,0.011463409,0.01319105,0.013747525,0.013317416,0.015293815,-1.3228406e-06,0.011602814,0.010666968,0.011197403,0.016791588,0.011710471,0.0030758951,0.014135041,0.011262233,0.028058928,0.00380722
0.011771505,0.012728929,0.014911644,0.009816577,0.014980796,0.009895213,0.012800967,0.015420938,0.0133695295,0.013267853,0.0135314455,0.0088821305,0.009067203,0.013965731,0.015297797,0.014396937,0.01351486,0.013759484,0.010424309,0.0149898715,0.015680114,0.0061865016,0.011850104,0.01282094,0.008843404,0.0056378227,0.012438036,0.007861922,0.012922455,0.0011116271,0.015938995,0.0022965623,0.015664617,0.015183447,0.009397934,0.014233076,0.011176231,0.0148327835,0.013550844,0.008771368,0.004989693,-6.043876e-07,-9.875595e-07,0.015292784,0.00722027,0.009969488,0.014562954,0.014262573,-3.4269694e-06,0.01428206,0.0059575634,0.01406121,0.011492693,0.015946465,0.014762819,0.014165388,0.016676178,0.010371998,0.01351876,0.0057156454,0.012003508,0.010429041,0.013326355,0.012157595,0.0109859165,0.014912986,0.013855144,0.00979706,0.0008294641,0.010276711,0.015117375,0.014913277,0.015347245,0.009666949,0.00822299,0.010499068,0.015712488,0.016450524,0.015600434,0.013474549,0.013180613,0.0068890383,0.013109339,0.013812536,0.014991138,0.012633522,0.014480245,0.008096482,0.01679525,0.0,0.0024540455,0.014020989,0.010382817,0.012877651,0.009105742,0.010950234,0.011481829,0.011177398,0.013003949,-4.409237e-06,0.0090783,0.008669512,0.00902271,0.014821411,0.009451482,0.000463545,0.012044388,0.009068232,0.02279834,0.0011599149
1.22825695e-05,2.1054513e-05,0.0051259715,5.6106765e-06,0.0041597923,4.10704e-06,1.1044628e-05,0.006100985,0.0006582348,1.2969269e-05,0.0021187114,7.4914337e-06,1.6293876e-05,0.0011185304,0.007883625,0.0032607845,0.0020755802,0.0026662732,9.839138e-06,0.009710357,0.008578703,7.581745e-06,1.6730051e-05,8.652926e-06,6.497928e-06,1.4779868e-05,1.804634e-05,1.2760057e-05,7.770534e-06,1.4275824e-05,0.008519354,1.2510898e-05,0.010142928,0.0062596276,2.7576223e-06,0.0018703287,1.1144061e-05,0.013302354,0.0016283727,1.7083012e-05,1.3456198e-05,3.91459e-06,6.706684e-06,0.0069823028,1.4883432e-05,5.3494678e-06,0.006564247,0.002523972,1.0005607e-05,0.0049221474,1.3351612e-05,0.0030094627,1.3760791e-05,0.009032841,0.008735247,0.0031456451,0.012133407,8.574087e-06,0.0009217699,1.2458409e-05,7.0623455e-06,3.2573826e-06,0.00019119917,7.904019e-06,1.8668286e-05,0.007878624,0.0025470178,6.7221317e-06,-1.4329699e-07,5.7399498e-06,0.013950542,0.01002329,0.0054945014,1.762894e-05,1.0459086e-05,9.674819e-07,0.0067298408,0.010693312,0.017354775,0.00045069744,2.2307344e-05,1.4164375e-05,9.015467e-06,0.0016806348,0.008302107,7.4790673e-06,0.0028471812,9.931418e-07,0.011849788,0.009051445,0.0,0.0018326639,9.412097e-06,1.7981381e-05,1.5677306e-05,1.1134052e-05,3.98319e-06,1.669883e-05,0.0001334323,-6.293084e-06,4.382922e-06,2.2764063e-06,-7.3825686e-07,0.004006768,4.585899e-06,1.6888902e-05,4.6742352e-06,2.8904304e-07,0.029091213,5.568401e-06
0.009174289,0.009810878,0.011291061,0.006682354,0.0113745015,0.0073328707,0.009704114,0.011602764,0.010185011,0.010142535,0.010428332,0.0056514954,0.0063015334,0.010668906,0.011556544,0.011169341,0.010590368,0.010686515,0.007357295,0.011009767,0.011357426,0.00262751,0.009138889,0.009880944,0.005680349,0.00076234626,0.009175095,0.0041443324,0.009940099,-2.6999892e-06,0.011714167,-1.3925528e-06,0.011263185,0.011513917,0.0063791675,0.01089911,0.008541535,0.0104044285,0.010315502,0.0061039585,0.00141315,-4.144556e-06,-1.7956239e-06,0.0113725215,0.0039199144,0.006893461,0.011341915,0.010938789,-6.578619e-07,0.0109020155,0.00233197,0.01083874,0.008753292,0.011728091,0.01119938,0.010844266,0.011285764,0.007228395,0.010665184,0.0023135277,0.009058774,0.0075986693,0.010392226,0.009477116,0.008263202,0.010793052,0.010868518,0.006988053,-3.9342863e-06,0.007204574,0.010389606,0.010931747,0.011530973,0.0066138334,0.0050242017,0.0072138533,0.011856477,0.011437624,0.010323431,0.010603875,0.010372133,0.0040371367,0.010051549,0.010626257,0.011254271,0.009499603,0.011152714,0.0039763777,0.011582369,0.0121202255,-1.7202958e-06,0.0,0.0069152643,0.009929671,0.0062924232,0.0081817005,0.008603463,0.008323862,0.0101339165,-1.0162022e-06,0.0063983453,0.0052143945,0.0063332603,0.011323478,0.0066005224,-1.1736083e-06,0.009280553,0.005682569,0.016232118,-4.8620273e-06
0.003969132,0.004557011,0.0071859662,0.0006211886,0.0071728826,0.0026007732,0.0049346182,0.007849912,0.005640492,0.0050448794,0.0061952253,0.00053809216,6.068277e-06,0.0061193155,0.008750169,0.0067215487,0.006351496,0.0063502784,0.0020898636,0.009555154,0.0088544255,2.0957523e-06,0.0042754468,0.0050447998,2.078713e-05,4.570749e-06,0.0042505106,0.0006316997,0.004983652,1.167884e-06,0.009070191,1.105902e-06,0.009860691,0.008329137,4.8842103e-06,0.0064443396,0.003852347,0.01060337,0.0058753984,0.0010716188,5.308652e-06,-2.6879407e-06,-2.9401605e-07,0.008223601,5.488463e-06,0.001484749,0.008464967,0.0065928577,-1.5000508e-06,0.007184944,3.681087e-06,0.006725641,0.0035640188,0.009210171,0.0090644015,0.0067612804,0.010103942,0.0028937021,0.005871591,5.573497e-06,0.004184196,0.0013165505,0.005768682,0.004612817,0.0028400018,0.008567861,0.0066366,0.0031370535,7.82778e-07,0.0021180888,0.010613899,0.0095386375,0.0074963705,0.00040942567,5.034318e-06,0.0028338246,0.0080541065,0.0093380585,0.011808498,0.0058113467,0.0057993038,4.1290177e-06,0.005442345,0.0057554673,0.008897799,0.0045733713,0.0068107583,0.00018951762,0.009876629,0.009037462,1.4104688e-07,0.0062207105,0.0,0.005154027,0.0020987664,0.0035899982,0.0026038382,0.0023474551,0.005433402,1.3469112e-06,0.0010910927,0.0008075846,0.0018500742,0.0069421357,0.0004547561,2.721549e-06,0.005093534,0.0030031186,0.019314384,3.2835196e-06
0.0076939655,0.00810082,0.0097715845,0.004622212,0.010024642,0.0057044327,0.008274934,0.010235649,0.0089568505,0.0086564105,0.0091818515,0.004141025,0.004478352,0.009091519,0.010179213,0.0097291665,0.009276049,0.009280511,0.005904021,0.010213012,0.01030923,0.0010649512,0.00781996,0.0086703515,0.0044637774,-8.7547477e-07,0.007997627,0.0026166856,0.008479251,-2.999164e-06,0.010755067,-2.2675836e-07,0.010419906,0.010544587,0.004798071,0.009401615,0.007118521,0.009276981,0.009057889,0.004348308,-1.9625813e-06,-2.1817136e-06,-4.724345e-06,0.010048159,0.0021658153,0.005531629,0.01026106,0.009586917,-4.9476334e-06,0.009478335,0.00060122664,0.009505052,0.0071458155,0.010299881,0.010084281,0.009682498,0.010294775,0.005758589,0.009332671,0.00035730607,0.007725203,0.00601921,0.009013872,0.007882997,0.006863601,0.009694686,0.00945326,0.005365192,-8.6021475e-07,0.005641346,0.009244106,0.009836336,0.010071666,0.004639041,0.003674979,0.0056434176,0.010354087,0.0098757055,0.009127601,0.009072834,0.008843242,0.0023919232,0.008458782,0.008933796,0.010121587,0.007686078,0.009544661,0.0026925479,0.0099651925,0.010717716,-1.3495644e-06,0.009345746,0.005857686,0.0,0.004716375,0.006400969,0.0070204358,0.0068302117,0.008916768,-3.06576e-06,0.0047312262,0.0035890108,0.0047750385,0.010107523,0.0046652677,-2.3664671e-07,0.0076750177,0.004219485,0.015237686,-6.094771e-07
0.0049520573,0.0059182043,0.00780427,0.0027854103,0.007724098,0.0033142613,0.0060565234,0.008221137,0.0064716744,0.006176329,0.0067792344,0.00094577065,0.001607738,0.0068076677,0.008677133,0.0074148444,0.007155529,0.0072153993,0.0028749327,0.0090935305,0.008783264,1.948528e-06,0.0051288493,0.005953096,0.00067224074,6.6862e-07,0.004818182,0.00019157017,0.006086888,1.3596537e-06,0.009228348,2.7695446e-06,0.009515321,0.008678135,0.0015699944,0.0071921493,0.0042194463,0.009425808,0.0066721737,0.0017564096,-2.0118448e-07,-2.2817762e-06,4.246241e-06,0.00835596,4.831839e-05,0.002552062,0.008466307,0.0074832328,-9.493934e-07,0.0076858746,1.8393645e-06,0.007458609,0.00474716,0.009143778,0.0089916885,0.007468591,0.009441121,0.0031751464,0.006741502,2.3708799e-06,0.0048685903,0.0031007847,0.0067019556,0.0054700845,0.004068928,0.00844464,0.0073457495,0.0032249384,3.3385354e-06,0.0027245928,0.009387477,0.009012159,0.0080843065,0.00256624,3.4848534e-05,0.003384847,0.008730799,0.008957854,0.010146776,0.006859733,0.0067570317,8.111366e-07,0.006180662,0.007001745,0.008998413,0.005796657,0.007612835,1.6909748e-06,0.009062383,0.0093053635,2.2944147e-07,0.006972323,0.0032374545,0.0057458733,0.0,0.0043022824,0.0040918887,0.003842961,0.0065007084,-1.8373577e-06,0.0020169464,0.0009843413,0.0022474648,0.0076991697,0.0020512058,2.7249007e-06,0.005663777,0.0024781513,0.016848214,1.8799094e-06
0.0064803734,0.0072634155,0.008774237,0.004179566,0.008938942,0.005095393,0.007355836,0.009180272,0.0076299952,0.007474535,0.007887341,0.0027946057,0.0030305074,0.008210734,0.009328421,0.008637371,0.008100147,0.0081697935,0.0044989674,0.0093141515,0.009316114,-2.8425345e-06,0.0066317003,0.00728235,0.0024542802,-2.0265804e-06,0.0063212626,0.0018894648,0.0073824697,6.841527e-07,0.009878005,1.1994547e-06,0.009543158,0.009482081,0.003194245,0.008439997,0.0059500197,0.00901573,0.007833417,0.0034816503,7.711393e-07,-6.972723e-07,-9.770788e-07,0.009059349,0.0016724666,0.0041199825,0.009127167,0.008674731,3.7832973e-07,0.008522882,8.265661e-07,0.008422113,0.006197968,0.009633859,0.00940334,0.008421501,0.00958962,0.0047209174,0.007933433,3.2253013e-06,0.0063957004,0.004725216,0.007981079,0.0068984902,0.005664259,0.008823432,0.008391036,0.004796051,-2.9143598e-07,0.0044109863,0.008906479,0.009208642,0.009257764,0.0039152615,0.0016530786,0.004871253,0.009524785,0.009457128,0.0086994795,0.008351256,0.008021955,0.0009225175,0.007748643,0.00807544,0.009308553,0.007175386,0.009011111,0.0013241065,0.00945999,0.009867672,-2.925936e-06,0.008211144,0.004916537,0.007061761,0.0042659426,0.0,0.005470876,0.005226427,0.007499835,-4.4064786e-06,0.0035656018,0.002572675,0.0037684166,0.00890378,0.003559683,-3.2324863e-06,0.0070593674,0.003935453,0.016103055,-1.9933073e-06
0.007128381,0.007894707,0.009193498,0.005290576,0.00913238,0.005096006,0.00798673,0.009456947,0.008483638,0.008282349,0.008449961,0.0034855942,0.00569398,0.00837451,0.00927923,0.009100661,0.008915163,0.0091813225,0.005378575,0.008750977,0.008976274,0.00013660284,0.0070252675,0.008090574,0.0037672045,-4.499589e-06,0.0069852425,0.0015203774,0.00824077,-2.273115e-06,0.009662761,-5.573447e-06,0.009203258,0.009520399,0.0049051573,0.008483378,0.0061262404,0.008058712,0.0086015705,0.003779326,0.0005820837,-1.1306549e-06,-2.7422686e-06,0.009203947,0.0014669453,0.0053378483,0.009173596,0.008937865,-5.05681e-06,0.008979593,-1.4879487e-06,0.0090715755,0.0070441603,0.009607034,0.009052164,0.008952885,0.009160975,0.0047910744,0.0087419925,-3.2962046e-06,0.0070562544,0.006194188,0.008723072,0.007315619,0.0061882106,0.008646715,0.009130406,0.004367442,-4.292606e-06,0.0050935782,0.008101308,0.008744001,0.00930461,0.0055139377,0.003120824,0.0048462925,0.009713102,0.009092588,0.008525336,0.008531873,0.008142859,0.0021489027,0.007818783,0.008925408,0.0093393335,0.007681852,0.009001832,0.0018888861,0.009043876,0.009868023,-3.9079173e-06,0.008831931,0.0032612842,0.007810889,0.0040893494,0.005960131,0.0,0.00695325,0.0085062785,-3.5344663e-06,0.004307623,0.0028780745,0.0037895772,0.009351317,0.005420125,-4.229199e-06,0.006872554,0.0020684446,0.0150724985,-3.3005094e-06
0.0069365627,0.0075838612,0.00890921,0.0049158046,0.008839232,0.0050274497,0.007892978,0.009205188,0.008108612,0.007919997,0.008206011,0.0031983473,0.0053066765,0.008149403,0.009183729,0.00902383,0.008570623,0.008936974,0.005011614,0.008666291,0.008905169,0.00013068107,0.006741385,0.007955528,0.0035958993,-5.808357e-07,0.006818274,0.0012452389,0.007957206,-1.5685678e-06,0.009508775,1.1424389e-06,0.009097326,0.009312771,0.0045244754,0.008295161,0.0060519096,0.007963142,0.008247318,0.003555172,0.0001747224,-1.5642884e-06,2.525015e-07,0.009021737,0.0011491552,0.004922966,0.009096849,0.008770228,-3.5977268e-06,0.0087121315,9.985724e-08,0.008804387,0.0068149595,0.009367537,0.008864121,0.008718135,0.008947424,0.004563762,0.00851829,-3.054011e-07,0.006879994,0.005818997,0.008351001,0.007200032,0.0060413387,0.008471614,0.008925863,0.004200698,2.0323625e-07,0.0047058,0.0077529238,0.008484737,0.0090920245,0.0052144835,0.002765711,0.0046454375,0.009642508,0.008956084,0.008357692,0.008339577,0.007890251,0.0018359188,0.0074530724,0.008623448,0.009100242,0.0076093706,0.008887292,0.0014322129,0.008950641,0.009641566,1.1724401e-06,0.008717143,0.0032050465,0.0075086653,0.0039471583,0.005560164,0.0066240896,0.0,0.008178918,1.5150839e-06,0.0041040126,0.0025460992,0.0036507938,0.009129442,0.005090289,-1.8365497e-06,0.0065925056,0.0018347102,0.0148942135,-2.0870427e-06
0.008527577,0.009079114,0.010453772,0.006210328,0.010765594,0.0064446293,0.009286994,0.010856227,0.009825848,0.009479523,0.010006934,0.004808621,0.0060117827,0.00972078,0.011132174,0.010479996,0.010200474,0.010494178,0.006631883,0.010849361,0.010974824,0.0018062791,0.008315569,0.009344029,0.0052298005,0.0007379362,0.008722518,0.0032015345,0.009277106,-6.4277506e-06,0.011332757,-2.5470445e-06,0.011062631,0.011221283,0.005895912,0.009892021,0.0075014005,0.010261589,0.009804853,0.0053057065,0.001121391,-6.182938e-06,-2.1414933e-06,0.010975564,0.0028887223,0.006504538,0.011029462,0.010267339,-2.2848212e-06,0.0105465,0.0015281832,0.010359079,0.008073281,0.011283438,0.010877613,0.010452517,0.010860026,0.006192593,0.010045143,0.0012998335,0.008437645,0.0070317546,0.009860203,0.008658518,0.0075553944,0.010389394,0.0103865955,0.0058333674,-6.4903575e-06,0.0064009964,0.010035354,0.010573127,0.010755104,0.0062495293,0.0045909965,0.0063830297,0.0111112865,0.010727744,0.0099848,0.009771249,0.009589439,0.0034869376,0.009046619,0.010141178,0.010852055,0.008873149,0.010172111,0.0034712623,0.010823978,0.011297331,-5.4492602e-06,0.01016288,0.00550553,0.009317214,0.005473694,0.0072381324,0.00814431,0.007931605,0.0,-5.4614834e-06,0.005671487,0.0043368414,0.0054430263,0.010625586,0.0061026067,-5.55106e-06,0.008193955,0.004413084,0.015485631,-4.2146194e-06
7.4147756e-06,1.029262e-05,1.9662635e-05,-4.2025845e-06,-3.7019192e-06,6.2337845e-06,2.0709327e-05,1.4378365e-05,1.1118176e-05,-6.6296193e-06,2.4339211e-05,-7.5941034e-07,-3.2932319e-06,1.1748183e-05,-2.7545982e-06,1.5448652e-05,-4.2748347e-06,1.3718914e-06,1.8798497e-06,0.0053026015,0.0028755136,1.941632e-05,1.5600557e-05,1.7616583e-05,1.2804659e-05,-1.1814456e-05,7.695539e-06,1.4917098e-05,1.1869983e-05,5.0135475e-07,0.0015850917,2.0326652e-05,0.006521897,1.2986185e-05,-7.5435214e-06,-4.070559e-06,-6.0081343e-06,0.014302715,-3.6678575e-06,4.425265e-06,-1.17918125e-05,1.40488255e-05,1.8501498e-05,7.412814e-06,1.748198e-05,2.7290396e-06,-2.4913331e-06,1.2519442e-05,1.808023e-05,-4.7081007e-06,5.3878853e-06,-3.473212e-06,1.1052708e-05,0.0037806933,0.0016457983,1.9940928e-05,0.013808013,1.2295892e-05,2.7883577e-06,2.2255073e-05,1.3692971e-05,-9.894499e-06,-7.2718276e-06,1.928585e-06,2.1237538e-06,0.00027604445,8.167827e-06,1.9605577e-05,1.1254436e-05,2.270081e-05,0.016241023,0.006132188,1.0994461e-05,5.565662e-06,-2.6095252e-06,1.1536876e-05,1.7894941e-05,0.010557762,0.025873153,6.6886223e-06,-7.2396756e-06,5.698021e-06,1.4093578e-05,6.3128286e-06,2.297617e-05,2.1689648e-05,-5.293014e-06,-3.6468336e-06,0.013851761,0.0036686533,2.293001e-06,-7.218653e-06,2.144618e-05,5.812887e-06,1.4475947e-05,1.943485e-05,1.6223028e-05,2.5034747e-06,-2.8395695e-07,0.0,8.5745105e-06,1.4328663e-05,2.0233307e-05,-3.29181e-07,2.228215e-06,1.38641435e-05,2.1382395e-05,1.2152535e-05,0.04930171,8.680238e-06
0.0054072267,0.0063193147,0.008045225,0.0032144221,0.007963418,0.003383979,0.0063636396,0.008446829,0.0068761692,0.006530663,0.007104527,0.0012619741,0.0026537064,0.006914283,0.008630269,0.00783437,0.007428592,0.0074995426,0.003361831,0.00875605,0.008646975,5.061887e-07,0.005380206,0.006419173,0.0013037457,2.5622867e-06,0.005104604,6.0447326e-07,0.006284402,1.2973194e-06,0.0091333985,1.9715544e-06,0.008992303,0.008601719,0.0021759465,0.007271373,0.0043019177,0.008076949,0.006944612,0.0020716623,2.7218111e-06,1.2619571e-06,-4.100009e-06,0.00844461,5.0861995e-06,0.0030692725,0.008572001,0.0076387753,-4.7610947e-06,0.007858099,1.5409165e-06,0.007605934,0.0052310172,0.009053305,0.008753381,0.007677249,0.008676126,0.0030954536,0.007113712,-7.862072e-07,0.0052446458,0.0037523818,0.007052557,0.005664579,0.0045702504,0.00803925,0.0076014325,0.0028883035,-3.5810438e-06,0.0031520892,0.008012683,0.008190619,0.008229312,0.0032506601,0.0005477038,0.003439382,0.008807479,0.0089505585,0.008563488,0.00712471,0.006747009,4.071767e-06,0.0062708315,0.0073372237,0.008652427,0.0061255665,0.007912232,9.2633185e-05,0.008964218,0.00933636,9.902308e-07,0.0072950004,0.002649209,0.0060086194,0.0026334177,0.004257873,0.0046638995,0.004498506,0.006729734,-5.7945936e-06,0.0,0.0009250312,0.0023643717,0.00792189,0.0025614104,-2.4477647e-06,0.0056687635,0.0016737677,0.016599016,3.4348014e-07
0.0037878708,0.0050302013,0.0073658875,0.0013678098,0.0073488196,0.0021703257,0.005290706,0.0076306984,0.0058633657,0.0053873598,0.0063262642,1.1138395e-05,0.00043643633,0.0060688835,0.008560059,0.0070722536,0.0065960325,0.006843709,0.0018892594,0.009111899,0.008704898,8.977159e-06,0.0038702404,0.0052986136,1.0180094e-05,1.0268389e-05,0.0040020063,9.843393e-06,0.0052689267,5.5931064e-06,0.009017434,1.0512397e-05,0.009346592,0.008452983,1.2749039e-05,0.005996877,0.003279222,0.009781338,0.006185113,9.0437585e-05,9.004592e-06,7.2253124e-06,9.508461e-06,0.008171021,1.2340756e-05,0.0014385257,0.008245328,0.0064079068,4.63593e-06,0.007404775,9.438567e-06,0.006945734,0.0038549236,0.009011107,0.008817769,0.007022219,0.009699974,0.0019797853,0.006150058,1.1268527e-05,0.004173659,0.0020839556,0.0062104943,0.0042100432,0.0028485206,0.008226924,0.0068226294,0.0019467052,5.604032e-06,0.0017192529,0.009826715,0.009056986,0.0074068853,0.0011400954,9.891981e-06,0.002116966,0.008440445,0.009107739,0.010487037,0.0061619445,0.005419019,9.484875e-06,0.005430044,0.006323059,0.008811345,0.0049594617,0.007084657,1.1472952e-05,0.009397685,0.009104972,1.3228082e-05,0.006466791,0.0023422956,0.005054741,0.0008826195,0.0032369215,0.0031516731,0.0028272986,0.005724806,2.9364487e-06,0.00041216027,0.0,0.0009585352,0.007342432,0.0008991599,9.160252e-06,0.004737761,0.0012053853,0.01844953,6.043604e-06
0.0046990127,0.0056327973,0.007701863,0.002101637,0.007638739,0.0030571807,0.005693571,0.008128658,0.0063324883,0.005853178,0.0065691387,0.00075979746,0.001257039,0.0065286574,0.008534336,0.007241096,0.0069377343,0.0069430596,0.002758632,0.009012576,0.0085937865,7.1666686e-06,0.0048160036,0.0057524987,0.0004523169,7.854351e-06,0.0046844394,1.1312597e-05,0.0058044004,9.580096e-06,0.009155644,5.2444084e-06,0.00924422,0.008522513,0.0013166323,0.006974719,0.0040246127,0.009173465,0.006444666,0.0015355508,6.3259167e-06,6.1007972e-06,6.3042507e-06,0.008200848,9.417208e-06,0.002300461,0.008362467,0.007154056,5.712724e-07,0.0076020774,7.304367e-06,0.0071409717,0.004490145,0.008972262,0.008763187,0.007287958,0.009374215,0.0029919702,0.0066595394,6.730098e-06,0.004645692,0.0027912052,0.0065861936,0.0051537114,0.003928406,0.008117078,0.007176424,0.0028915396,2.7945375e-06,0.0025725898,0.009124871,0.008815951,0.007948044,0.0020893381,7.608212e-06,0.002986232,0.008518346,0.008892957,0.009126535,0.0066215266,0.0063261436,8.785325e-06,0.0059863096,0.006581731,0.008626556,0.0054067397,0.0073149246,9.271961e-06,0.0091274185,0.00921775,4.2898073e-06,0.006958576,0.0030825848,0.0056923293,0.0020933398,0.0038316476,0.0037234733,0.003667434,0.0062230024,1.8960044e-06,0.001756305,0.0005868155,0.0,0.0075375945,0.0016569901,6.2240138e-06,0.005330023,0.0020762752,0.017160662,4.4952058e-06
0.010172687,0.01058014,0.012312074,0.007430387,0.012460788,0.008205128,0.01069703,0.012737367,0.011140808,0.011070673,0.011325829,0.0065083643,0.0063891187,0.011664205,0.012431082,0.011921859,0.011354011,0.011542958,0.008378538,0.012261484,0.0126479585,0.0034889276,0.01026873,0.010667148,0.006434413,0.0022689546,0.010330966,0.0054417164,0.010734976,-1.1513124e-06,0.013315587,-9.956641e-08,0.012541744,0.012594753,0.0069449134,0.011941248,0.009487316,0.011065671,0.011275138,0.0070281276,0.0018395442,-3.038131e-08,-1.5294969e-06,0.012110011,0.005117817,0.0077447616,0.012391781,0.011917408,-1.4531454e-06,0.011592325,0.0033327541,0.011760523,0.009299661,0.012828337,0.0120690325,0.0117522,0.012693841,0.008292804,0.011268275,0.003332661,0.010109042,0.008136299,0.011154343,0.010487622,0.009237579,0.011766297,0.01146181,0.008077332,-2.3670138e-06,0.008164324,0.011474968,0.011910157,0.012717933,0.007112815,0.0058171647,0.0083989315,0.012890409,0.012569976,0.011683791,0.011441242,0.011515016,0.004731237,0.011129502,0.0114508,0.012075098,0.010308074,0.01211986,0.00525466,0.01261894,0.013187616,2.0128166e-06,0.011614689,0.0084807575,0.010799713,0.007417009,0.009183674,0.0091401925,0.008872918,0.010984034,-2.8765524e-07,0.007189343,0.0063262302,0.0071955374,0.0,0.0070832684,-1.7728603e-06,0.010479306,0.007263222,0.017902125,1.2003114e-06
0.0057196757,0.0065782843,0.007960431,0.0039514704,0.007821071,0.0036219694,0.006799428,0.008374513,0.0069296057,0.006917231,0.007236763,0.0019860463,0.005312965,0.0068921307,0.008447644,0.00793533,0.0077975695,0.008086469,0.0038276229,0.008247907,0.008293556,6.100622e-06,0.005548433,0.006668735,0.0023422227,6.517818e-06,0.005333175,0.00020706527,0.0067260778,3.2463158e-06,0.0090456875,3.941081e-06,0.008657772,0.008442622,0.0035373697,0.007126765,0.004776242,0.008252599,0.007232591,0.0024042784,0.00014580847,4.0703108e-06,5.489414e-06,0.008232837,1.0769095e-05,0.003820835,0.00834161,0.007514531,5.3169447e-06,0.007887538,7.802755e-06,0.0077938153,0.0058139055,0.00886185,0.008440555,0.0076817353,0.008694064,0.0033808756,0.007452916,1.0234092e-05,0.0055843955,0.0048070676,0.007364489,0.0059903455,0.00489112,0.007881561,0.007887927,0.0029242455,7.664741e-06,0.003557445,0.0081787305,0.008132247,0.008159886,0.005004736,0.0013833849,0.0033954205,0.008835,0.008558365,0.008755621,0.0072627706,0.0068863495,0.0005701524,0.0063621546,0.007637894,0.008520596,0.0065953783,0.00782086,7.822604e-06,0.008710447,0.009044765,7.5898574e-06,0.0074830214,0.001731666,0.0062221345,0.0028572942,0.004456952,0.0060895546,0.0055506323,0.006998485,4.852463e-06,0.0028254255,0.0014165587,0.0022564423,0.008086768,0.0,4.822564e-06,0.0052299486,0.0003113286,0.016901037,7.129688e-06
6.94452e-07,3.542044e-06,0.0037654736,-6.3947828e-06,0.0025675038,7.2450885e-06,6.582498e-06,0.0050324136,-3.7484276e-06,-3.5420358e-06,-3.6507622e-06,-1.5071251e-05,6.815239e-06,1.3419457e-05,0.0072503174,0.0014710521,1.3174617e-05,0.00046954417,-9.549578e-06,0.0094727855,0.008298898,-4.802857e-06,4.458952e-06,1.0634179e-05,-4.03252e-06,2.9337589e-06,3.9165516e-06,-1.1253796e-05,1.0111731e-05,1.7966619e-06,0.007984572,-4.4771446e-06,0.009966147,0.0050340225,-8.9647517e-07,1.6385249e-06,2.5698573e-06,0.0133906845,1.1942789e-05,-1.425389e-05,2.4818332e-06,-7.918908e-06,4.0020925e-07,0.0062434818,1.1844824e-06,-6.9717244e-06,0.005473036,5.8564787e-05,-7.4533014e-06,0.003612531,2.3661028e-06,0.0009914683,-4.638877e-06,0.008919455,0.008150354,0.0012595629,0.012713091,-4.625006e-06,1.2500922e-05,5.6484646e-06,5.946908e-06,-3.924643e-06,1.0777434e-05,-7.64731e-06,-1.0592105e-05,0.0074222344,0.00045231686,-7.9179955e-07,3.5752037e-06,4.3404357e-06,0.013986432,0.009658063,0.0041038706,2.495004e-06,-1.2496694e-05,8.483892e-06,0.005822038,0.011139557,0.018759811,3.8966696e-06,-1.5975723e-06,-1.4821348e-05,6.0758916e-06,1.8765878e-06,0.0075785173,3.8778694e-06,0.0004934101,-5.30062e-06,0.012621156,0.0088977115,-1.02723825e-05,7.106424e-06,7.225938e-06,9.112406e-06,-1.2058443e-05,7.727035e-07,4.7098e-07,2.3168752e-06,1.0659626e-05,-5.2761497e-06,5.327142e-06,-1.5550024e-05,2.8817378e-06,0.0021449781,-1.7683386e-07,0.0,-9.44559e-06,-1.6211061e-07,0.032455362,-2.044679e-05
0.006952931,0.0075662048,0.009198094,0.0044094534,0.009493224,0.0056009544,0.0078054806,0.009746844,0.008131226,0.007796415,0.00817289,0.0032497756,0.0028518597,0.008737851,0.009802799,0.009050157,0.008497967,0.00847759,0.00503736,0.009879459,0.009667369,0.00020830568,0.007207326,0.0077837966,0.002819574,3.302314e-06,0.006841193,0.0028613552,0.0076368847,8.911776e-08,0.010366687,8.629548e-07,0.010201729,0.009955251,0.0035669685,0.008995113,0.006704776,0.009483173,0.008342255,0.004023742,2.0949872e-06,2.4478632e-06,2.0039724e-06,0.009478703,0.0023774237,0.0044678543,0.009591795,0.009127654,-1.4573129e-06,0.008819585,0.00024369323,0.00874151,0.00641984,0.010233896,0.009715248,0.00885628,0.010091875,0.0055829147,0.008377367,0.0004972728,0.006975742,0.004962815,0.008391247,0.007523316,0.0062452005,0.009314875,0.008735172,0.0056900596,2.4714114e-07,0.0050662607,0.0095153265,0.009594738,0.009685355,0.003952616,0.002167028,0.0057201013,0.009931475,0.009892778,0.00905379,0.008816912,0.0086378055,0.0014991963,0.008195738,0.008465417,0.009697137,0.0074680387,0.0093118055,0.0021578334,0.009879365,0.0105138775,3.1111065e-07,0.008577803,0.0061286516,0.007612834,0.004846918,0.0065222117,0.005695618,0.0054859486,0.007827179,1.0067546e-06,0.0041944627,0.0034298596,0.004655139,0.009409626,0.0037526458,2.9451855e-06,0.0,0.00531592,0.016215567,-4.8465523e-07
0.0036268062,0.0044145584,0.0068870694,0.0008721022,0.00693895,0.002092043,0.0046337466,0.007603381,0.00522816,0.0048091556,0.005977122,1.4740341e-05,1.2464942e-05,0.0057646623,0.009061764,0.0064786565,0.006516383,0.0062226737,0.0015765755,0.010021162,0.009287516,1.0902254e-05,0.0039065974,0.0045225536,1.425349e-05,1.2644929e-05,0.0036502471,7.752708e-06,0.0045620888,8.655079e-06,0.009002762,1.2049448e-05,0.010277128,0.008595276,1.2213748e-05,0.0060557066,0.0030774006,0.011379414,0.0056029167,0.0005051467,8.621765e-06,8.265228e-06,1.0579736e-05,0.008466199,8.41748e-06,0.00058192067,0.008781274,0.0063148797,1.3225902e-05,0.007622572,8.942868e-06,0.0063373926,0.0028909713,0.009470154,0.009494331,0.0065618395,0.0105873495,0.0022114208,0.0054681906,7.1167196e-06,0.0036253617,0.0009355622,0.005373531,0.004239373,0.002801611,0.008955396,0.006751413,0.0023922527,1.12602775e-05,0.0013867697,0.011407006,0.009991527,0.0073655355,1.13654605e-05,8.7617955e-06,0.0024579344,0.007952795,0.009717058,0.012741657,0.0055939686,0.0054313387,9.048516e-06,0.0051695677,0.0055474397,0.009360131,0.0043486003,0.00656897,1.39224385e-05,0.010081368,0.009146937,1.0395311e-05,0.00583932,0.0036357276,0.0045607165,0.0016441243,0.0031156382,0.0019602769,0.0016316933,0.005266393,6.3380353e-06,0.0005171741,5.3501193e-05,0.0013345461,0.006759892,1.32782225e-05,6.9978096e-06,0.00486481,0.0,0.01988441,1.02609165e-05
0.025360093,0.025527347,0.02648758,0.023998396,0.026477946,0.024709938,0.025462424,0.026717177,0.025629792,0.025860392,0.025842268,0.024089366,0.023388173,0.025876254,0.026816977,0.026109383,0.02569851,0.026061153,0.025017994,0.0276139,0.027271401,0.022634666,0.025431648,0.025567308,0.0244623,0.022805456,0.025829282,0.02351148,0.02559182,0.019448347,0.02779479,0.020534942,0.027759043,0.02685714,0.024212657,0.025978154,0.025034891,0.027745428,0.025933325,0.024353439,0.021826927,0.01964141,0.01697852,0.026784081,0.023033185,0.024444692,0.026886014,0.026002746,0.017308999,0.025985654,0.022435991,0.026105493,0.024755524,0.027167859,0.027008392,0.026122265,0.028020067,0.024525391,0.025820537,0.02213054,0.025556572,0.024694946,0.025710575,0.025395706,0.02492525,0.026863825,0.02592315,0.024179978,0.01977997,0.02458882,0.027944295,0.027369319,0.0264484,0.023695132,0.024191692,0.02458885,0.02664959,0.027633846,0.028694205,0.025693273,0.025678871,0.023191707,0.025695963,0.025920214,0.026734216,0.025153136,0.025891693,0.02374645,0.0280194,0.027064456,0.020006731,0.026006825,0.023832472,0.02562083,0.024002451,0.02487475,0.025072828,0.025064422,0.025834523,0.01525665,0.024355927,0.02391382,0.024225283,0.026695326,0.024034195,0.019365674,0.025406603,0.023393283,0.0,0.019213567
1.65463e-05,2.1521795e-05,0.0041256985,1.3470472e-05,0.0030235508,1.8180879e-06,1.2368045e-05,0.0054549435,9.393401e-06,2.2664834e-05,0.0004088482,5.124976e-06,2.7347598e-06,9.942226e-06,0.0073836115,0.0019675232,0.00043399233,0.0009715093,1.8889828e-05,0.009707252,0.008449745,-3.1710117e-06,3.4141467e-06,1.7326678e-05,1.1705228e-05,-2.5571157e-06,2.0072437e-05,8.867161e-06,2.238945e-05,-9.969983e-06,0.008274271,9.3454155e-06,0.010331239,0.0053958194,1.2615158e-05,4.8067544e-05,1.1262184e-05,0.013877528,3.9841478e-05,1.3143123e-05,1.3938847e-05,3.1197255e-06,4.993895e-06,0.0064270017,1.39721415e-05,2.2817314e-06,0.0057030567,0.00087185274,1.483288e-05,0.0038441152,1.1502048e-05,0.0015668314,5.37881e-06,0.009037439,0.008467886,0.0017228791,0.01267739,1.6408098e-05,7.811136e-06,-8.0550876e-07,7.971566e-06,1.09572675e-05,1.8167511e-05,8.133042e-06,1.0238617e-05,0.0075046024,0.00073193695,-1.5143262e-06,-6.521114e-06,1.8558881e-05,0.01454761,0.009946529,0.004743034,1.897244e-05,4.1001485e-06,5.306964e-07,0.006029723,0.011285412,0.019107645,2.0318557e-05,1.4408811e-05,-1.8389769e-06,1.4358279e-05,2.5291729e-05,0.00786814,2.1916647e-05,0.0013030252,4.260359e-06,0.012387679,0.009058826,3.943252e-06,1.5159934e-05,-3.4914094e-06,7.80101e-06,-2.1574162e-06,1.3261782e-05,5.547851e-06,1.0930865e-05,7.1288396e-06,3.7432562e-06,7.330743e-06,3.5412866e-06,6.7919236e-06,0.0028161805,1.792467e-05,-3.1351076e-06,1.8102153e-05,1.5567943e-05,0.031947758,0.0
