1,2,3,4,5,6,7,8,9,10,11,12,13,14,15,16,17,18,19,20,21,22,23,24,25,26,27,28,29,30,31,32,33,34,35,36,37,38,39,40,41,42,43,44,45,46,47,48,49,50,51,52,53,54,55,56,57,58,59,60,61,62,63,64,65,66,67,68,69,70,71,72,73,74,75,76,77,78,79,80,81,82,83,84,85,86,87,88,89,90,91,92,93,94,95,96,97,98,99,100,101,102,103,104,105,106,107,108,109,110
0.0,0.007899643,0.009435387,0.0049296934,0.009851713,0.005094283,0.008418249,0.009875252,0.00916107,0.00873851,0.009200117,0.0037844204,0.00645672,0.008290172,0.0101614185,0.009738786,0.009630637,0.009801958,0.0058698286,0.009971987,0.009905344,0.0011118777,0.0074084196,0.008831948,0.0051532667,6.521892e-05,0.008017928,0.000935342,0.008666159,6.429365e-05,0.010371509,6.7162786e-05,0.010241285,0.0105577605,0.005621687,0.0085440455,0.0067844107,0.008943916,0.009055261,0.004110973,0.001436858,6.5109954e-05,6.0606868e-05,0.009997957,0.00091422483,0.005879171,0.010386894,0.0092673665,6.3983905e-05,0.009743136,0.0002294893,0.009664842,0.007346159,0.010196891,0.010120829,0.009541551,0.009708245,0.004905733,0.0095017,6.719215e-05,0.007820226,0.006733576,0.009226943,0.007633941,0.00657373,0.009625383,0.00991008,0.0038343754,6.1790575e-05,0.0054091252,0.008807432,0.009721257,0.009427051,0.00553981,0.004344467,0.004575373,0.0100609865,0.009670516,0.009354493,0.008691415,0.007938913,0.0031778817,0.007815459,0.009007752,0.010104509,0.007699367,0.008837992,6.418658e-05,0.009510595,0.010175105,6.5460605e-05,0.009506676,0.0019768625,0.008774759,0.0035793027,0.0055012866,0.007612687,0.0077952277,0.009360068,6.158689e-05,0.0043352447,0.0025398254,0.003959304,0.00959167,0.0063132537,6.32116e-05,0.006356452,0.00046162837,0.015704587,6.5823355e-05
0.007732336,0.0,0.009593565,0.0055101155,0.009695152,0.0052375235,0.008589434,0.009738046,0.009073283,0.008688293,0.009148374,0.003874852,0.006599035,0.008296836,0.0101823155,0.009718944,0.009483578,0.009855327,0.005904531,0.009745858,0.009797494,0.0011802355,0.0073604956,0.008761449,0.0051732073,5.951509e-05,0.007838061,0.0010873771,0.0085443165,6.0996543e-05,0.010187659,5.8841608e-05,0.009984352,0.010210519,0.005728786,0.00844637,0.006603923,0.009041979,0.0089354655,0.00416908,0.0017927727,6.1495884e-05,6.0689814e-05,0.0100702355,0.0011524105,0.0058759428,0.010189833,0.00916086,6.1552026e-05,0.009683153,0.0003259656,0.009479831,0.007617227,0.010146235,0.0099755805,0.00951163,0.009686326,0.0049940306,0.009514694,6.256996e-05,0.0077465065,0.006845576,0.009204166,0.0076157255,0.0064989496,0.009609559,0.009882613,0.004011688,5.9493224e-05,0.0053735212,0.008739295,0.009640135,0.009421417,0.005883537,0.004170121,0.0047224765,0.0100163575,0.009568067,0.009371859,0.008645127,0.007967636,0.0032882458,0.0078119794,0.009274782,0.010066602,0.007850715,0.00881848,0.00018601323,0.009581191,0.010102767,5.9391317e-05,0.0094997985,0.001592804,0.008729221,0.003849334,0.0054837884,0.007800211,0.007834976,0.009304702,5.677525e-05,0.00458586,0.0026199666,0.003997258,0.00947147,0.0064684795,5.8305694e-05,0.006213209,0.00056714483,0.015476555,5.8001875e-05
0.009810448,0.010105229,0.0,0.0071421117,0.012302597,0.0072844103,0.010499176,0.012471589,0.011169442,0.010982392,0.0113489125,0.0058949264,0.008038154,0.010811446,0.012718713,0.011999017,0.011662607,0.011991173,0.007871159,0.0126633,0.012860583,0.0033759915,0.009501212,0.010761458,0.007105462,0.00018879316,0.010079319,0.0035757592,0.010677515,6.2109226e-05,0.012765943,6.52689e-05,0.012876345,0.01279026,0.0076051825,0.01093373,0.008680606,0.012154036,0.011282624,0.006060995,0.0035221253,6.1680184e-05,6.287573e-05,0.012618238,0.0032748939,0.007838694,0.012568728,0.01148366,6.3546606e-05,0.011937343,0.002554904,0.01178545,0.009266042,0.013029246,0.012654507,0.011864495,0.012843875,0.0070490176,0.011752402,0.0019565627,0.009860817,0.0085515,0.011037295,0.0097659975,0.008417962,0.012445618,0.011905601,0.006094775,5.9733025e-05,0.0073738736,0.012109634,0.012633486,0.011958011,0.0073956167,0.0062522753,0.0067969095,0.0125566935,0.012954414,0.012198437,0.010641565,0.010256282,0.004921302,0.010005795,0.011288171,0.012580046,0.009922018,0.011157891,0.0027317482,0.013184917,0.012829298,6.1715175e-05,0.011664576,0.004729087,0.010891455,0.0058110035,0.0075644744,0.00973627,0.00970478,0.011231166,6.105512e-05,0.0064673037,0.005019961,0.005989627,0.011899813,0.00816749,6.173961e-05,0.0086065335,0.003082749,0.017711114,6.0684815e-05
0.0056749694,0.006395187,0.0077615674,0.0,0.0075118626,0.0030105219,0.0069457013,0.007920411,0.0075616795,0.006930263,0.007795096,0.001546084,0.006083309,0.0062994957,0.009165617,0.008075722,0.008375337,0.008573583,0.0038092153,0.008955204,0.008923255,5.825026e-05,0.005166567,0.0070203403,0.0032982316,5.6132405e-05,0.005784051,5.741802e-05,0.0070218174,6.0492286e-05,0.009199801,5.8922054e-05,0.0096459035,0.008836345,0.004127345,0.0059508956,0.004174925,0.008864551,0.0074811648,0.0017886858,0.00090908544,5.6402132e-05,5.4346085e-05,0.008952511,6.172981e-05,0.0042305985,0.008742002,0.006895478,5.926481e-05,0.008446022,5.794189e-05,0.008164668,0.0060106604,0.008753842,0.008965357,0.008130531,0.008594712,0.002513157,0.008107977,5.5798875e-05,0.005912607,0.005267209,0.007667653,0.0054289135,0.0040862816,0.00854621,0.008692157,0.0013681519,5.635821e-05,0.003166495,0.008660801,0.008681647,0.0072933594,0.004793009,0.0021442133,0.002347006,0.008531148,0.008047261,0.009430927,0.006760994,0.005932061,0.0012608692,0.005617473,0.007696056,0.008892723,0.006071365,0.007024035,5.687416e-05,0.008270173,0.008661137,5.618477e-05,0.007855812,5.643054e-05,0.0068749054,0.0013855723,0.003230322,0.0062193507,0.0065267654,0.007918795,5.6187757e-05,0.0024092721,5.942146e-05,0.0014115907,0.0075772624,0.005393482,5.42032e-05,0.0037404115,5.450579e-05,0.016331835,5.591132e-05
0.009598564,0.009880751,0.011709865,0.007003258,0.0,0.007199158,0.010296902,0.012284716,0.011023127,0.01067735,0.011032722,0.0059113787,0.007598497,0.010642452,0.012231623,0.011714665,0.011162591,0.01157757,0.007921881,0.012457973,0.012709691,0.0034086928,0.009401149,0.010659144,0.0070317085,0.00019611791,0.010060104,0.0037025446,0.010425836,6.0351747e-05,0.012661985,6.404181e-05,0.01271062,0.012533715,0.007379855,0.010840218,0.008820861,0.011210396,0.010901606,0.00621366,0.0033078322,6.271515e-05,5.993678e-05,0.012266437,0.0034316068,0.007578902,0.01236514,0.011134966,6.126767e-05,0.011477165,0.0026581225,0.011627187,0.009011813,0.012695712,0.012061608,0.011546979,0.012660685,0.0071648913,0.011416644,0.002120902,0.009593292,0.008318352,0.010830529,0.009651168,0.008358198,0.012015304,0.011573265,0.006376621,6.140493e-05,0.0073128655,0.011539153,0.012180526,0.011827591,0.007122594,0.006165322,0.0068533514,0.012260792,0.012283512,0.011826013,0.01060001,0.010112177,0.0049258857,0.009950293,0.010928083,0.012132287,0.009504691,0.010970026,0.0025374605,0.012633936,0.012496735,6.188647e-05,0.011420089,0.0050750067,0.010761478,0.005807202,0.007607017,0.009381832,0.009449385,0.01110971,6.203179e-05,0.0065497356,0.005097302,0.0059342138,0.011723292,0.008102828,6.2259074e-05,0.008480431,0.0035093469,0.017343415,6.045637e-05
0.0049048276,0.0054049627,0.007331299,0.0024261489,0.0074778716,0.0,0.005980721,0.007762995,0.0069316644,0.0062557016,0.0072057103,0.0009244907,0.0037647982,0.0058579603,0.008795572,0.0075593386,0.007613105,0.007900309,0.0030340161,0.009350335,0.0086334245,5.614502e-05,0.0046103406,0.006391346,0.0021259752,5.2302934e-05,0.0052291085,5.301345e-05,0.006165173,5.528866e-05,0.008793401,4.9795453e-05,0.009564508,0.008766114,0.0026882172,0.006050534,0.004061197,0.009369576,0.0067881364,0.0011368244,5.293784e-05,5.4970744e-05,5.3399854e-05,0.008552813,5.6836114e-05,0.0029966468,0.008786978,0.0068071964,5.242534e-05,0.007990616,5.4982564e-05,0.00754284,0.0048742304,0.008820962,0.009181697,0.007583268,0.008965189,0.0023922734,0.007387024,5.3732463e-05,0.0051911063,0.0039602905,0.0068328804,0.004837242,0.0037643511,0.008570341,0.008009129,0.0016001365,4.991505e-05,0.0023656406,0.009006629,0.009108034,0.007275683,0.0030980608,0.001113256,0.0020459453,0.008101772,0.008161097,0.00934942,0.006101648,0.0052358294,6.583423e-05,0.005245808,0.0067348476,0.008987881,0.0051427633,0.00636306,5.4895274e-05,0.008372976,0.008295783,5.0926858e-05,0.0070759444,5.32357e-05,0.006327457,0.0010293513,0.0027246892,0.00483312,0.0052853404,0.007163271,5.517151e-05,0.0015286505,5.3082782e-05,0.0011634775,0.0071700215,0.0037781228,5.2990315e-05,0.003650116,5.509049e-05,0.015578289,4.8766702e-05
0.008099138,0.0086186165,0.009941493,0.0058491,0.010162887,0.0057892324,0.0,0.010228748,0.009651651,0.0093026105,0.00961603,0.004595996,0.0072090016,0.008863195,0.010606524,0.01022705,0.0101212,0.010334488,0.0064165797,0.010192204,0.010199439,0.001982568,0.007876467,0.0093394285,0.0058984105,6.0300306e-05,0.008550048,0.0017023177,0.009093576,6.385668e-05,0.010439955,6.522216e-05,0.010445079,0.010852597,0.0062927855,0.009038033,0.007080432,0.009238259,0.009422915,0.0046156077,0.0026666692,6.156678e-05,6.0803435e-05,0.010581988,0.0016356095,0.0064711715,0.010534948,0.009557167,6.0678656e-05,0.010217341,0.0009617524,0.010039614,0.00803527,0.010614575,0.010507384,0.010140884,0.010062001,0.0054742103,0.00999141,0.00040323837,0.008328573,0.007281748,0.009569685,0.008156461,0.0070943274,0.010044315,0.010411516,0.004555419,5.925304e-05,0.005991204,0.00919928,0.010164169,0.009804964,0.006313929,0.0049138987,0.0052177636,0.010403337,0.01005964,0.009791799,0.009003064,0.008306026,0.0039030567,0.008214754,0.009632035,0.010586121,0.008244705,0.00935189,0.0007747198,0.010105845,0.010407178,6.41529e-05,0.009985713,0.0024405245,0.009168852,0.004352932,0.0060511855,0.008240957,0.008396075,0.009880525,6.355154e-05,0.005077915,0.003283644,0.004515311,0.0099595785,0.00700876,6.338424e-05,0.006730187,0.0011126611,0.015535729,6.4136926e-05
0.010130008,0.01036934,0.012425668,0.0073919105,0.012731964,0.0076676914,0.010794914,0.0,0.011537473,0.011360132,0.011858557,0.0064906427,0.008288254,0.011228603,0.013334266,0.012459359,0.011899471,0.012246463,0.008336657,0.013359823,0.013456897,0.003994237,0.009926553,0.01108751,0.0075947577,0.0010294192,0.0105906855,0.0040870397,0.010858128,6.392081e-05,0.013354181,6.609893e-05,0.013563368,0.013258283,0.007870002,0.011309187,0.0091157565,0.012911764,0.011580748,0.0064720353,0.0038874235,6.3529915e-05,6.2875675e-05,0.013109844,0.0038786742,0.008162385,0.013107977,0.011818499,6.5425695e-05,0.012446862,0.0032022174,0.012295158,0.009580671,0.013528251,0.013190795,0.012277869,0.013636467,0.007355617,0.012014785,0.0025790823,0.010098486,0.008698286,0.0114654675,0.010068494,0.008884204,0.012926073,0.012192532,0.006731049,6.576708e-05,0.00787105,0.01291691,0.013209539,0.012518925,0.007641741,0.0067934515,0.0073778317,0.012910648,0.0134799965,0.012928809,0.010931857,0.010465095,0.0053629503,0.010392853,0.011419944,0.01312038,0.010080849,0.011414694,0.0032326824,0.01379824,0.013309323,6.555182e-05,0.011953959,0.0054191914,0.01132585,0.006062187,0.007907981,0.009984827,0.01003409,0.011564337,6.5913424e-05,0.0068139187,0.0053903502,0.0064130826,0.012261434,0.008373277,6.342311e-05,0.0088138785,0.0038498342,0.018309835,6.592535e-05
0.009598354,0.009750776,0.011257314,0.0067368424,0.011746014,0.0069460515,0.010219163,0.011742446,0.0,0.010584524,0.011261704,0.005835204,0.00834228,0.010237382,0.012167111,0.01166837,0.011418919,0.011734209,0.007798566,0.0120441,0.012034113,0.0031531246,0.009144017,0.010607346,0.0072893538,6.505524e-05,0.009938384,0.0029370384,0.010437241,6.348477e-05,0.01215945,6.8477675e-05,0.012337715,0.012385702,0.007663727,0.010361819,0.008457614,0.011556296,0.010917467,0.0058721364,0.0036903033,6.4871354e-05,6.3200976e-05,0.01221816,0.0027864792,0.0078845415,0.01221636,0.011043404,6.686763e-05,0.011607635,0.0021872283,0.011592176,0.009243274,0.012201366,0.012118236,0.011585806,0.011768498,0.006688584,0.011533467,0.0015607841,0.009747116,0.00851132,0.01099022,0.00941885,0.008381811,0.011934607,0.011731645,0.005799045,6.52568e-05,0.0071423915,0.011305756,0.01186249,0.01135762,0.0074225166,0.0062295655,0.006508917,0.011841782,0.011776338,0.011444102,0.010316098,0.009723811,0.0049777613,0.009591009,0.010904681,0.012204528,0.009352647,0.010631367,0.0021803812,0.011740723,0.011900786,6.623879e-05,0.011409716,0.0040139547,0.0108301295,0.0054151574,0.007151304,0.009648117,0.009753132,0.01129682,6.516046e-05,0.006273735,0.0046718824,0.005742391,0.011291723,0.00813956,6.445077e-05,0.008044148,0.0024067366,0.016581798,6.679305e-05
0.009101457,0.009274431,0.010965502,0.006375151,0.011099488,0.0063141813,0.009733431,0.0112434495,0.010560925,0.0,0.010747232,0.0053045037,0.007870855,0.009694528,0.011666461,0.011206185,0.011028503,0.011404789,0.007210394,0.011445748,0.011336767,0.002581776,0.008705729,0.010208271,0.0067834873,6.429832e-05,0.009593804,0.0022319434,0.01004095,6.5089494e-05,0.011700317,6.658411e-05,0.01168802,0.011884298,0.0070780264,0.009855632,0.008106154,0.010770072,0.010608711,0.0053106146,0.0030449743,6.634576e-05,6.467525e-05,0.011682998,0.002084643,0.0073608328,0.01170426,0.01044097,6.315089e-05,0.011207013,0.0014527092,0.010981595,0.0087305615,0.011659829,0.011552755,0.01109439,0.011156387,0.0062327804,0.011013371,0.00083627057,0.009095448,0.008153322,0.010548201,0.008909215,0.007730582,0.011291829,0.011449715,0.0050968197,6.105919e-05,0.0067223646,0.010672457,0.011319281,0.010745053,0.0068906457,0.005704823,0.0058000744,0.011395783,0.011013279,0.0107982755,0.009867467,0.009295448,0.004395832,0.009126743,0.010397358,0.011638189,0.0089457445,0.0100996075,0.0015002141,0.011069024,0.011451833,6.502318e-05,0.010827321,0.0033481463,0.010279135,0.0048140893,0.006680141,0.009155164,0.009317565,0.010715396,6.208625e-05,0.0057084938,0.0039151106,0.005018894,0.011022677,0.0078749275,6.296127e-05,0.0076285796,0.0015608029,0.016352305,6.35165e-05
0.010045165,0.010313522,0.01208407,0.007266246,0.012181593,0.0072070025,0.010812328,0.012479604,0.011749585,0.011347202,0.0,0.006165386,0.008944275,0.01070593,0.013233063,0.012353369,0.012503124,0.012640364,0.008292225,0.013331031,0.01300756,0.0034620522,0.009614796,0.011293334,0.0076433984,0.00040840436,0.010648702,0.003406173,0.010987712,6.009839e-05,0.01295317,6.305422e-05,0.013437913,0.013174365,0.00808769,0.010911025,0.008912808,0.0129435,0.011670486,0.006246937,0.004101313,6.077301e-05,6.0689203e-05,0.013102832,0.0031987645,0.00826118,0.013109553,0.011482255,5.9797938e-05,0.012599365,0.0025608214,0.012452307,0.009597771,0.013177006,0.013365775,0.012412272,0.012969889,0.007083074,0.012263222,0.0020136784,0.010250544,0.008934232,0.011573063,0.009771413,0.008670261,0.01296314,0.012694008,0.0059606223,6.107092e-05,0.0077110035,0.012761949,0.013278222,0.0120108975,0.007706118,0.006822783,0.0067703617,0.012651114,0.012666721,0.013255053,0.010830522,0.010218147,0.0054569365,0.010075957,0.011537411,0.013289874,0.009914317,0.0110866055,0.0026960757,0.0126912445,0.012625486,6.307033e-05,0.011946997,0.004352077,0.011482024,0.0056913486,0.0076316115,0.010432652,0.0102963345,0.012093073,6.096884e-05,0.006744841,0.005009286,0.005990881,0.01211783,0.008691703,6.432659e-05,0.008385824,0.0026568484,0.017169647,6.020985e-05
0.0045532444,0.0047674384,0.0072811944,0.0016303877,0.0072299964,0.0014537083,0.005640688,0.0077178846,0.006807115,0.006097428,0.0071567222,0.0,0.004089969,0.0052154767,0.008775022,0.007443865,0.0075473525,0.007939118,0.0025413707,0.009121154,0.008644683,6.557601e-05,0.0040683346,0.006311738,0.0019930135,6.32999e-05,0.0052181236,6.831492e-05,0.0059488853,6.380253e-05,0.008760062,6.4092215e-05,0.0093627665,0.008827543,0.002596444,0.0055505806,0.0033296633,0.0086619975,0.006688223,0.00038122776,6.909098e-05,6.8127476e-05,6.0418966e-05,0.00849665,6.169115e-05,0.0027253085,0.008738256,0.0064295484,6.258121e-05,0.00800252,6.459334e-05,0.0073342654,0.0045251995,0.008917109,0.009056351,0.0074343947,0.009046103,0.001323919,0.00716662,6.8465364e-05,0.0048817974,0.003753521,0.006638107,0.0044221696,0.00321754,0.008567135,0.007844207,6.5309236e-05,6.224125e-05,0.0017123874,0.008505949,0.008616668,0.0071038674,0.0024637443,0.000960396,0.000856401,0.008013663,0.00842536,0.00918922,0.005652237,0.0046592867,6.4374595e-05,0.0045979074,0.006505732,0.009137477,0.004514454,0.006058637,6.4537824e-05,0.008736249,0.0082703745,6.117617e-05,0.0070192977,6.1531784e-05,0.006294285,6.567549e-05,0.0016505562,0.0048670922,0.0052147782,0.0070217187,5.646751e-05,0.0007281252,6.316398e-05,0.00015292635,0.0070403926,0.003661084,6.591777e-05,0.0025323953,6.5140885e-05,0.01748833,6.441905e-05
0.0076145562,0.008345794,0.009454553,0.0067384164,0.009383101,0.0046397857,0.008991428,0.009802119,0.009507368,0.009034817,0.0096291825,0.0043976395,0.0,0.0077315075,0.01049039,0.009924333,0.010454155,0.010692699,0.00581251,0.0106034605,0.010109149,0.0016981256,0.006855929,0.0092154825,0.0059995768,5.4127213e-05,0.007912761,5.4319185e-05,0.009202999,5.747534e-05,0.010968434,5.6103545e-05,0.010775718,0.0105880555,0.0077633886,0.007855116,0.0060480814,0.010513659,0.009281668,0.003755252,0.006050879,5.8221623e-05,5.299183e-05,0.01049166,5.948362e-05,0.0072083813,0.010612192,0.008804477,5.340645e-05,0.010202689,0.000297744,0.009802294,0.008797509,0.010435415,0.0106002195,0.009961598,0.010470316,0.003970013,0.0102257,5.712586e-05,0.0077753947,0.008591832,0.009596229,0.007266013,0.0064453897,0.0102638705,0.010541469,0.0025098773,5.2481395e-05,0.005222845,0.010425253,0.010329951,0.0090478035,0.008404127,0.005279582,0.00361314,0.010218103,0.010050674,0.011243176,0.008263376,0.0074425763,0.0044966512,0.007089512,0.009757082,0.010674287,0.008130925,0.008444892,5.7268524e-05,0.010049565,0.010083855,5.603325e-05,0.009631452,5.7259072e-05,0.008902032,0.0029440708,0.004720237,0.0095147,0.0098657245,0.010143756,5.0804392e-05,0.004833883,0.0017872842,0.0031331778,0.009252718,0.0090592215,5.448382e-05,0.0048128376,5.6979752e-05,0.01971302,5.6949135e-05
0.007743148,0.008060635,0.009565027,0.004971111,0.009958553,0.005624084,0.00844463,0.010039707,0.009054801,0.008620863,0.009131939,0.0039749034,0.0056285723,0.0,0.010254586,0.009848871,0.009305846,0.00964336,0.00602565,0.010120056,0.010098145,0.0011293673,0.007445429,0.008708459,0.005012325,6.4084634e-05,0.007996949,0.0016225572,0.008621142,6.257556e-05,0.01046108,6.054638e-05,0.010328336,0.010416191,0.005408691,0.008998445,0.007014166,0.009484497,0.008957092,0.0040565976,0.00087360037,6.105166e-05,6.0983395e-05,0.010187896,0.001436372,0.005623844,0.010255206,0.009329279,6.12757e-05,0.009596061,0.00037604183,0.009687109,0.0072235693,0.010473128,0.0101160435,0.009608262,0.010106374,0.005254731,0.009522097,6.151002e-05,0.0078071672,0.0063956105,0.009066877,0.007668424,0.0065335645,0.009779895,0.0097431615,0.0044674478,6.0239046e-05,0.005362334,0.009274454,0.009790501,0.009841455,0.0053357184,0.0040832497,0.0051386473,0.010312607,0.009945377,0.009539715,0.008759452,0.008261513,0.0029251343,0.0082821,0.008891098,0.010130263,0.007672405,0.009163722,0.0003870288,0.009935453,0.010365366,6.056859e-05,0.0095400475,0.0031135068,0.008693137,0.0039559086,0.005836233,0.0073196804,0.0074125007,0.009057286,5.9797352e-05,0.00457406,0.0028917969,0.0041658725,0.009737747,0.005833181,6.057442e-05,0.006821596,0.0015049891,0.015677195,6.0819366e-05
0.01203343,0.012200284,0.014575997,0.009178886,0.014747001,0.009272153,0.012674815,0.015261742,0.013818414,0.013494737,0.014263075,0.008441422,0.010740363,0.012740937,0.0,0.014652644,0.014570149,0.0149822235,0.010197509,0.016776906,0.01638685,0.0059959046,0.0115260715,0.013012804,0.009755342,0.003977753,0.0126349665,0.0059114797,0.013019675,0.0005982696,0.015804753,0.0021870965,0.017014131,0.015713407,0.010131144,0.012927436,0.010828433,0.017296955,0.013911323,0.00835341,0.0064191106,0.0012691973,6.043477e-05,0.016216284,0.005599987,0.010210842,0.015917027,0.01344209,6.1128616e-05,0.015381407,0.0052927067,0.014521403,0.011347926,0.016447505,0.016499385,0.014735783,0.016901245,0.009180462,0.014324406,0.0045710797,0.011924517,0.010862728,0.013521756,0.011717559,0.010662095,0.016455688,0.014833355,0.008167222,0.0007753479,0.009626064,0.017359277,0.017012578,0.014315526,0.009678917,0.008812837,0.009001082,0.015185865,0.016481236,0.017988622,0.012607916,0.012174445,0.0075144675,0.011981086,0.013744189,0.016274592,0.012002289,0.013224207,0.0053470475,0.016862916,0.015576978,0.00074778474,0.0140684815,0.0069112433,0.013434612,0.0077606644,0.00975545,0.012348805,0.012262761,0.014002732,6.143883e-05,0.0089059,0.007254681,0.008084672,0.014227792,0.010770404,0.0003554668,0.010343029,0.005377648,0.021568285,5.9318387e-05
0.009958005,0.010300822,0.012025037,0.0074300626,0.012196008,0.0074621295,0.010749296,0.012416948,0.011526377,0.011173766,0.0116690155,0.0063021327,0.008725517,0.010740388,0.012860823,0.0,0.011969064,0.012281085,0.008310065,0.0128274085,0.01276076,0.0036342768,0.009681278,0.011177933,0.007739411,0.0006023975,0.01042416,0.003674301,0.010890704,6.360955e-05,0.012811941,6.253582e-05,0.012949452,0.012887053,0.007947995,0.010946954,0.009085982,0.012342794,0.011509837,0.006427044,0.0041849595,6.2102474e-05,6.209987e-05,0.012786766,0.0035566136,0.0081640035,0.012872545,0.011414439,6.0342958e-05,0.01226991,0.0027992337,0.01215233,0.009697905,0.012987059,0.012819192,0.012153135,0.01278058,0.007181217,0.011943384,0.002209632,0.009987596,0.009043431,0.011447455,0.009879482,0.008834084,0.012678869,0.01229278,0.0062534176,6.426488e-05,0.0076377485,0.012229108,0.012788065,0.012050425,0.0077403192,0.006732299,0.0070299595,0.012626417,0.012682497,0.012341271,0.010764594,0.010169157,0.0054848543,0.010194471,0.011404546,0.012774193,0.010045952,0.011197079,0.0028518848,0.012747425,0.012740559,6.143902e-05,0.011844269,0.004598675,0.011263787,0.005866997,0.007864749,0.010141485,0.010120581,0.011799696,6.176201e-05,0.006877373,0.0051427125,0.006193999,0.01202622,0.008590783,6.403652e-05,0.008546525,0.0031784985,0.017052377,6.429328e-05
0.010217987,0.0104131885,0.012035289,0.007684542,0.012314179,0.007500332,0.01093917,0.012601449,0.011750967,0.011547763,0.012293518,0.0064467983,0.009614494,0.010759482,0.013430262,0.012405026,0.0,0.012807532,0.008342679,0.013114844,0.012912388,0.003732027,0.009767265,0.011347079,0.008020663,0.00094232877,0.0106291585,0.0035480002,0.011188758,6.367956e-05,0.0128595615,6.133103e-05,0.013263033,0.013173811,0.008541727,0.01082241,0.008897135,0.013116615,0.011837543,0.006352776,0.00474005,6.333937e-05,6.406169e-05,0.013263189,0.0033179424,0.008535458,0.013169243,0.011566803,6.025757e-05,0.012728433,0.0029371625,0.012448417,0.009961951,0.013194679,0.013364175,0.012442232,0.0127408225,0.007088712,0.012335707,0.002213859,0.010168765,0.009399856,0.011734219,0.009935455,0.008889349,0.0132229505,0.012830171,0.0060591437,6.1078455e-05,0.007812753,0.013030681,0.013272597,0.011890844,0.008283376,0.0070681404,0.006812442,0.012705248,0.012758351,0.013382763,0.010793405,0.010186927,0.0057610064,0.009959204,0.011785135,0.013271959,0.010042506,0.011078361,0.002880913,0.012792982,0.012613186,6.514565e-05,0.012042001,0.0040985867,0.011464134,0.005837542,0.0076597887,0.010624811,0.010650281,0.012244611,6.214605e-05,0.0069892365,0.005058144,0.0060427315,0.011951152,0.00902708,6.0916456e-05,0.0084363315,0.0024275477,0.017133001,6.477983e-05
0.010712773,0.010978349,0.012639676,0.008280291,0.012902704,0.008079896,0.011582354,0.013168785,0.012441289,0.012143093,0.012869834,0.007008546,0.010285417,0.0112252515,0.014053273,0.013226333,0.013213711,0.0,0.009030966,0.01399808,0.013746137,0.0043351813,0.010277057,0.011947381,0.008775836,0.0019775017,0.011264437,0.0042866156,0.01190667,6.357268e-05,0.0135058565,0.00026246055,0.014103008,0.013749911,0.009163409,0.011248371,0.009514118,0.0136224115,0.012480643,0.0070678233,0.0055983826,6.405211e-05,6.4442225e-05,0.013918082,0.0040468103,0.009309197,0.013811363,0.012119023,6.5692875e-05,0.0134074865,0.0035790373,0.012997657,0.010469487,0.013929146,0.014174637,0.013036276,0.013391287,0.007708132,0.012970956,0.0029963474,0.010862625,0.010074765,0.012338338,0.010633913,0.009529082,0.013856412,0.013416189,0.0066027893,6.230224e-05,0.008523261,0.013449343,0.013957563,0.012324634,0.008908432,0.00769564,0.0075311833,0.013328643,0.013370041,0.013568528,0.011481984,0.01088037,0.0063447007,0.010564831,0.012352334,0.014073378,0.0106838355,0.011716077,0.0038274648,0.013498406,0.01315023,6.398272e-05,0.012622207,0.0046055126,0.012097036,0.0065303477,0.008412269,0.011445819,0.011425186,0.012839905,6.112395e-05,0.0077717397,0.005911394,0.006802293,0.012569246,0.009959941,6.4818516e-05,0.008980122,0.00302273,0.017714614,6.443532e-05
0.006115926,0.00632596,0.008314812,0.0031137667,0.008480728,0.0034523937,0.0071274526,0.008745114,0.007930594,0.007467795,0.008055631,0.0020858557,0.005070816,0.0068536606,0.009425244,0.00853589,0.008453794,0.008826903,0.0,0.009358992,0.008976726,6.6463595e-05,0.0057941405,0.007460912,0.0039517516,6.88256e-05,0.006826118,6.783897e-05,0.007314124,6.6924644e-05,0.0092859045,6.528947e-05,0.009478726,0.009456606,0.0040882053,0.007021641,0.005142933,0.008433533,0.007834939,0.0023693377,6.727297e-05,6.4885e-05,6.37035e-05,0.009146919,6.84639e-05,0.0044451556,0.009314932,0.007853897,6.4171196e-05,0.008604524,6.772642e-05,0.008518755,0.006123384,0.00943261,0.009424768,0.008393608,0.009157238,0.0032833712,0.0083316425,6.6711385e-05,0.0065388377,0.005198453,0.007962751,0.0059500053,0.004987408,0.009061228,0.008814789,0.0020295281,6.7511915e-05,0.0035789057,0.008255297,0.009192133,0.008177914,0.0037801745,0.002894347,0.0028251898,0.008970829,0.008794882,0.008782742,0.007177933,0.0061900346,0.0015242791,0.0062653464,0.007681675,0.009464469,0.005986154,0.0074813114,6.7566354e-05,0.008942463,0.008994494,6.31901e-05,0.008127667,0.00021574312,0.007590206,0.0017828433,0.0035829786,0.006145306,0.0065353806,0.008095876,6.622946e-05,0.0027674364,0.0009435725,0.0021864844,0.008283244,0.005114319,6.721258e-05,0.0046546254,6.429569e-05,0.015672466,6.703127e-05
0.013347612,0.013222974,0.015835123,0.0102036055,0.016035957,0.01044537,0.013639843,0.016464233,0.015110295,0.0146781495,0.015939454,0.009882562,0.011994792,0.014119378,0.017757352,0.01594327,0.015881065,0.016246961,0.011549092,0.0,0.018425934,0.0074270964,0.012884107,0.014294996,0.011267094,0.0059106657,0.014246447,0.0075091682,0.013988554,0.0023487145,0.018253159,0.003979459,0.019595692,0.017620847,0.011259992,0.014183049,0.012116124,0.019575506,0.015247859,0.009771158,0.007828935,0.0034106744,6.5423614e-05,0.017607683,0.0073154625,0.011354509,0.018069968,0.014701449,6.476918e-05,0.01655705,0.0066916356,0.015888797,0.012414811,0.017636485,0.018254686,0.016094202,0.019116005,0.010345375,0.015636967,0.0060831164,0.01320053,0.011870515,0.014581126,0.013062,0.011811373,0.018105168,0.016215326,0.00969019,0.0024758826,0.0110037215,0.019578828,0.018951517,0.015636275,0.010760066,0.010220925,0.010328486,0.01631043,0.017674271,0.02112633,0.013559336,0.0130828535,0.008973995,0.013158601,0.014659828,0.017672677,0.012738004,0.014201655,0.007027984,0.018162685,0.01690771,0.0025618337,0.015222918,0.00887545,0.01503708,0.009169843,0.010935052,0.0135703385,0.013475073,0.015511315,6.71175e-05,0.010055337,0.008702791,0.009448398,0.015687536,0.011961574,0.002207649,0.011748164,0.0071211243,0.026638832,0.0013390406
0.012027113,0.012067899,0.014527722,0.00906575,0.014961935,0.009296288,0.012440875,0.015388672,0.013797367,0.01345711,0.014339533,0.008448857,0.010510517,0.012977694,0.0162012,0.014705354,0.014222921,0.014822098,0.010134277,0.017462358,0.0,0.00609078,0.011583652,0.013010792,0.009732528,0.004258299,0.012829939,0.0061286115,0.012833004,0.00071601913,0.016539423,0.0023156966,0.017903788,0.016118344,0.009924649,0.013166581,0.010831299,0.017223809,0.013725759,0.008356963,0.0064236433,0.0017570393,6.7153866e-05,0.016080625,0.005853431,0.010078876,0.016305156,0.013612984,6.596938e-05,0.015039282,0.0053249635,0.014585791,0.011306611,0.016285568,0.016311638,0.014682942,0.017886939,0.009116711,0.01419919,0.004659182,0.012076686,0.010589347,0.013281832,0.011901707,0.010594909,0.016411977,0.014607247,0.008338193,0.00085019105,0.009602918,0.017205933,0.016954657,0.0145921195,0.009538541,0.008868935,0.008984605,0.015228594,0.01643218,0.01834289,0.012599831,0.012013238,0.007538325,0.012130622,0.013358033,0.015974162,0.011782301,0.013247389,0.0056425408,0.01682327,0.015741466,0.00086474395,0.014114405,0.007576991,0.01360932,0.0077721025,0.009625861,0.012112832,0.012083514,0.014126225,6.6084714e-05,0.008822987,0.007365755,0.008108926,0.014509918,0.010616469,0.0005965869,0.0104538575,0.005811133,0.024155607,6.8276444e-05
0.0024507316,0.0026691952,0.005994777,7.391553e-05,0.00602163,7.331946e-05,0.0038785394,0.0066976463,0.0052989516,0.0044916254,0.006085017,6.8937596e-05,0.0022648885,0.0033430592,0.00861173,0.0063256253,0.0063660676,0.0068980353,0.00014412864,0.009485632,0.00857018,0.0,0.0018956115,0.004583483,7.4553995e-05,7.0820155e-05,0.0031134004,7.235599e-05,0.0041443408,6.7569905e-05,0.008458565,6.7375564e-05,0.009762635,0.008103625,0.00020785414,0.0033738466,0.00080739154,0.010368054,0.005320014,6.910131e-05,7.6493554e-05,7.3060255e-05,7.158087e-05,0.0082691,7.414221e-05,0.00026420478,0.008362742,0.0047775535,7.046736e-05,0.0072549763,7.0866736e-05,0.006297878,0.002606393,0.008648426,0.009099469,0.006289917,0.009682506,7.643889e-05,0.0060118786,7.2672214e-05,0.0028343473,0.0015154373,0.0052505713,0.0020244424,0.0005660133,0.008731293,0.006992496,6.8473375e-05,7.397129e-05,7.285706e-05,0.010321976,0.009377342,0.005647211,9.362718e-05,7.263865e-05,7.7025274e-05,0.00707229,0.008698922,0.012137484,0.0036058628,0.0021832471,7.458852e-05,0.0022566323,0.005008829,0.008968357,0.00240329,0.004146289,6.813869e-05,0.009176585,0.0076245875,7.144334e-05,0.0056590918,6.936239e-05,0.0047067576,7.303546e-05,7.128537e-05,0.002929383,0.0033407665,0.005961198,6.886862e-05,7.4614836e-05,7.626117e-05,7.624191e-05,0.00556752,0.0014932179,6.3764695e-05,7.6644035e-05,7.1130344e-05,0.021639556,6.637517e-05
0.006977572,0.007228907,0.0088484995,0.0041682273,0.009363641,0.0044857273,0.007853689,0.009354385,0.008559433,0.008149454,0.00863797,0.0032572828,0.005351438,0.0078073023,0.009756398,0.009119935,0.008931131,0.009123832,0.0054224627,0.0096058175,0.009491175,0.00045218295,0.0,0.008231782,0.0046031703,7.0026355e-05,0.0076219263,0.00058027514,0.008039017,6.498014e-05,0.009916773,7.098249e-05,0.009853811,0.010025118,0.0049097026,0.008150379,0.0063576545,0.008413139,0.008504812,0.003415149,0.00055280834,6.705193e-05,6.528457e-05,0.009591573,0.0003542458,0.005152736,0.009898155,0.008619707,6.7155524e-05,0.009042933,7.118867e-05,0.009028845,0.006827589,0.009708146,0.009594216,0.009136761,0.0093065975,0.0045023505,0.008937852,7.006994e-05,0.0073897084,0.005905714,0.008600626,0.006965627,0.005960892,0.009330857,0.009247896,0.0035503998,6.4562584e-05,0.0047181975,0.008259017,0.009328566,0.008947408,0.0045974697,0.0035539076,0.0040428005,0.009683832,0.0091396505,0.008829267,0.008065598,0.007333582,0.0024536953,0.007395405,0.008315814,0.009740467,0.0068652714,0.008422099,6.796029e-05,0.00916513,0.009617715,7.0149705e-05,0.0088252565,0.0020513341,0.008373794,0.003181363,0.0048593357,0.0069350894,0.007049827,0.008709963,6.944109e-05,0.0038224845,0.0020873162,0.0033676855,0.009100818,0.005648638,7.0507325e-05,0.005967312,0.00033088037,0.0153006585,6.787915e-05
0.008633064,0.0089080585,0.01039426,0.0060789073,0.010782378,0.0062190345,0.009408942,0.010922606,0.010117377,0.009826344,0.0102579165,0.0050223754,0.007635313,0.009371767,0.011052075,0.010778629,0.010510599,0.01090639,0.0071133906,0.010873997,0.010974911,0.0025568753,0.008418653,0.0,0.006308859,6.0341816e-05,0.009122944,0.0022137156,0.009632359,6.1145205e-05,0.011241501,6.335619e-05,0.011153361,0.011450133,0.0068177013,0.009633963,0.007869873,0.009762554,0.0100497315,0.0050403047,0.0029493123,6.357567e-05,6.2402294e-05,0.01105397,0.0021440592,0.0070429356,0.011188619,0.010135086,6.0947325e-05,0.010597268,0.0014610352,0.0105962735,0.008378225,0.011128449,0.011020988,0.0105959065,0.010563948,0.006107802,0.010520826,0.00090474304,0.008955831,0.0077060848,0.010243591,0.008500049,0.0075165597,0.01072928,0.010798204,0.005000799,6.098458e-05,0.0064423005,0.00954342,0.010585121,0.010417806,0.0066845985,0.0053764535,0.0057511018,0.011043159,0.0105922315,0.010226516,0.009617565,0.008884818,0.0044269026,0.008889206,0.009936719,0.011163619,0.008683621,0.009837202,0.0010517157,0.010458711,0.010944088,6.281008e-05,0.010503556,0.0033308424,0.009929345,0.004626039,0.006467692,0.008655061,0.008907847,0.010399884,6.0302198e-05,0.005570222,0.003724643,0.005058049,0.010521983,0.0074907304,6.013678e-05,0.007294258,0.0016547723,0.015894976,5.8835096e-05
0.006050004,0.00627388,0.008282289,0.0031868084,0.008415777,0.0030229953,0.0070704017,0.0086970385,0.00791401,0.0074026277,0.008227472,0.0022183883,0.005615397,0.006601025,0.009472815,0.008565222,0.00859843,0.008971586,0.004498919,0.009040893,0.009278886,6.604878e-05,0.0056268116,0.0074062957,0.0,6.313344e-05,0.0067794495,6.3792526e-05,0.007332976,6.395181e-05,0.0094565,6.04244e-05,0.009872902,0.0096014235,0.004383006,0.006632265,0.004863294,0.008980961,0.007860687,0.0021581734,0.0005581762,6.0702827e-05,5.8032198e-05,0.009326089,6.297013e-05,0.00454381,0.009555514,0.0076128314,5.9534643e-05,0.008849945,6.637159e-05,0.00848877,0.006049805,0.009640397,0.009577067,0.008558211,0.009113959,0.0029750988,0.008485537,6.5954795e-05,0.0066281995,0.005377103,0.00805783,0.0058529116,0.0048585064,0.009260422,0.008857897,0.001440708,5.915172e-05,0.0035702835,0.008852408,0.009093773,0.008176189,0.0039966614,0.003256348,0.0023769073,0.008906121,0.009188949,0.009483487,0.006986677,0.0059135463,0.0017129619,0.005944155,0.007796462,0.009784663,0.005947055,0.0072006257,6.234232e-05,0.009429116,0.009290728,6.132793e-05,0.008249734,6.012465e-05,0.007736572,0.0013838699,0.0032616416,0.0063925325,0.006827182,0.00822954,6.3372645e-05,0.0025435984,0.0006511433,0.001830316,0.008242028,0.005477109,6.461333e-05,0.0039805193,5.904195e-05,0.01729931,6.428179e-05
3.6729827e-05,3.3109285e-05,0.004498202,3.651431e-05,0.0044780257,2.9270464e-05,0.0012473575,0.0054309024,0.0034455277,0.0024732067,0.00453154,3.5596822e-05,3.402597e-05,0.00063033734,0.007972843,0.0047043385,0.004862448,0.0057274634,3.4717683e-05,0.009312057,0.008075079,2.6939735e-05,3.0109424e-05,0.0020841816,3.4294444e-05,0.0,0.0012550768,2.918838e-05,0.0016066873,2.4845898e-05,0.0073722918,2.2468375e-05,0.0094982255,0.0071648117,2.8507182e-05,0.00082118006,2.814716e-05,0.010943858,0.0034863255,2.9586801e-05,2.8028386e-05,3.225311e-05,2.2031107e-05,0.007620126,3.417654e-05,3.2415093e-05,0.0077326437,0.0026485126,2.0126929e-05,0.00621894,2.2395438e-05,0.004664439,3.2860084e-05,0.008108122,0.00893327,0.0047956686,0.009676433,2.3729646e-05,0.004287525,3.1178202e-05,0.00024545568,2.776404e-05,0.0029743803,2.7468222e-05,3.6157668e-05,0.008487153,0.005459597,3.4005323e-05,3.0713476e-05,2.8471153e-05,0.010865744,0.009646495,0.003967572,3.101932e-05,2.9870793e-05,3.072509e-05,0.0057306583,0.008582709,0.013225526,0.0008490475,2.8710072e-05,3.5556965e-05,3.677087e-05,0.0031453457,0.008580198,2.9378192e-05,0.0016182611,2.0164398e-05,0.009395054,0.006716354,2.6409118e-05,0.00361877,2.0718353e-05,0.0028382463,2.2472137e-05,2.493494e-05,0.0005652856,0.0008202814,0.0042399955,2.5703346e-05,2.5287267e-05,2.8927498e-05,2.5603922e-05,0.0037830516,2.8235203e-05,3.2173695e-05,2.4887182e-05,2.523715e-05,0.023479166,2.2144362e-05
0.007785995,0.007947237,0.009618548,0.004619329,0.010040478,0.0050664996,0.00846114,0.010065115,0.00929261,0.008909181,0.009478847,0.0040582037,0.0062872292,0.008377973,0.010500718,0.009964083,0.009748089,0.01009746,0.0063339756,0.010444049,0.010410311,0.0016366277,0.0076284274,0.009055717,0.0058494657,7.19808e-05,0.0,0.0014145091,0.008626012,7.061154e-05,0.010787036,7.030987e-05,0.010649665,0.010984078,0.0057987478,0.008613639,0.00699637,0.009741282,0.009169718,0.0042244787,0.001425892,6.920922e-05,7.2363706e-05,0.010419306,0.000888877,0.0061092726,0.010842078,0.0093281185,7.26193e-05,0.009907321,0.0006147326,0.00980284,0.007347594,0.010625468,0.010361112,0.009914386,0.010201566,0.0052566715,0.009693238,7.354235e-05,0.008415657,0.006701837,0.0093327705,0.007719463,0.00672459,0.01015615,0.010122578,0.004035593,6.911049e-05,0.005621142,0.009528373,0.010136151,0.0095350705,0.0049672876,0.0049467245,0.004697567,0.010182955,0.009919424,0.0096728,0.008523836,0.00794314,0.003392688,0.007989374,0.009025099,0.010536206,0.007292833,0.008844799,0.00065812125,0.009955815,0.010427248,6.938592e-05,0.009637428,0.002912745,0.009213858,0.0036249894,0.005488621,0.007847111,0.007859095,0.009756735,7.0080045e-05,0.004458996,0.003023919,0.004223009,0.009840142,0.006309708,7.20927e-05,0.0064068427,0.0009763871,0.01563115,7.0845665e-05
0.0016140788,0.0017866228,0.0052149175,8.1712504e-05,0.0051769763,8.128605e-05,0.0029134378,0.00600685,0.004484108,0.0036853612,0.005605807,7.43175e-05,0.00015891693,0.0026594189,0.008518764,0.005869995,0.006036313,0.0066953604,8.238187e-05,0.009557578,0.008349518,7.8828125e-05,0.0010126822,0.0034800095,7.974528e-05,7.5716336e-05,0.0022018445,0.0,0.0029940198,7.733312e-05,0.007540851,7.661675e-05,0.009825035,0.007981252,8.0312435e-05,0.002811498,8.188673e-05,0.011017396,0.004546702,7.813095e-05,8.108837e-05,7.526369e-05,7.6027834e-05,0.00813815,7.953347e-05,8.265684e-05,0.008256971,0.0040856544,7.296492e-05,0.0068812133,7.605718e-05,0.006003781,0.001393817,0.008407193,0.009071017,0.0059332135,0.009427785,8.0191305e-05,0.0054263864,7.8666555e-05,0.0017872861,0.00018020452,0.0041397,0.0014061081,8.276054e-05,0.0087892115,0.006565427,7.400529e-05,7.2391114e-05,7.984428e-05,0.01087124,0.009536243,0.004877604,7.798076e-05,8.2956714e-05,7.6554774e-05,0.0067011165,0.008379288,0.0124046495,0.0027549868,0.0016512987,7.958596e-05,0.0015520594,0.0041071754,0.009060545,0.0016221917,0.003373691,7.513774e-05,0.008739944,0.0073962547,7.145165e-05,0.0052411156,7.007922e-05,0.0037965989,7.382411e-05,8.033566e-05,0.0020353107,0.0019235043,0.0049269833,7.6370095e-05,7.908054e-05,7.3653246e-05,7.263022e-05,0.0051978026,0.0003358797,7.436129e-05,7.97304e-05,7.737731e-05,0.019398874,7.162265e-05
0.008390291,0.0087265875,0.01017017,0.005874342,0.010357372,0.005754002,0.009218921,0.010385457,0.009853588,0.009409255,0.009922053,0.004750445,0.007365131,0.0089981,0.010861272,0.010382951,0.010275511,0.010474464,0.0067765573,0.0102765,0.010506019,0.0021375674,0.008104628,0.009456079,0.0061209593,6.25866e-05,0.008783823,0.001797488,0.0,6.362061e-05,0.010654726,6.50806e-05,0.010520302,0.011041961,0.006701535,0.009103302,0.007338467,0.009407241,0.009816567,0.0049310443,0.0027081915,6.5751796e-05,6.553497e-05,0.010736516,0.0017987196,0.006689994,0.010884641,0.009781825,6.2665524e-05,0.0103310095,0.0010079528,0.010309906,0.008104519,0.010773046,0.010603948,0.010292304,0.010151552,0.0056674955,0.010203301,0.00039566794,0.008541947,0.007537176,0.009828474,0.008264134,0.007336222,0.0102786105,0.010539418,0.0046166996,6.386986e-05,0.0060409894,0.009240668,0.01029944,0.010111165,0.006428312,0.0051251347,0.0054044034,0.010704471,0.01016841,0.009795929,0.009181665,0.008500265,0.0040198057,0.008476882,0.009851263,0.01069555,0.008346016,0.0095392475,0.0010105567,0.010033086,0.010633142,6.507192e-05,0.010020008,0.0025401446,0.009433407,0.004417122,0.006199354,0.008606087,0.008763834,0.010095352,6.117746e-05,0.0053693,0.0034153145,0.0046236767,0.010127385,0.007320479,6.69535e-05,0.0069702477,0.001095711,0.015619767,6.507215e-05
3.39402e-05,4.3832737e-05,0.002784055,3.2696626e-05,0.0025336742,3.660937e-05,4.821599e-05,0.003984817,0.0008965554,4.0612e-05,0.0025439563,3.2531938e-05,3.6264162e-05,3.988331e-05,0.007874695,0.00287144,0.0030517192,0.0041400343,3.7492784e-05,0.010365964,0.008254316,3.4576886e-05,4.1430016e-05,4.5048702e-05,4.1014537e-05,2.9159059e-05,4.3692107e-05,3.564349e-05,4.436372e-05,0.0,0.0067637544,3.52737e-05,0.010586051,0.006295598,3.562095e-05,4.389548e-05,3.5134595e-05,0.014010528,0.0011575862,3.9630522e-05,3.2639888e-05,2.8916214e-05,3.8855083e-05,0.007466541,3.2173208e-05,4.301977e-05,0.007267268,4.632573e-05,4.0452833e-05,0.00537055,3.4305536e-05,0.002877985,4.188181e-05,0.008037291,0.009338788,0.0029876023,0.010377643,3.3707125e-05,0.0019970683,2.9003497e-05,4.1411444e-05,3.300667e-05,4.3497643e-05,4.429628e-05,3.56626e-05,0.009009686,0.0040460415,3.925934e-05,3.7728514e-05,3.0886207e-05,0.013752771,0.010670515,0.0016583303,3.364027e-05,3.0866177e-05,4.3262848e-05,0.004158844,0.008519509,0.018347533,4.3426553e-05,4.1050007e-05,3.654176e-05,4.2342974e-05,3.7554542e-05,0.008811241,3.6747642e-05,4.4686607e-05,4.0774725e-05,0.009446077,0.0055925893,3.5347417e-05,0.0013446358,2.755395e-05,3.9994447e-05,3.7690654e-05,4.0441955e-05,4.1360337e-05,3.5924662e-05,0.0018999858,4.160422e-05,3.9394305e-05,4.1879608e-05,2.9411814e-05,0.0011112236,4.2573833e-05,3.624452e-05,4.1597435e-05,4.2102958e-05,0.027579544,2.555068e-05
0.011011415,0.010904565,0.012984946,0.008164856,0.01335234,0.008625012,0.011427555,0.0136872865,0.012378171,0.012173696,0.012723715,0.0077311755,0.009255936,0.011886101,0.014126612,0.013052802,0.0127072735,0.013153761,0.009411588,0.015364427,0.014878852,0.005471756,0.010913457,0.011854748,0.009157174,0.003522638,0.011999628,0.005655496,0.011750112,0.0001222743,0.0,0.0018288523,0.015504071,0.014385984,0.009121796,0.011852541,0.010232485,0.01442066,0.012328857,0.0078107733,0.005445358,0.0008509376,6.278258e-05,0.013936769,0.005412348,0.00917119,0.014580294,0.0124730775,6.3925974e-05,0.012996216,0.004794623,0.013020926,0.010162719,0.014125467,0.014190062,0.013011011,0.01513647,0.00858889,0.012709121,0.0041430118,0.011164595,0.009683512,0.012056252,0.011030333,0.009921604,0.013985088,0.0131112635,0.007788304,6.181469e-05,0.009001592,0.014529004,0.014572112,0.013176929,0.008445855,0.008236921,0.008353792,0.01374633,0.014143288,0.015536968,0.011495836,0.011066141,0.006934335,0.011290317,0.012000747,0.013977886,0.010493174,0.011938996,0.0051157014,0.014344261,0.014038994,0.0004206268,0.012789814,0.007262072,0.012273721,0.007310171,0.008977498,0.01108387,0.010871025,0.012698351,6.291663e-05,0.00809729,0.0069410447,0.0076278574,0.013306641,0.009661563,6.369803e-05,0.009917112,0.005500226,0.023229275,6.307396e-05
8.613257e-05,8.094283e-05,0.00395609,7.974646e-05,0.003865778,7.8568395e-05,8.391085e-05,0.0052490802,0.0028641396,0.0013066772,0.004191871,8.228736e-05,8.707535e-05,8.3172854e-05,0.008773939,0.0042778593,0.0046002856,0.0056705675,7.418704e-05,0.010634934,0.008997492,7.899752e-05,7.556317e-05,0.0010509383,7.675073e-05,6.956024e-05,8.283267e-05,6.726723e-05,0.0001287452,7.123486e-05,0.007800666,0.0,0.010957746,0.0076232757,7.789407e-05,8.1458056e-05,7.5710224e-05,0.013218858,0.0029657104,7.86089e-05,7.188241e-05,6.751024e-05,5.6508306e-05,0.008315631,7.2949464e-05,7.730132e-05,0.00828994,0.0013784654,6.421329e-05,0.0066867988,7.176377e-05,0.004340326,7.813247e-05,0.008745292,0.010038308,0.0046015517,0.010847423,7.650153e-05,0.0037139708,6.7095694e-05,8.390415e-05,8.272288e-05,0.0019428795,7.856616e-05,7.734371e-05,0.009599478,0.0054610395,7.707121e-05,6.1792394e-05,8.286752e-05,0.0130262235,0.010810643,0.0031671436,8.326384e-05,7.619107e-05,7.3775394e-05,0.005545239,0.009148063,0.016290257,8.188397e-05,8.239653e-05,8.356661e-05,7.5542586e-05,0.0019874903,0.009446665,8.241078e-05,8.5308675e-05,7.475e-05,0.00996117,0.0067627677,6.625403e-05,0.0029356864,6.609719e-05,0.0013617321,7.575398e-05,7.212375e-05,8.1519596e-05,8.1297316e-05,0.0037473207,7.0989e-05,7.841227e-05,8.037516e-05,8.020079e-05,0.002805269,8.4050705e-05,7.422528e-05,7.490959e-05,7.0823524e-05,0.026453016,5.8374295e-05
0.013249288,0.013159566,0.015827464,0.010445479,0.016107067,0.010466262,0.013726066,0.0164625,0.0150048,0.01472677,0.01581711,0.009776843,0.011988668,0.013996719,0.017657178,0.015731215,0.01580427,0.016127639,0.011634228,0.019401124,0.018472401,0.0075980504,0.012938989,0.014271129,0.011236375,0.0060935095,0.014119493,0.0076051853,0.014023615,0.0026250638,0.018168371,0.0041490216,0.0,0.0175596,0.011393948,0.01407589,0.0121490965,0.019384773,0.015097135,0.009737789,0.008042749,0.003635705,6.701603e-05,0.017669553,0.0073270663,0.011483534,0.017932933,0.0146067105,6.854705e-05,0.016448982,0.006832669,0.01595515,0.01247196,0.017453207,0.018212637,0.015955584,0.019049672,0.010500615,0.015648477,0.006356177,0.013291803,0.011890663,0.014477783,0.013096037,0.011884184,0.018189615,0.016081063,0.009763724,0.0027584918,0.011035694,0.019534705,0.01871303,0.015517084,0.010853716,0.010310212,0.010293089,0.016318658,0.017631287,0.021069372,0.013604327,0.013208737,0.008928626,0.013274666,0.014661177,0.017569542,0.012794701,0.014217976,0.0071610394,0.018089935,0.016855843,0.0027626522,0.015324641,0.0089624375,0.01497537,0.009123497,0.010907638,0.013464868,0.013361447,0.015324834,6.4185755e-05,0.010154715,0.008762329,0.009464535,0.015579607,0.01200826,0.0025068743,0.011646677,0.0072141397,0.02666411,0.0015330106
0.011070366,0.011071824,0.01328484,0.008292431,0.013768335,0.008453851,0.011645509,0.013870918,0.012756921,0.01238944,0.013037293,0.0075480123,0.009435073,0.011880407,0.014514378,0.013533077,0.013269332,0.013555361,0.009374715,0.0154969115,0.015011466,0.005180241,0.010909325,0.012076666,0.008897846,0.0029726261,0.012018692,0.005191525,0.012047875,6.633021e-05,0.015167384,0.0012360064,0.015716266,0.0,0.009175512,0.012028547,0.010099108,0.014962306,0.012641899,0.007515024,0.0051569417,7.072538e-05,6.66123e-05,0.014357426,0.004902668,0.009179789,0.014793733,0.012504992,6.780238e-05,0.013638076,0.004476777,0.013349646,0.010494873,0.0144539755,0.014740994,0.013387139,0.015173,0.008399175,0.013274622,0.0038430605,0.011370697,0.009744782,0.012436843,0.010905275,0.00992277,0.014498342,0.013621891,0.0076021203,6.492172e-05,0.008993406,0.014747091,0.014959165,0.01330308,0.008485433,0.007954474,0.008310257,0.013783769,0.01429301,0.01535256,0.011688356,0.011191866,0.0067057246,0.011268746,0.012375406,0.014351422,0.01066494,0.01213837,0.004694208,0.014445416,0.014126959,6.949645e-05,0.013042109,0.00676259,0.012698441,0.0071027684,0.0087741995,0.011194548,0.011147272,0.013131145,6.746064e-05,0.007961378,0.006510796,0.0073927203,0.013332951,0.009663483,6.839098e-05,0.009708708,0.005017312,0.019412825,6.636785e-05
0.0064717047,0.0068896096,0.008482499,0.004080684,0.008668588,0.003538973,0.0076102586,0.008858072,0.008224079,0.007819559,0.0084536,0.0025790283,0.0070258956,0.006795826,0.009521602,0.0089217005,0.008954327,0.009375398,0.004735824,0.009206788,0.009330134,6.41333e-05,0.0059330403,0.007874941,0.004405919,6.011369e-05,0.0068449844,6.1022172e-05,0.0078025805,6.165466e-05,0.009705768,6.154836e-05,0.009853182,0.009585689,0.0,0.0070716846,0.0051194415,0.0089727845,0.008139772,0.0025269962,0.0018363969,6.101526e-05,6.071194e-05,0.00938275,6.0849707e-05,0.0051565096,0.009665168,0.008058767,6.181531e-05,0.008966541,5.9462265e-05,0.008858312,0.006641309,0.009574211,0.009308014,0.008886003,0.009002261,0.0031304418,0.008898852,6.2870386e-05,0.006807655,0.0061021782,0.008288376,0.0061601065,0.005251161,0.008873972,0.009247709,0.0018091878,5.7941554e-05,0.003806759,0.008657007,0.008959708,0.008315014,0.0053016013,0.0033489058,0.0026922212,0.009198913,0.0085943,0.009487586,0.0073035364,0.0063419472,0.0021481249,0.0061522047,0.008319026,0.009787672,0.0065726573,0.007642582,6.0325925e-05,0.009031063,0.009313508,5.789277e-05,0.008577166,6.092992e-05,0.007831536,0.0018936541,0.00364115,0.0072540864,0.007424441,0.008582116,5.51531e-05,0.0031313403,0.0007416577,0.0021144901,0.00835332,0.006281741,6.0946357e-05,0.0042750877,6.109347e-05,0.016829783,6.063115e-05
0.007624267,0.007838069,0.009625451,0.00486828,0.009974553,0.005529194,0.008237851,0.010053694,0.008978064,0.008544867,0.009095935,0.003974668,0.005427399,0.0087301,0.010233735,0.0097094895,0.009232144,0.009548977,0.0057943724,0.010223102,0.010166507,0.0013498057,0.0074709184,0.008722893,0.004887376,5.9831622e-05,0.007858653,0.0017587881,0.008536351,5.8154987e-05,0.0103799915,5.8400372e-05,0.010350724,0.010430069,0.005286057,0.0,0.007075651,0.009410972,0.008870617,0.0041317414,0.0009095484,6.0334267e-05,6.120441e-05,0.010022755,0.0016068679,0.005602031,0.010245644,0.009379656,5.7124922e-05,0.009451903,0.00044793964,0.009553128,0.007118729,0.010339068,0.010078786,0.009557451,0.010249941,0.0053907977,0.009334206,7.5479926e-05,0.00779865,0.006268571,0.008875091,0.007661011,0.006402942,0.00971102,0.009601584,0.004548156,5.8659178e-05,0.0054241824,0.009273364,0.00997832,0.009935464,0.0053222273,0.004031357,0.0050716256,0.010222037,0.009939732,0.009460099,0.008781585,0.008256004,0.002787339,0.008292124,0.008793057,0.010003431,0.007662028,0.009072072,0.00038882412,0.009985678,0.010336782,6.262675e-05,0.009381363,0.0033603671,0.008666321,0.003959781,0.00589609,0.00720888,0.007351347,0.009019256,6.002153e-05,0.004451565,0.0029276463,0.0042657815,0.009765923,0.0057650646,5.9225265e-05,0.0068022674,0.0017914425,0.01560162,6.1312385e-05
0.00620761,0.006439955,0.008323279,0.003188492,0.008546561,0.0037271003,0.0070767393,0.008693701,0.007841098,0.007329889,0.007967589,0.0023244948,0.00458575,0.0069992063,0.00920366,0.008584618,0.008258796,0.008453131,0.0044507375,0.009422693,0.0090608215,7.118045e-05,0.006070232,0.0075848685,0.0036901743,6.988074e-05,0.006696732,7.192884e-05,0.0071812877,6.916609e-05,0.009553002,7.1903676e-05,0.009617132,0.00949813,0.00391687,0.007306739,0.0,0.008276732,0.007665881,0.0025238302,7.142662e-05,6.874299e-05,6.87703e-05,0.009141882,6.925069e-05,0.004408156,0.009289305,0.007911132,7.311666e-05,0.008575908,7.113232e-05,0.008394988,0.0059793713,0.009352373,0.009232351,0.008371737,0.009178712,0.0037774579,0.008333258,7.1307906e-05,0.006611974,0.0051833764,0.007962081,0.006197587,0.005094627,0.008893178,0.008727812,0.002839442,7.3187955e-05,0.003888035,0.008146203,0.008992062,0.00831215,0.0037736313,0.0025597617,0.0032348202,0.008896515,0.008823225,0.008682191,0.0073860725,0.006479631,0.0015171398,0.0065837265,0.007679549,0.009248196,0.0060397475,0.007675558,6.894809e-05,0.008747558,0.009156574,7.1106384e-05,0.008216729,0.0014237375,0.007575211,0.0022216188,0.0041330718,0.0061213244,0.006207149,0.008073841,6.7614244e-05,0.00270044,0.0012834256,0.002495744,0.008407482,0.0049833497,7.4014744e-05,0.005119485,6.943996e-05,0.015174304,7.108713e-05
0.016068786,0.016042773,0.018709248,0.012998784,0.018523064,0.012927004,0.016418831,0.019362576,0.01802495,0.017608687,0.018924495,0.012500484,0.015024879,0.016699266,0.020708032,0.018786795,0.018831853,0.019241586,0.014018568,0.021833219,0.020850474,0.00997319,0.015470187,0.017031902,0.013789129,0.008719946,0.01662423,0.009967817,0.016751477,0.0049319807,0.02050623,0.006710425,0.021865122,0.02003874,0.014108567,0.016782591,0.014674373,0.0,0.01827307,0.012268696,0.010960779,0.0063309977,0.0007317866,0.020692136,0.009846875,0.014171396,0.02044943,0.017301999,0.0012403062,0.019662179,0.009341661,0.018713688,0.015237074,0.020450294,0.02123594,0.018886302,0.021853989,0.012811057,0.01841949,0.008711467,0.015740687,0.01486277,0.017201139,0.015696643,0.014395236,0.02137465,0.018949252,0.011963368,0.005251013,0.013513303,0.023733854,0.021989264,0.018392656,0.013883067,0.0128633715,0.012737295,0.0191219,0.020858238,0.027242316,0.016357692,0.015834618,0.011654994,0.015686752,0.01756435,0.020714372,0.015796203,0.01678825,0.009601915,0.021379547,0.019651925,0.005173071,0.017995477,0.010628087,0.017542401,0.011516066,0.013513004,0.01638955,0.016314171,0.018231794,6.248476e-05,0.01265145,0.011150717,0.011791973,0.018400595,0.014800628,0.0049300664,0.014144891,0.009124538,0.027860902,0.0040510036
0.009553773,0.009794124,0.011572767,0.0069219708,0.011831956,0.0068345345,0.010228512,0.011914623,0.011173437,0.010777386,0.011281436,0.005809829,0.008344425,0.010349814,0.012529202,0.01179846,0.011640507,0.012024195,0.0078685675,0.012192602,0.012204963,0.0029898018,0.009301462,0.010662002,0.007231035,6.623577e-05,0.010164022,0.0028044677,0.010508197,6.3292806e-05,0.012353589,6.596535e-05,0.012407414,0.01258755,0.0075259185,0.010453041,0.008629992,0.011700796,0.0,0.0059433365,0.0035347054,6.378729e-05,6.455114e-05,0.012467021,0.002740658,0.0078827,0.012326731,0.011098328,6.445382e-05,0.011782053,0.002157762,0.0117844315,0.009149809,0.012503282,0.012335847,0.011672924,0.012002123,0.006580184,0.011635299,0.0013665056,0.009753426,0.008593229,0.0111417435,0.009539195,0.008392675,0.01220105,0.011999032,0.005683548,6.3338965e-05,0.007176569,0.011534101,0.01214429,0.011410592,0.0074039954,0.006133655,0.006346154,0.01227172,0.011952036,0.0117837535,0.01038656,0.009892439,0.0048899325,0.009641904,0.01102356,0.012360524,0.009470834,0.010699719,0.0020211104,0.012041601,0.01217144,6.4441505e-05,0.011545537,0.003937752,0.010915472,0.0054583293,0.0072325896,0.00969343,0.009784431,0.011377482,6.113267e-05,0.006340975,0.004432213,0.0055935853,0.01157279,0.008209912,6.166717e-05,0.00813314,0.00230499,0.016845377,6.565727e-05
0.0043839784,0.0047933203,0.007020569,0.0016961707,0.0071306326,0.0016076866,0.0055699046,0.007611751,0.006480495,0.00587281,0.006880379,0.00011045665,0.0036890046,0.0053162174,0.008733961,0.007268018,0.0074877497,0.0077865086,0.0027045654,0.009024619,0.008542777,6.919476e-05,0.0040219114,0.005999952,0.0019069931,6.859177e-05,0.0051018503,6.476466e-05,0.0056975977,6.606499e-05,0.008707518,7.066032e-05,0.00929441,0.008547467,0.0022941337,0.005443744,0.0032890819,0.009269473,0.006468869,0.0,6.814487e-05,6.8531925e-05,6.0794515e-05,0.008502603,6.709654e-05,0.0025908765,0.008677261,0.0063492777,6.725535e-05,0.0078079063,7.040297e-05,0.007264179,0.0045585944,0.008782585,0.0089738155,0.0072146296,0.008851753,0.0013963054,0.0071193525,7.1100796e-05,0.004778743,0.0035957943,0.006645764,0.0043644374,0.003279837,0.008512319,0.007838597,0.00022462607,6.39802e-05,0.0016209068,0.009230196,0.008929718,0.006844321,0.002235425,0.00078690966,0.0008987721,0.007875836,0.008417266,0.009496176,0.0056391484,0.004615966,6.891568e-05,0.0045129647,0.0064568394,0.00892204,0.0044810115,0.0060277884,6.593064e-05,0.008477709,0.008233416,6.911569e-05,0.006937653,6.817719e-05,0.006056225,6.892821e-05,0.0017813949,0.00458238,0.004961882,0.006970514,6.6137756e-05,0.0007716616,7.1154005e-05,0.0002706579,0.006882661,0.003580197,6.938605e-05,0.0026907006,6.4124695e-05,0.016498193,6.727662e-05
0.003995902,0.004507489,0.007170361,0.0016749135,0.00719315,5.1555042e-05,0.0056443084,0.0076715527,0.006790729,0.0059404364,0.00727868,5.0968905e-05,0.006975478,0.0043905186,0.009300469,0.0075589907,0.007921298,0.008570633,0.0014416052,0.009949808,0.009210358,5.65422e-05,0.0030961188,0.0059958994,0.001681005,4.868054e-05,0.0042987564,4.7562567e-05,0.005852281,5.129151e-05,0.009336161,4.64921e-05,0.010280946,0.009042052,0.0031077736,0.004534957,0.0017619903,0.010860208,0.006635721,4.9933453e-05,0.0,4.764818e-05,4.568517e-05,0.009026486,5.003239e-05,0.0026338075,0.009199784,0.005996929,4.9544735e-05,0.0085106855,4.7443493e-05,0.0075108176,0.0047258018,0.00928254,0.009881168,0.007617493,0.010025133,4.8607955e-05,0.007598845,5.2849828e-05,0.0041280086,0.004215945,0.0066139773,0.0034944674,0.0022135198,0.009322393,0.0084375795,5.0379793e-05,5.410872e-05,0.000491822,0.010643745,0.009971075,0.0067561455,0.0038509935,0.00014122715,5.526215e-05,0.008012317,0.00918273,0.011926503,0.005001265,0.003471638,5.5369565e-05,0.003238218,0.0068191774,0.009835096,0.004358358,0.0051845075,5.5980207e-05,0.009419722,0.008460475,5.3047086e-05,0.007013055,5.075608e-05,0.0059516327,5.0763e-05,5.4066924e-05,0.005741806,0.0059169102,0.00746591,4.1335246e-05,5.201604e-05,5.1463998e-05,5.1642834e-05,0.0066638724,0.004892146,5.148994e-05,0.0003278348,5.0297305e-05,0.022863561,5.5635268e-05
0.00011507215,0.000115543175,0.00469656,9.462793e-05,0.0046454784,8.867211e-05,0.0010084806,0.0056977416,0.0037059756,0.0024322802,0.0049230265,8.5815045e-05,0.00011855748,0.00013112043,0.008746969,0.0050268406,0.0052320026,0.00622364,0.00010032724,0.010506207,0.008933866,7.932515e-05,0.00011270385,0.0021699793,9.914933e-05,6.01977e-05,0.00028798232,7.2928146e-05,0.0012910076,5.2218016e-05,0.008002806,6.656514e-05,0.010774851,0.0079122055,0.00010536238,0.00015140654,9.8407494e-05,0.012588728,0.003752134,8.9401445e-05,9.824988e-05,0.0,4.669312e-05,0.008328058,7.618064e-05,0.00010465657,0.008384469,0.0025215482,5.2638246e-05,0.006840387,7.102084e-05,0.0050289063,0.00010893238,0.008726154,0.009856693,0.005152796,0.010558675,8.502618e-05,0.0046302695,7.300804e-05,0.00010645016,0.00010691096,0.0029447975,0.000109413835,0.00010719406,0.009301095,0.005870425,7.752093e-05,4.8290287e-05,0.00010013225,0.012535958,0.010612803,0.0039119907,0.00011051122,9.416082e-05,8.402995e-05,0.0060265604,0.009039468,0.015537509,0.00040211566,0.00010744896,9.341321e-05,0.00010423714,0.0030157652,0.009350884,0.00010749993,0.0012873658,6.349869e-05,0.009863075,0.0070179785,4.8888116e-05,0.0037975516,5.8382186e-05,0.0024028178,8.293789e-05,9.136502e-05,0.0001146995,0.0004830181,0.0044242865,4.0557632e-05,9.2747774e-05,7.407473e-05,8.5816704e-05,0.0037432709,0.000107727574,4.5482102e-05,9.699637e-05,4.838145e-05,0.026204672,5.6759807e-05
5.611928e-05,5.865174e-05,5.644153e-05,3.8400787e-05,5.0238745e-05,4.1867042e-05,5.57412e-05,5.330342e-05,7.0078255e-05,5.3895164e-05,6.5682936e-05,5.2194937e-05,4.4102122e-05,4.4783646e-05,0.005116588,4.875288e-05,7.1540664e-05,6.6476074e-05,3.3458404e-05,0.010459459,0.0060078218,5.364059e-05,4.1331386e-05,6.452188e-05,4.443184e-05,4.9429374e-05,4.631037e-05,3.423945e-05,4.8290123e-05,3.2018164e-05,0.0015653676,4.6292425e-05,0.010623797,0.0010638499,3.6407564e-05,5.6173925e-05,4.9427053e-05,0.017293528,5.1284343e-05,3.6289945e-05,5.7710382e-05,2.5542528e-05,0.0,0.004051539,2.5629566e-05,3.9579747e-05,0.003543649,4.112623e-05,4.1142615e-05,7.429008e-05,2.454387e-05,6.5671986e-05,4.522183e-05,0.0045483136,0.008357055,6.588218e-05,0.010019611,3.4568817e-05,5.836831e-05,2.4880752e-05,5.9611677e-05,5.254692e-05,5.7697252e-05,5.1958737e-05,4.7796246e-05,0.00820098,6.5859065e-05,3.8448256e-05,3.12771e-05,5.6847315e-05,0.016786916,0.0112325465,5.7365913e-05,3.849384e-05,3.100618e-05,3.920275e-05,6.872766e-05,0.005843012,0.025252692,5.1290484e-05,3.5975085e-05,4.3810753e-05,4.8703467e-05,4.9687686e-05,0.006753189,4.264678e-05,4.914772e-05,4.66395e-05,0.008089546,6.487296e-05,4.485852e-05,4.9019272e-05,3.1445958e-05,4.521768e-05,4.2526135e-05,3.606484e-05,5.7815592e-05,5.0409384e-05,5.3922944e-05,3.2584132e-05,3.2694606e-05,4.8249694e-05,3.4903864e-05,4.6491143e-05,4.134699e-05,2.5424348e-05,4.607572e-05,1.9690333e-05,0.036014087,3.082087e-05
0.011952529,0.012089775,0.014363677,0.009106097,0.014496468,0.00912146,0.012470154,0.015076018,0.013745855,0.013298581,0.014274541,0.008220154,0.010595466,0.012756523,0.016259193,0.014551734,0.014517599,0.014810237,0.010030361,0.016431266,0.016056946,0.0056794384,0.011487198,0.013102133,0.009744105,0.0036581012,0.01258651,0.0058086095,0.012910768,0.00023882468,0.015683435,0.001923845,0.016709043,0.015637383,0.009956559,0.012845963,0.010678702,0.016906593,0.013840933,0.008248342,0.006214178,0.0009554824,6.2397165e-05,0.0,0.0054562413,0.010011023,0.015638294,0.013371132,6.197519e-05,0.015264721,0.004978666,0.014500703,0.011247019,0.016213132,0.016341016,0.0146008115,0.01656369,0.009002875,0.014187683,0.004513714,0.011899886,0.010601591,0.013245608,0.011637813,0.01060488,0.016207254,0.0147747975,0.007987315,0.00049203425,0.009504075,0.016868962,0.016746249,0.0141734695,0.009577905,0.008604009,0.008822285,0.0149954865,0.016233303,0.017633103,0.012555402,0.011954659,0.007413172,0.011951965,0.013466268,0.016048305,0.011729929,0.013030158,0.0051747905,0.016573815,0.015456637,0.00036566376,0.014050927,0.006714062,0.0133023625,0.0076796734,0.009602454,0.012232335,0.012116063,0.0140142655,5.924545e-05,0.00875021,0.007075654,0.007996106,0.014051795,0.010482384,0.000129253,0.010229521,0.0052396525,0.020991536,5.967078e-05
0.0019198334,0.0023129776,0.0056640953,6.488737e-05,0.0056402157,7.1604234e-05,0.003263389,0.0062252395,0.0046887794,0.0040007774,0.005446029,6.540992e-05,0.00077135087,0.003038016,0.008622373,0.0058475803,0.005890745,0.0064520896,6.6972876e-05,0.009738325,0.008567916,6.882486e-05,0.0013672644,0.003930426,7.2861345e-05,7.0602066e-05,0.0022820157,6.265987e-05,0.0034598564,6.5683686e-05,0.00785485,6.242612e-05,0.009995577,0.007728418,6.8937115e-05,0.0031628588,0.00037334175,0.011089476,0.00479915,6.3391344e-05,6.808145e-05,6.3528074e-05,5.4411154e-05,0.007877973,0.0,6.6620974e-05,0.00799556,0.0044384208,6.676367e-05,0.0069037727,6.386956e-05,0.0057295775,0.001807859,0.00807615,0.009339096,0.005857208,0.009140763,7.196485e-05,0.005376711,6.103856e-05,0.0019624983,0.00070815114,0.0046285144,0.0017120652,7.6939854e-05,0.008878623,0.00639203,6.785041e-05,6.07648e-05,7.029223e-05,0.010870775,0.009254845,0.005191277,6.866768e-05,7.124403e-05,6.7795525e-05,0.006573424,0.00800496,0.012508763,0.0031212356,0.001903909,7.0157635e-05,0.0019156432,0.004511786,0.009025378,0.0020695634,0.0037850412,6.378365e-05,0.008292859,0.0070377104,6.232579e-05,0.004974189,6.227521e-05,0.004052886,7.271479e-05,6.7510206e-05,0.0021164166,0.0023813045,0.005270243,5.8149217e-05,7.00864e-05,6.527838e-05,6.299507e-05,0.005059898,0.000505879,6.143167e-05,7.248568e-05,6.996343e-05,0.019837312,6.910585e-05
0.006270587,0.006715566,0.008423357,0.0037689602,0.008545011,0.0033601145,0.007386282,0.008681997,0.00804234,0.007606522,0.008255302,0.0024676262,0.006266667,0.006950901,0.009393912,0.008793018,0.0087902285,0.009014665,0.004567608,0.009422848,0.009150647,6.260302e-05,0.0059490614,0.007672314,0.0041015223,6.0547496e-05,0.0068070735,6.318802e-05,0.0075453813,6.418857e-05,0.009478679,6.016232e-05,0.009635863,0.009580071,0.0048042717,0.006967562,0.005149449,0.008634414,0.008071924,0.002437662,0.0010627896,6.4871856e-05,6.0723636e-05,0.009357233,6.378515e-05,0.0,0.00946531,0.007888194,5.9942624e-05,0.008779403,6.466448e-05,0.008610312,0.006513924,0.009434184,0.0094853155,0.008678329,0.009139916,0.003299242,0.008607603,6.3122854e-05,0.006725698,0.0058171325,0.008294906,0.006211619,0.0051623443,0.009161351,0.008992885,0.0019157486,6.2977364e-05,0.0037878132,0.0085505685,0.009289097,0.008293021,0.004674775,0.0031473676,0.0027491923,0.008993395,0.00886167,0.009214708,0.007207924,0.006357164,0.0020321098,0.0061785523,0.008160467,0.009615103,0.0063933446,0.00754714,6.1326304e-05,0.008904608,0.009069611,6.2162704e-05,0.008462469,6.45763e-05,0.007654876,0.0018544351,0.0038084034,0.006782789,0.007010863,0.008377074,5.695062e-05,0.002921102,0.0009811114,0.0021270176,0.008415165,0.005674022,5.925968e-05,0.0043966817,6.364776e-05,0.015798226,5.878387e-05
0.011723549,0.011580393,0.013832923,0.008681448,0.014223147,0.008963675,0.01212123,0.014421409,0.013403494,0.012987193,0.0137249995,0.008052395,0.010180089,0.012376735,0.015290262,0.01402597,0.013875457,0.014283309,0.009954875,0.016592108,0.015996542,0.005585238,0.01130158,0.012704648,0.009571659,0.0036672365,0.012648531,0.00570893,0.012574499,6.823698e-05,0.015919402,0.001930775,0.016738093,0.015527321,0.0096118655,0.012535797,0.010687477,0.016176395,0.013290345,0.008160498,0.0058698,0.0006008848,6.949542e-05,0.015175103,0.0054570735,0.009802372,0.0,0.0131417345,6.683847e-05,0.014492743,0.004930195,0.013981526,0.010934586,0.015361702,0.015652522,0.014117032,0.01608117,0.008838625,0.013936781,0.0042174226,0.011873472,0.010239101,0.013090498,0.011473368,0.010438054,0.015405929,0.014173187,0.008052742,0.00012831652,0.009361373,0.01586521,0.015955217,0.01381061,0.008984315,0.008590125,0.0085884575,0.014435261,0.014968987,0.016678343,0.012102849,0.011741945,0.007220042,0.011706927,0.013043851,0.015307882,0.011291296,0.012613657,0.0050772973,0.015394105,0.014800641,0.0003317429,0.013537279,0.0072430177,0.013191824,0.007608275,0.009280267,0.0117424885,0.011813443,0.013817054,6.704138e-05,0.008429549,0.0071716267,0.007930934,0.013920297,0.010114115,6.8377274e-05,0.010206489,0.005457073,0.02097398,6.727176e-05
0.008644039,0.008849161,0.0105057005,0.00594041,0.010858766,0.0062478087,0.0092883725,0.010995553,0.009940343,0.009648659,0.009930731,0.0048670485,0.0066375807,0.009560924,0.011047291,0.010625106,0.010253726,0.010503263,0.0069352216,0.010896224,0.011032509,0.0024213356,0.008394879,0.009568324,0.0061028125,7.092757e-05,0.009022522,0.0026004065,0.009511266,7.424728e-05,0.011276804,7.175029e-05,0.011109145,0.011219697,0.006347388,0.009609033,0.007872562,0.0101354,0.009806218,0.005047812,0.0022067938,7.236595e-05,7.1567454e-05,0.010984968,0.0022694254,0.0065895477,0.011126623,0.0,7.1300514e-05,0.010533433,0.0014944298,0.010393615,0.008155699,0.011300098,0.01081324,0.010408344,0.0108657535,0.0060584885,0.010216147,0.0009974866,0.008619217,0.007366546,0.009831504,0.008668887,0.0075325617,0.010502564,0.01046286,0.005332504,7.0156944e-05,0.006441066,0.0100374,0.010745426,0.010652362,0.006297997,0.005156834,0.0058531845,0.011060996,0.0108768,0.010337557,0.009536081,0.009018358,0.0040595774,0.008967182,0.009798546,0.010879857,0.008555868,0.00992576,0.0014072219,0.010868982,0.01129739,7.555957e-05,0.010215708,0.0038408334,0.009583569,0.004704314,0.0065705315,0.00838575,0.008519657,0.009955462,7.4253774e-05,0.005372514,0.0038656725,0.0050107827,0.0106129,0.0069649867,7.4293304e-05,0.0076205707,0.0023604592,0.0159838,7.420716e-05
3.1827283e-05,3.1360905e-05,4.8521913e-05,2.5246934e-05,3.5894933e-05,3.8472903e-05,2.7551441e-05,3.8502807e-05,5.3319764e-05,3.1277013e-05,5.0089362e-05,3.9703056e-05,3.373304e-05,3.636593e-05,0.0066619334,4.515858e-05,3.2687753e-05,5.217268e-05,3.9610833e-05,0.010928901,0.0072000492,3.5471425e-05,4.9683444e-05,4.699349e-05,4.372048e-05,3.1221007e-05,3.975095e-05,3.4788452e-05,5.0469298e-05,3.124075e-05,0.003554445,2.5841795e-05,0.011169196,0.0032812734,4.1465297e-05,2.8602639e-05,2.568449e-05,0.016704464,4.412737e-05,2.4887266e-05,3.106797e-05,3.636574e-05,1.660044e-05,0.0056490237,3.4801073e-05,4.2190197e-05,0.0052711493,4.2983105e-05,0.0,0.0019056133,4.00904e-05,5.2569263e-05,3.406512e-05,0.0060464866,0.009262562,4.4316395e-05,0.01058889,3.9238388e-05,5.0545732e-05,3.8418526e-05,4.409238e-05,4.3005e-05,2.9600378e-05,3.3100347e-05,3.062732e-05,0.008973302,3.345535e-05,3.425995e-05,1.7337627e-05,4.769681e-05,0.016293101,0.011611069,3.215853e-05,3.21311e-05,4.7165846e-05,2.3787492e-05,3.669378e-05,0.0071015144,0.023218157,3.493516e-05,4.1982807e-05,2.9266179e-05,3.5984052e-05,4.496843e-05,0.007936846,3.4894783e-05,2.879384e-05,4.462541e-05,0.0089514805,0.0010912762,3.23292e-05,5.3537868e-05,3.0935153e-05,4.9762377e-05,2.5129535e-05,2.8826891e-05,4.0875424e-05,3.6065896e-05,3.191377e-05,1.8221952e-05,3.5862504e-05,4.0781786e-05,3.37953e-05,3.913669e-05,3.4316145e-05,2.9713125e-05,3.608315e-05,4.229495e-05,0.03429219,1.2670934e-05
0.010958772,0.011310888,0.01327321,0.008436101,0.013325063,0.00821737,0.011868918,0.01378472,0.012891156,0.012491824,0.0131271975,0.0072784787,0.010412527,0.011694816,0.014967542,0.013547923,0.013590335,0.013809435,0.009014326,0.014957406,0.014672199,0.004882441,0.010498683,0.012248579,0.00869833,0.0021360088,0.011568447,0.004218877,0.012099025,6.1605286e-05,0.013975926,0.00072482374,0.015141739,0.014410673,0.009203093,0.011694933,0.00960153,0.015341517,0.012863264,0.0072684716,0.005652712,5.9823076e-05,6.141736e-05,0.014701241,0.0044437754,0.009355667,0.014303754,0.012527092,6.203773e-05,0.0,0.004019135,0.013395395,0.0107938405,0.014809229,0.014917823,0.0134716965,0.0148502905,0.007995647,0.013375572,0.0034272007,0.010915116,0.0101093035,0.012528645,0.010745456,0.009705401,0.014720755,0.013806544,0.006948367,6.1463514e-05,0.00863155,0.015202122,0.015182083,0.013028064,0.008981718,0.007841961,0.007849275,0.013861828,0.014642912,0.01562888,0.0117490925,0.011122044,0.0066392785,0.010971292,0.012708008,0.014861914,0.010997781,0.012160434,0.003946812,0.014893524,0.014139294,5.841999e-05,0.013164392,0.0049318126,0.012321225,0.006792987,0.008625311,0.011342273,0.01136151,0.013039266,5.780365e-05,0.007847234,0.006043681,0.007113517,0.01298736,0.009568166,5.9656373e-05,0.009304871,0.0039375634,0.018721348,6.275134e-05
0.0014940437,0.0018506504,0.0054982393,7.607275e-05,0.0054781847,7.195503e-05,0.0031511092,0.006447828,0.004679597,0.0039002814,0.005528877,7.361953e-05,0.0011744511,0.0025456157,0.008437948,0.005873022,0.006095894,0.0065870034,7.408496e-05,0.009485063,0.008361416,6.6779205e-05,0.0009289995,0.0037749733,7.603421e-05,6.898248e-05,0.002484954,7.2727955e-05,0.0033639795,6.765636e-05,0.008038505,7.4231255e-05,0.009733365,0.007898308,7.170293e-05,0.002522306,7.892181e-05,0.010769835,0.0047033303,7.6809316e-05,6.9850335e-05,6.676268e-05,5.8653673e-05,0.008117882,6.567424e-05,8.0313315e-05,0.008158228,0.0041906624,6.696989e-05,0.0070222593,0.0,0.005823145,0.0016772256,0.008376629,0.009255967,0.005845607,0.009539526,7.9635545e-05,0.005476579,6.754306e-05,0.0019382796,0.00056354515,0.004560813,0.0012138452,7.46153e-05,0.008675513,0.0066086035,7.1620154e-05,6.548805e-05,7.529031e-05,0.011103992,0.009478116,0.0050701676,7.9958045e-05,7.778385e-05,7.275546e-05,0.0066812956,0.008367598,0.012814984,0.0026835618,0.0013173531,7.90333e-05,0.0012038565,0.004442201,0.008895555,0.0016184623,0.0033508777,6.8296045e-05,0.008910725,0.007388458,6.2180945e-05,0.005090373,7.395748e-05,0.0040026675,7.307508e-05,7.0947244e-05,0.00214509,0.0025268767,0.0053632874,6.454023e-05,7.5752796e-05,7.57142e-05,6.859575e-05,0.004873005,0.00078891806,6.5396125e-05,7.525694e-05,6.924622e-05,0.02201275,7.0396025e-05
0.010021162,0.010157189,0.012060309,0.007357829,0.012355954,0.007334339,0.010709546,0.012447174,0.01160525,0.011307722,0.011904262,0.0063268845,0.008655799,0.010725716,0.013012276,0.012314479,0.012108111,0.0124838725,0.0083587235,0.012971133,0.012889447,0.0037239275,0.009810982,0.011244292,0.0076237824,0.0007118478,0.0105659235,0.0035486822,0.011048986,6.2544095e-05,0.013031953,6.486699e-05,0.013233081,0.013009855,0.008136121,0.010954892,0.009044033,0.012421287,0.011614621,0.0063054594,0.0040779035,6.377994e-05,6.395611e-05,0.012896004,0.0033873029,0.008175588,0.012920523,0.011562809,6.531173e-05,0.012420553,0.0028325187,0.0,0.009547198,0.012914655,0.012974414,0.01222748,0.012726542,0.007253827,0.012037045,0.0021910432,0.010077355,0.009061516,0.011558224,0.009966394,0.008730255,0.012714633,0.012447676,0.00630734,6.1305094e-05,0.007649153,0.012405937,0.012786745,0.012005049,0.007641977,0.0066745216,0.0069272956,0.012668811,0.012631799,0.012469059,0.0108922245,0.010313442,0.0054612765,0.010199617,0.011485232,0.0130322995,0.009832227,0.011222391,0.0028565717,0.012648014,0.012769783,6.319399e-05,0.0119368285,0.0047727823,0.0112536345,0.0059471265,0.0077508953,0.010237485,0.010204347,0.011820735,6.3920415e-05,0.006829415,0.0051342063,0.006211131,0.01197651,0.008700533,6.288481e-05,0.008598911,0.0029659865,0.01717554,6.2593215e-05
0.007463489,0.007887509,0.009098508,0.0050125183,0.009357364,0.00478114,0.008385805,0.00960782,0.008925911,0.008536005,0.008996801,0.003759008,0.007006308,0.008011164,0.009982612,0.009470103,0.009505677,0.009808596,0.0056962674,0.009678336,0.009587258,0.00093234563,0.0070476513,0.008709511,0.0051208646,6.0665716e-05,0.007605734,0.00043118282,0.00850972,5.611174e-05,0.010024757,5.972497e-05,0.00986596,0.010074,0.005773857,0.008051331,0.0063171196,0.008888723,0.008850968,0.0037342517,0.002190199,6.0093742e-05,5.9645263e-05,0.009880089,0.0005763464,0.0058707776,0.009983055,0.008840877,6.014186e-05,0.009486655,6.1722436e-05,0.009468446,0.0,0.009943509,0.009954977,0.009321498,0.009524862,0.004522947,0.009383625,6.184056e-05,0.0076739164,0.006754072,0.009048444,0.0073035723,0.006331943,0.0095096165,0.009743639,0.0034770088,5.685389e-05,0.0050883973,0.008759055,0.009497276,0.009139057,0.005814368,0.004128499,0.0042058784,0.009901681,0.009336689,0.009417277,0.008224387,0.0074683786,0.0030704257,0.0073661115,0.009063221,0.009969335,0.007588314,0.008519331,5.8101512e-05,0.009285284,0.009819461,5.591836e-05,0.009185002,0.0009069444,0.0085490495,0.0032391618,0.005118343,0.007686908,0.007848353,0.009261082,5.6598314e-05,0.0042090467,0.0021567512,0.0035025084,0.009102399,0.0065796045,5.8483703e-05,0.005858192,6.0254944e-05,0.015405087,5.7286765e-05
0.011321055,0.011652215,0.014446799,0.008647437,0.014678266,0.008659589,0.012465629,0.015156181,0.013460096,0.01311872,0.013945529,0.0081434045,0.009928565,0.012668182,0.01595843,0.014281421,0.014088792,0.014385656,0.00985175,0.016250322,0.015974285,0.0059306314,0.010879015,0.012775431,0.009140075,0.003812564,0.01230834,0.0058275647,0.012684627,0.00029204309,0.015482443,0.0017248647,0.016476387,0.015429769,0.009333094,0.012773533,0.010111113,0.016418472,0.013412819,0.00783975,0.0056203976,0.0009905284,6.075291e-05,0.015851751,0.0051788394,0.0098655345,0.015430738,0.013315959,6.14505e-05,0.014813735,0.004722907,0.01418372,0.011115092,0.0,0.015995381,0.014325233,0.01688469,0.008923944,0.013870807,0.00413343,0.01154784,0.009962822,0.013086303,0.011106606,0.010051492,0.01599732,0.014293946,0.007803799,0.00069848215,0.009038362,0.016589636,0.016345724,0.014206103,0.009376981,0.0085085165,0.008466559,0.015041732,0.016667262,0.017348206,0.012447118,0.011547144,0.0068124346,0.011814665,0.01325918,0.01570344,0.011666235,0.013096218,0.0053570243,0.01718098,0.015587248,0.00068443746,0.013800483,0.006958343,0.012961837,0.0073049194,0.0091647245,0.011900518,0.011724972,0.013552276,6.203375e-05,0.008283211,0.0072582527,0.007487452,0.013992775,0.009901551,0.000541675,0.009941267,0.005513588,0.022587258,6.5198416e-05
0.012438636,0.01296291,0.015440896,0.009725276,0.015507091,0.009527772,0.0133169945,0.016214369,0.014769312,0.014278551,0.015510416,0.008774626,0.011220048,0.013640418,0.017583132,0.01557646,0.01568313,0.016122608,0.010824481,0.018297857,0.01761343,0.006360569,0.011917342,0.013877556,0.0102847,0.005174614,0.013553754,0.006762991,0.0138518,0.0011272238,0.017102387,0.002757132,0.018347902,0.016935756,0.010446275,0.013765514,0.011094677,0.01929379,0.014793705,0.00876749,0.007013969,0.0023503948,6.353091e-05,0.017485749,0.0060973307,0.011029585,0.017156672,0.013792114,6.176912e-05,0.016480515,0.006104777,0.015657216,0.012151529,0.017514296,0.0,0.015678875,0.018309148,0.0097615095,0.015430675,0.005097502,0.012751856,0.011174369,0.014304666,0.012169656,0.011074074,0.017910497,0.015933778,0.009008832,0.0018537536,0.010108062,0.019200563,0.018426586,0.015204764,0.010414566,0.009729565,0.009683716,0.016077487,0.01759702,0.020422477,0.013302328,0.012437971,0.007861692,0.0126931,0.014400183,0.017594414,0.012560702,0.013907905,0.006380644,0.018165868,0.01663678,0.0017109066,0.01503463,0.007886719,0.014410794,0.0082019605,0.010073772,0.013155932,0.013118089,0.015018528,6.0483344e-05,0.009291106,0.008113491,0.008348925,0.01513688,0.011206436,0.0014231509,0.011192915,0.0063015344,0.02317905,0.00059608865
0.01002424,0.010225317,0.01203703,0.0073785605,0.012330565,0.0073439893,0.010750827,0.012535676,0.011576758,0.01124895,0.0118583655,0.0064009954,0.008750292,0.010754201,0.01319101,0.012321927,0.012215505,0.012466969,0.008293923,0.013185199,0.013014315,0.0037777843,0.0097832065,0.011132468,0.0077095325,0.00080365397,0.010597804,0.003676101,0.011007325,6.444247e-05,0.012907944,6.1687984e-05,0.0133114895,0.013207944,0.008033125,0.0109944735,0.009085736,0.01275239,0.011655282,0.0063940724,0.0040702205,6.3354215e-05,6.0361715e-05,0.012986889,0.003422828,0.008366002,0.012964127,0.011574254,6.405976e-05,0.012510851,0.0027998264,0.01222229,0.009592263,0.013061857,0.013091481,0.0,0.012889439,0.0072084405,0.012244935,0.002190775,0.010204577,0.009035695,0.011508533,0.009981138,0.008904013,0.012807054,0.012528878,0.0062687024,6.429245e-05,0.0078101167,0.012422883,0.013069398,0.011932487,0.0077595534,0.006916477,0.0069301594,0.012711958,0.012570082,0.0126309525,0.010883531,0.010274128,0.0055778795,0.0101140095,0.011414754,0.0129703125,0.010022297,0.011205773,0.0030464705,0.0127986325,0.012640542,6.125058e-05,0.011972757,0.0048142066,0.011444823,0.005914297,0.007747215,0.010284653,0.010247322,0.011838935,6.409855e-05,0.0069006975,0.0051650973,0.00614374,0.012043529,0.008804475,6.41765e-05,0.008514713,0.003154918,0.017052222,6.400331e-05
0.013059341,0.012985772,0.015460333,0.010063284,0.015633294,0.010269855,0.013194134,0.016226023,0.014555885,0.014367457,0.0153504,0.009558205,0.011564631,0.013803147,0.017180957,0.015396516,0.015092161,0.015469531,0.011114669,0.018114928,0.017705666,0.007218961,0.012530842,0.013882246,0.010765968,0.005730219,0.01355652,0.0072158366,0.013560178,0.0022424501,0.017359756,0.003928297,0.01826882,0.01677417,0.010887839,0.014018246,0.011832855,0.018511346,0.014777087,0.009402789,0.007719933,0.0032843933,6.684609e-05,0.017027358,0.007087667,0.010965685,0.016954217,0.01445605,6.589749e-05,0.015960358,0.0065345177,0.015378206,0.012115071,0.017348781,0.017549334,0.015408161,0.0,0.010172138,0.015004554,0.0059398375,0.0125848185,0.011587745,0.013998514,0.012716959,0.011418727,0.017541664,0.015527097,0.009279562,0.0024370437,0.010618662,0.018806266,0.018079197,0.015538838,0.010683319,0.0097550405,0.009959604,0.016195014,0.017655887,0.020329101,0.013398617,0.012934845,0.008553592,0.012866377,0.014229099,0.017055828,0.012614607,0.014000076,0.006728964,0.018326888,0.016878644,0.0024238653,0.0149343535,0.008453519,0.014265069,0.008817874,0.010746049,0.012889967,0.012881453,0.014629614,6.899813e-05,0.00979541,0.0083653405,0.009200014,0.015197136,0.011577234,0.0021348747,0.011466846,0.0068729627,0.027356094,0.0011960053
0.0045722174,0.004830698,0.006999788,0.0016333844,0.0072072917,0.002222832,0.00561123,0.007569635,0.0065163905,0.0058959215,0.006936624,0.000567838,0.003105283,0.00538413,0.0086168945,0.007303936,0.007354719,0.0075138947,0.0027118204,0.009127367,0.008410192,6.966037e-05,0.004365484,0.0060917274,0.0018997606,7.114164e-05,0.0051204828,7.1045964e-05,0.005803645,7.2226525e-05,0.0085324915,7.384649e-05,0.009242448,0.008629159,0.0023221602,0.005600222,0.003823877,0.009254149,0.0064424397,0.0007210464,7.59031e-05,6.8158355e-05,6.738431e-05,0.008275554,7.1863346e-05,0.0026376487,0.008632676,0.0064485865,7.1948e-05,0.0077047944,6.9089096e-05,0.007327826,0.004385368,0.008703026,0.008998701,0.0071424292,0.008857172,0.0,0.0069246036,7.422866e-05,0.004982548,0.0033888575,0.0066024084,0.00443276,0.003423481,0.008461875,0.007587362,0.001061135,6.8170106e-05,0.002136622,0.009119967,0.0089718355,0.0069136457,0.0022294356,0.0008872083,0.0015223065,0.007797291,0.0083258245,0.00921809,0.0057964996,0.0048488756,7.1936796e-05,0.004873332,0.0063252416,0.008935769,0.004523869,0.0060408283,6.7745255e-05,0.008468553,0.008228629,7.192744e-05,0.0068698605,7.0890965e-05,0.0060971896,0.0005267799,0.0023211234,0.004452242,0.0048441766,0.0067787,6.468579e-05,0.00102191,7.3600284e-05,0.00084571843,0.006988188,0.0033883268,6.7587964e-05,0.0033460225,6.874761e-05,0.01522094,6.994887e-05
0.009826083,0.010032095,0.011725402,0.007215486,0.011908735,0.0071658287,0.010526602,0.0120040225,0.011351072,0.011080574,0.011592031,0.0062532052,0.009043214,0.0105045205,0.012712025,0.012010864,0.011977019,0.012277493,0.008146544,0.012457717,0.012412432,0.0037353209,0.009465594,0.011070342,0.007622101,0.00029771114,0.010401932,0.0033557191,0.010873659,6.1959945e-05,0.012427131,6.2627965e-05,0.012590146,0.012666445,0.0080670295,0.010539466,0.008840125,0.011881442,0.01136091,0.0061737043,0.0043329,6.293877e-05,6.11417e-05,0.012523976,0.0032298444,0.008299314,0.012605149,0.011266241,6.441035e-05,0.012080813,0.002672854,0.011985792,0.009616299,0.012602836,0.012687006,0.011935362,0.012192353,0.00708288,0.0,0.0020173872,0.010074361,0.008942897,0.011242609,0.009698042,0.008724773,0.012258966,0.012271951,0.006099559,6.265146e-05,0.0075722714,0.0116762165,0.012372066,0.011466366,0.007842856,0.006788515,0.0067550554,0.012223689,0.01209984,0.011768566,0.010652161,0.010011169,0.005553918,0.009803954,0.011293412,0.012691814,0.009783252,0.010862427,0.0025586113,0.012002211,0.0120939575,6.411641e-05,0.011598977,0.0041793454,0.011180682,0.005849411,0.007474581,0.010210701,0.010194522,0.011716738,5.9354705e-05,0.0068136915,0.0048703714,0.006015783,0.01169953,0.008739576,6.228916e-05,0.0082170395,0.00254622,0.016612766,6.180957e-05
0.0009386039,0.001476042,0.0051272516,6.40047e-05,0.005250354,5.6744513e-05,0.0025948023,0.0059140883,0.00427381,0.0033367563,0.005162148,6.3352556e-05,0.00079709565,0.002002852,0.008403433,0.00553465,0.005829732,0.006419595,6.497094e-05,0.009763878,0.008282842,5.275405e-05,0.000110959685,0.0033593902,5.780682e-05,5.1893207e-05,0.0013647121,5.4033364e-05,0.00275174,4.837831e-05,0.008101117,5.8873255e-05,0.01006353,0.0077005676,6.1313345e-05,0.0022095393,5.7527635e-05,0.011678657,0.0042738137,5.8835754e-05,6.0102633e-05,5.1312178e-05,5.3409116e-05,0.007905936,5.4574175e-05,6.0290622e-05,0.008205303,0.0037407284,4.6502366e-05,0.0067615896,5.782212e-05,0.0053565376,0.00096585864,0.008212248,0.009099575,0.005612439,0.009599217,6.0335482e-05,0.0050703413,0.0,0.001057596,5.8941758e-05,0.0039472138,0.00055804965,5.7828584e-05,0.008656493,0.006327709,5.8672773e-05,5.817635e-05,5.699657e-05,0.011490829,0.009697139,0.0047059776,6.177982e-05,5.375483e-05,5.569317e-05,0.006246655,0.008237205,0.013514154,0.00230337,0.00087178056,5.5756725e-05,0.0008217652,0.0039183013,0.008924965,0.0011739257,0.0029019276,5.1320545e-05,0.0086531155,0.0069027487,5.9750095e-05,0.0045284224,4.900183e-05,0.0033357437,5.8040183e-05,5.312568e-05,0.0014595977,0.0019446526,0.0048398203,4.715827e-05,5.436175e-05,6.092128e-05,5.470097e-05,0.004448369,6.732247e-05,5.996535e-05,5.9662623e-05,5.5961456e-05,0.022258578,4.9614606e-05
0.0074647563,0.0076173125,0.009194626,0.0044880263,0.009522382,0.0047615524,0.008221581,0.0095897745,0.008929116,0.008365739,0.008940491,0.0036330356,0.005966237,0.008071116,0.00995584,0.009418996,0.009399095,0.009511981,0.005986837,0.009791729,0.009666383,0.0012402032,0.007077381,0.008683861,0.005376701,6.80254e-05,0.008037979,0.0010163919,0.008319394,6.789632e-05,0.010052762,6.963996e-05,0.00992312,0.010208038,0.005470801,0.0081425235,0.0064714896,0.008603957,0.008696494,0.00390887,0.0012384448,7.052411e-05,6.976919e-05,0.009856835,0.0006201291,0.005784493,0.010114887,0.008938216,6.852233e-05,0.009303858,0.00018371307,0.00944965,0.0070833946,0.010040485,0.009857306,0.009430978,0.009429775,0.004779563,0.009291408,6.8979425e-05,0.0,0.006348185,0.009020024,0.0073337522,0.0062570297,0.009505475,0.009542466,0.0036868774,7.0514594e-05,0.005197442,0.008543733,0.009547546,0.00915336,0.005077526,0.0043721176,0.0042902986,0.009742367,0.00941759,0.009006146,0.008195501,0.00754995,0.0029488285,0.0075683636,0.008808005,0.010049538,0.0071242554,0.0084179975,6.869991e-05,0.009279701,0.009715369,6.8188885e-05,0.009079196,0.0021131376,0.0086561,0.0032849067,0.0051882276,0.0073755225,0.0075655067,0.009198208,6.389476e-05,0.0042588427,0.0025259634,0.0038172784,0.00925621,0.0061111366,6.892959e-05,0.006071014,0.00038304093,0.015177457,6.810546e-05
0.0071433797,0.007571429,0.008987523,0.004977718,0.009070746,0.004409077,0.008171498,0.009329978,0.008772816,0.00848308,0.008920063,0.003344626,0.0075936173,0.0076494347,0.009941662,0.00943143,0.00942593,0.009859711,0.0054136654,0.009689776,0.009586652,0.00054849783,0.006634486,0.008463684,0.005026939,5.4951714e-05,0.007451138,6.023433e-05,0.008483563,5.7976587e-05,0.010016653,5.708625e-05,0.009917409,0.010005181,0.0059179044,0.007729905,0.0059501203,0.0089964615,0.008823153,0.0033670163,0.0025765689,5.5344786e-05,5.6168014e-05,0.009759622,5.7406924e-05,0.00587915,0.009920266,0.008674918,5.3848522e-05,0.009567019,5.9642745e-05,0.009351538,0.007479646,0.009828509,0.009893641,0.009328666,0.009458661,0.0039812955,0.00941545,5.5126457e-05,0.007365607,0.0,0.0089121545,0.00703433,0.0059719947,0.009597607,0.009724124,0.0028074542,5.750144e-05,0.004802768,0.008799434,0.009214431,0.008891041,0.0060334373,0.004137533,0.0036487665,0.009684863,0.009296348,0.009635752,0.008173462,0.007208396,0.003037846,0.0069746445,0.008858045,0.010124533,0.007278667,0.008302446,5.5501998e-05,0.009337373,0.009595547,5.7087498e-05,0.009041732,6.086886e-05,0.008462155,0.0028096135,0.0047003217,0.007815423,0.008012248,0.009145473,5.8838526e-05,0.0039917594,0.0016878586,0.0030339318,0.008969292,0.0068738014,5.5467288e-05,0.0051622535,5.500936e-05,0.01598922,5.4679487e-05
0.008903933,0.00905044,0.010567371,0.0062940647,0.010917876,0.0062574768,0.009471658,0.011019023,0.010316341,0.009864723,0.010457393,0.0050922483,0.007690926,0.009440511,0.01116264,0.010900109,0.010791126,0.010995223,0.0071475473,0.010849408,0.011077564,0.002637997,0.008474449,0.009837049,0.0066573652,6.614267e-05,0.00922174,0.002474635,0.009791035,6.471809e-05,0.01122889,6.677293e-05,0.011187057,0.011544712,0.006935527,0.009490668,0.007954906,0.010368774,0.010249525,0.005232433,0.0030240815,6.676283e-05,6.398856e-05,0.011215225,0.0022790409,0.0072055915,0.01132721,0.010197827,6.525918e-05,0.010729586,0.0015946104,0.010815811,0.008611712,0.011194977,0.010979727,0.010787497,0.010721623,0.0061425976,0.01071213,0.001003983,0.008918517,0.007921151,0.0,0.008752956,0.0076984675,0.010711254,0.010989299,0.0051262095,6.5089844e-05,0.006513199,0.010149587,0.010739734,0.010520645,0.0067934855,0.0056860927,0.0057485136,0.011078396,0.010620316,0.010378026,0.009540191,0.00901865,0.004552828,0.008828188,0.01008875,0.011184583,0.008737938,0.009912522,0.0016257026,0.010596601,0.011047768,6.693897e-05,0.010618242,0.0032838301,0.009963391,0.004915024,0.0065704626,0.008842155,0.009092444,0.010540193,6.654145e-05,0.0057848827,0.004013432,0.005164291,0.010590327,0.0077338875,6.692104e-05,0.007470706,0.0017014558,0.0158125,6.308397e-05
0.0071769403,0.0075322594,0.009058994,0.0044103446,0.009346728,0.0046891547,0.007915488,0.009325775,0.008567479,0.008256013,0.0086860135,0.0034804784,0.0056102383,0.007997459,0.009624715,0.009319571,0.00913976,0.009212491,0.0054813107,0.0095352745,0.0095095355,0.0007087632,0.006996352,0.008379121,0.00465173,6.3660285e-05,0.007514669,0.0006728696,0.008054153,6.5571774e-05,0.009898596,6.751446e-05,0.009819418,0.009974919,0.00506758,0.008222618,0.006429641,0.008575299,0.008581105,0.0035722842,0.00085685536,6.660992e-05,6.3463835e-05,0.009503329,0.00062756514,0.005470545,0.00981766,0.008806388,6.389971e-05,0.009212067,6.3631436e-05,0.009041478,0.0069007953,0.009887959,0.009623873,0.009134051,0.009266306,0.0046539777,0.009081297,6.777913e-05,0.007451329,0.0060883462,0.0086475015,0.0,0.006013119,0.009221541,0.009309615,0.0035903861,6.472727e-05,0.0049117818,0.00833293,0.009303783,0.009143677,0.004871269,0.0038404716,0.004361689,0.009701278,0.009191916,0.008912875,0.008151098,0.007629278,0.0025461211,0.007427653,0.008510804,0.009759543,0.0071263565,0.008558916,6.5627755e-05,0.009209749,0.009591635,6.498489e-05,0.008871032,0.0020843109,0.008379066,0.0033231264,0.005171998,0.0070689246,0.0071907537,0.008841914,6.4452215e-05,0.003903707,0.002314541,0.0034787112,0.009016974,0.005827366,6.74037e-05,0.0060551795,0.00031857702,0.0153042395,6.495189e-05
0.0063655907,0.0067188237,0.008375246,0.003563892,0.008462433,0.0037396348,0.007175191,0.008670882,0.008028746,0.007475521,0.008165898,0.0026041346,0.005205436,0.006950597,0.009242888,0.0084633455,0.008454426,0.008676082,0.004711254,0.009183319,0.009026717,7.739073e-05,0.0059430483,0.00767867,0.003908756,7.3211035e-05,0.006857137,7.5683776e-05,0.007407645,7.049941e-05,0.009355322,7.2816736e-05,0.009384739,0.009452138,0.004276485,0.007169274,0.0053279884,0.008274099,0.007804253,0.0028306753,0.00036086023,7.297505e-05,7.237609e-05,0.008988589,7.6358774e-05,0.004658988,0.009302859,0.007961666,7.354322e-05,0.008701736,7.302735e-05,0.008415648,0.006193465,0.009204855,0.009369146,0.008543767,0.008980492,0.0036495589,0.008481042,7.2033e-05,0.006682988,0.0054309657,0.008125216,0.0063277106,0.0,0.008841756,0.008742158,0.0025557866,7.309586e-05,0.004025259,0.008127595,0.008937219,0.008178844,0.0043323413,0.003005342,0.0032862732,0.009011226,0.008679311,0.008598799,0.0073761605,0.0065112864,0.0017497669,0.006528585,0.007965936,0.009292219,0.0063216495,0.0077107577,7.514116e-05,0.008696158,0.009031291,7.558889e-05,0.008166092,0.0008432364,0.0075550736,0.0022856162,0.0041449084,0.0063975416,0.00665338,0.008231257,6.8144254e-05,0.00301987,0.0012299811,0.002599064,0.008385493,0.005126302,7.580159e-05,0.0048903287,7.117196e-05,0.015032018,7.299886e-05
0.012448971,0.012871137,0.0155064,0.009695767,0.015661819,0.010100402,0.013602732,0.01637095,0.014854996,0.014359898,0.015581568,0.0092961695,0.011676607,0.013741328,0.017760154,0.01589156,0.015744587,0.016137054,0.011005087,0.018558975,0.017758723,0.006466079,0.012090198,0.014155958,0.010388318,0.004701623,0.01364595,0.0066603967,0.013779378,0.001047559,0.017091284,0.0026809762,0.018671624,0.017058494,0.010525482,0.0139391525,0.011602435,0.019380685,0.01488517,0.008720075,0.0068914443,0.0020593554,6.0105933e-05,0.017671954,0.006568601,0.010958068,0.01736452,0.014292186,5.9850936e-05,0.016587099,0.0060189813,0.015743611,0.01216789,0.017619982,0.018062461,0.015749006,0.018507438,0.009914325,0.015420364,0.0054472783,0.0128025105,0.011268316,0.014322534,0.012314934,0.011160689,0.0,0.016093794,0.009100855,0.001692514,0.010565857,0.019331273,0.018666716,0.01530113,0.0105556995,0.00974366,0.009816431,0.0163626,0.01787331,0.020683039,0.013346241,0.012900322,0.007860035,0.012868965,0.014547862,0.017751744,0.012799463,0.01409976,0.0062466795,0.018328626,0.016750295,0.0016299876,0.0152786495,0.007934789,0.014508256,0.0082802605,0.010405031,0.013335663,0.013185232,0.015091616,6.1639184e-05,0.009159556,0.008176559,0.008955164,0.015094069,0.011197466,0.0012014505,0.01120979,0.006223068,0.023501715,0.00024451915
0.010710397,0.010845456,0.012478308,0.0081591355,0.012643692,0.007877024,0.011279409,0.012957826,0.012249098,0.011895167,0.012545646,0.007005999,0.009948497,0.011275018,0.013688327,0.012901506,0.012808878,0.013314728,0.008856811,0.013519246,0.013462685,0.0043077418,0.010282037,0.011845697,0.008434267,0.0013975027,0.011173531,0.004205369,0.011705217,6.3520274e-05,0.013290443,6.134834e-05,0.013750216,0.013524596,0.008999503,0.01128252,0.009440328,0.013205506,0.012166944,0.007046548,0.0051603178,6.2501196e-05,6.092332e-05,0.013585717,0.004029627,0.008937565,0.013505076,0.011989358,6.012365e-05,0.013133201,0.0033771584,0.012697294,0.010288209,0.013589433,0.013770732,0.012922862,0.013300757,0.007769202,0.012717522,0.0029510374,0.0107625015,0.009808679,0.011990052,0.01050629,0.0093295975,0.013488142,0.0,0.0066652847,6.147391e-05,0.008259274,0.013028896,0.013633204,0.0123951705,0.008548826,0.0075026755,0.0075086886,0.013069548,0.013241289,0.013046779,0.011327863,0.010730792,0.0062028896,0.0104896715,0.012082786,0.013655009,0.010625225,0.011675822,0.0034377647,0.013227403,0.013060805,6.0882514e-05,0.012567374,0.004883666,0.011864414,0.0064692367,0.0083173225,0.010950836,0.011058953,0.012543936,6.0874856e-05,0.007538259,0.005807362,0.006714126,0.012496778,0.009627801,6.0691422e-05,0.008950647,0.0033067216,0.017556364,6.4205975e-05
0.0036582416,0.0040935767,0.006464982,0.0006257729,0.0065436307,0.0013326276,0.00486233,0.006997524,0.005796837,0.005122704,0.0062273866,6.8534944e-05,0.0021372177,0.004822992,0.008233036,0.006660089,0.0067337495,0.0069180643,0.0017190975,0.008994701,0.008192493,6.935786e-05,0.0034557634,0.0053343545,0.00077429245,6.857101e-05,0.0042452123,6.595188e-05,0.004984031,6.5812324e-05,0.008342045,6.932026e-05,0.009312484,0.008125897,0.0011727995,0.005112432,0.0029622295,0.009632278,0.005777683,6.840954e-05,7.050926e-05,7.112271e-05,6.9270136e-05,0.008082878,7.1994065e-05,0.0015598371,0.008256546,0.005824576,6.93295e-05,0.0072614546,6.5715525e-05,0.006737514,0.0037100818,0.008376761,0.008821195,0.006609434,0.008751065,0.0009958454,0.0063995803,7.138576e-05,0.003906947,0.0025154399,0.005858675,0.0035708023,0.0024450766,0.008299496,0.0070738844,0.0,6.361386e-05,0.0010859816,0.009436873,0.008868216,0.0064586,0.0012897735,7.21257e-05,0.0007462857,0.007375818,0.007922754,0.010381069,0.005010688,0.0041852025,7.221958e-05,0.0041375626,0.0056250202,0.008672088,0.0037736052,0.0053820694,6.83261e-05,0.00813134,0.0077625313,6.9670044e-05,0.0061359494,6.6387445e-05,0.0054770205,7.186292e-05,0.0014884109,0.0035765534,0.003833426,0.0062125255,6.655724e-05,9.99083e-05,7.097566e-05,7.336461e-05,0.006210305,0.0022684531,6.4294545e-05,0.002533946,6.360517e-05,0.01581831,6.747081e-05
4.73375e-05,4.438248e-05,0.0026616466,3.127246e-05,0.002555948,3.7169386e-05,3.671346e-05,0.0041329116,0.0011918762,4.075308e-05,0.0028761562,3.819943e-05,3.640986e-05,4.7773046e-05,0.008371268,0.0030682797,0.0034574503,0.004654036,3.0705054e-05,0.010829198,0.008683442,4.2509182e-05,4.246216e-05,5.276894e-05,3.086373e-05,4.1032734e-05,3.5709923e-05,3.2341402e-05,4.9297774e-05,2.3039416e-05,0.0070504975,2.7409822e-05,0.011023196,0.0068482235,3.3588305e-05,4.2379124e-05,3.2718242e-05,0.01407174,0.001489406,4.3346652e-05,3.7759255e-05,3.0831005e-05,3.6038422e-05,0.007683404,3.2691805e-05,3.6656733e-05,0.007822556,5.0821047e-05,2.5176823e-05,0.0058304523,3.2984794e-05,0.0031781646,3.9522263e-05,0.008246655,0.009864338,0.0031879959,0.010797841,4.424507e-05,0.0024400891,3.7451733e-05,4.700496e-05,4.510241e-05,4.519698e-05,3.2071304e-05,3.3611548e-05,0.009562703,0.0044025434,2.9951698e-05,0.0,4.2834363e-05,0.013877322,0.011081129,0.0015277656,4.1068026e-05,4.1859043e-05,3.0047628e-05,0.0043035266,0.008733642,0.018164592,3.8665938e-05,3.4528737e-05,2.950409e-05,4.2133604e-05,0.00024769912,0.009236007,3.979692e-05,5.131489e-05,3.2518827e-05,0.009646176,0.0056505944,3.5594447e-05,0.0014954972,4.2805896e-05,3.813938e-05,2.9206543e-05,3.0914598e-05,4.2939944e-05,4.059558e-05,0.0023111242,2.2762857e-05,3.7198617e-05,2.6826858e-05,4.0096584e-05,0.0012065155,4.6067773e-05,3.1410073e-05,2.785707e-05,4.1808824e-05,0.02819891,1.8878864e-05
0.0055503775,0.0058691823,0.007770134,0.002722178,0.007904315,0.002802448,0.006465931,0.008163241,0.00733738,0.0069153295,0.007659763,0.0015401741,0.00459692,0.006312251,0.008995224,0.008010264,0.0079444405,0.008262326,0.00360844,0.009184583,0.0087847095,6.465277e-05,0.005155152,0.0069277277,0.0029804136,6.693679e-05,0.0060984427,6.580003e-05,0.00671693,6.316183e-05,0.009046513,6.18527e-05,0.009465086,0.00911535,0.0033623595,0.0063190237,0.0045914673,0.008358272,0.0072759357,0.0015879368,6.7068795e-05,6.408823e-05,6.0653405e-05,0.008855491,6.74088e-05,0.0037795983,0.009087972,0.007314007,6.3163134e-05,0.00821456,6.414304e-05,0.0080715,0.0054573063,0.009035482,0.00909981,0.008015285,0.009008076,0.002506192,0.007833983,6.577367e-05,0.0058881836,0.004539345,0.007472938,0.005332886,0.0042552287,0.0087068975,0.008414909,0.0015135984,6.26886e-05,0.0,0.008220647,0.00903645,0.007623239,0.003428409,0.0020493786,0.0022369132,0.008460477,0.008572724,0.00872065,0.0065057403,0.0057630325,0.00077707955,0.0056128534,0.0072790748,0.009284545,0.005506951,0.0068463003,6.537353e-05,0.008556234,0.008729121,6.597317e-05,0.00757478,6.324953e-05,0.006917287,0.0011484816,0.002983479,0.005607284,0.005821444,0.007671644,5.950582e-05,0.0020115147,0.00017767076,0.0015157347,0.007690646,0.0044207843,6.1808205e-05,0.003961156,6.59194e-05,0.01563095,6.3021216e-05
0.015787106,0.015741877,0.018541776,0.012785307,0.018376596,0.012779989,0.016134165,0.019095497,0.017716438,0.017368425,0.018473225,0.012155224,0.014710507,0.016402084,0.020526921,0.018507425,0.018484335,0.018821541,0.013852089,0.021468071,0.02067591,0.0098235365,0.015252717,0.016736696,0.013537044,0.008425894,0.01639022,0.009620002,0.016476775,0.004646583,0.020286338,0.006352745,0.021573309,0.019891558,0.013848211,0.016579699,0.014503799,0.023424808,0.017891126,0.01189224,0.010572313,0.0059664333,0.00040719888,0.020285811,0.009610286,0.013804407,0.020047374,0.01722815,0.0010271705,0.019441599,0.0089449035,0.01840946,0.015015382,0.02023076,0.020932076,0.01852469,0.021625495,0.012448609,0.018005377,0.00848672,0.015443295,0.014470224,0.016960688,0.015375255,0.014037773,0.020953992,0.01859872,0.011699013,0.0049096574,0.013221699,0.0,0.021849014,0.018129285,0.013433908,0.012542833,0.012295863,0.01899608,0.020848578,0.026016882,0.016040292,0.015453891,0.011171708,0.015455913,0.017278884,0.020403882,0.015438052,0.016659455,0.009437674,0.02122743,0.019587802,0.0048900275,0.017857559,0.010441727,0.017206056,0.011300942,0.013249047,0.015926663,0.016010134,0.017808966,6.284364e-05,0.01237718,0.010964428,0.011641821,0.018020732,0.014502343,0.004599169,0.013942564,0.008847141,0.029306674,0.003680731
0.013501204,0.013506795,0.016380366,0.01053241,0.016496232,0.010773334,0.014046176,0.017037217,0.015605734,0.015095374,0.016441502,0.009996717,0.0122768935,0.014429249,0.018729925,0.01642094,0.016496155,0.016921693,0.01164451,0.019865349,0.018870065,0.0075465767,0.013056711,0.014725277,0.011380556,0.006129256,0.01426631,0.0075812913,0.014503269,0.0025067632,0.018078605,0.004190543,0.020284006,0.018033653,0.011627378,0.014458033,0.012150369,0.021369616,0.015633766,0.0097811,0.008081876,0.003606446,6.284442e-05,0.018615067,0.007394788,0.011595956,0.018334782,0.0151233515,6.294929e-05,0.01741635,0.0069289953,0.016479777,0.01285273,0.018568145,0.019078782,0.016494619,0.019864338,0.010527405,0.01609801,0.006285099,0.013379259,0.012300857,0.0150288325,0.0132209705,0.012108046,0.019246679,0.016795749,0.009692049,0.0027792745,0.011123222,0.021432446,0.0,0.016031913,0.011152335,0.010419718,0.010494488,0.017128672,0.018952541,0.02295717,0.014093212,0.013481871,0.008985194,0.013325828,0.015235709,0.018767329,0.013414263,0.014625955,0.0072497223,0.019526267,0.0176455,0.002756787,0.015827557,0.008789527,0.015160676,0.00924992,0.011026312,0.013873417,0.013727165,0.015821932,6.29932e-05,0.010263676,0.008767722,0.0096676005,0.015873495,0.012195286,0.0023001686,0.011819118,0.0071674245,0.026433837,0.0014614082
0.009206431,0.009386785,0.01128735,0.006466083,0.011799519,0.00672653,0.009667025,0.011875622,0.01053753,0.010269599,0.010597152,0.0054814136,0.0069916383,0.010248817,0.01178403,0.0113199,0.010651016,0.010845936,0.00740305,0.011835103,0.012152571,0.0029152639,0.008860468,0.010062356,0.006367279,6.390677e-05,0.009482531,0.0032628663,0.00990967,6.250605e-05,0.012189943,6.610807e-05,0.012076326,0.011915462,0.006780567,0.010586828,0.008329093,0.010986548,0.010462083,0.0056441044,0.0024946965,6.392122e-05,6.334032e-05,0.011886728,0.0029586456,0.0070572356,0.011807536,0.010878837,6.437546e-05,0.011067373,0.0019937316,0.0110531915,0.008571148,0.012203128,0.011756276,0.01107957,0.0123431375,0.0066570565,0.010870308,0.0015818961,0.009098369,0.0077543487,0.0102708675,0.009095871,0.007984209,0.01151037,0.011017421,0.0058189863,6.40226e-05,0.006880311,0.0109839635,0.0117184,0.0,0.006544185,0.005613248,0.0065589882,0.012031322,0.012068237,0.01145958,0.010165275,0.009772543,0.004280263,0.009661585,0.010327653,0.011605842,0.009185508,0.010617094,0.00212382,0.012262263,0.01229766,6.550296e-05,0.0108598275,0.0048330766,0.010179364,0.0052883793,0.0071057715,0.008689672,0.008839799,0.010371591,6.277839e-05,0.005910833,0.004492434,0.0054826797,0.01129336,0.007323926,6.556636e-05,0.00813603,0.003249299,0.017433938,6.260706e-05
0.00636079,0.0072974297,0.008257008,0.0052112076,0.008286324,0.004111073,0.007917511,0.00856054,0.008009758,0.008019163,0.008180014,0.0027112982,0.008105049,0.006792278,0.009245153,0.008549,0.008855653,0.009191055,0.0047076303,0.00932063,0.008947566,5.3976953e-05,0.0056152847,0.007762477,0.004424444,5.0726114e-05,0.006444437,5.131488e-05,0.007903746,4.878329e-05,0.009766533,4.9696973e-05,0.00959936,0.009383241,0.0055769943,0.0068051056,0.0047027622,0.009383465,0.007888557,0.0024156044,0.0030024599,5.2602747e-05,4.9072318e-05,0.009147715,5.242837e-05,0.0054693967,0.00925484,0.0076796566,5.3962605e-05,0.0089089265,5.36637e-05,0.008591942,0.007201529,0.009216299,0.009375458,0.008533564,0.009196565,0.003232434,0.008597415,5.397366e-05,0.006677721,0.0066918298,0.0080849575,0.006117222,0.005116871,0.009059524,0.00902017,0.0017114624,5.249437e-05,0.004233554,0.00917306,0.009101774,0.00795503,0.0,0.0033639823,0.003094502,0.0088583315,0.008712147,0.0099991225,0.0076605906,0.0061867204,0.0025500034,0.0063774823,0.008181271,0.00949856,0.00720908,0.0073292465,5.523319e-05,0.008799304,0.008937668,5.3870594e-05,0.008234489,5.5261284e-05,0.007442657,0.0018581273,0.0041097957,0.0075618494,0.0077847294,0.008374094,5.3981214e-05,0.0036199177,0.0009937487,0.0018820564,0.008510534,0.0066614714,5.3224514e-05,0.0039875605,5.2607178e-05,0.017796645,5.5090943e-05
0.00523274,0.0054418826,0.007831214,0.002191122,0.007882861,0.0019343187,0.0063465526,0.00832386,0.007270288,0.0067529245,0.007721999,0.001063839,0.0050090766,0.005798207,0.009182864,0.00796876,0.00819933,0.008524731,0.0036292968,0.008973471,0.008903753,8.113139e-05,0.004899969,0.006769338,0.0033602666,7.875022e-05,0.006082151,7.605174e-05,0.0064898008,7.416048e-05,0.009257342,7.557852e-05,0.009241426,0.008801629,0.003531571,0.005982457,0.0038049226,0.009098806,0.007293095,0.0011432405,8.0590486e-05,8.0626945e-05,7.521549e-05,0.008989393,7.952818e-05,0.003716741,0.008921875,0.0070966044,7.786879e-05,0.008457951,8.02842e-05,0.008051986,0.005316509,0.009411297,0.009058972,0.008057243,0.009100461,0.0018868105,0.007844884,7.6893215e-05,0.0059199063,0.0046425625,0.007479628,0.0051152576,0.003972995,0.008752992,0.008461655,0.00046594976,7.5077245e-05,0.0025165197,0.008999969,0.009015581,0.0074828416,0.0032234031,0.0,0.0012829923,0.008661879,0.009093178,0.009665919,0.0061518815,0.005216779,0.00064628484,0.0051564495,0.0072975405,0.009511364,0.0052741226,0.006463354,7.5756885e-05,0.009401975,0.008978772,7.398385e-05,0.0076713418,8.050931e-05,0.0070489277,0.00026000838,0.0022880852,0.005744703,0.005999267,0.0077546537,7.58761e-05,0.0016995216,8.1765735e-05,0.0007217139,0.0075754905,0.0046305154,7.829996e-05,0.0030963994,7.8891506e-05,0.0186066,7.92985e-05
0.0046002865,0.0049207313,0.007003191,0.0016584207,0.0072751786,0.0022033087,0.0056387866,0.007455388,0.006403995,0.0059846314,0.006803057,0.00042062133,0.0031326506,0.0054798876,0.008529214,0.0073234593,0.007303945,0.007571489,0.0026457119,0.009088412,0.008540565,5.9103422e-05,0.0042026136,0.006042417,0.0016454685,6.067297e-05,0.0049917526,6.069933e-05,0.005618549,6.173422e-05,0.008555656,6.313439e-05,0.009320664,0.0085159745,0.0022048193,0.0057297763,0.003511567,0.009185344,0.0065502836,0.00062917377,6.3190426e-05,5.8179765e-05,5.7069497e-05,0.008321836,6.322516e-05,0.0026119535,0.008568632,0.00656294,5.7717472e-05,0.007721388,6.116448e-05,0.007239735,0.0044848514,0.008637422,0.008979387,0.0071420767,0.008794832,0.0017843021,0.0070388727,6.1477374e-05,0.0048289034,0.0033860726,0.0064176894,0.0044706315,0.0031783741,0.008470841,0.0076439567,0.00085395086,6.032984e-05,0.0018738616,0.008895267,0.0089457575,0.0068993545,0.0021873205,0.0006816724,0.0,0.007817249,0.008172148,0.009151902,0.0057652616,0.004885826,5.941126e-05,0.0048208097,0.006213593,0.008872039,0.004690672,0.0060468963,6.137901e-05,0.008244366,0.007997407,5.618581e-05,0.0068338504,5.987213e-05,0.0059942007,0.00046277305,0.0022565108,0.0043744105,0.004755753,0.0068079326,5.8681442e-05,0.00097142305,6.299743e-05,0.00057815097,0.006936635,0.0030726765,6.2116036e-05,0.0032933909,5.52796e-05,0.015437989,5.8486872e-05
0.010060144,0.010321504,0.012376741,0.007451913,0.012626711,0.0076504666,0.01072498,0.012848504,0.011578808,0.01125078,0.011862245,0.006510245,0.008414613,0.011148188,0.013116232,0.012410854,0.011980657,0.012211404,0.008390189,0.013214786,0.013321306,0.0039193663,0.009877764,0.011067488,0.0076814266,0.0012635087,0.010515624,0.004108219,0.011049575,6.43206e-05,0.013392516,6.685126e-05,0.01345477,0.013032471,0.008035194,0.011201287,0.009196707,0.01286197,0.011626964,0.0066392403,0.0040799277,6.46837e-05,6.219259e-05,0.013205158,0.0038369794,0.008212522,0.01295651,0.011620146,6.312509e-05,0.012461733,0.0031983398,0.01220647,0.009445589,0.013364666,0.013032083,0.012190241,0.013633652,0.0075363833,0.011909898,0.0027000934,0.010068966,0.008795668,0.011334703,0.010092205,0.008869686,0.013003302,0.0123157315,0.006611891,6.407018e-05,0.00797121,0.012773434,0.013086428,0.012342688,0.007686183,0.0067931544,0.007281388,0.0,0.013398072,0.0129822735,0.01100167,0.010581114,0.0054605207,0.010410127,0.011477134,0.013046214,0.01019535,0.011471598,0.003321101,0.013699038,0.013325604,6.6292094e-05,0.011864927,0.00546041,0.011214781,0.0062930253,0.008135931,0.010112382,0.010018338,0.0115659805,6.643057e-05,0.0069996244,0.0055981255,0.0064210473,0.012194855,0.008505641,6.575044e-05,0.009008739,0.0037785696,0.018133074,6.7143344e-05
0.011880608,0.012178753,0.014759102,0.00918935,0.014854991,0.009211437,0.012502963,0.015381766,0.013513068,0.013327638,0.014081678,0.008466573,0.010249338,0.012964122,0.016206589,0.014489368,0.014168138,0.014506725,0.0101336725,0.016454285,0.016236495,0.006077836,0.011563485,0.012911835,0.009777913,0.004166922,0.012341651,0.006058006,0.012675612,0.0008723153,0.015767556,0.002411075,0.016607756,0.015500484,0.009915226,0.012995443,0.010668705,0.016912354,0.013705987,0.008296876,0.0062784753,0.001808192,6.051172e-05,0.016242921,0.0059044375,0.009924966,0.015627641,0.013455296,6.221334e-05,0.014966414,0.005251144,0.014402641,0.011269343,0.016625948,0.016403563,0.014441596,0.017531667,0.008956236,0.013966752,0.004857131,0.011819791,0.010524172,0.013221235,0.011856938,0.010456943,0.016394416,0.014455655,0.008376933,0.0010904921,0.00963985,0.017315742,0.016878933,0.0146736605,0.0096969735,0.008818713,0.008877561,0.015407123,0.0,0.018308148,0.012522416,0.012064409,0.0073486664,0.011972664,0.013627712,0.016067354,0.011945983,0.013269157,0.0055316174,0.018469455,0.016082564,0.0009648678,0.013882563,0.0072831004,0.013223748,0.007793088,0.009677146,0.011907826,0.011924614,0.013720128,6.131336e-05,0.00881226,0.0072489963,0.008147667,0.014251105,0.010463845,0.00081867306,0.010376224,0.005537917,0.025160229,6.067613e-05
0.02028547,0.020090178,0.022636922,0.017388528,0.022484228,0.017469343,0.020496545,0.023169342,0.021994919,0.021583166,0.02263153,0.016828973,0.019275954,0.020811101,0.02433505,0.022566304,0.022666726,0.02285675,0.018362753,0.02536582,0.024738556,0.014610341,0.019690912,0.021127423,0.018061122,0.012996352,0.020735145,0.014398956,0.020758063,0.009518128,0.024458697,0.011301926,0.025400274,0.02389653,0.018335378,0.020995291,0.018952435,0.026495649,0.022269197,0.016610185,0.0154527165,0.010962819,0.0051180203,0.024254005,0.014501451,0.018327745,0.024150748,0.021504166,0.0058464603,0.023314008,0.013879581,0.022647364,0.019440368,0.024177786,0.024707714,0.022709994,0.02541713,0.01715843,0.022285987,0.013318196,0.019752342,0.019035656,0.021217056,0.019829925,0.018700887,0.024915745,0.022920828,0.016226467,0.009782569,0.0178669,0.026407888,0.025469506,0.022363188,0.01805272,0.017298799,0.017069548,0.023219325,0.024623387,0.0,0.020606915,0.019787561,0.016048176,0.0199064,0.021600591,0.024283454,0.01991063,0.020960182,0.014092517,0.02498191,0.023578513,0.009643572,0.022017919,0.015121398,0.021494165,0.016038954,0.01770668,0.020432388,0.020272898,0.022097843,0.0021181733,0.017072037,0.01560548,0.01635363,0.022320634,0.01908598,0.009536548,0.018451,0.013572942,0.031192064,0.008562408
0.007849283,0.008106628,0.009656938,0.0052112746,0.009826266,0.005535305,0.00860144,0.010018599,0.009134181,0.008809827,0.009153451,0.0041069803,0.006070054,0.008669989,0.010286582,0.009754425,0.0095034195,0.0098180575,0.006089074,0.009881059,0.010015532,0.0014026007,0.0076000844,0.008901857,0.005112455,6.2174564e-05,0.007976581,0.0015840331,0.008726499,6.003001e-05,0.010223476,6.230357e-05,0.010212478,0.010481394,0.0057454132,0.008779353,0.0070075723,0.008854217,0.009065882,0.0044002095,0.0014979864,6.56236e-05,6.325168e-05,0.010024902,0.0015712173,0.0058661425,0.010247191,0.009327634,6.4739295e-05,0.009581365,0.00060046115,0.0095510725,0.0074851043,0.010322,0.010080882,0.009560459,0.009858598,0.00540059,0.009631118,7.2988005e-05,0.007967515,0.0066705653,0.009255622,0.0076859253,0.006626887,0.0097339,0.0099151945,0.004371504,6.240757e-05,0.0054946095,0.009205089,0.009714856,0.00970136,0.005587319,0.0043557542,0.0051102936,0.010189672,0.009713687,0.009451777,0.0,0.008366821,0.003232515,0.008118553,0.009214747,0.01018243,0.007974135,0.009181432,0.00026549684,0.009769537,0.010224471,6.2854044e-05,0.009599256,0.0028141462,0.008805307,0.004181388,0.005908966,0.0076568783,0.007844981,0.009182975,6.3649786e-05,0.004747929,0.0030178193,0.00427728,0.009588461,0.0064722393,6.443103e-05,0.0068011507,0.0013069585,0.015426436,6.380602e-05
0.0069435495,0.007287596,0.00877911,0.0044120336,0.009103736,0.0046727452,0.007643757,0.009164334,0.00826325,0.008003797,0.008507745,0.003338396,0.005059426,0.007838582,0.0096444,0.008926564,0.008827471,0.009087951,0.0053063217,0.009291088,0.009316867,0.00054074783,0.0067653605,0.0081428,0.0043585273,6.428996e-05,0.0073061497,0.0008891822,0.007817237,6.7950736e-05,0.009635732,6.847409e-05,0.009602029,0.00970736,0.004801053,0.0080087185,0.006172453,0.008737748,0.008212334,0.003473166,0.0003900523,6.6174296e-05,6.6546454e-05,0.00934371,0.00078842166,0.0051743537,0.009541614,0.008720817,6.72697e-05,0.008999091,6.762616e-05,0.008907249,0.0067499387,0.009675043,0.009482947,0.008860532,0.00929145,0.004580461,0.0086876815,6.893349e-05,0.007001738,0.005838312,0.008319021,0.006911314,0.005818725,0.009206222,0.008980858,0.0036595208,6.5958884e-05,0.00464281,0.008686219,0.009134822,0.008959027,0.0047287294,0.0034181562,0.0042653624,0.009466298,0.009035559,0.0086752325,0.008104441,0.0,0.002335498,0.0074341255,0.008381846,0.009624948,0.0069697546,0.00842428,6.526368e-05,0.0091202,0.009544811,6.577584e-05,0.00866206,0.0023484242,0.007951575,0.0033210677,0.005210081,0.006610984,0.0069277124,0.0083852,6.6481974e-05,0.0038111038,0.002252663,0.0033959874,0.008983823,0.005394935,6.5033055e-05,0.005920515,0.00068366877,0.014918504,6.515289e-05
0.004226885,0.004544279,0.007051083,0.0013743793,0.007032727,0.0007122355,0.0054609044,0.0076462547,0.0065046786,0.0058490303,0.007019751,6.649959e-05,0.005016386,0.0049218726,0.008761088,0.00733257,0.007449885,0.0077208155,0.0021542474,0.009219578,0.008632296,6.402946e-05,0.0037413829,0.006126334,0.0019622913,5.798171e-05,0.004971089,6.4286396e-05,0.005667097,6.531778e-05,0.009205027,6.2053914e-05,0.009441914,0.008738856,0.002591822,0.0049010697,0.0027564396,0.009284973,0.0064001675,6.308592e-05,6.4922235e-05,5.939069e-05,6.099877e-05,0.0084535815,6.198625e-05,0.0025283436,0.008795315,0.0062116263,6.088364e-05,0.0078544235,6.0874463e-05,0.00720834,0.004439034,0.008775026,0.009115731,0.0073089655,0.009248469,0.0004989728,0.007089797,5.9406862e-05,0.0045734146,0.0037471307,0.006545274,0.00391991,0.0027249705,0.008613555,0.0077953674,6.204863e-05,5.7087724e-05,0.0013523151,0.0092561655,0.008946362,0.006795229,0.0029549787,0.0007340747,0.000126043,0.007917987,0.008437504,0.010215809,0.005164867,0.004086696,0.0,0.003986567,0.0063666156,0.009000142,0.0042383685,0.0056377286,5.8910235e-05,0.00876988,0.008155917,6.418837e-05,0.006724813,5.7984616e-05,0.006085199,6.565029e-05,0.0011544024,0.0047527393,0.0051885904,0.0071455454,5.736559e-05,0.0004614572,6.084455e-05,6.3202315e-05,0.0066732876,0.003501452,6.200431e-05,0.0018626406,5.61156e-05,0.020272406,6.178558e-05
0.007027662,0.007207017,0.008835251,0.0042191674,0.009323149,0.0049240314,0.007780249,0.0093662245,0.008293976,0.008042519,0.008498103,0.0031999906,0.004943039,0.00794695,0.009487799,0.00900885,0.008664007,0.008961832,0.0053522787,0.009467376,0.009531175,0.0006072288,0.0069086957,0.008121503,0.0043341187,6.403908e-05,0.0073247966,0.0009098119,0.007933455,6.140884e-05,0.009849263,6.621891e-05,0.009742521,0.009898492,0.0046100067,0.00808973,0.0063284654,0.008763693,0.0083493795,0.0035887382,0.00025206458,6.2436935e-05,6.334926e-05,0.009464265,0.0006393551,0.0050459774,0.009637594,0.008639337,6.1349136e-05,0.00895958,6.725265e-05,0.009026344,0.0066505433,0.009689992,0.009569429,0.008941786,0.009358982,0.0046198983,0.0088689,6.4658365e-05,0.0071192766,0.0056429435,0.008384774,0.0070481263,0.0059268996,0.009112614,0.009038504,0.0038809935,6.164203e-05,0.004816732,0.008686535,0.009214432,0.008965246,0.0045696027,0.0034198915,0.004401665,0.009418065,0.009006452,0.008806143,0.0080654975,0.0074954843,0.0022214127,0.0,0.008294711,0.009589667,0.006979212,0.008460097,6.518395e-05,0.009151654,0.009529183,6.41691e-05,0.008810262,0.0023115028,0.008160454,0.003325431,0.0050348896,0.0066131735,0.00682332,0.008413492,6.54413e-05,0.003750546,0.0023582825,0.003455522,0.009085439,0.0054735835,6.48717e-05,0.0061830557,0.0008068111,0.015185971,6.474654e-05
0.009048061,0.009522186,0.010886848,0.006788986,0.011064941,0.006537973,0.009805055,0.011282473,0.01043609,0.0102532115,0.010637501,0.005306615,0.008217294,0.009584147,0.0115616955,0.011061112,0.011011284,0.0113137355,0.007350475,0.011116096,0.011256102,0.0025513128,0.0086453715,0.010032654,0.006694779,5.675594e-05,0.009403981,0.0023428644,0.010010014,5.7860852e-05,0.011452274,5.7312183e-05,0.011306883,0.011671883,0.007315266,0.009757574,0.0078030494,0.010701592,0.010519122,0.005589938,0.0035289957,5.8651094e-05,5.4844248e-05,0.011637371,0.0023296343,0.007492565,0.011512825,0.010376361,5.802698e-05,0.011193414,0.0016912976,0.011069923,0.008909045,0.01177153,0.011527658,0.011008701,0.01110584,0.006126766,0.010996734,0.0012930839,0.009006854,0.0082370145,0.010551571,0.008965342,0.0077936607,0.011133369,0.01125943,0.005050729,5.636074e-05,0.0066801608,0.010659122,0.011118317,0.010759296,0.00722403,0.005836342,0.0059744064,0.011463407,0.011177207,0.01080852,0.009838459,0.009236496,0.0045387954,0.009028917,0.0,0.011687098,0.009171959,0.010203552,0.0019818468,0.011228465,0.011349003,5.6084355e-05,0.010829702,0.0029720569,0.010017318,0.0050581587,0.0068828887,0.009243726,0.009335715,0.010804827,5.5569257e-05,0.005909346,0.004107405,0.005216147,0.010781182,0.007933479,5.6314148e-05,0.0074665863,0.0015719435,0.016210524,5.5655895e-05
0.012415263,0.012417762,0.0148225315,0.009684288,0.014981978,0.009672559,0.013048276,0.015666727,0.014189465,0.013868534,0.0149741,0.008680182,0.011225126,0.013072167,0.016919708,0.015236157,0.015060886,0.015467063,0.010497508,0.017453985,0.01671891,0.0063753272,0.011914839,0.013421445,0.010163315,0.0044883885,0.013051011,0.00639212,0.013409117,0.00088651467,0.016376412,0.0027477602,0.017461509,0.016272185,0.010423392,0.013238282,0.0111332,0.018101517,0.014361848,0.008774367,0.0068993717,0.0017466499,6.411205e-05,0.016845636,0.006068416,0.010551013,0.016444406,0.0137668485,6.294404e-05,0.01582636,0.005719656,0.015147283,0.011909853,0.016872097,0.017124422,0.015205186,0.01737955,0.009337487,0.014959112,0.0050326493,0.012260773,0.011202701,0.013855402,0.012075575,0.0110481735,0.017101534,0.015401396,0.008640568,0.0010912361,0.009966305,0.018020783,0.017578522,0.014613912,0.010059403,0.009295688,0.009237333,0.015680887,0.016948251,0.01912282,0.012884097,0.012434,0.007920966,0.012190845,0.014081349,0.0,0.012206329,0.013560319,0.005772262,0.017288893,0.016030269,0.0011632635,0.014550203,0.007217043,0.013915762,0.008287163,0.009986583,0.012821976,0.012659559,0.014640654,6.190087e-05,0.00912958,0.007717877,0.008364527,0.014606893,0.01111033,0.00072333706,0.010616781,0.00565516,0.021850945,6.2471656e-05
0.0074084755,0.007914123,0.009341415,0.0051965974,0.009630655,0.0051107504,0.008442237,0.009663811,0.008859765,0.008584421,0.008994412,0.003646891,0.0064909398,0.008137348,0.010049148,0.00956864,0.009535468,0.009657342,0.005601974,0.009873693,0.009686054,0.00089338346,0.0071336585,0.008522182,0.00479742,5.272526e-05,0.007582144,0.0007110337,0.008483414,5.364755e-05,0.009963489,5.2770163e-05,0.010087727,0.010080117,0.00553595,0.008430468,0.0063187596,0.0090135485,0.008822685,0.003898636,0.0017098321,5.368148e-05,5.5651108e-05,0.01003425,0.000908632,0.005651287,0.009945916,0.008979618,5.164493e-05,0.009546063,5.7177873e-05,0.009443115,0.0073616933,0.010260258,0.010163741,0.009373725,0.009690868,0.0047008703,0.009479461,5.4915337e-05,0.0075158086,0.0066903825,0.008883955,0.007425779,0.006360304,0.009617165,0.009754545,0.003613264,5.2140826e-05,0.005033998,0.008973472,0.009728359,0.009280037,0.0058224206,0.003942401,0.004479249,0.010039124,0.009785599,0.0096187405,0.008534706,0.007719443,0.0029252903,0.0076210154,0.008968625,0.010254079,0.0,0.008740101,5.4388776e-05,0.009768176,0.009976806,5.6881447e-05,0.009335914,0.0014559261,0.008304256,0.0035494794,0.0052915853,0.007447837,0.0075999005,0.009062916,5.4091717e-05,0.004345019,0.0023679961,0.0036860066,0.009375173,0.006420112,5.503209e-05,0.0060276776,0.00012797238,0.015660433,5.4151227e-05
0.007995329,0.0082878,0.009925049,0.005340998,0.010250073,0.0056803646,0.008598819,0.0102880625,0.009164199,0.008870025,0.00937028,0.0042206664,0.005908094,0.008866003,0.010481094,0.009985269,0.009466952,0.00969106,0.0060942196,0.010172574,0.010285263,0.0016641397,0.0077828937,0.008847339,0.0053615677,6.687514e-05,0.0082809245,0.0019610901,0.008795491,6.546538e-05,0.010593118,6.539937e-05,0.01030879,0.010573616,0.005621806,0.009073312,0.007254837,0.009636,0.009159739,0.00443613,0.0014170482,6.755011e-05,6.826033e-05,0.010317401,0.0017264897,0.0059352797,0.010293238,0.009583996,6.709985e-05,0.009865614,0.0008074988,0.009728982,0.007456971,0.0105533,0.01025865,0.009720764,0.010359826,0.0055013406,0.00965283,0.00043316648,0.00798188,0.0066008875,0.009150901,0.00796122,0.006854818,0.009949369,0.009776323,0.0047757314,6.738743e-05,0.005803483,0.009583751,0.009942208,0.010050359,0.0055272365,0.0043033203,0.005322272,0.010506113,0.010156041,0.009755501,0.008938331,0.00851881,0.0033129524,0.008336297,0.00921796,0.010337332,0.008100463,0.0,0.0009245201,0.010254509,0.01075908,6.599038e-05,0.009562682,0.0033186097,0.008980754,0.004295553,0.0061105345,0.0076383995,0.00772439,0.009162542,6.58571e-05,0.004758051,0.003230571,0.00440978,0.009800773,0.0062920097,6.9149704e-05,0.006990128,0.0018781411,0.015613914,6.9232476e-05
0.0011185886,0.0015273021,0.005097341,4.456662e-05,0.005187564,4.1121424e-05,0.0027169886,0.005881167,0.0043952838,0.0034662567,0.0051788236,3.8674545e-05,0.0009859906,0.0021755672,0.008538178,0.0053406814,0.0056130546,0.0062299385,4.940426e-05,0.009060822,0.007926949,4.0685325e-05,0.00050418125,0.0032402272,4.528073e-05,4.6123372e-05,0.0019505813,4.307474e-05,0.002915896,3.2950993e-05,0.007439324,4.5310622e-05,0.009152944,0.007360451,4.175839e-05,0.0023803425,4.4682016e-05,0.010012113,0.004367397,4.358646e-05,4.391562e-05,4.5713296e-05,4.5098874e-05,0.0077148625,3.6700294e-05,4.074182e-05,0.0076983427,0.0037646254,4.3104174e-05,0.006635113,4.238437e-05,0.005443948,0.0012492985,0.0079817325,0.008847943,0.005547845,0.008912015,4.5825593e-05,0.0050194487,4.4443936e-05,0.0014016302,5.2127827e-05,0.003964338,0.0008888729,4.854826e-05,0.008299238,0.006172588,4.3252294e-05,4.3836637e-05,3.9784794e-05,0.009701468,0.009181478,0.00470939,4.286222e-05,4.6121586e-05,4.3227625e-05,0.0062738266,0.0080711655,0.011462156,0.0022883324,0.0011415435,4.3266533e-05,0.0008242579,0.00422645,0.009030039,0.0013035607,0.0030252766,0.0,0.00839403,0.0068574795,3.944129e-05,0.0046016946,3.957851e-05,0.0036161311,3.901144e-05,4.9549064e-05,0.0023322557,0.0024380009,0.0049887593,4.320406e-05,4.498511e-05,4.5350076e-05,4.685085e-05,0.0050416794,4.6191286e-05,3.367069e-05,4.2807304e-05,3.8654976e-05,0.021240732,4.624104e-05
0.01268723,0.012674525,0.015296165,0.009824676,0.015346792,0.009888377,0.012924204,0.015940214,0.014148746,0.013983605,0.014807425,0.009126534,0.011039746,0.013418564,0.016772222,0.015129313,0.014712796,0.01505594,0.010685983,0.017122213,0.016987924,0.0067130798,0.012129886,0.013554156,0.01041437,0.00526616,0.013043393,0.0068309624,0.013331422,0.0018739386,0.016594954,0.0034235693,0.017303737,0.016041748,0.010566688,0.013695413,0.011419467,0.017734487,0.014368531,0.009000276,0.0071408683,0.0026311106,6.127928e-05,0.01667239,0.006742279,0.010666379,0.016105715,0.0141041605,6.121729e-05,0.01566281,0.005991752,0.014984531,0.011790909,0.0171167,0.016862482,0.014878271,0.01817838,0.009573704,0.014519649,0.0056148027,0.0123058725,0.01122033,0.013636007,0.012346109,0.011111789,0.017042004,0.015099415,0.008962343,0.001995279,0.010198836,0.018212209,0.017530125,0.015189696,0.010483732,0.009402406,0.009542551,0.0159095,0.018192036,0.019252772,0.013060986,0.012737597,0.008189412,0.012599339,0.014020588,0.016651481,0.012531461,0.013717057,0.006351902,0.0,0.016588721,0.0018118175,0.014470154,0.007794027,0.013784667,0.008566486,0.01036569,0.012631686,0.012471154,0.014178871,5.8826143e-05,0.009443703,0.008060351,0.00863739,0.014752643,0.011122182,0.0016085629,0.011036583,0.006374371,0.02643153,0.0008019036
0.0098227365,0.010461021,0.0128056975,0.0075954865,0.012990563,0.0073371367,0.010901528,0.0133841755,0.011783978,0.011512966,0.012000576,0.006816954,0.008582883,0.011398777,0.01373195,0.012654758,0.012058437,0.012432407,0.008587972,0.013588223,0.014039652,0.004463904,0.009660074,0.011223171,0.007926015,0.0022386578,0.010922974,0.00453594,0.011133675,6.548582e-05,0.014008596,0.00062766665,0.014207799,0.013607569,0.008221867,0.0115794735,0.0090012215,0.013502196,0.01180372,0.006390713,0.0045625023,6.548085e-05,6.4677966e-05,0.013767186,0.0039999294,0.008420574,0.013122112,0.012017484,6.380228e-05,0.012757362,0.0036492448,0.0123881465,0.00966872,0.0141337905,0.013347475,0.012499888,0.014822897,0.007782219,0.012074151,0.0028274935,0.0102991825,0.00902682,0.011570281,0.0098534245,0.00876535,0.013573342,0.012492297,0.006541408,6.44881e-05,0.00805375,0.013666327,0.013523053,0.01295219,0.0079216985,0.0070775645,0.0075608054,0.013595506,0.01444494,0.014289858,0.011053402,0.0103493985,0.00552186,0.010528545,0.01181987,0.013528395,0.010239998,0.011809868,0.004064792,0.014805876,0.0,6.6243985e-05,0.012259132,0.005721445,0.01144274,0.0060276724,0.007952024,0.010194534,0.010149302,0.011698136,6.5711254e-05,0.0067753727,0.005892008,0.00629618,0.012612883,0.0086500915,6.396972e-05,0.008783748,0.003998353,0.020918537,6.330342e-05
8.624847e-05,7.117171e-05,0.0015744644,7.3255025e-05,0.0011820667,7.2821276e-05,7.182296e-05,0.0030015283,8.2551254e-05,7.626966e-05,0.0017420377,7.898661e-05,7.617374e-05,8.242676e-05,0.007909419,0.0017283767,0.0020865544,0.0036105711,6.645422e-05,0.010747319,0.008173113,7.5269294e-05,8.443583e-05,8.792882e-05,7.342659e-05,5.5176828e-05,7.719304e-05,6.0654933e-05,8.135317e-05,6.754272e-05,0.006232234,6.9089605e-05,0.0109212585,0.0059792344,8.046112e-05,8.029638e-05,7.844016e-05,0.014984379,8.487416e-05,6.786182e-05,6.427881e-05,5.4907665e-05,5.3435448e-05,0.0072138356,7.502756e-05,7.63019e-05,0.0071375044,8.118998e-05,5.618623e-05,0.0049256976,6.48664e-05,0.0018539012,7.78608e-05,0.007620751,0.009685413,0.0020385308,0.010664915,7.655716e-05,0.00092836964,5.364551e-05,7.9059384e-05,6.775158e-05,8.569456e-05,8.318606e-05,6.799701e-05,0.009277023,0.0032454568,6.51811e-05,4.9507034e-05,7.2285824e-05,0.01496431,0.011244906,0.00021125733,6.70629e-05,7.432181e-05,6.628498e-05,0.003238893,0.008238034,0.019389255,7.309574e-05,6.8979716e-05,6.0284437e-05,6.816952e-05,7.579565e-05,0.008983715,7.139528e-05,7.421876e-05,5.6409233e-05,0.009579176,0.0046709795,0.0,8.4605585e-05,5.0794977e-05,7.99584e-05,5.8502934e-05,8.1111706e-05,8.344123e-05,8.514637e-05,0.0008607603,6.605429e-05,7.0244045e-05,7.834881e-05,6.0911756e-05,9.165112e-05,8.319274e-05,5.753548e-05,7.306569e-05,6.223656e-05,0.028219288,6.797974e-05
0.009443616,0.009748701,0.011371738,0.006706176,0.011572622,0.0069375685,0.0100239385,0.011746746,0.010821437,0.010605857,0.011111784,0.005832211,0.0081853205,0.01025916,0.012186947,0.011633906,0.011354129,0.0115879895,0.0077671353,0.01179191,0.0119055705,0.0032069325,0.009153279,0.010507191,0.0070810127,6.578853e-05,0.0099003585,0.0029589008,0.010375697,6.272419e-05,0.011965685,6.274e-05,0.011991383,0.0121339,0.007511672,0.0103907855,0.0085735535,0.011269236,0.010781063,0.0059501817,0.0034157939,6.2643616e-05,6.2824256e-05,0.012045985,0.0028487472,0.007624541,0.012097203,0.010887005,6.299593e-05,0.011590876,0.0022921588,0.011375463,0.009168653,0.012101563,0.011984232,0.011390017,0.01160984,0.0068276236,0.01144964,0.0016304172,0.009584592,0.008477675,0.010857587,0.009376424,0.008264279,0.011648344,0.011730837,0.005859353,6.214191e-05,0.0072146324,0.011121866,0.011735108,0.011304029,0.0071498756,0.0061991313,0.0064326157,0.011928714,0.011606124,0.011206259,0.010374958,0.009710401,0.005001381,0.009639774,0.0108516095,0.011993359,0.009312241,0.010656571,0.0020379375,0.011763368,0.012000967,6.527625e-05,0.0,0.0042563733,0.010721508,0.005388171,0.0073555177,0.009588598,0.009572271,0.011070754,6.51976e-05,0.006328148,0.0046377736,0.0058019683,0.011297103,0.008155995,6.583865e-05,0.008159282,0.0026122837,0.016466616,6.425884e-05
0.0014985391,0.0016654526,0.0049088555,8.2404316e-05,0.005032682,8.3936975e-05,0.0026623607,0.0057166405,0.00405476,0.003129438,0.0047792494,7.7590375e-05,8.599246e-05,0.0027773608,0.007565713,0.0049949302,0.005055712,0.0053378744,8.106385e-05,0.008684119,0.007547219,7.38607e-05,0.001315963,0.0032918735,7.903782e-05,7.871335e-05,0.0024099462,7.75597e-05,0.0028775109,7.228903e-05,0.0071541136,7.670151e-05,0.008912929,0.0069985744,8.5352855e-05,0.002967163,0.0007406881,0.009985488,0.004074012,8.3149454e-05,8.341456e-05,7.6803335e-05,6.8980924e-05,0.007092146,7.848965e-05,7.8713376e-05,0.007400219,0.0038937777,7.279417e-05,0.005952348,7.966735e-05,0.005098758,0.0012351319,0.007629766,0.008172724,0.0051526083,0.008526993,8.1428836e-05,0.004543777,7.902529e-05,0.0019738793,8.407289e-05,0.0038000424,0.0015404281,7.891978e-05,0.0078044496,0.0055530393,8.0127465e-05,7.080062e-05,8.171575e-05,0.009804505,0.008753204,0.004688058,8.3019186e-05,8.31289e-05,8.101997e-05,0.005803367,0.007491661,0.011330638,0.0027213832,0.0019445418,7.8409495e-05,0.0019268559,0.003518879,0.00790519,0.0014793203,0.0033873715,7.0279195e-05,0.008093322,0.0065587717,7.450813e-05,0.0043707024,0.0,0.0036106678,7.592867e-05,8.170873e-05,0.0011927861,0.0013454943,0.004307563,7.2872004e-05,8.362227e-05,7.40097e-05,8.0378835e-05,0.0043874285,8.478605e-05,7.455196e-05,0.00026165592,7.1350136e-05,0.01792668,6.892834e-05
0.008599375,0.008665887,0.010395706,0.0053988136,0.010777015,0.006002414,0.009232611,0.010913035,0.010194131,0.009712918,0.01043504,0.005060984,0.007208245,0.009246085,0.011342932,0.010764208,0.010621663,0.010768272,0.0069981744,0.011483804,0.011362859,0.002475535,0.008460122,0.009924135,0.0066182227,7.0781025e-05,0.009347029,0.0021324921,0.009540698,6.730974e-05,0.011477512,7.116021e-05,0.011636869,0.011687762,0.00669388,0.00945403,0.007817212,0.010641919,0.0101006795,0.004917363,0.0024970204,6.8236564e-05,6.8553905e-05,0.0112633025,0.0018342342,0.0069961236,0.011536755,0.010101701,6.939006e-05,0.010741665,0.0013865393,0.010609725,0.008233778,0.011197183,0.011398567,0.010793239,0.0110917,0.0060539604,0.010720382,0.00048665362,0.008894803,0.0076234452,0.010084926,0.008399595,0.0075296694,0.011085276,0.010908064,0.0049088364,6.777824e-05,0.0063532437,0.010463924,0.011159995,0.010373727,0.0059656166,0.0056139636,0.0055335797,0.010954302,0.010545797,0.0104922615,0.009438851,0.008766878,0.0041935216,0.00864521,0.009748055,0.011398045,0.008140637,0.009604012,0.001362813,0.0106377555,0.011094607,7.0143346e-05,0.01037719,0.0037857261,0.0,0.004512159,0.0062247263,0.008688513,0.008781539,0.010468204,6.716293e-05,0.005379572,0.0037370997,0.0049522547,0.010609953,0.007032701,7.120253e-05,0.007150593,0.0017867688,0.015845407,6.739639e-05
0.0037882514,0.0042871726,0.0065531535,0.0010930253,0.0066392804,0.001052611,0.005010691,0.0070860754,0.0059832893,0.005402933,0.0063972073,7.101966e-05,0.0027004713,0.0047145155,0.008337685,0.0067142686,0.0068854126,0.0071764854,0.0017847882,0.009027314,0.008332963,6.455756e-05,0.0035492023,0.005393954,0.000978442,6.6627734e-05,0.00431069,6.929352e-05,0.005211144,6.729341e-05,0.008286846,7.118416e-05,0.009372215,0.008283702,0.0015096292,0.00496144,0.0026094092,0.009495988,0.0059463726,6.722648e-05,6.963199e-05,6.663058e-05,6.617699e-05,0.008073864,6.6289846e-05,0.001911106,0.008296425,0.0059456625,6.568679e-05,0.0073613524,6.729324e-05,0.0068618185,0.003756613,0.008422298,0.008896403,0.0068818056,0.008690947,0.0007969001,0.0064790137,6.491316e-05,0.0040454394,0.0027620317,0.0059091193,0.0037424022,0.0023984648,0.008470855,0.007248947,6.470087e-05,6.6399116e-05,0.00097437593,0.009278815,0.008976706,0.0063642333,0.0016673584,7.1159724e-05,0.00048363762,0.0074820775,0.00795384,0.0102901375,0.0050164564,0.00422685,7.1103794e-05,0.004014512,0.005882208,0.008827083,0.003975642,0.005401633,6.50083e-05,0.008098644,0.007804773,6.721091e-05,0.0062149838,6.953071e-05,0.005421877,0.0,0.0013902509,0.00396652,0.00412723,0.0064443606,6.627286e-05,0.000113905866,6.990822e-05,6.977968e-05,0.0062506306,0.0026724534,6.3942956e-05,0.002319018,6.233401e-05,0.016145296,6.326843e-05
0.0052739275,0.0056522475,0.007464429,0.0025377292,0.007771074,0.002957721,0.0062416,0.007967213,0.0069777397,0.006586209,0.007322489,0.0012755785,0.0037810467,0.006200829,0.008778086,0.0077994955,0.007631259,0.007892388,0.0033717097,0.008990923,0.008670572,6.376421e-05,0.005075167,0.0065813265,0.0025347564,6.218606e-05,0.0056828875,6.2870924e-05,0.0064164274,6.5718414e-05,0.0088252425,6.552565e-05,0.00915323,0.008893536,0.0029561738,0.006311112,0.004371061,0.00880331,0.006977189,0.0015553088,6.590248e-05,6.123244e-05,6.201467e-05,0.00855808,6.1730876e-05,0.0033843836,0.008726099,0.0071346387,6.218083e-05,0.007998285,6.578284e-05,0.0076737697,0.00514724,0.00875714,0.009058365,0.00768278,0.008682427,0.0024997336,0.0074750553,6.3332955e-05,0.005486601,0.0042340355,0.007079542,0.0052099484,0.004034506,0.008577566,0.008064093,0.0016387927,6.38729e-05,0.0027318855,0.008540325,0.008908948,0.00755104,0.0029508735,0.0013983374,0.0021932514,0.008213241,0.008337191,0.00853972,0.0065537053,0.0056420434,0.00032422354,0.0056828246,0.0068882625,0.00889928,0.005400305,0.00689582,6.638889e-05,0.008370606,0.008337139,6.0378658e-05,0.007329834,6.2295774e-05,0.006564546,0.0013761177,0.0,0.005154673,0.005257405,0.007220195,6.573883e-05,0.0017530619,6.604309e-05,0.0013373108,0.007433962,0.0038866897,6.436842e-05,0.003998389,6.241858e-05,0.015193568,6.308975e-05
0.0081487885,0.008512353,0.00993906,0.006024511,0.010029265,0.005373517,0.0090469085,0.0102706775,0.00989232,0.009499551,0.009900187,0.004456171,0.008530129,0.008595385,0.010628808,0.0102957515,0.010451936,0.01087443,0.0066117444,0.010281223,0.010240287,0.0015908942,0.007767641,0.009506713,0.0061535463,6.927402e-05,0.008558106,0.0009530591,0.009437241,6.576009e-05,0.010614721,6.6639026e-05,0.010669678,0.010892132,0.006938233,0.008587051,0.0069021094,0.009641686,0.009808715,0.0043697585,0.0036069457,6.9614915e-05,6.736542e-05,0.010605613,0.0010000586,0.0069134263,0.010697743,0.009561345,7.016294e-05,0.010399976,0.0006173302,0.010351769,0.008221739,0.010653104,0.01057285,0.010241474,0.01013951,0.0050870576,0.010314548,7.020163e-05,0.008400934,0.007921114,0.009948453,0.007919846,0.0069280392,0.01024982,0.010781433,0.0038233597,6.426443e-05,0.0058490844,0.009527523,0.0102749765,0.009707229,0.006809381,0.00525933,0.004692098,0.01044397,0.009884694,0.0101082865,0.008964696,0.0080848895,0.0040153824,0.008058417,0.009859063,0.010813056,0.008147889,0.009114865,0.0004692324,0.009843267,0.010364082,6.91582e-05,0.010022238,0.0010314615,0.009433255,0.0038021528,0.00574572,0.0,0.009092103,0.010262614,6.3870415e-05,0.0049712816,0.0029985288,0.0039457446,0.010000347,0.007924604,6.719968e-05,0.006315973,6.410366e-05,0.015901778,6.987881e-05
0.008352735,0.008603397,0.010021741,0.0060730353,0.010103648,0.00572157,0.00934502,0.010377688,0.0098924115,0.00951846,0.010027288,0.004588497,0.008538752,0.008755522,0.010877112,0.010587539,0.010478101,0.010998858,0.006656114,0.010529932,0.010510173,0.0020125974,0.00788245,0.00975313,0.0063935257,6.0718772e-05,0.008789531,0.0011147676,0.00953955,5.8309393e-05,0.010811405,5.9599057e-05,0.0108972015,0.011040232,0.0069648083,0.008778713,0.0072244653,0.009864469,0.009828618,0.0045692986,0.0036158378,5.8415124e-05,5.4334127e-05,0.010769972,0.0011253911,0.0069131195,0.010971655,0.009771566,5.8523496e-05,0.010492139,0.00081720727,0.010454395,0.008385264,0.010759415,0.0107252225,0.010377453,0.010253398,0.005279963,0.01046654,0.00027522675,0.008622163,0.0079447115,0.009961098,0.008198512,0.0071873334,0.010408931,0.010943431,0.004077776,5.7812704e-05,0.005877847,0.009494818,0.010347348,0.009858791,0.0069217323,0.0053210403,0.0049121287,0.010731559,0.010088205,0.010239646,0.00915868,0.008225558,0.0041301046,0.008087718,0.009936903,0.010916005,0.008471885,0.009381387,0.00046387923,0.010083027,0.0104862545,5.733365e-05,0.01028111,0.0013797466,0.0095145935,0.004092331,0.00575998,0.00885401,0.0,0.01031768,5.7988967e-05,0.0051944936,0.0031007812,0.0042334013,0.01015121,0.007991651,5.9140897e-05,0.0064472584,5.6991877e-05,0.016013129,5.696678e-05
0.00985673,0.01006093,0.011524768,0.0073483693,0.011965296,0.007176128,0.010658454,0.0119880615,0.011495442,0.010978438,0.011713978,0.0061556967,0.009049191,0.010331819,0.012754488,0.011958634,0.011992202,0.012425141,0.008156003,0.01260451,0.012497454,0.003635565,0.00939556,0.0110285,0.007790089,0.00076246075,0.010511175,0.0032168275,0.010768247,6.573537e-05,0.012547958,6.54041e-05,0.012763021,0.012834006,0.00817972,0.01040397,0.0086396225,0.012097474,0.011292339,0.006300523,0.004381478,6.4194355e-05,6.676492e-05,0.012648249,0.003010871,0.0083706435,0.012776236,0.0112289665,6.252941e-05,0.012244393,0.0027325868,0.011911491,0.009572762,0.012631378,0.012653417,0.012012053,0.012137764,0.0069317925,0.011866408,0.0018646873,0.010042457,0.00902851,0.011368411,0.009616326,0.008649777,0.012243336,0.012280425,0.005849484,6.593539e-05,0.0075322445,0.0117329685,0.012359739,0.011517578,0.007902287,0.006941681,0.0067216908,0.012170052,0.011849255,0.011829292,0.010575742,0.009964583,0.0056581525,0.009682053,0.011388759,0.012588238,0.009732329,0.01068566,0.002697749,0.011952747,0.012144817,6.586144e-05,0.011636891,0.0040284325,0.011169408,0.0057115704,0.0075037098,0.010221115,0.010285949,0.0,6.161535e-05,0.0067354143,0.004931714,0.006066818,0.01159426,0.008810342,6.449157e-05,0.008142399,0.002501388,0.0166304,6.702857e-05
6.229458e-05,4.9853454e-05,6.371361e-05,2.2532047e-05,6.222211e-05,2.6596968e-05,4.237318e-05,4.4889497e-05,7.0762195e-05,6.7593835e-05,7.0330956e-05,3.7358768e-05,5.1624927e-05,4.3992746e-05,7.3753996e-05,5.8005142e-05,6.462143e-05,5.400983e-05,3.6315436e-05,0.00812933,0.00085218577,3.0157087e-05,5.7633337e-05,5.0897415e-05,5.2101706e-05,2.4474604e-05,4.3593845e-05,4.353206e-05,3.8546987e-05,2.0086549e-05,7.679475e-05,4.570712e-05,0.008395503,6.802988e-05,2.8450122e-05,5.3458676e-05,3.3785935e-05,0.019052371,5.1026487e-05,2.8538254e-05,3.3789376e-05,3.3611457e-05,2.1553937e-05,7.1232986e-05,2.1787739e-05,2.6081252e-05,6.2337596e-05,3.366928e-05,2.9737424e-05,6.4376276e-05,3.4545887e-05,6.959779e-05,3.1035706e-05,6.910094e-05,0.0045755706,5.454866e-05,0.0071590617,3.3393677e-05,4.3381995e-05,3.5011453e-05,4.055005e-05,5.2126823e-05,5.7931218e-05,4.0916442e-05,3.2386728e-05,0.004801998,6.438436e-05,2.848772e-05,2.2777514e-05,3.164499e-05,0.018387651,0.009714622,6.5313754e-05,4.5977195e-05,3.658708e-05,3.39551e-05,6.435024e-05,0.00054806395,0.030968457,3.731413e-05,3.702804e-05,3.377096e-05,3.7948244e-05,4.7395162e-05,0.0020591286,4.3279695e-05,5.8622303e-05,1.51933355e-05,0.004236426,7.317971e-05,1.9194458e-05,6.89987e-05,2.529195e-05,5.7483812e-05,5.0732877e-05,3.4506986e-05,5.3119795e-05,3.2717955e-05,6.0972703e-05,0.0,4.0633604e-05,1.9440437e-05,3.7927035e-05,5.3172964e-05,5.4399632e-05,3.1279957e-05,4.898178e-05,2.4662386e-05,0.043804497,1.8573537e-05
0.004993927,0.005412469,0.00740089,0.0023421536,0.0075006466,0.001953963,0.0060349265,0.0079075135,0.0070341686,0.0064351787,0.007347374,0.0006199515,0.004494164,0.005544901,0.0088118985,0.007754143,0.0077754427,0.008056373,0.003119297,0.009174107,0.00871695,6.306509e-05,0.004594045,0.0065568043,0.002462891,5.8388392e-05,0.005365064,6.148149e-05,0.0061263577,6.0317892e-05,0.008767359,5.877693e-05,0.009333056,0.00877861,0.00294325,0.005757557,0.0035360577,0.008590099,0.0068607368,0.0009509337,6.4972635e-05,5.9011552e-05,6.272646e-05,0.008690272,6.535154e-05,0.0032711106,0.00894835,0.006789874,5.7481986e-05,0.008095998,6.416221e-05,0.0076333107,0.0050073764,0.008850061,0.009158805,0.0077144606,0.008412541,0.0016299804,0.0074920743,5.98635e-05,0.005209655,0.0041900394,0.0069557386,0.0047149267,0.0037340717,0.008558777,0.008102368,0.0003602965,5.8420406e-05,0.002287349,0.008339434,0.008626098,0.0071511283,0.003135872,0.0013576753,0.0014290595,0.008160263,0.008440661,0.0090965675,0.0060065095,0.0049821734,0.00010447052,0.004878124,0.006880419,0.008995021,0.0050329776,0.0064131836,5.9325714e-05,0.00847592,0.008416235,5.986411e-05,0.0071897386,6.1430066e-05,0.006399911,0.0004086683,0.00220777,0.0052745515,0.0055051716,0.0073145013,5.883006e-05,0.0,6.300979e-05,0.0006892786,0.007133367,0.003965169,6.0817612e-05,0.0032027245,6.2114814e-05,0.016219527,5.7123034e-05
0.002924285,0.0036377811,0.006310758,8.172243e-05,0.006486305,8.557472e-05,0.004556793,0.0066988207,0.005722583,0.0049357535,0.0062979585,8.1695514e-05,0.0022809445,0.0040966053,0.008523546,0.006673838,0.006701103,0.0072086933,0.0011464555,0.009315378,0.0085058855,7.411123e-05,0.0025354775,0.0051133297,0.00010850938,7.362235e-05,0.003859251,7.3160634e-05,0.0047340863,7.1067414e-05,0.008240281,7.344898e-05,0.009466768,0.008344417,0.00050493516,0.0038623614,0.001923701,0.010162964,0.0057698814,7.861898e-05,7.6193806e-05,7.24973e-05,7.664397e-05,0.008209346,7.7788354e-05,0.0012571044,0.008376474,0.005072314,7.6873104e-05,0.007454308,7.840325e-05,0.0066634584,0.003247861,0.008526237,0.009047446,0.0067572705,0.009135821,7.5627286e-05,0.0062845056,7.273774e-05,0.0036946721,0.0022341555,0.005751718,0.0027023146,0.0014502361,0.008594661,0.0071213264,7.526407e-05,7.2554234e-05,0.00026553794,0.009992021,0.009335884,0.0058227163,0.0006880955,7.679898e-05,7.6923585e-05,0.0073838998,0.008274805,0.010916158,0.0045037507,0.0029812274,7.7023324e-05,0.0034050387,0.005482274,0.008970156,0.0033576612,0.004981923,7.439905e-05,0.008599257,0.0077379546,7.201277e-05,0.006020854,7.810402e-05,0.005125967,8.009676e-05,0.00042683166,0.0035153073,0.0036559533,0.0060873223,6.909559e-05,7.7113895e-05,0.0,7.6497396e-05,0.006058511,0.002151466,7.7119745e-05,0.0014203403,7.013269e-05,0.01778766,7.5654425e-05
0.0039183833,0.0043743304,0.0067544314,0.0008436483,0.0068624346,0.0011850409,0.0050217854,0.0072881887,0.0061811632,0.005431074,0.0065132305,6.5886416e-05,0.0028033154,0.00478124,0.008467574,0.006861018,0.0070009576,0.007225139,0.0020991343,0.0091868695,0.008403394,6.749525e-05,0.0036299278,0.0055539454,0.0012058344,5.9509537e-05,0.00456429,6.455315e-05,0.005301701,5.928002e-05,0.008483417,6.239561e-05,0.009341824,0.0084158955,0.0017078931,0.005082076,0.0028207772,0.009479546,0.006051724,6.627915e-05,6.321502e-05,6.536787e-05,6.507819e-05,0.008196776,6.253031e-05,0.002109725,0.008468878,0.005958994,6.581186e-05,0.0075905886,6.459233e-05,0.00686681,0.0039095003,0.008515234,0.008930695,0.007024388,0.008862442,0.0010479764,0.006738635,6.240554e-05,0.0042217625,0.002875105,0.0061561945,0.0038145236,0.0026818456,0.008403319,0.0073994067,6.9495945e-05,5.9687125e-05,0.0012707186,0.009243816,0.009026299,0.006536726,0.0016219697,0.00022815612,0.0005091737,0.0075694355,0.00813656,0.009474269,0.0051370086,0.0041693505,6.519758e-05,0.004190589,0.0058130766,0.008726152,0.003959081,0.005452709,6.2522864e-05,0.00840098,0.008000862,6.486394e-05,0.006536841,6.271023e-05,0.005735607,6.859701e-05,0.001338801,0.0040008198,0.004349173,0.006509863,6.0056664e-05,0.00031623215,6.447838e-05,0.0,0.0064063286,0.002707989,6.651623e-05,0.0024069417,6.132941e-05,0.01657467,6.6020664e-05
0.009265407,0.009346938,0.011202938,0.0063090315,0.011468531,0.006653336,0.009848394,0.011693244,0.01059617,0.010353421,0.010826756,0.0055210073,0.0071635223,0.010078005,0.011875325,0.011205006,0.010941827,0.011262978,0.007593646,0.011818448,0.011985859,0.0029073767,0.00909936,0.010127132,0.006627511,6.863765e-05,0.009836022,0.0030581274,0.01000163,6.7043875e-05,0.012322673,6.666953e-05,0.012047243,0.012005526,0.006923124,0.010262548,0.008353429,0.010725496,0.010558489,0.0056947023,0.0027386532,6.933831e-05,6.50143e-05,0.011602596,0.0028834583,0.00731169,0.0119322855,0.0106820315,6.595479e-05,0.011117394,0.002105476,0.0111115035,0.008568626,0.012010762,0.011660973,0.011112088,0.011808716,0.0067140386,0.01087868,0.0015130666,0.009436133,0.007865052,0.010441622,0.009209065,0.008061957,0.011439299,0.011148107,0.0057858564,6.683457e-05,0.006998076,0.011005649,0.011519201,0.011308504,0.006527137,0.00578722,0.0064528217,0.011773424,0.011543585,0.011351515,0.010040279,0.009684497,0.004542487,0.009541828,0.010498441,0.011627668,0.008966823,0.010449747,0.0020884136,0.011603456,0.011879642,6.7827525e-05,0.010885394,0.0046237656,0.010406811,0.005346678,0.0071935873,0.008961036,0.008967457,0.010729115,6.379424e-05,0.0059493207,0.0045511676,0.005490702,0.0,0.0074867327,6.6103414e-05,0.008178386,0.0029665113,0.016872535,6.8631685e-05
0.0072252215,0.0076624905,0.009090389,0.005199891,0.009130701,0.004406209,0.0083379345,0.009557471,0.008827223,0.008602543,0.009156632,0.0035021428,0.008724931,0.0075035663,0.010197656,0.0095628165,0.0098047955,0.010270336,0.005627336,0.010189957,0.009942106,0.0006389946,0.00676073,0.0085863555,0.00539861,6.723466e-05,0.0074552754,0.0001182539,0.00840421,6.535674e-05,0.010377023,6.66193e-05,0.010527766,0.010248613,0.006177306,0.007602868,0.0060111065,0.010191642,0.008890548,0.0035291314,0.0038249092,6.8631525e-05,6.516546e-05,0.010048961,6.554465e-05,0.0059650713,0.010318777,0.008550803,6.338599e-05,0.009747717,6.728007e-05,0.009519455,0.007477108,0.010266682,0.010370938,0.009419205,0.00997446,0.004166416,0.009514836,6.640889e-05,0.007466812,0.0070994277,0.009062211,0.007048522,0.006127094,0.009894934,0.010025691,0.0028097234,6.2751045e-05,0.0048158257,0.009935353,0.0100561995,0.008902269,0.006789975,0.0041776286,0.003700875,0.009919841,0.009655124,0.010649382,0.008109526,0.0072049117,0.003064208,0.0070199138,0.009012059,0.010407293,0.007476038,0.008287222,6.5355816e-05,0.009798796,0.009831936,6.5956374e-05,0.009123439,6.431305e-05,0.008382945,0.0030314808,0.004663229,0.008481265,0.00827368,0.0092768585,6.326157e-05,0.0040115644,0.0020424456,0.0029010698,0.00912299,0.0,6.6006665e-05,0.005051774,6.564993e-05,0.017969383,6.80327e-05
6.6113746e-05,5.5315933e-05,0.0019957316,6.699754e-05,0.0018160577,4.8408096e-05,6.865149e-05,0.0034943235,0.00028938896,6.612281e-05,0.0022635513,4.8748236e-05,6.358111e-05,5.8408204e-05,0.00833165,0.0023175115,0.0027289772,0.0040231524,6.4833366e-05,0.011209036,0.008792043,5.3690117e-05,6.225245e-05,6.668307e-05,6.110145e-05,4.702535e-05,6.940807e-05,4.3204844e-05,6.7200504e-05,4.6042263e-05,0.006866771,5.0281284e-05,0.011360249,0.0065451814,6.5965585e-05,5.9606104e-05,5.3890253e-05,0.014936625,0.0004807695,6.342138e-05,6.135122e-05,5.293457e-05,4.689635e-05,0.007706719,5.2205174e-05,5.1924588e-05,0.007716141,6.7329944e-05,4.9358132e-05,0.0054471493,5.9967686e-05,0.0023240943,6.2116786e-05,0.008244252,0.010013987,0.0026254025,0.011177452,4.872338e-05,0.0014209691,5.969874e-05,5.407132e-05,6.74944e-05,7.046964e-05,6.142271e-05,5.3426178e-05,0.00977013,0.003807994,6.2967505e-05,4.1540352e-05,5.1364226e-05,0.014662049,0.011389851,0.00059720216,6.6639e-05,5.1447787e-05,5.8562124e-05,0.0037842733,0.008774335,0.019806987,6.8802736e-05,6.575554e-05,4.8739916e-05,6.0565435e-05,6.346622e-05,0.009323448,6.0599694e-05,5.952704e-05,3.955723e-05,0.010150843,0.0053035137,5.679354e-05,0.00053578045,5.4788892e-05,5.7238492e-05,4.854661e-05,5.5336724e-05,5.7342655e-05,6.7411085e-05,0.0012430004,4.6361216e-05,4.971105e-05,4.3188862e-05,6.2660816e-05,7.6425466e-05,6.839894e-05,0.0,4.855296e-05,3.9243765e-05,0.029354211,4.8084887e-05
0.005343285,0.0055769617,0.007503172,0.0023968045,0.00792853,0.0030842493,0.0062888213,0.008146712,0.007053145,0.006495533,0.007186893,0.0013365658,0.0031378388,0.0063690827,0.008842013,0.0078043914,0.007607474,0.0077649937,0.0034840244,0.009118824,0.008605986,6.6785404e-05,0.0052604335,0.0066590304,0.0024025703,6.7129615e-05,0.0057497043,6.754091e-05,0.0062654703,6.30393e-05,0.008898625,6.871384e-05,0.009380168,0.008940106,0.0028796848,0.0065138754,0.004734396,0.008861432,0.0070771566,0.0017150017,6.502988e-05,6.6369124e-05,6.2358755e-05,0.008563762,6.561021e-05,0.003301979,0.008751765,0.0072132624,6.691632e-05,0.00789102,6.6404384e-05,0.0075803315,0.0049749813,0.0089618005,0.008949278,0.007705026,0.008794612,0.0029941415,0.0074913763,6.4235326e-05,0.0056360397,0.0040357593,0.0070786257,0.005454425,0.004237341,0.008645018,0.00797467,0.0022134618,6.630101e-05,0.0030050292,0.008745094,0.008875156,0.0076144626,0.0026005139,0.0014331377,0.0027035163,0.008242636,0.008395837,0.008489163,0.0066535547,0.0059244046,0.00047262496,0.0057688667,0.0068884594,0.008868327,0.0053343643,0.0068551847,6.5268854e-05,0.008412821,0.008622852,6.576892e-05,0.0072880955,0.0006991263,0.006675383,0.0016294884,0.0034989014,0.0049384166,0.00505716,0.00710265,6.6203596e-05,0.0020102079,0.0005495461,0.0018802478,0.0075536743,0.0035994162,6.8477646e-05,0.0,6.5472734e-05,0.014892381,6.894557e-05
0.0003863594,0.0006830227,0.0041663446,6.847223e-05,0.0043412773,7.4878706e-05,0.0017000692,0.005105296,0.0032668938,0.0024124726,0.004292868,6.51335e-05,7.133164e-05,0.0015493814,0.007862219,0.004423378,0.004986511,0.00506449,7.005345e-05,0.009204311,0.007910408,6.735376e-05,7.3999305e-05,0.0022718743,7.2823605e-05,6.650942e-05,0.0010718304,7.172662e-05,0.0018678427,6.0000566e-05,0.006789692,6.3742824e-05,0.009380058,0.007074549,7.113308e-05,0.0016938963,7.197376e-05,0.011025735,0.0034115228,6.934355e-05,7.282961e-05,6.216183e-05,5.722082e-05,0.0073172473,7.2565505e-05,7.349948e-05,0.007601324,0.002952453,6.4978005e-05,0.0062893895,6.316766e-05,0.004392654,7.769473e-05,0.007775842,0.008667728,0.004640001,0.009007087,7.4859425e-05,0.003851648,6.2336374e-05,0.0005970672,7.49907e-05,0.0028823856,0.0002315578,7.4925e-05,0.008306913,0.0054992884,6.640454e-05,7.0310234e-05,7.2026734e-05,0.010838845,0.009344857,0.003991026,6.859401e-05,6.631036e-05,7.246052e-05,0.005333901,0.007746678,0.012680319,0.0016839547,0.0005113717,6.971667e-05,0.00063674565,0.002778776,0.008406,0.0004281893,0.002310277,6.753953e-05,0.008234603,0.006320136,6.59089e-05,0.0035775977,7.030231e-05,0.0025138138,7.426365e-05,6.914955e-05,8.046952e-05,0.00024154685,0.0038193306,6.820323e-05,7.5052376e-05,6.619129e-05,7.0667484e-05,0.0036133572,7.1353745e-05,6.52524e-05,7.0426344e-05,0.0,0.018837992,5.8000383e-05
0.021807497,0.021965692,0.022831438,0.020773605,0.022877935,0.02036778,0.022199364,0.023088226,0.022555728,0.022521451,0.022666687,0.019891854,0.021941273,0.021791633,0.023582533,0.022881417,0.022748824,0.023204153,0.020834692,0.023798367,0.023605326,0.01830405,0.021461384,0.022353012,0.02067583,0.014863493,0.021790128,0.017889539,0.022316907,0.01423815,0.02335055,0.015436515,0.023932964,0.023215504,0.021063685,0.02194935,0.021069178,0.024242012,0.022666395,0.02000179,0.01957584,0.015674796,0.010834056,0.023635691,0.017998813,0.021019781,0.023267347,0.022334708,0.01176438,0.023205059,0.017632969,0.022845227,0.021617848,0.023678117,0.023822052,0.02289289,0.02393882,0.02000241,0.022916932,0.017488826,0.021561433,0.021687621,0.022379894,0.02152632,0.021070736,0.023790738,0.023078244,0.019319737,0.014609828,0.020610487,0.02425308,0.024102062,0.02253212,0.021244831,0.020167118,0.02005569,0.022975937,0.023726407,0.024759218,0.02198492,0.021641858,0.019595675,0.021588288,0.022605846,0.023602244,0.021919524,0.021970477,0.016990459,0.023977093,0.023037761,0.014282155,0.022727912,0.017041892,0.021990456,0.019412564,0.020584151,0.022173237,0.022268347,0.022892976,0.0085255345,0.020223193,0.018919328,0.019590009,0.022582501,0.021757318,0.014395843,0.020691272,0.016694188,0.0,0.013256893
6.131345e-05,6.2562925e-05,6.977708e-05,7.173143e-05,7.396084e-05,4.5744608e-05,6.404605e-05,0.0014097069,7.0371454e-05,6.821583e-05,8.6829e-05,4.524711e-05,7.3279916e-05,5.9711245e-05,0.0073042274,7.391575e-05,0.0004271213,0.0021443916,5.0946757e-05,0.010879248,0.0078077503,4.5124e-05,6.139557e-05,8.009552e-05,6.949276e-05,5.5568416e-05,6.592179e-05,5.2853975e-05,7.917169e-05,5.819485e-05,0.0051907594,5.3201282e-05,0.01117483,0.00495797,5.545657e-05,5.7839155e-05,5.5469955e-05,0.015862292,7.931201e-05,5.0813283e-05,6.5041095e-05,4.0173076e-05,5.5898232e-05,0.0066146045,4.7709404e-05,6.346104e-05,0.006345778,6.7813955e-05,5.9046284e-05,0.0037959248,4.0976287e-05,7.705351e-05,6.690826e-05,0.0071112225,0.009561996,0.0002804541,0.010624262,5.6156423e-05,6.615517e-05,4.9150163e-05,7.673072e-05,6.199784e-05,6.4944885e-05,5.7341753e-05,6.1095554e-05,0.009164674,0.001595685,5.880236e-05,4.0565796e-05,6.884113e-05,0.015654158,0.01136449,6.747044e-05,5.963968e-05,5.358024e-05,5.2863736e-05,0.0014952387,0.00798433,0.02148457,5.5362e-05,7.331517e-05,6.8144174e-05,6.705093e-05,6.416493e-05,0.008631956,5.888864e-05,6.744096e-05,4.103e-05,0.009309259,0.0033477906,5.8206548e-05,8.2027014e-05,4.4673823e-05,7.236715e-05,4.4612596e-05,4.8115024e-05,7.4725096e-05,7.349028e-05,7.544742e-05,5.3369313e-05,5.3424683e-05,4.6077173e-05,6.6080866e-05,7.4238604e-05,7.043209e-05,4.352514e-05,5.958197e-05,3.836227e-05,0.030553332,0.0
