1,2,3,4,5,6,7,8,9,10,11,12,13,14,15,16,17,18,19,20,21,22,23,24,25,26,27,28,29,30,31,32,33,34,35,36,37,38,39,40,41,42,43,44,45,46,47,48,49,50,51,52,53,54,55,56,57,58,59,60,61,62,63,64,65,66,67,68,69,70,71,72,73,74,75,76,77,78,79,80,81,82,83,84,85,86,87,88,89,90,91,92,93,94,95,96,97,98,99,100,101,102,103,104,105,106,107,108,109,110
0.0,0.995463,-0.0032151998,-0.0032366903,-0.0036659425,0.9954962,1.4222075e-05,-0.0029902013,-1.9752628e-05,0.9954986,-0.0033672573,-0.0032233428,-0.0028327766,-0.0024353303,1.1705577e-05,-0.0025023394,1.8125249e-05,-0.0032222122,0.9955064,-3.7077694e-05,-0.0017939977,-0.0033443691,-0.0019784435,-0.0007192968,-0.0022538637,-0.0028534762,-0.003434054,-0.0006804897,-0.002618526,-0.0012416588,-0.002242813,-1.2437237e-05,-0.003661958,-0.0017282343,-0.0010034059,-0.0018346638,-0.0017330031,-0.0036235284,-2.6965947e-05,-0.0009060848,-0.00078161596,-3.4718545e-05,-0.00066173455,-0.00045571706,-0.0029360212,-0.00293795,-0.003475992,-0.0012565855,-0.0022293453,-0.0018716615,-0.0015992264,-0.0032274376,-0.0019185736,-0.0035451348,-0.0029341767,-6.4529336e-06,-0.0032433737,-0.0017722643,-0.0023758588,-4.1386043e-05,-0.0032361792,-0.003384247,-0.0033215021,-0.0018565556,-0.0029402745,-5.4756736e-05,-0.0028910334,-0.001833684,6.484576e-06,-0.0024561118,-0.003239703,-0.003086996,1.2041154e-05,-0.00031706132,-0.003303824,-0.00065743487,-0.0029382822,-0.0035603754,-0.001930212,0.9955226,-3.3132818e-07,-0.00290523,-0.0008885401,-0.00026552597,-1.5237882e-05,-0.00037047442,-8.119155e-06,-0.0030973637,-0.0035381012,-0.0019741012,0.9954808,-0.0018824905,-0.0001530805,-0.0037027847,-0.00020447127,7.656887e-06,-0.0011919731,-0.0028107478,1.9102532e-05,-0.0033742974,-0.002065939,-0.00038210297,-0.0014206973,-2.8920884e-05,7.6055717e-06,-0.0018450376,3.2488545e-06,-4.8055277e-05,-1.8103368e-05,1.0950865e-06
6.238093e-05,0.0,-0.00020744037,-0.00020825447,-0.0006120932,1.0016011,4.26178e-05,-0.00015236245,1.1333375e-05,1.0018077,-0.00024860757,-0.0001885614,-7.226963e-05,1.0441361e-05,1.3060789e-05,5.7409097e-06,4.288001e-05,-0.00020240613,1.0018522,2.9260307e-05,3.2115677e-05,-0.000217841,2.7183412e-05,8.135422e-05,2.62453e-05,-6.530684e-05,-0.00036052082,5.78181e-05,1.629455e-07,4.4540324e-05,3.4207056e-05,8.278383e-05,-0.00060785457,3.2216423e-05,4.7411366e-05,2.3163451e-05,3.7835624e-05,-0.0005581483,-0.00032107765,5.7317025e-05,7.071883e-05,6.7479275e-05,6.8731606e-05,6.5909706e-05,-0.00013501114,-0.000115155635,-0.0003853808,4.9681366e-05,2.546868e-05,2.4348405e-05,2.772904e-05,-0.0001948243,2.8663188e-05,-0.00042090248,-0.00012382897,7.5453994e-05,-0.00017054382,3.7512877e-05,1.672625e-05,6.1421786e-05,-0.00017894975,-0.00032244218,-0.00024840192,2.5096815e-05,-0.00012759032,8.782752e-05,-7.987844e-05,3.5944082e-05,-0.00010974432,1.0877427e-05,-0.00018101546,-0.00016963754,4.667692e-05,8.748494e-05,-0.00022961717,5.179637e-05,-0.00010810092,-0.00046380056,3.1876647e-05,1.001783,4.2676635e-05,-9.454146e-05,5.4493918e-05,7.868916e-05,4.0158822e-05,6.157623e-05,7.583044e-05,-0.00022374332,-0.00042808714,2.8382725e-05,1.0016798,3.857098e-05,0.00010082606,-0.00067430583,8.46717e-05,-0.0010782578,3.8639468e-05,-6.628055e-05,6.6898916e-05,-0.000262802,2.7604698e-05,8.3055056e-05,3.9953986e-05,6.9754664e-05,3.8297057e-05,2.950271e-05,-0.00025239718,9.62484e-05,7.033049e-05,7.014776e-05
0.0026498095,0.99894345,0.0,0.003697134,0.0038677119,0.9972034,0.002223557,0.0036535987,0.00234518,0.9984653,0.00375913,0.003731173,0.0035299805,0.0033504884,0.0023930436,0.0037057514,0.0022349134,0.00375316,0.99829,0.002286765,0.0031581172,0.0037511545,0.0031982544,0.0027076758,0.0032672838,0.0035637133,0.003787015,0.0027672055,0.003721447,0.0030251606,0.0032129062,0.0023668304,0.0038733962,0.003161947,0.0028480864,0.0031937542,0.0031670243,0.0038572624,0.0025809393,0.0028096344,0.0027415615,0.0023868324,0.0027352008,0.002547482,0.0036011562,0.0039005508,0.003786783,0.0029821517,0.0032796182,0.0031507094,0.0031089291,0.0039186063,0.0031580755,0.003818582,0.0036040142,0.0023230577,0.0037144907,0.0031889903,0.0033273962,0.0022899588,0.0037002217,0.0037918475,0.003748131,0.003212934,0.0036333005,0.0023482863,0.0038716425,0.003190231,0.0024435367,0.0034338294,0.004025122,0.0036467332,0.002244092,0.0025581887,0.003790178,0.0027082886,0.003563481,0.003860329,0.0031147772,0.997204,0.0022920128,0.0035588956,0.0028704128,0.0025069513,0.0022600582,0.0025029567,0.002297832,0.0036763637,0.0038212994,0.0032091374,0.9986148,0.0031601212,0.0024478089,0.0039031731,0.002511147,0.0032330942,0.002924488,0.0035378113,0.0023386627,0.0037436637,0.0032069865,0.0025628756,0.003042089,0.0022955027,0.0023051235,0.0031546042,0.0025660072,0.0024143432,0.0022597574,0.0023078152
0.002593123,0.99888843,0.003983956,0.0,0.0038336022,0.9971255,0.0021700962,0.0037167144,0.0022643053,0.99837536,0.0037340801,0.0036984608,0.0034678765,0.0036229058,0.0023049777,0.0036673497,0.0021633646,0.003828553,0.9982317,0.0022014102,0.0031261807,0.0037150723,0.0031848424,0.0026404269,0.0032186564,0.0035200345,0.003750381,0.0026765806,0.0036954596,0.0029495563,0.00319097,0.0022878551,0.0038395762,0.0031132258,0.0027878634,0.003109314,0.0031124493,0.0038191227,0.0024983308,0.002740441,0.0026684203,0.0023461697,0.0026561888,0.0024877263,0.003858492,0.003865783,0.0040676715,0.0029251059,0.003224656,0.0031033182,0.0030470856,0.003978892,0.0030835217,0.003765522,0.0035484158,0.0022489747,0.0037103782,0.0031287242,0.0032863703,0.0022034508,0.0036604127,0.0037920952,0.004009526,0.003162125,0.0038620497,0.0022774772,0.0038217914,0.0031239924,0.0023591036,0.0035438815,0.0040041055,0.0039297305,0.002170376,0.0024752233,0.003794337,0.002631192,0.0038495513,0.0038120046,0.0030626294,0.99719584,0.0021953636,0.0038342935,0.0027791988,0.0024431814,0.0021973467,0.0024521581,0.0022233254,0.0039295373,0.0037915285,0.0031763457,0.9985576,0.00309419,0.0023791431,0.0038760356,0.002437344,0.0031444377,0.0028590867,0.0034996273,0.0022692292,0.004027345,0.003143183,0.0024776005,0.0029894183,0.002205476,0.0021986617,0.0031028155,0.0024790724,0.00232189,0.002177818,0.002217205
0.004789336,1.0035055,0.0050859875,0.005094292,0.0,1.0010713,0.0046494524,0.0050637866,0.0047186078,1.003146,0.0051089525,0.0050941086,0.0050326553,0.004960819,0.004745264,0.0049687224,0.0046331324,0.0051021567,1.0030302,0.004671892,0.004944839,0.0051057492,0.0049020476,0.0048011392,0.0049373726,0.005030211,0.0051104277,0.0048084636,0.0049778973,0.004884099,0.004933323,0.0046545365,0.005122941,0.0049373526,0.0048337653,0.004950231,0.004931447,0.005120488,0.0049331454,0.0048154755,0.0048027663,0.0046655084,0.0048013125,0.0047351955,0.0050545726,0.005043737,0.0051079,0.0048863264,0.0049369843,0.0049050334,0.004927513,0.005106748,0.0049051517,0.0051139467,0.0050441767,0.0046547716,0.0050961785,0.0049502063,0.0049511665,0.004637757,0.005104756,0.0051107784,0.0051057115,0.004967581,0.0050536697,0.004652872,0.005040471,0.004961943,0.0047958097,0.004957513,0.0050974092,0.00507327,0.0046494636,0.004722241,0.0051114643,0.0047829263,0.0050472873,0.0051236777,0.004915913,1.0013007,0.0046708984,0.0050384053,0.0048432634,0.0047213105,0.004637173,0.004725114,0.0046407296,0.005083781,0.005122191,0.0048982794,1.0032953,0.0049212202,0.0046974276,0.00512618,0.0047150743,0.0054295505,0.0048509175,0.0050285542,0.0046440936,0.0051047266,0.0049163117,0.004730631,0.0049072746,0.0046175113,0.0046621654,0.004935985,0.004905976,0.0046693487,0.004611679,0.004628738
-0.00471777,0.9970772,-0.0056140744,-0.0056530866,-0.005773108,0.0,-0.004510798,-0.005537023,-0.0046102786,0.99747217,-0.005703354,-0.0056080287,-0.0054177847,-0.0053536985,-0.004610885,-0.0053242706,-0.0045099203,-0.005623233,0.9975581,-0.0044939877,-0.005220106,-0.005666147,-0.0051845475,-0.004759247,-0.0052566235,-0.005476591,-0.005723375,-0.004807398,-0.0053751757,-0.0049834712,-0.005249571,-0.0045247795,-0.0057777287,-0.0051228018,-0.0049604066,-0.005163294,-0.005115259,-0.005786581,-0.004804658,-0.004896277,-0.004830548,-0.004627202,-0.0047823754,-0.0046979603,-0.0055135763,-0.0054780366,-0.0056538186,-0.0049796165,-0.0052362652,-0.005141954,-0.005050488,-0.0056294682,-0.0051122345,-0.005697411,-0.0055305217,-0.0044920733,-0.005632415,-0.005134872,-0.00530277,-0.004430066,-0.005622309,-0.005652823,-0.0056667295,-0.005149123,-0.0055490457,-0.004483407,-0.0054607773,-0.0051330845,-0.0046998924,-0.0053220014,-0.0055876286,-0.005592946,-0.0044881124,-0.0046574324,-0.0056675137,-0.0047857417,-0.005511302,-0.0057415073,-0.005164499,0.99803966,-0.0045007668,-0.0055079437,-0.0048239003,-0.004640201,-0.004480651,-0.004667522,-0.004448785,-0.0055696056,-0.0057397406,-0.005198056,0.9973779,-0.0051059783,-0.004579746,-0.005811262,-0.0046076197,-0.005172115,-0.0049533215,-0.0054678917,-0.0045281756,-0.005664838,-0.0051775696,-0.0046907384,-0.005027498,-0.004421859,-0.004436042,-0.0051333066,-0.004798005,-0.0045163133,-0.0044677407,-0.0044636843
-0.0044280672,0.99532247,-0.0047687986,-0.0047811912,-0.0048341826,0.99532884,0.0,-0.0047349758,-0.0043193,0.9953474,-0.0047958987,-0.0047764694,-0.004697239,-0.004628298,-0.0043003107,-0.004635093,-0.0042675636,-0.0047775013,0.99534863,-0.0043132813,-0.004611068,-0.0047959983,-0.004563461,-0.0044303467,-0.004604163,-0.0047056214,-0.004806659,-0.004449862,-0.004647421,-0.0045307493,-0.0046012597,-0.004315652,-0.004832575,-0.0045870645,-0.004492186,-0.004588501,-0.004583986,-0.0048213215,-0.004481348,-0.0044815526,-0.004460188,-0.0043125153,-0.004437353,-0.004383905,-0.004716568,-0.0047143972,-0.004809683,-0.0045231828,-0.0045930375,-0.004563526,-0.0045663416,-0.0047806944,-0.004575894,-0.0048191748,-0.0047246246,-0.0042910194,-0.0047787474,-0.0045963163,-0.004619792,-0.0042766915,-0.004784931,-0.004798691,-0.0047930605,-0.0046070763,-0.0047212252,-0.0043302113,-0.004717853,-0.0046001105,-0.004392664,-0.004628365,-0.004780594,-0.004756516,-0.0042797537,-0.004394917,-0.0047936053,-0.0044296216,-0.004719494,-0.004825428,-0.004574836,0.9953828,-0.0042926925,-0.0047163563,-0.004492858,-0.004371359,-0.0042557186,-0.0043868083,-0.004284505,-0.004754827,-0.004818383,-0.0045619123,0.99533683,-0.0045740902,-0.0043511945,-0.0048377127,-0.004368982,-0.005307059,-0.0045130905,-0.004695583,-0.0043089665,-0.0047971555,-0.0045777927,-0.004377335,-0.004538838,-0.00428419,-0.004308468,-0.0045890855,-0.0044486346,-0.004320621,-0.0042634024,-0.004259433
0.0011303948,0.9963478,0.0035335463,0.0034927167,0.003816036,0.9949687,-1.517324e-05,0.0,4.4032073e-05,0.99616563,0.0036002002,0.003530996,0.003160301,0.002766966,0.00012007626,0.002836315,1.252973e-05,0.0035401315,0.99605006,-1.9990657e-05,0.0021375653,0.003574812,0.0023618825,0.0012306075,0.0025513172,0.0032110398,0.0036585056,0.0013566908,0.0028792622,0.0018871758,0.0024160242,0.00033725234,0.0038220321,0.0021519773,0.0015164769,0.0023040976,0.002179877,0.0038063442,0.00024785093,0.0014316777,0.0012559079,0.00025962412,0.001295844,0.00096922973,0.003244822,0.0032399152,0.0036961013,0.0017311798,0.002593577,0.0022271588,0.002075824,0.0035071438,0.0022705116,0.0037495624,0.0032903359,0.00013076495,0.0034986944,0.0022640044,0.0026948776,1.9454938e-05,0.0034990543,0.0036540702,0.0035783753,0.0022496472,0.0032674898,0.000294773,0.0031628907,0.0022578333,0.00010993353,0.002803887,0.0034857506,0.0034117072,-2.0872689e-05,0.000986081,0.0036136615,0.0012549643,0.0032320837,0.0037944103,0.0021704189,0.9949887,-1.3363113e-05,0.003225249,0.0015534201,0.00078954763,-1.3827601e-05,0.0008246823,0.00013883307,0.0034234885,0.0037252037,0.0023625416,0.9962236,0.002233001,0.00083344686,0.0038702753,0.0008849517,0.000924688,0.0016782287,0.0031560746,0.00024616142,0.0036064642,0.0024179234,0.0010469131,0.0018961019,4.675494e-05,1.7951705e-05,0.0022191314,0.00024182783,0.0003203125,1.6180021e-06,0.00012052745
-0.005095182,0.99502933,-0.0052641868,-0.0052754492,-0.005285231,0.99501187,-0.0050346768,-0.0052464427,0.0,0.99504155,-0.0052814414,-0.005271118,-0.0052254996,-0.005176331,-0.005101724,-0.0051824227,-0.0050381357,-0.0052722762,0.99504113,-0.0050746244,-0.0052053235,-0.005281892,-0.0051410617,-0.0050928826,-0.005166078,-0.00522716,-0.0052853418,-0.0050992216,-0.0051915282,-0.0051466073,-0.0051737786,-0.005021784,-0.0052866745,-0.0051805004,-0.005126653,-0.0051798895,-0.0051764287,-0.0052776802,-0.005316878,-0.005122735,-0.005111301,-0.0050339256,-0.0050897584,-0.0050697373,-0.0052345726,-0.0052360403,-0.0052820505,-0.0051429095,-0.0051622367,-0.0051468606,-0.0051684044,-0.005278919,-0.0051536057,-0.0052856915,-0.005241727,-0.005011064,-0.0052720886,-0.005183628,-0.0051757046,-0.0050237975,-0.00527987,-0.005280766,-0.005279015,-0.0051965145,-0.0052390685,-0.0050298595,-0.0052395635,-0.0051921615,-0.0051948554,-0.0051768273,-0.0052780635,-0.0052642273,-0.0050407993,-0.005063027,-0.00528332,-0.005086461,-0.005237699,-0.00528591,-0.0051622717,0.99504817,-0.005065487,-0.00523436,-0.0051232474,-0.005059557,-0.005026142,-0.0050689373,-0.0050108614,-0.005261315,-0.005287979,-0.0051387167,0.9950387,-0.005155377,-0.0050462303,-0.0052871723,-0.0050536715,-0.006143864,-0.005135552,-0.0052198754,-0.0050239917,-0.0052806335,-0.0051499433,-0.00505726,-0.0051521887,-0.0050198887,-0.00505463,-0.005177172,-0.005266843,-0.0050196555,-0.005006919,-0.0049971007
-0.00012729937,1.0020585,-0.0013187521,-0.0013253872,-0.001775376,1.0020307,-0.0003887435,-0.0012552907,-0.0008224762,0.0,-0.0013836304,-0.0012914432,-0.0011214004,-0.0008911037,-0.0007303299,-0.0009318418,-0.00041373036,-0.0013156383,1.0022851,-0.00048063035,-0.0006745046,-0.0013398965,-0.00058561674,-0.00013600982,-0.0007187846,-0.0011335581,-0.0015006706,-0.00018456396,-0.0009844858,-0.00037267557,-0.00068179955,-8.2172395e-05,-0.001768888,-0.0005284306,-0.0002993645,-0.0005886209,-0.00051245274,-0.0017245754,-0.0013516056,-0.00029054043,-0.00019605923,-0.00010471263,-0.00015601554,-0.00013141586,-0.0012174716,-0.0011975769,-0.0015201563,-0.00032603473,-0.00069411343,-0.000521532,-0.00046562025,-0.0013172149,-0.00052595517,-0.0015714276,-0.0012120049,-8.1649974e-05,-0.0012824646,-0.0005703395,-0.0008056177,-0.00019065752,-0.001303169,-0.0014513069,-0.0013700795,-0.0005756048,-0.001212192,-4.2220327e-06,-0.0011483904,-0.0005294551,-0.0010149503,-0.00089127227,-0.0012902741,-0.001280322,-0.00030885558,-6.5410175e-05,-0.0013509648,-0.0001965646,-0.0011861441,-0.0016191608,-0.0005248921,1.0022215,-0.0004851243,-0.0011694831,-0.00025573763,-6.607588e-05,-0.0003499372,-0.00013167127,-0.00010453481,-0.0013335894,-0.0015740062,-0.0006210115,1.0021327,-0.0005076582,-5.1047424e-05,-0.0018437251,-7.469758e-05,-0.0023945144,-0.0003806987,-0.0011251577,-0.0001259442,-0.0013929327,-0.0006380371,-0.00013538978,-0.00037626093,-0.00010959996,-0.00039802073,-0.0005582011,-0.0012565316,-9.613343e-05,-0.00011486391,-0.00010102878
0.0033846297,1.0006262,0.0041334946,0.004142803,0.0042440435,0.9982463,0.0030696448,0.0040751784,0.003151622,0.9999943,0.0,0.0041469247,0.004006264,0.003877383,0.0031978032,0.003895968,0.0030609402,0.004158554,0.99981487,0.0031044988,0.0037588186,0.004170623,0.00374321,0.0034198808,0.003815964,0.0040188734,0.0041936296,0.003447074,0.0039121164,0.0036270842,0.0037934599,0.0031460251,0.004245783,0.003739031,0.0035229858,0.003763648,0.003736534,0.004234275,0.0033932459,0.0034852757,0.0034443024,0.0031901575,0.0034261772,0.0033023485,0.0040506287,0.004030338,0.00418807,0.0036156133,0.0038180293,0.0037266563,0.0037050163,0.0041577034,0.003732446,0.004212767,0.0040477193,0.00312491,0.0041426076,0.0037640647,0.0038557504,0.003089339,0.0041485014,0.004189376,0.0041655563,0.0037798027,0.004053994,0.0031421692,0.0040178,0.0037707174,0.0032428375,0.0038854547,0.004138729,0.0040972596,0.003069271,0.0032875885,0.004181467,0.0034096665,0.004045352,0.0042346814,0.0037257036,0.9983376,0.0030967295,0.0040289774,0.0035220585,0.003270914,0.0030772353,0.0032780224,0.003098238,0.0041067894,0.004217462,0.0037444266,1.0002266,0.0037345209,0.0032242115,0.00426051,0.0032663767,0.0040055853,0.0035657962,0.0040070405,0.003130916,0.0041712653,0.0037682895,0.00329719,0.003662832,0.0030799608,0.0030905649,0.0037476826,0.0033704047,0.0031715673,0.003058058,0.0030924152
0.0027184864,0.9991297,0.0037327455,0.0037361698,0.0038920091,0.99730086,0.002308834,0.0036758464,0.0024146116,0.9986418,0.0037895686,0.0,0.0035690241,0.0033913557,0.0024586245,0.0034044075,0.0023135038,0.0037756462,0.9984525,0.0023590256,0.0032189332,0.003776403,0.0032393024,0.0027693387,0.0033086003,0.0035960816,0.0038166896,0.0028050751,0.0037671244,0.003061207,0.0032710133,0.0024341864,0.0038927996,0.0032016337,0.0029103826,0.0032270001,0.0032060202,0.0038792277,0.0026460707,0.002866928,0.0027944345,0.0024892378,0.002785299,0.0026287637,0.0036080512,0.003919448,0.0038074031,0.0030272352,0.003328031,0.0031990046,0.0031536703,0.0038213225,0.0031940744,0.0038410893,0.0036278968,0.0023953184,0.0037447247,0.0032263,0.0033722213,0.0023508465,0.0037444336,0.0038153597,0.003772453,0.0032481253,0.0036304826,0.0024226625,0.0035651014,0.0032297627,0.0025016365,0.0034408632,0.00405161,0.0036770985,0.0023148176,0.00260451,0.003811909,0.0027601297,0.0036001867,0.0038776142,0.0031735026,0.9973454,0.002349607,0.0035888215,0.002914763,0.0025760792,0.0023376227,0.002582725,0.0023602839,0.0036956107,0.0038480435,0.0032463819,0.99879545,0.0031977433,0.0025126515,0.003924343,0.0025737586,0.0032831368,0.002966293,0.0035687238,0.0024097378,0.0037736942,0.0032453013,0.002624414,0.00309158,0.002355031,0.0023535215,0.0032049709,0.0026325386,0.002474421,0.0023235637,0.0023694315
0.00010496714,0.9955606,0.0032346102,0.0032017273,0.003601494,0.99445593,1.2242694e-05,0.003000753,9.807538e-06,0.9954756,0.003336656,0.0032413926,0.0,0.0022340051,7.3990196e-07,0.0023305705,1.3561611e-05,0.0032380496,0.9953629,1.33419335e-05,0.0014311571,0.0032936297,0.0016577425,0.0002578762,0.001919764,0.0028139409,0.003415373,0.00032109,0.0024017827,0.0009581132,0.0017533723,4.6034287e-08,0.003606246,0.0013703519,0.00061024376,0.0015328112,0.0013981822,0.0035799828,-1.1766457e-05,0.00047958686,0.00035096845,3.7103775e-05,0.00026291588,5.5998476e-05,0.0028787076,0.0028534203,0.0034349842,0.00081668503,0.0020099184,0.0014894526,0.0012637926,0.0032052577,0.0015322265,0.0035117385,0.0029139842,3.0452816e-06,0.0031963938,0.0014801433,0.002135981,6.4568476e-06,0.0032358712,0.0033825226,0.0032738538,0.0014688325,0.0028877344,-1.5438252e-05,0.0027719582,0.0014925855,3.572016e-05,0.0022734131,0.0032077818,0.0030769762,-9.667611e-06,4.9100036e-06,0.0033320454,0.00023692001,0.0028606693,0.003556546,0.0014003933,0.9951357,2.207493e-05,0.0028421339,0.0005638854,-1.11788195e-05,2.4798088e-05,5.0464605e-05,6.689737e-06,0.0030909039,0.0034818538,0.0016539185,0.9955186,0.0014439558,2.4416087e-05,0.0036414338,-1.3362634e-05,8.777967e-06,0.00076546805,0.0027510724,-9.891924e-06,0.003332688,0.0017412449,-1.3489628e-05,0.0010390013,1.9756071e-05,3.5313988e-05,0.0014621759,-3.755864e-07,3.2815147e-05,-1.7802002e-05,2.2213197e-05
8.014845e-06,0.99502045,0.0020955743,0.0020331296,0.0026426523,0.9949091,-5.132268e-06,0.0017925695,-6.0623825e-06,0.99500376,0.0022406771,0.0020877603,0.0013771239,0.0,-7.1625627e-06,0.0006282561,-1.6131009e-05,0.0021125681,0.9949925,-1.7317576e-05,1.7688755e-05,0.0021743854,5.1848216e-05,1.5645222e-05,6.843281e-05,0.0014697321,0.002365737,5.413757e-06,0.0007454393,2.4958908e-05,3.082478e-05,-1.8001572e-05,0.0026529285,1.3642163e-05,4.857106e-06,-2.4187464e-05,2.592585e-05,0.0026112706,2.2447706e-05,-1.5486055e-05,3.3270087e-05,1.4797595e-05,3.1453754e-05,1.1775658e-05,0.0015812187,0.0015554242,0.0024229507,4.022725e-05,5.8825608e-05,4.1082807e-05,1.3834309e-05,0.002073163,1.3188658e-05,0.0025027788,0.0016450936,2.9155437e-06,0.0020148584,3.2248758e-05,0.00032225225,9.985422e-06,0.0020918585,0.0023093235,0.0021317312,-8.996396e-06,0.0015731977,2.2070205e-06,0.0013819438,3.2107608e-05,8.668329e-06,0.0005480921,0.002034756,0.0018854495,-1.3269656e-05,1.6310432e-05,0.0022184653,-1.7240784e-05,0.0015505352,0.0025887706,2.7558626e-05,0.9949055,8.068567e-06,0.0015079975,-1.4995583e-05,2.661517e-07,1.4884825e-05,-1.29145465e-05,1.1416801e-05,0.0019344462,0.002447279,4.0279916e-05,0.9950403,3.5297824e-06,2.6913323e-05,0.0026907695,5.981092e-06,-8.7720955e-06,-2.5016147e-05,0.0013601611,2.2002925e-05,0.0022564577,-3.0860367e-05,1.9808382e-05,-5.8436294e-06,1.2663294e-06,-2.0145046e-05,2.7510645e-05,-8.4481377e-07,-4.768112e-06,-1.4652243e-05,-1.8952995e-05
-0.005048405,0.9950559,-0.0052248663,-0.0052366727,-0.005253007,0.99503726,-0.004979362,-0.0052090227,-0.0050718347,0.9950678,-0.00524663,-0.005233965,-0.0051846015,-0.0051367246,0.0,-0.0051430133,-0.004987713,-0.0052351994,0.99507123,-0.005029707,-0.0051659667,-0.005243569,-0.0050952556,-0.0050445544,-0.0051251375,-0.0051879855,-0.005247807,-0.0050510983,-0.0051478334,-0.005098225,-0.0051224744,-0.0049757473,-0.0052515436,-0.0051381723,-0.0050859605,-0.0051364778,-0.005136158,-0.0052480665,-0.0052654715,-0.005079429,-0.0050705005,-0.004994246,-0.0050503314,-0.005018685,-0.005196305,-0.005195487,-0.005245984,-0.005101245,-0.005118137,-0.005107452,-0.005123326,-0.0052409247,-0.005110518,-0.0052496274,-0.00520321,-0.004967585,-0.005234418,-0.0051413844,-0.005132202,-0.0049690893,-0.0052434383,-0.0052416255,-0.005242008,-0.0051520364,-0.0052013225,-0.0049945186,-0.005200336,-0.005146909,-0.005118672,-0.0051379297,-0.0052393326,-0.0052264743,-0.004993829,-0.0050161495,-0.005245249,-0.0050349757,-0.0051987134,-0.005252449,-0.0051140166,0.995077,-0.005016184,-0.0051956167,-0.005078763,-0.0050134338,-0.0049801474,-0.0050300923,-0.0049616136,-0.0052224128,-0.0052516754,-0.0050962605,0.9950656,-0.0051123784,-0.004996725,-0.00525109,-0.005007671,-0.0060863085,-0.005091811,-0.005179695,-0.004971773,-0.0052455957,-0.0051075937,-0.0050149066,-0.00510781,-0.0049507455,-0.00500194,-0.0051354254,-0.0052024587,-0.0049690832,-0.0049506295,-0.0049333167
2.3700497e-06,0.9949417,0.002392936,0.0022924321,0.0028908905,0.9948244,-1.6713908e-05,0.0020744796,2.758981e-05,0.99490917,0.002491816,0.0023567427,0.0016866486,0.0008194605,2.7813105e-05,0.0,3.3077658e-06,0.0023746411,0.9949028,-3.3720619e-06,-1.7195558e-05,0.0024386384,5.140417e-05,2.7189708e-05,0.0003185092,0.0017752023,0.0026086736,8.773474e-06,0.0010948291,-7.950942e-06,3.8236143e-05,2.2412018e-05,0.0028853344,5.4256638e-05,5.7325437e-06,-1.5011523e-05,1.40401835e-05,0.0028525973,1.2687549e-05,-2.3651332e-06,3.2361753e-05,1.0953928e-05,4.1095896e-05,1.9861694e-05,0.0018709278,0.0018618942,0.00267563,-8.388346e-06,0.00044185392,3.1577358e-05,-5.5523674e-06,0.0023300154,-9.421782e-06,0.0027579905,0.0019410745,-1.7737888e-05,0.0022827638,2.887682e-05,0.0006721741,1.8123311e-06,0.0023630238,0.0025875084,0.0024158556,-1.560217e-05,0.001879492,-2.015785e-05,0.0016569026,2.3089355e-05,-4.802249e-06,0.00089386513,0.0023064725,0.002150763,5.153052e-06,-9.559411e-07,0.0024800817,-8.8664126e-07,0.0018234306,0.0028401278,1.7790879e-05,0.9948166,-1.8269468e-05,0.0018157789,-8.7635226e-07,-1.0919108e-05,2.7298665e-05,1.964981e-05,6.8444147e-06,0.002205302,0.0026838288,4.6728397e-05,0.9949652,-1.4183023e-06,1.2812552e-05,0.0029324768,-1.0530123e-05,2.3400466e-05,-1.2205672e-05,0.0016723822,5.271036e-06,0.0025128776,6.50811e-05,3.512957e-05,2.0738496e-05,-8.260108e-06,2.2080601e-05,-1.6536917e-05,-6.9098805e-06,-2.6149332e-06,-1.7368624e-05,-1.3073863e-05
-0.0044473023,0.9953126,-0.0047869356,-0.0047972663,-0.004853135,0.9953104,-0.004280909,-0.0047540977,-0.0043347613,0.995337,-0.004815394,-0.0047942568,-0.0047178282,-0.0046461606,-0.004318417,-0.004657251,0.0,-0.0047974624,0.99533814,-0.00430872,-0.004624458,-0.00481507,-0.0045821047,-0.0044576293,-0.004626527,-0.0047241845,-0.004824601,-0.00447325,-0.0046655955,-0.004552696,-0.004619344,-0.004321145,-0.004851617,-0.0046090675,-0.004508786,-0.004614931,-0.004604357,-0.0048404443,-0.0044812234,-0.004504946,-0.004487278,-0.0043372377,-0.0044605793,-0.004402699,-0.004738088,-0.004740821,-0.004825922,-0.004545654,-0.0046140137,-0.004584381,-0.0045899693,-0.004800865,-0.0045984187,-0.004837648,-0.004744367,-0.0043090577,-0.0047982233,-0.004616179,-0.0046418924,-0.0043216916,-0.00480089,-0.0048175533,-0.0048121503,-0.0046324544,-0.0047428487,-0.0043455544,-0.004739251,-0.004627268,-0.004434021,-0.004650513,-0.004802469,-0.004776741,-0.004305418,-0.0044184164,-0.0048127035,-0.004459436,-0.0047406773,-0.004842687,-0.0045916038,0.99536663,-0.004316176,-0.0047348,-0.004510215,-0.0043960717,-0.0042560296,-0.0044096736,-0.0043103974,-0.0047755134,-0.004836933,-0.0045829355,0.99532783,-0.0045924215,-0.0043787546,-0.0048556374,-0.0043912805,-0.0053362837,-0.0045336904,-0.004715226,-0.004323026,-0.004820028,-0.0046012374,-0.0044026366,-0.004564583,-0.004309711,-0.004338775,-0.004608903,-0.0044698846,-0.0043356307,-0.0042896364,-0.0042778435
0.0024797888,0.9986209,0.0039381254,0.003922216,0.003789358,0.9969712,0.0020316096,0.003692429,0.0021376233,0.9981541,0.0036875326,0.003676794,0.003739213,0.0035478894,0.0021914556,0.003646571,0.0020286927,0.0,0.9979954,0.002082415,0.0030281383,0.0037116017,0.0031265197,0.0025297857,0.0034473927,0.0035210652,0.0036996726,0.0025865168,0.003661371,0.002866482,0.0030997498,0.0021627613,0.0037966059,0.0030512041,0.0026818828,0.0030404788,0.003039689,0.0037737265,0.0023799709,0.0026412394,0.0025633418,0.0022105237,0.0025562781,0.002364996,0.0038644245,0.0038297551,0.0040138653,0.0028409024,0.003159614,0.0030311097,0.0029637262,0.00410299,0.003002345,0.0037201,0.0035409536,0.0021232297,0.0039048602,0.0030563693,0.0032162513,0.002093276,0.003927382,0.003785505,0.003960475,0.0030974413,0.0038332436,0.0021516301,0.0037730446,0.003047231,0.0022422988,0.0035372314,0.0039856546,0.0038779927,0.0020403103,0.0023682534,0.0037871012,0.0025306018,0.0038372383,0.0037822905,0.0033073053,0.99698293,0.0020836217,0.003780358,0.0026912338,0.0023177722,0.0020541672,0.002317646,0.0020988965,0.0038777152,0.0037637376,0.0031129993,0.99829876,0.0030246915,0.002254603,0.0038335135,0.0023245558,0.0030357689,0.0027563113,0.0037283169,0.0021414561,0.003973375,0.0030646103,0.002376065,0.0029060945,0.0020978479,0.0020934828,0.0030141897,0.0023649123,0.0022186262,0.0020552177,0.0021107972
-0.00035565154,1.0021083,-0.0016159184,-0.0016306764,-0.0020788885,1.0020711,-0.00061346666,-0.0015498218,-0.0010521122,1.002294,-0.0016886971,-0.0015848463,-0.0014029623,-0.0011729551,-0.0009812865,-0.0012099631,-0.0006374972,-0.0016129514,0.0,-0.00071886816,-0.00094421866,-0.001648351,-0.0008429272,-0.0003563225,-0.0009938831,-0.0014268963,-0.0018025177,-0.00040999652,-0.0012727429,-0.00061214797,-0.0009683692,-0.00029452477,-0.0020738973,-0.0007922687,-0.0005314744,-0.00084388215,-0.00077088363,-0.0020282394,-0.0016165521,-0.0005224654,-0.0004224913,-0.0003151519,-0.00037794397,-0.00035008808,-0.001517492,-0.0014957126,-0.0018190914,-0.0005640176,-0.00095636904,-0.00077571324,-0.0007191722,-0.0016229054,-0.0007802189,-0.0018718122,-0.0015086473,-0.0002962055,-0.0015829034,-0.0008254351,-0.0010876046,-0.00040984942,-0.0016018444,-0.0017484934,-0.0016775391,-0.0008386928,-0.0015110902,-0.00021262262,-0.0014499986,-0.00078873994,-0.0012906995,-0.0011705927,-0.0015863832,-0.001581723,-0.00054258975,-0.00029657592,-0.0016485492,-0.00042795102,-0.0014886119,-0.0019194522,-0.00079063914,1.0022601,-0.0007156962,-0.0014648588,-0.00048356116,-0.0002854422,-0.0005675879,-0.00034715034,-0.0003237752,-0.0016323618,-0.0018809712,-0.00087652955,1.0021789,-0.0007594891,-0.0002693152,-0.0021458336,-0.000295259,-0.0026963295,-0.0006242013,-0.0014163628,-0.00033612776,-0.0017004304,-0.0009007253,-0.00034272994,-0.00062555115,-0.00032878947,-0.0006234478,-0.0008151302,-0.0015206776,-0.00030020747,-0.00033628423,-0.0003111285
-0.0046591037,0.99522966,-0.004939565,-0.0049486626,-0.0049907477,0.99522823,-0.0045628226,-0.0049122334,-0.004616239,0.9952488,-0.00496763,-0.0049475166,-0.0048849476,-0.0048170495,-0.0046002497,-0.004828221,-0.0045432784,-0.0049498626,0.9952546,0.0,-0.0048230803,-0.0049644527,-0.004762593,-0.0046743946,-0.0047997697,-0.004884103,-0.004972144,-0.00467409,-0.004837795,-0.004736744,-0.004803774,-0.0045666723,-0.0049898773,-0.004790974,-0.0047124154,-0.004797636,-0.0047884504,-0.004983229,-0.004786954,-0.004702647,-0.004698629,-0.0045875194,-0.00466482,-0.0046316707,-0.004898944,-0.0048968913,-0.0049694018,-0.00473917,-0.0047969236,-0.0047670864,-0.0047784243,-0.0049564517,-0.0047724806,-0.0049799313,-0.0049035735,-0.004547361,-0.004948482,-0.004796319,-0.0048128185,-0.004549983,-0.0049568634,-0.004964812,-0.00495776,-0.00481537,-0.0049010254,-0.0045625833,-0.004900327,-0.004808175,-0.0046503847,-0.0048209406,-0.004955457,-0.0049314206,-0.0045526377,-0.0046186238,-0.0049617845,-0.0046544555,-0.0049002734,-0.004984224,-0.004781816,0.9952599,-0.0045703347,-0.00489584,-0.0046989233,-0.004613868,-0.004540025,-0.004632509,-0.004542667,-0.004928213,-0.0049800123,-0.004761759,0.99524295,-0.004775435,-0.0046003363,-0.004992206,-0.004603922,-0.00562145,-0.0047277845,-0.0048770746,-0.004562691,-0.0049661365,-0.0047770343,-0.0046265726,-0.00475536,-0.004522233,-0.004553859,-0.004793001,-0.0047509344,-0.0045506014,-0.0045237644,-0.0045208465
-2.6494601e-05,0.99484324,-0.0007117752,-0.00066369167,-0.0016212198,0.99486816,-6.766465e-06,-0.0003446017,-3.0060852e-05,0.9948563,-0.0010146488,-0.0006541504,-8.6871696e-05,-7.257722e-05,9.443428e-06,-6.208863e-05,-3.7292975e-05,-0.00065154704,0.9948623,-7.586191e-06,0.0,-0.0010376242,-4.1956777e-05,-2.2158703e-05,-2.0840724e-05,-8.565963e-05,-0.0011403151,-2.3799666e-06,-4.8232843e-05,-5.7257876e-05,-5.8337366e-05,-3.366568e-05,-0.0016013833,-3.3981363e-05,-2.0573627e-05,-2.8924693e-05,-1.894013e-05,-0.001961604,1.7161717e-06,-1.6727605e-05,-1.9843055e-05,-2.9525712e-05,-1.647041e-05,-3.513546e-05,-8.338366e-05,-0.00021063937,-0.0015438948,-3.1482254e-05,-6.412648e-05,-5.7924008e-05,-3.6828926e-05,-0.0006937519,-3.017554e-05,-0.0017342835,-0.00017380474,-7.5000967e-06,-0.0007065945,-4.825045e-05,-4.313709e-05,-9.289148e-06,-0.00042364636,-0.0012161193,-0.0011031703,-6.0501603e-05,-0.00022903705,-2.972081e-05,-4.900045e-05,-1.532331e-05,-4.780801e-06,-3.6858775e-05,-0.0005501965,-0.0005244857,-4.211574e-06,-2.7042423e-05,-0.0007675408,-7.696781e-06,-0.00011562379,-0.0017815427,-6.949793e-05,0.9948873,-5.2054647e-06,-7.620986e-05,-1.3804489e-05,-1.8280556e-05,-2.624738e-05,-3.405774e-05,4.085785e-06,-0.00043609508,-0.0015929217,-6.482374e-05,0.9948373,-4.5498182e-05,-1.8795648e-05,-0.0017835863,-2.929677e-05,5.7729576e-06,-4.0965453e-05,-7.249411e-05,-3.1396696e-05,-0.00095774984,-1.9054227e-05,-1.7892651e-05,-2.1836982e-05,-3.6874004e-05,-1.9569621e-05,-6.230347e-05,-3.364084e-05,-3.357714e-05,3.6684933e-06,-2.8105844e-05
0.003278784,1.0003586,0.0040708166,0.004077482,0.004186811,0.9980701,0.0029515435,0.0040089204,0.0030323402,0.999717,0.0041179755,0.004082735,0.0039343443,0.0037982762,0.0030749813,0.0038195467,0.0029354936,0.0040935716,0.9995721,0.00297798,0.0036650314,0.0,0.0036673814,0.0033153943,0.0037343882,0.003946683,0.0041319975,0.0033407644,0.0038391617,0.0035338076,0.0037176844,0.0030250521,0.004190322,0.0036491414,0.0034211788,0.0036742056,0.0036459845,0.004176652,0.0032711043,0.003383345,0.0033382874,0.0030738534,0.003324116,0.0031895002,0.00398602,0.0039626006,0.00413059,0.0035160645,0.0037402138,0.0036384186,0.003618023,0.004093034,0.003644801,0.004152439,0.0039794124,0.0029990168,0.0040792758,0.0036791146,0.0037806951,0.0029659653,0.004079986,0.0041273586,0.004104926,0.0036954216,0.0039847963,0.0030170563,0.003947817,0.0036871876,0.0031295272,0.0038106826,0.0040757204,0.0040285867,0.002944313,0.0031784992,0.0041192556,0.0033055083,0.00397685,0.004173575,0.003644638,0.9981571,0.002969743,0.003959498,0.0034210924,0.003158672,0.0029576803,0.0031625198,0.0029809528,0.004045135,0.004160504,0.0036618195,0.9999636,0.0036440517,0.003109066,0.004206345,0.0031501674,0.0038863353,0.0034714846,0.0039383825,0.0030152623,0.004109357,0.0036849922,0.0031844159,0.0035756412,0.0029656682,0.0029712066,0.0036602588,0.0032508248,0.0030555897,0.0029379877,0.0029791803
2.8269857e-05,0.995193,0.0002258374,-1.0994572e-05,0.00025887738,0.9949294,-3.0178205e-06,0.00010195718,-5.680881e-07,0.99516606,0.00013335886,0.000110301786,-2.4305343e-06,2.049809e-05,1.2959563e-05,2.1745505e-05,1.4439664e-05,0.00018743363,0.9951526,1.5479507e-05,1.17145055e-05,7.758142e-05,0.0,-5.639938e-06,1.3398338e-05,2.3277704e-05,0.00022371524,2.2371254e-05,2.6814669e-05,1.2231679e-05,8.539673e-06,-1.4980845e-05,0.00031440693,-1.1928898e-05,-1.109895e-05,4.225517e-05,1.1577002e-05,0.0003698104,2.6704483e-05,3.9377326e-05,4.206794e-07,-3.6230656e-06,2.3348919e-05,1.2684554e-05,1.7005203e-05,3.4331435e-05,0.00038739844,-8.25892e-06,1.7740831e-05,-1.4523474e-06,3.079278e-05,9.0730005e-05,3.6669688e-05,0.00041428514,4.6699304e-05,1.39208705e-05,-6.8074537e-06,1.8956945e-05,1.0846442e-05,-1.6721418e-05,8.242825e-05,0.00033923186,0.00013409091,-7.148562e-06,3.458878e-05,1.6256803e-05,4.285875e-05,1.2451301e-05,2.8950377e-05,1.7818638e-06,3.325511e-05,0.00011568152,2.7595446e-05,2.426363e-05,0.00022174776,-3.1325374e-06,5.3696425e-05,0.00044745617,-1.4911835e-05,0.9949662,3.339921e-05,-1.1391898e-05,1.4870362e-05,-1.0959227e-05,3.1802163e-05,2.251283e-05,3.2791126e-05,0.00012429475,0.0002588615,-1.1583393e-05,0.99516726,-1.6138618e-05,3.0727144e-05,0.00030330473,9.521503e-06,-1.6830343e-05,-3.022489e-06,6.0870363e-05,-4.7987264e-06,0.00013226568,2.3651977e-05,-1.033154e-05,4.190903e-05,1.9767589e-05,3.2227872e-05,-7.770664e-06,-1.0525095e-05,2.8026865e-05,-4.9941e-06,1.1973718e-05
-0.00013871837,0.99541885,-0.0031121061,-0.0031496924,-0.00361046,0.995458,-3.3429194e-05,-0.002857946,-2.6877258e-05,0.99545705,-0.003283653,-0.0031269796,-0.0026586773,-0.0022545632,-7.942392e-06,-0.0023113966,-5.9704694e-06,-0.0031142486,0.99545807,-2.5772631e-05,-0.0015369839,-0.0032700433,-0.00169149,0.0,-0.002051944,-0.0027246224,-0.0033610468,-0.00017611416,-0.0024351545,-0.00087558874,-0.002006688,-2.9931043e-05,-0.0036121227,-0.001425615,-0.0006065188,-0.0014976206,-0.0014180652,-0.0035574052,-1.2985636e-05,-0.00050599646,-0.0003036992,-4.540358e-05,-0.00020134645,-4.3379605e-05,-0.002810421,-0.0027973792,-0.0033988417,-0.00086126046,-0.0019750663,-0.001579812,-0.0012588737,-0.0031248478,-0.0016750628,-0.0034795848,-0.002810287,-2.0073085e-05,-0.0031497497,-0.0014864007,-0.002190914,-2.8409031e-05,-0.00313459,-0.0033106932,-0.0032346505,-0.0015324355,-0.002805266,4.547555e-06,-0.0027584147,-0.0015351682,-2.0972163e-06,-0.002260077,-0.0031323198,-0.0029722387,-3.200076e-05,1.1527544e-05,-0.0032154517,-0.00024625828,-0.0028169558,-0.0035083108,-0.0016434644,0.9954873,1.2644964e-05,-0.002768343,-0.0005075114,2.7233732e-06,1.0412514e-05,1.19749975e-05,-3.3831682e-05,-0.0029945117,-0.0034706527,-0.0016815735,0.9954373,-0.0016321422,-3.4632918e-05,-0.0036536658,-1.6958633e-05,1.5981424e-05,-0.00081754953,-0.0026753312,-4.6366367e-05,-0.0032987818,-0.0018296478,-3.6608708e-05,-0.0010298563,-4.2996257e-05,1.0972263e-05,-0.0015714203,-1.3624665e-05,8.923912e-06,-4.500906e-05,-1.523677e-06
-1.7539525e-05,0.99489236,0.0012067034,0.0010912912,0.0016664423,0.99469304,-9.280555e-06,0.0009946206,-1.3081538e-05,0.99486244,0.0012838178,0.001154015,0.0005093372,2.956246e-05,-1.3646069e-05,4.8447142e-05,1.7563973e-06,0.0012004047,0.9948519,1.5489042e-05,2.0268906e-05,0.0012274147,1.7598193e-05,2.195081e-05,0.0,0.00063129124,0.0013987867,3.0972627e-05,1.928098e-05,1.3125809e-05,4.8019643e-05,1.2017665e-05,0.0016799903,7.6194633e-06,3.923539e-06,-5.4953366e-06,3.812974e-05,0.0016771827,2.0352143e-05,-3.3255697e-07,-8.511179e-06,3.5921534e-05,1.1411671e-06,3.5342367e-05,0.00076282024,0.00072996574,0.0015297242,3.9279177e-05,4.7977886e-05,4.3249416e-05,4.0664017e-05,0.0011957189,1.6609332e-05,0.0015627574,0.00083932234,2.9045137e-05,0.0010666891,3.0006748e-05,6.614153e-05,-1.8077575e-05,0.0011437741,0.0014106546,0.0012319492,1.5944262e-06,0.0007175018,-5.6339727e-06,0.00051962404,2.789522e-05,7.3755004e-06,-2.2630982e-05,0.0010635622,0.0010411588,-1.8168905e-05,-1.8011076e-06,0.0012649684,1.8843709e-06,0.0007094272,0.0016253141,2.5929206e-05,0.994716,-1.648554e-05,0.0006736819,1.0979152e-05,3.0484895e-05,1.6116745e-05,2.2994873e-05,9.415137e-06,0.0010903787,0.001453624,1.8201583e-05,0.9948734,3.980082e-05,2.159137e-05,0.001714307,-1.6788166e-05,-7.09414e-07,-1.720035e-05,0.0005371263,9.50987e-06,0.0013204211,2.8853825e-05,1.6064381e-05,1.5791456e-05,3.2310207e-05,-2.848216e-06,2.965512e-05,-2.8725276e-06,-1.0910173e-05,2.669973e-05,1.9377207e-05
0.00034266655,0.99570036,0.0033207515,0.0032761055,0.0036528176,0.99453294,-1.8698096e-05,0.0030974909,1.8624172e-05,0.9955986,0.0034010678,0.0033205224,0.0028476722,0.0023536922,2.1250109e-05,0.00244527,-1.1762648e-06,0.0033220975,0.9955155,6.268529e-06,0.001507561,0.0033715635,0.0018222034,0.00042223092,0.0020709068,0.0,0.0034692355,0.0005778569,0.0025035895,0.001228857,0.0018875115,4.6826153e-05,0.0036603422,0.0015547441,0.0008067719,0.0017178223,0.0015802585,0.0036278719,3.4025994e-05,0.0006877809,0.00053474406,-5.5625574e-06,0.00051441626,0.00016019338,0.0029564954,0.0029513238,0.003509788,0.0010201184,0.0021182033,0.0016479597,0.0014535796,0.003271296,0.0017344499,0.003582973,0.003022766,1.6894397e-05,0.0032752827,0.0016991469,0.0022763782,1.9572233e-05,0.0032725302,0.0034632287,0.0033643201,0.0016639796,0.0029821529,-2.3743072e-05,0.0028722307,0.0016983291,-3.4742561e-06,0.00240966,0.003260008,0.0031744028,5.825128e-06,0.0001980158,0.0034151853,0.0005038148,0.0029466904,0.003634298,0.0015484828,0.9948073,-5.7496827e-06,0.0029312358,0.00085809594,0.00010990899,6.020823e-06,6.8058296e-05,3.2551972e-05,0.0031829947,0.0035433038,0.0018223668,0.9956377,0.0016559642,-8.8786055e-06,0.0037014296,0.00012679538,2.858471e-05,0.000976483,0.0028534103,-6.0534503e-06,0.0034007828,0.0019211301,0.00020211143,0.0012149515,2.016857e-05,3.5824378e-05,0.0016561663,-2.1000073e-05,-7.0349565e-06,-1.4506146e-05,3.1510706e-05
0.003767893,1.0014992,0.004383659,0.0043904707,0.004466679,0.9988428,0.0034974609,0.004331928,0.0035839013,1.0008662,0.0044178953,0.004395517,0.0042780987,0.0041653058,0.0036168841,0.004175102,0.0034924827,0.0044014365,1.0006672,0.0035268457,0.0040807156,0.004410537,0.004054042,0.0037978315,0.0041096844,0.0042815446,0.0,0.003814063,0.0041886736,0.0039674477,0.004090964,0.0035591456,0.004469264,0.0040571326,0.0038775655,0.004079977,0.0040580104,0.00445853,0.0038126376,0.0038491173,0.003811814,0.0035899584,0.003797858,0.003699042,0.0043092594,0.004296362,0.0044296077,0.0039511593,0.0041120453,0.004035429,0.0040338226,0.0043995115,0.00404539,0.004448218,0.0043056845,0.0035395327,0.0043886667,0.004081422,0.004148831,0.003510227,0.004395594,0.004427875,0.0044086725,0.004097639,0.004314584,0.003549797,0.004286907,0.004086214,0.0036671485,0.0041663507,0.00439011,0.004351493,0.003498309,0.0036805596,0.004425851,0.003776811,0.004304914,0.0044635762,0.0040484373,0.99896324,0.0035266706,0.004292745,0.003881386,0.0036636416,0.003504676,0.00367616,0.0035182403,0.004360298,0.004451011,0.004055245,1.0011073,0.0040463926,0.0036198564,0.004483497,0.0036587312,0.004404752,0.003913195,0.004271689,0.0035457117,0.004415497,0.0040734336,0.0036880483,0.0039980696,0.003500438,0.0035178086,0.004062988,0.00379164,0.0035766112,0.0034798048,0.003510144
-8.555003e-06,0.9953874,-0.00306785,-0.0031521572,-0.0036289156,0.9954284,-2.0972937e-05,-0.0027803257,-3.439519e-05,0.9954231,-0.0032847715,-0.0031039612,-0.002645645,-0.0022084164,6.783583e-06,-0.002270455,-3.742029e-05,-0.0030902429,0.9954243,2.771388e-06,-0.0016421576,-0.0032665925,-0.0015738463,-5.2277646e-05,-0.001963238,-0.0026610019,-0.003376944,0.0,-0.002432823,-0.0005860236,-0.0019788553,-4.7304635e-05,-0.0036254164,-0.0013234775,-0.0004864189,-0.0013418436,-0.0012961258,-0.0035555565,-2.0412095e-05,-0.0003802817,-0.00016484698,-2.517367e-05,-5.3264022e-05,-1.304816e-06,-0.002795465,-0.0027652178,-0.0033815524,-0.00073077803,-0.0019513777,-0.0014991236,-0.0011420234,-0.0031134814,-0.0015445919,-0.0034626687,-0.0027364825,9.998906e-06,-0.003139768,-0.0013050613,-0.0021538625,-3.8360915e-05,-0.0031611486,-0.0032884476,-0.0032030959,-0.0013893824,-0.0027753059,-5.1434432e-05,-0.0027374974,-0.0014121486,-2.316108e-05,-0.0022013227,-0.0031439897,-0.0029245636,4.1180983e-06,-6.0665403e-05,-0.0031812913,-7.5389486e-05,-0.002804155,-0.0034862186,-0.0015706788,0.9954281,1.12436555e-05,-0.0027349545,-0.00019095428,-6.415705e-05,-1.5001785e-05,-6.697961e-05,-3.8464477e-05,-0.002955175,-0.0034773662,-0.0015596759,0.99540967,-0.0014756551,-5.290238e-07,-0.0036526753,-2.984492e-05,-3.604587e-05,-0.00065924844,-0.002642426,-4.233339e-05,-0.0032980696,-0.0017243655,-7.451747e-06,-0.0009419228,-1.0526653e-05,-3.1869517e-06,-0.0014737904,7.233751e-06,-4.0636605e-05,-2.778036e-05,-4.0077823e-05
-1.4112174e-05,0.9948842,0.0027268582,0.0027131478,0.0032834476,0.9947841,1.8275228e-05,0.0024298902,-1.4660713e-05,0.9948448,0.0029074738,0.0027458372,0.00206328,0.0012826544,-1.9453846e-05,0.0014109382,9.315306e-06,0.0027490908,0.9948166,2.2953834e-06,-1.6190497e-05,0.0028691045,0.00038053788,4.048096e-06,0.00079850765,0.0021373068,0.0029918547,-1.4980785e-05,0.0,6.098785e-06,0.0007509896,-4.9435084e-06,0.003281318,8.8720146e-05,5.3839893e-05,0.00015063194,2.6904092e-05,0.0032707222,8.93747e-06,3.0184421e-05,4.3544933e-05,-1.2911496e-05,6.705157e-06,3.286976e-05,0.0022613804,0.0022491894,0.0030600184,-8.801903e-06,0.00088477327,0.00015369336,3.7299335e-05,0.0027466605,0.0001971416,0.0031306804,0.0023041337,3.0394334e-05,0.0027019072,0.00013131983,0.0010983085,-7.331706e-06,0.0027570247,0.0029507023,0.0028518315,0.000106026244,0.00230068,6.7503784e-06,0.0021073737,0.00011113812,1.3096855e-05,0.0013118634,0.002712783,0.0025262544,5.478949e-06,3.255486e-05,0.0028158126,3.370613e-05,0.0022652547,0.0031929554,0.00013465756,0.9947353,2.3935689e-05,0.002190576,1.8612604e-05,2.2368376e-05,3.4472192e-05,3.1029816e-05,-3.7635416e-06,0.00257421,0.0031058681,0.0003959086,0.9949492,8.5212494e-05,-1.029429e-05,0.0033234854,1.33304e-05,1.930016e-05,5.1147403e-05,0.0020683464,3.3085787e-05,0.0029176467,0.00052786624,1.3277214e-05,6.7717046e-06,-9.3097064e-08,-1.1042627e-05,0.000106334184,-8.718279e-06,1.0410411e-05,-5.7088744e-07,6.5366103e-06
-4.042931e-05,0.9951052,-0.0018760811,-0.0021278819,-0.0032984314,0.99513555,-9.730839e-06,-0.0012926729,-1.3474288e-05,0.99512565,-0.0024667277,-0.0019751946,-0.0010012038,1.926675e-06,-1.6103237e-05,-0.00012473807,-1.0444699e-05,-0.0019394773,0.99512947,5.1106e-06,-2.967711e-05,-0.0024098037,-2.4352152e-05,-1.0889494e-06,-4.4469165e-05,-0.00092484185,-0.0026778586,-3.322639e-05,-0.0005867213,0.0,-6.0872164e-05,-1.7762626e-05,-0.0032747334,-4.302213e-05,-3.7075162e-05,-3.5210762e-06,-4.0468698e-05,-0.003167111,4.7729286e-06,-4.4471482e-05,-2.2513925e-05,-2.7724001e-05,-2.265777e-05,4.416208e-07,-0.001423756,-0.0013284882,-0.0027136016,-3.3299704e-05,-5.3614847e-05,-7.08763e-06,-4.6466754e-05,-0.0021029632,-3.19031e-05,-0.002903855,-0.0011833749,-1.0944956e-05,-0.002093215,-8.837393e-06,-9.054687e-05,-1.1274424e-05,-0.002170293,-0.0024279826,-0.0022859378,-5.2429943e-05,-0.0013286105,-2.5520167e-05,-0.0012505872,-2.4324121e-05,-7.103496e-06,-0.0001013334,-0.0021341029,-0.0016212767,-2.322921e-06,-2.8141067e-05,-0.0021275836,-5.1142797e-07,-0.0013970856,-0.0029284437,-5.2771058e-05,0.99512833,-2.9656103e-05,-0.0012181192,-4.1191364e-05,5.786487e-06,1.5012866e-05,-2.2753236e-05,-1.8673969e-05,-0.0017075968,-0.0029501463,-2.7809878e-07,0.9951175,3.647682e-06,-4.594293e-06,-0.0033505822,-2.9967949e-05,1.4763179e-05,-3.764332e-05,-0.0009768533,-2.4467405e-05,-0.0024933396,-5.746323e-05,9.469978e-06,-5.5222354e-06,-1.578615e-06,-1.1193539e-05,-1.5795811e-05,-2.4442115e-05,-3.167852e-05,1.1612602e-05,-7.771262e-06
4.0869295e-06,0.9949557,0.0007463225,0.00094292243,0.0015892232,0.9947393,3.0447609e-05,0.0005902404,2.079547e-05,0.9949331,0.0011172143,0.00082399946,0.00016377284,6.6019216e-05,-1.1311811e-05,5.3452906e-05,1.0697965e-05,0.0009293362,0.99490917,2.5962925e-05,9.764611e-06,0.0010978605,-1.0405134e-06,-6.8733943e-06,1.3750364e-05,0.00025476282,0.001205747,3.3991317e-05,1.800647e-05,2.297847e-05,0.0,2.7235332e-05,0.0015277057,1.9817086e-05,-2.8776462e-06,3.146619e-05,-8.288267e-06,0.0015615674,8.0934415e-06,3.3353543e-05,1.0532134e-06,1.3023881e-06,1.7208467e-05,1.6590886e-05,0.00045078728,0.00052057655,0.0011795812,-9.381556e-07,-4.753882e-06,4.647354e-05,2.0141727e-06,0.0010751201,2.338939e-05,0.0013461942,0.00043884176,3.2107815e-05,0.0008699696,-1.2615213e-06,5.3289154e-05,-4.846026e-06,0.0009287149,0.0011057858,0.0011005423,-3.2287526e-06,0.0005211321,2.0159992e-05,0.0003504885,2.301364e-05,-3.7977825e-06,6.0776536e-05,0.00090451515,0.0007314374,2.0191528e-06,2.8299972e-05,0.0008149465,4.1908468e-05,0.0005364595,0.0013877347,2.600077e-05,0.9947746,2.8551274e-05,0.00029739647,1.0905914e-05,-9.727998e-06,1.6125356e-05,2.2639708e-06,3.0869833e-05,0.00087173877,0.0014203541,2.1843016e-05,0.99492604,3.1237094e-05,-6.2674058e-06,0.0015854499,2.2490745e-05,-2.6440273e-06,2.81891e-05,0.00020949877,1.7030026e-05,0.001100768,1.2128634e-05,1.1339231e-06,4.0453742e-05,-9.708245e-06,1.55757e-05,3.5705834e-05,2.3870016e-05,1.3804266e-05,1.37910065e-05,2.0399743e-06
-0.0025585413,0.99566346,-0.0037001795,-0.0037109992,-0.0039285584,0.995705,-0.0019516625,-0.0035844394,-0.0018344319,0.9957107,-0.003771595,-0.0036996065,-0.0035059548,-0.0033184937,-0.0018344389,-0.003354588,-0.0018666678,-0.0037020152,0.9957137,-0.0018696464,-0.003131907,-0.003766342,-0.003124479,-0.002609599,-0.003248229,-0.0035207472,-0.0038049452,-0.0025986934,-0.0033797065,-0.002876209,-0.0032105253,0.0,-0.003924073,-0.0030614384,-0.0027596508,-0.0031026741,-0.003045283,-0.0038936846,-0.0019530066,-0.002732648,-0.002690816,-0.002292789,-0.0026080413,-0.0024154445,-0.0035635543,-0.0035635838,-0.0038261616,-0.0028665499,-0.0032255223,-0.0030945574,-0.00301173,-0.0037044731,-0.0031259248,-0.0038621575,-0.0035637184,-0.0021010337,-0.0037135603,-0.0030773836,-0.0033068887,-0.002063736,-0.0037042866,-0.0037830386,-0.0037467307,-0.0031152281,-0.003559296,-0.002213949,-0.0035426232,-0.0031179776,-0.0018137506,-0.0033369516,-0.003715388,-0.0036352174,-0.0019564026,-0.00245394,-0.0037471734,-0.002613733,-0.0035598876,-0.0038748588,-0.003093356,0.9957525,-0.0018689194,-0.0035440212,-0.002729532,-0.0024154258,-0.001882588,-0.002433515,-0.0020997962,-0.0036418964,-0.0038598995,-0.0031147972,0.99569136,-0.0031085564,-0.0023681065,-0.0039480967,-0.0023988003,-0.0025670307,-0.002849202,-0.003498839,-0.0021923285,-0.003777334,-0.0031712726,-0.0024239263,-0.002942722,-0.002067296,-0.0019451195,-0.0031052246,-0.0018417044,-0.002198836,-0.002034709,-0.0020217276
0.004763425,1.0034685,0.005069102,0.0050765905,0.0051029497,1.0010108,0.00461994,0.005044635,0.004695386,1.003107,0.0050882027,0.005074358,0.005013522,0.0049394513,0.0047153933,0.004947162,0.004604537,0.0050828326,1.0029858,0.0046451543,0.004923446,0.005087124,0.0048832037,0.0047786236,0.004917552,0.0050101234,0.005091956,0.004785181,0.0049574994,0.0048601916,0.0049125273,0.0046260045,0.0,0.004914279,0.0048066517,0.0049255756,0.0049115145,0.005099573,0.0049063787,0.004791549,0.0047789547,0.0046376335,0.004774032,0.004711572,0.0050346158,0.0050243204,0.0050891875,0.0048637334,0.0049142116,0.0048813056,0.0049029915,0.005088833,0.0048879087,0.005097021,0.0050266404,0.004627948,0.005075488,0.004929559,0.0049326294,0.004608799,0.0050849156,0.0050928365,0.005086852,0.0049458733,0.005035316,0.0046256427,0.0050207973,0.0049375584,0.004772223,0.0049372003,0.0050796876,0.0050538313,0.0046213414,0.0046988097,0.005095293,0.0047575156,0.005029367,0.005109276,0.0048942342,1.0012366,0.004642052,0.005018771,0.00482188,0.004696396,0.0046102763,0.0047021313,0.0046146293,0.005064426,0.005103591,0.004878678,1.0032567,0.0048966957,0.0046706796,0.0051106242,0.004690469,0.005413783,0.004829981,0.005007797,0.0046158545,0.005087494,0.004897393,0.004705311,0.0048853247,0.004591512,0.004633197,0.004911138,0.004880705,0.0046406644,0.0045844507,0.0045952694
-1.4161235e-05,0.99487543,-0.00046213824,-0.0005637834,-0.002143407,0.9949222,-3.0407336e-05,-7.361824e-05,-1.2644846e-05,0.9948914,-0.0009228102,-0.0005226678,-6.591161e-05,3.7790126e-06,-2.8772694e-05,-6.879963e-05,-9.560252e-06,-0.0004770996,0.99490064,7.2842354e-06,-2.6762444e-05,-0.0008751554,-3.6397403e-06,-2.9273959e-05,-4.7672387e-05,-2.0757698e-05,-0.0012015424,5.7350167e-06,-5.96994e-05,-4.0698375e-05,-4.9532624e-05,-1.0236731e-05,-0.0021251587,0.0,3.9319884e-06,-4.382555e-05,-3.3761007e-05,-0.0019552566,-8.040516e-06,-2.0442692e-05,-6.2509525e-06,-3.1917618e-05,4.902884e-06,-3.3216136e-05,-9.2352515e-05,1.6345496e-07,-0.0013400905,-5.031095e-06,-6.71602e-06,-3.645387e-05,-8.4378835e-06,-0.0005633323,-3.0214815e-05,-0.0016069383,-6.4794476e-05,-1.6910533e-05,-0.0005735041,-4.349445e-05,-1.7445987e-05,-1.855624e-05,-0.0005273145,-0.0009904176,-0.0007814272,5.1552593e-06,-8.8036584e-05,2.2283086e-06,-7.5656324e-05,-3.8235255e-05,-2.3029379e-05,-1.0215993e-05,-0.0005220134,-0.00025983542,-3.843881e-06,7.2749635e-06,-0.0007089395,-1.9055555e-05,-1.40219845e-05,-0.001667289,-4.3019878e-05,0.994927,-2.8543682e-05,-3.1041425e-05,-3.683137e-05,-2.549048e-05,-1.1229748e-05,-2.1967855e-05,8.2433075e-07,-0.00031285456,-0.0016066747,7.2225507e-06,0.99487615,-1.8503442e-05,9.688081e-06,-0.0022877546,3.7193606e-06,1.4342841e-05,-2.8914827e-05,-6.439411e-05,3.28486e-06,-0.0009596415,-8.101955e-06,7.0027622e-06,-1.4602337e-05,-3.0386964e-05,-2.8314122e-05,-2.1091562e-06,1.6665668e-05,-3.3511995e-05,-1.7836228e-05,-6.259391e-06
-3.6562215e-05,0.9952277,-0.002668982,-0.0027217744,-0.0034877819,0.99525154,-3.5300633e-05,-0.0022560058,-2.2627131e-05,0.9952551,-0.0029602884,-0.0026732832,-0.0019365941,-0.0012405558,6.3294356e-06,-0.0013622539,2.26513e-06,-0.0026706774,0.99525714,-1.7716586e-05,-1.6261582e-05,-0.0029374936,-0.00030268438,3.143243e-06,-0.0009091261,-0.002002764,-0.0030807338,-2.8274275e-05,-0.0016187371,-4.969067e-05,-0.00092550897,-2.496736e-05,-0.0034711044,-3.274136e-05,0.0,-7.6335215e-05,-4.4095603e-05,-0.0034071018,-2.6320757e-05,-2.282265e-05,-2.531864e-05,-2.2698484e-07,-2.6186224e-05,-2.1797305e-05,-0.0022254502,-0.0022194297,-0.0031519895,-2.3001709e-05,-0.00074566895,-7.559399e-05,-5.253842e-05,-0.0027100998,-0.00020986715,-0.0032672982,-0.002163245,-1.282212e-05,-0.0027359184,1.8558146e-06,-0.0011194109,-3.648572e-05,-0.0027010927,-0.0029796031,-0.0028845635,-1.395801e-05,-0.0022075563,7.021691e-06,-0.0020989531,-6.823491e-05,8.418101e-06,-0.0012564949,-0.002709357,-0.0024374295,7.273912e-06,-1.4616687e-05,-0.0027970301,-1.3798617e-05,-0.0022156711,-0.0032961483,-0.0002819723,0.9952682,1.06572115e-05,-0.0021318581,-5.2010004e-05,-1.9762067e-05,-2.6740261e-05,-1.9419662e-05,1.4064382e-05,-0.0024820988,-0.0032629299,-0.00029907387,0.9952365,-0.00017600876,-2.4870063e-05,-0.0035341233,-2.7882812e-05,-2.6601152e-05,-4.2349966e-05,-0.0019551201,1.1011566e-06,-0.0029766755,-0.00050509075,-1.1368033e-05,-1.6672143e-06,-1.0870806e-06,-8.071097e-06,-1.3042181e-05,-1.4281827e-05,-2.217909e-05,-4.4944413e-06,-1.8413963e-05
-1.8907658e-05,0.9947367,-8.380778e-05,-0.00011301835,-0.0003574876,0.9948073,-3.3943266e-05,-5.7172554e-05,-5.6846384e-06,0.99474907,-0.00013980133,-9.35584e-05,-1.2740284e-05,-4.5368855e-05,-1.0944592e-06,-4.190144e-05,-2.4659052e-05,-7.361503e-05,0.99476075,-1.5241532e-06,-7.349108e-06,-0.00016298362,-2.9249493e-05,-1.0858164e-05,-9.8191285e-06,-1.7760121e-05,-0.00017715471,-3.937135e-05,-1.1709093e-05,-2.6635412e-06,-1.4617356e-05,-8.295422e-06,-0.0003591386,-4.0834264e-05,-1.7440003e-05,0.0,-2.3234345e-05,-0.00031224824,-3.217585e-05,-2.3949848e-05,-2.7819753e-05,-2.387727e-05,-2.6032627e-05,8.2644283e-07,-5.5272896e-05,-3.7672085e-05,-0.00018499032,-2.6229727e-05,-4.824491e-05,-4.9683003e-05,-2.1154812e-05,-8.026368e-05,-2.6305766e-05,-0.00027349876,-5.053268e-05,-3.2785796e-05,-0.000107839005,-9.294874e-06,-4.471352e-05,-2.6572143e-05,-0.00011098756,-0.00014790728,-9.722402e-05,-8.577647e-06,-4.1140895e-05,-3.940828e-05,-5.3445918e-05,-1.5764157e-05,8.650449e-06,-3.342038e-05,-8.778986e-05,-6.876257e-05,-1.9265333e-05,-1.3408524e-05,-0.00011651879,-1.472298e-05,-2.9448056e-05,-0.00024706023,-3.9570754e-05,0.99480236,-3.880583e-06,-6.558315e-05,-1.9034265e-05,-1.6805256e-05,-2.6938866e-05,-2.5703348e-05,1.530203e-06,-4.8032027e-05,-0.00026068528,-2.2806169e-05,0.9947408,-4.4419383e-05,5.04898e-06,-0.00035374737,-2.6846119e-05,-2.3251879e-07,-1.0806943e-05,-2.6487576e-05,-1.6667655e-05,-0.00015434666,-3.0683354e-05,-3.0039442e-05,-3.438553e-05,3.3900144e-06,-2.4389807e-05,-5.0171235e-05,-4.7357985e-06,-8.289995e-07,7.192744e-06,-2.30633e-05
-1.0050669e-05,0.9948601,-0.0004397329,-0.0005715205,-0.0020820955,0.9949155,7.2803726e-07,-7.306557e-05,7.0155634e-06,0.9948786,-0.0008669501,-0.0004892369,-9.857867e-05,-4.1864358e-05,7.796372e-06,-3.1354837e-05,-1.642431e-05,-0.00046350303,0.9948818,-2.278969e-05,-4.089779e-06,-0.0008403446,-2.1621954e-05,-1.6388882e-06,-2.2834993e-05,-4.7088346e-05,-0.0011820834,-6.8517957e-06,-8.1648504e-05,-4.1158023e-06,-6.4051215e-05,-2.3100332e-05,-0.0020515388,-1.0479672e-05,-2.50228e-05,-3.1577756e-06,0.0,-0.0018727435,-1.8816241e-05,-3.2526616e-06,-4.990982e-05,-4.9328723e-06,-2.8310194e-05,-4.1680727e-05,-9.867262e-05,-5.591088e-05,-0.0012310889,-5.181074e-05,-1.7902597e-05,-1.4701239e-05,-4.99532e-05,-0.0005593675,-7.204501e-06,-0.0013398672,-8.73247e-05,-8.717415e-06,-0.0005697532,-1.9961288e-05,-6.225077e-05,-2.5359457e-05,-0.0005567157,-0.0009279085,-0.00071969593,-2.241776e-05,-0.00011828653,-3.8295948e-05,-4.369772e-05,-4.662326e-06,2.4161873e-06,-4.6201832e-05,-0.0005389628,-0.00019807501,-1.7909788e-06,-2.4112796e-06,-0.0006697511,-4.1301224e-05,-6.161684e-05,-0.0015471558,-1.9161036e-05,0.99491954,-9.4507595e-06,-8.531179e-05,7.191998e-07,-2.8814326e-05,-1.5925036e-07,-1.4482099e-05,-3.5305227e-05,-0.00025537406,-0.0015162731,-1.7749575e-05,0.9948605,-4.640419e-05,-4.1913772e-05,-0.0021998526,-3.7420814e-05,-8.915563e-06,-1.9531155e-05,-9.249198e-05,-2.2786894e-06,-0.00094221823,-4.524874e-05,-4.0253137e-05,-8.3856885e-06,3.2864914e-06,-2.088448e-06,-3.7488502e-05,1.0448776e-05,2.0188459e-06,-1.0916382e-05,-5.858423e-06
0.0046415892,1.0032585,0.0049800877,0.0049857334,0.005020352,1.0006957,0.0044841515,0.004952359,0.004552874,1.0028515,0.0050022453,0.0049854103,0.004915971,0.004839471,0.0045858244,0.00484826,0.0044705835,0.004994753,1.0027145,0.004514855,0.0048150807,0.0049975025,0.0047759865,0.0046562855,0.004814778,0.004914027,0.0050054695,0.004664181,0.0048560197,0.004750882,0.004806409,0.0045016105,0.005019312,0.0048092324,0.004692432,0.0048205135,0.0048040072,0.0,0.004775225,0.0046724873,0.004660911,0.0045093424,0.004657769,0.004585841,0.0049440423,0.0049317465,0.005001851,0.004748675,0.0048163254,0.0047754752,0.004795819,0.0049990956,0.00477824,0.0050109793,0.0049307463,0.00449402,0.00498582,0.0048197713,0.0048282333,0.0044761444,0.004993377,0.0050094603,0.0050007314,0.0048399093,0.004942707,0.0044948165,0.0049266093,0.0048291227,0.004637425,0.0048386273,0.004985842,0.004962017,0.0044835145,0.0045722197,0.0050064414,0.004636613,0.00493502,0.0050237686,0.004787728,1.0008998,0.0045092497,0.004926213,0.004703815,0.004567814,0.004476024,0.0045733564,0.004480392,0.0049752104,0.005018515,0.0047753104,1.003024,0.0047924113,0.0045476053,0.005025755,0.004566778,0.0052912855,0.004716695,0.004911512,0.0044856914,0.004995641,0.0047898893,0.004577876,0.0047762506,0.0044530565,0.004496,0.0048053022,0.0047490518,0.0045094606,0.0044507524,0.004465982
-0.005667221,0.9947168,-0.005724187,-0.005734972,-0.0057147862,0.9946543,-0.0056685903,-0.005722183,-0.0057731858,0.99471,-0.0057350313,-0.005729987,-0.0057079047,-0.005676404,-0.005748196,-0.005680031,-0.0056756972,-0.005733808,0.9947102,-0.0057201083,-0.0057304334,-0.0057346844,-0.00565953,-0.005660793,-0.0056729913,-0.005709603,-0.0057308394,-0.005671806,-0.0056848084,-0.0056954734,-0.005679759,-0.0056250268,-0.005715086,-0.00571349,-0.005687571,-0.0057060737,-0.005707286,-0.00571299,0.0,-0.0056838198,-0.0056794556,-0.0056342473,-0.0056651416,-0.0056473734,-0.005712718,-0.005713567,-0.005725005,-0.0056915088,-0.0056727077,-0.005674784,-0.005705212,-0.005741939,-0.0056747934,-0.0057240613,-0.005720518,-0.005627468,-0.0057338867,-0.0057135164,-0.0056781014,-0.005649322,-0.0057428214,-0.005730536,-0.0057342253,-0.005722797,-0.0057179867,-0.0056395237,-0.0057205656,-0.0057205725,-0.0058454946,-0.0056778193,-0.005738832,-0.005735399,-0.005669233,-0.0056452486,-0.005737827,-0.005659916,-0.0057161795,-0.0057244897,-0.005680903,0.9946984,-0.0057119327,-0.0057146447,-0.0056879544,-0.00564671,-0.0056659374,-0.0056556985,-0.005627912,-0.005730942,-0.0057277842,-0.0056602983,0.9947159,-0.0056792353,-0.005637999,-0.0057120374,-0.0056443485,-0.0068221507,-0.005686424,-0.0057044844,-0.005626255,-0.0057329773,-0.005666732,-0.0056468546,-0.0056962436,-0.005634588,-0.0056935237,-0.0057048793,-0.0059227115,-0.005627894,-0.005628138,-0.0056162733
-5.0612314e-05,0.995299,-0.002803723,-0.0028587512,-0.003501662,0.99532616,7.792699e-06,-0.0024655177,8.945624e-06,0.9953252,-0.0030618976,-0.002828841,-0.0021992181,-0.0016166554,-1.1928777e-06,-0.001685897,-3.6539328e-05,-0.0028251957,0.9953308,-1.1358088e-05,-0.00052568724,-0.0030309923,-0.00081935705,-4.4346387e-05,-0.00128858,-0.0022449088,-0.0031676502,-5.5601868e-05,-0.0019169629,-3.780747e-05,-0.0013575337,3.6082004e-06,-0.0034987929,-0.00036459952,6.431217e-06,-0.00046973737,-0.00037352712,-0.0034372534,-1.3878804e-05,0.0,-1.9070068e-05,-3.986797e-05,-3.691074e-05,-4.255898e-06,-0.002417053,-0.002405702,-0.0032158261,-8.591952e-06,-0.0012224772,-0.00060303306,-0.00015735281,-0.0028518334,-0.0007123455,-0.0033200528,-0.0023732178,-2.7125683e-05,-0.0028714193,-0.00041702727,-0.0015136792,-2.5850693e-05,-0.0028575913,-0.003076236,-0.0029829515,-0.00054565363,-0.002404764,8.916798e-06,-0.0023431883,-0.00050273,-3.0054985e-05,-0.0016231269,-0.002859746,-0.0026194865,-2.328981e-05,-1.6659613e-05,-0.0029433838,8.001415e-06,-0.0024241065,-0.0033508553,-0.00080205256,0.99533975,-8.5135446e-07,-0.002348901,-6.9413477e-06,-2.7633783e-05,-3.769933e-05,-4.6423884e-05,-3.133766e-05,-0.0026511946,-0.0033217715,-0.00079491874,0.9953097,-0.00064270064,-3.3142478e-05,-0.0035538836,-4.1846986e-05,4.4925028e-07,-2.6247162e-05,-0.0021962323,-1.8330926e-05,-0.0030724746,-0.0009748596,-1.8332357e-05,-1.0995697e-05,9.148649e-06,-2.1520666e-05,-0.0005712881,1.4655667e-05,-1.9943995e-05,-4.1481235e-05,-1.6748223e-05
-4.817343e-05,0.99535894,-0.002987541,-0.003033049,-0.0035775823,0.9953843,-1.655956e-05,-0.0027015393,-2.989786e-05,0.99539316,-0.0032068104,-0.003002165,-0.0024861034,-0.001991161,-3.4692363e-05,-0.0020635098,-1.3139703e-05,-0.002997133,0.9953948,1.7286502e-05,-0.0009813826,-0.0031848578,-0.0013212654,-4.8455924e-05,-0.0017359718,-0.0025420438,-0.0032830846,-1.3761299e-05,-0.0022649225,-0.00031773734,-0.0017941258,1.4417682e-05,-0.0035677277,-0.0009957239,-3.203234e-05,-0.0010805738,-0.0009972128,-0.0035230226,-9.467249e-06,-4.575485e-05,0.0,-2.3817354e-06,-2.4663603e-05,-4.7580437e-05,-0.0026408962,-0.0026502202,-0.003329347,-0.0003554827,-0.0016892494,-0.0011995607,-0.0007972933,-0.0030215473,-0.0012639255,-0.003416801,-0.00263108,5.651073e-06,-0.0030435964,-0.0010612783,-0.0019039671,-6.09751e-06,-0.0030352306,-0.0032223174,-0.003145778,-0.0011173267,-0.0026569904,1.451302e-05,-0.0025832865,-0.0011036663,-1.3863652e-05,-0.0019970099,-0.0030196316,-0.0028209968,-2.7153385e-06,-4.055781e-05,-0.0030962012,-2.7002821e-05,-0.0026579471,-0.0034370993,-0.0013196648,0.9954065,-2.0692978e-05,-0.002603008,-1.1180502e-05,-1.7714245e-05,3.4905568e-06,-3.216653e-05,1.2267432e-07,-0.0028532022,-0.0034074464,-0.001332991,0.99537337,-0.0012241682,-4.595113e-05,-0.0036188844,-2.246296e-05,-3.1166488e-05,-0.00027787665,-0.0024915917,-8.470494e-06,-0.0032130096,-0.0014896584,-8.484446e-06,-0.0005585829,1.5472111e-05,-1.8982673e-06,-0.0011597903,8.698001e-06,-1.00243615e-05,-2.1284795e-05,-1.2403184e-05
-0.002269774,0.9956484,-0.0035950327,-0.0035906383,-0.0038498926,0.99567056,-0.001494891,-0.0034670546,-0.0014395774,0.9956958,-0.0036696193,-0.0035968248,-0.0033589203,-0.0031641203,-0.0014309619,-0.0031967878,-0.001495306,-0.0035970563,0.99569947,-0.0015238551,-0.0028588073,-0.0036607257,-0.0029322098,-0.0023346301,-0.00308476,-0.0033883364,-0.0037082299,-0.002377498,-0.0032429663,-0.0026586193,-0.0030580235,-0.0019476449,-0.0038473886,-0.0028618146,-0.002486898,-0.0029153237,-0.002860196,-0.0038193685,-0.0015495358,-0.0024627906,-0.0023749126,0.0,-0.0023475648,-0.0021774927,-0.003435447,-0.0034335668,-0.0037395514,-0.0026455924,-0.0030350077,-0.0028954693,-0.0027970767,-0.0035928257,-0.0029338172,-0.0037771082,-0.0034349216,-0.0018245928,-0.0036029452,-0.002898632,-0.0031306155,-0.001647483,-0.0035937044,-0.0036838767,-0.003654704,-0.0029337998,-0.0034369435,-0.0019209629,-0.0034072918,-0.0029074433,-0.0015397277,-0.003175048,-0.003597927,-0.0035154903,-0.0016283245,-0.0022213585,-0.0036404112,-0.002341157,-0.0034313642,-0.0037934764,-0.0029276854,0.99573326,-0.0015098437,-0.0034175566,-0.0024921498,-0.0021131388,-0.0015074863,-0.002148607,-0.0018095481,-0.0035252643,-0.0037703207,-0.0029377565,0.99567056,-0.0029234083,-0.0020619268,-0.0038703866,-0.0020908623,-0.002106376,-0.0026061053,-0.003359226,-0.0019244575,-0.0036802625,-0.002993991,-0.0021627943,-0.0027037682,-0.0017150177,-0.0016382424,-0.0028953254,-0.0014443545,-0.0019264033,-0.0016973367,-0.0017193396
-0.000115060866,0.9954152,-0.0030738802,-0.0031288478,-0.0036026684,0.9954596,-3.7187643e-08,-0.0028041513,-2.5489191e-05,0.99545336,-0.003270458,-0.0030997903,-0.0026498085,-0.0022269008,6.4857245e-06,-0.002289539,1.1378699e-05,-0.003087457,0.99545556,-3.9115707e-06,-0.0016461792,-0.0032490776,-0.0016550694,-0.00021155724,-0.002000887,-0.0026647258,-0.003356602,-7.326292e-05,-0.0024365485,-0.00074857095,-0.0020549363,-3.760092e-05,-0.0035990328,-0.0013904646,-0.00057500124,-0.0014403245,-0.0013811878,-0.0035441448,2.3789373e-06,-0.00046484868,-0.00029389124,-5.0020994e-05,0.0,1.4794039e-05,-0.0027945319,-0.0027772463,-0.0033670028,-0.0008201118,-0.001987172,-0.0015381785,-0.001236417,-0.0031096207,-0.0016000853,-0.0034518668,-0.0027513886,-1.3860611e-05,-0.0031328625,-0.0013946382,-0.0021761633,-1.9102446e-05,-0.003142329,-0.0032750564,-0.0031983987,-0.001494262,-0.002779222,1.4995596e-05,-0.0027421538,-0.0014796072,4.957688e-07,-0.0022369293,-0.003131166,-0.0029262945,1.7689545e-07,-4.8259317e-05,-0.0031746053,-0.00020121777,-0.0028007322,-0.0034779396,-0.0016678817,0.9954663,-2.6342814e-05,-0.0027447836,-0.0003400329,9.415096e-06,-2.7333057e-05,-5.4873995e-05,-5.696104e-06,-0.002959597,-0.003457592,-0.0016398198,0.9954379,-0.0015477958,-2.831836e-05,-0.0036348028,-5.721756e-05,1.4805109e-05,-0.0007612533,-0.0026467876,-1.0839265e-05,-0.0032775444,-0.0017848855,-3.7709742e-05,-0.0010413369,-4.4366257e-05,-2.921737e-06,-0.0015320382,-1.9570234e-05,-2.428358e-05,1.5696558e-05,4.833967e-06
-0.0011605385,0.9955484,-0.0032922977,-0.0033108692,-0.0036690559,0.9955888,-8.1393504e-05,-0.003086836,-2.1119395e-06,0.9955906,-0.0034148577,-0.0032932048,-0.0029588554,-0.0026498875,-4.3549553e-05,-0.002708106,-6.9542607e-06,-0.0032970358,0.9955932,-3.2738975e-05,-0.0022429794,-0.0034009647,-0.0022677926,-0.0012408347,-0.0025101253,-0.0029939264,-0.0034734453,-0.0012076369,-0.0027619365,-0.0017291465,-0.0024278143,-0.0005339956,-0.0036747928,-0.0021100843,-0.0015280682,-0.0021787249,-0.0020846105,-0.0036153675,-1.4258406e-05,-0.0014728495,-0.0013670663,-0.00068581395,-0.0012382765,0.0,-0.0030682734,-0.0030598766,-0.0035042714,-0.0017294089,-0.0024627754,-0.002198066,-0.0020071515,-0.0032897233,-0.0022648782,-0.003564894,-0.003060654,-0.0004048262,-0.0033105314,-0.002132224,-0.002617919,-0.00024782825,-0.0032984226,-0.00343153,-0.0033667355,-0.0021902395,-0.0030506244,-0.0005898218,-0.0030202381,-0.002195237,-4.4399335e-06,-0.002671586,-0.003314063,-0.0031777162,-0.0001109986,-0.0009845184,-0.003365845,-0.0012546434,-0.0030574694,-0.0035859686,-0.002206426,0.99562776,-1.2670056e-05,-0.0030300687,-0.0014463958,-0.00091934536,-3.0867785e-05,-0.00095651706,-0.0003800237,-0.0031925004,-0.003559731,-0.002257563,0.9955681,-0.0022237103,-0.0008258015,-0.0037026338,-0.0008844712,-0.00021907799,-0.0016916491,-0.002953241,-0.0005304265,-0.003423184,-0.0023605295,-0.0009196458,-0.0018720388,-0.00029838117,-3.7926595e-05,-0.0021941622,-3.6142865e-05,-0.0005384552,-0.00028251146,-0.00024418035
0.0007474732,0.99603397,0.00343779,0.003412103,0.0037807855,0.9947463,1.7947259e-05,0.0032208844,1.1480837e-05,0.99586755,0.0035275987,0.0034214293,0.0030195476,0.0025894432,3.2082367e-05,0.002670277,-1.0435866e-05,0.0034450532,0.9958082,1.6155465e-05,0.0019424851,0.0035115227,0.002097864,0.0008700998,0.0023339326,0.0030577132,0.003590855,0.00094623474,0.0027183073,0.0015175536,0.0022270896,0.00028115007,0.0037801987,0.001883047,0.0011560989,0.002021553,0.0018782911,0.003750745,-3.3520374e-07,0.0010652184,0.00094715896,4.1316413e-05,0.00087453035,0.00055689964,0.0,0.0031457143,0.003625448,0.0014022372,0.0023515576,0.001944221,0.0017869946,0.003423893,0.0020089909,0.003676657,0.0031537907,4.2986107e-05,0.003414629,0.0019679717,0.0025144375,3.582775e-05,0.0034097494,0.0035626295,0.0034982872,0.0019995212,0.0031494026,0.00023153974,0.0030500053,0.001997461,-1.5044205e-05,0.0026234726,0.0034239776,0.0032892332,2.4307496e-05,0.00061441516,0.0034986953,0.0008845287,0.003126546,0.0037233639,0.00192327,0.9948556,-1.6455107e-05,0.0031070767,0.0011426562,0.0005169276,4.956955e-07,0.0004783967,3.3801974e-05,0.0033245375,0.0036730296,0.0020897428,0.9959316,0.0019475413,0.00044841392,0.0038067847,0.000519751,0.00046640736,0.00135429,0.0030167487,-9.342125e-06,0.0035302113,0.002183223,0.0005658563,0.0016060846,3.2835505e-05,1.9290486e-05,0.0019482168,3.332091e-06,1.9079307e-05,1.3193481e-05,-2.3832436e-06
0.0007280119,0.995981,0.0034315358,0.0034024168,0.0037754646,0.99471307,1.0619907e-05,0.0032180392,-5.52127e-06,0.99581784,0.0035207488,0.0034165848,0.0030115491,0.0025738613,2.6857573e-05,0.0026607055,-1.959752e-05,0.0034384183,0.99576485,1.3055325e-05,0.0018833998,0.0035062404,0.0020821535,0.00084153574,0.0023160835,0.003061511,0.0035847563,0.00091840274,0.0027102577,0.001513435,0.002221983,0.00025852185,0.003774505,0.0018606976,0.0011382584,0.0019998746,0.0018658891,0.0037399996,-7.2961734e-06,0.0010478767,0.0009149228,2.6743766e-05,0.0008529291,0.000544609,0.0031521104,0.0,0.0036200155,0.0013719962,0.0023517045,0.001938236,0.0017707355,0.0034152986,0.0019967004,0.0036725544,0.0031503285,1.6944103e-05,0.0034129177,0.0019583874,0.0025090012,1.3094772e-05,0.0033994021,0.0035649308,0.0034873243,0.0019741734,0.0031379182,0.00026873828,0.0030356436,0.001991171,-7.632319e-06,0.0026165713,0.0034149115,0.003281305,2.1090689e-06,0.00057592726,0.0034957945,0.0008873886,0.0031148896,0.0037180486,0.00190637,0.9948361,3.3742916e-05,0.0030954692,0.0011423787,0.0004975174,-9.288116e-06,0.00045432302,9.742521e-06,0.0033200507,0.0036662854,0.002081167,0.995879,0.0019316827,0.00041398758,0.0038021437,0.00050582195,0.0004425811,0.0013315483,0.0030109792,4.174273e-05,0.0035288448,0.0021755653,0.0005521266,0.0015874757,3.382003e-05,-1.4801998e-06,0.0019378739,-2.719776e-06,4.5609286e-06,-8.358778e-06,3.6584435e-05
0.003963512,1.0019065,0.004515577,0.0045193057,0.004585008,0.9992102,0.0037178525,0.004470605,0.0038110018,1.0012985,0.0045408206,0.0045214132,0.0044158185,0.004311514,0.003837348,0.0043261815,0.0037111246,0.004527983,1.0010989,0.0037469368,0.0042350423,0.0045393766,0.004216277,0.003988327,0.004266364,0.0044212113,0.0045536743,0.0040147724,0.0043384093,0.004142796,0.0042517185,0.003771399,0.0045862617,0.0042233444,0.0040568057,0.0042495807,0.004224405,0.004580086,0.0040370156,0.0040352624,0.0040046303,0.0037907795,0.003999163,0.003897291,0.004447609,0.0044371756,0.0,0.0041334457,0.0042667943,0.0041992646,0.0041984343,0.0045277607,0.004210749,0.004568661,0.0044457084,0.0037499166,0.004516297,0.0042496724,0.0042922287,0.003730164,0.004523408,0.0045540184,0.0045376685,0.0042656525,0.0044526397,0.0037683654,0.004423183,0.004251663,0.0038972534,0.0043139183,0.0045169056,0.0044852435,0.0037196684,0.0038850848,0.004551491,0.0039762766,0.0044409065,0.0045843823,0.0042104665,0.9993199,0.0037432788,0.004432457,0.004069722,0.0038699138,0.0037248894,0.003878394,0.0037342913,0.004498914,0.0045740977,0.0042139725,1.0015419,0.0042150775,0.0038295048,0.004598482,0.0038641626,0.0046028937,0.004094279,0.0044128136,0.0037610857,0.0045407475,0.0042327563,0.0038887598,0.004167872,0.003718139,0.0037479505,0.0042266245,0.0040100734,0.0037945232,0.003704195,0.0037261276
-1.4205643e-05,0.9951393,-0.002154376,-0.0022773112,-0.0033016496,0.9951642,-1.3412047e-05,-0.0016460047,-2.6322973e-06,0.99515927,-0.0025933972,-0.0022110424,-0.001259888,-0.00037661713,-2.8262706e-05,-0.00050601887,6.459474e-08,-0.002191368,0.99516493,-4.4184235e-06,-3.3817116e-05,-0.0025589562,-3.2870696e-05,-8.538511e-06,-4.2164953e-05,-0.0013693261,-0.0027713017,-2.9649045e-05,-0.00083243725,9.2125e-06,-9.3521914e-05,-1.7024428e-05,-0.0032987737,-6.2369436e-06,-3.0409508e-05,4.988208e-06,-9.008674e-06,-0.003179891,-1.5012938e-05,-3.506748e-05,-2.5846723e-06,1.4234189e-05,-3.1605286e-05,-7.191896e-06,-0.0015852196,-0.0016008584,-0.00282676,0.0,-6.137805e-05,-2.0672165e-05,-2.433618e-05,-0.0022531063,-3.84448e-05,-0.0030071656,-0.001531691,-1.7470677e-05,-0.0022868472,-2.467179e-05,-0.00026347346,-3.947562e-06,-0.0022464376,-0.0026176502,-0.0024449574,-2.8877876e-05,-0.0015883433,5.0689596e-06,-0.0014740663,-3.153899e-05,-1.5504436e-05,-0.00040767883,-0.0022366906,-0.0019025463,4.7856906e-06,-3.423505e-05,-0.002397481,-2.117208e-05,-0.0016094679,-0.0030429089,4.5915194e-06,0.99517757,-3.071282e-05,-0.0014844267,-8.578719e-06,-3.4082458e-08,-2.2107297e-05,2.4663534e-06,-3.146619e-05,-0.0019713552,-0.00301367,-6.5707777e-06,0.9951451,2.3903945e-06,-5.1514694e-06,-0.0033798518,-2.1408203e-05,1.6150698e-05,-4.2446736e-05,-0.0012729494,9.92648e-06,-0.0026111142,-8.151492e-06,-3.421225e-05,-7.98936e-06,-2.8802871e-05,-4.0949176e-06,2.9663056e-06,-6.1989904e-06,-1.388114e-05,-1.551785e-06,-2.7694554e-05
-3.8688922e-06,0.9948904,0.0011417632,0.0010452754,0.0015736959,0.99470234,2.8674513e-05,0.0009810729,1.5270682e-05,0.9948729,0.0012321527,0.0011746627,0.0005559847,7.124528e-05,2.3119554e-05,1.6866816e-05,3.2347914e-05,0.0011596386,0.99486333,2.0846924e-06,2.3121895e-05,0.0011211046,2.3071296e-05,2.2390139e-05,1.9065643e-05,0.0006069039,0.0013632317,-7.90546e-06,1.0964952e-06,5.300207e-07,4.1629522e-05,1.4127974e-05,0.0015813889,4.1564774e-05,-8.4029525e-06,2.7581971e-05,2.28328e-05,0.0015821158,-1.10282035e-05,2.7819045e-05,1.0227082e-05,3.3885044e-05,2.112299e-05,-8.784162e-06,0.000593596,0.00063411717,0.0013773851,-8.694624e-06,0.0,2.4067196e-05,2.142397e-05,0.0011194554,4.5727982e-05,0.0015079825,0.00076494296,1.3750933e-05,0.0010319961,1.1908512e-05,5.375243e-05,2.06469e-06,0.0012173577,0.0013709597,0.0010823375,1.2193105e-05,0.00065863377,9.235107e-06,0.00041347652,1.1469687e-06,3.1821502e-05,3.0708088e-05,0.0010819926,0.0009853091,2.8767094e-05,1.5345195e-05,0.0013128994,2.9493734e-05,0.00060731336,0.0015736431,1.723118e-06,0.99472666,2.8498043e-05,0.00062188035,3.434597e-05,4.6436635e-06,1.4009423e-05,2.295059e-06,9.368429e-06,0.0010276273,0.0013946827,3.463944e-05,0.9948791,3.2636002e-05,1.9792775e-05,0.0016285718,1.0197737e-05,-5.8637374e-06,-2.982464e-06,0.00050643523,4.1907147e-06,0.0012421927,1.7388951e-05,-2.3880013e-08,6.2318013e-06,2.644978e-05,4.491172e-06,1.9269382e-06,3.0258916e-05,2.3977278e-05,-4.054636e-06,3.7516253e-05
-8.763713e-06,0.99496496,1.0287185e-05,5.060759e-06,-2.3299215e-05,0.9948266,-1.4627298e-07,1.8989213e-05,5.1134866e-06,0.99495244,6.694013e-06,-1.0411887e-05,-1.3749365e-05,-1.4484719e-05,-1.71655e-05,1.9456895e-05,-1.5829723e-05,-2.988271e-06,0.99495167,5.906094e-06,2.6228663e-05,-1.1655028e-05,1.0790368e-05,-2.2195438e-05,2.1022265e-06,8.482534e-06,8.9261175e-06,2.0448271e-05,1.6700158e-05,-1.2491462e-06,-4.5501856e-06,-5.443308e-06,-1.9851392e-05,-7.9794345e-06,-3.9056617e-06,-7.086435e-06,5.134333e-06,7.747509e-06,1.5955415e-05,5.3240256e-06,8.259604e-06,-5.3573362e-06,1.13073065e-05,-1.0128046e-05,-1.6184835e-05,-1.1698658e-05,-1.2941547e-05,2.5431242e-05,-9.89042e-06,0.0,-1.33131025e-05,-1.8650324e-05,-2.0624351e-05,1.59715e-05,-1.9185163e-05,-1.2952358e-05,5.966072e-06,-4.627045e-06,5.115436e-07,5.9074064e-06,-1.14763725e-05,5.774822e-07,1.746213e-05,-6.1638216e-06,-1.3324958e-06,2.5487332e-05,-3.4676086e-06,1.1543571e-05,-1.3498765e-05,-2.6678738e-06,1.3079354e-05,9.818751e-07,1.7417955e-05,-1.2332147e-05,6.187551e-07,-4.5193874e-06,-2.146587e-05,2.3324134e-05,-2.156434e-06,0.9948529,-1.0410694e-05,-6.1545443e-06,1.3134505e-05,-2.484035e-06,-2.0532698e-05,-1.8115139e-05,1.3496663e-06,1.05835015e-05,-1.4678375e-05,2.1049658e-05,0.9949411,1.8364549e-06,-1.0469154e-05,1.2400386e-05,1.0746927e-05,3.6188976e-06,2.1238957e-05,-2.1909205e-05,-9.188059e-06,1.0233852e-05,-2.1602342e-05,-1.9981719e-05,2.325335e-05,-4.8519387e-06,5.033825e-06,7.688146e-06,6.210978e-06,2.3587338e-05,2.3056468e-06,-1.0680994e-05
-4.839398e-06,0.9949428,-0.0008380902,-0.0010241079,-0.003291954,0.994987,-1.0340795e-05,-0.00026555805,-9.795184e-06,0.9949593,-0.0014346463,-0.00091611716,-7.534524e-05,-6.148137e-05,-1.4967904e-05,-4.1897296e-05,-2.1707474e-05,-0.0008770799,0.99496555,-3.3451593e-05,-2.1884582e-05,-0.00137178,-1.7433988e-05,-6.1732517e-06,-2.5581783e-05,-4.206833e-05,-0.0016701263,-2.3216422e-05,-2.3006474e-05,-1.4385463e-05,-5.9359412e-05,-3.5639598e-06,-0.0032811791,-4.913908e-05,-4.8381244e-05,-3.9593833e-05,-4.8221358e-05,-0.0023564696,5.0411654e-06,-1.0656506e-05,-3.9613198e-05,-4.6272476e-06,-4.045274e-05,-2.6856558e-05,-0.00024618988,-0.0001949932,-0.0018187253,-1.8390005e-05,-1.4565179e-05,-5.9985898e-05,0.0,-0.0009995827,-4.525927e-05,-0.0020519597,-0.00015134636,-1.112941e-05,-0.0010165969,-2.9014795e-06,-5.4055043e-05,-3.2004882e-05,-0.00096237974,-0.0014682147,-0.0012674796,-2.0105523e-05,-0.00022931905,6.1815294e-06,-0.000115385796,-5.1011943e-05,-3.7540399e-06,-6.503253e-05,-0.0009752324,-0.0005902633,-1.4812896e-06,6.427359e-06,-0.0011185413,6.587137e-08,-0.000261655,-0.0020875593,-5.54435e-05,0.99499136,-1.1099014e-05,-9.055458e-05,-1.7431614e-05,-1.5687587e-05,-6.1277597e-06,-3.5282286e-05,-3.233996e-05,-0.00062816724,-0.0020479932,-5.2228143e-06,0.99494773,-1.7845729e-05,-2.444145e-05,-0.0034413245,-2.9832643e-05,-1.2813826e-05,-2.7383301e-05,-9.770032e-05,-4.0480078e-05,-0.0014762392,-3.7088183e-05,-1.8624585e-05,-2.6645665e-05,-1.5894442e-06,-4.9438545e-06,-2.9645287e-05,-4.6161185e-06,1.6957754e-06,8.581136e-06,6.0159124e-07
0.0021715614,0.99795246,0.0040106284,0.0040249606,0.0037587562,0.9964821,0.0016707319,0.0039871223,0.0017699323,0.99750143,0.0040800655,0.004030017,0.0037486756,0.0035998253,0.0018249186,0.0036744694,0.0016690206,0.0041147685,0.99738055,0.0017021716,0.002841216,0.004085001,0.0031116754,0.0022368687,0.0033910116,0.00384344,0.003959656,0.0022865036,0.003696602,0.0026538416,0.003207663,0.0018100728,0.0038149839,0.003026835,0.0024012777,0.0031245837,0.0030320606,0.0038520307,0.0020164526,0.0023516484,0.0022598188,0.0018773235,0.002259803,0.0020406083,0.003944861,0.0038670078,0.0040464667,0.0026503308,0.003298051,0.0030645942,0.0029557233,0.0,0.0031068502,0.0040807496,0.003893555,0.0017482972,0.004062773,0.0030967277,0.0033304873,0.0017113601,0.0039662174,0.004167706,0.004117346,0.0030725081,0.0039385734,0.0017931256,0.0038139299,0.0030785615,0.0018644775,0.0036853764,0.0040493617,0.0039916653,0.0016648326,0.0020317505,0.0041786483,0.002223703,0.0039249747,0.0039898735,0.0031177348,0.9965334,0.0016970658,0.0038788684,0.0023960478,0.0019849315,0.0016950333,0.0019911984,0.0017406696,0.0040227557,0.0041939337,0.0031077978,0.99765843,0.003075112,0.0019144488,0.0038220698,0.0019800444,0.00270177,0.0025156448,0.0038218263,0.0017875192,0.004043795,0.0031799865,0.0020492922,0.002728217,0.001716038,0.0016972345,0.0030513655,0.001997094,0.0018451733,0.0016854028,0.001734032
2.5278448e-05,0.99503976,8.058561e-06,5.6755343e-05,4.756765e-06,0.99480003,1.3103783e-06,-9.756772e-06,8.908499e-06,0.995014,4.1921066e-05,4.16572e-05,4.175832e-05,1.3775854e-05,-1.6231235e-05,1.4253555e-05,-1.3054208e-06,-1.4164951e-05,0.9950044,-1.7355933e-05,-4.4756143e-06,1.7578675e-05,1.19353335e-05,1.791813e-05,4.4020708e-05,1.8200259e-05,5.327601e-06,2.8315397e-05,3.9094252e-06,1.3277269e-05,1.5493535e-05,1.728042e-05,1.9995743e-05,-6.665601e-06,1.6505282e-05,2.3866305e-05,7.2567173e-06,5.6383604e-05,-4.42463e-06,1.8653494e-05,2.939039e-05,-4.6007085e-06,-3.753685e-06,3.0860192e-05,5.4575183e-05,2.583829e-05,0.00014043578,1.8902854e-05,1.8845083e-05,-1.0175074e-05,3.651488e-05,2.4748235e-05,0.0,7.721472e-05,1.0032838e-05,1.5522752e-05,4.72762e-05,1.100313e-05,2.8219978e-05,-3.062804e-06,-6.7463966e-06,5.1143008e-05,4.3350337e-05,3.1784813e-05,5.2324616e-05,2.0300738e-05,4.3289174e-06,2.0144596e-06,-1.460469e-06,-9.310281e-06,-2.3790499e-06,3.1390277e-06,2.2080381e-05,7.6049973e-06,5.3878164e-08,-5.9510007e-06,-1.2886913e-05,2.7744552e-05,3.414805e-05,0.9948351,-1.30902345e-05,4.2581273e-06,-1.5826541e-05,-1.0334764e-05,2.5806848e-05,8.282501e-06,3.1335796e-05,6.7035275e-05,5.5436936e-05,1.6280883e-05,0.9950034,-1.7216462e-05,2.3580958e-05,-1.8732931e-06,-1.6997313e-07,-1.858462e-05,1.8436125e-05,3.5852285e-05,1.8892104e-05,5.442375e-05,-2.0567943e-06,1.6896356e-05,-3.6706276e-06,2.6597101e-05,-1.3286849e-05,3.717296e-05,-4.5043657e-06,2.359858e-05,1.0775668e-05,8.157705e-06
0.00428335,1.0026114,0.0047270814,0.0047320304,0.004782546,0.9998764,0.004082977,0.0046900418,0.0041628378,1.0020934,0.0047528488,0.004733029,0.0046475143,0.004554778,0.0041899383,0.004566179,0.0040653907,0.004742766,1.0019041,0.0041097444,0.0045062467,0.004747361,0.0044772434,0.004303553,0.0045174984,0.004649017,0.0047616237,0.0043175127,0.004576795,0.0044284523,0.0045084227,0.004114045,0.0047846143,0.0044957483,0.004355401,0.0045140204,0.004494278,0.00477761,0.004385883,0.0043323813,0.0043141018,0.004134602,0.004304797,0.0042228205,0.0046725385,0.004662589,0.0047586793,0.004421515,0.0045210295,0.00446621,0.0044777417,0.0047433143,0.0044774283,0.0,0.0046699583,0.004103969,0.004733916,0.0045154355,0.0045440407,0.004081951,0.0047389343,0.0047599752,0.0047472296,0.004532446,0.004675487,0.004111291,0.0046564285,0.0045198374,0.004243574,0.004555724,0.004734731,0.004705728,0.004080526,0.004213762,0.00476024,0.0042876815,0.0046627317,0.004785874,0.0044791917,1.0000229,0.004109087,0.004656219,0.004368173,0.0041959994,0.004076654,0.004204482,0.004087911,0.004713491,0.004774201,0.004472284,1.0022918,0.0044838707,0.004168498,0.0047937366,0.0041961605,0.0049275476,0.00438281,0.0046407646,0.004100588,0.004750575,0.0044914,0.0042158347,0.004450109,0.0040686675,0.0041027335,0.0044940542,0.0043606614,0.0041349106,0.0040536528,0.0040742476
0.0008504645,0.9961074,0.0034623672,0.003421329,0.0037620543,0.9948098,1.7436032e-05,0.003271427,-5.576374e-06,0.99595547,0.003538697,0.003457219,0.003053892,0.002630899,7.313265e-07,0.0027054364,-2.128895e-05,0.0034680218,0.995872,3.7363094e-05,0.00191749,0.0035112768,0.0021741288,0.0009372004,0.0023977542,0.0031224277,0.0035935938,0.0010769797,0.0027580764,0.001660239,0.0022481817,6.27031e-05,0.003773198,0.0019518923,0.0012693171,0.002101572,0.0019772623,0.0037443787,-2.6959257e-05,0.0011764601,0.0010046308,3.2616994e-05,0.0010164618,0.00068011694,0.0031493919,0.0031435948,0.003634972,0.0014843327,0.0024310078,0.0020323384,0.0018670331,0.0034275863,0.0020946441,0.003695139,0.0,-1.4871379e-05,0.0034252354,0.0020784768,0.0025582917,2.7771279e-05,0.0034222573,0.0035888709,0.0035069396,0.0020560022,0.0031759467,8.154553e-05,0.0030692378,0.0020707697,2.794069e-05,0.0026716038,0.0034120688,0.003326303,3.430006e-05,0.0007143069,0.0035444875,0.0009985293,0.003144403,0.003741779,0.001962526,0.9948866,1.9546582e-05,0.0031288976,0.001311577,0.0006050402,2.8997656e-05,0.00058033137,-2.3289262e-05,0.0033447961,0.0036621059,0.0021762347,0.996006,0.0020427331,0.0005243218,0.0038146637,0.0006244013,0.0005463751,0.0014378738,0.003050894,3.0266201e-05,0.0035400635,0.002252616,0.0007279641,0.0016616819,7.352733e-06,-1.0746387e-07,0.0020355356,-2.715982e-05,0.000112907175,1.5204444e-05,4.1402138e-05
-0.0030687046,0.99563813,-0.003950697,-0.0039650933,-0.0041346927,0.9956824,-0.0026254687,-0.003862258,-0.0025729039,0.9956832,-0.0040171994,-0.0039588986,-0.0037960461,-0.003647402,-0.002560882,-0.003674532,-0.0026061493,-0.0039596264,0.9956938,-0.0025839407,-0.0035124936,-0.0040087854,-0.0034925377,-0.0031034558,-0.0035916546,-0.0038078593,-0.0040400093,-0.0031017757,-0.0037036291,-0.0033060624,-0.0035791914,-0.0028082745,-0.004131208,-0.003456527,-0.0032327455,-0.003484,-0.0034537094,-0.0041095694,-0.002712725,-0.0032029685,-0.0031567987,-0.002877585,-0.003102264,-0.002992892,-0.003838519,-0.00383806,-0.0040512057,-0.0033041278,-0.0035795567,-0.0034750034,-0.0034163594,-0.0039612725,-0.003493665,-0.0040828823,-0.003842604,0.0,-0.003964462,-0.0034726483,-0.0036336384,-0.00263001,-0.0039658467,-0.004021325,-0.003993893,-0.0034948487,-0.003839545,-0.0028054637,-0.0038262259,-0.003495273,-0.0025699825,-0.0036555906,-0.003966888,-0.0039041454,-0.0026121137,-0.0029610312,-0.003993246,-0.0030948028,-0.0038424744,-0.0040926216,-0.003490522,0.99571955,-0.0025661753,-0.0038281737,-0.0031972702,-0.0029526649,-0.0025884225,-0.0029852495,-0.0027062038,-0.0039052835,-0.0040811053,-0.003487061,0.99566567,-0.0034887858,-0.002907198,-0.0041491087,-0.0029362456,-0.0033949725,-0.003287095,-0.0037917823,-0.0028052735,-0.004017383,-0.0035245111,-0.0029834763,-0.0033567385,-0.0026763515,-0.0025892165,-0.0034891462,-0.0026205522,-0.0027849884,-0.002655202,-0.0026620862
0.0026741126,0.9990542,0.004023806,0.0036973308,0.0038697333,0.99723816,0.0022703772,0.0036490026,0.0023580145,0.9985343,0.0037597176,0.0037254817,0.00352731,0.003355836,0.0024049254,0.0037050322,0.002262074,0.0037554458,0.99838185,0.0022970405,0.0031829712,0.0037469927,0.0032073804,0.002719739,0.0032654451,0.003554091,0.0037828307,0.0027553749,0.003736368,0.0030156267,0.0032520231,0.002382206,0.003872068,0.0031679096,0.0028646765,0.003176643,0.0031603912,0.0038543334,0.0026008196,0.0028196035,0.0027508354,0.0024385732,0.002735465,0.0025733903,0.0039002316,0.0039039475,0.0037721668,0.0029904605,0.0032851112,0.0031582455,0.003111793,0.003992816,0.0031499602,0.0038078818,0.0035890406,0.0023409447,0.0,0.0031850133,0.0033351665,0.0022954142,0.0037043458,0.0037843112,0.0037387095,0.0032170922,0.0038245346,0.0023688995,0.0038713806,0.0031913165,0.002456841,0.0034535236,0.004027559,0.003965249,0.002262586,0.0025546765,0.0037876223,0.0027153478,0.003558938,0.0038447604,0.0031324523,0.99730045,0.0022923276,0.0035484938,0.0028586106,0.002529596,0.0022951283,0.0025350952,0.0023165827,0.0036547685,0.0038244931,0.0032173966,0.99871784,0.0031516193,0.0024685117,0.0039012213,0.0025213358,0.0032408198,0.0029303948,0.003538744,0.002363456,0.003741477,0.0032044214,0.0025691865,0.0030575006,0.0022993195,0.0022943646,0.0031680998,0.0025751498,0.0024104181,0.002268226,0.0023105112
-3.1331267e-05,0.9947781,-0.0002754886,-0.00035111612,-0.0011771687,0.99484795,-2.0193007e-05,-7.6927776e-05,-3.187343e-05,0.9947949,-0.0005173112,-0.00032489919,-1.3406009e-05,-2.6957734e-05,8.220872e-06,-6.925566e-05,-3.4114022e-05,-0.00031086276,0.99480116,-1.5121913e-05,-5.904567e-05,-0.00049149594,-3.692367e-05,-2.2830425e-05,-1.2494094e-05,-7.7400044e-05,-0.0006478093,-4.206707e-05,-7.0177826e-05,-5.84978e-06,-6.9322896e-06,-2.7400263e-05,-0.0011677917,-3.8249695e-05,-3.7735903e-05,-5.621469e-05,-3.092704e-05,-0.0010756034,6.2351223e-06,5.1454407e-07,-3.330655e-06,-2.6519621e-05,-1.406659e-05,-3.6890644e-05,-7.1497394e-05,-2.6996233e-05,-0.00066918036,-3.9432398e-05,-3.2603144e-05,-2.3464934e-05,-9.884893e-06,-0.00033743418,-9.977864e-06,-0.0008651376,-3.3876528e-05,-5.068179e-06,-0.00035372694,0.0,-5.8465957e-05,3.7344847e-07,-0.00032286617,-0.0005001046,-0.0004437536,-5.047887e-05,-1.9102683e-05,-1.991738e-05,-7.034558e-05,-2.6950014e-05,-1.1694091e-05,-2.5736035e-05,-0.00034184562,-0.00018104036,4.0686386e-06,-2.6462988e-06,-0.0003885151,-9.0372146e-07,-5.6212324e-05,-0.0008591751,-5.8696623e-05,0.9948432,-2.2259471e-06,-4.9017533e-05,-2.2321503e-05,-3.333288e-06,-1.7963079e-05,-4.718218e-06,-2.0557769e-05,-0.00017655316,-0.00084924855,-1.2959933e-05,0.9947839,-4.4855136e-05,-1.9465562e-05,-0.0013244657,-6.9137313e-06,1.4295735e-05,-5.4187535e-06,-1.5237617e-05,2.316401e-06,-0.0005383223,-4.336196e-05,7.7768095e-07,1.801401e-06,-3.5507346e-05,-1.4650117e-05,-2.7142623e-06,-2.0666728e-05,-5.4311095e-06,1.4780621e-06,-3.0956508e-05
-1.4260064e-06,0.99509233,0.001762498,0.0017431945,0.0023162267,0.9949442,-7.2074336e-06,0.0014808469,1.3002777e-05,0.99506193,0.0019203348,0.0017696556,0.0011027503,0.00027281747,3.6264169e-06,0.00041750303,-7.918746e-06,0.0018045242,0.995059,-1.1443839e-05,1.928215e-08,0.0018841103,-2.7159947e-06,-1.3560294e-05,6.769032e-05,0.0012152262,0.002059899,2.8538716e-05,0.00047869928,5.2756277e-06,2.3919198e-05,-1.3104678e-06,0.0023136933,3.5162902e-05,4.116903e-05,-1.3144109e-05,5.5628185e-05,0.0022407582,4.628012e-06,2.5925247e-05,1.4696418e-05,1.7439546e-05,-9.313584e-06,-1.3306604e-05,0.0013141427,0.0013163058,0.002072279,-3.1064092e-06,-7.962329e-07,4.0355688e-05,-5.2951195e-06,0.0017638152,4.8999533e-05,0.0021594022,0.0013562065,3.3809563e-05,0.0017023194,5.4808064e-05,0.0,1.9194647e-05,0.0017632932,0.0019908063,0.001804948,1.6577615e-05,0.0012884926,2.685997e-05,0.0011168374,1.480467e-05,5.2545874e-06,0.000342556,0.001724234,0.0015873036,2.726508e-05,-2.8136844e-06,0.0018960985,3.8103313e-05,0.0012761827,0.0022503727,1.7527389e-05,0.9945532,4.7060116e-06,0.0012309025,3.325255e-05,-7.839176e-06,5.270255e-06,8.444505e-06,-5.9066306e-06,0.0016548949,0.0021462576,-1.5743119e-05,0.9950943,2.6692156e-05,1.807112e-05,0.0023473457,-4.659168e-06,-1.2398567e-05,1.00489115e-05,0.0011096307,-9.402764e-06,0.0019379914,3.8398583e-05,1.7387822e-05,4.779331e-05,2.4046614e-05,3.2172047e-06,4.888424e-07,-1.38828655e-05,2.1930762e-05,-1.3018849e-05,-9.370628e-06
-0.0039002555,0.9954912,-0.0044132806,-0.004426788,-0.004521175,0.99551654,-0.0036788916,-0.004362398,-0.0037127999,0.9955262,-0.004458597,-0.00442308,-0.004318214,-0.0042224545,-0.0036734496,-0.004231008,-0.0037127107,-0.0044228346,0.9955338,-0.0036968915,-0.004161068,-0.0044533373,-0.004125795,-0.0039102426,-0.0041892203,-0.004323449,-0.004473195,-0.0039122025,-0.004264943,-0.004029574,-0.004196469,-0.0037828328,-0.004517724,-0.004128416,-0.0039986297,-0.0041362764,-0.004133086,-0.0045107743,-0.003873331,-0.0039725453,-0.00393217,-0.0037881364,-0.0039112205,-0.0038779273,-0.004338136,-0.004341409,-0.0044764443,-0.0040351045,-0.0041851727,-0.004121626,-0.004102658,-0.0044301404,-0.004126497,-0.0044914493,-0.004346009,-0.0037083577,-0.0044247513,-0.0041414127,-0.0042080022,0.0,-0.0044338005,-0.004456671,-0.0044441433,-0.004150359,-0.0043447884,-0.003754824,-0.0043371003,-0.0041476036,-0.00374779,-0.004220696,-0.0044275867,-0.0043890504,-0.0036581438,-0.0038172426,-0.004442205,-0.0038964874,-0.0043460582,-0.004497868,-0.0041457913,0.9955403,-0.0036496962,-0.004337956,-0.0039706295,-0.0038248377,-0.00368566,-0.0038611614,-0.0036802436,-0.004389368,-0.0044929846,-0.0041244,0.9955112,-0.004130319,-0.0037840218,-0.004529923,-0.003810023,-0.004600592,-0.0040207515,-0.0043126084,-0.003771719,-0.004457278,-0.0041454774,-0.0038486966,-0.004064562,-0.003658543,-0.0036311457,-0.0041431827,-0.0038143692,-0.0037252002,-0.003648146,-0.0036648512
0.0023492007,0.998263,0.0039623384,0.003914428,0.0037765375,0.9966806,0.0018934257,0.0037591867,0.001997514,0.9978154,0.003925212,0.0038660353,0.003678611,0.0035155085,0.0020433837,0.0037418199,0.0018951199,0.00410308,0.9976531,0.001921626,0.0029843485,0.0039444785,0.003212912,0.002404444,0.0033598065,0.0036958149,0.0037500144,0.0024279049,0.0037432734,0.0027575768,0.0032453935,0.002028354,0.0037897532,0.0030502668,0.002577928,0.0032394477,0.0030767713,0.0037619197,0.0022357192,0.0025138287,0.0024233537,0.0020969834,0.0024226727,0.0022478944,0.00400311,0.0038761424,0.003988898,0.0027681305,0.0032434564,0.0030578526,0.0029132185,0.0042188177,0.0029984126,0.003985248,0.0037204546,0.0019762733,0.0038730998,0.0030526086,0.0032864052,0.0019115487,0.0,0.0039320188,0.0041454597,0.0031280122,0.0040198253,0.0020021172,0.0037811883,0.002998008,0.0020834957,0.0038314876,0.004026572,0.0039699036,0.0018798577,0.002198742,0.0038853183,0.0023864622,0.003952965,0.0038814612,0.0032083576,0.9967752,0.0019096613,0.0038427168,0.0025406142,0.0021864173,0.0019267106,0.002187859,0.0019344349,0.0039931764,0.0039873496,0.003177446,0.9979605,0.0031779401,0.0021004046,0.0038306012,0.00217277,0.002913419,0.002646564,0.003666594,0.0019704532,0.0039520944,0.003011693,0.0022242388,0.002837167,0.0019145366,0.0018854028,0.0029659474,0.0022156471,0.0020296252,0.0018953157,0.0019389114
0.0035269456,1.0009089,0.004235168,0.004238988,0.0043251724,0.9984351,0.0032213207,0.004178289,0.0033223876,1.0002882,0.0042688665,0.0042435285,0.0041109533,0.0039835065,0.0033499484,0.0040012873,0.003220009,0.0042515467,1.0000664,0.003263064,0.0038721764,0.0042597097,0.003865474,0.0035618474,0.0039239586,0.004121819,0.0042820615,0.0035879866,0.00401502,0.0037599844,0.00389954,0.0033067921,0.0043283463,0.003856928,0.0036547044,0.00388807,0.003858247,0.0043224865,0.0035521656,0.0036240744,0.0035879805,0.0033323264,0.0035663203,0.0034511262,0.004148365,0.0041353204,0.0042849905,0.0037396306,0.0039308663,0.003844776,0.003829503,0.004248499,0.0038527043,0.004304538,0.0041479827,0.0032744813,0.0042371824,0.0038853157,0.0039658337,0.003242864,0.0042391084,0.0,0.0042606345,0.003901513,0.004155066,0.0032951823,0.0041213133,0.0038907842,0.0034021598,0.0039904937,0.0042349542,0.004198038,0.003227631,0.0034333651,0.0042766365,0.0035476456,0.0041391016,0.004323339,0.0038463986,0.99851537,0.0032575978,0.00413182,0.0036617015,0.0034147778,0.0032318893,0.003425643,0.0032536562,0.0042086896,0.0043090605,0.0038650641,1.0005145,0.003854148,0.0033720292,0.004347225,0.0034123387,0.004153593,0.0036992088,0.004106609,0.0032854762,0.004264349,0.003882493,0.0034482328,0.0037858523,0.0032386465,0.0032549885,0.0038642655,0.003529725,0.0033310351,0.0032157805,0.0032492124
0.003104527,0.9999786,0.0039650253,0.003968337,0.004090758,0.9978495,0.002748794,0.0039030267,0.0028419346,0.99936557,0.004008366,0.0039751963,0.0038141124,0.0036696102,0.002883795,0.003687767,0.0027428195,0.0039873454,0.9992175,0.002782235,0.0035131415,0.0040021655,0.0035256424,0.0031484952,0.003598117,0.0038313395,0.004024123,0.0031777546,0.0037141377,0.0033890512,0.0035823006,0.0028452266,0.004092833,0.0035093843,0.0032565957,0.0035388668,0.0035055652,0.0040830905,0.003081394,0.0032235929,0.0031666756,0.002880335,0.0031535113,0.0030129675,0.0038747247,0.0038475278,0.004027499,0.0033651425,0.0036018486,0.0034980373,0.003470471,0.003988699,0.003502607,0.0040496313,0.0038653114,0.0028139043,0.0039715716,0.0035361797,0.0036451346,0.0027715068,0.003964838,0.004024407,0.0,0.003560442,0.003875404,0.0028401394,0.0038271013,0.003541513,0.0029472965,0.0036882337,0.0039592967,0.0039177006,0.002753008,0.003006497,0.004014821,0.0031399117,0.0038621302,0.0040765028,0.0034974334,0.99790895,0.0027788482,0.0038445136,0.0032661415,0.0029767908,0.0027617628,0.0029829957,0.0027967342,0.003936482,0.004060643,0.0035332418,0.99959165,0.0035079916,0.0029271808,0.0041116546,0.0029724382,0.003704417,0.003318389,0.0038189604,0.002835783,0.004000177,0.0035488198,0.0030164216,0.0034203648,0.002773963,0.002786721,0.0035148943,0.0030598205,0.002883323,0.0027547975,0.0027874266
-1.246773e-06,0.9947137,-0.000120872704,-9.951455e-05,-0.00040916167,0.9947745,-2.3957145e-05,-4.083162e-05,-2.0334255e-05,0.9947237,-0.00015606772,-0.00012023716,-1.853555e-05,-1.4144241e-05,6.913636e-06,-2.9410112e-05,-3.495603e-05,-8.819884e-05,0.9947335,-3.3279113e-05,-2.252015e-05,-0.00015740741,-5.0453586e-05,-2.2601149e-05,-3.608844e-05,-6.496057e-05,-0.0002102297,7.2863594e-07,-2.502624e-05,-3.6583293e-05,-1.0151713e-05,-3.8877257e-05,-0.00040907247,-4.220825e-05,-2.5775182e-05,-5.0777355e-05,-4.332503e-05,-0.0003157829,-8.809855e-06,-3.5355326e-05,-2.5922838e-05,-6.8185427e-06,-2.9943752e-05,-3.302148e-05,-3.476228e-05,-2.622675e-05,-0.00023589795,-4.2530806e-05,-3.328407e-05,-2.9819194e-05,-4.042131e-05,-0.00012942258,-3.6529364e-05,-0.00025420514,-5.3498792e-05,-1.3299142e-05,-0.00011641077,-3.9116043e-05,-5.6185294e-05,4.225552e-06,-0.00013105846,-0.00017073147,-0.00015653996,0.0,-3.1059946e-05,-2.0734744e-05,-7.061703e-05,-1.4152668e-05,4.0529826e-06,-5.6584754e-06,-0.000127313,-7.369358e-05,6.763026e-06,-2.5767917e-05,-0.00015385397,-9.395333e-08,-7.0171925e-05,-0.00028184947,-2.2071972e-05,0.9947761,3.8509957e-06,-7.146753e-05,-4.1645708e-05,-6.5859995e-06,-1.7692542e-05,-1.1796786e-05,-1.731904e-05,-0.00010076043,-0.0002779874,-4.5465975e-05,0.99470776,-2.8792216e-05,-1.0542015e-05,-0.00043607244,-1.8162325e-05,-2.6066271e-05,-1.703355e-05,-2.1119266e-05,-7.5158264e-06,-0.00017749515,-5.4571392e-05,-8.343335e-06,-4.4226672e-05,6.159116e-07,-1.942867e-05,-9.569985e-06,-2.280909e-05,-1.3736326e-05,-1.0255207e-05,-2.6781005e-05
0.00082734233,0.9961164,0.0033978948,0.0033712958,0.0037201312,0.99481016,2.0783398e-05,0.003205684,3.7438153e-05,0.99594945,0.0034868128,0.00339633,0.0029976617,0.0025871748,3.987199e-05,0.0026549574,2.1573824e-05,0.0034070148,0.9958839,-2.7426415e-06,0.0019185335,0.0034597465,0.0021205184,0.00092262233,0.0023479112,0.0030494174,0.003545613,0.0010242225,0.0027228326,0.0015735683,0.0022441454,4.4399832e-05,0.0037229378,0.0019079457,0.0012362285,0.0020437085,0.0019221649,0.0037007602,2.0704745e-05,0.0011416633,0.0009992882,4.9832233e-05,0.0009676709,0.0006624852,0.0031167676,0.003097607,0.003579804,0.001448317,0.0023704155,0.0019816603,0.0018132011,0.0033816022,0.0020356064,0.003633074,0.003139479,3.8373113e-05,0.0033726308,0.0020112563,0.0025059355,1.29792115e-05,0.003376065,0.0035268185,0.0034550736,0.0020165308,0.0,5.255435e-05,0.0030245183,0.0020175632,1.658378e-05,0.0026143678,0.0033730406,0.0032678861,3.11475e-05,0.00067386846,0.0034713803,0.00094856694,0.0030966739,0.0036783149,0.0019480729,0.994899,-6.497151e-06,0.0030746285,0.001236206,0.00058359123,1.4781607e-05,0.0005690454,3.8404418e-05,0.0032874038,0.0036212667,0.0021154482,0.99601924,0.001977941,0.0005163045,0.0037592698,0.000596721,0.0005334164,0.0013993342,0.0029994023,2.496452e-05,0.0034887274,0.0021983031,0.0006855484,0.0016252565,-1.988576e-05,2.7029271e-05,0.0019848943,2.3080283e-05,0.00011327305,5.78004e-06,3.845358e-05
-0.0025621261,0.9956613,-0.0037043022,-0.0037223666,-0.0039445665,0.9957018,-0.0020306502,-0.0035919403,-0.0018828915,0.995707,-0.003788263,-0.0037130888,-0.003514887,-0.0033323248,-0.0019451107,-0.0033632272,-0.0019849695,-0.0037113165,0.99571335,-0.0018933932,-0.003125272,-0.0037786097,-0.0031339899,-0.002633005,-0.0032503926,-0.0035242653,-0.0038218147,-0.0026128043,-0.0034116274,-0.0028670838,-0.0032715714,-0.002269596,-0.003940079,-0.0030615511,-0.0027588648,-0.0031026213,-0.003063737,-0.0039124126,-0.002036281,-0.0027233763,-0.0026716036,-0.0023186577,-0.0025884085,-0.002496926,-0.0035703597,-0.0035730912,-0.0038364078,-0.0028652656,-0.0032448415,-0.0030958387,-0.0030172227,-0.003721482,-0.003120062,-0.0038733934,-0.003565795,-0.0021470028,-0.0037246211,-0.003081007,-0.003312511,-0.0020148957,-0.0037220544,-0.0037930263,-0.0037624093,-0.0031200435,-0.0035697867,0.0,-0.0035499826,-0.003114511,-0.0019267268,-0.0033398427,-0.003725564,-0.0036451002,-0.0019730595,-0.0024255952,-0.003753179,-0.0026112855,-0.0035721476,-0.00388294,-0.003144019,0.9957281,-0.0019067707,-0.0035558552,-0.0027094623,-0.0024191963,-0.0019677216,-0.0024557684,-0.0021187672,-0.0036491866,-0.0038758342,-0.003130099,0.9956873,-0.0031095373,-0.0023703105,-0.0039605987,-0.002389171,-0.002634771,-0.0028424503,-0.0035082279,-0.0022609872,-0.0037912678,-0.003174403,-0.0024523647,-0.0029460608,-0.0020729757,-0.0019143971,-0.0031079312,-0.0019524805,-0.002196663,-0.002062024,-0.0020968851
0.00039577056,0.9958275,0.0032442145,0.003243074,0.0036158573,0.9946006,3.0307567e-05,0.0030265343,3.488901e-05,0.995672,0.0033650198,0.0032614383,0.0028058477,0.0023595616,3.5646728e-05,0.00240336,-1.7292356e-06,0.0032648323,0.9956419,2.55138e-05,0.0016371794,0.003329155,0.0018073265,0.00048126795,0.0020619268,0.0028707332,0.0034346622,0.00056524936,0.0025038575,0.0011728854,0.001992883,5.0956136e-05,0.0036242122,0.001581386,0.00085706695,0.0016516555,0.0015841986,0.0035887507,8.957175e-06,0.0007089121,0.00058553374,-1.1180038e-06,0.00050057744,0.0002492192,0.002939164,0.0029101102,0.0034472086,0.0010414659,0.002103388,0.0016401621,0.0014560974,0.0032396119,0.001713867,0.0035223837,0.0029555901,-1.2723399e-06,0.0032432913,0.0016640272,0.0022766031,3.4044362e-05,0.0032506988,0.0034006971,0.0033098413,0.001663026,0.0029427737,2.5949526e-05,0.0,0.0016908105,2.9126002e-05,0.0023839814,0.0032352107,0.0031137036,-1.3175675e-05,0.00025043258,0.0033430252,0.0005002759,0.0029304735,0.0035670125,0.0016311884,0.994887,1.0586502e-05,0.002895381,0.0008174164,0.00016617237,6.481532e-06,0.00016389972,1.1043113e-05,0.0031364264,0.0035142307,0.0018013243,0.9957474,0.0016207802,7.4580064e-05,0.0036526625,0.0001798874,-1.82109e-05,0.0010030412,0.0028117087,3.1101245e-05,0.003364913,0.0019127761,0.00019463772,0.0012574645,-1.8973338e-05,1.665267e-05,0.0016733599,4.254479e-06,-1.725384e-05,2.9661793e-05,-9.584947e-06
-2.5229714e-05,0.99471766,-0.00010049908,-0.00011388279,-0.0004407506,0.9947792,-1.4371387e-05,-7.129476e-05,-1.0075094e-05,0.99472815,-0.00021467879,-7.721611e-05,-2.775641e-05,-2.1653528e-05,-2.1854124e-05,-4.276192e-05,-2.53225e-05,-0.00010352438,0.99473816,-1.526324e-05,-8.986282e-06,-0.00019779845,-4.3279182e-05,-1.5106527e-05,-5.0458955e-05,-2.2217522e-05,-0.0002642111,-3.956023e-06,-5.2362193e-05,-9.696804e-06,-1.5747746e-05,-2.1100584e-05,-0.00042811295,-3.8616363e-05,-4.2140644e-05,-1.3288459e-05,-3.9587096e-05,-0.00041545802,-2.160936e-05,-1.8202829e-05,-8.730446e-06,6.5320814e-06,-2.6321266e-05,-9.289154e-06,-6.390227e-05,-4.80354e-05,-0.00023402696,-3.847236e-05,-5.0821204e-06,-1.415929e-05,-3.12406e-05,-0.00010784014,-2.6112893e-05,-0.0003132479,-2.746365e-05,-3.2967095e-05,-0.000121680874,-3.8755545e-05,-4.1103725e-05,-9.752505e-06,-0.00012646447,-0.0002070937,-0.00013750774,-2.6267642e-05,-5.9473183e-05,6.4761543e-06,-3.247051e-05,0.0,1.167511e-05,-6.509026e-06,-0.00010125542,-4.2539043e-05,-6.548499e-06,-2.8601453e-05,-0.00015169485,-2.7000217e-05,-2.8424647e-05,-0.00032897142,-2.0298605e-05,0.99477905,6.5227837e-06,-3.707873e-05,-1.4275429e-05,-2.965852e-05,4.8271027e-06,-3.4363555e-05,8.2051963e-07,-6.811794e-05,-0.00032175376,-3.934242e-05,0.9947113,-2.1210948e-05,3.4346908e-06,-0.00048598516,-3.5747456e-05,1.2774461e-05,-3.1521388e-06,-2.361785e-05,-3.4102486e-05,-0.00019516266,-3.9080624e-05,-5.5742116e-06,-1.9135983e-05,-9.307147e-07,-1.0689747e-06,-2.994635e-05,9.618983e-06,8.6478385e-06,-2.7091448e-05,-2.843336e-05
-0.0052490556,0.99494857,-0.0053857905,-0.0053958315,-0.0053938148,0.9949102,-0.005217776,-0.0053748223,-0.005318068,0.9949485,-0.005398259,-0.0053903745,-0.00535542,-0.005309238,-0.0052805166,-0.0053183055,-0.005235405,-0.005394384,0.9949543,-0.005241815,-0.0053623402,-0.0053990935,-0.005277922,-0.0052517387,-0.005303619,-0.0053506284,-0.005400332,-0.005254258,-0.0053181597,-0.0052951975,-0.005297474,-0.005192277,-0.005393964,-0.0053236843,-0.0052818633,-0.0053255144,-0.0053184554,-0.005391101,-0.005514352,-0.005274371,-0.00527793,-0.0052102027,-0.005248908,-0.0052209334,-0.0053617214,-0.0053609004,-0.005397584,-0.0052933986,-0.005299974,-0.00529041,-0.0053148083,-0.005401141,-0.005290734,-0.0053975256,-0.0053664823,-0.00517846,-0.00538894,-0.0053211167,-0.0053075473,-0.005195574,-0.0054015643,-0.0053948592,-0.005395055,-0.0053343326,-0.0053629545,-0.005192427,-0.0053649186,-0.00533114,0.0,-0.005310045,-0.005397892,-0.005387545,-0.005217902,-0.0052137794,-0.0054012514,-0.005229511,-0.0053629954,-0.0053986763,-0.0052972003,0.99494505,-0.0052423193,-0.0053610844,-0.0052748406,-0.0052159983,-0.0052126115,-0.0052332063,-0.005173932,-0.005384578,-0.005401832,-0.0052803927,0.9949489,-0.0053006313,-0.005211653,-0.005397248,-0.0052140313,-0.006337247,-0.0052919155,-0.005349282,-0.0051886044,-0.005395883,-0.0052842335,-0.005227461,-0.0052981796,-0.0051613734,-0.0052276696,-0.0053167637,-0.005440776,-0.0051857983,-0.005176371,-0.005163806
1.5593867e-05,0.9949521,0.0022196781,0.0021221358,0.0027104456,0.9948424,-2.6295709e-06,0.0019137056,-5.55015e-06,0.9949263,0.0023265597,0.0021922244,0.0014717417,0.0005914956,1.28989295e-05,0.00074365817,-1.2302689e-05,0.0022191731,0.994925,-9.114901e-06,3.739528e-05,0.0022652799,3.5212426e-05,3.1809403e-05,4.4908506e-05,0.0016053637,0.002460067,-1.3032503e-05,0.0008210618,3.1877724e-05,6.6428183e-06,-1.9250352e-05,0.002734451,-1.785919e-05,2.571305e-05,4.1949435e-05,5.470263e-06,0.0026880042,-1.16287665e-05,-2.0029117e-06,3.4261377e-06,8.879227e-06,-5.591398e-06,2.7086635e-05,0.0016742734,0.001669543,0.0025174466,-1.68524e-07,0.00016600224,-8.662145e-06,-3.451601e-06,0.0021515347,-4.8501365e-06,0.0026190022,0.0017665958,1.3294456e-05,0.0021205095,1.9401159e-05,0.00044363746,-1.2084136e-05,0.0021358149,0.0024284765,0.0022396436,-2.1415313e-05,0.0016732307,3.3106162e-06,0.0014857888,2.2598684e-05,2.428409e-05,0.0,0.0021225344,0.002004851,-1.144202e-05,-1.338454e-05,0.0023436446,3.0342367e-06,0.0016323242,0.0027016194,6.015821e-06,0.99484646,2.5702297e-05,0.0016173186,3.7571066e-05,1.0614139e-05,1.6709944e-05,-1.4976539e-05,2.7272657e-05,0.0020492382,0.0025428664,2.8215989e-05,0.9949672,-2.0063235e-05,-1.3740593e-05,0.0027649042,2.3544564e-05,2.3372537e-05,-4.5459146e-06,0.0014603446,2.6096066e-05,0.002334982,-2.8778353e-05,3.3422217e-05,3.323566e-05,2.5333253e-05,9.335923e-06,4.749812e-06,1.767721e-05,2.0131238e-05,1.7842427e-06,1.4277888e-05
0.0025320651,0.9987333,0.0039640195,0.003950632,0.0038118134,0.9970207,0.0021103187,0.0037715985,0.0021956244,0.99824816,0.0036976375,0.0036953317,0.0034409475,0.0035812394,0.0022468257,0.0036819417,0.002091323,0.003926346,0.9980781,0.0021260101,0.0030891197,0.0036597697,0.003162359,0.002590906,0.0031684698,0.0035937894,0.003717908,0.00262146,0.0036803582,0.0028990738,0.0031644355,0.0022214022,0.0038199234,0.0030812907,0.002736526,0.0030641996,0.0030792637,0.0037925737,0.002437953,0.002683307,0.002622567,0.0022918123,0.0025976456,0.0024295328,0.0038601714,0.0038595023,0.0040364317,0.0028877922,0.0032049217,0.0030709703,0.0030114169,0.0040311217,0.0030418448,0.0037454064,0.0035436845,0.0021876285,0.0037287828,0.0030887064,0.0032431148,0.0021465356,0.0036366193,0.0037902596,0.003988368,0.0031360532,0.0038650054,0.0022101984,0.0037918994,0.0030912,0.0022933285,0.0035644523,0.0,0.003909594,0.0021020295,0.0024136463,0.0038121755,0.0025710852,0.003829843,0.0037903863,0.0030244843,0.99708,0.0021328449,0.0038051386,0.002718829,0.0023817734,0.002132552,0.002387828,0.0021607433,0.003906367,0.0037942564,0.003174276,0.9984099,0.003047074,0.0023153892,0.0038543479,0.002372017,0.0030926936,0.0028070044,0.0036571245,0.0021961837,0.0040019676,0.0030986627,0.0024207628,0.002957009,0.0021334935,0.0021271338,0.0030599374,0.002417275,0.002251405,0.0021087162,0.0021508809
0.0013288448,0.9969999,0.0036848711,0.0036719318,0.00394312,0.995411,0.0005071738,0.0035442088,0.00061856874,0.9967525,0.003761135,0.0036959192,0.0033711412,0.0030566081,0.00067554286,0.0031041687,0.000508888,0.003702478,0.9966417,0.00055706827,0.0025772327,0.0037390431,0.0027152179,0.0017566644,0.0028787563,0.0034237618,0.0038019128,0.0015375232,0.0031508454,0.0023394376,0.0027882599,0.00077734207,0.00395052,0.0025696885,0.001808895,0.002658209,0.002581447,0.0039266734,0.000861031,0.0016216956,0.0015364548,0.000779528,0.0018481292,0.0011972921,0.0034593237,0.0034401421,0.0038236126,0.002228253,0.002895652,0.0026059055,0.0024820764,0.0036811756,0.0026457545,0.0038810107,0.0034799865,0.0006596677,0.003668402,0.0026463775,0.0029979192,0.0005979019,0.0036621045,0.0038005265,0.0037341616,0.0026572999,0.0034735603,0.00073082163,0.0033947637,0.002648532,0.00071401964,0.0030870512,0.0036615387,0.0,0.0005101424,0.0011843556,0.003765226,0.0014425055,0.0034471191,0.003919044,0.0025674596,0.9954204,0.00056456524,0.0034309633,0.0019476906,0.0010411664,0.0005542937,0.0010843702,0.00065838214,0.0036016803,0.0038714495,0.0027177408,0.99681747,0.0026129205,0.0009848829,0.003993109,0.0011093396,0.0015556454,0.002148843,0.0033736094,0.00072631636,0.0037531941,0.0027576052,0.0012230447,0.0023580343,0.0006112784,0.0005897928,0.0026134285,0.0008413827,0.0007998554,0.0005589626,0.00063248444
-0.004349143,0.9953546,-0.004718127,-0.0047290176,-0.0047882237,0.9953699,-0.004199317,-0.0046789465,-0.0042537563,0.9953784,-0.0047502364,-0.004726655,-0.004647831,-0.004568714,-0.004235719,-0.004579223,-0.004201718,-0.0047266027,0.9953842,-0.0042160028,-0.0045519527,-0.004746301,-0.0044987057,-0.004361379,-0.0045439643,-0.0046519255,-0.0047588428,-0.0043635727,-0.0045948597,-0.0044496735,-0.0045447852,-0.0042376486,-0.004786339,-0.0045161787,-0.004420345,-0.004523204,-0.004516355,-0.0047750887,-0.0044224667,-0.004406321,-0.004388623,-0.0042711482,-0.0043545114,-0.0043200706,-0.0046604145,-0.0046620397,-0.0047583515,-0.0044497107,-0.0045413086,-0.0045018704,-0.004497726,-0.004732408,-0.0045086215,-0.0047708736,-0.004667838,-0.004207092,-0.0047275005,-0.0045235585,-0.004563722,-0.004178432,-0.004733995,-0.0047501377,-0.004739821,-0.00453795,-0.0046671056,-0.0042347107,-0.0046637836,-0.0045349514,-0.0043063075,-0.0045702863,-0.0047331075,-0.004704223,0.0,-0.004293422,-0.004743703,-0.0043521784,-0.0046661305,-0.00477636,-0.004515165,0.9954051,-0.0042103217,-0.004659627,-0.004405522,-0.0042934692,-0.0041956133,-0.004314927,-0.0041881427,-0.0046997555,-0.004773174,-0.004499006,0.9953696,-0.0045084753,-0.0042657726,-0.0047920067,-0.0042859092,-0.0052280193,-0.0044371285,-0.0046383734,-0.0042338097,-0.00475018,-0.004517246,-0.004308246,-0.004472256,-0.004190099,-0.004189303,-0.004523035,-0.0043876558,-0.0042212326,-0.004172973,-0.00418072
-0.0014197814,0.9955742,-0.0033460157,-0.0033728157,-0.0037075134,0.9956267,-0.0005955913,-0.0031579875,-0.00033588274,0.9956147,-0.003473061,-0.0033575597,-0.0030603064,-0.0027622732,-0.00030656383,-0.0028137947,-0.0005394572,-0.0033489035,0.99562836,-0.0003448821,-0.00240635,-0.0034568256,-0.0024246206,-0.0015314737,-0.0026307164,-0.0030658918,-0.0035305636,-0.0014345756,-0.0028975434,-0.0018952594,-0.0026250945,-0.0009820282,-0.0037020287,-0.002270255,-0.0017827877,-0.0023377838,-0.0022769487,-0.0036618891,-0.0005198701,-0.0017051388,-0.0015859369,-0.0011457521,-0.0014593872,-0.001358591,-0.003123614,-0.003121346,-0.0035371764,-0.0019293898,-0.00264396,-0.0023700516,-0.0021827207,-0.003355836,-0.002397784,-0.0036026377,-0.0031222396,-0.00075475505,-0.0033658762,-0.0022862987,-0.0027304853,-0.00044303245,-0.0033787664,-0.0034761268,-0.0034167038,-0.0023356634,-0.0031288858,-0.00087721273,-0.0030930229,-0.0023405263,-0.0002473193,-0.0027774945,-0.0033678606,-0.0032410184,-0.00042785497,0.0,-0.0034149766,-0.0014939463,-0.0031309426,-0.0036156448,-0.0024092721,0.99563724,-0.0003107365,-0.0031024537,-0.0016434352,-0.0012057115,-0.00051779026,-0.001285652,-0.00067373656,-0.0032523859,-0.003598809,-0.0024201,0.9956006,-0.0023737354,-0.0010840897,-0.0037343474,-0.0011397054,-0.0006528181,-0.0018824192,-0.0030438611,-0.0009379756,-0.0034742767,-0.002486987,-0.0012739424,-0.002052923,-0.00061502366,-0.00028268,-0.002351005,-0.00023987338,-0.00082890416,-0.00059573463,-0.0006461914
0.0030910687,0.99995387,0.003958061,0.003961676,0.0040766886,0.9978163,0.0027324746,0.0038941412,0.0028375047,0.9994121,0.004001742,0.0039744335,0.0038142523,0.003664696,0.0028826995,0.003683063,0.002736511,0.003980346,0.99918514,0.0027833108,0.0035201,0.0039905645,0.0035205244,0.0031317053,0.0035913403,0.0038312182,0.004022974,0.0031660735,0.0036971136,0.0033807168,0.0035472442,0.0028356258,0.00408176,0.003497707,0.0032582171,0.003527458,0.0035020988,0.0040654745,0.0030708537,0.0032162596,0.0031647293,0.0028788045,0.0031445627,0.0030083398,0.0038521828,0.0038269693,0.004020104,0.003350438,0.0036017045,0.0034875087,0.0034579933,0.0039760144,0.0034980795,0.0040489784,0.0038596857,0.0028038442,0.003961792,0.003527583,0.0036437658,0.0027734076,0.0039633675,0.0040190904,0.003990952,0.003538529,0.003863074,0.0028291715,0.0038185657,0.003529737,0.002913596,0.0036779786,0.003951441,0.0039132526,0.0027409657,0.0029893436,0.0,0.0031227847,0.003847182,0.0040745693,0.0034798102,0.9978688,0.0027728023,0.003836385,0.0032628926,0.0029651762,0.0027541588,0.002970049,0.002773215,0.0039244425,0.004046603,0.0035205872,0.99958265,0.0034994604,0.00290942,0.004102158,0.0029659495,0.003695992,0.0033026102,0.0038090714,0.00281538,0.0039925887,0.00353665,0.003005765,0.0034070148,0.002769492,0.0027730018,0.0035057364,0.003053034,0.0028741497,0.0027381969,0.0027795457
-0.00016824626,0.9954473,-0.0030680287,-0.0030992767,-0.0035619228,0.99548936,1.4190812e-05,-0.002833121,-3.649588e-05,0.9954787,-0.0032459039,-0.0030852081,-0.002650513,-0.0022454772,-6.89666e-06,-0.002294912,-2.5034633e-06,-0.0030788106,0.9954895,-8.13805e-06,-0.001621824,-0.0032157435,-0.0017186985,-0.00033647424,-0.0020354071,-0.0026729556,-0.0033193391,-0.00027234975,-0.0024280138,-0.0008822314,-0.0020004893,-7.721128e-06,-0.0035612464,-0.001443151,-0.0006817808,-0.001528483,-0.0014367567,-0.0035175001,5.831697e-06,-0.0005482023,-0.00043772857,-2.2346754e-05,-0.00028765638,-8.917977e-05,-0.002779148,-0.0027547188,-0.0033565154,-0.00094007235,-0.0019942557,-0.0015979259,-0.0012825686,-0.003094572,-0.0016599039,-0.0034329293,-0.0027645824,-3.1696276e-05,-0.0031041494,-0.0014734576,-0.002161393,-1.2609912e-05,-0.003107128,-0.003253244,-0.0031767376,-0.001547994,-0.0027660015,-4.0608575e-05,-0.0027308944,-0.0015178999,1.2192558e-05,-0.0022511957,-0.003099781,-0.002935142,-2.1061427e-05,-2.6267408e-05,-0.0031752267,0.0,-0.0027775522,-0.0034519841,-0.0016639581,0.9955034,-3.710247e-06,-0.0027397932,-0.0005026913,-5.145164e-05,1.7686976e-06,-2.65338e-05,-2.713184e-05,-0.0029438757,-0.0034280985,-0.0016948297,0.99546343,-0.0016218557,-3.9894854e-05,-0.0036003136,2.2953166e-06,-1.314172e-05,-0.0008616968,-0.0026380413,-2.9176528e-05,-0.0032504783,-0.0018246678,4.158946e-06,-0.0010906648,4.14343e-07,-1.771324e-05,-0.0015782453,1.9236833e-05,-5.139022e-05,-1.5778965e-05,-4.161824e-05
0.0007472287,0.9960485,0.0033938722,0.0033889036,0.003741064,0.9947591,3.7495963e-06,0.0031928883,1.262067e-05,0.99586314,0.0035021969,0.0033986294,0.0029935904,0.0025740783,1.5091859e-05,0.002634582,1.5532647e-05,0.0034094418,0.9958181,-1.6326043e-05,0.0019225222,0.0034754903,0.0020746628,0.0008343367,0.0023224636,0.0030344808,0.0035664174,0.000906867,0.0027142053,0.001487362,0.0022304172,0.00032404935,0.003747349,0.0018634406,0.0011532574,0.0019637381,0.0018716936,0.003720079,-5.6912554e-06,0.0010498568,0.00090460776,4.4664306e-05,0.00085469097,0.0005663351,0.003118116,0.0030957705,0.0035873526,0.0013784316,0.002344077,0.0019397776,0.0017605843,0.0033960408,0.001976116,0.0036371537,0.0031274022,3.2004657e-05,0.0033838747,0.001955666,0.0024937622,-1.4208546e-05,0.0034000014,0.0035308043,0.0034603986,0.0019474132,0.003118688,0.00018269653,0.0030221392,0.0019606112,-2.0951109e-05,0.0025921261,0.0033875313,0.003258492,1.146601e-05,0.0005778025,0.003473358,0.00085597066,0.0,0.003688303,0.0019202682,0.99487674,3.0428408e-05,0.0030729538,0.0011302868,0.0005099504,6.4591254e-06,0.00049827184,2.3197808e-05,0.0032854264,0.0036373609,0.0020711294,0.99594194,0.0019156637,0.00042967623,0.0037808924,0.0005063219,0.0004148175,0.0013274555,0.0029945888,-6.0247353e-06,0.0035052404,0.0021602614,0.00056222855,0.001577414,1.7724273e-05,-1.3391268e-05,0.0019425303,-1.1193786e-05,1.5828991e-06,-4.7838776e-06,-1.8779941e-05
0.0043744906,1.0028048,0.0047941133,0.004795928,0.0048397654,1.0001101,0.0041831103,0.0047576623,0.0042665955,1.0023222,0.004814825,0.0048009586,0.004714384,0.004626289,0.004294971,0.00463846,0.0041779606,0.0048080264,1.0021529,0.0042205025,0.0045821858,0.004811718,0.0045530894,0.004399273,0.004594323,0.0047166026,0.0048201033,0.00441116,0.0046465388,0.0045089135,0.0045838607,0.004218029,0.004844724,0.0045777895,0.0044453368,0.0045953114,0.004575213,0.0048379963,0.004487743,0.00442645,0.004401731,0.0042318264,0.004399887,0.00431872,0.004740252,0.0047293375,0.004819814,0.0045068306,0.004598927,0.004550245,0.004559795,0.0048069507,0.0045539616,0.0048325947,0.0047377567,0.004209245,0.0047980775,0.0045976723,0.0046165925,0.004187931,0.004803074,0.004822533,0.0048134904,0.0046135224,0.0047450257,0.004212328,0.0047244425,0.00460025,0.004351902,0.004629096,0.004797797,0.0047706105,0.0041902936,0.0043084463,0.0048225154,0.0043798056,0.0047324775,0.0,0.004558975,1.0002604,0.004218937,0.004726087,0.0044564423,0.004296027,0.0041834353,0.004302985,0.0041923556,0.004779794,0.0048336526,0.0045504496,1.0025159,0.0045635244,0.0042686122,0.004851761,0.00429668,0.005020158,0.004467459,0.0047103167,0.004203535,0.004813415,0.004569825,0.0043110726,0.0045316964,0.0041765976,0.0042090258,0.004575155,0.00446389,0.0042357924,0.004163116,0.004182194
-1.9642252e-05,0.99489516,1.8928098e-05,2.2776437e-06,-1.593713e-05,0.9947728,7.800822e-06,2.2551112e-05,6.692695e-06,0.99488604,1.1545002e-05,9.0438675e-07,1.7049417e-05,6.136422e-06,1.4510661e-05,-1.0690593e-05,1.702099e-05,-1.941746e-05,0.99487954,-5.8254573e-06,-2.3513503e-05,1.2442368e-05,-8.12789e-06,2.1049365e-05,5.5838227e-06,1.0585362e-05,5.124196e-06,-1.013515e-05,1.4289641e-05,3.574445e-06,-1.5152672e-05,2.2691269e-05,9.842312e-06,2.241948e-05,2.2846274e-05,-2.8460984e-06,-1.6970329e-06,-8.4532e-06,9.839564e-06,-9.3285835e-06,1.3308708e-05,-3.6368515e-06,-1.5128846e-05,-2.1647558e-05,5.0153544e-06,2.1015252e-05,-5.240274e-07,2.0120783e-06,2.2712476e-05,-1.9178333e-05,2.3296501e-05,5.3894437e-06,-1.35427545e-05,-1.0641254e-05,-8.738448e-06,-2.886769e-06,-8.156362e-06,3.8752796e-06,-9.409124e-06,1.3334469e-05,2.0912212e-05,5.6137935e-07,1.8194367e-05,-6.0756624e-06,6.4627225e-06,1.2860741e-05,1.3583497e-05,-2.1354788e-06,-2.2044298e-05,1.0584136e-05,1.6358254e-05,1.6055177e-05,-1.09699795e-05,1.4846393e-05,-1.5809432e-05,2.246215e-05,6.6160246e-06,-9.923799e-06,0.0,0.9948101,-1.2487843e-06,-7.941318e-06,9.838335e-06,-2.2813052e-05,5.3965773e-06,1.7253788e-06,1.792752e-05,1.8255291e-06,2.2487575e-06,6.538039e-07,0.9948709,1.6786751e-05,-2.6708021e-06,-2.203971e-06,2.2311751e-05,-1.10551916e-07,1.6551588e-05,1.3915932e-05,6.845462e-06,-5.8819355e-06,4.7842354e-06,1.9913472e-05,-6.019469e-06,7.772842e-06,-2.1065252e-05,-9.267383e-06,-1.8901124e-05,1.6205458e-05,1.5081156e-05,-1.0118774e-05
-0.003914147,0.99897003,-0.0050393287,-0.0050754165,-0.005258805,0.99944025,-0.0037781866,-0.00495794,-0.003983999,0.9993934,-0.0051303618,-0.005026802,-0.0048185834,-0.0047128694,-0.0039760936,-0.0046904855,-0.0037626934,-0.0050435397,0.9994905,-0.0038116318,-0.004510555,-0.005089814,-0.004482391,-0.003956308,-0.004587139,-0.0048801983,-0.005164787,-0.0040370612,-0.004746472,-0.004246324,-0.004565045,-0.0037090594,-0.0052613774,-0.0044159656,-0.0041922443,-0.0044703973,-0.0044054464,-0.005262952,-0.0042731077,-0.00412226,-0.0040481105,-0.0037938512,-0.0040038107,-0.0038827686,-0.004925309,-0.004893291,-0.0051127095,-0.0042229667,-0.0045617973,-0.004423209,-0.0043311,-0.0050524683,-0.004409543,-0.0051575233,-0.004941339,-0.0036914877,-0.0050496734,-0.0044370214,-0.0046492615,-0.0036944232,-0.0050485423,-0.0050933505,-0.0050936835,-0.0044477354,-0.004958138,-0.003678042,-0.004868662,-0.0044300584,-0.004123638,-0.004678561,-0.0050063757,-0.005011802,-0.0037566249,-0.00386142,-0.0050929575,-0.004004381,-0.004918867,-0.005205436,-0.004442723,0.0,-0.0038213579,-0.0049111056,-0.004071573,-0.0038272624,-0.0037385286,-0.0038529958,-0.0036671376,-0.0049993834,-0.005192304,-0.004495004,0.9992516,-0.004392982,-0.003760869,-0.0052990452,-0.0038082108,-0.0048275795,-0.0042071887,-0.004867411,-0.003719357,-0.005103799,-0.0044937967,-0.0038917752,-0.0042824214,-0.003656208,-0.0037776504,-0.00442233,-0.004262256,-0.0037384124,-0.0036923701,-0.0036856276
-0.0047359606,0.9951997,-0.0049943584,-0.005003711,-0.0050389767,0.99520016,-0.0046355226,-0.0049672103,-0.0047007883,0.99521863,-0.005018743,-0.0050007333,-0.004938894,-0.0048775556,-0.004683703,-0.00488379,-0.004638422,-0.0050034113,0.99522054,-0.004664701,-0.0048875595,-0.005014378,-0.004824756,-0.0047363434,-0.0048627057,-0.0049411333,-0.0050239456,-0.004740031,-0.0048968033,-0.004805781,-0.0048617944,-0.004643601,-0.005037471,-0.004855684,-0.004785035,-0.0048588864,-0.0048549403,-0.005030619,-0.004898518,-0.0047742133,-0.004761299,-0.0046655885,-0.0047343615,-0.0047050617,-0.0049507204,-0.004951309,-0.005019488,-0.0048063304,-0.0048567215,-0.004830698,-0.0048421635,-0.005009381,-0.0048348685,-0.005028521,-0.00495809,-0.0046273265,-0.005002083,-0.004861398,-0.0048732264,-0.0046145716,-0.005011163,-0.005015729,-0.0050118784,-0.0048745954,-0.0049574426,-0.0046479865,-0.004954105,-0.004870733,-0.0047592004,-0.0048767095,-0.005006629,-0.0049857143,-0.0046365033,-0.0046901926,-0.005013707,-0.0047274623,-0.0049550976,-0.0050319554,-0.004845369,0.99523336,0.0,-0.004951671,-0.0047733816,-0.0046886783,-0.004627025,-0.004707524,-0.00461709,-0.0049827974,-0.0050309435,-0.0048239944,0.9952124,-0.0048385914,-0.004671593,-0.005040015,-0.0046835067,-0.005705644,-0.0047952863,-0.0049341456,-0.004637656,-0.005017532,-0.0048387554,-0.0046948423,-0.004819869,-0.0046133865,-0.004635184,-0.00485572,-0.004840737,-0.0046310625,-0.00460628,-0.004601426
0.000607331,0.99594194,0.0033457375,0.003314018,0.0036814925,0.9946902,1.7751885e-05,0.0031372453,-2.3514642e-05,0.9957989,0.0034349775,0.0033422324,0.0029238681,0.0024748372,-1.8861203e-05,0.002559618,2.8462811e-05,0.0033493373,0.99572563,-1.0861614e-06,0.001791521,0.00340146,0.001969798,0.0007171634,0.0022139172,0.002968081,0.0035016835,0.00079674646,0.0026132893,0.0013918921,0.0020812838,0.00018286084,0.0036849289,0.001744065,0.001036345,0.0018848148,0.0017595624,0.0036609764,-1.0613467e-06,0.00093282707,0.00079322874,1.3485235e-05,0.0007402099,0.00043595288,0.003043935,0.0030261104,0.0035352793,0.001251445,0.00225634,0.0018289351,0.0016524335,0.0033239913,0.0018757532,0.0035866546,0.003062304,1.7210674e-05,0.0033172988,0.0018495047,0.0023960907,2.252128e-05,0.0033340512,0.0034791094,0.003395438,0.001840158,0.0030462467,0.00013474781,0.0029403039,0.0018559415,-8.593467e-06,0.0025081492,0.0033182725,0.0031977273,2.5923002e-05,0.00044423243,0.0034243413,0.00073356065,0.003021077,0.0036398286,0.0017787849,0.99489063,-5.164167e-06,0.0,0.0010235003,0.00038209948,2.2688728e-05,0.00035359905,-1.6501705e-05,0.003224887,0.0035721182,0.001975141,0.99583906,0.0018168576,0.00028211006,0.0037204223,0.00037472096,0.00026176235,0.001204972,0.0029221557,1.1668573e-05,0.0034416053,0.0020611293,0.00045396274,0.0014498851,-1.2023571e-05,2.2665055e-05,0.0018189532,1.06643665e-05,-2.128781e-05,-1.4941904e-05,3.572268e-05
-4.0483446e-05,0.995268,-0.002758119,-0.0028593824,-0.0035243412,0.99529904,-2.706632e-05,-0.0023899514,-1.7113398e-05,0.99529517,-0.003059947,-0.0028012462,-0.00218282,-0.0015636958,5.5386e-06,-0.0016529381,-1.804835e-05,-0.0027851658,0.995299,-3.489878e-05,-0.0007070781,-0.0030227564,-0.0007096909,-1.5510695e-05,-0.0012325977,-0.0021519223,-0.0031805476,6.6076916e-07,-0.0019041019,-2.9528816e-05,-0.0013208992,-2.1879105e-05,-0.0035121988,-0.00028166268,-2.0987314e-05,-0.0003657551,-0.00027944977,-0.003446393,1.0617604e-05,-1.0383739e-05,8.993725e-06,-2.8722136e-05,-2.2167816e-05,-3.850732e-05,-0.0024247856,-0.002375789,-0.0032047892,-3.7785805e-05,-0.0011743521,-0.00053164846,-6.1143706e-05,-0.0028440456,-0.00061208615,-0.0033068738,-0.002305259,2.718884e-06,-0.002850838,-0.0002548047,-0.0014642521,-3.2261935e-06,-0.0028767185,-0.00304911,-0.0029607716,-0.00045622652,-0.0023812985,-3.6716124e-06,-0.0023172675,-0.00038476507,-1.1728575e-05,-0.0015638949,-0.0028639063,-0.0025626519,-4.2714614e-06,-6.7410797e-06,-0.0028984554,-6.490642e-06,-0.0024100377,-0.0033289522,-0.0007383196,0.9952936,4.940939e-06,-0.0023217134,0.0,-1.19357765e-05,3.7914156e-06,-3.624318e-05,1.273021e-06,-0.002617367,-0.003325284,-0.00068199355,0.995284,-0.0005445855,-2.103798e-05,-0.0035571365,4.336255e-06,-1.19049855e-05,-4.0274328e-05,-0.0021715104,-9.458801e-06,-0.0030683335,-0.00086515705,-1.9834119e-05,-3.264035e-05,-2.8207844e-05,-3.2845495e-05,-0.00046472426,-3.4092678e-05,-3.35279e-05,-1.9865665e-05,9.653916e-06
-0.001532041,0.9955954,-0.003394803,-0.0034151573,-0.0037415684,0.9956422,-0.00061778195,-0.0032275587,-0.0004108353,0.99564195,-0.003510303,-0.003406379,-0.0031022546,-0.002831103,-0.00041192825,-0.0028748165,-0.0005939528,-0.0034008184,0.9956514,-0.0004895198,-0.0024220415,-0.0034987568,-0.0025137896,-0.0016377384,-0.0027072572,-0.0031287982,-0.0035603254,-0.0016416251,-0.0029510118,-0.0020420568,-0.0027058797,-0.0011037547,-0.0037403062,-0.0023586582,-0.0018628007,-0.002428587,-0.0023690127,-0.0037010582,-0.0006207622,-0.0018019804,-0.0017066995,-0.0011352351,-0.0016227479,-0.0014532851,-0.0031814359,-0.0031824799,-0.0035900553,-0.0020369606,-0.002681976,-0.002435946,-0.0022727952,-0.0034071843,-0.0024843612,-0.0036440883,-0.0031885393,-0.00089707517,-0.0034151943,-0.0023994918,-0.002792036,-0.0006245504,-0.0034080914,-0.0035269628,-0.0034748213,-0.0024509116,-0.0031899693,-0.0010247792,-0.0031553637,-0.002439152,-0.00041053927,-0.0028374055,-0.0034111573,-0.0033009795,-0.00058666436,-0.0013641072,-0.0034649272,-0.0016093699,-0.0031889048,-0.0036596088,-0.0024957533,0.9956767,-0.0004700701,-0.0031619829,-0.0017989621,0.0,-0.0005886748,-0.0013893697,-0.0008498711,-0.0033057784,-0.003640828,-0.0025107716,0.995621,-0.0024680677,-0.0012325164,-0.003771214,-0.0012749849,-0.00086390466,-0.0019979344,-0.003093461,-0.0010946227,-0.0035144035,-0.0025778345,-0.0014020754,-0.0021470995,-0.0007702621,-0.00053950254,-0.0024436405,-0.00037799793,-0.0010158007,-0.00073175976,-0.0007855119
-0.004303915,0.99536407,-0.004688316,-0.0046988283,-0.0047619645,0.99537104,-0.0041107866,-0.004646299,-0.0041545234,0.99539304,-0.004719054,-0.0046951775,-0.004609461,-0.0045320024,-0.004142079,-0.004545258,-0.0040940796,-0.0046954625,0.9953991,-0.004136796,-0.0045074974,-0.00471491,-0.0044592214,-0.004309902,-0.0045107855,-0.004616345,-0.0047279145,-0.0043256558,-0.0045552715,-0.0044132518,-0.0045025744,-0.004166564,-0.004759795,-0.004475248,-0.004370329,-0.004492245,-0.0044731623,-0.004747342,-0.0043085897,-0.004366167,-0.004341623,-0.004188497,-0.00431599,-0.004260995,-0.0046319594,-0.004631782,-0.0047330214,-0.004410467,-0.004496187,-0.0044587315,-0.004456728,-0.0046977084,-0.0044722636,-0.0047437004,-0.0046380972,-0.0041406658,-0.004697123,-0.004488904,-0.004524281,-0.004139306,-0.0047004237,-0.0047183293,-0.0047133896,-0.0045080087,-0.0046362425,-0.0041811834,-0.0046283044,-0.0044975183,-0.0042274143,-0.0045365714,-0.0047006095,-0.0046705417,-0.004135959,-0.0042628143,-0.0047124713,-0.0043161395,-0.004636182,-0.004749264,-0.004471252,0.9954214,-0.0041331407,-0.0046272804,-0.0043674074,-0.0042446214,0.0,-0.004253577,-0.004147641,-0.004672004,-0.004743505,-0.004457584,0.9953833,-0.0044727908,-0.0042268923,-0.004764832,-0.004237936,-0.0051505957,-0.004394595,-0.0046085273,-0.0041627097,-0.0047181607,-0.0044787726,-0.0042547444,-0.0044245035,-0.004142473,-0.004159296,-0.004480391,-0.0042871134,-0.004174886,-0.0041233087,-0.004117023
-0.0013472427,0.99556667,-0.0033539045,-0.0033688138,-0.0037138825,0.99560505,-0.00031302767,-0.0031708558,-7.8283374e-05,0.99561036,-0.003470784,-0.0033596577,-0.0030316666,-0.0027408185,-0.00016176539,-0.0028004048,-0.00026865047,-0.003357487,0.9956142,-0.00020775566,-0.0023067403,-0.0034577295,-0.0024001447,-0.0014422766,-0.0026086546,-0.0030638874,-0.0035262988,-0.0014495467,-0.0028549896,-0.0019059223,-0.0025876935,-0.00082758366,-0.0037115237,-0.0022295904,-0.0016877899,-0.002321989,-0.0022339474,-0.003665376,-0.00027887794,-0.0016299826,-0.0015280077,-0.0008692569,-0.0014165863,-0.0012066363,-0.003129836,-0.0031292487,-0.0035507616,-0.0018782743,-0.0025704105,-0.002311785,-0.0021454785,-0.0033550328,-0.002379821,-0.0036159577,-0.0031282078,-0.0006455168,-0.0033731621,-0.0022759617,-0.0027118516,-0.0004458169,-0.0033571888,-0.003488049,-0.0034332355,-0.0023374807,-0.0031320895,-0.0007813981,-0.0030893835,-0.0023259032,-0.00015193793,-0.0027619267,-0.0033652636,-0.00324638,-0.00032343788,-0.0011827336,-0.0034263514,-0.001456985,-0.0031263498,-0.0036353767,-0.0023725855,0.99564797,-0.00020255822,-0.0031009621,-0.0016323325,-0.0011043792,-0.00025689055,0.0,-0.0006165375,-0.0032571603,-0.003608749,-0.0023915628,0.9955924,-0.0023594713,-0.001017928,-0.0037437556,-0.0010677566,-0.00053034077,-0.001834713,-0.0030299146,-0.0007921195,-0.003476595,-0.002476492,-0.0011582039,-0.0020003081,-0.00056781975,-0.00030381014,-0.0023156262,-7.4754076e-05,-0.000787486,-0.0005160239,-0.0005669816
-0.0033101598,0.99561703,-0.0040701767,-0.004085328,-0.0042293323,0.99566156,-0.0029519142,-0.0039913286,-0.002935285,0.9956586,-0.0041294876,-0.004077781,-0.0039363657,-0.0038025174,-0.0029104748,-0.0038240105,-0.0029467982,-0.004076898,0.99566704,-0.0029269478,-0.0036981858,-0.0041222624,-0.0036693213,-0.0033382997,-0.0037510674,-0.0039465292,-0.0041514686,-0.0033329346,-0.0038554312,-0.0035122815,-0.0037483745,-0.0031030148,-0.0042274008,-0.0036466897,-0.0034514195,-0.0036607143,-0.0036440021,-0.0042072437,-0.0030793995,-0.0034222673,-0.003383937,-0.003156554,-0.003329582,-0.003253759,-0.0039706132,-0.0039667697,-0.004156161,-0.0035118668,-0.0037490465,-0.0036550988,-0.0036102347,-0.0040827836,-0.0036701334,-0.004184969,-0.0039748866,-0.0030284615,-0.004083402,-0.0036571636,-0.0037896999,-0.0029263145,-0.0040891715,-0.0041333525,-0.0041073808,-0.003677785,-0.00397276,-0.0030879665,-0.003963343,-0.0036771016,-0.0029580165,-0.0038075496,-0.004084009,-0.004030763,-0.0029214444,-0.0032098424,-0.004109109,-0.0033287224,-0.003975877,-0.004193679,-0.0036738066,0.99569213,-0.0029026908,-0.0039628204,-0.0034183778,-0.0032093658,-0.0029429945,-0.003247008,0.0,-0.0040317066,-0.004184116,-0.003666061,0.995643,-0.0036627578,-0.0031633226,-0.004241932,-0.003192903,-0.0037688923,-0.003496072,-0.0039277705,-0.0030886796,-0.0041291364,-0.00369843,-0.0032316754,-0.0035592974,-0.0029750953,-0.0028896874,-0.0036701553,-0.0029970335,-0.0030623295,-0.0029574358,-0.0029644864
0.0013954473,0.9970853,0.0037153848,0.0037007788,0.0039812936,0.9954599,0.00059023395,0.0035714186,0.00070244004,0.9968118,0.0037906202,0.003724128,0.0034088185,0.0030983628,0.00077190483,0.0031550294,0.0005926554,0.0037315632,0.9967175,0.0006318585,0.0026780784,0.00377673,0.0027588909,0.0018262443,0.0029220474,0.0034479615,0.0038372402,0.0015825891,0.0031942576,0.0023896098,0.0028480415,0.0008445327,0.0039852727,0.002622612,0.0018422662,0.002702255,0.0026315288,0.003960213,0.000938289,0.0016937391,0.0015970512,0.00085989694,0.0018919624,0.001261749,0.003508348,0.0034860927,0.0038550466,0.002288717,0.0029415926,0.0026573576,0.0025480185,0.0037145084,0.0026858158,0.0039046057,0.0035143003,0.00071927137,0.0037057742,0.0026862707,0.003049258,0.0006759473,0.003700157,0.0038279314,0.0037678357,0.002706911,0.0035080658,0.0007797087,0.0034305986,0.002692817,0.00080353185,0.0031315456,0.0037006182,0.0036144312,0.00058817695,0.0012432795,0.003789365,0.0015121114,0.0034870517,0.0039458736,0.0026319872,0.99546987,0.0006366579,0.0034706872,0.0019704534,0.0010707679,0.0006364693,0.0011019108,0.00072296435,0.0,0.003902229,0.0027636182,0.9968899,0.0026600228,0.0010293551,0.004030386,0.0011539566,0.0016552046,0.0022123493,0.0034115093,0.0007847606,0.003785935,0.0028049063,0.0012757799,0.0024266294,0.0006837594,0.00065488316,0.00265926,0.0009290543,0.0008556464,0.0006280758,0.00071101944
0.0042068507,1.0024754,0.0046722456,0.0046793805,0.004733796,0.9997455,0.004007008,0.0046338798,0.0040808627,1.0019232,0.0046991105,0.00468322,0.0045879455,0.0044934032,0.0041097053,0.0045044865,0.00398688,0.004687278,1.001763,0.004025256,0.004440433,0.004695975,0.004412786,0.004233125,0.0044576623,0.0045891795,0.004708749,0.0042435,0.0045191464,0.004354657,0.0044503342,0.00403383,0.004736798,0.004430461,0.0042858506,0.0044465363,0.0044277343,0.004728242,0.004306128,0.004262454,0.004239286,0.0040585236,0.004229601,0.004144649,0.0046166857,0.00460622,0.004708018,0.004352487,0.0044584083,0.004406228,0.0044108606,0.0046909857,0.0044102953,0.0047178827,0.0046090195,0.0040248516,0.0046803136,0.004445882,0.004485856,0.003996478,0.004684797,0.004709503,0.004696755,0.0044654123,0.0046203462,0.0040310165,0.004599537,0.004456585,0.004166685,0.004495352,0.0046844073,0.0046492573,0.0040017916,0.0041308375,0.004705147,0.0042104647,0.004612758,0.0047318554,0.0044168946,0.9999055,0.0040249056,0.004602252,0.00429178,0.004121995,0.003999105,0.004136482,0.0040051523,0.0046594385,0.0,0.0044119186,1.0021511,0.004413846,0.0040909825,0.0047441553,0.004118121,0.0048600007,0.0043159924,0.004584499,0.004027696,0.0046988674,0.0044282028,0.0041396506,0.004384391,0.003984659,0.004015881,0.004436965,0.0042769057,0.00405219,0.003974442,0.003997744
1.8203997e-05,0.99518526,0.00022391594,9.6077754e-05,0.00025654724,0.9949154,-9.858002e-06,0.00011823501,7.1118084e-06,0.99515563,0.00011738101,0.00013224564,7.2438575e-05,4.1303597e-06,1.8488894e-05,1.6534153e-05,2.6293692e-05,0.00017293815,0.9951434,-1.39488375e-05,-2.828275e-06,5.5864362e-05,3.1616586e-05,4.0488638e-05,-2.682288e-07,2.833106e-05,0.00022183909,-6.3116854e-06,3.3884437e-05,1.2157521e-06,-7.561945e-06,-1.1409845e-05,0.00029895146,4.1155505e-05,3.1443506e-05,1.61849e-05,8.048769e-06,0.00035615222,-1.1951039e-05,2.8565808e-05,2.8874314e-05,3.7374273e-05,1.5227044e-05,3.2456626e-06,8.25198e-05,2.1149339e-05,0.00035406245,-1.2102518e-05,3.1658217e-06,4.7190664e-05,1.2378971e-05,9.604116e-05,2.5500342e-05,0.00038770863,5.0949508e-05,1.013752e-05,9.105245e-05,1.0801936e-05,-2.4191618e-06,4.328398e-06,0.00011960409,0.0003263972,0.000107988344,3.0298897e-05,1.6472415e-05,1.29263135e-05,3.7354104e-05,4.973255e-05,3.0961564e-05,6.149818e-05,0.00011104477,0.00010858596,1.4625434e-05,2.1650153e-06,0.00024007597,-3.2398316e-06,5.0246435e-05,0.00043824344,2.5176414e-05,0.99495083,3.2303982e-05,8.2132625e-05,7.992046e-06,3.6037007e-05,-1.290114e-05,1.5443678e-05,1.6332811e-05,0.00012260852,0.0002112183,0.0,0.9951651,4.0061735e-05,1.7266075e-05,0.00029635456,4.3042364e-06,3.114029e-05,4.2598316e-05,7.139797e-05,-1.0392872e-05,0.00011783699,1.0060156e-05,3.596813e-05,2.4579433e-05,8.613648e-06,1.5631782e-05,3.898203e-05,-5.661031e-06,2.890728e-05,-1.4244746e-05,1.8597595e-05
2.623136e-05,1.0019964,-0.0008403283,-0.0008466497,-0.0012836591,1.0019621,-4.7480764e-05,-0.00077890983,-0.0004507897,1.0021852,-0.0008978923,-0.00081708125,-0.00066636386,-0.00045812206,-0.00035738284,-0.000497859,-8.405478e-05,-0.000837374,1.0022207,-0.00014087376,-0.00027561,-0.0008607544,-0.00018898999,2.063662e-05,-0.00030597576,-0.0006715097,-0.0010140362,2.0742771e-05,-0.0005469218,-4.171404e-06,-0.00027780433,3.3940705e-05,-0.0012780183,-0.00014030503,3.381898e-06,-0.0001865545,-0.00012075063,-0.0012309201,-0.0009302865,1.2000061e-05,2.8577126e-05,2.705826e-05,2.6328702e-05,2.66879e-05,-0.0007523708,-0.0007328493,-0.001036868,9.305039e-06,-0.00027827796,-0.00013429346,-8.524747e-05,-0.000838149,-0.00013700545,-0.0010827137,-0.00074244576,3.4246255e-05,-0.00080423814,-0.00017449497,-0.0003850762,3.440577e-05,-0.0008222997,-0.0009679465,-0.00089206983,-0.00018219223,-0.00074490666,3.5509882e-05,-0.0006893538,-0.00013540579,-0.00064245856,-0.0004613242,-0.0008141789,-0.00080393266,1.8353014e-05,2.0338384e-05,-0.00086773845,2.4480969e-05,-0.0007238282,-0.0011268099,-0.00014046083,1.0021393,-0.00013580506,-0.00070628594,1.9882862e-05,3.5622917e-05,-2.4427292e-05,2.8090655e-05,3.3837867e-05,-0.0008597597,-0.0010881028,-0.00022434363,0.0,-0.00012132923,3.9788545e-05,-0.0013493344,2.4917876e-05,-0.0019028386,-2.1866632e-05,-0.0006674181,4.0621384e-05,-0.0009096641,-0.00023816513,3.3541655e-05,-9.975008e-06,2.8852395e-05,-4.765818e-05,-0.00016952399,-0.00084045547,3.515884e-05,3.3976066e-05,3.13588e-05
-3.0212898e-06,0.99494624,-7.665515e-06,2.068482e-05,8.793588e-06,0.9947915,-9.31382e-08,3.2117758e-05,-7.4817203e-06,0.99493164,2.9836723e-05,6.285975e-06,1.8732173e-05,3.0395313e-05,-1.204628e-05,1.3370273e-05,2.6355241e-05,2.89984e-05,0.9949228,1.3980082e-05,-2.2436113e-06,2.119142e-05,-1.1892411e-05,2.9234025e-05,-1.2747391e-07,5.2847186e-06,-1.6551896e-05,-1.6870487e-06,-3.0723031e-06,1.9783805e-05,2.3845798e-05,9.798904e-06,6.3961793e-06,2.814071e-06,-8.8604265e-06,-1.284831e-05,2.215853e-05,3.1406737e-05,-9.937672e-06,1.1767264e-05,2.654323e-05,6.179292e-06,2.5886575e-05,2.5443996e-05,-1.2747073e-06,3.7572254e-06,-1.3849434e-05,-1.1064497e-05,-2.150859e-06,-1.0216313e-05,3.1330478e-06,1.286946e-06,1.26445375e-05,1.085125e-05,1.872249e-06,6.7404526e-06,1.43494135e-05,1.3873053e-05,-1.8303683e-05,7.4556456e-06,2.1201258e-05,-1.8902838e-05,7.4403906e-06,-1.0595292e-05,3.1403215e-06,7.6274e-06,-1.8674939e-06,-9.016255e-06,1.1726692e-05,-8.380364e-06,2.2495333e-05,1.2749646e-05,-2.9084038e-06,5.74698e-06,1.8673123e-05,5.871354e-06,3.2792956e-05,1.6927652e-05,2.37715e-05,0.9948138,9.4335725e-08,-3.5790504e-06,-1.5895448e-05,-1.5432981e-05,4.754898e-06,9.550726e-06,4.1843e-07,1.2935109e-05,8.940121e-06,-4.9726013e-06,0.9949223,0.0,-8.121664e-06,7.884282e-06,9.744697e-07,9.234301e-06,-1.1898825e-05,2.5754647e-05,1.3386006e-05,-1.4815878e-05,8.714701e-06,-1.7699325e-05,2.1713653e-05,-1.8342878e-05,4.6272426e-06,2.4550362e-05,3.7295233e-06,1.766606e-05,-1.5956133e-05,2.3901413e-05
-0.0018943923,0.9956434,-0.0034713433,-0.003487964,-0.0037737703,0.9956872,-0.0011174787,-0.0033208707,-0.0009940078,0.99568826,-0.003575458,-0.0034810265,-0.0032173654,-0.0029775042,-0.0009534707,-0.003017516,-0.0011104394,-0.0034745329,0.99569964,-0.0010472724,-0.002646671,-0.0035596513,-0.0027071156,-0.0019657128,-0.0028702414,-0.0032428463,-0.0036178885,-0.0019570258,-0.0030822111,-0.0023274345,-0.0028570814,-0.0015334866,-0.0037714532,-0.0025996522,-0.0021892858,-0.0026450383,-0.0026030543,-0.0037447836,-0.0011199088,-0.0021301033,-0.0020284813,-0.0015726099,-0.0019622196,-0.001822553,-0.0032852096,-0.0032805272,-0.0036366058,-0.0023204656,-0.0028663327,-0.0026623392,-0.0025209768,-0.0034770467,-0.002693584,-0.0036910737,-0.0032896383,-0.001356589,-0.0034883625,-0.0026272307,-0.0029463095,-0.0010978513,-0.0034905588,-0.003586565,-0.003538592,-0.002658489,-0.0032921946,-0.0014774419,-0.0032634747,-0.0026569092,-0.0010192856,-0.0029898991,-0.0034830605,-0.0033884598,-0.00108541,-0.0017263364,-0.0035349084,-0.0019710928,-0.0032868027,-0.0037070003,-0.0026872081,0.99572563,-0.0009970731,-0.0032692854,-0.0021339003,-0.0017080392,-0.0011025792,-0.0017719684,-0.0012942649,-0.0033953674,-0.0036843373,-0.0027069058,0.9956698,-0.0026753824,0.0,-0.003799028,-0.0016725389,-0.0014991742,-0.0022836488,-0.0032136245,-0.0014970824,-0.0035788675,-0.0027684623,-0.0017813928,-0.0024110624,-0.001254184,-0.0010423798,-0.002659312,-0.0009527901,-0.0014569511,-0.0012114259,-0.0012476448
0.0049087713,1.003693,0.005172963,0.005182449,0.00520005,1.0013978,0.0047789672,0.0051542474,0.0048493007,1.003376,0.005190371,0.005178627,0.0051239403,0.0050568245,0.0048731794,0.0050631436,0.004763593,0.005187598,1.0032694,0.0048030405,0.0050498117,0.005189151,0.005005401,0.00491622,0.005036566,0.005120058,0.0051965015,0.004919822,0.0050713923,0.0049899295,0.005029488,0.004780647,0.00520371,0.005040615,0.0049427496,0.005053592,0.005041135,0.005198036,0.00505561,0.0049303793,0.004918748,0.0047899736,0.004917431,0.0048563345,0.0051412974,0.005133495,0.0051922794,0.0049968264,0.0050343554,0.0050073857,0.0050300765,0.005193722,0.0050076605,0.005198247,0.0051348666,0.004780284,0.0051784245,0.005054545,0.005050767,0.0047658253,0.0051911008,0.0051997425,0.0051907497,0.0050733383,0.005144326,0.0047739525,0.0051314547,0.005058564,0.0049263,0.005051902,0.005182989,0.0051625925,0.004778845,0.004845248,0.0051988554,0.004895166,0.005138486,0.005208477,0.0050211693,1.0016271,0.004801209,0.0051290216,0.0049548107,0.004842101,0.0047649066,0.0048491135,0.0047644353,0.005172848,0.005203427,0.0050001866,1.0035061,0.005021694,0.004816886,0.0,0.0048397225,0.005544848,0.004961926,0.00511797,0.0047708866,0.005188405,0.0050156703,0.004847913,0.0050128284,0.004748724,0.0047917054,0.005037279,0.0050297664,0.0047932006,0.00474299,0.0047509056
-0.0015961799,0.9956022,-0.0033970627,-0.0034187273,-0.003741904,0.99565065,-0.0007517487,-0.0032311024,-0.00055483554,0.99564916,-0.0035135066,-0.0034099082,-0.0031153471,-0.0028494664,-0.0005242825,-0.002886666,-0.00071960693,-0.0034037975,0.995658,-0.0005902974,-0.0024827856,-0.0034975929,-0.0025314142,-0.0016929698,-0.0027263155,-0.003131758,-0.0035663722,-0.0016619454,-0.0029716087,-0.0020627829,-0.0027230582,-0.0011981475,-0.003738431,-0.0023950993,-0.0019201334,-0.0024542143,-0.002398453,-0.0037071125,-0.000750913,-0.001856178,-0.0017542976,-0.0012325156,-0.0016631348,-0.0015281052,-0.0031953938,-0.0031907745,-0.0035904157,-0.0020856746,-0.002704766,-0.0024729574,-0.0023100765,-0.0034112781,-0.0025063907,-0.0036442487,-0.0031919375,-0.0009959184,-0.0034202244,-0.0024232275,-0.0028082565,-0.0007091049,-0.0034219571,-0.0035244166,-0.0034766148,-0.0024754214,-0.0031968965,-0.0011095677,-0.0031657256,-0.002458254,-0.00054639514,-0.0028547132,-0.003418876,-0.0033027749,-0.0007082476,-0.0014096465,-0.0034653803,-0.0016630538,-0.0031986043,-0.0036607059,-0.0025234637,0.9956744,-0.0005724137,-0.0031733874,-0.0018264271,-0.0013896425,-0.0007102128,-0.0014674641,-0.0009338792,-0.0033115689,-0.0036408687,-0.0025244802,0.9956301,-0.002487934,-0.0013013271,-0.0037687854,0.0,-0.0010057065,-0.0020377878,-0.0031074425,-0.0011621229,-0.003518258,-0.0025960188,-0.001462604,-0.0021892444,-0.00083811086,-0.0006048592,-0.002469091,-0.0004942641,-0.0010685155,-0.00083048304,-0.0008604464
-0.0062357,0.9943502,-0.0062106224,-0.006221507,-0.006171214,0.9942451,-0.006276433,-0.006219354,-0.006382226,0.99432784,-0.0062155444,-0.0062164892,-0.0062124142,-0.0061953766,-0.006361571,-0.006195167,-0.006291102,-0.0062205405,0.99432415,-0.0063262507,-0.0062702736,-0.006214695,-0.0061878515,-0.0062275114,-0.006196004,-0.006212569,-0.006206788,-0.0062326817,-0.006196986,-0.006241401,-0.006201292,-0.0062136487,-0.0061733276,-0.006248682,-0.006243198,-0.006242888,-0.006246335,-0.006173588,-0.0065868227,-0.0062388577,-0.0062404405,-0.0062261918,-0.006226419,-0.006223423,-0.006209646,-0.006211071,-0.006196812,-0.006240422,-0.006195559,-0.006208632,-0.0062424964,-0.0062319357,-0.006203124,-0.006190173,-0.0062190224,-0.0062201335,-0.00621744,-0.0062494227,-0.006195349,-0.0062427633,-0.006230969,-0.0062089437,-0.00621502,-0.0062553585,-0.0062182103,-0.006226156,-0.0062204227,-0.0062534837,-0.006441875,-0.0061941734,-0.006225208,-0.0062308004,-0.0062746173,-0.006216481,-0.0062211333,-0.0062158755,-0.006213952,-0.006190469,-0.00621702,0.9942845,-0.0063172975,-0.0062157856,-0.0062414072,-0.006222551,-0.006280138,-0.006233591,-0.0062169763,-0.0062225373,-0.0061966483,-0.0061907256,0.9943386,-0.006210191,-0.006214549,-0.0061680246,-0.0062199724,0.0,-0.0062364303,-0.0062075625,-0.0062146,-0.006212285,-0.006192161,-0.0062221633,-0.006239524,-0.0062229554,-0.006292564,-0.006238303,-0.0065375376,-0.006210166,-0.006223658,-0.006214503
-9.631716e-06,0.9951693,-0.002307282,-0.0023979805,-0.0033440965,0.99520063,-1.7465014e-05,-0.0018058775,-2.4060942e-05,0.99519086,-0.002685233,-0.0023410155,-0.0014608222,-0.00057457306,-1.2914348e-05,-0.00072957785,-3.3131695e-05,-0.002321094,0.99519664,-3.361734e-05,-4.571667e-05,-0.0026343565,-4.083485e-05,-3.6909565e-05,-0.00014979919,-0.0015090527,-0.0028464687,-4.072765e-05,-0.0010350877,-4.6205987e-05,-0.00016304558,-3.3365508e-05,-0.0033383176,-1.2984267e-05,-4.228996e-05,-2.4588566e-05,-1.7334722e-05,-0.003253768,-1.672729e-05,-4.7920217e-05,-1.0059642e-05,-3.6223402e-05,3.9597785e-06,-2.631148e-05,-0.00175722,-0.0017353105,-0.0029220819,-2.9240098e-05,-5.574744e-05,-4.1065883e-05,-2.3205966e-05,-0.002373526,-4.287379e-05,-0.0030817913,-0.0016950936,-3.466872e-05,-0.0024026283,-3.981115e-05,-0.00043010214,3.1514528e-06,-0.0024048605,-0.0027089054,-0.0025716496,-5.2911586e-05,-0.0017594474,-2.434023e-06,-0.0016366902,-2.7987597e-05,-1.1225931e-05,-0.0005894618,-0.0023892932,-0.0020416903,8.663781e-06,-3.0233257e-05,-0.0025063956,-2.3120168e-05,-0.0017546405,-0.0031121299,-6.119379e-05,0.9952087,-2.3995108e-05,-0.0016584464,1.8532686e-06,-1.3373716e-05,-1.8836068e-05,-1.5114102e-05,-3.8016427e-05,-0.0020961259,-0.003064092,-2.8999626e-05,0.99518317,-6.891338e-05,-3.8539088e-06,-0.0034101831,-1.0103937e-05,7.2827847e-06,0.0,-0.001455752,8.305741e-06,-0.002709199,-7.796045e-05,-1.0170147e-05,-1.248741e-05,-1.2392037e-05,-6.23315e-06,-4.8271322e-05,-1.7166984e-05,-1.7863596e-05,-7.31578e-06,-2.5186026e-05
9.173638e-05,0.99556744,0.003220471,0.003191467,0.0035964125,0.9944275,2.7269161e-05,0.0029842444,2.5986325e-05,0.9954713,0.0033197107,0.0032223938,0.0027446006,0.002214161,2.8876668e-05,0.0023077598,-1.9687694e-05,0.0032251405,0.9953866,6.9283083e-06,0.0013636086,0.0032869317,0.0016239969,0.00019081184,0.0019002018,0.0028129795,0.003394094,0.00028343833,0.0023835695,0.0009469693,0.0017412145,3.429177e-05,0.003596388,0.0013446207,0.0005734604,0.0015021868,0.0013688224,0.0035656216,1.1501656e-05,0.00044714028,0.00029044494,3.8518277e-07,0.00022836776,9.20281e-06,0.0028595335,0.0028443541,0.0034246054,0.00077381,0.0019760982,0.0014604576,0.0012367861,0.0031868394,0.0015146268,0.0034976874,0.0029024526,3.706196e-05,0.0031886918,0.0014716319,0.0021268122,3.329488e-05,0.0032172091,0.0033695772,0.003270236,0.0014397501,0.0028759534,3.0458568e-05,0.0027586012,0.0014832022,-5.567138e-06,0.0022522104,0.0031838885,0.0030590617,2.9760879e-05,-6.4331853e-06,0.0033119654,0.00024235873,0.0028464324,0.0035508922,0.0013636404,0.99511266,-3.0021952e-06,0.0028276036,0.0005554377,3.5940433e-05,-1.4103361e-05,8.6041055e-06,-1.7077471e-05,0.003083129,0.003465787,0.0016250478,0.99552387,0.0014339836,-8.8921615e-06,0.0036306356,3.1837848e-05,3.5899673e-05,0.0007352397,0.0,2.2071536e-05,0.0033255923,0.0017230585,1.5858242e-05,0.0009942694,3.1063284e-06,2.1530925e-05,0.0014488448,2.9696736e-05,1.4399146e-06,1.6727023e-05,-2.186639e-05
-0.002666022,0.9956582,-0.0037450846,-0.0037620275,-0.003969485,0.995707,-0.002047526,-0.003627392,-0.001974183,0.99570405,-0.0038168463,-0.0037528083,-0.003557394,-0.0033850765,-0.0019626385,-0.0034162875,-0.0020199737,-0.0037494642,0.9957087,-0.0020156794,-0.0032474888,-0.0038102535,-0.0031845174,-0.0026927327,-0.0033072757,-0.003571847,-0.0038559237,-0.0026768588,-0.0034427997,-0.0029455044,-0.0032774673,-0.0023209262,-0.00396694,-0.0031418288,-0.0028584315,-0.0031654106,-0.0031290494,-0.003935143,-0.0020826939,-0.002824966,-0.0027695207,-0.0023927025,-0.0026779696,-0.002544297,-0.0036173558,-0.0036065055,-0.0038664201,-0.002948895,-0.0032917447,-0.003157136,-0.003088878,-0.0037479468,-0.0031907002,-0.0039035887,-0.003609419,-0.002247714,-0.0037595108,-0.003146748,-0.0033686538,-0.0021662524,-0.003762484,-0.0038269614,-0.0037927267,-0.0031848492,-0.0036088584,-0.0023357305,-0.0035949517,-0.0031782556,-0.0020077478,-0.0033904556,-0.0037598095,-0.0036817153,-0.0020809467,-0.002546199,-0.0037937546,-0.0027031838,-0.0036114773,-0.003919799,-0.0031729632,0.99574655,-0.0019982425,-0.0035963897,-0.002803025,-0.0025292158,-0.0020239078,-0.002536906,-0.0022117028,-0.0036892332,-0.0039013948,-0.0031839765,0.9956898,-0.00317621,-0.0024606083,-0.0039845803,-0.0024962656,-0.0027105727,-0.0029187081,-0.0035516466,0.0,-0.0038221907,-0.0032334344,-0.0025055169,-0.0030155806,-0.002182897,-0.0020344316,-0.003175686,-0.0019858528,-0.0022940496,-0.0021719132,-0.0021387674
0.0034432719,1.000752,0.0041717235,0.004178316,0.004275889,0.9983293,0.0031341263,0.004116877,0.0032259119,1.0001119,0.004215622,0.0041823136,0.004046558,0.0039217616,0.0032635485,0.003940259,0.003128851,0.004191833,0.9999387,0.0031703857,0.003808701,0.0042057075,0.0037935919,0.0034814521,0.0038599048,0.0040601394,0.004231722,0.0035055068,0.0039575733,0.0036796324,0.003843242,0.0032137495,0.004281032,0.0037881965,0.0035763811,0.0038116889,0.0037869492,0.0042661377,0.0034600627,0.0035404805,0.0035026863,0.0032523903,0.0034842947,0.0033651087,0.0040885904,0.004074118,0.0042285454,0.0036692938,0.003860718,0.0037750641,0.0037558947,0.004196536,0.0037805368,0.004248897,0.0040889923,0.0031924548,0.004180993,0.003814,0.0038992448,0.0031550417,0.0041854763,0.0042250226,0.0042015733,0.0038285581,0.0040941266,0.003207262,0.004059698,0.0038180656,0.0033160276,0.0039279438,0.004181057,0.004135464,0.0031394467,0.003352834,0.0042181993,0.00346547,0.0040851734,0.0042689564,0.0037792178,0.9984245,0.0031681485,0.004072796,0.0035795583,0.003330986,0.0031449264,0.0033400413,0.0031642595,0.0041462416,0.004255369,0.0037934529,1.0003549,0.0037804735,0.0032828287,0.0042937393,0.003325791,0.004071805,0.0036245077,0.004046555,0.0031907607,0.0,0.0038156172,0.003360991,0.0037155591,0.0031541302,0.003157107,0.0037919276,0.0034335242,0.003238083,0.003124913,0.0031585924
1.8490935e-05,0.99506336,0.0006655723,0.00046666324,0.0008693275,0.99482256,1.2562128e-05,0.0004783762,2.8952209e-05,0.99503374,0.0006194009,0.000584198,8.83548e-05,5.908838e-05,-3.6936144e-06,6.216338e-05,-1.4797662e-06,0.0006303509,0.9950281,1.4947901e-05,1.1819129e-05,0.0005628307,7.237914e-06,1.6671149e-05,1.1896195e-05,0.00016507138,0.0007455998,3.330174e-05,-2.6415793e-07,1.0396183e-05,4.928908e-05,8.604411e-06,0.0009081621,1.5616417e-05,3.8527407e-05,5.434912e-05,3.5623452e-05,0.00092224375,-1.5060501e-05,2.857419e-05,2.5044912e-05,1.6037458e-05,4.537607e-05,2.854264e-05,0.00016872262,0.00020055322,0.0008747578,-7.785284e-06,1.4970352e-07,2.044694e-05,5.222877e-05,0.0005561998,1.3879003e-05,0.0009183575,0.00031655826,3.689067e-05,0.00045383946,4.7367594e-05,4.9872415e-05,-3.3158146e-06,0.0004991617,0.0007986763,0.0005830353,1.3257837e-06,0.00017450069,-9.99824e-06,7.09375e-05,3.6736456e-05,3.415936e-05,2.7006368e-05,0.0004568845,0.0005036068,-5.085454e-06,-3.4381333e-06,0.0006977455,-3.629281e-06,0.00010801046,0.0009891262,1.46100265e-05,0.99485344,-1.1081765e-07,0.00012607634,7.4534532e-06,2.9153025e-05,1.0016335e-05,-5.326743e-06,-1.7912489e-06,0.00056062086,0.00075170497,1.1627021e-05,0.99504286,1.5036589e-05,3.0073556e-06,0.0009032612,3.2566495e-05,-1.5999938e-06,3.399255e-06,9.779265e-05,1.868325e-07,0.00064404355,0.0,4.232631e-05,5.128477e-05,2.8275415e-06,-1.005131e-05,2.0662717e-05,-1.12965035e-05,-6.811767e-06,2.6383992e-05,-1.2937375e-05
-0.0013332193,0.99556243,-0.0033072385,-0.0033463521,-0.0036920356,0.995616,-0.00028843147,-0.0031092362,-1.0011969e-05,0.9956109,-0.0034453715,-0.0033212772,-0.0029928465,-0.0027186442,-6.176722e-05,-0.0027506428,-0.00025781937,-0.0033148082,0.9956051,-0.00017621055,-0.002370288,-0.0034327335,-0.0023440577,-0.0013760083,-0.0025686945,-0.0030219944,-0.0035043943,-0.0013129457,-0.002837935,-0.0017977636,-0.0025863403,-0.00078214135,-0.0036909145,-0.0022138385,-0.0016532965,-0.002217392,-0.0021809014,-0.003634314,-0.00024730765,-0.0015781273,-0.0014757126,-0.0008881764,-0.0013144495,-0.001161042,-0.0031092963,-0.0030892089,-0.003515067,-0.0018337069,-0.0025348316,-0.0022683109,-0.0020999915,-0.003325151,-0.0023299167,-0.0035760687,-0.0030791399,-0.0006280612,-0.0033502863,-0.0022090466,-0.0026876496,-0.0003827468,-0.003343945,-0.0034505802,-0.0033912424,-0.0022757696,-0.0030900068,-0.00074541726,-0.003070357,-0.0022780441,-0.00014443857,-0.0027225183,-0.0033463817,-0.003200684,-0.00030835252,-0.0011378346,-0.0033826893,-0.0013869052,-0.003103046,-0.0035984865,-0.0023445545,0.9956345,-0.00012628504,-0.0030699405,-0.0015226115,-0.0010991915,-0.0002975207,-0.0011239174,-0.0005589366,-0.0032188664,-0.0035830534,-0.0023213185,0.9955886,-0.0022805182,-0.0009985776,-0.003713,-0.0010330449,-0.00042044968,-0.0017947522,-0.002998886,-0.0007165069,-0.0034515862,-0.0024454317,0.0,-0.0019870605,-0.000498597,-0.00012598341,-0.0023008022,3.595376e-06,-0.00063995767,-0.00047460117,-0.0004413869
-3.5506007e-05,0.9950281,-0.0015779118,-0.0016997121,-0.0031510259,0.9950586,1.1883891e-05,-0.0009552253,-6.102729e-07,0.9950434,-0.0021196085,-0.0016449579,-0.000453422,5.3705585e-06,-2.3334602e-05,-8.872558e-06,-2.4165802e-05,-0.0016002817,0.9950515,-1.3437705e-05,-4.768907e-05,-0.002048946,-1.1848834e-05,-3.386016e-05,-1.8842273e-05,-0.00058465364,-0.002386677,-7.538283e-06,-7.340759e-05,-3.170366e-05,-3.7628066e-05,-1.5026583e-05,-0.0031410314,3.5925075e-06,-3.324444e-05,-2.5144653e-05,-1.7109953e-05,-0.0030132208,-2.5438627e-05,-2.5969607e-06,-2.4439758e-05,-4.578289e-06,-2.368411e-05,1.08292625e-05,-0.00085844204,-0.00082834664,-0.0025309555,-1.1104749e-05,-5.4512795e-05,-2.8854753e-05,-1.9579446e-05,-0.0016822813,-3.7004742e-05,-0.002749405,-0.0008269322,-1.3147588e-05,-0.001710051,-3.2261138e-05,-5.9764305e-05,8.872008e-06,-0.0016692396,-0.0022105805,-0.0019627954,-4.941479e-05,-0.00088265346,-2.1117667e-05,-0.0007240757,-1.0349618e-05,-1.2019919e-05,-5.3255703e-06,-0.0016477391,-0.0012625537,-2.023406e-06,-2.1064447e-05,-0.0018959151,-3.573755e-05,-0.00089001213,-0.0027907335,-2.34826e-05,0.9950704,1.2457826e-05,-0.00074686337,-2.0838292e-05,-3.7071663e-05,1.6230573e-05,7.603802e-06,6.3517405e-06,-0.0013166671,-0.0027089762,2.4777785e-06,0.9950356,-2.8678973e-05,1.0373797e-05,-0.0032705916,4.0069745e-06,9.2374785e-06,-2.9867504e-05,-0.0005023018,1.4434112e-05,-0.002183429,-4.3766457e-05,-8.0656e-06,0.0,-1.0133135e-05,7.5779035e-06,-4.7428504e-05,-2.3208228e-05,-2.8925098e-05,-1.0871612e-05,-5.2807245e-06
-0.0034229902,0.9955919,-0.0041349097,-0.0041446905,-0.0042817113,0.9956285,-0.0031073303,-0.004062334,-0.0031161134,0.99563384,-0.004183977,-0.0041402457,-0.0040101786,-0.0038861858,-0.0030432586,-0.0039038593,-0.0031065093,-0.0041436455,0.99564356,-0.0030535874,-0.0038031936,-0.004180077,-0.0037561583,-0.0034664508,-0.0038403727,-0.0040111886,-0.00420973,-0.0034567567,-0.003935953,-0.0036120221,-0.0038324303,-0.0032534383,-0.0042796587,-0.0037455454,-0.0035625983,-0.0037622307,-0.0037401,-0.0042626746,-0.0032380146,-0.0035356972,-0.0035036134,-0.0032755714,-0.0034528973,-0.0033882374,-0.0040425784,-0.00404025,-0.0042195185,-0.0036289636,-0.003827817,-0.0037445961,-0.0037095915,-0.004147555,-0.0037575343,-0.004241133,-0.0040443894,-0.0031706595,-0.0041442057,-0.00375014,-0.0038658725,-0.0030714741,-0.0041535185,-0.004185792,-0.00416846,-0.0037755137,-0.0040423176,-0.0032239996,-0.0040341816,-0.0037650259,-0.003040229,-0.0038875323,-0.004150047,-0.0040938403,-0.003096288,-0.0033452343,-0.004167073,-0.0034326296,-0.0040442967,-0.0042485124,-0.0037629413,0.9956495,-0.0030555164,-0.0040343716,-0.0035212073,-0.0033379789,-0.00309814,-0.003382576,-0.0031470659,-0.0040957183,-0.00423985,-0.0037540947,0.9956192,-0.0037545832,-0.0033025756,-0.0042943237,-0.0033173836,-0.003951747,-0.0036068042,-0.0040009352,-0.0032374791,-0.0041906894,-0.0037841324,-0.0033695307,-0.0036631753,0.0,-0.0030502765,-0.0037603746,-0.003153125,-0.0031967533,-0.0030987205,-0.0030949905
-0.0045421952,0.9952781,-0.0048479,-0.0048638587,-0.00490577,0.9952938,-0.0044419896,-0.0048136786,-0.004482905,0.99530077,-0.004878276,-0.0048584132,-0.004787102,-0.0047204006,-0.0044639227,-0.0047247647,-0.0044461275,-0.004857612,0.9953023,-0.0044424203,-0.0047310805,-0.0048749624,-0.0046536773,-0.004545827,-0.00469592,-0.004787747,-0.004886704,-0.0045359056,-0.0047448906,-0.0046129986,-0.004705208,-0.0044473093,-0.004905215,-0.0046797697,-0.0046026185,-0.0046793288,-0.004680949,-0.0048950487,-0.0046687583,-0.0045862254,-0.0045702835,-0.004481445,-0.0045316317,-0.0045156386,-0.0048009283,-0.0047988407,-0.004883754,-0.0046218857,-0.0046945307,-0.0046597426,-0.004663906,-0.004862402,-0.0046622823,-0.0048913932,-0.0048026,-0.0044209906,-0.00485866,-0.0046852375,-0.0047130845,-0.0043879966,-0.004866287,-0.004875235,-0.004867262,-0.004698478,-0.0048025646,-0.004436751,-0.004801678,-0.0046933205,-0.0045341123,-0.0047179107,-0.004863906,-0.0048347805,-0.0044137505,-0.004478678,-0.004868398,-0.0045301705,-0.004803535,-0.0048959735,-0.0046793357,0.9953067,-0.0044247583,-0.0047973036,-0.0045752265,-0.004497033,-0.0044362475,-0.004514164,-0.004396697,-0.0048331935,-0.004895627,-0.004651843,0.9952929,-0.0046651633,-0.004466623,-0.0049094986,-0.0044780998,-0.005460849,-0.004610444,-0.004779852,-0.004435801,-0.0048757545,-0.0046710665,-0.004490362,-0.0046440894,-0.004388914,0.0,-0.004688137,-0.0046139974,-0.004408822,-0.0043898434,-0.004382372
-2.4382214e-05,0.99474704,-4.004251e-05,-3.0601484e-05,-2.095294e-05,0.99477607,-2.3522118e-05,-7.5637627e-06,6.5660242e-06,0.99475706,-1.2921146e-05,-8.3682135e-06,-2.4954114e-05,-3.0740306e-05,7.893599e-06,3.58182e-06,1.0552757e-05,3.7153764e-06,0.99476296,1.3453357e-05,-1.7659926e-05,-5.3285303e-06,-3.0430638e-05,-2.1471692e-06,-1.6204007e-05,-1.8844552e-05,-1.9508914e-05,-3.3355177e-06,-1.1089699e-05,-1.4101934e-06,-3.4375148e-06,-1.9699823e-05,-7.5986327e-06,-1.6676795e-05,-9.916298e-06,-3.0597723e-05,-1.6612032e-05,-1.2305126e-05,1.2163135e-05,-1.5227742e-05,1.0922423e-05,8.967376e-06,-1.883176e-05,-2.9275794e-05,-3.329204e-05,-2.511249e-05,-3.6869813e-05,-1.5684187e-05,-2.577521e-05,-2.0414076e-05,-3.548035e-05,-1.6345812e-05,-2.50795e-05,-6.0693137e-06,1.0515737e-06,-2.8614266e-05,-3.3669552e-05,-1.4120485e-05,-2.1312986e-05,-9.096666e-06,-2.6235228e-05,-1.5622943e-05,-2.8654113e-05,-7.1380327e-06,-3.0155372e-05,-1.2185196e-05,-1.4754736e-05,-3.102997e-05,7.0814112e-06,-2.8179757e-05,-2.3168941e-05,-2.33311e-05,-2.0593872e-05,1.2645777e-05,1.6935384e-06,-2.8599547e-05,5.386421e-06,-1.328216e-05,-1.9743678e-05,0.99478084,1.3395848e-05,-1.2778569e-05,-7.401947e-06,-2.9811645e-05,-6.1262785e-06,-1.5329255e-05,-2.2825918e-05,-2.982212e-05,-1.1052539e-05,-2.7146596e-05,0.9947467,8.5534575e-06,-2.88173e-05,-4.2020147e-05,-6.288069e-06,-1.1364332e-05,-3.442223e-05,-2.0724692e-05,-3.112676e-06,-2.4581554e-05,1.1577756e-06,-3.2529663e-06,-1.5165104e-05,-4.115465e-06,1.046201e-05,0.0,-7.608446e-06,-2.0964862e-05,1.3548886e-05,-1.8033339e-05
-0.0055764015,0.9947719,-0.005649913,-0.0056594107,-0.005643559,0.99471784,-0.0055692554,-0.00564465,-0.0056719114,0.9947684,-0.005661586,-0.005656661,-0.0056300904,-0.005595949,-0.0056437156,-0.0055994615,-0.0055806004,-0.005659415,0.994767,-0.0056179133,-0.005652732,-0.00566129,-0.005573179,-0.005572163,-0.005593137,-0.005630618,-0.005659575,-0.0055770585,-0.005602778,-0.005603675,-0.005593743,-0.005530088,-0.005643258,-0.0056276456,-0.0055971756,-0.0056225653,-0.0056237318,-0.005641934,-0.0058716903,-0.005594402,-0.0055889506,-0.005546479,-0.00557114,-0.005555132,-0.005633604,-0.0056346604,-0.00565262,-0.005604413,-0.005589358,-0.0055898544,-0.005618066,-0.005666841,-0.005590382,-0.005650472,-0.005642411,-0.0055309352,-0.0056571686,-0.0056277453,-0.005595042,-0.0055497405,-0.0056672175,-0.005657261,-0.0056591174,-0.005636141,-0.0056394157,-0.0055450522,-0.005642007,-0.0056347866,-0.005722011,-0.005596807,-0.0056622913,-0.0056595663,-0.005577169,-0.005552465,-0.0056647696,-0.0055616326,-0.005637882,-0.005652298,-0.0055976873,0.994756,-0.0056104544,-0.005636841,-0.005595704,-0.005553036,-0.0055724354,-0.0055650757,-0.0055280784,-0.0056540645,-0.0056545343,-0.0055739903,0.9947704,-0.0055936184,-0.005544046,-0.0056397025,-0.0055488106,-0.006717031,-0.0055986713,-0.0056251255,-0.0055286004,-0.0056601055,-0.0055826236,-0.005553673,-0.0056097093,-0.005528726,-0.0055889064,-0.0056197974,0.0,-0.005527436,-0.0055280267,-0.0055146385
-0.0026522796,0.9956659,-0.0037257469,-0.0037538065,-0.00396105,0.99572194,-0.0021247338,-0.0036143656,-0.001976173,0.995717,-0.003813055,-0.0037372936,-0.0035440137,-0.0033734734,-0.001986617,-0.0033974291,-0.002087242,-0.0037361314,0.9957193,-0.0020110328,-0.003220705,-0.0038042108,-0.003170027,-0.0026865504,-0.0032954104,-0.00354924,-0.0038497606,-0.0026425428,-0.0034494768,-0.0028994682,-0.0033083952,-0.002351498,-0.0039597694,-0.00311789,-0.0028365764,-0.0031388428,-0.0031143988,-0.0039295666,-0.0021357064,-0.0027958371,-0.002737678,-0.0024195323,-0.0026469557,-0.0025711902,-0.0036034773,-0.0035954276,-0.0038556077,-0.0029280374,-0.003280774,-0.0031417164,-0.0030657514,-0.003743169,-0.0031677089,-0.0038913758,-0.003589206,-0.0022384152,-0.0037494898,-0.0031267628,-0.0033521925,-0.0020850387,-0.0037545161,-0.0038145236,-0.003783466,-0.0031631645,-0.0035962744,-0.0023090155,-0.0035852552,-0.00315792,-0.0020357112,-0.0033767412,-0.0037541112,-0.003666997,-0.0020790799,-0.0025041492,-0.0037739484,-0.002669588,-0.003601741,-0.0038997508,-0.0031847374,0.9957339,-0.001981986,-0.0035826,-0.0027561183,-0.002510493,-0.002079422,-0.0025458212,-0.0022002568,-0.0036731113,-0.0038938967,-0.0031659682,0.99569607,-0.0031525183,-0.002450624,-0.003977411,-0.0024646763,-0.00270966,-0.0029028517,-0.0035400495,-0.00231786,-0.0038147173,-0.0032187793,-0.0024992405,-0.0029978603,-0.0021471495,-0.0019589153,-0.0031632448,-0.00201559,0.0,-0.0021482625,-0.0021299056
-0.0036687278,0.9955497,-0.0042807353,-0.0042937472,-0.004406836,0.9955895,-0.0033905336,-0.0042176433,-0.0034064492,0.99558836,-0.0043275305,-0.004290335,-0.0041694716,-0.0040583173,-0.0033684117,-0.0040711355,-0.0033915995,-0.0042871586,0.99559635,-0.00337807,-0.0039817793,-0.0043223384,-0.003947665,-0.0036948712,-0.0040191715,-0.004175598,-0.0043436773,-0.003695154,-0.004100403,-0.0038350525,-0.0040161563,-0.00350817,-0.0044054543,-0.0039446983,-0.0037879487,-0.0039556585,-0.0039432812,-0.004391603,-0.0035528464,-0.003763852,-0.0037302782,-0.0035364956,-0.003692639,-0.0036312582,-0.0041955737,-0.0041941246,-0.0043533766,-0.0038356183,-0.0040122485,-0.0039381864,-0.0039126924,-0.004291698,-0.0039534,-0.004370267,-0.0042021135,-0.0034414178,-0.0042893672,-0.003950536,-0.0040453095,-0.0033624466,-0.0042961473,-0.004328852,-0.004313516,-0.003971788,-0.004199801,-0.00349518,-0.00419246,-0.0039671515,-0.0034197185,-0.004058739,-0.004294021,-0.0042493967,-0.0033739628,-0.003595689,-0.004311821,-0.003674156,-0.0041997656,-0.004378577,-0.0039559067,0.9956202,-0.0033626338,-0.004188839,-0.0037595853,-0.0035882397,-0.0033858134,-0.0036247117,-0.0034180724,-0.0042504007,-0.004371291,-0.003945536,0.99557334,-0.00394969,-0.0035512352,-0.0044162306,-0.003573923,-0.004291739,-0.0038207956,-0.004160065,-0.0035045615,-0.0043271394,-0.0039711813,-0.0036107863,-0.0038685456,-0.003394344,-0.003358399,-0.0039583924,-0.0034900606,-0.0034746942,0.0,-0.003388411
-0.003480777,0.9955889,-0.0041526104,-0.00416984,-0.004298872,0.99562985,-0.0031420095,-0.0040834974,-0.003133263,0.9956329,-0.0042072847,-0.0041626035,-0.0040305587,-0.003915231,-0.0030621593,-0.003928737,-0.0031158575,-0.004163059,0.9956363,-0.0031188536,-0.0038396681,-0.0042015896,-0.003786379,-0.0035008532,-0.0038713822,-0.004038291,-0.0042272303,-0.003492073,-0.0039558844,-0.0036491712,-0.0038571786,-0.0032761423,-0.0042973417,-0.0037831294,-0.0036071427,-0.003788955,-0.003773587,-0.004278187,-0.0032737353,-0.0035821889,-0.003551939,-0.003326664,-0.003500195,-0.0034173452,-0.004066159,-0.004060727,-0.004237927,-0.0036659027,-0.0038512724,-0.0037783468,-0.0037421794,-0.0041675773,-0.0037938773,-0.00425611,-0.004067508,-0.0032241489,-0.004164762,-0.0037858796,-0.0038980949,-0.0031544196,-0.0041722776,-0.00420945,-0.0041878955,-0.003808934,-0.004067838,-0.0032884062,-0.004060271,-0.0038015367,-0.0031561651,-0.0039152848,-0.004170771,-0.0041198446,-0.0031545633,-0.0034068446,-0.004187967,-0.0034832193,-0.0040674787,-0.0042668846,-0.0037884803,0.99565786,-0.0031080055,-0.00405616,-0.0035649638,-0.003389751,-0.0031296443,-0.0034296634,-0.0032009326,-0.004118128,-0.004259306,-0.0037793308,0.9956167,-0.0037845704,-0.0033515785,-0.0043094177,-0.0033700687,-0.003991948,-0.0036452906,-0.0040268265,-0.0032650754,-0.004208802,-0.0038165697,-0.0033926805,-0.0036998133,-0.0031529835,-0.0031063762,-0.0038005072,-0.0031713697,-0.0032411718,-0.0031547428,0.0
