1,2,3,4,5,6,7,8,9,10,11,12,13,14,15,16,17,18,19,20,21,22,23,24,25,26,27,28,29,30,31,32,33,34,35,36,37,38,39,40,41,42,43,44,45,46,47,48,49,50,51,52,53,54,55,56,57,58,59,60,61,62,63,64,65,66,67,68,69,70,71,72,73,74,75,76,77,78,79,80,81,82,83,84,85,86,87,88,89,90,91,92,93,94,95,96,97,98,99,100,101,102,103,104,105,106,107,108,109,110
0.0,0.99723357,-0.0013955575,-0.0014193159,-0.0016659199,0.99649924,-1.0695429e-05,-0.0012463072,1.009033e-05,0.9972072,-0.0014634118,-0.0013956378,-0.0010970401,-0.0007827463,-4.2560873e-06,-0.0008302186,-1.4807319e-05,-0.0014083654,0.9971878,-4.7450676e-06,-0.0003158498,-0.0014561662,-0.0005090351,-6.453157e-05,-0.0006501965,-0.0011195015,-0.0015095143,-5.919972e-05,-0.0009236036,-0.00018109768,-0.00067267887,-1.3144204e-05,-0.0016588119,-0.00027001475,-0.0001521651,-0.00033294683,-0.00026627976,-0.0016298915,-0.00032908763,-0.000107832726,-7.341694e-05,6.905541e-06,-5.1328658e-05,2.2565941e-06,-0.0012093462,-0.0011979095,-0.0015163341,-0.00021173689,-0.0006326116,-0.00043582844,-0.00022699342,-0.0014349994,-0.00048217137,-0.0015658846,-0.0011925132,7.213515e-06,-0.00141196,-0.00028719404,-0.0007212942,-1.5870848e-05,-0.001435182,-0.0014620378,-0.0014394958,-0.00033750286,-0.0012152462,-2.620649e-05,-0.0011408863,-0.0003056855,2.6495086e-06,-0.00078906777,-0.0014266939,-0.0013061302,4.12042e-06,-1.897691e-05,-0.0014229625,-2.8232003e-05,-0.0012005062,-0.0015821533,-0.00047281277,0.9966249,-1.05687e-05,-0.0011680877,-0.00010340336,-3.084061e-07,-5.111131e-06,-1.9665793e-05,-2.5406891e-05,-0.001317368,-0.0015589535,-0.0005132694,0.99721414,-0.00044840155,-2.6250671e-05,-0.0016848108,-1.8099756e-05,-0.00088477967,-0.00019573471,-0.0010974221,2.0589605e-06,-0.0014757182,-0.0005516933,-1.8691253e-05,-0.00021144112,-1.5105816e-05,1.4704486e-06,-0.0003515635,-6.641959e-05,-1.595905e-05,5.760664e-06,1.984699e-06
0.0008019534,0.0,0.0011780243,0.0011648132,0.001208922,1.0016925,0.0004518054,0.0011055975,0.00027317036,1.002186,0.0011863349,0.001187162,0.0010840481,0.0010324406,0.00033139554,0.0010537847,0.00044011077,0.0011830356,1.002171,0.00043532113,0.00090438075,0.0011922023,0.0009821337,0.0007996623,0.0010226459,0.0010926395,0.0011834932,0.00081353483,0.0010479856,0.00087118783,0.001003242,0.0006745855,0.0012101968,0.00093253085,0.00081909273,0.0009418168,0.0009383465,0.0012027852,0.0001536606,0.0008033285,0.0008107375,0.0006745557,0.0008090192,0.0007567164,0.0010945624,0.0010989507,0.0012113636,0.00088683696,0.0010227038,0.00095611694,0.00095125806,0.0011444184,0.0009977202,0.0012237937,0.0010964257,0.00062254566,0.0011690924,0.0009393851,0.0010299794,0.0005333839,0.0011497817,0.0011926022,0.0011818836,0.0009387409,0.0010869763,0.0006921533,0.0011041234,0.00095406047,0.00025597317,0.0010413679,0.0011750814,0.0011220063,0.00044523578,0.0007457671,0.0011825071,0.0008009485,0.0011075991,0.0012137819,0.00095422356,1.0018195,0.00038908026,0.0010955343,0.00085094094,0.0007404508,0.00047881596,0.0007259188,0.0006149983,0.0011199928,0.0011960134,0.0009704444,1.0022118,0.0009813136,0.0007148721,0.0011986329,0.0007541733,-2.9511113e-05,0.0008705005,0.0010895602,0.0006386726,0.0011990736,0.0009989067,0.000743962,0.00089660066,0.00059784646,0.00044680925,0.00095383136,0.0001915986,0.00066369394,0.0005630379,0.0005918598
0.004033017,1.0018928,0.0,0.004601894,0.004640263,1.0008956,0.0033392732,0.0046263486,0.00331533,1.0016671,0.0046192687,0.0046236794,0.0045558475,0.0044683837,0.0033810441,0.004800392,0.0033405547,0.004648772,1.001551,0.0033710843,0.004216717,0.0046129967,0.004391636,0.0040731467,0.004407162,0.004582668,0.004635678,0.0041214186,0.004813711,0.0042572496,0.0043783626,0.0037273678,0.0046444037,0.004204373,0.004155896,0.0042486256,0.0042228308,0.0046373056,0.003271185,0.0041329535,0.0040888563,0.0037666776,0.004102796,0.0039183563,0.0045998045,0.004906524,0.0046142736,0.004234256,0.004415975,0.004321231,0.0041896338,0.0048345583,0.004343524,0.004626766,0.0045931395,0.0036496974,0.0046178964,0.004224433,0.0044540735,0.0035514974,0.0046073915,0.0046432684,0.0046191257,0.004254941,0.0046244715,0.0037281178,0.004874755,0.0042396383,0.003324131,0.00453914,0.004927607,0.0045947316,0.00339384,0.0039495416,0.0046620383,0.0040790187,0.0045589125,0.0046491795,0.0042739236,1.000795,0.0033609995,0.004563514,0.004185889,0.0039007352,0.0034051083,0.0038892324,0.0036125062,0.0046277023,0.004627307,0.004396668,1.0017326,0.0043260544,0.0038292382,0.004655797,0.0038920112,0.003250418,0.0041990895,0.004571866,0.003700939,0.00460858,0.0043816324,0.003949543,0.004226244,0.0036072512,0.0034400267,0.0042550457,0.0033482728,0.0037774013,0.0035196922,0.0036246788
0.0039767376,1.001796,0.004908079,0.0,0.004627501,1.0006617,0.0032518092,0.0047093537,0.003197989,1.0015169,0.0046143136,0.0046104454,0.004517133,0.0047555305,0.003240766,0.0047900183,0.0032770573,0.0047477987,1.0014287,0.0032663287,0.0041979235,0.0046011307,0.0043951664,0.0040167933,0.0043814555,0.0045567816,0.0046121064,0.0040361783,0.004798552,0.0041991356,0.004373098,0.0036496883,0.0046320446,0.004179188,0.004100696,0.004187044,0.004174892,0.0046201944,0.0031631272,0.004079892,0.0040282523,0.0037234558,0.0040245852,0.0038653756,0.004877822,0.0048970054,0.004917778,0.0041942378,0.0043881987,0.00428759,0.0041497983,0.004914803,0.0042896597,0.004598045,0.0045645135,0.0035588,0.004633488,0.0041767107,0.0044293776,0.003439434,0.0045865052,0.0046660565,0.0049017617,0.004218554,0.0048736758,0.0036448343,0.004848801,0.004188255,0.003225727,0.0046709017,0.004923434,0.0049016275,0.003278823,0.0038710341,0.0046845293,0.004014747,0.0048666107,0.0046257637,0.0042343778,1.0006756,0.0032436193,0.004863511,0.004109817,0.003829473,0.0033393202,0.003842846,0.0035102284,0.004904024,0.0046213726,0.00438229,1.0016187,0.0042811404,0.0037565206,0.0046490594,0.0038147045,0.0030865567,0.0041528745,0.0045523467,0.0036248602,0.0049098404,0.0043369518,0.0038703748,0.004181283,0.003502582,0.0032786634,0.00421175,0.0032111157,0.0036809063,0.003410373,0.0035058784
0.0054781246,1.004199,0.005537427,0.0055423137,0.0,1.0043113,0.005356056,0.0055640303,0.005387879,1.004165,0.0055305767,0.005542427,0.005567117,0.0055456758,0.0054013105,0.005551314,0.0053460514,0.0055519952,1.0041616,0.005370776,0.0054659885,0.005530876,0.0055099125,0.0054863063,0.0055310316,0.0055636815,0.005527432,0.0054720314,0.0055485843,0.0054862923,0.005534356,0.005377941,0.0055004084,0.0054508513,0.0054645506,0.0054647536,0.005447152,0.0055025406,0.005518052,0.0054722736,0.005475716,0.005393157,0.005474433,0.005435688,0.005572065,0.005570861,0.0055220025,0.0055093816,0.0055235336,0.005483937,0.005460137,0.005557907,0.005505365,0.0055167396,0.0055605504,0.005376981,0.005541308,0.005455834,0.0055430667,0.005363092,0.0055516213,0.0055358736,0.0055347206,0.0054723676,0.005568377,0.00537917,0.0055618365,0.005470183,0.0054360726,0.0055387123,0.0055366266,0.00556176,0.0053600534,0.005434353,0.005543737,0.0054745716,0.0055638724,0.0055133263,0.0054881396,1.0042374,0.00537147,0.005559925,0.0054935515,0.0054254467,0.0053438246,0.005428045,0.005374146,0.005574446,0.0055176443,0.0055059926,1.004189,0.005497456,0.0054080803,0.005491224,0.0054181335,0.0059188223,0.0054926444,0.005570597,0.00537014,0.005531982,0.0055211186,0.0054317005,0.0054839887,0.0053492687,0.005358958,0.0054721874,0.005512786,0.0053926953,0.005333867,0.005361215
-0.00079642225,1.0004485,-0.0007861544,-0.0008137815,-0.0007819575,0.0,-0.0008744031,-0.0008125819,-0.0010104626,1.0003618,-0.0008183625,-0.00077119976,-0.00079358235,-0.0008326182,-0.00094963686,-0.00081339333,-0.0009249176,-0.0007893198,1.0003462,-0.00088563585,-0.0008486242,-0.0007993083,-0.00082747557,-0.0008215486,-0.0008049891,-0.0008184514,-0.0008247611,-0.0008207746,-0.00083162443,-0.0008367606,-0.00082131545,-0.0008312219,-0.0007860076,-0.0007714439,-0.00086793094,-0.0007762871,-0.0007670524,-0.00079194055,-0.001036202,-0.0008828901,-0.0008345971,-0.00087823835,-0.0008118637,-0.00083220174,-0.00082038244,-0.0008098133,-0.0007576913,-0.0008126566,-0.000792186,-0.00081678946,-0.0007435122,-0.0008246302,-0.00077426736,-0.0007659961,-0.0008392765,-0.0008343309,-0.00080826535,-0.0007709981,-0.00081214285,-0.0008476586,-0.00079607364,-0.0007845095,-0.0008102304,-0.00077725085,-0.0008430381,-0.00079641805,-0.0007876749,-0.00075809186,-0.0009942341,-0.0008313271,-0.00078441267,-0.0008387453,-0.00090757624,-0.00083669624,-0.0007967393,-0.00083231856,-0.000814418,-0.00077635935,-0.000823145,0.99987096,-0.0009232216,-0.0008375137,-0.00078756455,-0.0008215823,-0.00088324107,-0.0008538632,-0.00082481187,-0.00081825966,-0.0008103857,-0.00084899756,1.0004064,-0.0007779923,-0.00083067745,-0.0008049334,-0.0007919161,-0.0011527924,-0.0008380816,-0.00081249245,-0.00087709475,-0.00077449,-0.00079447136,-0.00084986107,-0.00080576463,-0.00082183763,-0.00085112744,-0.0007915293,-0.0010123514,-0.00082900736,-0.00084673363,-0.00084351236
-0.0032785127,0.9964054,-0.00372253,-0.0037258724,-0.0037468649,0.9959217,0.0,-0.0036896968,-0.0032460745,0.9963806,-0.003733134,-0.0037220963,-0.0036533985,-0.0035693636,-0.0032197812,-0.003577951,-0.0031560082,-0.003725759,0.99635625,-0.003232686,-0.0034008075,-0.0037267064,-0.0034643277,-0.0032641895,-0.0035298893,-0.003674509,-0.0037372035,-0.0032954132,-0.0036014025,-0.003357752,-0.0035217882,-0.003173837,-0.0037464763,-0.0033614472,-0.0033197412,-0.0033830036,-0.003359682,-0.0037389642,-0.0034826624,-0.003315588,-0.0033076322,-0.003151532,-0.0032874632,-0.0032339676,-0.0036847433,-0.0036883592,-0.0037331148,-0.0033680259,-0.0035002239,-0.0034205064,-0.003361065,-0.0037280475,-0.0034632257,-0.003740416,-0.0036910463,-0.0031549218,-0.0037220796,-0.0033715863,-0.0035558557,-0.0031531022,-0.0037283197,-0.0037265464,-0.003723525,-0.003386957,-0.0036927823,-0.00319274,-0.0036774415,-0.0033827028,-0.003348689,-0.003568607,-0.003720741,-0.0037177268,-0.0031873337,-0.0032544315,-0.0037265734,-0.003284036,-0.0036815633,-0.0037369588,-0.0034284943,0.99605256,-0.0032120382,-0.003679722,-0.00333049,-0.0032170396,-0.0031309852,-0.0032205079,-0.0031578941,-0.0037189813,-0.0037267911,-0.00346617,0.99638385,-0.0034464744,-0.003201429,-0.0037458015,-0.0032113225,-0.0044217785,-0.0033620184,-0.0036649138,-0.0031600217,-0.003731703,-0.003492627,-0.003224692,-0.0033577508,-0.0031518922,-0.0032160785,-0.003404284,-0.003439961,-0.0031715734,-0.0031394428,-0.003129192
0.0027611183,1.0011765,0.0045623495,0.0045290105,0.004656097,0.9978188,4.74418e-05,0.0,-2.2248707e-05,1.0008346,0.0045728507,0.00455885,0.0043578767,0.0041487375,2.9085968e-05,0.0041871695,0.000104464845,0.0045647137,1.0006025,4.667964e-05,0.0034146542,0.004558759,0.003915685,0.0029013304,0.0040118,0.004409248,0.0046007847,0.0030686234,0.004204093,0.0035050944,0.00391221,0.0015142993,0.004656775,0.0034589153,0.0032121234,0.0036410727,0.0034907837,0.0046428605,3.6140537e-07,0.0031245335,0.0029505468,0.001571878,0.0029865156,0.0025000125,0.0044099595,0.004417778,0.0046009882,0.0033689057,0.004050696,0.003799617,0.0034513942,0.0045503867,0.003865339,0.0046286476,0.00445491,0.0011690373,0.004543059,0.0035869856,0.0041126297,0.00069239514,0.0045378604,0.0046000937,0.004566569,0.0035938718,0.004428253,0.0015256929,0.0043465775,0.0036069707,-2.094079e-05,0.004175704,0.0045290007,0.004487648,0.00014798716,0.00250501,0.0046003205,0.0029250013,0.0043943557,0.00464706,0.0037082399,0.99804926,-1.6763204e-05,0.00439997,0.0032788701,0.0022913446,0.00034051336,0.002340726,0.0010431093,0.0044990364,0.00461523,0.0039302385,1.0009124,0.0037921767,0.0022240195,0.00467476,0.0023695163,-2.0411104e-05,0.0033345483,0.0043759365,0.0014127885,0.004568685,0.0039505064,0.0026139792,0.0034329577,0.0009759782,0.00022976195,0.00364411,2.4302468e-05,0.0015904051,0.0007114896,0.0010724441
-0.0041128104,0.9959131,-0.0043676253,-0.0043775644,-0.004359183,0.99547815,-0.0040360834,-0.0043632286,0.0,0.99588144,-0.00437512,-0.00437257,-0.00434582,-0.0042944155,-0.0041064513,-0.004299758,-0.0040376605,-0.004378561,0.995858,-0.0040774397,-0.0041878163,-0.004372425,-0.00422278,-0.0041071363,-0.00426952,-0.004354527,-0.0043717558,-0.004107797,-0.004314615,-0.0041526975,-0.004277931,-0.0040228623,-0.004357934,-0.004146311,-0.004132574,-0.004160595,-0.004144414,-0.0043567815,-0.004346439,-0.0041367193,-0.004130202,-0.0040384014,-0.004105228,-0.004082091,-0.004363651,-0.0043652304,-0.004367605,-0.0041712676,-0.004251813,-0.0041861017,-0.0041532884,-0.004381935,-0.0042213434,-0.004366182,-0.0043615946,-0.0040136073,-0.0043734233,-0.004146208,-0.0042906534,-0.0040176245,-0.004381925,-0.004367324,-0.0043700356,-0.004167579,-0.0043677404,-0.004028142,-0.0043594185,-0.004166918,-0.00421336,-0.0042912387,-0.0043701967,-0.004381771,-0.004045025,-0.004078478,-0.0043714177,-0.0041224454,-0.004363043,-0.0043587345,-0.004207785,0.9955724,-0.004068339,-0.0043613305,-0.004139063,-0.004062097,-0.0040042624,-0.004066795,-0.0040139654,-0.0043792957,-0.0043602493,-0.0042213085,0.9958866,-0.004207008,-0.004053097,-0.0043539703,-0.0040554153,-0.0052285125,-0.004169766,-0.004354045,-0.00402819,-0.0043726643,-0.0042393133,-0.0040642354,-0.004158187,-0.004016705,-0.004049659,-0.0041784076,-0.0043013035,-0.0040108743,-0.0040012756,-0.0039985147
0.00056880125,1.00216,0.00089758786,0.0008821699,0.000933881,1.0015281,0.00026145016,0.00082954846,0.00010856563,0.0,0.00090253976,0.00090880395,0.0008136122,0.00076442445,0.00015726671,0.00078502006,0.0002471612,0.0009024518,1.0020792,0.00024417994,0.0006538146,0.0009100542,0.0007224634,0.0005635035,0.0007591471,0.00081702153,0.0009007406,0.0005737996,0.00077637634,0.0006232338,0.00073801633,0.00045307563,0.00093479204,0.0006863924,0.00057163916,0.00069342885,0.00069290877,0.00092593906,2.1555572e-05,0.00055703375,0.00056959013,0.0004506045,0.00057071116,0.0005229393,0.0008180713,0.000822697,0.0009338269,0.0006394182,0.00076276023,0.0007009484,0.0007073403,0.0008627052,0.0007423376,0.0009468277,0.0008163402,0.00040968033,0.0008869473,0.0006927747,0.0007647549,0.0003336508,0.00087043794,0.000914163,0.0008995102,0.0006917017,0.0008076483,0.0004724938,0.0008318667,0.00070788077,9.542954e-05,0.00077193644,0.0008961041,0.0008393877,0.00025141603,0.00051177747,0.00090316904,0.0005613753,0.00083133474,0.0009373289,0.00069644244,1.0016702,0.00020420022,0.00081678247,0.00061149447,0.00051155384,0.00028299185,0.0004945771,0.0004038014,0.0008416088,0.0009158681,0.0007085102,1.0021286,0.00072853063,0.00048800002,0.0009234007,0.00052692817,-0.00023545294,0.00062102196,0.0008157571,0.00041511294,0.000919843,0.00074042677,0.0005091717,0.0006515286,0.0003900081,0.00025738578,0.00070195063,4.803822e-05,0.00044551698,0.00035763404,0.00038212352
0.0045546866,1.0028602,0.004881027,0.004884562,0.0048777787,1.0024173,0.004189992,0.004888869,0.0042019077,1.0027148,0.0,0.0048860214,0.004865516,0.004810939,0.0042314017,0.004819649,0.004196808,0.004898751,1.002669,0.0042062597,0.0046480414,0.0048831296,0.004741525,0.004579737,0.004773231,0.00487081,0.004891171,0.004582123,0.0048241615,0.0046591205,0.0047665895,0.004366436,0.00488259,0.004621711,0.0046071773,0.00464932,0.0046240645,0.0048777377,0.004275947,0.0046033156,0.0045830877,0.0044061225,0.0045784093,0.004485481,0.0048855892,0.004876109,0.0048770322,0.0046629775,0.0047717593,0.0046966737,0.004622318,0.0049078814,0.0047215386,0.0048836074,0.004876702,0.004330048,0.004887105,0.0046342853,0.004801724,0.004272432,0.004892633,0.004897748,0.0048877583,0.004652889,0.004881898,0.004365621,0.0048577758,0.0046481537,0.004237555,0.004815442,0.004880791,0.0048904275,0.004206452,0.004486384,0.0049004066,0.0045758253,0.0048746825,0.0048866714,0.0046865963,1.002356,0.004198176,0.0048695304,0.0046285596,0.004467245,0.0042139157,0.0044705886,0.004307333,0.0049033733,0.0048826183,0.0047401413,1.0027715,0.0047036125,0.0044266717,0.004882601,0.0044598244,0.004712437,0.004641075,0.0048735244,0.0043509095,0.004882756,0.0047492976,0.004489961,0.004651129,0.0042889346,0.0042073736,0.004660745,0.004290011,0.004386031,0.004245923,0.0043005478
0.0040861764,1.0020218,0.004615299,0.0046162475,0.0046532983,1.0010724,0.0034637921,0.0046311105,0.0034440302,1.0018086,0.00463193,0.0,0.004579306,0.0044890707,0.0034854615,0.0044898405,0.0034848722,0.004656569,1.0016934,0.0034880626,0.004267065,0.0046263807,0.0044132974,0.0041217688,0.004428489,0.004594921,0.004646117,0.0041469573,0.004835087,0.0042808997,0.004420336,0.0038033763,0.0046536317,0.0042348946,0.0041995374,0.0042722975,0.0042433124,0.0046486063,0.0034227765,0.0041751834,0.004131234,0.0038706062,0.0041333823,0.003989332,0.0045916517,0.0049180808,0.0046220324,0.0042641703,0.0044493424,0.0043491204,0.004229764,0.0047192057,0.0043639094,0.004638214,0.004607427,0.0037248612,0.004631719,0.004253134,0.004480939,0.003620377,0.004629976,0.0046573286,0.0046290755,0.0042821886,0.004606013,0.003799017,0.004554457,0.0042667734,0.003465919,0.0045318357,0.0049390118,0.0046078498,0.0034910834,0.003983567,0.0046668584,0.0041227085,0.004580264,0.0046522627,0.004311982,1.0010349,0.0034612492,0.004580139,0.0042149527,0.0039633214,0.003532726,0.0039609964,0.0036857156,0.004631519,0.0046379697,0.004413446,1.0018715,0.0043408074,0.0038830945,0.00466612,0.0039429255,0.0038010457,0.004235621,0.00458574,0.003773845,0.004622532,0.004403734,0.0040016226,0.004260589,0.0036793645,0.003508294,0.0042844308,0.003481775,0.0038378397,0.0036023743,0.0036941404
0.0020312578,1.0010682,0.004118774,0.0040926966,0.0042582965,0.99745154,-9.485127e-06,0.003998909,2.4803738e-05,1.0007201,0.0041435715,0.004123855,0.0,0.0036331275,2.4324021e-05,0.0036732764,1.2169303e-05,0.0041201334,1.0004549,4.93802e-05,0.002916769,0.0041233087,0.0033636128,0.002234169,0.003473231,0.0039172433,0.0041833725,0.0022875986,0.0036917212,0.0028271,0.0033583008,0.001098643,0.0042587086,0.0028844078,0.0025993648,0.003049263,0.0029022133,0.0042460975,2.312855e-05,0.0024667133,0.0023412425,0.00104631,0.002230965,0.001758669,0.0039255256,0.003931515,0.0041795196,0.002740999,0.0035455972,0.0032292195,0.002876951,0.0040812744,0.0033237424,0.004219067,0.003954536,0.00051075954,0.0041011614,0.0029793556,0.003597252,6.3288394e-06,0.0041046743,0.004166287,0.0041103084,0.0029898852,0.0039443937,0.0011212861,0.0038631135,0.0030226214,-8.550559e-06,0.0036518872,0.004096732,0.004020536,1.0951055e-05,0.0016774852,0.00415522,0.00221043,0.0039159725,0.004236913,0.0031562175,0.99855804,1.2609662e-05,0.0039200173,0.0025812576,0.0016964667,5.9097387e-05,0.0016864927,0.000293884,0.0040321345,0.0041960035,0.0033827592,1.0008053,0.0032144715,0.0014223569,0.0042730216,0.0016545102,3.1288535e-05,0.0026971134,0.0038908948,0.0010351685,0.0041395426,0.003415277,0.0018127755,0.0028218182,0.00022998052,5.307029e-05,0.0030742711,2.7649176e-05,0.0012859488,8.3880004e-05,0.00066282094
0.0009940183,1.0018592,0.0031084672,0.0030724565,0.0032677548,0.998138,1.4957062e-05,0.0029477316,-7.602076e-06,1.0014908,0.0031467895,0.0031012471,0.0028347278,0.0,4.026847e-05,0.0026224316,3.9122613e-05,0.0030954052,1.0012959,1.3072405e-06,0.0018188114,0.0031226315,0.0023246023,0.0011410587,0.0024302676,0.0028729283,0.0031839032,0.0012039084,0.002627965,0.0017740763,0.0022920491,9.783688e-05,0.0032692857,0.0018542663,0.0015107462,0.0020037543,0.0018684869,0.0032553675,-8.101227e-06,0.0014000245,0.0012682796,0.0003614532,0.0011579064,0.0007124916,0.002883319,0.0028978514,0.0031956763,0.0016456556,0.002478323,0.0021828008,0.001862534,0.00303495,0.0022823927,0.0032330172,0.0029130206,2.0014284e-05,0.0030747645,0.0019560442,0.0025616335,2.9191302e-05,0.0030595474,0.003165477,0.0031028748,0.0019240112,0.0028980563,0.00016900209,0.0028217812,0.0019978674,4.0620384e-05,0.0026118602,0.003065687,0.0029816441,4.348695e-05,0.0006997523,0.0031394137,0.0011661416,0.0028684016,0.0032537102,0.0021051916,0.99867845,4.6261965e-05,0.0028781402,0.0015122973,0.00069297315,5.2542593e-05,0.00066497835,4.9016602e-05,0.0029938128,0.003197799,0.0023300305,1.0016394,0.0021716452,0.00044716147,0.0032758252,0.00067151553,-1.7713932e-06,0.0016374907,0.0028467136,5.0647417e-05,0.0031418095,0.0023793723,0.00073450705,0.0017720805,-4.5876263e-06,4.528651e-05,0.0020603666,6.538714e-06,0.00025095406,5.8060145e-05,6.150972e-05
-0.0040341723,0.9959611,-0.004307474,-0.004316153,-0.004303379,0.9955175,-0.003956821,-0.0042977487,-0.0040505715,0.995928,-0.0043151695,-0.0043123006,-0.004283616,-0.0042274743,0.0,-0.004233297,-0.0039582276,-0.0043157097,0.99591327,-0.004006803,-0.0041238116,-0.004310381,-0.004152693,-0.004028764,-0.0042044315,-0.0042924494,-0.0043135295,-0.004028872,-0.0042493627,-0.004074761,-0.0041951262,-0.0039442535,-0.0043038446,-0.0040771044,-0.0040680426,-0.0040916586,-0.0040742937,-0.0043007317,-0.004277883,-0.004065611,-0.0040600444,-0.0039637513,-0.0040368843,-0.0039994675,-0.004300733,-0.00430149,-0.0043085297,-0.0041008857,-0.0041826335,-0.0041181175,-0.00407694,-0.00432131,-0.0041524493,-0.0043092915,-0.004299458,-0.0039326497,-0.004314643,-0.0040738424,-0.004219203,-0.003934807,-0.004321613,-0.004308307,-0.0043098335,-0.004098026,-0.0043065,-0.0039681643,-0.004297462,-0.0040936577,-0.0041098683,-0.0042237523,-0.0043147462,-0.0043210494,-0.0039729266,-0.0039995546,-0.0043115593,-0.004036658,-0.0042996085,-0.0043009096,-0.0041238377,0.9956174,-0.0039921226,-0.004295235,-0.0040600244,-0.003989316,-0.0039405567,-0.004002478,-0.003931222,-0.004318626,-0.0043013007,-0.0041509606,0.99593407,-0.0041334266,-0.0039691622,-0.004298428,-0.003977461,-0.005155987,-0.004094461,-0.00429222,-0.003944912,-0.004313773,-0.004168048,-0.003996744,-0.004080448,-0.0039166543,-0.0039716368,-0.0041056746,-0.00419736,-0.0039384803,-0.003912851,-0.0038927468
0.0011288833,1.0017147,0.0032594323,0.0032286684,0.003428511,0.9981136,2.687054e-05,0.0031174647,1.2960369e-05,1.0013541,0.0032900635,0.003262306,0.0029935183,0.002740934,1.6715574e-05,0.0,2.3836717e-05,0.0032591936,1.0011237,3.5318444e-05,0.0019443012,0.0032743344,0.0024674353,0.0012974526,0.0025791067,0.0030451755,0.003333093,0.0013564635,0.0027895917,0.0019267902,0.0024413152,0.0001985483,0.0034226964,0.001977653,0.0016379679,0.0021690424,0.002004384,0.0034095647,2.816375e-05,0.0015475793,0.0014007139,0.00046977933,0.0013045872,0.00084617286,0.003044029,0.0030523904,0.0033532511,0.0017956351,0.0026416343,0.0023436192,0.002000458,0.0031963082,0.0024382141,0.0033829752,0.0030762115,4.777092e-06,0.0032280106,0.0021020384,0.002710084,1.3622144e-05,0.0032184897,0.0033160716,0.0032516762,0.0020833751,0.0030590685,0.00026096858,0.0029658247,0.002139845,7.3695114e-06,0.002758087,0.0032170764,0.0031325344,4.208608e-05,0.00079874997,0.0033047972,0.0013299136,0.003018056,0.0034053903,0.0022595508,0.9986168,-1.5126574e-05,0.003043633,0.0016656561,0.00080575177,2.3214534e-05,0.0007631225,4.979064e-05,0.0031573682,0.0033478045,0.0024832347,1.0014787,0.002340026,0.00054052187,0.003430708,0.000785435,1.2122569e-05,0.0017663508,0.003011396,0.00013809286,0.0032850332,0.0025301562,0.0008892584,0.0019049124,-7.981342e-06,-2.1857072e-06,0.0021927946,7.0099895e-06,0.0003754842,4.4947577e-05,-1.8528787e-07
-0.0033149817,0.9963864,-0.0037558177,-0.0037650394,-0.0037830668,0.9958908,-0.0031950974,-0.0037262323,-0.0032732093,0.9963584,-0.0037654578,-0.0037565043,-0.0036902642,-0.0036072847,-0.0032511915,-0.00361494,0.0,-0.0037659525,0.99633956,-0.0032286446,-0.0034252934,-0.003762189,-0.0035042227,-0.0033175114,-0.0035672449,-0.0037109123,-0.0037689935,-0.0033324256,-0.0036388747,-0.0034001316,-0.0035550746,-0.0031792184,-0.0037833354,-0.0034063202,-0.0033566859,-0.0034297502,-0.0033992892,-0.0037758413,-0.0034952064,-0.0033622277,-0.0033515324,-0.0031948357,-0.0033322466,-0.003264294,-0.0037296102,-0.003728984,-0.003768541,-0.0034123927,-0.003538016,-0.0034582242,-0.0034018022,-0.003767805,-0.0035097755,-0.0037761545,-0.0037202674,-0.003187037,-0.0037595057,-0.003406694,-0.0035930322,-0.0032242343,-0.0037657667,-0.0037636603,-0.003760447,-0.003441787,-0.0037333176,-0.003220607,-0.0037100122,-0.0034322592,-0.0034023693,-0.0036060736,-0.0037583525,-0.0037546244,-0.0032260676,-0.0032942547,-0.0037618834,-0.0033383002,-0.0037227713,-0.003774903,-0.0034697142,0.99603003,-0.0032423246,-0.0037163568,-0.0033678394,-0.003261298,-0.0031416172,-0.0032562045,-0.0031973186,-0.0037545657,-0.0037649618,-0.0035060295,0.9963652,-0.003488254,-0.0032465428,-0.0037777598,-0.0032530646,-0.0044609485,-0.0034045002,-0.0037038338,-0.0031895014,-0.003766915,-0.003528275,-0.0032671264,-0.003400073,-0.003192947,-0.003266796,-0.0034425347,-0.0034741526,-0.0032069928,-0.0031782992,-0.0031599838
0.003883705,1.0016139,0.0048741465,0.004860165,0.0045963237,1.0004231,0.003084185,0.00470151,0.003037621,1.0013492,0.004577986,0.0046054632,0.004803179,0.004699661,0.0031061452,0.0047848322,0.0030871588,0.0,1.0012248,0.0031110756,0.0041143117,0.0046116128,0.0043573654,0.003923746,0.0046283673,0.0045764884,0.004580665,0.0039683254,0.0047906386,0.0041382373,0.004303553,0.0035171765,0.0046033873,0.0041263932,0.004017813,0.0041273567,0.004130237,0.004590859,0.0029765721,0.00399793,0.003944678,0.0035937622,0.0039532245,0.0037543313,0.0049000117,0.0048763165,0.0048801242,0.0041259644,0.0043393928,0.0042416104,0.0040802457,0.005052955,0.0042287344,0.004563899,0.0045700977,0.0034309763,0.0048444117,0.0041198386,0.0043810178,0.0033165715,0.004871663,0.0046754703,0.0048676133,0.004171764,0.0048632133,0.0035245523,0.0048130173,0.004125499,0.0030660874,0.0046838983,0.004924637,0.004866716,0.0031225285,0.0037732855,0.0046948437,0.003929853,0.004871017,0.004605952,0.004502144,1.0003659,0.003092579,0.004824236,0.004047467,0.0037293397,0.0031613687,0.003716518,0.0033843757,0.0048724306,0.004606514,0.004344013,1.001424,0.0042314683,0.003639323,0.0046206466,0.00371496,0.002904859,0.004075399,0.004798139,0.0034942098,0.0048736334,0.004281185,0.0037789976,0.004123778,0.0033892498,0.0031606173,0.0041458555,0.0030591218,0.0035771993,0.0032778915,0.0033997598
0.0005010422,1.002124,0.0008142273,0.0007993759,0.00085232034,1.0014691,0.00020949733,0.00074826134,6.677778e-05,1.0020577,0.0008189767,0.00082697935,0.0007335713,0.0006853083,0.000112221824,0.00070625806,0.00019498258,0.00081998267,0.0,0.00019369331,0.00057934196,0.0008273433,0.00064570695,0.0004941669,0.00068263727,0.0007358941,0.00081654877,0.00050341897,0.00069664005,0.00055070885,0.00066316774,0.0003902745,0.0008530517,0.000615871,0.0004995481,0.00061970216,0.0006209343,0.000843433,-2.1186686e-05,0.00048541685,0.0004985005,0.00038466396,0.00050096377,0.00045688008,0.00073797227,0.00074232183,0.0008514119,0.00056666206,0.00068529765,0.0006259425,0.00063621043,0.0007801468,0.00066750625,0.00086532225,0.0007346903,0.00035107209,0.0008044635,0.0006207588,0.0006880714,0.00027674457,0.00078859396,0.0008322757,0.00081589544,0.000618551,0.00072629924,0.0004097403,0.0007520625,0.00063562294,6.0278413e-05,0.00069348264,0.00081308366,0.00075614353,0.0002004511,0.0004462398,0.0008198465,0.00049320026,0.0007506484,0.0008555469,0.00062255724,1.001616,0.0001577879,0.00073509535,0.00054112036,0.0004468979,0.0002291375,0.00042833367,0.0003454804,0.0007597817,0.00083341217,0.00063140655,1.002089,0.0006532781,0.00042446415,0.0008418309,0.00046283889,-0.0002899751,0.0005483963,0.0007349587,0.00035406384,0.0008376139,0.0006651927,0.00044098633,0.00057964795,0.00033314314,0.00020530097,0.0006295351,1.7135708e-05,0.00038155227,0.0003010383,0.00032283406
-0.0035695168,0.9962435,-0.003950652,-0.003963476,-0.0039706,0.9957754,-0.0035182242,-0.003934246,-0.003581718,0.9962129,-0.0039615147,-0.0039564385,-0.00391065,-0.0038323184,-0.003560907,-0.003841461,-0.0034852347,-0.0039641936,0.99620295,0.0,-0.00370069,-0.0039615687,-0.0037389619,-0.0035937047,-0.0037947358,-0.0039148745,-0.0039665014,-0.0035785213,-0.003860649,-0.0036309636,-0.00379846,-0.003476805,-0.0039692605,-0.003644713,-0.0036134515,-0.0036682654,-0.0036386496,-0.003965206,-0.0038075133,-0.0036104477,-0.003614675,-0.0035014446,-0.0035760058,-0.0035425355,-0.003937322,-0.003932104,-0.003960118,-0.0036614446,-0.003780331,-0.003698013,-0.0036468979,-0.003967212,-0.0037382864,-0.003966176,-0.00392508,-0.0034572158,-0.0039588786,-0.0036398314,-0.003822687,-0.0034783366,-0.003968965,-0.003956742,-0.003957347,-0.003673467,-0.00393756,-0.003468927,-0.0039210124,-0.0036650351,-0.0036267107,-0.0038275989,-0.0039589284,-0.0039579337,-0.0034866098,-0.0035301743,-0.0039576883,-0.0035827914,-0.0039311214,-0.003963665,-0.0037215182,0.99587417,-0.0035195395,-0.003927349,-0.0036026991,-0.0035219989,-0.003467135,-0.0035359222,-0.0034594224,-0.0039543035,-0.003960025,-0.0037401526,0.99622196,-0.0037180972,-0.00350796,-0.0039651096,-0.0035071059,-0.00472481,-0.0036538432,-0.003913865,-0.0034775108,-0.0039626956,-0.0037580316,-0.0035334548,-0.0036491242,-0.0034359728,-0.0034901162,-0.0036821747,-0.0037672818,-0.0034578193,-0.0034395866,-0.0034384744
6.21308e-06,1.000576,0.00039065123,0.00039504323,0.00047872253,0.9974408,-8.833406e-06,0.00028506937,2.5699568e-05,1.00027,0.00042670855,0.00036958163,0.00033508145,0.00023744724,1.9244546e-05,0.00026543642,1.5298192e-05,0.00035448992,1.0000763,3.918112e-05,0.0,0.00041849053,0.00012248656,3.7024114e-05,0.00018481868,0.00027486804,0.0004662359,3.855802e-06,0.00018896704,2.0898176e-05,9.410067e-05,2.6112302e-05,0.00047750096,7.37707e-05,1.090519e-05,7.288388e-05,1.6485117e-05,0.00043329262,2.4814222e-05,-1.4682163e-07,4.79586e-05,5.4665605e-07,1.4574252e-06,3.4684446e-05,0.00032742636,0.00028922313,0.00044317337,4.091562e-05,0.00024304568,0.000102400634,6.341969e-05,0.00033533716,0.00016131157,0.00044524256,0.00024884145,1.3284755e-05,0.00037425844,3.1583204e-05,0.00029135958,1.9508618e-06,0.00045469927,0.0003994571,0.00033491314,3.7976115e-05,0.00024491208,4.4738248e-05,0.00029830344,7.274691e-05,9.1647246e-07,0.00024906857,0.00038893457,0.00031938162,1.2655862e-05,6.6716843e-06,0.00041164487,3.721594e-05,0.00030727728,0.0003992074,0.00010546781,0.99796337,2.0580097e-05,0.00032118053,4.3203345e-05,2.4979795e-06,4.0154437e-06,3.0364215e-05,1.6816732e-05,0.00033002152,0.0004002677,0.00014350274,1.0003868,9.001441e-05,3.69173e-05,0.00051428744,3.398793e-05,1.19369815e-05,3.4775414e-05,0.0003088417,1.2676753e-05,0.000413167,0.00017730912,1.9769495e-06,8.61585e-06,3.4338165e-05,3.079757e-05,0.000109123845,2.1129856e-05,2.1249312e-05,5.9804156e-06,1.2777093e-05
0.004489842,1.0027202,0.0048449477,0.0048506046,0.004850727,1.0021974,0.004088482,0.0048574065,0.0040868954,1.0025505,0.004854938,0.0048533585,0.0048250053,0.0047679804,0.0041284594,0.004779041,0.0040880307,0.004867457,1.002511,0.0041029328,0.0045904247,0.0,0.004695785,0.004514181,0.0047271126,0.004834157,0.004857079,0.0045180377,0.0047856956,0.004604446,0.0047255764,0.004274158,0.0048528933,0.004565612,0.0045468207,0.0045960685,0.004567393,0.0048495606,0.00415767,0.004542767,0.004517719,0.004334769,0.004513293,0.0044179824,0.004849694,0.0048395563,0.004845579,0.0046086498,0.004727304,0.0046489374,0.0045724316,0.004879345,0.0046719797,0.0048507033,0.0048407298,0.0042416845,0.0048550703,0.004580827,0.004760246,0.004177588,0.0048599453,0.0048650587,0.0048532127,0.0046040434,0.0048468974,0.004276753,0.0048195645,0.004599341,0.004132913,0.004774025,0.0048445114,0.0048550814,0.004100446,0.0044208704,0.0048652473,0.0045123706,0.004842179,0.004854352,0.004643593,1.0021402,0.004094263,0.0048330566,0.0045692176,0.004391935,0.004118007,0.004399751,0.004221371,0.0048694825,0.0048561385,0.0046940567,1.0026197,0.0046561244,0.0043540285,0.0048539927,0.004388015,0.0045797923,0.0045884675,0.004835889,0.0042788545,0.0048505166,0.0047046533,0.0044194222,0.004599537,0.0042036786,0.004109431,0.0046096845,0.004175057,0.0043055867,0.0041517466,0.004213541
0.00024099264,1.0021653,0.0020312474,0.0019500562,0.0021537466,0.9981947,3.3641707e-05,0.0018683813,-1.0742323e-05,1.0019126,0.002052152,0.0020087198,0.0017256478,0.0015293623,4.259301e-05,0.0015497952,1.0289141e-05,0.0020137234,1.0016412,4.0274535e-05,0.0007679153,0.0020150195,0.0,0.00038896003,0.0013770632,0.0017856781,0.002083623,0.00050890044,0.0015264538,0.0008889371,0.0012292014,4.9608338e-05,0.0021322567,0.0009176874,0.00064692105,0.0010769133,0.00096466875,0.0021232741,9.270317e-06,0.0005560121,0.0004871561,4.3073807e-05,0.0004332112,8.2878665e-05,0.0017480473,0.0017713896,0.0021067325,0.00073252135,0.0014630591,0.0012300819,0.0009313406,0.0019065578,0.0013261945,0.002134297,0.0018149178,4.5662768e-05,0.0019659817,0.0010480235,0.0014872716,1.8556691e-05,0.0019168633,0.0020680337,0.0019988015,0.0010231792,0.0017840388,4.5717487e-05,0.0016996848,0.001074842,3.370025e-05,0.0015510462,0.001955184,0.0018865825,2.4351988e-05,9.943432e-05,0.0020512803,0.00038607998,0.0017418927,0.0021643871,0.0011330621,0.99863565,4.046681e-05,0.0017665952,0.00068772084,4.2035983e-05,4.8246195e-05,1.172586e-05,9.811738e-06,0.00187829,0.0020888986,0.0013838069,1.0019914,0.001228895,7.0691196e-05,0.0021512422,7.173353e-05,1.2993563e-06,0.00074019574,0.0017381823,-1.4906619e-06,0.0020436593,0.0013961962,0.00014148408,0.00083997374,4.4352277e-05,2.1296326e-05,0.0011400783,1.4421075e-05,8.801277e-06,1.31324405e-05,5.0157058e-05
-6.3825714e-06,0.9971783,-0.0011335089,-0.001158071,-0.0014270314,0.99647576,4.571259e-06,-0.00095790735,1.34008205e-05,0.9971616,-0.0012241282,-0.0011342259,-0.00079420407,-0.0004858612,-6.318227e-06,-0.0005255369,1.3356067e-05,-0.0011369266,0.9971037,-1.8422923e-05,-4.0799496e-05,-0.0012046545,-0.0001946253,0.0,-0.00037133525,-0.0008516057,-0.0012439255,-6.7481105e-06,-0.00063439057,-8.1963435e-06,-0.00037676096,-2.0380778e-06,-0.001417371,-1.271952e-05,-7.3196753e-07,-8.761828e-06,-5.8477934e-07,-0.0013855533,-2.1087044e-05,-1.5494074e-05,1.0190228e-05,7.2086445e-06,-1.2699651e-05,9.75124e-06,-0.00092297187,-0.00092533673,-0.0012767097,-6.5578415e-06,-0.00031244964,-0.00013145612,-3.1511015e-06,-0.0011868111,-0.00017928811,-0.0013224052,-0.0009218396,6.915786e-06,-0.0011503793,1.0855504e-05,-0.00043608402,1.5575142e-05,-0.001180266,-0.0012130601,-0.0011861847,-2.2863713e-05,-0.0009259142,2.5543968e-06,-0.00087431667,-3.3654985e-06,1.31004645e-05,-0.0004960694,-0.0011454186,-0.0010342551,1.0955947e-05,-1.9837651e-05,-0.0011661357,-1.700438e-05,-0.000932522,-0.0013291187,-0.00014784977,0.9965895,-2.3715868e-06,-0.000881992,-1.50546575e-05,-2.1150558e-05,-9.542686e-06,-1.8702125e-05,8.181526e-06,-0.0010552161,-0.0013038353,-0.00019338659,0.9971492,-0.00015725431,9.3503724e-07,-0.0014564769,-2.5516792e-06,-0.00048116673,-1.2253999e-05,-0.00082183623,-1.7217253e-05,-0.0012245354,-0.0002573326,1.7477408e-06,-1.31133465e-05,1.6084587e-05,-1.7529085e-06,-5.549482e-05,-1.6814694e-05,-5.3694744e-06,-1.3844068e-05,1.2626371e-05
0.0006425141,1.0021403,0.002557741,0.0025093916,0.0028206846,0.99832135,2.1611871e-05,0.0024195362,1.2014818e-05,1.0018021,0.0026390823,0.0025340705,0.0022802309,0.002071772,6.052724e-06,0.0020991918,2.1508808e-05,0.0025321275,1.0016136,4.969392e-06,0.0013293957,0.0026069256,0.0017879246,0.0007239869,0.0,0.0023277428,0.002657156,0.00080403825,0.0020988425,0.001282683,0.0017801931,2.3052344e-05,0.0028276248,0.0013800978,0.001032571,0.0015427633,0.0013983789,0.0027840813,2.3290168e-06,0.000962222,0.0008513983,2.6152478e-05,0.00076524983,0.00036083214,0.002321905,0.0023363743,0.0026982294,0.0011798529,0.001954488,0.0016789869,0.001400251,0.0024874131,0.0017559588,0.0027696595,0.002353918,5.345126e-05,0.002518564,0.0014800268,0.0020365047,5.7391444e-05,0.0024866979,0.002652851,0.00254891,0.0014515006,0.0023445578,1.429487e-05,0.0022653372,0.0014999991,6.565353e-08,0.0020840731,0.0024880222,0.0024459253,3.0598156e-05,0.00037969113,0.002580881,0.0007561336,0.0023075598,0.0027805408,0.0015936706,0.9989214,4.671327e-05,0.0023255488,0.0010589674,0.00034783335,5.080376e-06,0.00032352703,2.4692172e-05,0.0024599128,0.0026774672,0.0017972281,1.0019448,0.0016844791,0.00016742382,0.0028329582,0.00033538137,-1.370196e-06,0.001161526,0.0022978738,8.127602e-06,0.0026301448,0.0018417136,0.00040593895,0.0012774122,3.236815e-05,-3.4269635e-06,0.0015542012,2.3386036e-05,7.203744e-05,2.6588386e-05,2.3563318e-05
0.002157979,1.0012987,0.004245797,0.004206168,0.0043671057,0.9974321,2.3112802e-05,0.004125769,2.2750895e-05,1.0005527,0.004260916,0.0042400574,0.003990909,0.0037647618,-1.721668e-05,0.0038052762,4.344606e-05,0.0042416835,1.000344,1.4237719e-06,0.0029124147,0.0042405156,0.0034971219,0.002283736,0.0035997112,0.0,0.0042875614,0.0024716174,0.0038025402,0.0030412737,0.003478846,0.0011387971,0.004369602,0.0030093517,0.002706182,0.0031787283,0.0030337821,0.004353252,-1.445661e-05,0.0025904104,0.0024262941,0.0010298215,0.00239764,0.0018433018,0.0040478883,0.004065941,0.004306016,0.0028453418,0.003635997,0.0033510327,0.0029944936,0.0042038993,0.0034566144,0.004335558,0.0041039707,0.0005980223,0.00421215,0.003141584,0.0037203976,-2.1635817e-05,0.0042051566,0.0042951196,0.004240477,0.0031433727,0.004072599,0.0012790483,0.0039883023,0.0031788587,4.2363714e-05,0.0037928885,0.004194349,0.004148667,-1.0204412e-05,0.0018881845,0.004285657,0.002366772,0.0040368256,0.0043535684,0.0032382167,0.99800205,-9.068993e-06,0.004045612,0.0027929572,0.0017843634,3.7498805e-05,0.0017361053,0.00038506507,0.004156602,0.0043047685,0.0035132451,1.0010467,0.003364501,0.0015142941,0.0043820436,0.0017897846,2.2396958e-05,0.0028247137,0.00402152,0.00076710846,0.004260426,0.0035420805,0.0019465194,0.0029432825,0.00035679058,4.959741e-05,0.0032148268,-9.618287e-07,0.001067723,7.4566844e-05,0.00051606854
0.004796438,1.0032713,0.005035684,0.0050379825,0.0050187693,1.0030555,0.0045305667,0.0050454885,0.004558091,1.0031724,0.005037039,0.005040192,0.005035609,0.004988989,0.0045793257,0.0049972064,0.004531182,0.005049795,1.0031381,0.004549703,0.0048585366,0.005035065,0.00493046,0.004818355,0.004956035,0.0050348924,0.0,0.004816238,0.004998343,0.004870025,0.0049545895,0.004646555,0.005021717,0.0048332238,0.004829115,0.004859826,0.0048352485,0.005020337,0.0046515707,0.0048290007,0.00481804,0.004675668,0.004814793,0.004743586,0.005046868,0.00504153,0.0050274786,0.0048759007,0.004956995,0.004891933,0.004835042,0.0050563025,0.0049165515,0.0050302586,0.0050399844,0.0046212072,0.005039303,0.00484157,0.004980601,0.0045865453,0.0050467546,0.0050455993,0.0050382474,0.004859265,0.0050442526,0.0046427166,0.005026639,0.0048556356,0.004598874,0.004990249,0.0050347033,0.005049062,0.0045430795,0.0047427453,0.0050474387,0.00480917,0.005037157,0.005031761,0.004891471,1.0029818,0.0045457073,0.0050355815,0.0048511717,0.0047304,0.004541493,0.0047289194,0.0046037207,0.0050608465,0.005028317,0.0049285386,1.0032129,0.004899754,0.0046906397,0.005020802,0.0047173235,0.0051004337,0.0048596645,0.005037834,0.004633565,0.005035718,0.004941324,0.004739836,0.0048637697,0.00458583,0.0045427526,0.004864415,0.004666223,0.004662529,0.004554136,0.004596441
6.2155045e-06,0.9971563,-0.0011139438,-0.0011859274,-0.0014489975,0.9964875,-1.7454837e-05,-0.00094145973,-4.6542264e-06,0.99716055,-0.0012273801,-0.0011403899,-0.0008279711,-0.0005087143,-8.326441e-06,-0.00055890164,-4.1351323e-06,-0.0011366466,0.9970985,-8.559838e-06,-0.00020739224,-0.0012295807,-0.00019168766,1.2420968e-06,-0.00038709087,-0.00083266577,-0.0012615598,0.0,-0.00067308405,6.517768e-06,-0.00042686786,3.1829177e-07,-0.0014247659,2.78971e-06,3.0816666e-06,-3.2014548e-06,-1.1941306e-05,-0.0013981987,-8.532051e-05,-7.768502e-06,-1.671518e-05,-4.3851123e-06,-1.436457e-05,-5.272172e-06,-0.000952255,-0.00093697157,-0.0012760127,-3.4671876e-07,-0.00035817147,-0.00016074954,7.4195823e-06,-0.0012046915,-0.00019120709,-0.0013246128,-0.0008967933,-1.9983568e-06,-0.0011688971,-8.467983e-06,-0.00048043695,1.0597822e-05,-0.0012407843,-0.0012085573,-0.001182068,-1.3969665e-05,-0.0009312349,2.454637e-06,-0.00088783907,-1.18606e-05,1.9368892e-06,-0.0005047368,-0.0011752477,-0.0010247771,4.587843e-06,-6.9293224e-06,-0.0011583014,-7.751627e-06,-0.00096414034,-0.0013200886,-0.00019917068,0.9965427,-1.8409414e-06,-0.00090036483,5.9022796e-06,8.551175e-06,-1.6487083e-05,-4.157242e-06,9.61208e-06,-0.0010584887,-0.0013240835,-0.00019138206,0.99713445,-0.00015340575,-1.5593498e-05,-0.0014663552,-8.271794e-06,-0.00046868878,-2.6425534e-05,-0.0008346008,-1.4942193e-05,-0.0012350723,-0.00026602327,-1.8995068e-05,-9.507908e-06,-5.171513e-07,-1.7087308e-05,-7.562736e-05,1.786351e-05,5.677594e-06,-2.1348678e-05,2.234391e-06
0.001377647,1.0015737,0.003478348,0.0034717354,0.0036713213,0.9981345,4.328149e-05,0.0033490013,3.2525404e-05,1.001117,0.0035420246,0.003492238,0.0032359743,0.0029964363,1.6198615e-05,0.0030308287,3.8934577e-05,0.0034913814,1.00094,4.463613e-05,0.0021075413,0.003514307,0.0027161029,0.0015658614,0.002845636,0.0032548523,0.0035567807,0.0016163632,0.0,0.0021417323,0.0028343697,0.0005608357,0.0036642256,0.0022369963,0.001879852,0.0023767047,0.0022846824,0.0036527864,-1.1741038e-05,0.0017774694,0.0015963411,0.00071730564,0.0015376256,0.0012086031,0.0032784378,0.0032940113,0.0035950076,0.002061014,0.0028648432,0.0025964745,0.002231111,0.003452234,0.0026611364,0.0036223072,0.003304724,0.00028117193,0.003480555,0.0023468148,0.0029503943,1.0171268e-05,0.0034653423,0.0035506163,0.0035136417,0.0023289965,0.0033154886,0.00049815566,0.0032385082,0.0023601707,-6.8450295e-06,0.0030021656,0.0034621486,0.003380279,2.040413e-05,0.0011033553,0.0035206436,0.0015753174,0.0032894092,0.003649101,0.0025854579,0.9986985,2.0476423e-06,0.0032846404,0.0018802019,0.0010363235,1.7733704e-05,0.0010892239,8.7196546e-05,0.0033950396,0.003600943,0.002718147,1.0013139,0.0025754352,0.00081634836,0.0036697527,0.0010121301,-1.1239538e-05,0.0020341848,0.0032516988,0.0005119288,0.0035365783,0.0027678118,0.0011574931,0.0021518916,7.402002e-05,2.5508103e-05,0.0024339198,-5.7074644e-06,0.00058497733,3.595528e-05,0.00010506896
1.6399568e-05,0.997757,3.1315196e-06,1.1834409e-05,-5.3720278e-06,0.99668384,-2.582062e-06,1.6967406e-05,-1.493202e-07,0.99771017,7.826226e-06,6.261531e-06,2.0535455e-05,-8.308168e-06,-2.148569e-06,-6.262308e-06,9.685609e-06,1.6320044e-07,0.9976138,2.3023774e-06,2.801582e-05,2.9996616e-05,2.2308473e-05,-4.624357e-06,1.0045643e-05,2.087911e-05,1.3473056e-05,-8.4678295e-06,2.398976e-05,0.0,-4.80455e-06,2.9533316e-05,2.7216714e-05,-5.231283e-06,1.6093303e-05,1.7998533e-05,2.06231e-05,1.0446627e-05,-8.407418e-06,-7.412191e-06,8.586212e-06,-1.0116476e-06,-1.5217139e-06,-5.8572364e-06,2.3888026e-05,1.8703166e-05,1.4163998e-05,1.2061277e-05,2.8877073e-05,-5.6862095e-06,-2.466059e-06,1.1647828e-05,2.4572897e-05,1.1325041e-05,-7.481365e-07,8.239297e-06,-6.698612e-06,2.0054984e-05,1.9105568e-05,-4.4134686e-06,-5.00842e-06,-3.2379253e-06,2.4932235e-05,2.0661968e-05,6.4855526e-06,5.9450576e-06,3.239032e-06,3.1000756e-05,-1.329582e-05,4.9747205e-06,7.343846e-06,2.9501105e-05,7.254796e-06,-4.772699e-06,5.8892947e-06,8.7548335e-07,1.3779628e-05,2.2981638e-05,1.2041592e-05,0.99672306,1.791389e-05,8.270701e-06,2.5632839e-05,1.4747513e-05,-9.713804e-06,1.3250637e-05,2.4850384e-05,-6.2845544e-08,2.6365584e-05,1.9121888e-05,0.9976955,-6.5856157e-06,2.7146452e-05,9.973636e-06,1.8358889e-05,2.122147e-05,2.9501884e-05,-2.2506538e-06,2.4095309e-05,-9.255373e-06,1.8015446e-05,-4.9067544e-06,-2.964651e-06,-2.549912e-06,1.924849e-05,7.308408e-06,1.5382121e-06,3.072179e-05,-7.4699246e-06,-6.8912955e-06
0.0004028697,1.0019646,0.0023567423,0.002378722,0.0026588554,0.9979495,4.5737866e-05,0.00217463,2.6903537e-05,1.0014637,0.002477435,0.002380768,0.0020704174,0.0018615876,1.4939865e-05,0.001897665,3.5486355e-05,0.0023683393,1.0014138,-1.1178276e-05,0.00093788194,0.0024621158,0.0015800846,0.0005593549,0.0017293964,0.00210992,0.0024887584,0.0005899449,0.0019796772,0.0010073887,0.0,3.0252162e-05,0.002643418,0.001154116,0.000801262,0.0011791434,0.0012353774,0.0026192875,-7.753597e-06,0.0006819691,0.0005488549,7.186047e-05,0.00045831327,0.00042247737,0.002143475,0.0021836876,0.0025194862,0.0009339806,0.0017566853,0.0014608934,0.0011776587,0.0023100614,0.0015157177,0.0026055998,0.0021476767,2.3825418e-05,0.0023809588,0.0012494616,0.0018634783,4.6272446e-05,0.0023310336,0.0024531493,0.0024270448,0.0012068696,0.002187703,5.5599357e-05,0.0021489686,0.0012665921,-7.0705014e-06,0.0018711031,0.0023507176,0.0022443773,1.2352336e-05,0.00022693574,0.0023890967,0.0005786393,0.0021813181,0.002577537,0.0016161649,0.9987801,2.0619455e-05,0.0021630258,0.0007555881,0.00011530507,2.527956e-05,0.00020098235,1.49558e-05,0.0022573783,0.0025391632,0.0015635646,1.0017352,0.0014333222,1.1895972e-05,0.0026353365,0.00013396695,9.761893e-06,0.0009565968,0.00207553,8.658467e-06,0.0024816482,0.0016503838,0.00018570281,0.0010920945,-2.3559817e-06,2.581752e-06,0.0013980666,-5.018999e-06,3.009708e-05,1.853668e-05,1.1630451e-05
-0.0013823927,0.9971948,-0.0023488703,-0.0023629046,-0.002497002,0.99654555,-0.0012332607,-0.0022533021,-0.0012828239,0.99716955,-0.0023842244,-0.002344072,-0.0021523845,-0.0019620203,-0.0012443882,-0.0019893409,-0.0011513107,-0.0023576608,0.997143,-0.0012092844,-0.001679108,-0.002389133,-0.001761044,-0.0013959265,-0.001879052,-0.002193021,-0.0024011116,-0.0013883093,-0.0020321042,-0.0015250957,-0.0018312003,0.0,-0.0024943533,-0.0015821534,-0.0014786884,-0.0016359999,-0.0015615571,-0.00247442,-0.0015928355,-0.0014686566,-0.0014543155,-0.0012578316,-0.001402913,-0.0012749562,-0.002251622,-0.002244552,-0.002418148,-0.00153795,-0.0018385444,-0.0016897327,-0.0015697138,-0.0023786426,-0.0017624256,-0.0024411588,-0.0022235848,-0.00115521,-0.0023565916,-0.0015802599,-0.001939153,-0.0012337479,-0.0023697237,-0.0023871418,-0.0023715748,-0.0016381098,-0.0022417877,-0.0012285636,-0.002188073,-0.001636514,-0.0013124228,-0.0019686425,-0.0023576496,-0.0022975304,-0.0012162501,-0.0013188235,-0.0023646604,-0.0014060787,-0.0022284624,-0.002442624,-0.0016976516,0.9967066,-0.0012160687,-0.002212017,-0.0014601769,-0.0013042277,-0.0011412397,-0.0013047116,-0.0011837572,-0.0023063328,-0.0024385764,-0.0017574553,0.99717844,-0.0017277658,-0.0012925408,-0.0025036468,-0.001297741,-0.0024581517,-0.0015405869,-0.0021744545,-0.0011930547,-0.0023910778,-0.0018074301,-0.0013054161,-0.0015506484,-0.0011803126,-0.0012432153,-0.001654346,-0.0014587834,-0.001196161,-0.0011723937,-0.0011313098
0.0054586157,1.0041778,0.005522267,0.0055274004,0.005483867,1.0042895,0.005334917,0.005548444,0.0053700204,1.0041442,0.005516791,0.0055267015,0.0055520274,0.005529982,0.0053854384,0.005533593,0.0053263744,0.0055362317,1.0041379,0.005349618,0.0054500373,0.0055164625,0.0054957443,0.0054696286,0.0055172117,0.005548613,0.0055131675,0.0054571717,0.005532265,0.0054703895,0.00551725,0.005360738,0.0,0.005432622,0.0054461095,0.0054501467,0.005432722,0.005489293,0.005498194,0.0054554273,0.0054601035,0.005373923,0.0054608383,0.0054188813,0.0055580437,0.005554806,0.005507535,0.0054935883,0.005509262,0.005469123,0.005444142,0.0055443477,0.0054936437,0.0055030463,0.005545995,0.005360742,0.005526511,0.0054383916,0.0055274717,0.0053441096,0.0055373684,0.005520562,0.005521697,0.0054566967,0.0055544707,0.005360346,0.0055475784,0.0054538143,0.005417026,0.0055240975,0.0055232914,0.0055479286,0.005342519,0.00541823,0.005528843,0.0054584676,0.0055491203,0.0055006896,0.0054734494,1.0042136,0.005350139,0.005545651,0.005478461,0.00540789,0.0053248326,0.005410732,0.005355199,0.0055591734,0.0055025285,0.0054918774,1.0041653,0.005483503,0.0053886045,0.0054774494,0.0053981594,0.005904789,0.0054751844,0.0055566044,0.0053550643,0.005517047,0.0055065057,0.0054123173,0.0054671695,0.0053328755,0.005338754,0.005453533,0.0054921885,0.0053756516,0.0053170146,0.0053400435
5.6601362e-05,1.0011083,0.00044587546,0.0004352658,0.0004336401,0.9979373,1.2392003e-05,0.00038429332,2.2581407e-05,1.0007927,0.00044302002,0.0004400349,0.0003729638,0.0003184555,3.3926328e-05,0.00030296206,2.035161e-05,0.00042220796,1.000621,1.6865251e-05,8.712105e-05,0.00041832397,0.00025827572,5.0677783e-05,0.00027387298,0.00038342192,0.0004548117,9.354859e-06,0.00029413405,0.00010891561,0.000215167,3.5296085e-05,0.00044231053,0.0,1.4041463e-05,0.00016670003,0.00013777538,0.00045639873,1.9396994e-05,2.0008396e-05,3.5549867e-05,1.214908e-05,5.8070218e-05,4.8137736e-05,0.00037632335,0.0003625592,0.0004595194,4.4773828e-05,0.00027505538,0.00022260378,0.00013247172,0.0003862713,0.00024968237,0.00048960757,0.00037438268,2.3118018e-05,0.00041981495,0.0001761974,0.00031077978,2.6115007e-05,0.00041183556,0.00046811064,0.00042560181,0.00013329856,0.00039298253,1.347938e-05,0.00035110043,0.00017686479,-1.0136413e-06,0.00031770152,0.00042537774,0.00040388815,5.2512337e-07,4.4109875e-05,0.00045451277,5.982505e-05,0.00037910035,0.00049233495,0.00018058714,0.99829066,3.2964872e-05,0.00036212034,2.0508118e-05,3.178284e-05,4.0613966e-05,4.579551e-05,3.6253634e-05,0.00039245008,0.00046279145,0.0002525835,1.0009435,0.00019326224,2.9025005e-05,0.00045168836,2.660754e-05,4.054164e-06,3.689631e-05,0.0003754233,1.645224e-05,0.0004423071,0.00026681297,5.8939488e-05,0.00010590246,3.3384676e-05,4.2178577e-05,0.00019612926,3.216618e-05,4.4623892e-05,4.8640304e-05,6.1830283e-06
-2.5929232e-05,0.99719244,-0.0002311963,-0.0002758504,-0.0005869223,0.9964345,-2.1104217e-05,-7.397002e-05,-1.2712532e-05,0.99717134,-0.0003336537,-0.00023070468,-2.0210571e-05,-5.4814836e-06,9.4620255e-08,-1.4367522e-05,-1.5224771e-06,-0.00025059472,0.9971105,-1.3644309e-05,-1.110594e-05,-0.000335796,-1.1143642e-05,-4.5798092e-06,-2.7416145e-05,-4.7290705e-06,-0.0003625705,-4.8782117e-06,-1.3603986e-05,-2.1877177e-05,1.8744176e-07,-2.8568684e-06,-0.0005750145,3.576772e-06,0.0,-7.0166134e-06,-2.7047861e-05,-0.0005359798,-3.1281e-09,-1.6043621e-05,-4.777202e-06,9.584691e-06,7.835837e-07,-1.5853879e-05,-4.9028535e-05,-3.0671094e-05,-0.00039697438,-2.6855501e-05,1.3454016e-06,2.9684713e-06,2.285843e-06,-0.00032634242,4.7809904e-06,-0.00044700582,-8.3121347e-07,8.4112835e-06,-0.0002679726,-7.3647875e-06,5.0805825e-06,-7.0649576e-06,-0.0003019398,-0.00032155417,-0.0003136005,-2.3452849e-05,-3.4245404e-05,-1.6029704e-05,-6.3078337e-06,-1.7805325e-05,2.062682e-06,-1.9653775e-05,-0.00027237428,-0.00013097709,-1.8296225e-05,-2.339596e-05,-0.00025414463,-1.3867696e-05,-3.834758e-05,-0.00045904826,-3.1100462e-05,0.9965246,1.2268492e-05,-3.257542e-05,5.6096815e-06,-1.21751755e-05,-1.01784635e-05,-2.2127018e-05,-9.726791e-06,-0.00016138534,-0.00045142454,-1.417467e-05,0.9971582,-2.3365385e-05,1.1346939e-05,-0.00062232633,7.229743e-06,-1.9400315e-05,-1.948944e-05,-3.3471195e-05,8.38835e-06,-0.00034184474,-2.676079e-05,-6.864589e-06,-1.674103e-05,5.982076e-06,1.5131454e-05,7.804786e-06,1.175462e-05,-1.49509615e-05,-2.17272e-05,-3.2795438e-06
7.886294e-06,1.001617,0.0009434684,0.0008253323,0.0009138434,0.9981542,3.2387066e-05,0.0008474491,3.4249995e-05,1.0013962,0.0008727145,0.00087777304,0.00072431966,0.0006249231,1.727062e-05,0.00064552104,-1.2583754e-06,0.000876929,1.0010659,-1.0670859e-06,0.00015800171,0.0008343866,0.00053537963,-1.7257184e-06,0.0005563981,0.0007777834,0.0008940164,0.00010383343,0.0006144653,0.00030390336,0.00036297127,4.050289e-05,0.0009447244,0.00029594626,0.00012866115,0.0,0.00033216993,0.00094304525,8.445199e-06,9.724803e-05,5.653524e-05,2.9692671e-06,5.834945e-05,1.7394159e-07,0.0007553503,0.00074916286,0.0009336592,0.00021983986,0.00059470185,0.00049610273,0.00033022847,0.00081350515,0.0005523656,0.00092200056,0.000778734,2.0851261e-05,0.00083328015,0.0004156199,0.00058407296,2.5441772e-05,0.00079925207,0.00091955165,0.00084736716,0.00039841683,0.0007686369,2.1180178e-05,0.0006934067,0.0004087333,-6.475379e-06,0.00064635044,0.0008313321,0.00081102236,-2.8218342e-06,-1.2765798e-05,0.0009140962,-6.7482324e-06,0.00071030186,0.0009690013,0.00036927755,0.99844366,1.8809607e-06,0.0007455451,0.00020834946,1.9658812e-05,3.6823894e-05,2.7421285e-05,1.0649454e-05,0.0008100563,0.00090842944,0.00055508467,1.00145,0.00050607306,4.6240697e-05,0.00090311206,3.6306363e-05,-9.917859e-06,0.00019853676,0.00073732727,-1.3926337e-06,0.00085204304,0.0005658029,4.6846002e-05,0.00026977633,-9.027776e-06,-7.915276e-06,0.00040326157,2.664637e-05,3.2429103e-05,-3.7544737e-06,3.9261686e-05
3.9285675e-05,1.0011946,0.00048152977,0.000433549,0.00047220255,0.9979837,1.0437153e-05,0.00044809893,2.5166387e-06,1.0009272,0.0004722885,0.00048388058,0.00043289855,0.00034372666,5.7315683e-06,0.00033949842,3.6891935e-05,0.0004751347,1.000694,3.533921e-06,6.977424e-05,0.00044588963,0.0002967933,5.1845793e-05,0.00029482026,0.00043417545,0.0004868769,-5.010658e-06,0.00033549455,0.00014638004,0.00025661525,5.7756597e-06,0.00048362854,0.00017325152,6.3897445e-05,0.00018711496,0.0,0.0004970533,1.5884994e-05,1.5375055e-05,1.1230514e-05,2.5460557e-05,2.0521993e-05,3.403738e-05,0.00039764083,0.00041496922,0.0004957684,8.885878e-05,0.00032864415,0.00025336904,0.00017870193,0.00042456854,0.00026498624,0.0005037567,0.00042111555,1.0582366e-05,0.00044891713,0.0001999766,0.00032786452,3.787154e-05,0.00043060188,0.00050468236,0.00045819327,0.00019378893,0.00038646767,3.553069e-05,0.0003796226,0.00020021538,2.8568704e-05,0.0003435684,0.00046859655,0.00044951268,2.0359272e-05,6.7329165e-06,0.0005074971,8.273916e-06,0.00039888066,0.00051749934,0.00021952717,0.9983472,1.7143082e-05,0.00039777238,5.3043368e-05,6.7022647e-06,2.3686345e-05,4.02319e-05,1.6434504e-05,0.00044098136,0.0005084405,0.0002927466,1.0010272,0.00025757425,-2.8231584e-06,0.00046522426,8.373223e-06,1.3381477e-05,8.081032e-05,0.0004310614,2.3203083e-06,0.0004651748,0.00028940607,5.0368762e-05,0.00010345716,-6.1735755e-06,-1.4588869e-07,0.00020108328,-7.7712475e-06,3.2068626e-06,2.7116257e-05,-8.927402e-07
0.0053836238,1.0040805,0.0054640085,0.005467825,0.005427563,1.0041697,0.00524639,0.00548711,0.0052782004,1.0040426,0.005458334,0.005468371,0.005489882,0.005465367,0.005297166,0.0054689464,0.005239317,0.0054776375,1.0040315,0.005262818,0.0053795273,0.005457144,0.005429915,0.0053927596,0.0054512117,0.0054874113,0.0054567955,0.0053859684,0.0054682163,0.0054003764,0.0054508545,0.005279844,0.0054311017,0.0053644227,0.005374847,0.005381567,0.005362396,0.0,0.0054087024,0.005383218,0.005384611,0.0052986536,0.0053873267,0.005341532,0.005497193,0.005492313,0.0054482967,0.0054207966,0.00544518,0.0054013385,0.0053714,0.0054856515,0.0054234667,0.005447356,0.005484484,0.005278722,0.0054677664,0.005366965,0.0054613966,0.0052610417,0.005475812,0.0054646055,0.0054631447,0.005386,0.0054934244,0.0052767214,0.0054845465,0.005382827,0.0053276015,0.005460938,0.0054633515,0.005486691,0.0052536866,0.0053424425,0.005472286,0.0053849816,0.005487152,0.0054444573,0.0054051187,1.004091,0.00526616,0.0054849,0.005405954,0.0053312313,0.0052383835,0.00533149,0.0052708085,0.005497995,0.005445153,0.0054249554,1.0040638,0.005414719,0.005310715,0.005422933,0.0053243586,0.0058190227,0.0054020556,0.0054930174,0.0052730558,0.0054597184,0.0054383473,0.0053372695,0.005399751,0.0052498938,0.005252049,0.0053838347,0.005401704,0.005294203,0.0052326773,0.0052581234
-0.0048398725,0.9954362,-0.0049577462,-0.0049674953,-0.004917465,0.99500304,-0.0047981194,-0.004969817,-0.004880118,0.99539167,-0.0049565323,-0.0049642073,-0.004967181,-0.0049397405,-0.004861073,-0.004940827,-0.004799811,-0.0049686413,0.995372,-0.0048458944,-0.0048702923,-0.004954806,-0.0048924447,-0.0048332894,-0.004924812,-0.0049742586,-0.0049507297,-0.004837611,-0.0049481275,-0.0048593786,-0.0049266736,-0.004774569,-0.004916019,-0.0048425267,-0.004852815,-0.00484754,-0.004841451,-0.0049195294,0.0,-0.0048559317,-0.0048558866,-0.0047862767,-0.0048396173,-0.004813766,-0.0049730055,-0.0049758796,-0.004940349,-0.004876699,-0.0049121166,-0.004867514,-0.0048486274,-0.0049712085,-0.004896435,-0.004936921,-0.004975752,-0.0047748145,-0.004963025,-0.0048400625,-0.0049389433,-0.0047812713,-0.0049709724,-0.0049490035,-0.004953265,-0.004852886,-0.0049792565,-0.004790206,-0.0049750875,-0.0048545743,-0.004965499,-0.0049355766,-0.004961597,-0.0049843173,-0.0048039593,-0.0048160097,-0.004960995,-0.0048450828,-0.0049726553,-0.004929462,-0.0048763757,0.99510056,-0.0048362953,-0.004973212,-0.0048576733,-0.0048061777,-0.0047856024,-0.0048084524,-0.004773141,-0.004981844,-0.0049293987,-0.0048934394,0.9954024,-0.004883162,-0.004790547,-0.0049059545,-0.0047997963,-0.005948653,-0.004873797,-0.0049731107,-0.0047754077,-0.0049540694,-0.0049073035,-0.004810054,-0.004858784,-0.0047735865,-0.004820659,-0.0048639206,-0.005043337,-0.0047778753,-0.004765549,-0.004761295
-6.7262235e-06,0.9971562,-0.00052106555,-0.00056973024,-0.0008754467,0.99644417,-4.1354883e-06,-0.00035955702,-1.2202958e-05,0.9971397,-0.0006318332,-0.000535004,-0.00018979053,-3.26939e-05,-2.2955846e-05,-4.021797e-05,-2.4255673e-05,-0.00054676237,0.9970888,-2.1639204e-05,-1.9852065e-05,-0.0006246415,-3.3586225e-06,-1.5341951e-05,-1.1977125e-06,-0.00020489858,-0.000676643,-9.090338e-06,-2.929132e-05,-3.0004958e-05,-3.4463028e-05,-1.6142516e-05,-0.0008652922,-1.5530613e-05,-1.6590902e-05,-1.10609135e-05,-1.1459556e-05,-0.0008308286,-2.3596356e-05,0.0,-1.8325629e-05,-1.36328545e-05,-2.2272987e-05,-1.5277301e-05,-0.00033427615,-0.00031539475,-0.00068379636,5.1350994e-06,-6.7926653e-06,-1.6614107e-05,-1.3724931e-05,-0.000605428,-1.2507937e-05,-0.00074375956,-0.0002923019,-2.2434268e-05,-0.0005609232,-2.0249174e-05,-2.9228262e-05,-1.8385534e-05,-0.0005987409,-0.0006128299,-0.0006037043,-3.2044023e-05,-0.00032213706,5.728967e-06,-0.00026545775,-3.211262e-05,-4.3064878e-07,-5.126314e-06,-0.00058438524,-0.00043179575,-6.6675425e-06,-5.2179366e-06,-0.0005597818,-1.9066063e-05,-0.00033306898,-0.00075732305,-1.8247598e-05,0.99652547,-1.0556525e-05,-0.00027734594,7.161417e-06,1.1009465e-06,-1.285054e-05,4.3224386e-06,-1.7206288e-05,-0.00045070265,-0.000750442,-3.961136e-06,0.9971296,-2.8226437e-05,-1.3755602e-05,-0.00090852566,-1.9897472e-05,9.876113e-06,-3.0422352e-05,-0.0001864101,8.036605e-06,-0.00064350176,-1.27941885e-05,6.3483217e-06,-2.0876685e-06,8.441526e-07,-4.6813093e-07,-2.0122168e-05,-1.3102696e-05,-1.4480423e-06,1.0592303e-05,-1.8904377e-05
3.6078345e-06,0.997153,-0.000940655,-0.0009833237,-0.0012681804,0.9964322,5.844048e-06,-0.00077471754,-9.903054e-07,0.9971537,-0.0010378537,-0.000953178,-0.0006049249,-0.0002844309,-4.460711e-06,-0.00033258315,-5.2162372e-06,-0.000956807,0.9970893,1.5752845e-05,-6.97839e-06,-0.0010298681,-2.758097e-05,-1.2005172e-05,-0.00016136102,-0.0006387169,-0.001067508,-1.0993235e-05,-0.00046435324,5.896594e-06,-0.00024167319,9.03615e-06,-0.0012516913,-3.4787129e-06,3.1331174e-06,-2.414971e-06,-7.5226594e-06,-0.0012176534,6.7027377e-06,-8.244216e-06,0.0,-1.0320335e-05,-1.2663322e-05,-8.388491e-06,-0.00073522096,-0.0007374133,-0.0010913098,-2.247277e-05,-0.000120368364,-2.854335e-05,2.7964547e-06,-0.0010099042,-5.5146543e-06,-0.0011476976,-0.00072144344,9.10334e-06,-0.0009777924,4.3177142e-06,-0.00022442047,4.0204022e-06,-0.0010057921,-0.0010252064,-0.001013577,-1.6993821e-05,-0.00074103114,-1.8808623e-05,-0.0006780387,1.00427305e-05,-6.512331e-06,-0.0002928149,-0.0009652027,-0.00083704485,-5.1185375e-06,-7.835495e-06,-0.0009692393,-1.2060474e-06,-0.00074767036,-0.0011630442,6.198157e-06,0.99652565,4.4157737e-06,-0.00069653953,-7.040589e-06,9.840526e-06,6.635753e-06,-9.77689e-06,-2.0974567e-05,-0.0008618669,-0.0011329392,6.979291e-06,0.99712926,9.653971e-06,-1.1960144e-06,-0.0012934094,2.96711e-06,-0.0002773469,-1.1126569e-05,-0.00062198046,-4.453136e-06,-0.0010447607,-5.1028837e-05,-2.1619411e-05,-2.2113885e-05,8.090701e-06,-1.0634341e-05,-7.815427e-06,-7.403782e-06,-2.0410167e-05,5.196414e-06,-3.018605e-06
-0.0011669816,0.9972443,-0.0022177966,-0.0022138506,-0.0023654394,0.99653006,-0.0009421733,-0.0021053324,-0.0010605335,0.99723315,-0.0022516388,-0.002203919,-0.0019881115,-0.0017845978,-0.0010261245,-0.0018054665,-0.0009335815,-0.0022134888,0.9971945,-0.0010109146,-0.0013668595,-0.0022370094,-0.0015679257,-0.0011775441,-0.0016961977,-0.0020314264,-0.0022691693,-0.001238523,-0.0018796595,-0.0013358296,-0.0016885707,-0.0010425585,-0.0023682627,-0.0013867402,-0.001251034,-0.0014470924,-0.0013755496,-0.0023452514,-0.0014093684,-0.0012462799,-0.0012065107,0.0,-0.0012171945,-0.0011362691,-0.0020884888,-0.0020861465,-0.002285834,-0.0013443363,-0.0016286853,-0.0015041992,-0.0013516613,-0.002224933,-0.0015597523,-0.0023163452,-0.002071897,-0.0009991912,-0.00221188,-0.0014137201,-0.0017300327,-0.0009725976,-0.0022153761,-0.0022486288,-0.002240794,-0.0014479824,-0.0020919011,-0.0010402716,-0.0020387918,-0.0014132276,-0.0011917026,-0.0017857911,-0.002208686,-0.0021520697,-0.0010317911,-0.0011811032,-0.002218081,-0.001197451,-0.0020723995,-0.0023238985,-0.001526645,0.9967095,-0.0010305641,-0.002058222,-0.0012757797,-0.0010901847,-0.0009194308,-0.0010990121,-0.0010143081,-0.0021594786,-0.0022946731,-0.0015763298,0.99722695,-0.0015407801,-0.0010865045,-0.0023807124,-0.0010709275,-0.002250178,-0.0013341634,-0.0020069277,-0.0010256453,-0.0022539126,-0.0016147534,-0.0011226427,-0.0013338258,-0.00096734817,-0.0010792185,-0.001448877,-0.0012408944,-0.0010261527,-0.0009760812,-0.0009635537
9.567592e-06,0.9971697,-0.0011742932,-0.0012279893,-0.00149293,0.9964967,1.3672932e-05,-0.0010082304,7.310987e-06,0.9971656,-0.0012823357,-0.0011935884,-0.000882653,-0.000555264,-1.7161343e-05,-0.0006146262,-8.458285e-06,-0.0011982813,0.99710363,4.813197e-06,-0.00021599844,-0.001278325,-0.00026086703,-1.8740462e-05,-0.00043199924,-0.0008898834,-0.0013248998,8.3531595e-06,-0.0007194112,1.1597922e-05,-0.0005050796,4.6626874e-06,-0.0014794102,-4.0119583e-05,2.0512314e-06,-6.500622e-05,-2.8345852e-05,-0.001450404,-0.00015204832,4.52402e-06,1.1037771e-05,-7.1778504e-06,0.0,3.640539e-06,-0.0010034282,-0.0009926992,-0.0013249273,-4.250942e-06,-0.00040728095,-0.0002014963,-1.1037059e-05,-0.0012471849,-0.00024216651,-0.0013811713,-0.000960705,1.3407306e-05,-0.0012165174,-3.3795128e-05,-0.00052922807,1.6033753e-05,-0.0012758094,-0.0012646919,-0.0012417916,-7.607574e-05,-0.0009868123,1.6617445e-05,-0.0009403207,-5.882003e-05,-1.208779e-05,-0.0005700998,-0.0012306096,-0.0010839558,9.883256e-06,-2.0960451e-06,-0.0012174391,-1.1521922e-05,-0.0010106206,-0.0013848948,-0.0002778753,0.99656427,1.2299662e-05,-0.0009568579,-1.7242108e-05,-2.1219525e-05,-1.4012535e-05,1.14717905e-05,-6.991459e-06,-0.0011153636,-0.001373904,-0.00026225118,0.99714553,-0.00020645041,1.7306548e-06,-0.001521427,-1.7486478e-05,-0.0005476436,1.1486446e-06,-0.0008794853,5.408153e-07,-0.0012940364,-0.0003234132,1.0949941e-05,-2.0912677e-05,-1.80012e-05,-8.899419e-06,-0.00013090145,-1.371524e-07,1.3733494e-05,-4.5337624e-06,-1.773863e-05
-0.00032070876,0.9972585,-0.0016024817,-0.0016169649,-0.0018328574,0.9965531,-0.00012376571,-0.00144592,-0.000181414,0.9972363,-0.0016570947,-0.0015898985,-0.0013089123,-0.0010382467,-0.00012259708,-0.0010745644,-7.7115415e-05,-0.0016026194,0.9971959,-0.000112386406,-0.00068885024,-0.0016574141,-0.00077403244,-0.00032946473,-0.00092770194,-0.001354675,-0.0016887443,-0.00031806267,-0.0011440133,-0.0004843463,-0.0008737533,-0.0001048632,-0.0018286456,-0.00056652137,-0.00043712152,-0.00062290474,-0.00053510163,-0.001800076,-0.00061380723,-0.00041817824,-0.00038879318,-0.00017650537,-0.0003391317,0.0,-0.001440501,-0.001427027,-0.0017081646,-0.0004936129,-0.00087568426,-0.00070028123,-0.0005322316,-0.0016346906,-0.00077535014,-0.0017458883,-0.0014062304,-8.010074e-05,-0.0016066068,-0.0005679758,-0.001000424,-0.00011425364,-0.0016350491,-0.0016613749,-0.0016319497,-0.0006188968,-0.0014275934,-0.0001626778,-0.0013605314,-0.00061168126,-0.00020199083,-0.0010533367,-0.0016123935,-0.0015113374,-0.00012727692,-0.00025772525,-0.0016199577,-0.0003395568,-0.0014177358,-0.0017488741,-0.00070750795,0.9967039,-0.000107741704,-0.0013883066,-0.000399943,-0.00024112935,-6.4509215e-05,-0.0002461786,-9.6156065e-05,-0.0015277244,-0.0017388456,-0.00077652856,0.9972371,-0.00073317013,-0.00022133713,-0.001848063,-0.0002230582,-0.0012346504,-0.00049617206,-0.0013279954,-0.0001024529,-0.0016673551,-0.00083519495,-0.00023155838,-0.0005084553,-8.00905e-05,-0.00012720942,-0.00064440066,-0.00033308138,-0.00011305669,-8.907351e-05,-3.6257115e-05
0.0025092748,1.00121,0.0044150553,0.0044017145,0.0045330357,0.9975479,-1.7321494e-05,0.004317513,-1.4644072e-05,1.0007962,0.0044469666,0.004399345,0.004203293,0.003988613,5.0693656e-05,0.0040278593,2.8144997e-05,0.0044260295,1.000648,3.175479e-05,0.0033207447,0.0044305264,0.003731849,0.0026882242,0.0038454765,0.0042371196,0.0044719814,0.0027513131,0.0040476434,0.0032454217,0.0037697589,0.0014968488,0.004534895,0.0032871817,0.002958701,0.003442769,0.0032784736,0.0045190793,1.9558001e-05,0.0028894357,0.0027812526,0.0013600884,0.0026843424,0.0021687984,0.0,0.004272145,0.004469068,0.003157212,0.0038595435,0.003576407,0.0032701408,0.0043908986,0.0036894626,0.004502886,0.004261187,0.00090182706,0.004404363,0.0033644384,0.0039613373,0.0004223857,0.0043911976,0.004462881,0.004426097,0.003385737,0.004275724,0.0015444465,0.0041939663,0.0034026226,2.4947927e-05,0.004019009,0.0044033285,0.0043281326,5.3337702e-05,0.002255227,0.004430652,0.0026896344,0.004249408,0.0045106076,0.0035664968,0.9979664,1.6703218e-05,0.0042517153,0.002988333,0.0021292088,-3.2451478e-06,0.0020900434,0.00074556976,0.0043510036,0.0044936775,0.0037384876,1.0009414,0.0035875011,0.0019613134,0.004542521,0.0021208033,1.5561425e-05,0.0031366611,0.004208043,0.0011131413,0.0044416194,0.0037844714,0.0022120115,0.0032398452,0.0006306537,3.1775828e-05,0.0034652296,3.104391e-05,0.0013199421,0.00040481362,0.0007884194
0.0024948244,1.0012108,0.004403386,0.0043907333,0.004528371,0.99753964,-2.3456498e-05,0.004308326,4.0331757e-05,1.0007967,0.004434439,0.0043986924,0.00419012,0.003979503,-1.4239792e-05,0.004015411,2.0195374e-05,0.004414561,1.0006511,3.658165e-05,0.0032747437,0.0044279327,0.003725773,0.002654937,0.0038312164,0.0042387038,0.0044547888,0.0027318997,0.0040346687,0.0032519517,0.003760974,0.0014779923,0.004523426,0.003263403,0.0029498155,0.0034235935,0.0032721846,0.0045099957,2.5739766e-06,0.002877411,0.002731561,0.0013587401,0.0026741207,0.0021609059,0.004269164,0.0,0.004461156,0.0031415166,0.0038618315,0.0035742696,0.0032642311,0.0043836767,0.003678989,0.0044924044,0.0042593274,0.0008787625,0.004389667,0.0033500486,0.0039554727,0.00036124513,0.0043794797,0.004449924,0.0044177873,0.003376577,0.004263995,0.0015810021,0.0041791475,0.003406499,4.6534693e-05,0.00400339,0.004378954,0.00431908,2.3110586e-05,0.0022216963,0.0044239564,0.0026901977,0.0042347955,0.0044984864,0.0035492182,0.9979535,-1.652815e-06,0.004239865,0.0030040576,0.002109459,-2.266365e-05,0.002075262,0.0007267602,0.0043449,0.004480938,0.0037301222,1.0009435,0.0035814827,0.0019164336,0.004531881,0.0021139532,-1.0484422e-05,0.0031094414,0.004207418,0.0011073586,0.0044283196,0.0037775207,0.0022110527,0.0032281925,0.00065135857,3.175873e-05,0.0034517015,3.4347013e-05,0.0013088377,0.00038427266,0.0007787817
0.004938594,1.0034671,0.00513577,0.0051361667,0.005109534,1.0033557,0.004703384,0.0051464816,0.0047374116,1.0033875,0.0051292684,0.0051350943,0.0051375935,0.0050986027,0.0047567254,0.005104753,0.004702939,0.0051482376,1.0033568,0.0047248625,0.004972159,0.0051288246,0.005047956,0.0049543115,0.005073459,0.005138686,0.005132977,0.0049570934,0.0051076463,0.004995354,0.005068903,0.004801896,0.005112793,0.004955084,0.004959945,0.004981386,0.004960111,0.0051125,0.0048444266,0.0049608494,0.0049481564,0.004822544,0.0049556904,0.0048850784,0.005148324,0.0051430007,0.0,0.0050084214,0.005068154,0.005009752,0.0049576005,0.0051546246,0.0050355173,0.00512471,0.0051415623,0.0047815847,0.0051360973,0.004967213,0.0050911177,0.0047526504,0.005144156,0.005139092,0.0051348996,0.004985876,0.0051461067,0.0047982214,0.005130473,0.004979683,0.0047815787,0.0050960383,0.005132181,0.0051476313,0.004719717,0.004891049,0.0051463326,0.0049478775,0.005139427,0.0051244465,0.005009289,1.0032666,0.0047248504,0.005137906,0.0049845134,0.00487353,0.0047104587,0.004874561,0.0047721667,0.0051612295,0.0051221964,0.005042619,1.0034202,0.005023727,0.0048404946,0.00510803,0.004862492,0.005284202,0.004987498,0.005141627,0.004792958,0.0051312027,0.005056375,0.004886443,0.0049897777,0.0047499505,0.0047269673,0.0049855723,0.0048522004,0.004818875,0.00472343,0.00476275
1.061693e-05,0.99749047,1.5647629e-05,4.7843628e-06,2.0818495e-06,0.9965503,-2.8979832e-06,1.1431519e-05,9.207937e-06,0.9974321,1.4384238e-05,9.559446e-06,-1.4815997e-06,1.7801807e-05,2.317284e-05,1.7000211e-05,-4.006497e-06,-7.449166e-06,0.9973525,1.8120501e-05,2.1555832e-05,6.119779e-06,1.0464175e-05,1.6031063e-05,-9.949988e-06,1.1062107e-05,-1.3115968e-05,2.163508e-05,-5.7203824e-06,-1.1935011e-05,-8.657847e-07,8.295179e-06,-2.1720349e-05,7.238884e-06,-7.5685766e-06,-7.2385233e-06,6.8621375e-06,9.149492e-06,7.15723e-06,1.1800293e-05,3.8036408e-06,1.413551e-05,-1.6446238e-05,1.3895107e-05,-9.585257e-06,4.0206937e-06,1.704914e-05,0.0,-1.527832e-05,1.3995695e-05,-1.5288133e-05,-5.723813e-06,-1.6364627e-05,4.724511e-06,-1.6781461e-05,-6.8651893e-06,-2.0166326e-05,6.791187e-06,4.132124e-06,1.2348414e-05,1.442016e-05,-9.938064e-06,-1.0718053e-05,-7.6510076e-07,6.645073e-06,-1.3605676e-05,6.721576e-06,-1.4708044e-05,1.3566216e-05,4.102459e-06,1.9892113e-06,-5.8933424e-06,-3.704442e-07,8.845799e-06,-1.0476606e-05,1.0533645e-05,-1.1609535e-05,2.403027e-06,-1.6366237e-05,0.9966477,2.4874333e-05,-4.363018e-07,-3.025241e-06,-7.631899e-06,-6.5626555e-06,-1.34050515e-05,1.483519e-05,-2.137574e-05,-5.5400055e-06,3.2563576e-06,0.99743855,-5.2937216e-06,1.676182e-05,1.034717e-05,-6.6411263e-07,-2.1964534e-05,-7.307975e-06,-8.392627e-06,1.0793084e-05,3.8741987e-06,3.2649355e-06,1.5796244e-05,-2.1205176e-06,-9.55277e-06,2.0920585e-05,-1.5888467e-05,-3.6817073e-06,-8.1704275e-06,9.458696e-06,-7.1239983e-06
0.0005973168,1.0020646,0.0025536132,0.002516589,0.0027532226,0.99826396,1.9698928e-05,0.002398511,-8.249095e-06,1.001796,0.0025799156,0.0025771619,0.0023056064,0.0020366102,2.7240481e-05,0.002090761,7.900123e-06,0.0025592232,1.001514,3.7866736e-05,0.0013242614,0.0025613157,0.0018172412,0.00077423407,0.0018700925,0.002333964,0.0026285136,0.00079966895,0.0020943875,0.0013034048,0.001753668,1.958901e-05,0.002743608,0.0013677207,0.0011216725,0.0015126495,0.0014219186,0.002742949,2.1645124e-05,0.0009571053,0.0008651615,0.00019928877,0.0007623873,0.0004280677,0.0022875227,0.0023199043,0.0026567527,0.0011781737,0.0,0.0017122193,0.0014024022,0.002470084,0.001765939,0.0027229444,0.0023665747,1.5833268e-05,0.0025269156,0.0014790901,0.0020167194,5.3612002e-06,0.002510907,0.0026058939,0.0025297152,0.0014324767,0.0023269858,4.8932898e-06,0.0022563457,0.0015165319,3.2758835e-05,0.0020543907,0.0025238753,0.00240722,2.323662e-05,0.00026609935,0.0026057523,0.00076732266,0.0022954848,0.0027451422,0.0016185218,0.9988703,1.45603835e-05,0.002321705,0.0010781755,0.00037095547,3.311064e-05,0.00036861986,3.3340344e-05,0.0024235253,0.0026895648,0.0018291479,1.0018768,0.0016658021,0.00012314571,0.0027568112,0.0003463444,-1.3741732e-05,0.0011558854,0.0023096858,-1.0980079e-05,0.0025756706,0.0018566858,0.00045936258,0.0012934904,1.6920838e-05,1.2023188e-05,0.0015731087,2.040265e-05,4.211559e-05,5.7587375e-05,6.0107555e-05
0.00010887642,1.0020938,0.0016639192,0.0016091432,0.0017426796,0.9981819,1.6538253e-05,0.0013919821,2.3676223e-06,1.0018107,0.0016785675,0.0016614855,0.0013102711,0.0011397908,-6.9059806e-06,0.0011795094,-2.8655234e-06,0.0016338076,1.0015512,2.8686447e-05,0.0005302309,0.0016407436,0.0009685807,0.00020623946,0.0010427529,0.0013502666,0.001704163,0.0002494987,0.0011555604,0.0006083429,0.0008732507,2.3553375e-05,0.0017519176,0.00067353237,0.0004411011,0.0007784888,0.0007049038,0.0017549824,1.0947957e-05,0.00037326667,0.0002600886,3.8332546e-05,0.000239744,3.3591212e-05,0.0013025594,0.0013314078,0.0017327463,0.0004923625,0.0011023955,0.0,0.00068229286,0.0015474817,0.0009693404,0.0017491836,0.001382525,3.7878867e-06,0.0016133633,0.0007521877,0.0011192565,3.921393e-05,0.0015845358,0.0017085059,0.00163252,0.0007135693,0.0013319862,1.4395802e-05,0.0012693506,0.000779382,3.5303015e-05,0.0011582881,0.001580959,0.0013988281,3.4617617e-05,2.3024418e-06,0.0016943285,0.00022316558,0.0012976431,0.0017683804,0.0007921357,0.9986601,1.4469675e-05,0.0013279243,0.00043485305,2.9186449e-05,1.2453916e-05,-2.4137296e-06,2.6056956e-05,0.0014081877,0.0016931369,0.0009845091,1.001922,0.00089790596,1.3450627e-05,0.0017417804,9.146807e-06,-1.0783208e-05,0.0005058755,0.0013302563,5.8523233e-06,0.0016662474,0.0010035622,-1.5544066e-06,0.0005823191,4.585465e-05,-6.7377814e-06,0.00080696226,7.751131e-06,3.8480488e-05,3.6929458e-05,-5.4838124e-06
-2.1028807e-06,1.000595,0.00018001253,0.00014888692,0.00020145137,0.9976998,6.410338e-06,0.00015689472,1.4464311e-05,1.0003313,0.00018125148,0.00020598815,0.00014597201,0.00013293803,1.2731118e-05,0.00012726837,2.9230972e-05,0.00018535584,1.000137,2.062415e-05,1.1198979e-06,0.00016798098,8.378064e-05,4.29497e-05,0.00011449157,0.00015928701,0.00018983548,1.0351344e-05,0.00012397234,1.7930583e-05,4.581713e-05,8.878093e-06,0.00017980246,2.9236184e-05,7.3113465e-06,4.8171514e-05,4.355601e-05,0.00017980074,8.616611e-08,3.9760514e-05,2.2677184e-05,1.3977204e-05,4.183877e-05,3.9023256e-05,0.00013512031,0.0001503139,0.00018868012,3.1959513e-05,0.00013432371,0.00010022537,0.0,0.00014258844,8.007389e-05,0.00017929981,0.00018207275,9.564756e-06,0.00016191795,4.0405426e-05,0.000110463385,1.9794084e-05,0.00016651045,0.00021297533,0.00016585996,2.4995832e-05,0.00013534508,1.8099829e-05,0.00013244427,3.7824622e-05,-1.3464091e-06,0.00014572595,0.000187454,0.00016335194,2.3772564e-05,1.7477396e-05,0.00018465903,2.6267417e-06,0.00016165446,0.0001864274,6.991732e-05,0.9979955,2.379777e-05,0.00017361634,5.8424354e-07,3.8312162e-05,3.3411504e-06,2.0700054e-05,3.357895e-05,0.0001763542,0.00019638246,9.111447e-05,1.0004332,8.4212035e-05,1.1549671e-06,0.00019407709,3.900161e-05,1.6150896e-05,3.4973087e-05,0.00014411201,4.1732583e-05,0.00017732951,0.0001291248,1.688322e-05,3.382532e-05,5.926652e-06,6.950354e-06,8.6175896e-05,-2.939536e-06,3.8404236e-05,2.62418e-05,2.8026285e-05
0.0036360587,1.0010862,0.005052585,0.0050601936,0.0046480647,0.99951583,0.0021257787,0.0051052053,0.0019822377,1.0007043,0.005066236,0.0050625047,0.00492347,0.0048564277,0.0020629114,0.0049265157,0.0021630737,0.0051495763,1.0005738,0.0021160045,0.0040094075,0.005082042,0.004455337,0.0037083235,0.004684409,0.0050064493,0.0049286773,0.0037521978,0.004929773,0.0040218346,0.0045167445,0.002740525,0.004705082,0.0041814153,0.003831431,0.004299807,0.0041904007,0.0047507333,0.0017766887,0.0038068239,0.0037149861,0.0028652654,0.003727605,0.003470456,0.0050852355,0.005017977,0.005005672,0.004035884,0.004588894,0.0043822755,0.0041548493,0.0,0.0044482187,0.005016945,0.0050299065,0.0025923678,0.005102412,0.0042446447,0.0046068737,0.00241252,0.005014253,0.0051506003,0.0051250686,0.0042297216,0.00507085,0.0027331857,0.004960779,0.0042432756,0.0019563658,0.004944431,0.005083804,0.005082604,0.0021549633,0.003478162,0.00518215,0.0037041227,0.0050642896,0.0049056686,0.0044241543,0.9995808,0.0020841823,0.005030954,0.0038467194,0.003421855,0.0022422546,0.0034315304,0.0025289692,0.005117661,0.0051284973,0.0044487733,1.0008389,0.0043930397,0.002916672,0.0046938043,0.0033965295,0.0018578665,0.0039318,0.0049992017,0.0027133725,0.0050342674,0.004510652,0.0034956527,0.004027278,0.0025308514,0.0021527507,0.0042737713,0.0018758393,0.0027836815,0.0023939686,0.0025374803
0.00012810933,1.0021979,0.0018724962,0.0017977242,0.0021306463,0.9980818,2.6861228e-05,0.0017109548,4.185281e-05,1.0019188,0.0018698482,0.0018424117,0.0015955577,0.0013718884,1.74796e-05,0.0013965976,3.400888e-05,0.0018416345,1.001675,-6.9113394e-06,0.0007025412,0.0018418735,0.0011917901,0.0002304045,0.0012521294,0.0016670607,0.0019144786,0.00031893508,0.001376515,0.0007802086,0.001059231,3.4000244e-05,0.0021434408,0.0008146668,0.0005469259,0.00097245944,0.00083227316,0.002117751,1.8715295e-05,0.00045082846,0.00039739817,5.0765226e-05,0.0002845175,5.112931e-05,0.0016361836,0.0016483457,0.0020603517,0.0006248782,0.0012869693,0.0010702857,0.00082731666,0.0017464677,0.0,0.0021252949,0.0016924287,4.1198422e-05,0.0018024191,0.0009245903,0.001337446,2.6270758e-05,0.0017581993,0.001904607,0.0018313027,0.0008922581,0.0016475242,-6.5251197e-06,0.0015715562,0.00095459836,1.2298416e-05,0.0014107767,0.0017847872,0.0017315662,2.4256757e-05,-4.9478335e-06,0.0018896776,0.00027578505,0.0016007962,0.002150972,0.0009763474,0.9985313,2.234198e-05,0.0016383504,0.00057090307,6.955872e-05,7.2367293e-06,8.075565e-06,1.2115058e-05,0.0017303905,0.0020660693,0.001198927,1.0020244,0.0010751467,-5.216559e-06,0.0021261673,7.041799e-05,2.8149836e-06,0.00061531336,0.0016198719,2.373745e-05,0.001874307,0.0012286198,3.123194e-05,0.0007326543,5.204737e-05,5.0695267e-06,0.000972047,2.5496382e-05,2.3569477e-05,2.3296363e-05,3.374025e-05
0.0051313182,1.0037605,0.0052717323,0.005274095,0.0052422746,1.0037566,0.0049495334,0.0052887145,0.004983755,1.0037031,0.0052673253,0.0052742483,0.005287476,0.0052534784,0.005002557,0.0052569984,0.004942717,0.0052860174,1.0036867,0.004968482,0.005147858,0.0052651595,0.0052094115,0.0051448625,0.005230828,0.0052846,0.0052680555,0.0051422194,0.0052588093,0.0051707383,0.0052302205,0.0050120503,0.0052441335,0.0051314984,0.0051401495,0.005152861,0.005135326,0.0052457503,0.0051028873,0.0051416457,0.0051404657,0.0050311396,0.0051386366,0.005084408,0.0052941423,0.005289452,0.0052600214,0.0051827324,0.0052283057,0.00517671,0.0051360293,0.0052896924,0.0052026194,0.0,0.0052859276,0.005003722,0.0052748015,0.0051382473,0.0052492064,0.00497769,0.005279819,0.005273833,0.005270725,0.0051570223,0.005292208,0.005011613,0.0052804817,0.0051531927,0.005030274,0.005249034,0.0052735223,0.0052909525,0.0049619004,0.0050881426,0.0052822116,0.005137185,0.005283524,0.0052578617,0.0051780497,1.0036731,0.0049624504,0.0052825226,0.005168403,0.005073465,0.0049456223,0.005072437,0.004994011,0.005301884,0.0052557983,0.005204967,1.0037287,0.0051911483,0.005044422,0.0052396073,0.0050653196,0.0055273287,0.005167575,0.005288164,0.0050029373,0.0052710455,0.005220188,0.00508264,0.005165672,0.004970831,0.0049647777,0.005156231,0.0051032035,0.005029279,0.00495007,0.0049843714
0.0025615077,1.0012577,0.004408728,0.0043758685,0.0045113536,0.9977127,5.4794295e-05,0.0043163537,5.1922605e-05,1.0008992,0.004420144,0.0044057663,0.004188501,0.003982507,1.3084901e-05,0.0040229545,1.538165e-05,0.0044095158,1.0006999,1.6828733e-05,0.0032218518,0.004410486,0.0037418683,0.0026699193,0.0038406143,0.004253515,0.004448778,0.0028484878,0.0040325606,0.003325776,0.0037424546,0.0012851455,0.0045150463,0.0032890583,0.0030178954,0.0034556019,0.0033111814,0.004501669,-8.873942e-07,0.0029296884,0.0027686,0.0014076004,0.0027746274,0.0022798777,0.004240168,0.0042546894,0.0044597643,0.0031725345,0.0038665023,0.00361276,0.0032768268,0.004387214,0.003693373,0.00448428,0.0,0.0010175615,0.0043845577,0.0034006452,0.003944157,0.00046545622,0.0043800417,0.0044534146,0.004410979,0.0034138598,0.0042640623,0.0014096302,0.004185288,0.0034328215,4.0339604e-05,0.004009193,0.00436477,0.004327659,1.080045e-06,0.0023100113,0.0044474024,0.0027347794,0.004232608,0.0045020096,0.0035222261,0.99802315,9.359843e-06,0.004237162,0.0030975144,0.0021898493,5.530286e-05,0.0021630584,0.00086282875,0.0043418133,0.0044656284,0.0037531264,1.000998,0.003621465,0.0019838833,0.004527555,0.0021893992,3.6308214e-05,0.00315129,0.004214757,0.0012562117,0.004423477,0.0037782073,0.0023733985,0.0032471986,0.0008022197,6.546581e-05,0.0034680692,1.4792589e-05,0.0014524639,0.00052394444,0.0009039306
-0.0018267646,0.9970689,-0.0026646482,-0.0026819461,-0.0027894133,0.99647033,-0.0017085663,-0.0025901985,-0.0017750944,0.9970507,-0.0027030334,-0.0026687123,-0.002513399,-0.0023427221,-0.0017355743,-0.002367775,-0.0016938759,-0.0026763526,0.9970315,-0.0017024353,-0.0020852783,-0.0026997975,-0.0021610002,-0.0018390471,-0.002271712,-0.0025380491,-0.0027144095,-0.001831181,-0.002416787,-0.0019458552,-0.0022585283,-0.0016730209,-0.0027848594,-0.0019954587,-0.0019099695,-0.0020415261,-0.0019910634,-0.0027709475,-0.0020657778,-0.0019006236,-0.0018746038,-0.0017288128,-0.0018389374,-0.0017715255,-0.002575599,-0.002575759,-0.0027260869,-0.0019718353,-0.0022432546,-0.0021070135,-0.0019882047,-0.0026890524,-0.0021585785,-0.0027453662,-0.002566767,0.0,-0.0026760392,-0.0020013684,-0.0023200288,-0.0016316858,-0.0026904,-0.0026989388,-0.0026853296,-0.0020438866,-0.0025811538,-0.001687073,-0.0025419137,-0.0020374658,-0.001816621,-0.0023431587,-0.002674818,-0.0026312273,-0.0016806229,-0.0017554009,-0.0026834975,-0.0018411691,-0.0025712252,-0.0027460118,-0.0021231666,0.9965954,-0.001697765,-0.0025575436,-0.0018933709,-0.0017489309,-0.0016495138,-0.0017741822,-0.0016431448,-0.0026347085,-0.0027363948,-0.0021649965,0.9970547,-0.0021302148,-0.0017308699,-0.0027967398,-0.0017367763,-0.0029556563,-0.0019662501,-0.0025293096,-0.0016880754,-0.0027031628,-0.0022011441,-0.001771239,-0.0019706814,-0.0016345538,-0.0016873039,-0.0020639612,-0.0019551169,-0.0016591023,-0.0016278095,-0.0016177029
0.0040389006,1.0019143,0.0049267313,0.0045972043,0.0046427785,1.0008786,0.0033829287,0.0046250764,0.0033394236,1.0016582,0.004619135,0.004621644,0.004555004,0.004467347,0.0033776837,0.0048056534,0.0034024972,0.0046560974,1.0015658,0.0033904575,0.00423838,0.0046142116,0.004393744,0.004080495,0.0044087386,0.0045727715,0.0046268706,0.00409843,0.0048169643,0.0042413324,0.0044074943,0.0037377705,0.004646185,0.0042165327,0.00415765,0.00423531,0.00421278,0.0046369745,0.003318298,0.004139394,0.0040882225,0.0038149848,0.0040841755,0.0039362214,0.0048971013,0.004910015,0.0046069105,0.004239414,0.004424203,0.004322197,0.0041935476,0.0049086334,0.004334074,0.004620287,0.0045845783,0.0036523275,0.0,0.0042208824,0.004460358,0.003539578,0.00461166,0.0046423096,0.004612215,0.0042568548,0.004817006,0.0037272451,0.0048737065,0.0042392802,0.0033653278,0.004559138,0.0049271006,0.00492074,0.003400008,0.003936344,0.0046607233,0.0040788664,0.0045573176,0.004640344,0.004290757,1.000882,0.0033694687,0.0045551048,0.00416797,0.0039032057,0.0034557134,0.0039135297,0.0036116017,0.0046078786,0.0046343333,0.00439897,1.00175,0.0043129213,0.003836327,0.0046587526,0.0038873928,0.0032654372,0.004202114,0.00456884,0.0037159664,0.0046044574,0.004375337,0.00394965,0.004230496,0.0036026887,0.0034065354,0.004256941,0.0033619155,0.0037601138,0.0035192883,0.0036082808
5.041687e-05,1.0014501,0.0006967749,0.000619179,0.0006808899,0.99811715,2.7832297e-05,0.00062850525,3.257445e-05,1.0011892,0.00067710114,0.0006863575,0.00056842685,0.00047281288,1.890387e-05,0.00050519075,1.4961344e-06,0.0006703342,1.000939,2.022493e-05,9.231585e-05,0.00064432906,0.0004343967,5.370127e-05,0.0004095531,0.00061409554,0.00068838015,3.597609e-05,0.00044535438,0.00023504936,0.00029162213,8.063564e-06,0.0006991312,0.00023467655,8.7705295e-05,0.00033740644,0.0002604407,0.0006930875,3.7715938e-06,4.6217305e-05,2.816869e-05,8.482237e-06,1.9914964e-06,5.385147e-05,0.0005508093,0.0005608515,0.0007154977,0.00013687492,0.00046746424,0.0003875695,0.00024046596,0.00059666514,0.00041517537,0.00070931285,0.0006200603,3.3443932e-05,0.0006421076,0.0,0.00044200788,2.4935818e-05,0.0006039046,0.00071171083,0.00066239724,0.0002712223,0.0005637098,1.8807756e-05,0.00051857677,0.0003156411,1.5026391e-05,0.000480217,0.0006261843,0.0006189302,-9.025671e-06,3.124909e-05,0.00070478464,2.5409337e-05,0.00053985714,0.0007278945,0.0002994981,0.9984123,2.8594273e-05,0.0005769714,0.00016778067,4.340263e-06,-8.034773e-06,4.999412e-06,-2.2268307e-06,0.0006113608,0.00065611,0.00044293466,1.001285,0.00036860726,-5.5084456e-06,0.0006678283,1.5083084e-05,-3.5786097e-06,0.00013107488,0.00057113316,1.0218273e-05,0.00067532493,0.00043640746,5.603957e-06,0.0001966717,1.50509895e-05,2.0168178e-05,0.00032003754,3.1074494e-05,1.2543421e-05,5.1328684e-06,4.1810843e-05
0.0008600628,1.0019345,0.0029025304,0.0028749215,0.0030707743,0.998121,4.1788073e-05,0.0027372504,1.40636275e-05,1.0015696,0.0029463612,0.0029015064,0.002634598,0.0024132128,1.4110125e-05,0.002441785,9.555355e-06,0.002905905,1.0014337,1.38731175e-05,0.0016878544,0.0029408233,0.0021456052,0.0009762232,0.0022321616,0.0026905495,0.002985929,0.0010275233,0.0024206454,0.0016053577,0.002130713,4.7482798e-05,0.0030654182,0.0016761025,0.001340607,0.0018080752,0.0016888934,0.003049341,1.8866587e-05,0.0012267722,0.0011107164,0.00028139414,0.00096779864,0.00055044243,0.002695056,0.00271326,0.0029896775,0.0014505162,0.0023017803,0.0019879488,0.0017189126,0.0028392829,0.0021024146,0.003034146,0.0027153331,1.227574e-05,0.002875982,0.0017692684,0.0,6.0653947e-05,0.0028560117,0.0029615725,0.0029080708,0.0017417064,0.0026945693,3.2091342e-05,0.002631418,0.0018480767,4.2065647e-05,0.0024390111,0.0028657082,0.0027830128,2.3112967e-05,0.00055872847,0.0029407437,0.0010363804,0.0026739812,0.0030446274,0.001955571,0.99868834,-1.1655265e-05,0.0026895197,0.0013405439,0.00055247144,3.333672e-05,0.0004927552,3.6697966e-05,0.0027966965,0.0030068734,0.0021487656,1.0017185,0.0019811508,0.00032809886,0.0030760614,0.00056106463,1.8188879e-05,0.0014647789,0.0026556086,2.428968e-05,0.0029463386,0.0022129433,0.00053713896,0.0016186947,5.4530956e-05,2.1516313e-05,0.001903341,3.223314e-07,9.894933e-05,2.5226566e-06,6.804668e-06
-0.0027143692,0.99670094,-0.0032998638,-0.0033183254,-0.0033716923,0.9961833,-0.0026400727,-0.0032603142,-0.0027271898,0.99668926,-0.0033302382,-0.0033120154,-0.0032191554,-0.0030968136,-0.0026756811,-0.0031147122,-0.0026920624,-0.0033119656,0.9966701,-0.0026701838,-0.0028762436,-0.0033242013,-0.0029574158,-0.0027181297,-0.0030469415,-0.0032282425,-0.0033355157,-0.0027114253,-0.0031592895,-0.0027921214,-0.0030689484,-0.0026538768,-0.0033657043,-0.0028353704,-0.0027798456,-0.0028549535,-0.0028391525,-0.0033588817,-0.0029910319,-0.0027618986,-0.0027254324,-0.0026409673,-0.0027166137,-0.002711754,-0.0032455553,-0.0032510755,-0.003338574,-0.0028319624,-0.0030276717,-0.0029260756,-0.0028280148,-0.0033226528,-0.0029490653,-0.0033501694,-0.0032521423,-0.0025774746,-0.0033158087,-0.002840068,-0.0030797545,0.0,-0.0033244626,-0.003319331,-0.0033173077,-0.0028598076,-0.003256373,-0.0026039176,-0.003239365,-0.0028537926,-0.002807842,-0.0030917905,-0.0033078734,-0.003290048,-0.0026109077,-0.0026506458,-0.0033141961,-0.002720229,-0.0032541323,-0.0033456667,-0.0029455116,0.99626684,-0.0026412932,-0.003241618,-0.0027629684,-0.002647956,-0.0026291828,-0.002695616,-0.0025652961,-0.003292586,-0.003340962,-0.0029585788,0.9966856,-0.0029319976,-0.0026190667,-0.003375498,-0.002627289,-0.0038610224,-0.0028207873,-0.0032248332,-0.0026433615,-0.00332857,-0.0029888619,-0.0026791692,-0.0028208757,-0.0025460764,-0.0025828828,-0.0028809295,-0.0029110084,-0.0025767519,-0.0025417309,-0.0025615168
0.0037827287,1.0012981,0.00495435,0.004896284,0.004619817,0.999862,0.002877257,0.004817521,0.0023934138,1.0009652,0.00486444,0.004842605,0.0048048804,0.004721373,0.0024426852,0.0049375854,0.0029322035,0.0050871233,1.0008117,0.002875249,0.0041120993,0.004890195,0.0044999113,0.0038485206,0.004591806,0.0048067444,0.004669254,0.0038375347,0.0049188854,0.0040847994,0.0044991067,0.0033906852,0.00463812,0.004165205,0.0039542364,0.0043759225,0.0041794623,0.0046209474,0.002269501,0.003923999,0.0038456654,0.0034962066,0.0038437895,0.00365089,0.0050931126,0.0049845316,0.0049054604,0.004103204,0.0044702417,0.0043185516,0.004066957,0.0052164253,0.004295351,0.0048783235,0.0048113326,0.0032376184,0.0048611076,0.0041591497,0.004502546,0.0030784472,0.0,0.0048769056,0.0051071714,0.004239315,0.005098281,0.0033585848,0.004879445,0.0041172924,0.0023840093,0.005031101,0.005005357,0.005007205,0.002868346,0.003611252,0.004840705,0.0038344797,0.0050364523,0.004754334,0.004449888,0.9999512,0.0024444477,0.004947093,0.003935494,0.003616142,0.0029970952,0.0036153153,0.0031699573,0.005042945,0.0048700706,0.004461368,1.0010731,0.0044323774,0.0034999868,0.0046575465,0.0035603116,0.002471476,0.004011937,0.0047933753,0.0032978689,0.0048921364,0.0042797113,0.003636434,0.004083277,0.003154717,0.0028250467,0.0041304035,0.0023563157,0.0033746283,0.0030590305,0.0031819204
0.004653504,1.0030057,0.004945703,0.004947919,0.0049349465,1.0026772,0.004327758,0.0049563884,0.0043514986,1.0028907,0.004947371,0.0049507455,0.0049378364,0.0048857937,0.004375858,0.004893255,0.0043286,0.004962579,1.0028352,0.004350068,0.0047282805,0.0049439897,0.004822274,0.0046765427,0.004845733,0.0049412693,0.0049518957,0.0046844864,0.0048947753,0.004749906,0.0048405263,0.0044763447,0.004937956,0.0047059744,0.0047002696,0.0047387127,0.004714448,0.004936909,0.0044352743,0.004695785,0.0046780845,0.0045150444,0.0046785437,0.004588718,0.004951312,0.0049449303,0.0049405727,0.0047504012,0.0048490823,0.0047771274,0.0047059674,0.004968995,0.004802281,0.004943486,0.0049474933,0.004446822,0.0049517984,0.0047179386,0.004875782,0.004397519,0.0049549863,0.0,0.004950337,0.004739124,0.004951828,0.004477633,0.004928123,0.0047336766,0.00438696,0.004885064,0.004947689,0.004956461,0.0043472173,0.004592538,0.0049633044,0.0046708565,0.0049388898,0.004946023,0.004771001,1.0025841,0.004341006,0.004938067,0.0047222837,0.004574187,0.004342386,0.0045735184,0.0044305515,0.004970234,0.0049434234,0.0048191645,1.0029286,0.004785013,0.0045338543,0.004937153,0.004564481,0.0048773806,0.0047283247,0.0049393084,0.004468739,0.0049488847,0.004828038,0.0045971544,0.0047373665,0.0044127135,0.004356478,0.0047443043,0.0044525876,0.004505897,0.004373823,0.0044259126
0.004381902,1.0025223,0.0047839466,0.004786465,0.004790129,1.0019016,0.003917519,0.0047911564,0.0039131893,1.0023316,0.0047915117,0.0047891927,0.004753276,0.0046906257,0.003951957,0.00469825,0.0039242012,0.00480439,1.0022836,0.00393246,0.004488138,0.004787319,0.004613286,0.004407573,0.0046483977,0.004765865,0.0047946214,0.004424519,0.0047107907,0.0045144684,0.0046441117,0.004153406,0.0047935112,0.004476332,0.0044463547,0.004511535,0.0044804676,0.004788678,0.003965455,0.0044404133,0.0044097137,0.0041928333,0.004413516,0.004301276,0.0047824592,0.004764778,0.004782719,0.004515653,0.0046467246,0.0045615966,0.004469352,0.0048211343,0.0045844177,0.004789561,0.0047738138,0.0041114315,0.004790316,0.004493532,0.004679997,0.0040325536,0.0047916463,0.00480256,0.0,0.0045162938,0.0047804806,0.004152858,0.0047443155,0.004506251,0.0039624954,0.0047042603,0.0047783605,0.004786895,0.0039476864,0.0043143793,0.0048052743,0.0044062273,0.0047706654,0.004797176,0.004555227,1.0018369,0.0039342605,0.004762224,0.004474539,0.0042776414,0.0039532594,0.0042842417,0.004080113,0.0048036985,0.0047942954,0.004614083,1.002408,0.0045713335,0.0042305547,0.0047978363,0.004264728,0.0043867747,0.0044887667,0.0047612637,0.0041478244,0.0047859065,0.0046214224,0.004311695,0.0045025423,0.004066221,0.003956765,0.004516291,0.0039880984,0.004185938,0.0040115267,0.0040761777
2.460366e-05,1.0015695,0.0008028521,0.000746261,0.00081004895,0.99812824,1.9691031e-05,0.0007005629,2.2298751e-05,1.0012927,0.00079556945,0.0007791287,0.0006496518,0.00056554796,1.7647983e-05,0.0005736216,1.1351495e-05,0.0007977104,1.0010692,3.5719408e-05,0.00012687148,0.00077578943,0.0004860656,5.5474564e-05,0.0005052921,0.00069697376,0.00081073964,8.04745e-05,0.00055439555,0.00025649712,0.00036766197,3.3072487e-05,0.00082776055,0.000296388,0.0001042716,0.00037265397,0.0003142821,0.0008236455,2.3538956e-05,8.617054e-05,5.769782e-05,1.4021684e-05,2.3157558e-05,2.5963553e-05,0.0006596718,0.00067974685,0.000828441,0.00017605428,0.00048243676,0.00039465685,0.0002937303,0.0007307773,0.00047271446,0.000855945,0.00068538764,3.4613295e-05,0.0007589222,0.00036415798,0.00055142527,4.229813e-05,0.0006994492,0.00081668235,0.0007659644,0.0,0.0006805742,2.5566089e-05,0.0006203354,0.00035768372,3.5494028e-05,0.00058121607,0.00073955994,0.00071815983,-2.4062315e-08,3.3890974e-05,0.0007864796,1.3977608e-06,0.0006460916,0.000872495,0.00036336272,0.99846226,3.7238948e-05,0.00067119533,0.00016370203,2.0017922e-05,1.0776918e-05,1.6220945e-05,1.5527645e-05,0.0006972722,0.00081353425,0.000483522,1.0014101,0.0004160187,-3.7176333e-06,0.00081040914,4.5800138e-05,-3.6856432e-07,0.00018595335,0.0006699331,5.000012e-06,0.0007862382,0.00048952305,4.784094e-06,0.0002073487,3.2251148e-05,1.0851981e-05,0.00035496205,-2.2241669e-07,4.9028255e-05,1.7812432e-06,-4.067072e-06
0.0025072382,1.0011871,0.004445005,0.004428396,0.0045634955,0.9975062,-1.8725306e-06,0.0043497137,1.6220827e-05,1.0007867,0.004470818,0.0044415607,0.004239881,0.004019851,4.7877442e-05,0.004054573,1.8790895e-05,0.0044564055,1.0006025,2.7161825e-05,0.0032709786,0.004455151,0.0037653404,0.0026618321,0.0038733184,0.004275107,0.0044957562,0.002774675,0.004083464,0.0032774382,0.003805672,0.0011734111,0.004561543,0.0032994405,0.0029893043,0.0034493345,0.0033134965,0.0045494908,3.3973345e-05,0.002911222,0.0027554424,0.0013321221,0.0027033656,0.0022067432,0.0042997375,0.0042982562,0.0045028348,0.0031712216,0.0038943659,0.003621842,0.003281807,0.004428395,0.0037122548,0.0045316056,0.0043151984,0.0008521503,0.0044354177,0.0033970694,0.003981462,0.00028591836,0.0044276365,0.0044943443,0.0044587813,0.0034142458,0.0,0.0012530742,0.0042348257,0.0034314774,1.557205e-05,0.004043115,0.0044235345,0.004371208,-1.8608638e-07,0.0022242563,0.0044800825,0.0026857436,0.004281384,0.004547234,0.0035752896,0.9979144,5.389251e-05,0.004281675,0.0030229355,0.002099425,5.3538046e-05,0.0020999375,0.00069199887,0.0043878225,0.0045187203,0.0037629853,1.000911,0.003626923,0.0018990382,0.0045737354,0.0020970777,-1.1482524e-06,0.003142796,0.0042513004,0.0011365243,0.0044706413,0.0038048513,0.0022585783,0.0032439954,0.0006066578,-8.3828745e-06,0.0034853122,4.454813e-05,0.0013150596,0.00033064562,0.00073267205
-0.0014430452,0.9971889,-0.002398783,-0.0024238236,-0.002558346,0.9965452,-0.0013530368,-0.0023152428,-0.0013779326,0.9971797,-0.0024468862,-0.0024067543,-0.0022228179,-0.0020263442,-0.0014043583,-0.0020596492,-0.0013293837,-0.002417061,0.99714684,-0.0012810703,-0.0017225929,-0.0024473546,-0.0018225627,-0.0014877586,-0.0019380928,-0.0022422003,-0.0024687573,-0.0014677126,-0.0021158513,-0.0015712759,-0.001973476,-0.0013235775,-0.0025510397,-0.0016355797,-0.0015322178,-0.0016850914,-0.0016385502,-0.002534786,-0.0017023301,-0.0015165838,-0.0014969838,-0.0013469007,-0.0014540317,-0.0014214271,-0.0023073875,-0.0023027277,-0.0024725422,-0.001607309,-0.0019188189,-0.0017627424,-0.001635379,-0.0024319584,-0.001813556,-0.0025009895,-0.0022808101,-0.0012649837,-0.0024144086,-0.0016487616,-0.0020049603,-0.0012476117,-0.0024321105,-0.0024398526,-0.002431095,-0.0016910728,-0.0023025807,0.0,-0.0022576647,-0.0016812148,-0.0014639564,-0.0020330222,-0.0024172834,-0.0023540603,-0.0012892013,-0.0013814991,-0.0024192997,-0.0014778993,-0.0022943327,-0.0025078594,-0.0018209611,0.996656,-0.0013153172,-0.002278547,-0.0015072916,-0.0013666118,-0.0012805638,-0.0013949368,-0.0012664732,-0.0023653856,-0.002496146,-0.0018288937,0.9971774,-0.0017854467,-0.0013642957,-0.0025636968,-0.0013534137,-0.0025576411,-0.0016020464,-0.0022326428,-0.0013232547,-0.0024483588,-0.0018663431,-0.0013847483,-0.0016138043,-0.0012465485,-0.0012756697,-0.0017170465,-0.001601712,-0.0012610058,-0.0012508758,-0.0012646329
0.0021775004,1.0013676,0.00421313,0.004201164,0.004357497,0.9973942,-5.1206587e-07,0.004094953,2.3477907e-05,1.0005592,0.0042615905,0.0042129797,0.0039899256,0.003763778,4.146824e-05,0.0037897255,3.947111e-06,0.0042230412,1.0004286,1.2403375e-06,0.0030399302,0.004230623,0.0034883425,0.0023182193,0.0036037315,0.004017685,0.0042847167,0.0024100866,0.0038136577,0.0029557776,0.0035623766,0.0012488746,0.004367314,0.0030326378,0.002704511,0.0031182421,0.003042542,0.004348998,1.1812088e-05,0.0025791957,0.0024521644,0.0011212624,0.0023254112,0.0019020409,0.0040454553,0.004051392,0.0042906734,0.0028469653,0.0036245175,0.003321466,0.003010926,0.0041937386,0.0034290398,0.004330463,0.0040604053,0.000624159,0.0042068046,0.0030913015,0.0037302964,6.033933e-05,0.0042053573,0.0042755683,0.004223531,0.0031001538,0.0040528234,0.0012875136,0.0,0.0031476303,1.5811851e-06,0.0037866435,0.0042047864,0.0041403216,5.7279217e-06,0.0019190145,0.0042480305,0.0023290594,0.0040437,0.0043426706,0.0033037222,0.9981167,2.7148262e-06,0.0040331637,0.0026905935,0.0018030832,3.5603716e-05,0.0017991641,0.00037867864,0.0041415705,0.0043098615,0.0034842803,1.0011104,0.0033314705,0.0015790032,0.004378431,0.0017964412,1.3995638e-05,0.0028329028,0.0039964104,0.0011878607,0.0042618923,0.0035404693,0.0018612543,0.0029577545,0.00032015544,1.0229586e-05,0.0032177884,-9.237357e-07,0.0009838474,9.353444e-05,0.00044358257
4.6892706e-05,1.0016067,0.000782243,0.00072606583,0.0008003193,0.99806046,3.4796478e-05,0.00069594086,3.9244493e-05,1.0013351,0.0007753009,0.0007657398,0.0006289749,0.0005441962,-3.125028e-06,0.0005538984,-7.0878564e-06,0.0007772912,1.0011187,8.668384e-06,0.000121924495,0.00077038613,0.00046154,7.010572e-05,0.0004616942,0.0006875762,0.0007948392,7.072501e-05,0.0005143147,0.0002378184,0.00036569976,3.876037e-05,0.00081175705,0.00025747906,8.683669e-05,0.0003500957,0.00027843108,0.0008189681,2.1910491e-05,5.1379393e-05,4.7453327e-06,4.531157e-05,4.1246036e-05,2.7477505e-05,0.0006509467,0.00068476086,0.00081719965,0.00013511008,0.0005138898,0.00039607772,0.00027779542,0.0007080979,0.0004655378,0.0008133108,0.00069789466,4.7667443e-05,0.00074019487,0.00032809481,0.00054127385,-1.440877e-07,0.0006839283,0.00081506185,0.00075537065,0.00031370003,0.00066629867,4.3835116e-05,0.000628432,0.0,4.263647e-06,0.00057570665,0.0007332407,0.000706361,7.453364e-06,1.4105079e-05,0.0007994494,3.7919854e-05,0.00062455074,0.0008314658,0.00032189424,0.9983869,3.1499538e-05,0.0006655396,0.00014327238,4.9427945e-05,6.5702255e-07,3.9783863e-05,1.43225425e-05,0.00069381413,0.0007825849,0.0004761168,1.0014465,0.00039492143,5.5750355e-05,0.0007823369,1.2896979e-05,-1.4710523e-06,0.00014549891,0.00065001316,3.0176201e-05,0.00076975644,0.00046451573,1.657153e-05,0.000236242,3.0001125e-05,1.5079963e-05,0.00036550968,-5.530488e-06,8.773548e-06,3.2837892e-05,3.9935934e-05
-0.004304893,0.995791,-0.0045177443,-0.0045243828,-0.0044931937,0.99535364,-0.004257037,-0.004519769,-0.004349173,0.9957456,-0.004517653,-0.0045221657,-0.004506272,-0.004457272,-0.0043064854,-0.004463882,-0.004270516,-0.00452442,0.9957396,-0.004268487,-0.0044030477,-0.004516699,-0.004396484,-0.0043056402,-0.004441182,-0.004509527,-0.004517492,-0.004299198,-0.004476183,-0.00433403,-0.004423902,-0.0042126877,-0.004494446,-0.0043225707,-0.004326419,-0.0043493635,-0.004319669,-0.004494284,-0.004573976,-0.004325064,-0.004338426,-0.0042527607,-0.0043009124,-0.0042599402,-0.0045200796,-0.0045158095,-0.0045087384,-0.004360718,-0.0044248262,-0.00436503,-0.004335054,-0.004529126,-0.004395779,-0.0045072543,-0.004514267,-0.004201346,-0.004520414,-0.004322813,-0.0044545913,-0.004228261,-0.004533057,-0.0045105065,-0.004515547,-0.004343853,-0.004520229,-0.004228321,-0.0045113117,-0.0043430547,0.0,-0.004455423,-0.004518449,-0.004531962,-0.004250666,-0.0042586345,-0.0045187366,-0.004294938,-0.004511434,-0.0044965376,-0.0043734796,0.9954425,-0.0042738225,-0.004514581,-0.0043183262,-0.0042582797,-0.004228584,-0.0042713596,-0.0042085084,-0.004530432,-0.0045013037,-0.0043990016,0.9957587,-0.0043821353,-0.004252139,-0.0044897944,-0.0042492705,-0.0054298947,-0.0043565314,-0.004512284,-0.0042244163,-0.0045175627,-0.004410954,-0.004272939,-0.0043392503,-0.004179654,-0.004258271,-0.004354508,-0.0044874665,-0.004216716,-0.0041938107,-0.0041911863
0.0010427292,1.0018475,0.0031263833,0.0030749072,0.0032692498,0.99822116,2.8512632e-05,0.00297014,1.3382449e-05,1.0015062,0.003150505,0.003117048,0.00284359,0.002611007,2.8150143e-05,0.0026422818,3.9154398e-05,0.0031160298,1.0013053,9.1418315e-06,0.0018196085,0.0031257684,0.0023607148,0.0011898928,0.0024387673,0.0029035786,0.0031935147,0.0013022665,0.0026246768,0.0018476904,0.002305776,0.0001403009,0.0032749316,0.0018783801,0.0015469607,0.002040155,0.001896513,0.0032614332,2.8019389e-05,0.0014338788,0.0013235802,0.0003995236,0.0012163217,0.000757962,0.0029015709,0.0029166464,0.0032017208,0.001672159,0.002496854,0.0021969278,0.0019001121,0.0030465967,0.0023158488,0.0032427374,0.0029426184,8.4298175e-05,0.0030810887,0.001997941,0.0025830597,1.3419445e-05,0.003058995,0.00317619,0.0031168088,0.0019717028,0.0029133577,0.00022908683,0.002837007,0.0020420917,1.6351743e-05,0.0,0.0030756302,0.0029989155,3.394235e-06,0.00078755757,0.0031507204,0.0012142678,0.0028753567,0.003267196,0.0021317478,0.9986929,1.4340875e-05,0.0028955832,0.0015874457,0.0007333523,3.9962206e-06,0.0006810105,2.2696853e-05,0.0030073402,0.00320532,0.0023674474,1.0016292,0.0022032675,0.0005137185,0.003279878,0.00073645747,-8.275248e-06,0.0016765026,0.0028617708,0.000111852045,0.0031468107,0.0024112763,0.0007909957,0.0018136053,7.257082e-05,4.3204753e-05,0.0020920178,-4.0912494e-07,0.00034560237,2.6951351e-05,6.53022e-05
0.003923139,1.0016263,0.0049147867,0.004895757,0.004631784,1.0003989,0.0031529476,0.0048014247,0.0030823627,1.001344,0.0046056714,0.0046358965,0.0045180027,0.004742057,0.0031302168,0.0048284316,0.0031538075,0.004875564,1.0012125,0.003130639,0.0041834903,0.00457333,0.00439962,0.003984587,0.0043544737,0.0046605766,0.004607119,0.003994245,0.004807822,0.004175445,0.004369095,0.003571259,0.004639453,0.0041610273,0.0040733605,0.004164076,0.004162652,0.004624018,0.0026035514,0.004051455,0.004001192,0.0036701711,0.0039851866,0.0038044068,0.004913558,0.004913695,0.0049150204,0.004174816,0.0043948246,0.0042815916,0.0041270293,0.0049926573,0.004277813,0.0046030893,0.004589177,0.0034687137,0.0046801036,0.0041561224,0.00441671,0.0033617292,0.0045891725,0.0046960814,0.0049145943,0.0042084255,0.0049060765,0.0035618132,0.0048458558,0.004170036,0.0030853066,0.0047155335,0.0,0.004910694,0.0031544154,0.0038060613,0.0047322544,0.003970496,0.004877581,0.0046316986,0.0042244704,1.0004193,0.003130283,0.0048631663,0.00407174,0.003779828,0.0032353804,0.0037814847,0.0034189692,0.004910576,0.0046478626,0.0044080727,1.0014354,0.0042610317,0.0036878043,0.0046573095,0.003750673,0.0028852785,0.004121444,0.0047372784,0.0035336285,0.004911888,0.004318824,0.003818324,0.004165564,0.003401882,0.0031541586,0.004187221,0.002671922,0.0036013538,0.0033171116,0.003419367
0.0029269021,1.001471,0.004575916,0.0045624487,0.0046425546,0.998466,0.0010445864,0.00453838,0.0007437154,1.0011326,0.0045916545,0.004575857,0.004449333,0.00429181,0.00085087784,0.004316206,0.0010761684,0.0045946063,1.0009536,0.0010464556,0.0037695253,0.004582758,0.0041105994,0.0033576202,0.004180177,0.004480034,0.004609258,0.0031597351,0.004330782,0.0038154551,0.0041236086,0.0021039688,0.0046465048,0.0037698296,0.0033926538,0.0038735876,0.0037927094,0.0046308194,0.00025965087,0.0032158233,0.003147616,0.0022026452,0.0034609826,0.00273283,0.0044952314,0.004491869,0.004595995,0.003729361,0.0041982364,0.004002722,0.00375103,0.0045971735,0.0040534153,0.0046241954,0.004508837,0.0018837824,0.004575005,0.0038366623,0.004261005,0.0015673747,0.004569673,0.0046163825,0.004584748,0.0038645295,0.004502834,0.0021063292,0.0044447193,0.0038572387,0.0006641795,0.004308527,0.0045660236,0.0,0.0011336443,0.002740404,0.004611846,0.003047384,0.004481115,0.0046397834,0.0039460487,0.9985652,0.0009992485,0.0044754525,0.003543974,0.0025739532,0.0012637596,0.0026232356,0.0017832279,0.0045592706,0.0046240613,0.004111252,1.0012283,0.0040059267,0.0024547372,0.0046664975,0.0026394094,4.1236784e-05,0.0036812515,0.0044579925,0.0020540226,0.0045913556,0.0041217245,0.002788765,0.003770662,0.0017605289,0.0011635815,0.0038935717,0.0004348171,0.0021804245,0.0015460867,0.0017753188
-0.0032144191,0.9964385,-0.003685666,-0.0036979169,-0.0037230104,0.9959669,-0.00314235,-0.0036576898,-0.003222907,0.99641204,-0.0037016198,-0.0036911452,-0.003625568,-0.0035313026,-0.0031980702,-0.0035422102,-0.0031466638,-0.0036970163,0.99639994,-0.0031541355,-0.0033682615,-0.0036986007,-0.0034224512,-0.0032302216,-0.0034841686,-0.0036367897,-0.0037074625,-0.003222771,-0.0035667378,-0.0032976728,-0.0034888801,-0.003118545,-0.0037206323,-0.0033089654,-0.0032777225,-0.003333345,-0.0033136632,-0.0037163298,-0.0034647717,-0.0032618467,-0.0032535032,-0.003150665,-0.0032218434,-0.0031887102,-0.0036508844,-0.0036528201,-0.00370244,-0.0033169908,-0.0034734483,-0.0033800816,-0.003311895,-0.0037002484,-0.003419133,-0.003711981,-0.003650442,-0.0030878433,-0.0036922821,-0.0033118026,-0.0035205025,-0.0030811117,-0.0037019628,-0.0036959304,-0.003692565,-0.0033380266,-0.0036561482,-0.0031103098,-0.003640677,-0.0033375062,-0.0033007385,-0.0035307496,-0.0036920174,-0.0036826048,0.0,-0.0031613554,-0.0036935457,-0.003230944,-0.0036511682,-0.003710541,-0.0033972412,0.9960696,-0.0031534783,-0.0036453845,-0.0032632067,-0.0031613326,-0.0031162964,-0.0031771373,-0.0030801955,-0.0036847717,-0.0037017725,-0.0034233688,0.9964173,-0.003396287,-0.0031358055,-0.0037201357,-0.0031484526,-0.0043651876,-0.0033103055,-0.003633547,-0.0031158074,-0.0037025048,-0.003444059,-0.0031738894,-0.0033118995,-0.0030815217,-0.0031161387,-0.0033540481,-0.0034211099,-0.0030958613,-0.0030681374,-0.0030783464
-0.0005202878,0.9972905,-0.00173771,-0.0017803635,-0.0019813878,0.99659854,-0.00045048023,-0.0016220025,-0.00047271885,0.99726385,-0.0018098109,-0.0017577431,-0.0015147581,-0.0012326557,-0.00042464468,-0.0012848758,-0.00044320483,-0.001757389,0.99725133,-0.00034626632,-0.0009042962,-0.0018104123,-0.0009685883,-0.0005702533,-0.0011160946,-0.0015229934,-0.0018475092,-0.00050532457,-0.0013624196,-0.0006565342,-0.0011413988,-0.0004163587,-0.0019661107,-0.00074940023,-0.00065909297,-0.00080676866,-0.0007595025,-0.00194804,-0.00091769063,-0.00061787304,-0.0005726549,-0.00048657387,-0.0005232845,-0.00050380616,-0.0015864912,-0.0015821647,-0.001851773,-0.0007098693,-0.0011279326,-0.00092497776,-0.0007403741,-0.0017860064,-0.0009629479,-0.0018922117,-0.0015775324,-0.0003103272,-0.0017666626,-0.00076059037,-0.0012040179,-0.00024478586,-0.0018108721,-0.0018084014,-0.0017795523,-0.0008024712,-0.0015904993,-0.00034900405,-0.0015347818,-0.00079805334,-0.00048278493,-0.0012328648,-0.001776818,-0.0016686586,-0.00032186625,0.0,-0.0017766317,-0.0005472334,-0.0015921976,-0.001898248,-0.0009552066,0.99668497,-0.00034256943,-0.001564879,-0.0005841527,-0.00045004545,-0.0003781181,-0.0005032198,-0.00029464505,-0.0016895853,-0.0018863396,-0.000979359,0.9972722,-0.0009239288,-0.0004100292,-0.0019953824,-0.0004154882,-0.0014671949,-0.00068788044,-0.0015184771,-0.0003881759,-0.0018188423,-0.0010211727,-0.0004767845,-0.00071435247,-0.00028304447,-0.00027955853,-0.00084133976,-0.0006291266,-0.0003134407,-0.00028755548,-0.00030428634
0.004335984,1.0024884,0.0047591263,0.0047573675,0.0047642486,1.0018442,0.0038676616,0.0047590625,0.0038882326,1.0023317,0.0047639227,0.0047659553,0.004733393,0.0046631168,0.0039124526,0.0046713348,0.0038922736,0.0047782552,1.0022386,0.00390885,0.0044694273,0.004757494,0.0045840107,0.004365184,0.0046101487,0.0047405227,0.0047701853,0.0043889536,0.004673918,0.0044837412,0.0045964997,0.0041141817,0.0047680056,0.0044368072,0.0044229934,0.0044776364,0.004450863,0.0047637518,0.003919791,0.004405346,0.004379932,0.004160671,0.0043745534,0.00425648,0.004747637,0.004736694,0.0047581075,0.004473624,0.004618972,0.0045335363,0.004435524,0.0047845696,0.0045585604,0.0047678337,0.0047506616,0.0040626647,0.004763658,0.004454035,0.004647317,0.0039934134,0.0047605853,0.0047799544,0.0047649243,0.0044713677,0.0047539417,0.0041143573,0.0047176713,0.004469324,0.0039004332,0.0046693236,0.004754851,0.0047592963,0.0039009014,0.00425775,0.0,0.004365833,0.004737652,0.0047743944,0.004509942,1.0017586,0.0038816785,0.004738194,0.004439952,0.0042427084,0.003913037,0.0042368174,0.0040318454,0.0047766506,0.004760824,0.004582899,1.002377,0.004539414,0.004174472,0.004772999,0.0042265765,0.004351014,0.004453083,0.0047364933,0.004090161,0.0047620405,0.0045891083,0.004269341,0.0044702697,0.004024399,0.003914725,0.00448518,0.003953895,0.0041465834,0.003963872,0.0040394943
-1.8715924e-05,0.99718213,-0.0011268029,-0.001161989,-0.0014256735,0.996481,-1.7184178e-05,-0.0009721873,-1.7685e-05,0.9971566,-0.0012159208,-0.0011345565,-0.0008181336,-0.0004896433,-2.0139287e-05,-0.0005323824,-1.8280985e-05,-0.0011346308,0.9971393,-5.913301e-08,-9.7818374e-05,-0.0012055952,-0.0002067395,6.8263676e-06,-0.0003739989,-0.0008272824,-0.0012600989,-2.0035817e-05,-0.00064310303,-1.9325153e-05,-0.00037797034,-1.3353295e-05,-0.0014215532,-2.197792e-05,-2.6658317e-05,-2.5028708e-05,-7.752536e-06,-0.0013909797,-5.930049e-05,-4.2517254e-06,-3.0070134e-05,9.8464725e-06,-1.3608547e-05,-9.457491e-06,-0.00092542043,-0.0009077504,-0.001269392,-2.7613056e-05,-0.0003367316,-0.00014162832,-9.855418e-06,-0.0011799193,-0.00017050376,-0.0013166909,-0.0009115538,-1.3258264e-06,-0.0011507439,-1.824654e-05,-0.00042865335,6.809578e-06,-0.0011879819,-0.001207825,-0.0011800576,-2.9846999e-05,-0.00092947844,-2.2035094e-05,-0.0008719705,-3.035293e-05,-3.5942828e-06,-0.0004960681,-0.0011753872,-0.0010472006,-2.1730204e-05,2.8713087e-06,-0.0011652292,0.0,-0.0009289738,-0.0013252501,-0.00016597124,0.9965763,-2.272755e-05,-0.00088365056,-1.9667326e-05,-1.2892095e-05,-7.871845e-06,-2.1709453e-05,3.6531083e-06,-0.0010541803,-0.0013182315,-0.00020805682,0.99715877,-0.00014666443,-1.1981937e-05,-0.0014616209,8.9677915e-06,-0.00049583375,-1.8368342e-05,-0.00081140647,-2.3521043e-05,-0.0012284021,-0.00025276153,-2.5594165e-05,-2.4553136e-05,1.1176263e-05,-1.059121e-05,-5.6265813e-05,-1.1239987e-05,-1.9255835e-05,7.1431027e-06,-1.1810221e-05
0.0024886571,1.001278,0.0043710023,0.0043595177,0.004497896,0.9975995,-1.240911e-05,0.0042678025,1.3576714e-05,1.0008502,0.0044089006,0.004368828,0.0041656573,0.003946184,4.2653137e-05,0.003979219,5.466578e-05,0.004379359,1.0007211,2.5182204e-05,0.0032763921,0.0043901526,0.003680512,0.0026175114,0.0038076,0.0041902107,0.004429326,0.0026725996,0.0040151575,0.0031929964,0.0037505263,0.0015782396,0.0045023104,0.0032513237,0.0029294924,0.0033703516,0.0032465553,0.004486908,-6.811643e-06,0.0028506448,0.0026999402,0.0013640097,0.0026188598,0.002187403,0.0042227306,0.0042184056,0.004434822,0.003111775,0.0038212696,0.0035458533,0.003229661,0.004352056,0.0036303157,0.004466473,0.0042239632,0.0009007133,0.004363689,0.0033177617,0.0039180885,0.00030321916,0.0043575163,0.004419623,0.0043845274,0.0033163757,0.00422441,0.0014950007,0.004162944,0.0033502127,6.164844e-06,0.0039680796,0.0043530464,0.004288948,5.5020337e-05,0.0022066827,0.0043990565,0.0026390166,0.0,0.0044768234,0.0035210957,0.9980769,3.424815e-05,0.004203905,0.0029354992,0.002110719,6.1649356e-05,0.0021070996,0.0007360636,0.0043048607,0.004453504,0.0036908474,1.0010108,0.0035441334,0.0019115518,0.0045146653,0.0020807579,9.218065e-06,0.0030788293,0.004169338,0.0011368347,0.0044053462,0.003737648,0.0021853219,0.0031844773,0.00061608915,-1.3619907e-05,0.0034148758,-2.0596155e-05,0.0012953592,0.00039642828,0.000775161
0.005207925,1.0038536,0.005332263,0.005334851,0.005297504,1.0038848,0.0050359997,0.0053499816,0.0050737923,1.0038048,0.0053248177,0.0053340294,0.0053484566,0.0053189322,0.005087983,0.005320107,0.0050325817,0.0053442544,1.0037885,0.00505733,0.005217025,0.005323488,0.005276051,0.005221576,0.0052965423,0.0053465636,0.005326859,0.0052155307,0.0053228363,0.005238362,0.005296114,0.005094741,0.0053013787,0.0052011786,0.005211542,0.0052234437,0.0052040345,0.005302302,0.005197219,0.005217451,0.0052122157,0.0051103407,0.005217286,0.0051616775,0.005353533,0.0053507467,0.005317629,0.005255183,0.005293827,0.0052457387,0.0052074194,0.0053486484,0.005269047,0.0053163,0.005346669,0.0050868858,0.0053340886,0.005206567,0.0053120097,0.0050612926,0.005339575,0.0053326576,0.0053302217,0.005223417,0.0053530494,0.0050924425,0.0053409534,0.005221158,0.005120039,0.0053161276,0.0053301495,0.005351238,0.0050480682,0.0051658615,0.0053407107,0.0052120853,0.0053440775,0.0,0.005245445,1.0037931,0.005056107,0.005343897,0.005238569,0.005152371,0.0050327755,0.0051484713,0.005077442,0.005362091,0.005309813,0.00527216,1.0038285,0.0052598934,0.005124913,0.005293113,0.0051452825,0.0056112357,0.0052360822,0.0053506056,0.0050837374,0.005327176,0.005286616,0.005159935,0.0052340617,0.005058016,0.005051388,0.0052258354,0.0051967665,0.005112623,0.0050369035,0.0050664707
7.01501e-05,1.0019466,0.0016169745,0.0016245531,0.0017816885,0.9979678,4.4001026e-05,0.0013884923,2.5186804e-05,1.0015378,0.0016959772,0.0016577485,0.0013025886,0.0011396639,-1.4899728e-06,0.001183196,-1.2126613e-07,0.0016624344,1.0014294,-2.715289e-06,0.000515163,0.0016836035,0.00095927244,0.00018174761,0.001034454,0.00129498,0.001724156,0.00018182627,0.0011969155,0.0004981352,0.0011024702,3.7976213e-05,0.00178125,0.00062199717,0.0003555969,0.0006878436,0.0006544652,0.0017826592,2.174088e-05,0.00027521807,0.00019653192,3.1268297e-05,7.618563e-05,4.53693e-06,0.0013415491,0.001360523,0.0017203399,0.00043922066,0.0010743669,0.0008671446,0.0006528806,0.0014565256,0.0009163073,0.001772195,0.0013273683,1.729155e-05,0.001632865,0.0007136349,0.0011432996,8.773439e-06,0.001578841,0.0016862225,0.0016673957,0.0006707458,0.00134187,3.253404e-05,0.0013022062,0.0006997697,9.308198e-06,0.0011673676,0.0016219266,0.0013971298,1.537628e-05,1.5927531e-05,0.0016443983,0.00016493294,0.0013375323,0.0017868702,0.0,0.99863267,2.8287109e-06,0.0013498261,0.00030511446,3.9736857e-05,2.9094166e-05,4.1992105e-05,2.9445317e-05,0.001428736,0.0017516204,0.0009786282,1.0017563,0.00083629676,3.82952e-05,0.0017817996,4.3896944e-05,1.16858155e-05,0.00045509593,0.0012892645,-7.340433e-07,0.0016904115,0.0010068604,4.752155e-05,0.0005642861,2.6341755e-05,9.504795e-07,0.00079581875,-5.836254e-06,5.7696663e-05,2.3567649e-05,2.1505488e-05
-0.00045704658,1.0009466,-0.00038367178,-0.0004029276,-0.00036428825,1.0002005,-0.00058729894,-0.00041814495,-0.0007555846,1.0008548,-0.00040153426,-0.00036353956,-0.00040330418,-0.0004433272,-0.00069073733,-0.0004233568,-0.0006278459,-0.0003805732,1.0008392,-0.0006169159,-0.00046503008,-0.0003843569,-0.0004518192,-0.00047868022,-0.00042138872,-0.00042653273,-0.00040746498,-0.0004888955,-0.00043739905,-0.00049039186,-0.0004302504,-0.00050712976,-0.0003671532,-0.00041223108,-0.0005186949,-0.00042031138,-0.00040769606,-0.00037495847,-0.0008009169,-0.0005347386,-0.0004924872,-0.00054163655,-0.0004792434,-0.00049320736,-0.00042325899,-0.000416262,-0.0003497019,-0.0004555628,-0.00041000996,-0.00044594627,-0.00038503963,-0.00041565203,-0.0004049086,-0.00035018497,-0.0004431669,-0.0005280083,-0.0003964832,-0.00041515933,-0.0004261801,-0.0005698904,-0.00039102486,-0.00037293762,-0.00039646483,-0.0004185734,-0.0004445435,-0.0004873881,-0.000393403,-0.00040022857,-0.00075061916,-0.00044227322,-0.00037659856,-0.000436554,-0.0006291039,-0.00051302946,-0.0003857855,-0.00049211277,-0.00041377035,-0.00036097734,-0.0004455612,0.0,-0.000658596,-0.00043821536,-0.0004541242,-0.0004927341,-0.0005927139,-0.00051783887,-0.00052472774,-0.0004176207,-0.00039061226,-0.00047179064,1.0009024,-0.000409926,-0.0005042757,-0.00038316048,-0.00046904755,-0.00097179646,-0.00048233365,-0.0004175043,-0.00055829046,-0.0003640107,-0.0004215385,-0.0005209696,-0.00044744316,-0.0005317315,-0.0006033335,-0.00042581838,-0.0007797172,-0.0005269896,-0.00055526965,-0.0005484804
-0.003668921,0.99618596,-0.004021689,-0.0040349215,-0.004037055,0.9957328,-0.0035960854,-0.0040068245,-0.003669294,0.9961592,-0.004033957,-0.004028844,-0.003983598,-0.003911975,-0.0036485475,-0.003920766,-0.0035977857,-0.004033383,0.9961402,-0.0036235063,-0.0037834798,-0.0040305797,-0.003819912,-0.003670537,-0.0038808433,-0.003993318,-0.0040348666,-0.0036627306,-0.0039420333,-0.0037207254,-0.003881876,-0.0035746426,-0.0040348605,-0.0037299567,-0.0037051553,-0.003748762,-0.003728493,-0.00403274,-0.003921046,-0.0037025146,-0.003693299,-0.0035977173,-0.003665587,-0.0036367949,-0.0040041604,-0.0040068175,-0.0040319418,-0.003749069,-0.0038612906,-0.0037852505,-0.0037342596,-0.004038346,-0.0038199234,-0.004034008,-0.004003323,-0.00355452,-0.0040307874,-0.0037296086,-0.003904583,-0.0035485004,-0.0040410645,-0.0040275278,-0.0040280228,-0.0037547287,-0.004009883,-0.0035761655,-0.0039972123,-0.0037510218,-0.0037507273,-0.0039071795,-0.004026277,-0.004027987,-0.0035887053,-0.0036249836,-0.0040292973,-0.0036788625,-0.004004241,-0.0040289853,-0.003801873,0.99582773,0.0,-0.004000182,-0.0036980635,-0.0036158988,-0.0035656923,-0.003630077,-0.0035507313,-0.0040289694,-0.0040259394,-0.0038216533,0.9961625,-0.0038015633,-0.0036002514,-0.004031644,-0.0036036908,-0.004805084,-0.0037428425,-0.0039924276,-0.0035736102,-0.004031671,-0.003842147,-0.0036223205,-0.0037331567,-0.00354446,-0.0035836229,-0.003767055,-0.0038549746,-0.003553154,-0.0035401226,-0.00353428
0.0023785948,1.0012871,0.0043415204,0.0043131188,0.0044558323,0.9975301,1.978075e-05,0.0042320243,5.0837894e-05,1.0009006,0.004362984,0.0043325312,0.0041209683,0.0038935412,3.021909e-05,0.0039324807,4.8470338e-05,0.0043401574,1.0003078,5.275153e-05,0.0031859803,0.0043437206,0.003624709,0.002534272,0.0037430576,0.0041578943,0.0043949033,0.0026231525,0.0039459807,0.003140949,0.0036520108,0.0014385232,0.004458909,0.0031694511,0.002859866,0.003329531,0.0031737338,0.0044475207,5.207056e-08,0.0027719734,0.0026333858,0.0012657099,0.0025546874,0.002072927,0.004173802,0.0041731033,0.0043938686,0.003030665,0.0037792202,0.0034921714,0.0031620536,0.004310244,0.003588579,0.004426078,0.004187358,0.0007990227,0.0043205605,0.0032669965,0.003859247,0.00020888774,0.0043198992,0.0043826154,0.0043388885,0.0032645324,0.0041834405,0.0014509313,0.004107358,0.0032915093,6.424741e-06,0.003912461,0.004310683,0.004243746,1.0692053e-05,0.0020743145,0.0043697525,0.0025507233,0.00415539,0.004440391,0.0034418872,0.9980673,4.863452e-06,0.0,0.002889637,0.00200784,-6.8030845e-06,0.0019781217,0.00061480625,0.004266512,0.004404336,0.003641144,1.0010204,0.0034932366,0.001777823,0.0044701626,0.0019844214,2.7180835e-05,0.0030091242,0.0041224365,0.0009923688,0.004357939,0.003682465,0.002105029,0.003111872,0.0004982768,9.280791e-07,0.0033471307,1.1596089e-05,0.0012274513,0.00028073645,0.00069966505
-1.4705244e-05,0.9971237,-0.0004807687,-0.0005737383,-0.0008798562,0.99642605,-1.6845483e-05,-0.0003218778,-1.0532129e-06,0.9971093,-0.0006176307,-0.0005078327,-0.00018670694,-2.042425e-05,6.0615785e-06,-2.9910489e-05,-3.3591186e-06,-0.00051799987,0.9970649,-1.8879518e-05,-1.8959783e-05,-0.0006204344,-1.0678939e-05,6.0729194e-06,4.6825153e-06,-0.00015821157,-0.0006694469,-5.2961514e-06,-3.4210865e-05,9.258965e-06,-3.577736e-05,-1.1348875e-05,-0.0008569362,-5.1836014e-06,-6.0924394e-06,-2.6947619e-05,-2.5789657e-05,-0.00082300307,1.670387e-05,-6.6612656e-06,9.411825e-06,-1.2849106e-05,-1.4190917e-05,-1.0288131e-06,-0.0003343765,-0.00029873924,-0.0006766953,1.0692268e-05,3.6994468e-06,-2.399376e-06,-1.8417032e-06,-0.0006029338,8.1207345e-06,-0.00073502463,-0.00024330728,4.8523907e-07,-0.0005514284,-2.0733926e-06,-2.6414877e-05,-1.5596055e-05,-0.0006286471,-0.0005939649,-0.00058216625,-1.4338353e-05,-0.0003095224,-1.6838383e-05,-0.00024552015,-3.7294228e-07,9.513103e-06,-1.7719214e-05,-0.0005835816,-0.00039949536,-7.580798e-06,-4.4700235e-07,-0.00053371314,-1.822602e-05,-0.00033311412,-0.0007333275,-2.4153716e-05,0.9964584,-1.2063228e-05,-0.00026408222,0.0,-9.977565e-06,8.975912e-06,-6.2717595e-06,6.5195064e-07,-0.0004365229,-0.0007470322,-1.3761328e-05,0.9970981,-8.3992145e-06,-1.3182096e-05,-0.0009125296,-4.060674e-06,-6.6910807e-06,-1.2206964e-05,-0.00017161477,7.671924e-06,-0.0006308947,-2.5070765e-05,2.673426e-06,-2.5006011e-05,8.205272e-06,5.7968714e-06,1.0387834e-07,1.5257769e-05,-1.1471689e-05,-1.2691811e-05,-1.3842978e-06
-0.00056226336,0.9973078,-0.0017921762,-0.0018125867,-0.0020151346,0.9965865,-0.0004211252,-0.0016674028,-0.00047334252,0.997288,-0.0018515977,-0.001793299,-0.0015357363,-0.0012738036,-0.0004399703,-0.0013127137,-0.00041992142,-0.0018053976,0.99726254,-0.0003865053,-0.00086078665,-0.0018483674,-0.0010299701,-0.00059979653,-0.0011644275,-0.0015682629,-0.0018840893,-0.000621062,-0.0013960125,-0.00073162053,-0.0011901308,-0.00045292565,-0.0020096332,-0.0008017155,-0.0006872966,-0.0008624784,-0.00080741453,-0.001982519,-0.00092741236,-0.00065425405,-0.00062696735,-0.00044533043,-0.0006053269,-0.0005536057,-0.0016353286,-0.0016293833,-0.0018957054,-0.0007498349,-0.0011327323,-0.00095514033,-0.0007783595,-0.0018249161,-0.0010060671,-0.001933885,-0.001626552,-0.00037054982,-0.0018039754,-0.0008228881,-0.0012323791,-0.0003214664,-0.0018197979,-0.001848504,-0.0018321451,-0.0008704439,-0.0016419705,-0.00040730077,-0.001585871,-0.0008496702,-0.00054337253,-0.0012812646,-0.0018100365,-0.0017247243,-0.000391091,-0.00051275175,-0.0018176483,-0.00058365165,-0.0016306139,-0.0019439376,-0.0009959749,0.9967178,-0.00040072622,-0.0016041156,-0.00066361803,0.0,-0.00037214268,-0.0005297367,-0.00036932732,-0.001730641,-0.0019250882,-0.0010312424,0.99729055,-0.0009803064,-0.000478732,-0.002035092,-0.000471857,-0.0015581727,-0.0007488341,-0.0015483974,-0.00045381914,-0.0018580863,-0.0010701226,-0.0005304003,-0.00075392006,-0.00034778603,-0.00039616603,-0.0008921364,-0.0006566884,-0.0003918288,-0.0003429131,-0.0003534233
-0.0031489492,0.9964835,-0.0036232446,-0.0036323664,-0.003659051,0.99598014,-0.003015542,-0.0035907675,-0.0030838714,0.99645597,-0.0036361667,-0.0036260718,-0.0035492457,-0.0034581188,-0.0030787783,-0.0034698497,-0.0029800204,-0.0036344158,0.996438,-0.0030508873,-0.003280047,-0.0036305871,-0.003342425,-0.0031426828,-0.0034184288,-0.003569227,-0.0036410787,-0.0031556508,-0.003496517,-0.003221604,-0.0034042522,-0.0030072625,-0.0036581755,-0.0032282418,-0.0031818764,-0.0032663154,-0.0032310588,-0.0036512134,-0.003331619,-0.0031894604,-0.0031759588,-0.0030212286,-0.0031543314,-0.0030922925,-0.0035890196,-0.0035895184,-0.0036440336,-0.0032394873,-0.003382665,-0.003300317,-0.0032327755,-0.0036387523,-0.0033473421,-0.0036515663,-0.0035794436,-0.0030002962,-0.0036285494,-0.0032393488,-0.0034433696,-0.0030268067,-0.0036368493,-0.0036329215,-0.0036283329,-0.0032741814,-0.003592494,-0.0030383621,-0.0035675764,-0.003261764,-0.003189021,-0.0034559895,-0.003623645,-0.003613703,-0.003048807,-0.0031104223,-0.003631675,-0.0031649244,-0.0035816496,-0.003646402,-0.0033146362,0.99610585,-0.0030520232,-0.003577419,-0.003187974,-0.003081548,0.0,-0.0030771145,-0.0030155233,-0.0036207594,-0.003636749,-0.00334711,0.9964621,-0.0033320028,-0.0030693873,-0.003657352,-0.0030695791,-0.004286565,-0.0032338423,-0.0035650546,-0.0030129307,-0.0036340167,-0.0033736257,-0.0030925702,-0.0032243032,-0.0030078094,-0.0030750649,-0.003277182,-0.0032994254,-0.0030196467,-0.002992466,-0.0029843894
-0.00049496535,0.99729466,-0.0017411613,-0.0017516537,-0.0019587784,0.99657637,-0.00030041172,-0.0016066605,-0.0003504157,0.9972635,-0.001794433,-0.0017347086,-0.001463801,-0.0012004449,-0.00036938538,-0.0012469984,-0.00027409315,-0.0017500703,0.9972303,-0.00029348026,-0.00079632393,-0.0017905337,-0.0009529028,-0.00051691645,-0.0010852328,-0.0015085601,-0.0018274192,-0.00054066436,-0.0013131638,-0.00067303027,-0.0010916147,-0.00033483235,-0.0019546726,-0.0007216451,-0.0005989671,-0.00079794123,-0.0007234001,-0.0019278098,-0.0008038415,-0.00058393565,-0.0005545088,-0.00033997794,-0.00052303536,-0.00044086322,-0.0015829031,-0.001577745,-0.001839669,-0.0006686846,-0.0010476344,-0.0008787015,-0.00071171095,-0.0017661788,-0.00094351557,-0.0018797667,-0.0015647246,-0.00028463054,-0.0017417821,-0.0007506105,-0.0011644495,-0.00028267197,-0.0017615062,-0.0017951594,-0.0017704319,-0.000800267,-0.0015776095,-0.00032019266,-0.0015147994,-0.0007832893,-0.00045314085,-0.0012151006,-0.0017470121,-0.0016563175,-0.0002996745,-0.00044476605,-0.0017640883,-0.0005324021,-0.0015610115,-0.0018913106,-0.00091623986,0.996727,-0.00030249075,-0.0015461718,-0.0005885195,-0.0004060694,-0.00023580369,0.0,-0.00028877726,-0.0016715176,-0.0018627818,-0.00096237846,0.9972745,-0.0009137699,-0.0003969428,-0.001976027,-0.0003964048,-0.0014516554,-0.0006691377,-0.0014845284,-0.00032055925,-0.0017987458,-0.0010072617,-0.0004253775,-0.0006793472,-0.00028783266,-0.00032761876,-0.00081821455,-0.0005606267,-0.00030981912,-0.00027786373,-0.00028025344
-0.002067505,0.99698985,-0.0028377622,-0.0028533689,-0.002946135,0.996421,-0.0019781175,-0.0027727694,-0.0020561253,0.9969748,-0.002870845,-0.0028422892,-0.002709548,-0.0025526446,-0.0020114363,-0.0025733698,-0.0019826416,-0.0028492005,0.9969553,-0.0019793476,-0.0023155275,-0.002867733,-0.002383516,-0.0020842985,-0.0024806284,-0.00272723,-0.0028841118,-0.002069177,-0.0026177967,-0.0021827524,-0.0024840075,-0.0019503337,-0.0029402126,-0.0022300193,-0.0021559272,-0.0022610805,-0.0022290559,-0.0029264004,-0.0023359286,-0.0021357476,-0.0021131106,-0.001993978,-0.002074059,-0.0020324409,-0.0027589642,-0.0027596212,-0.0028869014,-0.0022124704,-0.0024639247,-0.0023318364,-0.0022237727,-0.0028554972,-0.002377203,-0.0029085635,-0.0027565947,-0.001899898,-0.002846795,-0.002234104,-0.0025318367,-0.0018752626,-0.0028613647,-0.0028662016,-0.0028543547,-0.0022649122,-0.0027638574,-0.0019391939,-0.0027356693,-0.0022635509,-0.002120277,-0.0025513908,-0.0028494194,-0.002810077,-0.0019302373,-0.001993373,-0.002854852,-0.0020822666,-0.0027565493,-0.002908313,-0.0023489764,0.99653596,-0.0019636618,-0.002743816,-0.0021322842,-0.0020001994,-0.001944184,-0.0020294737,0.0,-0.0028152734,-0.0028962155,-0.00238643,0.996976,-0.0023497425,-0.001969957,-0.0029490562,-0.0019821285,-0.0032166932,-0.0022023953,-0.0027187052,-0.001943338,-0.0028736305,-0.0024180235,-0.0020140116,-0.0022120292,-0.0018898537,-0.0019211564,-0.0022943262,-0.0022359253,-0.001910267,-0.001881719,-0.0018844871
0.0030198912,1.0015407,0.0045877695,0.004580251,0.0050555677,0.998603,0.0012595201,0.004548631,0.0009662684,1.0011896,0.004604795,0.0045895437,0.0044709933,0.0043208404,0.0011000858,0.0043473016,0.0012763473,0.0046089687,1.001039,0.0012315401,0.0038725503,0.004601687,0.004142682,0.003448096,0.004211908,0.0044989865,0.004621514,0.0031975748,0.004361468,0.003867328,0.0041704914,0.0022284556,0.00505859,0.0038246897,0.0034150376,0.00391743,0.0038344453,0.005045488,0.0005252955,0.0032884565,0.0032141819,0.0023319009,0.0035142761,0.0028241582,0.0045206468,0.004510907,0.004609668,0.0037954263,0.0042290264,0.004041247,0.0038090714,0.0046098093,0.0040866556,0.004635391,0.004520606,0.0020059568,0.004586706,0.003871973,0.0042937146,0.0017224388,0.0045914333,0.004626699,0.004600186,0.0039000807,0.004520945,0.0022076874,0.00446404,0.0038963237,0.0008975905,0.004337656,0.0045796647,0.004557237,0.0013107258,0.0028197153,0.004620594,0.0031378919,0.004500627,0.004650042,0.004000727,0.99870825,0.0011834471,0.004501635,0.0035717709,0.0026457638,0.0014367244,0.002679453,0.0019174488,0.0,0.0046316166,0.004149715,1.0012996,0.0040399516,0.0025461717,0.005077331,0.002707805,0.00029818498,0.0037475126,0.0044837277,0.0021571,0.004600087,0.004157882,0.002863661,0.0038291172,0.0019030393,0.0013253937,0.003935252,0.00070297084,0.002267433,0.0017045619,0.0019163548
0.005103301,1.0037005,0.005251469,0.005254776,0.0052288836,1.0036694,0.004915936,0.005272547,0.0049480437,1.0036309,0.005249152,0.0052560847,0.0052652876,0.005231488,0.0049651023,0.0052379915,0.0049100085,0.005267323,1.0036181,0.004931355,0.005127497,0.0052497913,0.0051874905,0.005118575,0.0052121184,0.005264551,0.005249779,0.0051120156,0.005238177,0.0051439563,0.005210918,0.004979007,0.0052305814,0.0051083346,0.005115625,0.005126841,0.005106544,0.005229536,0.005067324,0.005118784,0.0051126224,0.0050071715,0.005110982,0.005057479,0.005274764,0.0052713123,0.0052417004,0.0051603895,0.005209658,0.0051572006,0.0051163705,0.0052758562,0.005180586,0.0052415417,0.0052659083,0.0049697794,0.0052576205,0.0051146345,0.0052299374,0.004942471,0.005265135,0.0052571525,0.005253143,0.005130643,0.0052712364,0.0049722414,0.0052604065,0.005128933,0.0049937833,0.0052305227,0.0052526137,0.0052725784,0.004921565,0.0050589046,0.0052616596,0.005111486,0.0052685183,0.005238458,0.005159021,1.0035931,0.0049268664,0.005262717,0.005139542,0.005040751,0.0049140863,0.0050470317,0.004956537,0.0052803955,0.0,0.005183065,1.0036628,0.005169449,0.0050168275,0.0052240123,0.005038196,0.005496146,0.005142495,0.0052689044,0.0049759136,0.0052519534,0.0051985746,0.00505544,0.005141895,0.004936444,0.0049214074,0.0051349495,0.0050691087,0.004995385,0.0049132877,0.0049462635
0.00022844157,1.0022188,0.0020236971,0.0019443216,0.0021467942,0.9981655,1.9778001e-05,0.0018971742,-1.46598e-05,1.001944,0.002055362,0.0020121345,0.0017448119,0.0015270668,3.7860926e-05,0.0015777674,2.3347637e-05,0.0020030676,1.001682,-7.1994027e-06,0.00074949034,0.0020185567,0.0013539682,0.00036325303,0.0013791576,0.0018048633,0.0020895738,0.00047829706,0.0015400723,0.0008805441,0.0012355371,-6.749683e-06,0.0021379162,0.0009030574,0.00063706154,0.001061506,0.00094664714,0.002134944,-6.432453e-06,0.0005407833,0.0004385447,3.2448694e-05,0.0004128716,7.491408e-05,0.0017472046,0.0017780199,0.0021134338,0.0007316896,0.0014514151,0.0012281872,0.00091956934,0.0018990703,0.0013073713,0.0021423397,0.0018360743,3.4042627e-05,0.0019603323,0.0010376631,0.0014873295,3.7495007e-05,0.0019106029,0.0020907603,0.002021697,0.0009860275,0.0017875712,3.5638837e-05,0.0017032231,0.0010412425,2.3706982e-05,0.0015737056,0.0019405077,0.001894596,9.227006e-06,6.5112625e-05,0.0020512778,0.00037728326,0.0017690508,0.0021755998,0.0011200103,0.9986381,2.9695731e-05,0.0017804971,0.0006858039,3.5971738e-05,-9.394811e-06,-3.4627808e-06,-6.0873067e-06,0.0019002005,0.0020901854,0.0,1.0020376,0.0012222244,4.4677694e-05,0.0021508685,4.5615365e-05,1.980933e-05,0.0007252828,0.0017572884,-1.4112695e-05,0.0020480198,0.0013836621,0.0001274696,0.0008244212,3.0215933e-05,-1.3225138e-05,0.001119594,1.2655132e-06,-4.1839767e-06,2.1932942e-06,4.6369787e-05
0.00067284075,1.0022148,0.0010228188,0.0010083327,0.0010588415,1.0016127,0.0003418737,0.00095192296,0.00017547983,1.0021572,0.0010297378,0.0010336653,0.00093415775,0.0008838124,0.00022788803,0.00090486003,0.00032831042,0.0010280585,1.0021398,0.00032562434,0.00076392485,0.0010363383,0.0008382027,0.00066763663,0.00087749946,0.00093917316,0.0010274637,0.0006803863,0.0008973012,0.0007330798,0.0008575939,0.0005507207,0.0010597701,0.00079659023,0.00068090216,0.0008033764,0.0008018271,0.0010511903,7.20662e-05,0.00066582684,0.00067586394,0.0005478403,0.0006761418,0.000626624,0.00094101176,0.000946034,0.0010588557,0.00074905704,0.00087867386,0.000814801,0.0008165608,0.0009882803,0.0008567987,0.0010721324,0.00094073714,0.00050279096,0.0010134975,0.00080244616,0.0008829014,0.00041965462,0.000995006,0.0010388447,0.0010259235,0.00080196693,0.0009317469,0.0005685451,0.000953304,0.0008179739,0.00016185432,0.00089219405,0.0010206617,0.0009652608,0.00033449984,0.000615714,0.0010280408,0.0006683479,0.00095415185,0.0010624962,0.0008113486,1.0017511,0.0002818861,0.0009404887,0.00071770797,0.0006128873,0.00036782076,0.00059620175,0.0004965517,0.0009656368,0.0010423483,0.0008251133,0.0,0.00084134325,0.00058892067,0.001048498,0.0006282105,-0.00015159925,0.0007309165,0.00093780475,0.0005129961,0.0010453778,0.0008556697,0.0006122926,0.0007607171,0.00048098306,0.00033667227,0.0008145792,0.00010458452,0.0005398884,0.000447184,0.00047264717
0.00010714044,1.0020965,0.0017696836,0.0016628228,0.0018314234,0.9981593,3.5584064e-05,0.0014746204,1.0726142e-05,1.001815,0.0017456871,0.0017215593,0.0013455399,0.0011999487,-1.06663965e-05,0.0012258526,6.1986125e-06,0.0017199996,1.0015624,1.8410692e-05,0.0005298336,0.0017047432,0.001035442,0.00017999693,0.0011075839,0.0014231468,0.0017574835,0.00029401298,0.0011869471,0.00065554655,0.00088453054,3.185712e-05,0.0018323587,0.00068434066,0.0004140379,0.0008593175,0.0007167327,0.0018290023,3.3144483e-05,0.00037531304,0.00028483273,1.1165315e-07,0.00025914982,7.429159e-05,0.0013794594,0.0014048904,0.0018205149,0.00051684346,0.0011142684,0.0009465461,0.00070707296,0.0016097219,0.0010212549,0.0018295046,0.0014554764,2.9229874e-05,0.0016775384,0.0008111582,0.0011621041,4.0099123e-05,0.0016023364,0.0017785945,0.0017116378,0.0007753371,0.0014101105,5.0072566e-05,0.0013244956,0.0008108392,-3.1411264e-06,0.0012158721,0.0016269947,0.0014854072,1.1276622e-05,2.5244752e-05,0.0017777521,0.0002187422,0.0013601036,0.0018463071,0.0008284771,0.99860644,1.5284157e-05,0.0014014952,0.00047877434,6.3388274e-05,3.17467e-06,-6.9743737e-06,8.661073e-06,0.0014880556,0.0017747,0.0010619223,1.0019195,0.0,1.9085795e-05,0.0018315582,-3.2729863e-06,1.1636714e-05,0.0005342545,0.001370959,4.099816e-05,0.0017281953,0.0010778131,7.01576e-05,0.00059667596,2.0087009e-05,-2.90391e-06,0.0008349211,-4.6812625e-06,1.007835e-05,3.0980318e-06,2.1533035e-05
-0.0008629599,0.99731314,-0.0019752004,-0.0019924976,-0.0021673597,0.99661505,-0.000737757,-0.0018652977,-0.00082037644,0.99729097,-0.0020282841,-0.0019794449,-0.0017574774,-0.0015188019,-0.0007593144,-0.0015524047,-0.0007401112,-0.0019831776,0.9972703,-0.0007411394,-0.001141323,-0.0020170812,-0.0012869537,-0.00088313036,-0.0014129666,-0.0017860432,-0.002054069,-0.0008895677,-0.0016227536,-0.0010235936,-0.0014151253,-0.0007591938,-0.002159277,-0.0010854463,-0.0009850855,-0.0011339125,-0.0010917712,-0.0021418503,-0.0011750162,-0.00095332327,-0.0009053312,-0.00075943215,-0.00089255633,-0.00084124424,-0.0018296738,-0.0018317484,-0.0020616634,-0.001037193,-0.0013953663,-0.0012312598,-0.001058019,-0.0020037412,-0.0012740366,-0.002097962,-0.0018353005,-0.0006804984,-0.0019869634,-0.0011065007,-0.0014780773,-0.0006208402,-0.0020082353,-0.0020282913,-0.0020017414,-0.0011385814,-0.0018405074,-0.00072801654,-0.0017913434,-0.0011293415,-0.0009054367,-0.0015200039,-0.0019882927,-0.0019126477,-0.0007006761,-0.0007929178,-0.0020010564,-0.00089058536,-0.0018320772,-0.0021059131,-0.0012421383,0.99675304,-0.00072480657,-0.0018104954,-0.0009571053,-0.00079124974,-0.000702053,-0.0008257124,-0.00067231123,-0.0019225539,-0.0020797781,-0.0012900556,0.99729633,-0.0012418617,0.0,-0.0021818406,-0.0007680738,-0.0019010012,-0.0010241278,-0.0017709534,-0.0007378117,-0.0020326625,-0.0013309737,-0.0008308291,-0.001040007,-0.00066801783,-0.00070702087,-0.001162927,-0.0009852477,-0.0007059462,-0.00065470394,-0.0006659052
0.0055651045,1.0043029,0.005611642,0.005615202,0.0055698203,1.0044377,0.005451479,0.005639749,0.0054915166,1.0042768,0.005605012,0.005614475,0.0056463317,0.0056258095,0.005504586,0.0056291535,0.005445575,0.005623389,1.0042748,0.00546613,0.005550927,0.0056058364,0.005592766,0.005574079,0.0056136427,0.005641799,0.0056041437,0.0055609667,0.0056283358,0.0055703605,0.0056150057,0.0054757404,0.005571936,0.005535977,0.005554013,0.0055540497,0.0055367164,0.005573836,0.005615109,0.0055595674,0.0055659106,0.005486294,0.0055682585,0.0055279043,0.0056484938,0.0056479145,0.005593705,0.00559501,0.0056087174,0.005568529,0.005542718,0.005633393,0.005588744,0.00559065,0.00563779,0.0054766107,0.005614565,0.0055409702,0.005624667,0.0054629487,0.005625706,0.0056106416,0.005609962,0.0055591185,0.0056460355,0.005470126,0.0056402404,0.0055533517,0.0055335844,0.005619414,0.005612233,0.005638352,0.0054580937,0.005525281,0.0056188065,0.0055657737,0.005641629,0.005585101,0.0055742045,1.004366,0.005470199,0.0056393268,0.005584225,0.0055186213,0.0054406566,0.0055198753,0.0054668444,0.005649774,0.005588095,0.0055870973,1.0042952,0.005580519,0.0054992144,0.0,0.0055100042,0.006009922,0.0055755363,0.0056496933,0.0054670973,0.005607122,0.0056036855,0.0055223345,0.0055720466,0.0054477495,0.0054596756,0.0055542104,0.0056084697,0.005487171,0.005432477,0.0054561016
-0.00064403826,0.99730426,-0.0018316462,-0.0018609577,-0.0020546492,0.9965983,-0.00051720795,-0.0017090912,-0.0005718866,0.9972913,-0.0018959175,-0.0018389899,-0.001595441,-0.0013356077,-0.00051991764,-0.0013736826,-0.00051961676,-0.0018438787,0.99726146,-0.00046919333,-0.00096363126,-0.0018891707,-0.0010833836,-0.00068025396,-0.0012317764,-0.0016137802,-0.0019267228,-0.0006631752,-0.001458131,-0.00078498357,-0.0012540166,-0.0005434084,-0.0020474254,-0.00087843183,-0.0007637321,-0.00092858594,-0.0008773142,-0.0020235914,-0.0010161914,-0.000730905,-0.0006950901,-0.00053559506,-0.0006618896,-0.00063149317,-0.0016859834,-0.0016799794,-0.0019366497,-0.00083109754,-0.0012024699,-0.0010276693,-0.0008501112,-0.001871284,-0.0010699687,-0.0019744895,-0.0016703426,-0.00045292123,-0.0018511075,-0.0008889327,-0.0012929667,-0.00039166707,-0.001876274,-0.0018898359,-0.0018731962,-0.0009336181,-0.00168849,-0.0004908069,-0.001637031,-0.0009109782,-0.0006308855,-0.0013354258,-0.0018563102,-0.0017654125,-0.0004745127,-0.00057455146,-0.0018594762,-0.00066411553,-0.0016843287,-0.001983638,-0.0010651214,0.9967128,-0.00047909358,-0.0016564556,-0.0007176447,-0.00056774984,-0.00046905965,-0.0006171126,-0.00044711,-0.0017781756,-0.0019661707,-0.001088914,0.9972894,-0.0010409708,-0.0005495189,-0.002072361,0.0,-0.0016445746,-0.0008154896,-0.0016025358,-0.0005192695,-0.0019018695,-0.0011315343,-0.00059918116,-0.0008264561,-0.00041025926,-0.00044844986,-0.0009581704,-0.0007324614,-0.0004588682,-0.0004247304,-0.0004205515
-0.0055820676,0.9949069,-0.005592171,-0.0056022396,-0.005526287,0.99446785,-0.005570725,-0.0056194905,-0.005646207,0.99484897,-0.0055871294,-0.0055995537,-0.0056273276,-0.0056154868,-0.005628818,-0.005616284,-0.005588199,-0.0056035584,0.99483174,-0.00561325,-0.005584946,-0.005584644,-0.0055869026,-0.005575274,-0.005609407,-0.0056295926,-0.0055764373,-0.005572656,-0.0056190486,-0.0055797864,-0.005613117,-0.005538434,-0.005526273,-0.0055552083,-0.0055830367,-0.005558402,-0.0055521578,-0.0055310405,-0.0058346274,-0.0055846144,-0.0055904235,-0.005558875,-0.005573485,-0.005566627,-0.0056219264,-0.0056256624,-0.005564921,-0.005597605,-0.0056024566,-0.0055723595,-0.00556143,-0.0056073065,-0.005590894,-0.0055538467,-0.005626918,-0.005537289,-0.0055980897,-0.0055506225,-0.0056181313,-0.00553834,-0.005608236,-0.005576682,-0.0055866786,-0.005561105,-0.0056308354,-0.0055471626,-0.0056297644,-0.0055630994,-0.0057048188,-0.0056122695,-0.0055960617,-0.0056300173,-0.0055647325,-0.0055590835,-0.0055933674,-0.0055782306,-0.0056236084,-0.005544736,-0.0055798576,0.9945524,-0.005598775,-0.005627054,-0.005587678,-0.0055568744,-0.005566476,-0.0055636587,-0.005531067,-0.0056231073,-0.0055502155,-0.0055905622,0.99486613,-0.0055807997,-0.005542364,-0.005514083,-0.0055477885,0.0,-0.0055980757,-0.0056320676,-0.005540716,-0.005582632,-0.005595747,-0.0055590393,-0.005573006,-0.0055317474,-0.005570788,-0.005568706,-0.0057928073,-0.0055326326,-0.005527437,-0.0055299182
-5.219668e-06,0.99735945,6.33062e-06,-5.4552543e-06,-2.3547182e-05,0.99648446,1.7366516e-05,7.868733e-06,-4.659237e-06,0.9973046,7.3339714e-07,-7.812922e-06,-7.691078e-06,4.709315e-06,1.9962504e-06,-3.5429582e-06,1.2019331e-06,-2.033123e-05,0.9972591,-4.898253e-06,5.3646045e-06,7.0429237e-06,1.0843355e-05,5.226272e-06,-1.4503413e-05,-1.5046516e-05,5.797422e-06,-9.180949e-06,7.417709e-06,-9.389375e-06,1.1145959e-05,-1.646677e-05,-6.6539174e-06,-1.09879875e-05,-8.305964e-06,-4.330392e-06,-6.6162766e-06,-1.8512981e-05,1.2821573e-05,1.10038945e-05,5.5462424e-06,-1.4260494e-05,-9.118927e-06,-1.9609499e-05,-3.7687955e-06,1.0650152e-05,-9.814936e-06,-1.9738114e-05,-1.847011e-05,-2.435675e-05,-1.3534439e-05,-1.2525018e-05,-1.1681708e-05,-2.3069471e-05,-7.2555554e-06,-6.455226e-06,-3.353258e-05,-8.700017e-06,1.3088836e-05,-8.6311065e-06,-1.0463452e-05,6.5413446e-06,-1.9348414e-05,1.0524461e-05,1.5453106e-06,-1.759183e-05,-2.1922482e-05,1.5576456e-05,-9.616108e-06,2.8265024e-06,-1.6138432e-05,-1.1538708e-06,-1.930586e-05,7.2397677e-07,-2.787777e-05,-1.949819e-05,-4.7734607e-06,-3.66125e-05,-1.2505315e-06,0.9965752,2.0524454e-05,1.5618668e-06,9.732145e-06,9.929091e-06,-1.3884941e-05,-3.5738312e-06,-1.5614516e-05,-2.8995022e-05,-1.7646598e-05,6.6319653e-06,0.9973121,4.377538e-08,8.542498e-06,-1.4902279e-05,-2.9225208e-07,-1.1821253e-05,0.0,-4.325795e-06,-1.4453015e-05,-9.275887e-06,9.533004e-06,-1.9667135e-05,-9.924347e-06,-1.1949577e-05,1.0539731e-05,1.3548422e-05,7.4812847e-06,-1.5084181e-05,-5.9064378e-06,-1.9764875e-05
0.0019603334,1.0013129,0.004143451,0.004117942,0.004285461,0.9972847,-8.0445193e-07,0.004016398,3.2283515e-05,1.0005339,0.0041701514,0.0041450392,0.0038951116,0.0036474091,-1.9266918e-05,0.0036922302,1.971355e-05,0.0041458025,1.000328,3.772392e-05,0.0028409644,0.00415296,0.0033547808,0.0021248765,0.003476825,0.003948185,0.0041998657,0.0022155908,0.0037095128,0.0028322407,0.0033735791,0.00094289484,0.0042833653,0.0028639445,0.002531064,0.00302315,0.0028795006,0.0042711482,-1.4476532e-05,0.0024149723,0.0022427049,0.0009072409,0.0021576902,0.0016558135,0.0039442265,0.0039565708,0.004211866,0.002692053,0.0035329363,0.0032242837,0.0028498576,0.004098856,0.0033213713,0.004245407,0.003980819,0.00036334764,0.0041184323,0.002965007,0.0036129435,3.4348996e-05,0.0041250265,0.0041924454,0.0041396646,0.0029712887,0.0039651077,0.0010146004,0.0038848843,0.003018771,1.941573e-05,0.0036645448,0.0041075116,0.0040409337,4.74323e-05,0.0016060141,0.0041810656,0.0021787132,0.003936736,0.00426431,0.0031340825,0.998383,3.497272e-05,0.003934949,0.0025596067,0.0015931514,-2.001632e-05,0.0015559832,0.00014275125,0.0040585967,0.0042140996,0.0033732133,1.0006515,0.0032188196,0.0012866773,0.0042951596,0.0015648962,8.201602e-06,0.0026632168,0.0,0.00087472255,0.004167325,0.003413761,0.0017036177,0.0027884075,0.00013108383,3.3511813e-05,0.003062992,-4.105249e-06,0.0011571603,3.6089998e-05,0.00041367536
-0.0014755576,0.9971834,-0.0024014597,-0.0024118598,-0.0025361048,0.996557,-0.0013017087,-0.0022956152,-0.0013801683,0.99716294,-0.0024343815,-0.0023961612,-0.0022192935,-0.0020266285,-0.0013405908,-0.0020578986,-0.0012748631,-0.0024021945,0.99712944,-0.0013210776,-0.0018096431,-0.0024285815,-0.0018199174,-0.0014730192,-0.0019402929,-0.0022415484,-0.0024572783,-0.001448213,-0.002098639,-0.0015951097,-0.0019096598,-0.0012997045,-0.0025346382,-0.0016601051,-0.0015584567,-0.0016990344,-0.0016358097,-0.002518518,-0.0016679914,-0.0015488301,-0.0015276879,-0.0013389152,-0.0014626503,-0.0013752466,-0.0022989241,-0.0022916126,-0.002462543,-0.0016190361,-0.0019047337,-0.0017622609,-0.0016458703,-0.0024160594,-0.0018294579,-0.0024893375,-0.0022753933,-0.0012695992,-0.002400774,-0.0016564039,-0.0020001743,-0.0013150139,-0.0024319019,-0.00243772,-0.0024098475,-0.0017022283,-0.0022900759,-0.001328127,-0.0022517378,-0.001689388,-0.0014498221,-0.0020268888,-0.0024072602,-0.0023453631,-0.0013064065,-0.0013975649,-0.002415493,-0.0014922475,-0.0022852,-0.0024891477,-0.0017776836,0.9966953,-0.0013129159,-0.0022729624,-0.0015173545,-0.0014044225,-0.0012478529,-0.0013909263,-0.0012738889,-0.002359941,-0.0024718528,-0.0018282415,0.99716437,-0.0017923523,-0.001369374,-0.0025476543,-0.0013720148,-0.0025527393,-0.0016051987,-0.002231548,0.0,-0.0024390372,-0.0018710755,-0.0013654035,-0.0016204761,-0.0012669441,-0.0012954244,-0.0017243691,-0.0015570244,-0.0012755542,-0.0012719625,-0.0012264359
0.0045907455,1.002925,0.004901232,0.0049032695,0.004896786,1.0025256,0.0042409203,0.0049082767,0.0042575207,1.0027854,0.0049061426,0.0049060453,0.004889231,0.004835737,0.0042840526,0.0048435447,0.0042506373,0.004918655,1.0027449,0.0042665033,0.00468087,0.0049031577,0.00477024,0.0046155574,0.0047995886,0.0048949746,0.0049095796,0.004617671,0.0048503946,0.004689692,0.004794979,0.0044104476,0.004899765,0.004651436,0.0046409196,0.0046808235,0.004654743,0.004898504,0.004335807,0.0046351682,0.0046161087,0.004448555,0.004613231,0.0045263693,0.00490678,0.0048972075,0.004898323,0.004696365,0.004797656,0.0047258395,0.0046553826,0.0049315905,0.004748143,0.00490515,0.0049013193,0.004375624,0.004908114,0.0046643717,0.0048261653,0.004322078,0.0049152006,0.0049161143,0.004907151,0.0046830066,0.0049038343,0.0044029807,0.0048834006,0.0046775006,0.004300439,0.0048386273,0.0049036164,0.0049112425,0.0042623193,0.0045296443,0.0049191634,0.0046101245,0.0048995535,0.00490535,0.004719255,1.0024592,0.004254469,0.004892624,0.004660252,0.004504859,0.0042682006,0.0045080176,0.0043535116,0.004923301,0.004904383,0.004764545,1.0028436,0.004733672,0.0044694575,0.004900282,0.0044959323,0.004773883,0.00467513,0.004894528,0.0043953997,0.0,0.004776952,0.004526439,0.004683029,0.00433732,0.004263065,0.0046875556,0.004349305,0.004429302,0.004295699,0.004344374
0.00035103137,1.002202,0.0022624587,0.0021912109,0.0023643817,0.99817616,2.0444442e-05,0.0020458454,-1.2447363e-05,1.0018961,0.0022702739,0.0022404522,0.0018851946,0.0016885765,-8.180387e-06,0.0017216506,2.5517453e-05,0.0022379323,1.0016973,2.7203767e-05,0.0009386098,0.0022433002,0.0014851041,0.00044377282,0.0015423695,0.001971952,0.0023032224,0.0005532288,0.0016882988,0.001010682,0.001378036,2.31448e-05,0.0023674304,0.0010446947,0.0007456843,0.0011856722,0.0010650171,0.0023593453,2.4505507e-05,0.00065833714,0.0005553709,1.9751911e-05,0.00049533986,0.00012613299,0.0019364373,0.001977094,0.0023261178,0.00084534066,0.0015928028,0.0013553592,0.0010622108,0.002100919,0.0014509994,0.0023605675,0.0020096854,1.5220756e-05,0.0021986456,0.0011621217,0.0016657222,4.4045864e-05,0.0021587848,0.0023042404,0.0022343632,0.0011121394,0.0019411532,2.4496312e-05,0.0018994266,0.0011845891,1.1662323e-05,0.0017197386,0.0021711462,0.002067548,3.6344238e-05,0.000161974,0.0022863504,0.0004903742,0.0019446287,0.002381029,0.00126005,0.9986715,3.917671e-05,0.001966453,0.0007925059,0.00012720303,3.3274402e-05,6.42223e-05,4.6795973e-05,0.0020685906,0.002302773,0.0014962463,1.0020168,0.0013594631,3.9583814e-05,0.0023694835,0.0001342573,5.090667e-06,0.0008490283,0.0019086207,7.004239e-06,0.0022619488,0.0,0.00016586893,0.00097462704,2.8273129e-05,-1.4209648e-05,0.0012603458,-1.2532411e-05,2.450206e-05,9.4171315e-07,1.0299394e-05
-0.00044940828,0.9972655,-0.0016671927,-0.0017057972,-0.0019123817,0.99659795,-0.0002625731,-0.0015177545,-0.00028569234,0.9972709,-0.0017504258,-0.001673493,-0.0014083048,-0.0011467346,-0.00027720572,-0.0011809173,-0.0002624799,-0.0016812055,0.99719465,-0.000251379,-0.000845251,-0.0017482425,-0.00088195293,-0.0004520968,-0.0010371725,-0.0014337985,-0.0017787038,-0.00041011875,-0.0012613982,-0.00057012413,-0.0010796275,-0.00028369745,-0.0019030124,-0.000695242,-0.00055192696,-0.0006972058,-0.0006605659,-0.0018763104,-0.00075725676,-0.0005209894,-0.0004935355,-0.0003266449,-0.00041099204,-0.00037458533,-0.0015342395,-0.0015279542,-0.0017851228,-0.00060686667,-0.0009915958,-0.0008122712,-0.00065930537,-0.0017165918,-0.00087426073,-0.0018276898,-0.0014877374,-0.00022327954,-0.0016918695,-0.0006723996,-0.0011293037,-0.0002060048,-0.0017302696,-0.0017365289,-0.0017169644,-0.0007176451,-0.001509995,-0.00027523865,-0.0014779859,-0.00071414193,-0.0004315834,-0.0011596554,-0.0017011997,-0.0015949282,-0.00023803665,-0.00038373002,-0.001694691,-0.00046475223,-0.0015292992,-0.0018265845,-0.0008744849,0.99669844,-0.00023946977,-0.0014868354,-0.00048329617,-0.00036600349,-0.0002366475,-0.00038040735,-0.00021291939,-0.0016154455,-0.0018208879,-0.0008756793,0.99724674,-0.0008291286,-0.0003516605,-0.0019310339,-0.00034016944,-0.001343725,-0.00060925767,-0.0014195804,-0.0002423258,-0.0017574622,-0.00094646006,0.0,-0.00063208374,-0.00021061486,-0.00016926658,-0.00077333,-0.00047517454,-0.00019504923,-0.00021659757,-0.00016324178
3.0369172e-05,0.9987723,9.5347616e-08,3.6140643e-06,2.4631452e-05,0.9970112,-1.0804711e-05,1.9074949e-05,-1.98412e-06,0.99858093,4.059202e-07,1.0750383e-06,-9.119812e-07,1.9316496e-05,2.680771e-05,2.4725381e-05,-9.717335e-06,-1.1995746e-05,0.9984722,1.6362987e-05,2.1510456e-05,8.534934e-06,-6.47675e-06,1.838093e-05,8.309268e-06,2.7433283e-05,-6.977942e-06,1.5766975e-05,1.8029745e-05,-4.539754e-06,1.8006704e-05,2.7212647e-05,-1.1185921e-05,4.022318e-06,1.9842977e-05,-6.219791e-06,1.0206392e-05,1.6763839e-05,1.6211645e-05,5.5287387e-07,1.5225667e-05,2.637994e-05,9.397073e-06,-3.8789185e-06,-3.3899978e-06,1.1000062e-05,1.27354215e-05,3.199361e-05,2.8734019e-05,4.448962e-06,2.9817362e-05,2.7547589e-05,-1.0403168e-06,-1.2076302e-05,1.9312267e-05,2.5506068e-05,1.6750206e-05,1.645123e-05,1.346622e-05,2.985267e-05,3.490051e-07,1.0145887e-05,3.1038594e-06,1.7246637e-06,-5.9848717e-06,-9.118683e-06,2.9778115e-05,1.9884104e-05,-1.2308243e-05,1.9214473e-05,-2.430938e-06,2.3309412e-05,-6.6599223e-06,3.088055e-05,2.8414053e-05,1.4912873e-05,-1.1910682e-05,-1.1228267e-05,3.4509521e-06,0.997186,1.4992443e-05,2.9888126e-05,-9.1536845e-07,8.394733e-06,2.3750048e-05,1.1303116e-05,2.4962379e-05,1.4879996e-05,-5.2232504e-06,2.504104e-05,0.9986537,1.2047194e-05,1.5278469e-05,-1.11350455e-05,2.425484e-05,-1.665667e-05,-4.4382195e-06,-1.1554182e-05,1.1827171e-05,-3.4337968e-06,9.183702e-06,1.831992e-05,0.0,2.4201348e-05,-8.973106e-06,-8.5302855e-07,-1.1382817e-05,3.7764569e-06,1.2386037e-05,1.8573659e-05
-0.0022084655,0.9969444,-0.0029328107,-0.002948921,-0.0030265264,0.9963669,-0.0021311159,-0.002873198,-0.002222024,0.9969303,-0.0029620284,-0.002937754,-0.002815672,-0.0026680764,-0.0021346363,-0.0026883415,-0.0021324998,-0.002939911,0.99691767,-0.0020977717,-0.002458698,-0.0029581997,-0.0025030707,-0.0022385959,-0.0026072015,-0.0028237235,-0.0029757656,-0.0022141673,-0.0027372,-0.0023015293,-0.002602859,-0.0021146827,-0.0030242468,-0.0023689442,-0.0022940082,-0.0024039245,-0.002356414,-0.00301335,-0.0024814378,-0.0022745482,-0.0022612007,-0.0021205808,-0.002220345,-0.0021802331,-0.002865909,-0.0028587112,-0.0029763842,-0.0023570212,-0.0025806953,-0.002460274,-0.0023559025,-0.0029536968,-0.0024973578,-0.0029941723,-0.002853364,-0.002053372,-0.0029428275,-0.002363059,-0.0026402748,-0.0020278764,-0.0029614314,-0.0029530607,-0.0029509435,-0.002400191,-0.002870466,-0.002088621,-0.0028390193,-0.0023806407,-0.0021953927,-0.0026625053,-0.0029451142,-0.0029085292,-0.0021004993,-0.0021507614,-0.002944716,-0.0022102378,-0.002862073,-0.0029969686,-0.0024807162,0.99646986,-0.002117454,-0.0028474377,-0.0022539238,-0.0021481116,-0.0020947503,-0.0021870825,-0.0020557055,-0.0029133477,-0.0029877936,-0.0025047257,0.9969313,-0.002475957,-0.0021316381,-0.003035362,-0.0021193689,-0.0033777952,-0.0023395072,-0.0028206082,-0.0021056163,-0.0029640023,-0.0025381367,-0.0021706212,-0.0023433822,0.0,-0.0020716859,-0.0024165958,-0.0023718842,-0.002059885,-0.002025648,-0.0020084146
-0.0034390567,0.99630964,-0.0038424758,-0.0038604524,-0.0038740265,0.9958665,-0.0033929558,-0.0038195793,-0.0034526894,0.996293,-0.0038636352,-0.0038532657,-0.003800798,-0.0037155875,-0.0034254922,-0.003726828,-0.0034152106,-0.0038572045,0.99626726,-0.0033894775,-0.0036064384,-0.0038614916,-0.0036102573,-0.0034456619,-0.003677696,-0.003802433,-0.003865927,-0.003410667,-0.0037529664,-0.003483393,-0.0036949774,-0.0033575217,-0.0038685729,-0.0035185225,-0.0034863055,-0.0035239619,-0.003513981,-0.0038678336,-0.0037045279,-0.0034744411,-0.0034683316,-0.0033993965,-0.0034196435,-0.003415126,-0.003822511,-0.003823026,-0.0038614625,-0.0035277852,-0.0036650498,-0.0035756992,-0.0035202391,-0.0038598217,-0.0036091788,-0.0038672553,-0.0038167236,-0.0033202672,-0.003855191,-0.003508224,-0.0037140506,-0.0032953452,-0.0038678236,-0.0038530584,-0.00385137,-0.0035320334,-0.0038238808,-0.0033348522,-0.0038149736,-0.0035315084,-0.0035308802,-0.0037105358,-0.003853163,-0.003847425,-0.0033435207,-0.0033756995,-0.0038504617,-0.003446418,-0.003825851,-0.0038614317,-0.0036026593,0.9959318,-0.0033786336,-0.0038172123,-0.0034557537,-0.0033921537,-0.0033733086,-0.0034091638,-0.0033048815,-0.0038484298,-0.0038602042,-0.0036109544,0.99628854,-0.0035867593,-0.0033654622,-0.0038714428,-0.0033687851,-0.0045732926,-0.0035211314,-0.0038037496,-0.0033383016,-0.0038626005,-0.0036369213,-0.0033767375,-0.0035199458,-0.00329539,0.0,-0.0035581288,-0.003636194,-0.0032963345,-0.003295768,-0.003288807
-8.115957e-06,1.0018916,0.0010529361,0.00101457,0.0010937101,0.9980874,-4.9343575e-06,0.0009311739,9.2929295e-06,1.0015912,0.0010693568,0.00104463,0.00088007445,0.00078029576,1.5004456e-05,0.0007698773,4.0044313e-05,0.0010467494,1.00139,1.2817794e-05,0.00029675534,0.0010587497,0.00065029855,5.95574e-05,0.00068272004,0.000923377,0.0010901006,4.4547156e-05,0.0007522583,0.00033045045,0.0005420629,3.2241813e-05,0.0011039248,0.0004050362,0.00019258758,0.00047402602,0.00041360667,0.00110839,5.7676e-06,0.0001227414,5.947217e-05,3.8515656e-05,6.2354356e-06,3.7267302e-05,0.00088251784,0.0009072045,0.0011230053,0.0002456814,0.0007274962,0.00058525865,0.0004134574,0.000957441,0.00062514906,0.0011320574,0.0009380262,3.8837086e-05,0.0010171542,0.00047460658,0.00077053526,2.9738572e-05,0.00097071467,0.0010756537,0.0010366907,0.00042727974,0.0009044347,4.2544278e-05,0.0008683202,0.0004926218,-4.2547576e-06,0.0007832366,0.0010016133,0.0009560279,-1.1753649e-05,-7.3155525e-06,0.0010675155,-3.3910906e-06,0.0008721933,0.0011513351,0.0004991939,0.9985245,1.5513597e-05,0.0009033815,0.0002190324,4.2728847e-05,1.9910258e-05,6.6143793e-06,4.6513098e-05,0.0009476596,0.0010949248,0.0006537543,1.0017219,0.00055860827,-7.518693e-06,0.0010878108,5.224809e-05,1.5180094e-05,0.00025011145,0.0008773137,3.237448e-05,0.001071997,0.0006801762,5.7731086e-05,0.00030834004,2.1617965e-05,-8.036948e-06,0.0,-4.927046e-07,5.119709e-05,-4.240442e-06,4.5255374e-06
-0.0047253612,0.995517,-0.004862955,-0.0048725354,-0.0048283194,0.99508566,-0.0046800785,-0.00487115,-0.0047650347,0.99547267,-0.0048637474,-0.0048692278,-0.004868297,-0.004835974,-0.0047273817,-0.0048375153,-0.0046855677,-0.004873739,0.99545705,-0.0047232397,-0.0047715916,-0.0048603853,-0.0047849067,-0.0047185947,-0.004821922,-0.0048733074,-0.0048579248,-0.00471537,-0.004848207,-0.0047407234,-0.0048200022,-0.0046535684,-0.0048275893,-0.0047317706,-0.0047401516,-0.0047386247,-0.0047276625,-0.0048285415,-0.0049744206,-0.0047408915,-0.0047418023,-0.0046748673,-0.004718627,-0.004696059,-0.0048758313,-0.004878306,-0.0048503974,-0.004766186,-0.004806961,-0.0047595478,-0.0047361427,-0.0048763417,-0.0047874744,-0.00484453,-0.0048759333,-0.004649038,-0.0048698974,-0.004728084,-0.004833911,-0.0046570916,-0.0048792614,-0.0048558908,-0.0048602847,-0.004742019,-0.0048804376,-0.0046721697,-0.0048751794,-0.00474314,-0.004818085,-0.004831291,-0.004866913,-0.004887724,-0.0046855267,-0.00469471,-0.004865763,-0.004724406,-0.004874575,-0.0048366394,-0.0047680563,0.9951772,-0.004712565,-0.0048751812,-0.004737858,-0.004688918,-0.0046696,-0.0046976754,-0.0046485066,-0.0048846896,-0.0048387186,-0.004784105,0.9954825,-0.0047727646,-0.0046737078,-0.004818256,-0.0046789562,-0.005833848,-0.0047622095,-0.004874695,-0.0046552145,-0.004861326,-0.004799048,-0.0046899463,-0.004744971,-0.004639663,-0.004688556,-0.004754796,0.0,-0.0046497835,-0.0046381927,-0.0046273437
-0.0014631134,0.997176,-0.0023874177,-0.0024194818,-0.002553109,0.9965626,-0.0013533379,-0.0022944892,-0.001372945,0.99717814,-0.0024483763,-0.0023989605,-0.002220172,-0.0020253921,-0.0013555908,-0.0020561768,-0.0013493978,-0.002406586,0.99712914,-0.0013075868,-0.0017893425,-0.0024452752,-0.001813584,-0.0014746024,-0.0019456778,-0.0022331744,-0.0024650765,-0.00142288,-0.0021197821,-0.00154788,-0.0019770225,-0.0013283761,-0.0025469998,-0.0016507626,-0.0015429092,-0.0016717697,-0.0016357803,-0.0025303506,-0.0017020636,-0.0015255811,-0.0015027293,-0.001373331,-0.001435328,-0.0014136035,-0.0022991293,-0.0022931045,-0.0024714158,-0.0016081077,-0.0019116508,-0.0017619436,-0.001636272,-0.002426546,-0.0018125247,-0.002498613,-0.002268174,-0.0012623869,-0.002410189,-0.0016402563,-0.002012772,-0.0012380154,-0.0024405885,-0.0024366346,-0.002422927,-0.0016832749,-0.0022935378,-0.001296524,-0.002258966,-0.0016738174,-0.001478848,-0.0020268888,-0.0024124826,-0.0023454842,-0.0012985063,-0.001377593,-0.0024116193,-0.0014779542,-0.0022974694,-0.0024982626,-0.0018161589,0.99664223,-0.0013003696,-0.0022707372,-0.001482692,-0.0013821019,-0.0012973477,-0.0014136736,-0.0012604618,-0.0023587605,-0.002490558,-0.0018164096,0.99716187,-0.0017804987,-0.0013675228,-0.0025627506,-0.0013550746,-0.0025341387,-0.001601007,-0.0022289439,-0.00130492,-0.0024491448,-0.0018653398,-0.0013620314,-0.0016111146,-0.0012414734,-0.0012265242,-0.0017195137,-0.0015689757,0.0,-0.001249995,-0.0012153597
-0.0024267,0.9968349,-0.0030979514,-0.0031122193,-0.0031841933,0.9962949,-0.0023354322,-0.0030461582,-0.002418117,0.9968181,-0.0031266494,-0.003105115,-0.0029924356,-0.0028564844,-0.002364211,-0.0028725388,-0.0023422367,-0.0031079787,0.9968022,-0.0023363438,-0.002634678,-0.003123171,-0.002708418,-0.0024423378,-0.002797001,-0.0030069794,-0.0031367003,-0.0024366402,-0.0029147107,-0.0025295713,-0.00280044,-0.002324608,-0.0031802952,-0.0025679432,-0.0025083132,-0.0025998321,-0.0025679476,-0.0031700868,-0.0026836742,-0.0024894297,-0.0024685129,-0.002343002,-0.002439998,-0.0023985482,-0.0030345523,-0.0030340618,-0.0031393429,-0.0025587976,-0.0027768624,-0.0026583434,-0.0025624002,-0.003117538,-0.0027015547,-0.003152139,-0.0030313225,-0.0022735381,-0.003108192,-0.0025702121,-0.0028366519,-0.0022448828,-0.003120001,-0.0031202622,-0.0031145837,-0.0026056424,-0.0030411978,-0.002306737,-0.0030153233,-0.002596228,-0.0024652139,-0.002856091,-0.0031081047,-0.0030817538,-0.0023057275,-0.002367182,-0.0031126786,-0.0024328043,-0.0030346771,-0.0031543092,-0.0026788667,0.99640507,-0.0023349482,-0.0030218677,-0.002485114,-0.0023597316,-0.0023046283,-0.002392425,-0.0022674305,-0.0030811757,-0.0031467811,-0.0027093727,0.9968186,-0.0026760192,-0.0023378993,-0.0031866666,-0.0023467648,-0.0035777928,-0.0025498965,-0.002999266,-0.002325512,-0.0031282578,-0.002737972,-0.0023835637,-0.002552875,-0.0022521939,-0.0022999034,-0.0026237862,-0.0025995874,-0.00228667,0.0,-0.0022458609
-0.002226726,0.9969195,-0.0029446539,-0.002966556,-0.0030471291,0.9963579,-0.00210656,-0.0028764452,-0.0021828099,0.9969054,-0.0029821307,-0.0029502446,-0.0028273282,-0.002682166,-0.0020814566,-0.0026965833,-0.0020848955,-0.0029574898,0.99688137,-0.0021096568,-0.0024766026,-0.0029766744,-0.0025170967,-0.0022324298,-0.0026231622,-0.0028394102,-0.0029900828,-0.0022099277,-0.002745711,-0.002314357,-0.0026107973,-0.0020846473,-0.0030444448,-0.0023921297,-0.0023107382,-0.0024033433,-0.0023671514,-0.0030288731,-0.0024520808,-0.0022959262,-0.0022817282,-0.0021261682,-0.002228483,-0.002169039,-0.0028816774,-0.0028775842,-0.002999855,-0.002363821,-0.0025850278,-0.0024641205,-0.0023650387,-0.0029703262,-0.0025154145,-0.0030134264,-0.0028668137,-0.0020532822,-0.0029596672,-0.0023702257,-0.0026579923,-0.0020561167,-0.0029739968,-0.0029753947,-0.0029645457,-0.0024173243,-0.00288637,-0.002115206,-0.0028574483,-0.0024046884,-0.0022421314,-0.0026745182,-0.0029598821,-0.0029282495,-0.0021009913,-0.0021714098,-0.002961134,-0.002230549,-0.00287853,-0.0030104483,-0.002477982,0.996468,-0.0021029576,-0.002859476,-0.0022658787,-0.002158905,-0.0020697177,-0.002189197,-0.002056561,-0.002925655,-0.0030088224,-0.0025122208,0.9969026,-0.0024875097,-0.0021410454,-0.0030537867,-0.002137092,-0.003354942,-0.0023510307,-0.0028358574,-0.0020855535,-0.0029833582,-0.002554961,-0.0021570034,-0.0023553998,-0.0020202848,-0.0020666032,-0.0024356998,-0.002320668,-0.0020536177,-0.002028156,0.0
