1,2,3,4,5,6,7,8,9,10,11,12,13,14,15,16,17,18,19,20,21,22,23,24,25,26,27,28,29,30,31,32,33,34,35,36,37,38,39,40,41,42,43,44,45,46,47,48,49,50,51,52,53,54,55,56,57,58,59,60,61,62,63,64,65,66,67,68,69,70,71,72,73,74,75,76,77,78,79,80,81,82,83,84,85,86,87,88,89,90,91,92,93,94,95,96,97,98,99,100,101,102,103,104,105,106,107,108,109,110
0.0,0.99595827,-0.0022703928,-0.0022983067,-0.0026978403,0.99586076,-2.649926e-05,-0.0021002956,-1.695299e-06,0.99598587,-0.0023949177,-0.0022833643,-0.0019712404,-0.0015615663,4.6147175e-06,-0.0016172437,1.3188445e-05,-0.0022647223,0.9959783,7.681822e-06,-0.0008602644,-0.002380491,-0.0011545391,-0.0003106162,-0.0013763201,-0.0019583947,-0.0024722281,-0.00030082648,-0.0017482442,-0.0006205271,-0.001370237,1.7557738e-06,-0.0026926878,-0.00081199413,-0.00048476923,-0.0008230232,-0.0008005334,-0.002656456,-3.3575525e-05,-0.00043045764,-0.00033871803,-6.0297743e-06,-0.00027092104,-0.00015446015,-0.0020683184,-0.002049546,-0.0024945633,-0.000655399,-0.0013618815,-0.0010227844,-0.00077572453,-0.0023063102,-0.0010966656,-0.002561047,-0.0020426104,-6.5361205e-06,-0.0023005211,-0.0007984279,-0.0014873613,9.539742e-06,-0.0023005123,-0.0024097578,-0.002367145,-0.0008338834,-0.0020538105,-2.6850035e-05,-0.0020049815,-0.0007944409,4.9372393e-06,-0.0015630925,-0.0022983043,-0.0021831114,-2.4539175e-05,-6.944011e-05,-0.002339213,-0.00026793435,-0.0020571463,-0.0025898903,-0.0010594091,0.9958941,-1.9040614e-05,-0.0019977132,-0.00040360642,-2.8333976e-05,8.469941e-06,-0.00010955807,1.2053899e-05,-0.002200765,-0.0025549633,-0.0011395356,0.99598044,-0.0010243871,-3.3307555e-05,-0.0027289188,-3.7732272e-05,-8.880304e-05,-0.00060371286,-0.0019306308,2.7614772e-06,-0.0024196762,-0.0012157065,-0.00011228684,-0.00075250084,-3.6359786e-05,4.7764947e-06,-0.0008666115,-2.5985593e-05,-2.6585481e-05,1.0567917e-05,-1.2490205e-05
0.00035212058,0.0,0.00039105656,0.00038138495,0.00031653783,1.0013975,0.00013946477,0.00036670282,2.4218016e-05,1.001978,0.00037047514,0.00039424968,0.00038182765,0.00038921056,5.254689e-05,0.00038974802,0.00012087498,0.00038725784,1.0019844,0.00012144877,0.00035736928,0.0003764633,0.00040658424,0.00034923386,0.0004018438,0.00036311807,0.00036206105,0.00034770975,0.0003850628,0.00035372027,0.00037997504,0.00028351814,0.00031949862,0.0003980088,0.00035287935,0.00040217332,0.00040222539,0.0003259676,-0.0001673577,0.00034375285,0.000346379,0.00028342952,0.0003496268,0.00031847495,0.00036282756,0.00035872654,0.0003674077,0.0003709977,0.00041316144,0.00039537574,0.00040064365,0.00037326646,0.00041589455,0.0003557228,0.00035484997,0.0002442258,0.0003888813,0.00041378313,0.00039241958,0.00018995717,0.00036860263,0.00037274553,0.00038887197,0.00039484334,0.00035502235,0.00029517556,0.00037569625,0.00040817136,-1.9471267e-05,0.00039501843,0.00038730653,0.00036669045,0.00014086787,0.00030980224,0.00038112057,0.00033820423,0.00037645746,0.00035311014,0.00038854813,1.001553,9.218674e-05,0.00036486873,0.0003612353,0.00032126502,0.00014674682,0.000305391,0.00023562255,0.0003647521,0.0003570861,0.00039145575,1.0019884,0.0004030499,0.00030461128,0.0002980615,0.00032302423,-0.0005441833,0.00035897119,0.00037103647,0.00025703563,0.00038282774,0.00040468783,0.00031404442,0.00037472384,0.00023702542,0.00013142044,0.00040842607,-0.00013697172,0.00026754654,0.00020943997,0.00023093622
0.0034135669,1.0006316,0.0,0.004138114,0.00423225,0.9995166,0.002859766,0.0041301264,0.002914748,1.0003619,0.00417996,0.004168958,0.004041693,0.003934394,0.0029508707,0.004277075,0.0028635114,0.004182525,1.0002458,0.0028916833,0.003686103,0.0041730106,0.0038412095,0.0034594268,0.0038701277,0.0040708203,0.0041937367,0.0035043794,0.0042902464,0.0037107645,0.0038231895,0.0031177378,0.0042372434,0.0036857869,0.0035690109,0.0036557717,0.0036913299,0.00423221,0.0030467596,0.003533512,0.0034848938,0.0031544326,0.003482686,0.0033217645,0.0040876716,0.0043963245,0.0041854153,0.0036820818,0.0038901267,0.003771732,0.003688742,0.0043669,0.0037893918,0.0042041624,0.0040907883,0.003058054,0.004163598,0.0036786369,0.0039186054,0.0029964943,0.004144938,0.0042020343,0.0041712453,0.0036791104,0.004119084,0.0031253092,0.0043656444,0.003652905,0.002960148,0.0040122624,0.0044666706,0.0041028275,0.0028935808,0.0033230481,0.0042068036,0.0034690092,0.004050617,0.0042310385,0.0036998272,0.9994664,0.0029051914,0.004050894,0.003587635,0.0032798464,0.0029122203,0.0032823966,0.0030261688,0.0041377805,0.0042000185,0.0038431196,1.0004351,0.0037629239,0.0032188476,0.004254945,0.0032766159,0.0035677557,0.003625103,0.004057131,0.0031026101,0.004162052,0.003837166,0.0033307816,0.0037198674,0.0030235806,0.002949568,0.0036789493,0.0030385333,0.0031697762,0.0029676391,0.0030387277
0.0033507708,1.000523,0.004433912,0.0,0.004207671,0.9993469,0.0027939938,0.004201202,0.0028202499,1.0002193,0.004155691,0.0041407407,0.0039837398,0.0042105666,0.0028574914,0.0042517115,0.0028060833,0.004268306,1.0001258,0.0027967338,0.0036610146,0.004144374,0.003826612,0.0033972743,0.0038307467,0.0040395013,0.0041616084,0.0034125887,0.004268044,0.0036541324,0.0038022196,0.0030431962,0.0042111916,0.0036461102,0.0035091925,0.0035830894,0.003640544,0.004202995,0.002960755,0.0034689214,0.0034172197,0.003107806,0.0034084804,0.0032532352,0.004357032,0.0043707904,0.0044744043,0.0036285522,0.003841627,0.0037226032,0.00364303,0.0044331034,0.0037198425,0.004161675,0.0040466534,0.0029833147,0.0041664587,0.0036166015,0.0038813378,0.0028985515,0.004108784,0.004214367,0.004441291,0.0036357134,0.0043591093,0.0030464039,0.0043236297,0.0036010009,0.0028819875,0.0041298415,0.004449209,0.0043962323,0.0028066805,0.0032399846,0.004220093,0.0033989537,0.004337226,0.0041949777,0.0036502872,0.99937785,0.00280909,0.0043361397,0.003507931,0.0032107045,0.0028394882,0.0032178643,0.0029481198,0.0044037024,0.0041759154,0.0038217758,1.0003161,0.0037050287,0.0031468344,0.0042376225,0.0032001517,0.0034714055,0.0035742603,0.0040242905,0.0030254133,0.00445407,0.003779161,0.0032480315,0.0036723996,0.002934935,0.0028209584,0.0036184345,0.0029378794,0.0030690792,0.0028718323,0.0029386748
0.0051497784,1.0038531,0.0053100027,0.0053145094,0.0,1.0033293,0.0050174487,0.005297819,0.0050592376,1.0037495,0.005310282,0.0053147227,0.0052866023,0.0052628205,0.005062155,0.005270701,0.0049913935,0.0053158454,1.0037332,0.0050071827,0.005198656,0.0053144475,0.005226626,0.005165688,0.005251258,0.0052920105,0.005314507,0.005149036,0.0052759997,0.005218605,0.005236451,0.0050440766,0.0053037037,0.005190021,0.005172774,0.0051625175,0.0051878644,0.005307467,0.0052303593,0.0051594395,0.0051626507,0.005054893,0.005159594,0.0051132203,0.0052976515,0.0052896077,0.005306903,0.0052250056,0.0052519226,0.005207671,0.005205983,0.0053295908,0.0052202954,0.0053089554,0.005289571,0.0050326176,0.005322026,0.005177404,0.0052604857,0.0050104125,0.0053243227,0.005319614,0.0053189895,0.005181318,0.005296283,0.0050488776,0.00528219,0.005171906,0.0051022246,0.0052610575,0.0053131687,0.0053014723,0.0050168107,0.0050924616,0.005320173,0.0051541785,0.0052830745,0.0053111436,0.005192866,1.0033845,0.0050198706,0.005280128,0.0051857852,0.005098043,0.004995733,0.005099095,0.005019319,0.005317939,0.0053063887,0.005222808,1.0037913,0.00520821,0.0050774636,0.005301724,0.005089558,0.005648649,0.0051957867,0.005291926,0.0050281365,0.00531291,0.005243062,0.00510264,0.005235577,0.005012226,0.0050188377,0.0051738275,0.0051876456,0.0050522857,0.004993973,0.005015327
-0.0024685771,0.99912256,-0.0031066805,-0.0031398735,-0.0031981014,0.0,-0.0023166188,-0.0030643558,-0.002426717,0.9990681,-0.0031660434,-0.003101221,-0.0029887871,-0.002922005,-0.0023830272,-0.002926793,-0.0023685705,-0.0031050616,0.99905884,-0.0022962703,-0.002769753,-0.0031535106,-0.0027909738,-0.002518838,-0.0028417509,-0.0030415878,-0.003186662,-0.002514843,-0.0029658703,-0.0026871688,-0.002836763,-0.0023693927,-0.003202229,-0.0026513753,-0.0026371097,-0.0026316992,-0.0026445433,-0.003206184,-0.0025250134,-0.0026200023,-0.0025607576,-0.0024404288,-0.0025098545,-0.0024745034,-0.0030558505,-0.0030422169,-0.0031249367,-0.0026549099,-0.0028155516,-0.0027423864,-0.00264391,-0.0031332965,-0.0027275626,-0.0031538943,-0.0030788165,-0.0023374176,-0.0031333205,-0.002634898,-0.002889255,-0.0022946051,-0.0031169527,-0.0031410991,-0.0031481162,-0.0026446874,-0.0030863918,-0.0023264496,-0.0030075877,-0.0026181538,-0.0024442612,-0.0029206339,-0.0031046981,-0.003109371,-0.0023257977,-0.0024495851,-0.0031328574,-0.002538094,-0.003042469,-0.0031723625,-0.0027462633,0.99853563,-0.0023469082,-0.00305449,-0.0025430503,-0.0024275668,-0.0023276287,-0.0024717273,-0.0023042578,-0.003095985,-0.0031815765,-0.0028097245,0.99909407,-0.0027090015,-0.0024117364,-0.0032277056,-0.0024015023,-0.0027408,-0.0026579036,-0.003019517,-0.0023997808,-0.0031219977,-0.0027924874,-0.0024757993,-0.0026925246,-0.0022886123,-0.0022713686,-0.002664801,-0.0024872415,-0.002354904,-0.0022979632,-0.0023216978
-0.0038039978,0.9957905,-0.004236079,-0.004241131,-0.004293328,0.995579,0.0,-0.004196495,-0.003627347,0.99578947,-0.0042563803,-0.0042417557,-0.004166783,-0.004096723,-0.0036020086,-0.0041084527,-0.0035678276,-0.0042341314,0.99576986,-0.0036216408,-0.003960262,-0.004256163,-0.004014297,-0.0038005402,-0.004064385,-0.004172126,-0.0042685755,-0.0038261712,-0.004129471,-0.0039262353,-0.004042381,-0.0036705453,-0.0042906557,-0.003933262,-0.0038810968,-0.0039094435,-0.0039273486,-0.0042874757,-0.0037994918,-0.0038624161,-0.003844067,-0.0036635983,-0.003823797,-0.00376128,-0.0041855983,-0.0041817543,-0.0042620255,-0.0039254082,-0.004056473,-0.0039731073,-0.003936377,-0.0042445716,-0.0040051746,-0.004271375,-0.004187203,-0.0036331518,-0.0042459476,-0.003927644,-0.0040881145,-0.0036030028,-0.004243009,-0.00425861,-0.0042521036,-0.003922973,-0.0041876957,-0.0036868285,-0.0041819676,-0.0039142203,-0.0036976326,-0.0040935236,-0.004237539,-0.004218673,-0.0036112857,-0.0037598552,-0.004248265,-0.0038159161,-0.00418519,-0.0042811846,-0.003957788,0.9956568,-0.0036076806,-0.0041721445,-0.0038714507,-0.0037379265,-0.0035628206,-0.0037450008,-0.0036141956,-0.004221528,-0.0042651473,-0.0040025837,0.99578947,-0.003979158,-0.0037122732,-0.0042925356,-0.003726933,-0.0046597715,-0.0039059129,-0.004165566,-0.003651453,-0.0042556953,-0.004035911,-0.0037444644,-0.003941627,-0.0036229163,-0.0036389583,-0.003937237,-0.0037489769,-0.0036619478,-0.0036010344,-0.00359418
0.0017281274,0.99734694,0.0043558707,0.0043171123,0.004527062,0.9951917,7.6739725e-06,0.0,1.4976718e-05,0.9971132,0.0043909634,0.0043522315,0.004062686,0.0037119961,4.2230455e-05,0.0037805913,5.2782423e-05,0.0043440666,0.9969963,3.9173625e-05,0.0027217602,0.004369981,0.00332578,0.001879536,0.003489781,0.0041165105,0.004426689,0.0020680872,0.0038142921,0.0027902815,0.0033304458,0.00060773554,0.004534513,0.0027414565,0.002314361,0.0028497137,0.002786852,0.0045238496,4.0627496e-05,0.002189726,0.0019558377,0.00059482234,0.0019681482,0.0014810009,0.004120696,0.004130165,0.0044584065,0.0025647788,0.0035569777,0.0031272941,0.0027941798,0.004335747,0.0032095339,0.0044938764,0.0041650273,0.00033799346,0.004331467,0.0028370116,0.0036319357,0.00016001059,0.004330443,0.004429207,0.004375571,0.002763009,0.004135094,0.00058522663,0.004040718,0.0027741664,3.633379e-05,0.0037547264,0.004316096,0.0042471923,1.1087485e-05,0.0015034383,0.0044034068,0.0019080637,0.0040934137,0.004515818,0.0029748466,0.9955816,4.270573e-06,0.004112694,0.0023632252,0.0012598021,4.8181013e-05,0.0013118853,0.00030024291,0.004271011,0.0044564162,0.0033133186,0.997154,0.0030982934,0.0012534433,0.004561137,0.0013529513,0.0003712764,0.002501498,0.004062991,0.0005224286,0.004396796,0.0033769482,0.0015789344,0.0027744758,0.0002241132,1.5895697e-05,0.0028493544,1.982174e-05,0.00065660296,9.709944e-05,0.00031449046
-0.0045739,0.99544454,-0.004803442,-0.004811444,-0.004814108,0.99521744,-0.0044614677,-0.004784445,0.0,0.99542665,-0.004811771,-0.0048096213,-0.0047691343,-0.004730428,-0.004504305,-0.0047367075,-0.0044498057,-0.0048061297,0.99540615,-0.0044786627,-0.0046649254,-0.0048147086,-0.0046831216,-0.004574195,-0.0047150273,-0.004771506,-0.00482023,-0.004570538,-0.004750064,-0.0046425415,-0.004709624,-0.004484367,-0.004813685,-0.0046356735,-0.004617176,-0.0046094316,-0.0046322183,-0.004814083,-0.0047129765,-0.004606952,-0.004599111,-0.0045001907,-0.004575317,-0.004545299,-0.004778667,-0.0047752936,-0.004808017,-0.0046483106,-0.0047135805,-0.0046578264,-0.004644539,-0.004817965,-0.0046783527,-0.004813064,-0.004779062,-0.004462811,-0.0048159,-0.004622764,-0.00473102,-0.004456069,-0.004817622,-0.004812241,-0.004813973,-0.004624895,-0.004780657,-0.004491877,-0.004776787,-0.0046195365,-0.004589531,-0.0047310214,-0.0048097535,-0.004802096,-0.0044679972,-0.0045313817,-0.0048125573,-0.0045843916,-0.0047758585,-0.004816331,-0.0046525113,0.9952712,-0.0044758026,-0.004770117,-0.004605987,-0.0045300615,-0.004438405,-0.0045351116,-0.004451292,-0.004803107,-0.004809439,-0.0046732044,0.995434,-0.0046574897,-0.0045142993,-0.004810347,-0.0045195073,-0.005540643,-0.004632529,-0.0047699874,-0.0044772723,-0.004813723,-0.0046962546,-0.0045257416,-0.004656857,-0.004466646,-0.0044726366,-0.004631387,-0.004647739,-0.0044700615,-0.0044494295,-0.004440416
0.000104200415,1.0019889,4.5428995e-05,4.3666616e-05,2.1937267e-05,1.0012598,-8.056048e-05,4.1676674e-05,-0.00030036713,0.0,3.5502715e-05,4.6928933e-05,5.9421305e-05,8.1824546e-05,-0.00023776473,7.9437006e-05,-0.00012000989,4.497936e-05,1.0019362,-0.00010514103,7.595463e-05,3.600653e-05,9.7970405e-05,8.8641136e-05,8.967e-05,4.6280515e-05,3.1630723e-05,8.971183e-05,7.223886e-05,7.698465e-05,8.3445826e-05,6.4907785e-05,2.056621e-05,0.000107245745,7.6352495e-05,0.00011071301,0.00010510095,2.1486949e-05,-0.0005274856,8.035917e-05,8.1629805e-05,5.7894795e-05,9.773782e-05,7.7220706e-05,4.39966e-05,4.3518394e-05,2.9410096e-05,9.548398e-05,8.689319e-05,9.712188e-05,0.00010626936,3.8224563e-05,0.00010461349,2.8568656e-05,3.961577e-05,4.4405908e-05,4.6830104e-05,0.000113756185,8.166871e-05,4.5291013e-06,3.5572848e-05,3.3314802e-05,4.3536187e-05,0.000103499595,4.0135426e-05,7.844426e-05,5.1534767e-05,0.000111392175,-0.00037040198,8.074143e-05,4.3789372e-05,4.012746e-05,-8.141047e-05,7.7430566e-05,3.8092105e-05,7.880475e-05,5.0511248e-05,2.8008008e-05,9.5736985e-05,1.0014349,-0.0001662068,4.5518107e-05,9.926365e-05,8.5211956e-05,-5.927958e-05,7.0253984e-05,4.5453984e-05,3.796174e-05,2.7330181e-05,9.1471746e-05,1.0019547,0.000100009434,7.66332e-05,2.0236464e-05,8.272332e-05,-0.0009462506,7.899251e-05,5.3987766e-05,4.3552584e-05,3.610644e-05,8.956403e-05,7.63237e-05,9.537523e-05,4.114063e-05,-8.8114284e-05,0.00010777487,-0.00049215136,5.4599666e-05,2.272482e-05,3.3826444e-05
0.00400962,1.001903,0.004502254,0.0045061014,0.0045465766,1.0008041,0.003653585,0.004470574,0.0036951643,1.0016519,0.0,0.004511948,0.004426511,0.0043597985,0.0037155664,0.004373126,0.0036523053,0.004511817,1.0015723,0.00365641,0.0041956636,0.004518713,0.004275724,0.0040466725,0.004321323,0.0044457125,0.004532157,0.0040439907,0.0043845978,0.004201425,0.004293943,0.0038030155,0.0045488453,0.004172791,0.0041087316,0.0041501382,0.0041749813,0.0045471126,0.0038588978,0.00408058,0.004057875,0.0038373126,0.004044349,0.003947601,0.004458383,0.0044460692,0.00452235,0.004185916,0.004326222,0.004235392,0.004191611,0.0045250966,0.004250314,0.004538714,0.004452198,0.0037608058,0.0045153773,0.0041630683,0.004346797,0.003709337,0.0045146807,0.0045353514,0.0045214985,0.004168045,0.004457816,0.0038024036,0.0044271164,0.004156312,0.0037492232,0.004372195,0.004501602,0.0044780504,0.003660242,0.0039265496,0.004530569,0.0040424126,0.0044415426,0.004546181,0.0042045824,1.0008448,0.0036654698,0.0044386415,0.0041111098,0.00391364,0.0036635352,0.003919417,0.0037368573,0.0044964296,0.004533255,0.0042767287,1.0017382,0.0042300206,0.003872518,0.0045567867,0.0039095497,0.0043527205,0.0041485345,0.0044388985,0.003781737,0.004516437,0.004291653,0.0039346507,0.004218706,0.0037284638,0.0036745574,0.004169393,0.0038238307,0.003821136,0.003685018,0.0037282957
0.00345903,1.0007777,0.004165715,0.004161977,0.004250216,0.9996284,0.0029468169,0.0041453564,0.0029858844,1.0005083,0.0041985298,0.0,0.0040643155,0.003962623,0.0030129482,0.0039680973,0.0029538632,0.0041940566,1.0003792,0.0029593534,0.0037374345,0.004187514,0.003865405,0.003507148,0.003901417,0.004093303,0.0042129797,0.003520123,0.0043178676,0.0037447775,0.0038682658,0.003183162,0.00425058,0.0037165554,0.003609901,0.0036868607,0.0037208209,0.0042480966,0.0031191693,0.003574367,0.003527104,0.0032349008,0.003515242,0.0033797,0.0040899236,0.004410328,0.004198224,0.003708811,0.003923101,0.0038017784,0.0037265446,0.0042613884,0.0038100975,0.004225513,0.004108999,0.0031173222,0.0041844686,0.0037056762,0.0039454005,0.003043113,0.004177654,0.0042219264,0.004188159,0.0037041162,0.0041065984,0.0031804082,0.004049109,0.0036851524,0.0030327614,0.0040088673,0.004484639,0.0041216817,0.0029539773,0.0033555413,0.0042233644,0.0035123464,0.004072289,0.0042423033,0.003742804,0.9996287,0.0029656491,0.004074876,0.003620159,0.0033373076,0.0029882186,0.0033371774,0.0030814738,0.0041494872,0.004215942,0.0038688378,1.0005828,0.0037859923,0.0032661404,0.004273368,0.0033225387,0.003619548,0.0036650337,0.004076627,0.0031646425,0.004184441,0.0038643347,0.003376378,0.0037544183,0.003080927,0.0029905885,0.0037071265,0.0030992213,0.0032160045,0.003020572,0.0030883132
0.00022240554,0.99614346,0.00428088,0.004233688,0.004513487,0.993579,1.4783935e-05,0.004096178,9.665749e-06,0.995932,0.0043379855,0.0042766784,0.0,0.003349371,6.7127057e-06,0.0034532899,3.9890972e-05,0.0042553465,0.9957831,3.3850836e-05,0.0019050814,0.0043064146,0.0026507443,0.0005202684,0.0029515463,0.003947942,0.0043756887,0.00060686964,0.0035045957,0.0017009465,0.0027076125,1.7426642e-05,0.004507922,0.0017901271,0.0011216303,0.0019045908,0.0018301925,0.0044976813,-1.1864155e-05,0.0008678883,0.00064062217,1.2984035e-06,0.00048648252,7.8788355e-05,0.0039664353,0.0039853277,0.0044176057,0.0014249587,0.0030883092,0.0023659908,0.0018512054,0.004253867,0.0024959538,0.004460757,0.004027544,5.1243915e-06,0.004255078,0.0018750544,0.0032191258,1.3840884e-05,0.004286199,0.004381919,0.0042955927,0.0018000175,0.003983178,2.7355736e-05,0.003859315,0.001831788,1.17648615e-05,0.0033817173,0.0042606653,0.004135604,-1.1019855e-05,2.187355e-05,0.0043440866,0.0004707643,0.003930224,0.0044777854,0.0021716012,0.99423295,1.2999999e-07,0.003952633,0.0010572849,-7.235602e-07,9.330991e-06,-1.0116794e-05,4.696871e-05,0.0041724173,0.0044165347,0.00265335,0.9959721,0.0022810681,3.1723648e-05,0.004536491,-1.386414e-05,5.4517755e-06,0.0013401931,0.0038740786,4.4345074e-07,0.0043436955,0.002772607,2.5493024e-05,0.0017801817,4.1070365e-05,-1.25651595e-05,0.0019286606,-4.829486e-07,-5.656201e-06,-8.277973e-06,6.40285e-06
7.624559e-05,0.99638283,0.0029825233,0.0029277143,0.0032366503,0.9952129,-8.162064e-06,0.0028046044,1.8799756e-05,0.996169,0.0030414173,0.0029668077,0.002592835,0.0,3.0348161e-05,0.0021499181,4.3151984e-05,0.0029639758,0.9960505,-3.4036202e-06,0.00069983985,0.0030198419,0.0014433474,5.1062274e-05,0.0016966489,0.0026478413,0.0030948634,2.829786e-05,0.0021905182,0.0006162799,0.0014517765,7.090927e-06,0.0032312367,0.00073395524,0.000100914214,0.0008203352,0.00073078927,0.003226431,2.4012972e-05,3.5811794e-05,7.1564515e-05,4.235032e-05,6.624393e-05,3.3627304e-05,0.0026858135,0.0026880424,0.0031262587,0.00034242784,0.0018160981,0.0011891085,0.0007590817,0.0029517985,0.001345061,0.003176708,0.002729251,2.383976e-06,0.002949825,0.0008110535,0.0019693396,4.4135806e-05,0.0029615671,0.0030900587,0.0029886747,0.0007191981,0.0026910072,5.964948e-05,0.0025776231,0.00079500955,3.1668806e-05,0.0021002754,0.002943301,0.0028476901,5.215961e-06,3.1451742e-05,0.003026435,5.8244284e-05,0.0026583243,0.0032099185,0.0010347038,0.9952431,2.643363e-05,0.0026413912,9.30249e-05,2.1236843e-05,-5.5033263e-07,6.5131884e-05,4.1574298e-05,0.0028697173,0.0031302648,0.0014522629,0.9962278,0.0011554802,3.101204e-05,0.0032593363,8.12405e-06,3.5194284e-05,0.00030717664,0.002566759,-1.6858271e-06,0.0030539948,0.0015800027,4.9862596e-05,0.000647502,1.8816208e-05,3.8813527e-05,0.0008764609,-1.1366875e-05,5.059737e-05,2.2795579e-05,7.814377e-06
-0.0044909967,0.99548966,-0.004735051,-0.0047433977,-0.0047516255,0.99526066,-0.0043758578,-0.004715449,-0.004446882,0.9954724,-0.0047426084,-0.0047410517,-0.0046978015,-0.0046580792,0.0,-0.0046682763,-0.004369628,-0.0047350875,0.99545795,-0.0043972386,-0.004594253,-0.0047456287,-0.004605415,-0.0044909026,-0.004642038,-0.004702721,-0.004749903,-0.004487177,-0.004681453,-0.0045588575,-0.004623573,-0.004400317,-0.0047512865,-0.0045613376,-0.0045458223,-0.0045331116,-0.0045574373,-0.0047497293,-0.004637187,-0.0045270673,-0.004519654,-0.0044212025,-0.0045005498,-0.004461404,-0.0047064493,-0.004704052,-0.0047423905,-0.0045732115,-0.004636132,-0.0045814314,-0.0045657884,-0.0047477167,-0.0046012253,-0.0047447355,-0.004707596,-0.004374205,-0.0047464836,-0.004547218,-0.004651801,-0.004361559,-0.0047480958,-0.004744648,-0.004745653,-0.0045483583,-0.0047102044,-0.004426401,-0.004703955,-0.0045384886,-0.004481488,-0.004654675,-0.0047406913,-0.004731017,-0.00438873,-0.004445424,-0.0047441036,-0.004492635,-0.0047054393,-0.004749415,-0.004565193,0.9953186,-0.0043899016,-0.004700198,-0.004525803,-0.0044516325,-0.00436281,-0.0044599078,-0.004364657,-0.004732388,-0.004738895,-0.004601257,0.9954807,-0.004581293,-0.0044248304,-0.00474839,-0.004437529,-0.005452161,-0.004555724,-0.0046967207,-0.0043932367,-0.0047474545,-0.004619455,-0.004452516,-0.004574965,-0.004363271,-0.004385144,-0.004554991,-0.004543461,-0.0043862336,-0.0043532588,-0.0043330435
4.2806747e-05,0.9962519,0.003236865,0.0031565805,0.0034801043,0.99507517,1.8882536e-05,0.0030424441,-6.610949e-06,0.99606204,0.0032597047,0.003216302,0.0028219388,0.002261752,1.5522855e-05,0.0,-6.885197e-06,0.0032065872,0.99591535,8.131734e-06,0.000795294,0.0032511787,0.0016185595,2.9065106e-05,0.0018894663,0.002869973,0.003325362,2.8407205e-06,0.0024014628,0.0007591077,0.0016178365,3.7868984e-05,0.0034633689,0.00082276337,0.00017431554,0.0009925083,0.0008509842,0.0034630743,1.470424e-05,-3.1061026e-07,3.5888774e-05,1.1317515e-05,3.1864896e-05,1.7690547e-05,0.0029038873,0.002918514,0.0033696827,0.00044519448,0.0020267563,0.0013617197,0.0008744399,0.0031918357,0.0015099712,0.00341731,0.002966574,2.5275125e-05,0.0031781422,0.00094078673,0.0021637324,4.7387825e-06,0.0032047,0.0033261955,0.003228103,0.00087929063,0.0029134108,1.4476269e-05,0.0027661007,0.0009235793,-2.7282988e-06,0.002304809,0.0031803497,0.0030744767,1.2358975e-05,-1.1699343e-05,0.003263945,5.529851e-05,0.002868465,0.0034509928,0.0011937983,0.9950857,-8.160736e-06,0.002874717,0.00017398811,-1.696292e-05,2.380448e-06,2.0558957e-05,1.8180139e-06,0.0031022914,0.003359964,0.0016103194,0.99610144,0.0013190918,-1.4752044e-05,0.0034970264,4.80659e-05,-1.3673552e-05,0.00039737666,0.0028027878,2.5610738e-05,0.0032909045,0.0017569286,4.790195e-05,0.00076166756,-1.33268695e-05,2.153767e-05,0.0009931902,-1.8098024e-05,3.2341595e-05,-2.8077905e-06,-2.393007e-06
-0.0038115147,0.9957921,-0.004238759,-0.0042471513,-0.004293364,0.99557173,-0.0035974598,-0.0042045345,-0.0036340253,0.995783,-0.0042581027,-0.0042439676,-0.0041750814,-0.004101216,-0.0036131127,-0.0041146786,0.0,-0.004243738,0.9957704,-0.003600363,-0.0039560464,-0.004258604,-0.004023236,-0.0038219104,-0.0040707914,-0.004180562,-0.004269797,-0.0038357873,-0.004136809,-0.0039351527,-0.004048968,-0.0036560968,-0.0042930613,-0.003945099,-0.0038886876,-0.003928808,-0.003935329,-0.004289663,-0.0037958755,-0.0038799865,-0.0038573625,-0.0036765584,-0.00383378,-0.0037581937,-0.004195111,-0.0041949223,-0.004266465,-0.0039405967,-0.0040656,-0.0039820024,-0.0039491407,-0.004252959,-0.0040148506,-0.004275263,-0.004194606,-0.0036384272,-0.0042487695,-0.003932653,-0.0040948642,-0.0036501375,-0.004247335,-0.004260885,-0.004257343,-0.003946861,-0.004196633,-0.003687119,-0.004187188,-0.003930963,-0.0037370624,-0.0041048527,-0.0042470247,-0.0042269942,-0.0036281059,-0.003772951,-0.004252868,-0.0038392185,-0.0041912883,-0.0042846003,-0.003966895,0.99564976,-0.003617185,-0.0041820994,-0.0038771685,-0.0037543846,-0.0035543337,-0.003753183,-0.0036337855,-0.0042302217,-0.0042710975,-0.0040104995,0.9957884,-0.003989101,-0.003730423,-0.0042957095,-0.003738843,-0.0046792394,-0.003918184,-0.0041753533,-0.0036587203,-0.004263456,-0.0040394156,-0.0037586542,-0.0039514177,-0.0036360433,-0.0036619308,-0.0039463956,-0.0037617856,-0.003671012,-0.0036173097,-0.003599378
0.0032651762,1.000258,0.004414571,0.0043978426,0.004185967,0.9991329,0.002656623,0.0042075026,0.0026981812,0.9999773,0.0041352035,0.0041503226,0.0042855507,0.004165763,0.00274147,0.0042576874,0.0026658035,0.0,0.9998605,0.0026727582,0.003585341,0.0041679153,0.003803798,0.003313037,0.0040864223,0.0040660547,0.004142385,0.0033554963,0.0042660176,0.0035947093,0.003744513,0.0029336025,0.004194563,0.0036062666,0.0034358336,0.0035362272,0.003598266,0.004184739,0.0028297545,0.0034008203,0.0033408822,0.0029884737,0.0033367581,0.003160164,0.0043901345,0.004364085,0.00445103,0.003575727,0.0038071664,0.0036834993,0.0035842715,0.004588759,0.0036683627,0.00414222,0.004065214,0.0028716777,0.0043872264,0.0035699024,0.0038410001,0.0028008395,0.0044062696,0.004232661,0.004422025,0.0035944486,0.0043571168,0.0029283934,0.0043038023,0.003542873,0.0027610103,0.0041534454,0.0044614095,0.004372484,0.0026795245,0.0031572725,0.0042412844,0.0033238404,0.004359057,0.004187124,0.003927933,0.9990915,0.0026954797,0.0043126494,0.00344546,0.0031129199,0.00271016,0.0031088968,0.0028342998,0.0043813004,0.004178482,0.0037885134,1.0000526,0.0036623278,0.0030490085,0.0042200554,0.0031087345,0.0033589166,0.0034995556,0.0042826235,0.0029160879,0.004426818,0.0037309777,0.003165999,0.0036187533,0.0028292474,0.002726966,0.0035602846,0.002824356,0.0029881918,0.0027640983,0.0028410389
4.053653e-05,1.0019515,-1.9809426e-05,-4.3851767e-05,-0.00010083298,1.0011941,-0.00018142222,-5.347314e-05,-0.00040271395,1.0018935,-5.675136e-05,-1.3420219e-05,-1.6823344e-05,9.676701e-06,-0.0003390518,9.501388e-06,-0.00022200354,-2.3091474e-05,0.0,-0.00020418118,1.1488623e-05,-4.237179e-05,4.099271e-05,3.1676405e-05,3.2034804e-05,-4.9626502e-05,-6.150258e-05,3.1864514e-05,-4.3637624e-06,1.3699503e-05,1.2822347e-05,1.0352873e-05,-9.926521e-05,4.7181136e-05,1.3075858e-05,5.498476e-05,5.2626023e-05,-0.00010056243,-0.00063149724,1.1220262e-05,2.2437982e-05,1.6108532e-07,4.1276475e-05,1.7388995e-05,-5.459148e-05,-6.153284e-05,-4.6309575e-05,3.292607e-05,3.7303962e-05,4.015673e-05,5.0134e-05,-5.2854895e-05,4.9018825e-05,-5.770922e-05,-6.663754e-05,-2.290248e-05,-2.9186414e-05,5.691526e-05,1.515892e-05,-9.313274e-05,-5.7173806e-05,-4.313728e-05,-2.860095e-05,4.691603e-05,-7.365658e-05,2.3380098e-05,-2.7349683e-05,5.9525515e-05,-0.00046864434,1.1208381e-05,-2.1515425e-05,-6.60429e-05,-0.00018329809,1.355853e-05,-2.996811e-05,2.2038861e-05,-3.757045e-05,-6.2179846e-05,3.9519113e-05,1.0013741,-0.00026689167,-5.5852477e-05,3.891512e-05,3.1927862e-05,-0.00016013264,1.24533435e-05,-3.601095e-05,-6.441257e-05,-6.693281e-05,2.8266475e-05,1.0019146,4.2733966e-05,1.6966653e-05,-0.00012416771,3.4094275e-05,-0.0010550242,1.717552e-05,-3.7189253e-05,-2.485502e-05,-2.9589695e-05,3.948519e-05,1.2415697e-05,3.0228375e-05,-2.434591e-05,-0.00018940477,5.3648353e-05,-0.0005944996,-3.8101787e-06,-6.156621e-05,-4.6354395e-05
-0.0040413784,0.99569654,-0.0044085183,-0.004415871,-0.0044482797,0.9954791,-0.003908372,-0.00437999,-0.003943399,0.995685,-0.0044189002,-0.004415444,-0.0043589794,-0.0042922623,-0.0039250287,-0.004304014,-0.003869103,-0.00441029,0.99567443,0.0,-0.004197834,-0.00442245,-0.0042237607,-0.0040699244,-0.0042659575,-0.0043578697,-0.004435024,-0.004054001,-0.004325069,-0.0041444814,-0.004255284,-0.0039305612,-0.004449792,-0.0041583846,-0.004116959,-0.0041350266,-0.004151701,-0.0044444804,-0.0041286484,-0.004097102,-0.0040931194,-0.003964326,-0.0040565794,-0.0040134103,-0.004371736,-0.004364302,-0.004429191,-0.004158901,-0.0042679226,-0.00418978,-0.0041645993,-0.004423549,-0.004212832,-0.00443684,-0.0043715863,-0.0039003664,-0.00441852,-0.004140283,-0.0042853197,-0.003896897,-0.0044211154,-0.00442724,-0.004424472,-0.0041507753,-0.004370357,-0.003927145,-0.0043629115,-0.0041399547,-0.0039681406,-0.0042950767,-0.004417547,-0.004399423,-0.003891056,-0.0039922507,-0.0044194683,-0.0040580328,-0.0043653743,-0.0044397926,-0.004187616,0.995527,-0.0038941302,-0.00436097,-0.004089729,-0.0039960723,-0.0038719957,-0.0040084682,-0.0038897216,-0.0044037523,-0.0044311536,-0.004215732,0.9956911,-0.00418919,-0.003975704,-0.0044474765,-0.003974363,-0.004963248,-0.0041341134,-0.004353699,-0.0039275996,-0.00443091,-0.004237065,-0.004003177,-0.0041739894,-0.0038747706,-0.0038824298,-0.004153216,-0.004063761,-0.003911196,-0.0038755185,-0.003869992
-9.104779e-06,0.9958671,5.701421e-06,3.119493e-05,3.3276132e-07,0.99568355,1.7373538e-06,2.3943698e-05,2.2194126e-05,0.9958758,2.6144156e-05,-2.2228965e-06,-4.3207256e-06,1.2183739e-05,-8.404525e-06,1.9236559e-05,1.2569933e-05,-9.286049e-06,0.9958623,-1.6869268e-05,0.0,1.7759607e-05,1.7402276e-07,-1.3248291e-05,2.0743186e-05,6.8770173e-06,1.2653271e-05,9.838974e-06,2.7483043e-06,-4.406763e-06,2.3661437e-06,2.8369968e-06,3.0296313e-05,7.4213444e-06,2.1663782e-05,-6.3615607e-06,6.378247e-06,2.3114826e-05,2.1251562e-07,1.1919448e-05,2.0559477e-05,2.684209e-05,2.0124206e-05,-3.4208702e-07,-2.3205062e-06,2.4848347e-05,3.1815645e-05,6.7668734e-06,-2.5008178e-06,-5.3715775e-07,2.7551934e-05,2.4231702e-05,2.8858494e-05,1.1953731e-05,-4.9528867e-06,3.6211593e-06,2.4202609e-05,-4.1226153e-06,3.0241976e-05,6.8726886e-06,-3.9714128e-06,1.9786381e-05,4.3606374e-06,-3.5513453e-06,3.053479e-05,5.6038216e-06,2.1799222e-05,-4.0926657e-06,2.8078248e-05,3.144199e-07,2.551303e-05,2.1362594e-05,1.5680595e-05,2.6326932e-06,2.28828e-06,-3.2626328e-06,1.608601e-05,5.6779504e-06,2.9221923e-05,0.99575806,2.7189653e-05,1.45920985e-05,6.882402e-06,1.9564535e-05,-3.037587e-06,2.8270137e-05,-2.5461427e-06,2.57288e-05,2.6278278e-05,1.320086e-05,0.9958848,3.1308239e-06,1.2300714e-05,1.0665884e-05,2.6574102e-05,1.6781001e-05,-6.0573334e-06,2.7646003e-05,-6.1617848e-06,3.1193536e-05,-8.887461e-06,-4.4042378e-07,1.9344554e-05,-5.8418054e-06,-5.808826e-07,-4.1878575e-06,-2.148806e-05,1.2802909e-05,-1.1898397e-05,-1.1148771e-05
0.003917863,1.0017074,0.0044458127,0.004449663,0.004497288,1.0005745,0.0035387478,0.0044137333,0.0035662658,1.001427,0.004466541,0.0044548325,0.004365804,0.004294476,0.0035934988,0.0043096165,0.0035248955,0.004459799,1.0013726,0.0035312998,0.0041128537,0.0,0.004204126,0.0039490634,0.0042469054,0.0043828087,0.0044775316,0.0039533903,0.004321986,0.004116041,0.0042298986,0.00368724,0.004499514,0.0040902863,0.004019781,0.004069756,0.004091518,0.0044971923,0.003727583,0.0039945734,0.0039672474,0.003735085,0.0039526015,0.0038436465,0.0044009625,0.0043857098,0.004466537,0.0041052354,0.0042555975,0.004156232,0.0041105943,0.00447033,0.0041769804,0.004484534,0.00439381,0.0036494497,0.004459461,0.0040840167,0.004285772,0.0035964851,0.0044537443,0.004480756,0.004465652,0.004088886,0.0044003283,0.0036874986,0.0043665953,0.0040818295,0.003622973,0.004306744,0.0044458257,0.0044201836,0.0035387485,0.0038267241,0.004473785,0.003951332,0.0043843435,0.0044913073,0.004134304,1.0006163,0.0035380316,0.0043745767,0.004026689,0.0038128179,0.003551418,0.0038177387,0.0036223545,0.0044418606,0.00448295,0.0042022546,1.0015271,0.0041507366,0.0037693735,0.004507115,0.003805137,0.004224858,0.004068114,0.004376612,0.0036760536,0.0044628726,0.004219647,0.0038381726,0.0041423887,0.0036203822,0.0035512326,0.0040886686,0.0036953771,0.0037112369,0.003572844,0.003619932
6.650123e-06,0.9965385,0.00161034,0.0014864382,0.0016814453,0.99576205,2.2845195e-07,0.001495339,2.248936e-05,0.9965278,0.001576484,0.0015543421,0.0012742209,0.00079109246,1.3774522e-06,0.000875327,2.8922934e-05,0.0015740285,0.99639255,2.7111132e-06,3.6856356e-05,0.0015578985,0.0,5.707088e-05,0.0005063827,0.0013248393,0.0016160704,3.003945e-05,0.0008712426,5.6613088e-05,0.00025345566,2.5048368e-05,0.0017029839,4.400027e-05,1.1553531e-05,0.00010117449,8.280461e-05,0.0017221906,3.1968048e-05,5.415653e-05,6.506722e-05,7.92892e-06,2.7625481e-05,1.8931009e-05,0.0013180095,0.00133722,0.0016546007,2.337615e-05,0.0006263784,0.00019390133,8.057076e-05,0.001501264,0.0002991523,0.0017436668,0.0014184184,3.3461245e-05,0.0015029288,6.798327e-05,0.0007084114,4.2992433e-05,0.0014649293,0.001658181,0.0015513059,2.7354796e-05,0.0013378533,1.5200558e-05,0.0012236504,5.7966434e-05,3.7954553e-05,0.0008411072,0.001515502,0.0015017514,8.207027e-06,4.7166413e-05,0.001610427,5.8578487e-05,0.0012661172,0.0017726772,1.1510987e-05,0.99579906,2.756257e-05,0.001290548,4.425843e-05,5.1584895e-05,2.7557566e-05,3.8900376e-05,3.1114134e-05,0.0014942347,0.0016200813,0.00039230703,0.9965049,0.00016545576,2.7439519e-05,0.001699507,1.8031562e-05,-1.8621514e-06,1.6176346e-05,0.001232677,4.184274e-05,0.0015682302,0.00046431107,5.0941526e-06,8.635926e-05,1.1209789e-05,-8.716277e-06,8.408007e-05,3.568072e-05,-3.5203811e-06,9.15028e-06,8.716008e-06
-1.50368405e-05,0.9959017,-0.0020560678,-0.0020881933,-0.002544535,0.9958268,6.666404e-06,-0.0018692004,-2.682015e-05,0.9959347,-0.0022157563,-0.002070764,-0.0017041411,-0.0012949444,1.0530582e-05,-0.0013464568,-3.0746603e-05,-0.0020502089,0.99591523,1.5858644e-05,-0.000578295,-0.002198566,-0.00082215253,0.0,-0.0011133618,-0.0017324458,-0.00228621,-2.5032296e-05,-0.0014902914,-0.0002844137,-0.0010788081,-3.628669e-05,-0.0025361574,-0.00048842153,-0.00012708831,-0.0004755332,-0.00046407513,-0.0024933664,-6.055919e-06,-9.8900404e-05,-2.2018341e-05,3.1824607e-06,-4.5188423e-05,-2.4327199e-05,-0.0018379276,-0.0018134651,-0.0023087005,-0.0002960578,-0.0010521162,-0.00069189264,-0.0004371638,-0.0020961978,-0.0007916254,-0.0023808128,-0.0018260597,-1.7411912e-06,-0.0020928136,-0.00046789995,-0.0012352518,-1.5035603e-06,-0.002091082,-0.0022206977,-0.0021597822,-0.00047737028,-0.0018347035,-2.0531155e-05,-0.0017809386,-0.00046279852,-8.228849e-06,-0.0012910843,-0.0020556056,-0.0019609784,1.056349e-05,6.2673726e-06,-0.002141515,5.029083e-08,-0.0018487718,-0.0024220054,-0.000712367,0.995861,1.0389918e-05,-0.0017665562,-8.4809064e-05,1.0474969e-05,2.2894126e-06,1.0896968e-05,-2.6838008e-05,-0.0019762595,-0.0023802244,-0.00081655395,0.9959225,-0.0007230109,-3.495085e-05,-0.0025861028,-7.015669e-06,-3.4702185e-05,-0.0002738428,-0.0016947904,-1.7843598e-05,-0.0022230966,-0.00092621974,-2.255993e-05,-0.00038360344,-2.9855915e-05,4.7062636e-06,-0.00054757803,8.311073e-06,-2.16913e-06,6.4480005e-06,-3.1300046e-05
6.4934364e-05,0.996491,0.0023130719,0.0022369027,0.0024984484,0.9955135,-6.0635884e-06,0.0021574337,-1.2381955e-05,0.99636006,0.0023414746,0.002286337,0.0019282618,0.001441656,-1.1976741e-05,0.0015530417,1.3825384e-05,0.0022793177,0.99624157,4.193117e-05,0.00023498964,0.002323552,0.00090143207,1.3745429e-05,0.0,0.0019875208,0.0023976332,6.7682504e-06,0.001576292,0.00016782015,0.0008612251,3.066749e-05,0.0025213459,0.0002751639,6.966865e-05,0.0004091719,0.0002913,0.0025119728,2.1787977e-05,6.550845e-05,2.6509542e-05,3.0385725e-05,5.6800833e-05,3.569164e-05,0.0020232266,0.0020195353,0.0024332227,5.989177e-05,0.0012062723,0.00070363755,0.00029797124,0.0022712557,0.0008278147,0.0024602239,0.002081503,1.9988025e-05,0.0022564165,0.00036840298,0.0013510807,4.7390957e-05,0.0022614205,0.0024000555,0.0023063105,0.00029340867,0.0020415052,3.556069e-05,0.0019059636,0.00035015523,1.261354e-06,0.0014711191,0.0022362869,0.0021807535,1.028864e-05,5.062129e-05,0.0023305733,2.8493732e-05,0.0020094188,0.0024995082,0.0005253756,0.99554354,1.9929207e-06,0.0020012502,5.129305e-07,1.1030805e-05,5.8016567e-06,-2.7942456e-06,1.668522e-05,0.002200856,0.0024023962,0.0009047007,0.9963855,0.0007028256,4.048934e-05,0.0025354614,1.630466e-05,1.7545783e-05,2.26359e-05,0.0019188377,1.3887408e-05,0.0023556517,0.0010347315,6.075948e-05,0.00017484342,3.2045107e-05,5.0228964e-06,0.00042558147,3.3436092e-05,4.712132e-06,-6.78322e-07,1.6261556e-05
0.00077391934,0.9971209,0.004192595,0.0041469825,0.004377237,0.99470055,4.068419e-05,0.0040475708,1.5931688e-05,0.99690706,0.0042414926,0.0041812565,0.0038542775,0.0034653891,1.8685543e-05,0.0035327002,2.0475409e-05,0.0041737664,0.9964121,-8.8135175e-06,0.0018634683,0.004203047,0.00298719,0.00092106394,0.0031976264,0.0,0.0042691855,0.0011361479,0.0035623524,0.0019888752,0.002601897,6.85643e-05,0.004376786,0.0019444783,0.0014549961,0.0020553006,0.0019835525,0.0043771802,-1.8796865e-05,0.0013010966,0.0010709906,6.459265e-05,0.0010302402,0.00049500825,0.003924651,0.0039350954,0.0043037077,0.0016856153,0.0032669557,0.0023602846,0.0019919537,0.0041507715,0.0024854057,0.0043485947,0.0039886683,1.2794243e-06,0.0041501657,0.0020546792,0.003392795,-1.3476644e-05,0.0041512195,0.004269587,0.004197306,0.001971176,0.003943068,4.4515047e-05,0.0038508512,0.0020097718,1.5790742e-05,0.0035004297,0.004130179,0.00406603,2.704524e-05,0.000554915,0.004242524,0.0010094232,0.0039025266,0.0043720985,0.0021557403,0.99500275,4.2135067e-05,0.0039177653,0.0015115212,0.00041382632,-1.0816609e-05,0.00036846125,-1.358876e-05,0.0040820464,0.004306589,0.0029797244,0.99694264,0.0023326555,0.00024889392,0.0044028973,0.0004384739,-4.1797364e-07,0.0016539707,0.0038625612,1.5529387e-05,0.004225331,0.0030678103,0.0005799549,0.0019226728,2.0792528e-05,1.9647774e-05,0.0020684497,6.2044596e-06,3.9447936e-05,4.672885e-05,-6.097362e-07
0.004319743,1.0025327,0.004710148,0.004713126,0.004736668,1.0015368,0.0040372913,0.0046820473,0.0040849773,1.0023313,0.004724631,0.0047200727,0.004650023,0.004598574,0.0040971767,0.0046079685,0.004027066,0.004718868,1.0022606,0.0040383036,0.004468857,0.0047203605,0.0045278296,0.0043519307,0.004562536,0.004661009,0.0,0.004345993,0.004615074,0.0044739638,0.0045415265,0.0041537103,0.0047384487,0.0044462043,0.004397912,0.0044221594,0.00444657,0.004738427,0.004249442,0.004375072,0.0043587973,0.0041801,0.004351476,0.0042710574,0.004672298,0.004659295,0.00472417,0.0044640927,0.004567515,0.004488699,0.00446345,0.0047301115,0.0045086956,0.0047352756,0.004665665,0.0041197594,0.0047209947,0.0044348235,0.004585193,0.0040753842,0.0047213007,0.0047350875,0.0047240537,0.004437659,0.0046715518,0.0041488665,0.0046463083,0.0044274386,0.0041325376,0.0046033864,0.0047104703,0.0046883416,0.004045014,0.004250416,0.0047337716,0.0043445365,0.004655795,0.00474004,0.004469931,1.0015907,0.004051382,0.0046550133,0.0044044694,0.0042433795,0.0040401085,0.0042443406,0.004094564,0.004706015,0.0047286563,0.0045274296,1.0023988,0.0044865627,0.0042055915,0.0047414065,0.0042332746,0.0047297003,0.004430467,0.004655684,0.0041339053,0.004720504,0.0045445026,0.0042603496,0.004491476,0.0040887,0.004053278,0.004435696,0.004213125,0.004162338,0.0040578553,0.0040913164
-1.7265307e-05,0.9958905,-0.0019771645,-0.0020574045,-0.002517677,0.99584067,-2.2490516e-05,-0.0017856975,2.0674515e-05,0.9959289,-0.0021613021,-0.0020129818,-0.001675409,-0.0012781363,-2.215784e-07,-0.0013242868,-4.3924597e-06,-0.0020048048,0.99590987,9.4381385e-06,-0.0007539584,-0.0021586383,-0.0007651635,8.085815e-06,-0.0010767685,-0.001675237,-0.0022465368,0.0,-0.0014727201,-0.00017698262,-0.0010828377,1.6943066e-05,-0.002492401,-0.00048611965,-0.00013413414,-0.0004087044,-0.00044157446,-0.0024552639,-1.338084e-05,-0.00010028417,-2.8888679e-05,-2.0556286e-05,-2.9001421e-05,-2.8117962e-05,-0.0018075721,-0.0017715347,-0.0022554316,-0.00028913072,-0.0010445507,-0.0006719368,-0.00043444615,-0.0020662576,-0.0007500561,-0.0023228573,-0.0017521875,-5.491785e-06,-0.0020578841,-0.00039585205,-0.0012197109,1.797324e-05,-0.0021089094,-0.002153718,-0.0021037795,-0.00044805187,-0.0017897207,-8.281846e-08,-0.0017345363,-0.00044154347,2.9869666e-06,-0.001249831,-0.002047048,-0.0018970025,1.5292717e-05,-1.0807859e-05,-0.0020802992,1.0651389e-06,-0.0018172804,-0.0023581253,-0.0007451422,0.995833,-1.540438e-05,-0.0017155994,-3.4044326e-05,-2.086042e-05,6.9117243e-07,-2.9372159e-05,-3.833251e-06,-0.001931997,-0.0023443103,-0.0007772322,0.9959132,-0.0006767472,1.4314117e-05,-0.0025443414,1.4364568e-05,7.003827e-06,-0.00025822382,-0.001659214,1.0153374e-05,-0.0021934859,-0.00088539755,-3.589414e-05,-0.0004010373,1.2397125e-05,5.5244163e-06,-0.0005169183,-6.8960344e-06,-1.7198689e-05,-1.2613452e-07,3.116628e-06
2.7014754e-05,0.9964275,0.003383414,0.003382173,0.0036794823,0.99510574,3.7725527e-05,0.0032423749,1.9872534e-05,0.9961521,0.003467306,0.0033963544,0.0030279413,0.002507312,-7.3115925e-06,0.0026255958,3.4400407e-05,0.003379402,0.99606156,2.6010044e-05,0.0010554004,0.0034599237,0.0018947748,3.0685605e-05,0.002204543,0.003075679,0.0035132212,9.5701456e-05,0.0,0.0010574121,0.002136579,4.0767787e-05,0.0036808844,0.0011947013,0.0005258094,0.0012625841,0.0012180834,0.0036735309,3.712006e-06,0.00035707923,8.6863256e-05,-4.2118813e-06,1.1331851e-05,6.983695e-05,0.0031359212,0.003139378,0.0035671853,0.00083929556,0.0022603816,0.001686206,0.0011907322,0.0034036366,0.0017765567,0.003597548,0.0031530205,5.3258253e-05,0.0033893525,0.0012356307,0.0024264413,1.7038083e-05,0.0034066571,0.003514914,0.00344218,0.0012088612,0.0031402411,-7.0948445e-06,0.0030212437,0.0012476401,-1.4666009e-06,0.0025437973,0.0033682585,0.003283505,3.2555115e-05,-1.2730442e-05,0.0034232223,7.313083e-05,0.0031244336,0.0036331676,0.0016370052,0.9951292,1.4819203e-05,0.0030884116,0.0005206967,3.326207e-05,3.08764e-05,4.9436054e-05,2.2971943e-05,0.0033111172,0.0035661855,0.0019205579,0.9962603,0.0016259766,-1.4587309e-05,0.003714095,2.4446774e-05,3.0159012e-05,0.0007765649,0.003036549,7.811282e-06,0.0034919092,0.00204035,4.9147962e-05,0.0011333377,4.9558234e-06,2.463748e-05,0.0013196612,2.3873868e-05,7.7972624e-07,2.7595303e-05,4.1185896e-05
8.578627e-06,0.99553347,-0.00039072667,-0.0005500486,-0.0014083444,0.9955634,-9.756353e-06,-0.00014456669,-1.2569578e-06,0.9955719,-0.00074736564,-0.00045250385,6.289612e-06,-4.2066345e-05,1.4849105e-05,-2.7816102e-05,9.688177e-06,-0.00044963957,0.9955567,-1.977801e-05,1.2459157e-05,-0.0007336917,-3.4565524e-05,-1.1266953e-05,-4.18837e-05,-9.915694e-08,-0.0008911822,-2.2908527e-05,-4.8611728e-05,0.0,1.4821447e-06,-2.0282609e-05,-0.0013889965,-2.9180665e-05,-1.0929159e-05,-1.6440268e-05,9.500084e-06,-0.0012940071,1.4739993e-05,1.6522314e-05,-1.3477165e-05,-1.6323072e-05,-1.32527675e-05,-1.2890836e-05,-0.0002055937,-0.0001460636,-0.0009120143,3.2481196e-06,-3.0307752e-05,-6.6952116e-06,-2.9404888e-05,-0.0005999937,-1.0396787e-05,-0.0010544389,-8.149972e-05,-2.1910912e-05,-0.0005542041,-3.1866202e-05,-2.4230498e-05,-4.6358027e-06,-0.00062828604,-0.0007274159,-0.0006474335,-2.4267401e-05,-0.00018157241,-2.2133858e-05,-9.9049335e-05,1.582737e-05,-1.911927e-05,-1.3177595e-05,-0.0005479107,-0.00032676308,7.846533e-06,8.417555e-06,-0.0005405627,-7.969151e-06,-0.00023475762,-0.0010853694,-2.9560264e-05,0.99553263,-1.2163698e-05,-6.0147442e-05,-1.3307659e-05,-1.035233e-05,-1.5805846e-05,-3.9857737e-06,4.3515902e-07,-0.00039341926,-0.0011041317,1.5855629e-05,0.9955532,-3.4671368e-05,1.5337579e-05,-0.0014843898,4.1493154e-06,-2.1761956e-05,-4.8648567e-06,-2.1665473e-05,1.6904316e-05,-0.00079908484,-1.0125605e-05,-1.2747754e-05,-1.8457753e-05,-1.1749805e-06,8.6916525e-06,1.065706e-05,2.2541213e-05,-1.1459281e-05,-1.2363473e-05,-6.8213703e-06
-4.677628e-06,0.99638534,0.0020095254,0.0020888688,0.0023702134,0.9955314,8.442252e-06,0.0019027474,3.7154114e-05,0.99623793,0.0020602788,0.0020622397,0.0017240942,0.0012355936,2.159889e-05,0.0013349158,3.200384e-05,0.0020481343,0.9962315,-8.7862245e-06,7.653017e-05,0.002133106,0.0007084843,5.3353942e-05,0.00093852467,0.0017606495,0.0021107718,4.777443e-05,0.0015283626,7.704931e-05,0.0,2.489773e-05,0.0023516202,0.00014208363,4.160211e-05,6.0799266e-05,0.00019545355,0.002369662,9.414766e-06,-1.7507671e-06,4.838335e-05,4.1741394e-05,3.6607395e-05,5.6692435e-05,0.0018423741,0.0018607309,0.002126391,8.716556e-06,0.0010090801,0.00050871505,0.00012224352,0.0021061855,0.0005815372,0.002186142,0.0018619306,8.319074e-06,0.002106694,0.00010523937,0.0012581454,-7.254522e-06,0.002078772,0.0020859463,0.00207762,0.00015298846,0.0018739786,2.5873664e-05,0.0018064224,0.00023188938,-9.182308e-06,0.0012795461,0.0020600613,0.001972427,2.2139146e-05,3.715668e-05,0.0020469923,2.232554e-05,0.0018777404,0.0022300116,0.0007459705,0.9956725,1.6964923e-05,0.001760134,2.3533627e-05,-2.3789105e-06,2.0338144e-05,5.676708e-05,-2.083796e-06,0.0020116859,0.002209888,0.00074024795,0.9963196,0.00042635534,2.9435125e-06,0.0023820673,3.173625e-05,3.3781995e-05,5.8965485e-05,0.0017258885,2.7862905e-05,0.0021039303,0.00085634587,5.0382816e-05,0.00012013626,4.3227665e-05,1.11311065e-05,0.000276322,1.8372868e-05,2.8718288e-05,8.412016e-06,1.2823548e-06
-0.0018320262,0.99616987,-0.003020694,-0.003033541,-0.0032488136,0.9960108,-0.0013323879,-0.0029184918,-0.0012868791,0.996188,-0.0030861918,-0.0030164628,-0.002845655,-0.002642199,-0.0012503896,-0.0026663584,-0.0012441915,-0.003024479,0.9961748,-0.0012772947,-0.0022824372,-0.0030868822,-0.0024039769,-0.0018665828,-0.0025455959,-0.0028505423,-0.0031318674,-0.0018579655,-0.0027163264,-0.0021093425,-0.0024810939,0.0,-0.00324926,-0.002205961,-0.0020101774,-0.002211584,-0.0021779968,-0.003222854,-0.0014869452,-0.001990547,-0.0019369142,-0.0015892514,-0.0018761109,-0.0016838457,-0.0029116066,-0.0029021418,-0.0031365107,-0.0021195717,-0.0025309483,-0.0023155434,-0.002199645,-0.0030369617,-0.0023887977,-0.0031714693,-0.0028873284,-0.0014049208,-0.0030351467,-0.0021903242,-0.0026093072,-0.001419416,-0.0030279804,-0.0030977076,-0.0030694662,-0.002221132,-0.0028978854,-0.0015256562,-0.0028633703,-0.0022115156,-0.0012725745,-0.0026425407,-0.0030312892,-0.0029707788,-0.0013403889,-0.0017216759,-0.0030548284,-0.0018783741,-0.0028969867,-0.0031889824,-0.0023052024,0.9960757,-0.0012854442,-0.0028642449,-0.0019700637,-0.0017026871,-0.0012525778,-0.0017077506,-0.0014142053,-0.002977915,-0.0031756368,-0.0023834682,0.99618447,-0.002336033,-0.0016639237,-0.003260221,-0.0016659915,-0.0022036333,-0.002096934,-0.0028304926,-0.0015027842,-0.0030982308,-0.0024453294,-0.0017070341,-0.0021803183,-0.001397156,-0.0013453965,-0.002238505,-0.0013467942,-0.00149648,-0.0013756676,-0.0013423103
0.00512569,1.0038214,0.005294321,0.005297986,0.0052869855,1.003291,0.0049884752,0.005282412,0.005033801,1.0037208,0.005293362,0.0052987323,0.0052698683,0.005247216,0.0050387536,0.005251881,0.0049674874,0.0053002895,1.0036994,0.0049844366,0.0051798034,0.005297655,0.0052096047,0.005143825,0.0052366233,0.005273301,0.005298603,0.005129799,0.005259203,0.0051991646,0.0052195396,0.0050225523,0.0,0.0051693674,0.005151858,0.005143441,0.005168302,0.005291448,0.0052058366,0.0051374594,0.005143285,0.005030082,0.0051396834,0.0050902036,0.0052818004,0.0052715167,0.0052917437,0.005206947,0.005236959,0.0051897937,0.0051868362,0.0053145215,0.0052052224,0.0052953013,0.0052716606,0.005013504,0.005303609,0.0051571527,0.00524215,0.0049884166,0.005306236,0.005302915,0.0053025726,0.0051604398,0.0052797156,0.005022317,0.005265082,0.005151962,0.0050825346,0.005244208,0.0052954126,0.005285109,0.004992533,0.0050725294,0.005303454,0.0051337588,0.005265163,0.0052958294,0.0051755654,1.0033431,0.004992719,0.005265763,0.005169353,0.0050755073,0.0049737934,0.005077724,0.00499695,0.0053015235,0.0052905316,0.0052087,1.0037621,0.005189394,0.005053499,0.0052857874,0.0050673257,0.005628917,0.0051763128,0.005275128,0.0050080577,0.0052961307,0.0052232374,0.0050794287,0.0052159927,0.0049904305,0.0049930187,0.0051540066,0.0051626735,0.005031961,0.004971118,0.0049881157
2.161485e-05,0.9959885,8.363988e-06,-1.128753e-05,-1.21205685e-05,0.995839,1.9540288e-05,1.6607077e-06,1.9134104e-05,0.99602026,2.3790415e-05,2.1755616e-06,2.1739601e-05,2.3227163e-05,3.789229e-06,1.8547706e-05,-1.3225534e-05,7.6306815e-06,0.9960006,1.8604602e-05,-1.4764079e-06,-1.7968516e-05,1.80965e-05,2.6112917e-05,-5.6205463e-06,9.067881e-06,-9.410817e-06,1.3946859e-05,8.538415e-06,-3.0926976e-06,2.4168854e-05,1.21119665e-05,-7.1722984e-06,0.0,1.5935488e-05,-4.8670076e-06,-7.7024115e-06,-6.607994e-06,2.4738083e-07,-4.2600695e-06,-2.333592e-06,-1.121562e-06,1.2531071e-05,-1.210447e-05,1.81942e-05,-5.779426e-06,1.3502895e-05,-3.0277856e-06,2.3212166e-05,2.2700528e-05,2.675122e-06,9.038713e-06,2.070278e-05,1.6389102e-05,7.4686545e-06,1.311781e-05,-1.3378079e-05,1.671815e-05,-6.764363e-06,3.7707443e-06,1.8346498e-05,-1.457782e-05,-2.0414514e-06,2.093305e-05,-1.0068663e-05,-8.6941545e-06,6.0939146e-07,4.06506e-06,2.0193693e-05,-1.1989401e-05,-1.2603504e-05,9.361919e-06,2.0097947e-05,-2.271443e-06,2.0580299e-05,-4.484382e-06,1.9368998e-05,1.0733219e-05,9.304e-06,0.99586666,1.464248e-05,7.1481554e-06,2.7170533e-06,-2.196575e-06,2.6299856e-05,-2.2318802e-06,2.204315e-05,3.9054357e-06,-4.7349076e-06,2.5703019e-05,0.9960085,7.961807e-06,7.136955e-06,-2.249753e-06,8.20945e-06,1.215306e-06,-4.3318687e-06,-1.1326009e-05,1.8908588e-06,9.791154e-06,5.339608e-06,6.5219906e-06,2.4975571e-07,1.8233353e-05,2.2477254e-05,-5.4077755e-06,-1.4711799e-05,3.051248e-06,1.0262496e-05,-4.717249e-06
7.4166073e-06,0.9956988,-0.0012964352,-0.0013430258,-0.0020123941,0.9956662,-1.9142906e-05,-0.0010482693,6.6315706e-06,0.99573046,-0.0015057308,-0.0012984971,-0.0008359602,-0.00027163452,-9.002909e-07,-0.0003562663,8.405581e-06,-0.0012946321,0.9957124,6.6753933e-06,6.866279e-06,-0.0015072168,-2.352679e-05,4.6639843e-06,-5.1368686e-05,-0.0008327996,-0.0016193648,2.2248929e-05,-0.00056043,9.4333e-06,-8.812767e-05,-7.58309e-06,-0.0020053375,-5.70846e-06,0.0,-2.1326541e-05,8.423435e-06,-0.001941237,4.5595166e-06,-9.414787e-06,-1.2407005e-05,1.4281449e-05,-2.2610548e-05,6.6466423e-06,-0.0010501184,-0.0010169782,-0.0016765962,-2.8113936e-05,-4.5815297e-05,-2.1516616e-05,-2.7451519e-05,-0.0013740577,1.919006e-05,-0.0017731182,-0.000984899,-2.2591317e-05,-0.0013421786,-3.497898e-05,-0.00018466971,1.5870053e-05,-0.001340918,-0.0015240193,-0.0014620826,1.2620123e-05,-0.0010226531,2.0462605e-05,-0.00092699187,3.3634415e-06,-1.9026312e-06,-0.0002711852,-0.0013213197,-0.0011834574,1.667982e-05,1.3663731e-05,-0.0013719712,-2.8226532e-06,-0.0010356168,-0.0018171428,7.963252e-06,0.995676,-1.407496e-05,-0.0009304035,-1.8304658e-05,-2.679125e-05,-3.9056563e-06,2.2885406e-06,-1.831639e-05,-0.0012210845,-0.0017792645,-1.3401299e-05,0.9957147,2.3541156e-06,-2.883979e-06,-0.0020711806,1.019801e-05,2.1821634e-05,1.9682575e-06,-0.00081061636,-2.694118e-06,-0.0015457773,-4.6760604e-05,1.7367243e-05,-8.795547e-07,-1.0144602e-05,-8.89822e-06,-6.682429e-06,-7.4149884e-06,3.4883803e-06,1.8386474e-05,-2.3200695e-05
5.3595672e-06,0.9969262,8.465552e-06,1.568075e-05,5.7132496e-05,0.9963386,-1.5915015e-06,2.556181e-05,-5.0237725e-07,0.99697393,2.9863462e-05,1.816359e-05,4.344985e-05,7.333638e-06,-1.01839505e-05,-2.2372717e-07,2.9617097e-05,3.91646e-05,0.99686486,9.054651e-08,1.22871015e-05,9.428394e-06,5.390897e-05,4.210523e-05,4.875027e-05,2.733972e-06,3.1263357e-05,3.2781245e-05,5.8307e-05,6.166715e-06,4.8034117e-06,2.427828e-05,2.1993907e-05,4.0515224e-05,-6.8536438e-06,0.0,2.1279395e-05,7.1398434e-05,5.675759e-06,9.8030405e-06,3.039606e-05,3.395119e-05,2.9812318e-05,2.0897518e-05,4.577844e-05,-3.5733276e-06,6.649449e-06,5.0852166e-05,4.1213036e-05,4.6754798e-05,3.5292833e-05,1.4945866e-05,6.6551474e-06,6.288772e-05,3.8526905e-05,4.2005277e-06,3.5528552e-05,2.7193923e-05,1.6240463e-06,2.3320643e-08,5.3897413e-05,5.648721e-05,5.6992867e-05,8.9565003e-07,6.423749e-05,-3.3363315e-06,6.4956126e-05,2.844201e-06,-1.1933736e-05,3.587132e-05,6.0092872e-05,6.6746754e-05,1.6445587e-05,2.0201654e-05,2.1383172e-05,3.619335e-05,5.337649e-05,8.0955106e-05,1.5972373e-05,0.9963776,2.7319971e-05,6.863584e-05,4.9677394e-05,3.0049941e-05,3.6634337e-05,-4.6887512e-06,2.942036e-05,5.4601158e-05,4.5017812e-05,3.6241563e-05,0.9969466,3.600072e-05,2.0342548e-05,4.1355353e-05,-1.2483882e-06,1.1733836e-05,2.2780248e-05,4.1506923e-05,4.1135336e-05,1.9844736e-05,4.67657e-05,-8.3058666e-07,4.474768e-05,2.9958659e-05,5.5445284e-06,6.2788763e-06,3.3408032e-06,4.3895925e-05,2.7894104e-05,1.2322401e-05
-1.7247112e-06,0.9960388,-1.7032195e-05,-7.2114376e-06,6.443852e-06,0.9958766,2.4597992e-05,-1.931537e-05,4.051307e-06,0.9960777,-7.870566e-06,-1.2692841e-05,-1.52568855e-05,5.9655617e-06,1.6706124e-05,9.053755e-06,4.2514416e-06,-1.9305098e-05,0.99604416,9.310561e-06,-4.803157e-06,-1.31509705e-05,-1.986827e-06,1.9066258e-05,1.0251753e-05,1.1058216e-05,1.4939593e-06,1.6307762e-05,-4.5114202e-06,1.1220014e-05,2.0221793e-05,8.545768e-06,1.20158375e-05,2.5943242e-05,8.569032e-06,3.7962204e-06,0.0,7.208381e-06,-9.3619665e-06,2.6228676e-05,-1.7674656e-05,1.877604e-05,-3.960284e-06,-5.880147e-06,1.0624447e-05,-1.1946353e-05,-1.1581525e-05,-1.29537875e-05,1.5870037e-05,1.4357145e-06,-3.8220583e-06,1.8926825e-05,-1.8505165e-05,4.308139e-06,-1.6056469e-05,1.6734146e-05,-6.492837e-07,1.9885776e-05,1.36655135e-05,2.5144762e-05,-1.9190997e-05,7.95827e-06,1.3309097e-05,-1.7227621e-05,-7.27947e-06,-1.4519505e-05,-3.80238e-06,9.788267e-06,3.7469522e-06,1.7489361e-05,-5.580463e-06,-1.5790585e-05,-1.6455492e-06,-9.619016e-07,6.0186735e-06,-1.7912962e-05,1.3650694e-05,-3.680395e-06,-1.8007162e-05,0.99590266,4.2586817e-06,1.0292742e-05,4.680057e-06,1.634843e-06,2.5095935e-05,2.0864836e-05,2.3869847e-05,1.1429992e-05,1.4116188e-05,2.1012922e-06,0.99605817,1.8122993e-05,1.1408874e-05,-1.7831328e-05,2.205673e-05,9.190232e-06,-1.2008341e-05,-5.2064293e-06,-7.175502e-07,-2.1368405e-05,-1.7239641e-05,2.1131162e-05,-4.8117595e-06,-1.4434824e-05,-1.5595251e-05,-5.360091e-06,-8.70435e-06,-1.1617386e-05,9.088242e-06,-1.4998731e-05
0.0050249174,1.0036769,0.005212652,0.005216559,0.005209265,1.0030891,0.0048688687,0.0051988214,0.0049149008,1.003564,0.0052143917,0.005218285,0.0051834155,0.0051560146,0.004918404,0.005161229,0.004852655,0.005219167,1.003535,0.0048646955,0.0050805486,0.0052164253,0.0051179384,0.0050396416,0.00514428,0.0051888684,0.0052187275,0.005032509,0.00516981,0.005104209,0.0051262444,0.0049111103,0.0052098148,0.0050710393,0.0050542043,0.005045872,0.0050708796,0.0,0.0050864266,0.0050378363,0.005040506,0.0049211555,0.005039703,0.004986009,0.005197799,0.005188692,0.005211536,0.005105461,0.0051445565,0.0050970092,0.005091122,0.005233826,0.0051075714,0.0052162595,0.0051863864,0.0048993803,0.005224695,0.005062717,0.0051495573,0.0048722643,0.0052241315,0.005224722,0.0052221394,0.0050626732,0.005195662,0.0049103294,0.0051799966,0.0050564874,0.0049606287,0.005154745,0.0052142227,0.0052010706,0.0048734075,0.004965473,0.0052252305,0.0050318167,0.0051796506,0.0052174414,0.005077629,1.0031414,0.004881043,0.005179152,0.005065365,0.004968889,0.004857111,0.004967946,0.004879416,0.005218264,0.0052089463,0.005114079,1.0036066,0.005096585,0.004944074,0.0052091004,0.0049607307,0.0055191987,0.0050769732,0.00518718,0.0048951507,0.005217342,0.005130539,0.0049763788,0.0051181708,0.004873614,0.0048754783,0.0050574522,0.0050405753,0.004917795,0.004853085,0.0048765824
-0.0052464767,0.99506754,-0.0053447704,-0.005352479,-0.0053194864,0.99480206,-0.005204185,-0.0053378996,-0.005277173,0.99503195,-0.005343642,-0.0053512715,-0.0053324513,-0.0053168717,-0.005251965,-0.005319823,-0.0051916232,-0.0053456845,0.99501306,-0.0052295798,-0.0052887993,-0.005345777,-0.005292151,-0.0052454183,-0.005309892,-0.005335931,-0.0053446405,-0.0052457056,-0.005327645,-0.005288386,-0.0053005093,-0.00519231,-0.0053184116,-0.0052713733,-0.0052787657,-0.005239387,-0.0052668597,-0.0053230044,0.0,-0.0052671544,-0.005267846,-0.005204754,-0.005251323,-0.0052302917,-0.0053342357,-0.005330776,-0.005330808,-0.005292508,-0.005311735,-0.005277521,-0.005278457,-0.0053597596,-0.005291036,-0.005329793,-0.00533851,-0.0051818904,-0.005353303,-0.005257918,-0.0053190803,-0.0051884605,-0.0053565837,-0.005342356,-0.005348322,-0.0052542104,-0.005336321,-0.0052069183,-0.005336195,-0.005249186,-0.005342839,-0.005315148,-0.005349585,-0.005350659,-0.005205542,-0.0052162334,-0.0053478885,-0.005252113,-0.0053311856,-0.005329614,-0.0052649947,0.99486357,-0.0052254023,-0.0053290636,-0.005270087,-0.0052238987,-0.005189891,-0.00522658,-0.0051714065,-0.0053507215,-0.005325932,-0.0052863397,0.99504673,-0.0052748183,-0.005206545,-0.005311894,-0.0052128783,-0.006294565,-0.0052822074,-0.0053347284,-0.0051882854,-0.0053452402,-0.0053017503,-0.005219369,-0.0052970415,-0.0051876004,-0.005221122,-0.0052596764,-0.0054041594,-0.005186207,-0.0051749544,-0.0051704915
-3.108522e-05,0.9957736,-0.0015432442,-0.0016052473,-0.0021799912,0.9957328,-1.9056059e-05,-0.0013296963,-1.8452743e-05,0.99580824,-0.0017516788,-0.0015743544,-0.0011514063,-0.0006287135,-3.6826816e-06,-0.0006818368,-2.7951954e-05,-0.0015530303,0.99578893,-1.4616746e-05,9.9850395e-06,-0.0017374093,-0.00010409276,-2.824583e-06,-0.0003975287,-0.0011399098,-0.0018547555,-3.0133691e-05,-0.00087721646,1.498179e-05,-0.00046234002,-2.9386238e-05,-0.002176833,-1.8560162e-05,9.775532e-06,3.021562e-06,1.3975682e-06,-0.0021250164,-2.0949958e-05,0.0,-3.4329158e-05,-1.4130556e-05,-6.845832e-06,2.6620294e-06,-0.0013223308,-0.0012837442,-0.0018781289,-2.8694061e-05,-0.0003538004,-1.7021206e-05,-3.7082966e-05,-0.0016248666,-3.056249e-05,-0.001983662,-0.0012606139,-2.4902802e-05,-0.0016045524,-3.8380545e-05,-0.0005498085,-1.5339438e-05,-0.0016111255,-0.0017575559,-0.0017004329,-3.31379e-05,-0.0012962336,-9.063794e-06,-0.0012426674,5.732469e-06,9.891351e-06,-0.0006371145,-0.0015966203,-0.001454683,-1.4840377e-06,-2.5419464e-05,-0.0016528151,-2.4095598e-05,-0.0013138155,-0.002014578,-7.256998e-05,0.99574524,-4.804855e-06,-0.0012146527,-1.2879863e-05,-1.5365325e-05,-4.98723e-06,-2.9573469e-06,3.5011465e-06,-0.0014898697,-0.0019916992,-9.60364e-05,0.9957969,-3.870136e-05,2.4479998e-06,-0.00223151,1.290513e-05,-1.723148e-06,-2.64639e-06,-0.0011136772,-5.826591e-06,-0.0017796829,-0.00018893977,-1.858373e-05,-1.7376802e-05,5.3787403e-06,-7.960385e-06,-9.087117e-06,-2.1802412e-05,-2.8937935e-05,-2.5601782e-06,-1.1733276e-05
-1.4005082e-05,0.99582404,-0.0018981531,-0.001952907,-0.002452585,0.99575454,1.3052535e-05,-0.001699555,1.6712074e-05,0.9958579,-0.0020720328,-0.0019250882,-0.0015223639,-0.0010472753,-1.0201933e-05,-0.001122588,4.4334347e-06,-0.0018992694,0.9958395,-2.75121e-05,-0.00016950315,-0.0020607652,-0.0005390869,3.1089348e-07,-0.0008523937,-0.0015337412,-0.002158309,-3.0333134e-05,-0.0013091116,-2.2492586e-05,-0.00091099815,-1.0286913e-05,-0.0024427597,-0.00017936248,1.1180242e-06,-0.00016931351,-0.0001722079,-0.002400327,-2.8860228e-05,1.7379436e-05,0.0,-1.7211654e-05,-3.8360286e-05,-3.7929658e-05,-0.0016718924,-0.0016483722,-0.002189555,-5.120116e-05,-0.00079494505,-0.00042755823,-0.00012359371,-0.0019606617,-0.0004862018,-0.002273564,-0.0016518281,5.483092e-06,-0.0019487379,-0.00015321627,-0.0009830506,-2.1617707e-05,-0.0019669505,-0.0020731515,-0.0020424288,-0.00017559296,-0.0016641269,-3.3955048e-06,-0.001597999,-0.0001431078,-1.36426615e-05,-0.0010429301,-0.001919689,-0.0017986712,-9.751234e-06,-3.2926055e-05,-0.001980343,-3.5771536e-05,-0.0016762837,-0.0023087952,-0.0005059505,0.9957737,-7.412562e-06,-0.0015841904,-1.7065695e-05,4.9396334e-07,-7.741229e-06,-2.9778865e-05,-1.3147318e-05,-0.0018236216,-0.0022699093,-0.0005412171,0.99584395,-0.00042498444,1.031397e-05,-0.0025003664,-3.8372855e-06,-1.2811351e-05,-2.8913792e-05,-0.001514832,9.865921e-06,-0.002098978,-0.0006433711,-7.709599e-06,-9.782117e-05,1.354797e-05,1.4843482e-05,-0.0002460842,2.4094875e-06,-1.5537174e-05,-1.5687972e-05,1.12766536e-07
-0.0015762727,0.9961702,-0.0028949266,-0.0028933836,-0.0031354192,0.99599284,-0.0009773892,-0.002784589,-0.000993686,0.9961992,-0.0029560148,-0.0028902825,-0.0026865613,-0.0024511425,-0.00097265234,-0.0024926253,-0.00095284014,-0.0028829814,0.9961783,-0.0010234487,-0.001962528,-0.0029481596,-0.002213154,-0.001609682,-0.0023558794,-0.00269589,-0.0030023663,-0.0016790944,-0.002568619,-0.001900631,-0.0023184784,-0.0013041294,-0.0031366309,-0.001990101,-0.0017545983,-0.002003369,-0.001975188,-0.0031173085,-0.0012129808,-0.0017380159,-0.0016556954,0.0,-0.0016527661,-0.0015097959,-0.002762936,-0.002755975,-0.003021789,-0.0019036841,-0.0023152092,-0.002114691,-0.0019704818,-0.0028971361,-0.0021802827,-0.0030556635,-0.0027419303,-0.0012100791,-0.0028979087,-0.0019919393,-0.0024106267,-0.0010951223,-0.0028838327,-0.0029706687,-0.0029439994,-0.002004778,-0.0027561104,-0.0012846831,-0.00272181,-0.0019687451,-0.0011038955,-0.0024592553,-0.0028856865,-0.0028305638,-0.001093423,-0.0015403711,-0.0029175607,-0.001633877,-0.0027559453,-0.0030783853,-0.0021143982,0.9960724,-0.0010182767,-0.0027192854,-0.0017595349,-0.0014321897,-0.0009802469,-0.0014592264,-0.0012030741,-0.0028419767,-0.0030427899,-0.0021906486,0.99618626,-0.0021394803,-0.0014053934,-0.0031556045,-0.0014103011,-0.0019244901,-0.0018589614,-0.0026761005,-0.0012891416,-0.0029651942,-0.0022530798,-0.0014858441,-0.0019477293,-0.0011249171,-0.0011344015,-0.002022582,-0.0010818493,-0.0012797395,-0.0011198594,-0.0011178406
-1.5144426e-05,0.9958926,-0.002052384,-0.0021025268,-0.002565137,0.9958369,-1.0852197e-06,-0.0018517363,-2.8624676e-05,0.9959301,-0.00221897,-0.0020829043,-0.00172974,-0.0013151173,-1.681647e-05,-0.0013645231,-1.239295e-05,-0.0020642013,0.9959074,7.624695e-06,-0.0007303906,-0.002212046,-0.00081424654,-2.1483596e-05,-0.0011001365,-0.0017239498,-0.0023102285,1.7267614e-05,-0.0015088774,-0.00024308082,-0.0011455097,7.430016e-06,-0.0025469288,-0.0005031693,-0.00014366857,-0.00044911262,-0.0004644143,-0.0025085593,6.305387e-06,-9.323359e-05,5.2884666e-06,1.1677336e-05,0.0,-9.665844e-06,-0.0018634145,-0.0018271373,-0.0023101042,-0.00030544697,-0.0010777276,-0.00069534103,-0.0004701452,-0.0021224003,-0.0007807397,-0.0023998702,-0.001811547,8.483075e-06,-0.002111811,-0.00043878204,-0.0012633669,-2.9435514e-05,-0.0021469214,-0.0022220311,-0.002173478,-0.00048810625,-0.0018442406,-2.8300408e-05,-0.0018014845,-0.00046814905,1.6806302e-05,-0.0013083545,-0.002102824,-0.001961263,7.4613195e-06,-1.8672811e-06,-0.0021417146,-1.6655242e-05,-0.0018583965,-0.002423879,-0.00080955174,0.995838,-2.196942e-06,-0.001777791,-1.68935e-05,-1.7704911e-05,-2.1980111e-05,-2.1456006e-05,1.1270739e-05,-0.00199364,-0.002402279,-0.0008241908,0.9959138,-0.00070429296,-1.3801512e-05,-0.0025972705,-6.9899593e-06,7.4386508e-06,-0.00028492016,-0.0017046211,-2.832912e-05,-0.0022486106,-0.0009294637,-3.6520491e-06,-0.00043313735,-1.8118119e-05,5.5099367e-06,-0.000546004,-1.9816127e-05,-3.6313209e-06,-2.4955547e-05,-1.4536504e-05
-0.000623698,0.9960302,-0.0024607293,-0.002480889,-0.0028356835,0.995923,-2.9016754e-05,-0.002296055,-2.0905958e-05,0.99605775,-0.0025735165,-0.0024589535,-0.0021825945,-0.0018545281,-1.6324588e-05,-0.0018933015,-2.9638773e-05,-0.0024594734,0.9960393,5.000171e-06,-0.0013103305,-0.0025671602,-0.0014702358,-0.0006656006,-0.0016943364,-0.0021930044,-0.0026396718,-0.0006536437,-0.0019790304,-0.001003464,-0.0015994449,-0.00014813834,-0.002832115,-0.0011755745,-0.00087581377,-0.0011846909,-0.0011317657,-0.0027976285,-0.00015428483,-0.00084692804,-0.0007522286,-0.0002980137,-0.0006785637,0.0,-0.0022903942,-0.0022723365,-0.0026538079,-0.0010245773,-0.0016618146,-0.0013440078,-0.0011609065,-0.0024872387,-0.0014511048,-0.0027098702,-0.0022552637,-8.699014e-05,-0.0024871253,-0.0011567281,-0.0017963982,-3.1380234e-05,-0.0024840771,-0.0025846497,-0.0025389858,-0.0011894664,-0.0022746674,-0.00023100774,-0.0022210402,-0.0011716322,6.2034874e-06,-0.001854932,-0.002481316,-0.002377992,-1.5061286e-05,-0.0004915376,-0.0025183836,-0.0006763787,-0.0022753845,-0.0027376437,-0.001344222,0.9959757,-2.428089e-05,-0.0022185585,-0.0008064983,-0.00045321937,9.742059e-06,-0.00047003062,-8.448003e-05,-0.0023966145,-0.0027123326,-0.001450435,0.9960504,-0.001377317,-0.00040097642,-0.0028558578,-0.00039741216,-0.00058484706,-0.0009977041,-0.0021605997,-0.00018655146,-0.0025867617,-0.0015440591,-0.00045229594,-0.0011133269,-3.2213273e-05,1.1435139e-05,-0.0012279963,7.095278e-06,-0.00017381285,-2.7583663e-05,-2.973469e-05
0.0011520963,0.99679404,0.004341854,0.00431644,0.0045598447,0.99435097,2.2724065e-05,0.0041831494,2.5556901e-05,0.99656105,0.004398425,0.004330235,0.0040160725,0.003618553,2.8196207e-05,0.0036952894,-3.2063908e-06,0.004352111,0.996464,5.2025375e-06,0.0025324118,0.004395294,0.0030826645,0.0013933651,0.0033373309,0.004064903,0.0044470653,0.0015090397,0.0037519187,0.0023733256,0.0031925563,0.0003064254,0.004565704,0.0024491951,0.0018543135,0.0025189293,0.0024154084,0.004552711,3.35091e-05,0.0016995087,0.0015211281,0.00012294947,0.0014106419,0.0008378356,0.0,0.004129027,0.004477441,0.002186023,0.0033902854,0.002819567,0.0024995059,0.0043345736,0.0029901061,0.0045051775,0.0041252444,1.4861543e-05,0.0043335725,0.0024640656,0.003544413,-3.5465239e-06,0.004323646,0.0044410145,0.0043778727,0.0025119334,0.00411891,0.00030190728,0.004019129,0.0025072645,1.0525031e-05,0.003657597,0.0043329434,0.0042383415,-1.4369284e-05,0.0009249335,0.004375223,0.0014129499,0.0040870253,0.00452627,0.002768275,0.9945455,-7.078194e-06,0.00407764,0.0018304798,0.000800954,4.4197892e-05,0.0007517239,4.2769116e-05,0.0042662,0.0044904207,0.0030718874,0.99661666,0.002831773,0.0006875824,0.0045764134,0.0007725039,-1.33887415e-05,0.002107861,0.004019513,4.2612748e-05,0.0044050068,0.0031889547,0.00087963644,0.0024466817,1.5479573e-05,4.442138e-05,0.002548748,1.4779087e-05,0.00011751242,7.187344e-06,3.8117155e-06
0.0011963856,0.99687046,0.0043361625,0.0043124743,0.004550085,0.99438334,-5.4717657e-06,0.004181865,-5.4437537e-06,0.9966313,0.0044011953,0.0043306677,0.004016326,0.0036251363,4.148691e-05,0.0036992605,3.477979e-05,0.0043455255,0.9965468,4.1012052e-05,0.002479734,0.0043942975,0.0031020243,0.0014189695,0.0033435323,0.004073529,0.0044398285,0.0015352054,0.0037397423,0.0024149776,0.003214198,0.00035435864,0.004554448,0.0024569356,0.0018864259,0.0025422913,0.0024512634,0.004538419,3.7648013e-05,0.0017508881,0.0015313921,0.0001776328,0.0014473853,0.0009047334,0.0041179536,0.0,0.004464659,0.0021860783,0.003415454,0.0028649068,0.002515796,0.0043305736,0.003008782,0.0044991765,0.00412904,5.308713e-05,0.0043258574,0.0025000959,0.0035554746,1.9936822e-05,0.0043244218,0.004434953,0.004374715,0.0025146836,0.00411497,0.00041897764,0.004007616,0.0025291052,-4.9503865e-06,0.0036623734,0.0043246285,0.0042300755,1.7249401e-06,0.0009695512,0.0043750247,0.0014779683,0.0040770993,0.0045171035,0.0027864617,0.9945956,1.7523374e-05,0.004070431,0.0018913476,0.0008595291,9.665989e-06,0.000813401,4.4130923e-07,0.004258983,0.004493555,0.0030915726,0.99669474,0.002850113,0.0007295402,0.004572639,0.0008362608,1.640203e-05,0.0021397758,0.0040227445,2.4344654e-05,0.0043999334,0.0032008071,0.00094436266,0.0024690847,-6.050244e-06,7.651658e-06,0.0025693574,4.2638083e-05,0.00017818208,4.30496e-05,5.4430446e-05
0.004487338,1.0027949,0.004829715,0.0048285425,0.0048419307,1.0018976,0.0042328304,0.0048054443,0.0042832787,1.0026087,0.0048332233,0.0048306733,0.0047719823,0.0047243168,0.0042950665,0.0047371853,0.004223214,0.004833929,1.0025467,0.0042347447,0.004602759,0.0048335185,0.0046678064,0.0045109903,0.0046987757,0.0047841915,0.004841099,0.0045146937,0.0047435197,0.0046216566,0.004678176,0.004330601,0.004844833,0.0045913938,0.004555536,0.0045698867,0.004593759,0.0048469924,0.004452735,0.004532483,0.0045168498,0.004352459,0.0045164768,0.004438282,0.004792684,0.004783398,0.0,0.00461859,0.0047011906,0.004633057,0.00460968,0.004845233,0.0046506585,0.004843114,0.004787181,0.004303825,0.0048349244,0.004583538,0.0047151954,0.004266016,0.0048360894,0.0048476416,0.00483596,0.0045851674,0.004791231,0.004330486,0.0047681755,0.004576111,0.004335282,0.004730858,0.004825536,0.0048071397,0.004245071,0.004426616,0.004843163,0.004512787,0.0047775013,0.0048496104,0.0046107024,1.0019364,0.004251696,0.0047782524,0.004565032,0.004415966,0.0042356113,0.0044183596,0.0042857165,0.00482545,0.0048376992,0.0046636174,1.0026765,0.004633521,0.0043793228,0.004847082,0.004407295,0.0049269777,0.004583786,0.004778715,0.0043143947,0.0048339716,0.0046803076,0.0044333762,0.0046374532,0.004272929,0.004256439,0.0045841443,0.004419318,0.0043490888,0.004245032,0.004280233
-1.8892551e-05,0.9955564,-0.00065709883,-0.00073541485,-0.0015590087,0.9955676,2.9101998e-06,-0.00039923508,1.5456924e-05,0.9955876,-0.00094303716,-0.00068778655,-0.00016036262,-5.5433462e-05,1.5733951e-05,-4.0137053e-05,3.2115106e-06,-0.000675163,0.9955725,-2.5891437e-05,-4.60748e-05,-0.00093102106,-1.2528163e-05,-3.945656e-06,-4.270142e-05,-0.00016935283,-0.0010828009,-2.398496e-05,-7.932397e-05,1.2306645e-05,-2.7640719e-05,1.3539502e-06,-0.0015484234,-1.1069458e-06,1.2001364e-06,7.868737e-06,-3.997287e-05,-0.0014626796,2.0480427e-05,-1.7607294e-05,1.5049002e-05,-2.4029672e-05,-2.5364096e-05,-1.4785985e-05,-0.0003970576,-0.00035302487,-0.0011288751,0.0,-5.508517e-05,-1.092942e-05,-2.3975865e-05,-0.00077223976,-3.475479e-05,-0.0012645541,-0.00033936315,-2.3821738e-05,-0.00073332916,-2.615533e-05,-6.068019e-05,9.2545895e-07,-0.0007568433,-0.00094541337,-0.0008544416,-1.8021672e-05,-0.00036549207,-2.7203292e-05,-0.0002806299,4.3297982e-06,1.8409204e-05,-5.3460004e-05,-0.00071066763,-0.0005585808,-2.6713242e-05,8.3194345e-06,-0.00079874403,-1.4067405e-05,-0.0003881784,-0.0013081649,-4.1929015e-05,0.99557024,1.0157301e-05,-0.00026983974,-3.0282292e-05,-1.3919141e-05,-4.993529e-06,-2.3881255e-05,-4.9846913e-06,-0.0005979933,-0.0012924103,-9.130608e-06,0.995577,-3.4136494e-05,-3.1757114e-05,-0.0016347347,-2.9684252e-05,-6.973835e-06,-1.0588169e-05,-0.00013955036,3.958995e-06,-0.0009822008,-4.3572218e-05,-4.670474e-07,1.5426e-06,5.6678377e-06,-2.684688e-06,-4.3841173e-06,-5.2885403e-06,9.22146e-06,1.1147327e-05,1.2350234e-05
-1.0851666e-05,0.99636513,0.0023011772,0.0022384832,0.002493219,0.99542814,2.958432e-05,0.0021644034,-1.49187e-05,0.99625707,0.002316676,0.0023144246,0.0019721289,0.0014140824,9.40364e-06,0.001500379,-1.682408e-07,0.0022949674,0.996111,9.946054e-06,9.887043e-05,0.0023011419,0.00085705065,6.248311e-05,0.0010241753,0.0019887467,0.002381193,4.524567e-06,0.0015071608,0.00010095749,0.00083161454,1.7920767e-05,0.00247536,0.00014371416,5.8216545e-05,0.00028498296,0.00022426415,0.002487352,-7.3508977e-07,3.960528e-06,5.1112653e-05,3.1584682e-06,2.8717961e-05,2.5572397e-05,0.0019653402,0.0019955973,0.0023988502,5.678641e-05,0.0,0.00068275037,0.00022220353,0.002269581,0.0007275275,0.0024639757,0.0020833458,-1.2859989e-05,0.0022644927,0.00028371485,0.0013232836,5.393571e-06,0.0023192815,0.0024017703,0.0022739435,0.00015377783,0.0019981794,1.2425331e-05,0.0018733308,0.00024905193,-1.1193296e-05,0.0014467014,0.0022851625,0.0021613298,2.3130376e-06,5.199832e-05,0.0023807194,5.3380623e-05,0.0019530847,0.002505177,0.00050038105,0.9954774,-1.0623185e-05,0.001961004,3.0518233e-05,4.4379387e-05,4.6939394e-06,3.6201378e-05,1.537026e-05,0.002182099,0.002404153,0.00087890076,0.99625826,0.00054663856,2.5935604e-05,0.0025071749,3.9358565e-05,4.2255456e-06,5.7334462e-05,0.0019196785,1.544035e-05,0.0023457191,0.0009718092,4.5384622e-05,0.00011959304,1.2935279e-05,-3.8871412e-06,0.00032530882,2.3355724e-05,4.1752774e-05,1.5209392e-05,4.2428626e-05
-1.14329605e-05,0.9966038,0.0010584361,0.0009703895,0.0010976327,0.9959328,2.0142357e-05,0.0009048726,3.4969842e-06,0.99660254,0.0010475048,0.0010471856,0.00069416995,0.00026123846,-5.686705e-06,0.00035441367,3.2063565e-06,0.0010328346,0.99648637,-1.112636e-05,5.215099e-05,0.0010209556,3.1925003e-05,2.069036e-06,3.2204418e-05,0.0007375753,0.0010732592,-1.38639825e-05,0.00038370915,1.5042985e-05,5.9954466e-05,4.12079e-05,0.0010911879,1.722458e-05,2.2169528e-05,3.685611e-05,4.4615306e-05,0.0011339608,-7.3849e-06,1.5445701e-05,-1.478493e-05,1.8984914e-05,3.777952e-05,9.724388e-07,0.0007236635,0.00075665285,0.0011115819,2.4314593e-05,0.00014278106,0.0,3.820308e-05,0.0009874261,7.098537e-05,0.0011467858,0.0008330872,3.8457074e-05,0.0009876647,2.5755024e-05,0.00018436644,-1.4498619e-05,0.0010216932,0.0010939527,0.001002654,2.334679e-05,0.000761079,3.7075195e-05,0.00064198463,-1.1373899e-05,-1.2031779e-06,0.0002893714,0.0009800842,0.000877375,2.124173e-06,4.539645e-05,0.001071452,1.2846285e-05,0.00072969147,0.0011956847,3.7762093e-05,0.99599427,1.1084436e-05,0.0007443106,4.7238376e-05,-1.4819499e-05,-1.2292649e-05,2.9378069e-05,2.3377392e-05,0.00088717917,0.0010305021,3.6529236e-05,0.99659413,-2.0238622e-05,-9.351933e-06,0.001098675,-1.2854663e-05,-1.2091822e-06,8.019882e-06,0.00066634396,3.2910913e-05,0.0010641594,-1.6232709e-05,4.2133743e-05,-1.6009402e-05,-9.685869e-06,1.2102544e-05,2.75949e-05,2.776025e-05,3.055762e-05,1.391571e-05,2.9958983e-06
-1.696884e-05,0.99571747,-5.683734e-06,-1.923102e-05,-3.1082488e-06,0.99568033,1.2219398e-05,7.767432e-06,1.897871e-05,0.99575216,-4.039182e-06,-2.5701229e-05,-2.5124096e-05,-1.126218e-05,9.794062e-07,9.949241e-06,-7.4190143e-06,-2.1799315e-05,0.9957369,1.8674054e-05,1.5806601e-05,6.2813842e-06,-1.6836479e-05,1.749037e-05,-1.0681331e-05,-2.6101766e-06,-5.3258436e-06,2.4093697e-06,-4.1109115e-06,-5.591915e-06,-2.3083867e-05,8.924989e-06,-3.5745313e-06,1.6758806e-05,-1.0906988e-05,-4.9348287e-06,-1.6862077e-05,-1.5508256e-05,-1.7966075e-05,-1.4973538e-05,1.56269e-05,3.757124e-07,-9.641335e-06,3.283027e-06,-7.209345e-06,1.2505099e-05,5.328062e-06,1.4516944e-05,-6.3680574e-07,1.475046e-05,0.0,1.4503792e-05,-7.7506675e-06,-6.7840447e-06,-2.3196582e-05,-7.3014853e-06,-1.0722052e-05,7.4635827e-06,-2.3719398e-05,1.8084598e-05,-1.2432452e-05,6.783426e-06,-1.37325105e-05,2.4522171e-06,-1.5964403e-06,1.35281825e-05,8.5938555e-06,-6.495096e-06,-9.529204e-06,-4.5219003e-06,-1.2843099e-06,-1.2976461e-05,-1.8623728e-06,8.744691e-06,-1.1801483e-05,-1.9915778e-05,-1.6237294e-05,-1.0953699e-05,5.234053e-06,0.995687,-7.962524e-06,-7.3928227e-06,-7.1208237e-06,-8.996432e-06,5.843435e-06,1.3124362e-05,1.9856274e-05,-1.4690541e-05,-2.7837877e-05,-1.3225489e-05,0.99573773,-6.510256e-06,-2.0484655e-05,-9.662316e-06,1.1889714e-05,-7.66531e-06,-9.917272e-06,-6.7225997e-06,7.5556777e-06,-1.5831032e-05,1.7391415e-06,-1.9834565e-07,9.846814e-06,-2.2252168e-06,4.53963e-07,1.3207389e-05,1.5186821e-05,1.8486302e-05,1.5125825e-05,8.49088e-06
0.0029481135,0.9995637,0.0044918186,0.004501068,0.004152434,0.998377,0.0022267888,0.004507417,0.0022462313,0.99922645,0.0045233294,0.0045073847,0.0043000416,0.004220024,0.0022946247,0.004292598,0.0022383698,0.0045852475,0.9991255,0.002229357,0.0033912736,0.0045400993,0.0037908999,0.003023797,0.0040395763,0.0043990845,0.004396742,0.0030487888,0.004305759,0.0033957527,0.0038519893,0.002545092,0.004209718,0.0035699715,0.0031546524,0.003601459,0.003575721,0.0042579616,0.0023786111,0.003114375,0.0030332187,0.0026331572,0.0030431226,0.0028157632,0.0044770148,0.0044045784,0.0044825044,0.0033932559,0.0039509144,0.003719908,0.0035729157,0.0,0.0037829455,0.0045037856,0.0044254847,0.0024553756,0.0045495317,0.0035915736,0.003964319,0.002359653,0.0044455514,0.0046173315,0.0045777466,0.0035512233,0.0044689807,0.0025391716,0.0043489323,0.0035598287,0.0022961705,0.0043115905,0.0045235073,0.0044942447,0.002224512,0.0028077518,0.004633742,0.0030182484,0.00444732,0.004395667,0.0037407016,0.9983927,0.0022353982,0.004415772,0.0031622415,0.0027590615,0.002273829,0.002767173,0.002420252,0.0045328415,0.0046037687,0.0037882603,0.9993347,0.0037221157,0.002685245,0.0042056856,0.0027470635,0.0029241985,0.0032671592,0.0043825996,0.0025203438,0.004494532,0.0038566384,0.0028255275,0.0034489476,0.0024038847,0.0022571383,0.003579525,0.0023633125,0.0025758147,0.0023302275,0.0024140268
1.402694e-05,0.99651176,0.0014129261,0.0012922278,0.0015354941,0.9958077,1.00424695e-05,0.0012833521,2.9770612e-05,0.99651116,0.0013718467,0.0013608695,0.0010759736,0.00058606605,-6.4436986e-06,0.0006734403,2.4211973e-05,0.0013786065,0.996393,-6.7797646e-06,6.0650073e-05,0.0013662893,0.00019015463,3.8039536e-05,0.00031494856,0.0011420437,0.0014150453,5.538163e-05,0.0006305305,2.1122853e-05,2.0873189e-05,1.9422461e-05,0.0015437603,1.4497691e-05,7.10156e-05,5.206608e-05,3.631409e-05,0.0015675973,-7.887712e-06,6.920727e-05,5.297598e-05,2.4243467e-05,1.299225e-05,2.359274e-06,0.0011231246,0.0011512825,0.0015251634,9.474909e-06,0.00041680268,8.372686e-06,4.8498303e-05,0.001314555,0.0,0.0015511743,0.001220638,3.7625072e-05,0.0013080853,1.8081337e-05,0.00050423207,-7.3502787e-07,0.0012965584,0.0014524108,0.0013469226,6.746321e-05,0.0011501019,4.6138288e-05,0.0010183557,1.8622028e-05,7.750473e-06,0.0006268658,0.001309008,0.001285915,1.9188099e-05,4.1961655e-05,0.0014082954,1.5931104e-06,0.0010847705,0.0015913772,4.170256e-05,0.9958423,-1.1182791e-05,0.0011060216,2.1456251e-05,8.727839e-06,1.4599279e-05,3.2555185e-05,3.346782e-05,0.0012966353,0.001465747,0.00017958718,0.99650055,9.588254e-05,3.6316145e-05,0.0015362948,2.1598316e-05,1.9197232e-05,7.192284e-05,0.0010510075,1.6382051e-05,0.0013836114,0.00025750068,4.8813487e-05,5.518071e-05,2.6658818e-05,-4.0130712e-06,4.1790674e-05,3.5972946e-05,5.1153114e-05,3.152669e-05,1.0313441e-05
0.0047363453,1.0032381,0.005002428,0.0050008707,0.0050068176,1.0024858,0.004533103,0.004981772,0.00458058,1.0030975,0.0050083054,0.005008796,0.004960507,0.0049210917,0.004590324,0.004930034,0.0045155534,0.005006333,1.0030484,0.0045328964,0.004824068,0.005005887,0.0048729507,0.0047573824,0.0048998683,0.0049661687,0.0050118393,0.004751569,0.00493667,0.0048458697,0.004882023,0.004603639,0.0050095646,0.004810339,0.0047833775,0.0047901548,0.004816136,0.0050120484,0.0047551803,0.004763482,0.0047616507,0.004614338,0.0047568064,0.0046958453,0.0049736043,0.0049648318,0.0050053885,0.004838797,0.004906407,0.0048459405,0.004829857,0.005019568,0.0048604985,0.0,0.0049700183,0.004584461,0.0050105522,0.0048033735,0.0049128733,0.00455129,0.005011163,0.0050163525,0.0050105774,0.004803806,0.0049733534,0.0046054055,0.0049554026,0.00479439,0.0046325,0.004921385,0.005002008,0.0049874694,0.004541309,0.004678287,0.0050173714,0.0047501163,0.0049574715,0.005015848,0.0048243897,1.0025289,0.0045435317,0.004959911,0.004798718,0.0046745637,0.0045258985,0.0046736426,0.0045649847,0.005002171,0.0050041922,0.0048708543,1.0031493,0.0048442823,0.0046445224,0.0050090887,0.004668006,0.0052010342,0.004810275,0.0049640276,0.004591462,0.0050089397,0.004888364,0.0046849307,0.004855136,0.004558619,0.0045484006,0.0048009087,0.0047163414,0.004618222,0.0045345225,0.0045574345
0.0012972824,0.9969384,0.0043342696,0.004286032,0.004522645,0.99455005,2.6198506e-05,0.004182807,2.4821215e-05,0.9967023,0.0043837302,0.004326974,0.0040006815,0.003604811,4.376298e-05,0.0036823354,-2.6979199e-06,0.004313794,0.99661,1.9349749e-05,0.0024180643,0.0043546995,0.0031355126,0.0014473387,0.0033519308,0.00406748,0.004412362,0.001658497,0.0037286428,0.0025073981,0.003168975,0.00013176855,0.0045254393,0.0024759073,0.0019582608,0.0025856146,0.0025230953,0.004516698,-7.861884e-06,0.0018116654,0.0015609828,0.00018411184,0.0015544209,0.0010121331,0.0040695486,0.004084222,0.0044418154,0.002225025,0.0034165888,0.0029151,0.002518009,0.004303562,0.003021511,0.004482842,0.0,3.7797992e-05,0.004303221,0.0025802362,0.0035280602,4.8243524e-05,0.00429979,0.004412593,0.0043484005,0.002502527,0.004096034,0.00019824175,0.003992545,0.0025243785,2.1697066e-05,0.003644636,0.0042793644,0.0042117364,-1.5834841e-05,0.001060201,0.0043815994,0.001517518,0.004051707,0.0045034727,0.0027228156,0.9946522,2.9302086e-05,0.0040608756,0.0020261414,0.0009075762,6.2150225e-06,0.00087654183,5.8484573e-05,0.0042313556,0.004446964,0.003128002,0.99675006,0.0028818692,0.0007722428,0.0045504402,0.0009337555,1.1468833e-05,0.0021865983,0.0040015415,0.00011732511,0.0043726237,0.0032140748,0.0010946059,0.0024701434,-1.47637065e-05,-1.9069206e-05,0.002601484,-2.1784024e-06,0.00026863662,3.8464905e-06,6.0181223e-06
-0.002335795,0.99616235,-0.0032979464,-0.0033130897,-0.0034798945,0.9959902,-0.0019459792,-0.0032182944,-0.0019333394,0.99618083,-0.0033500912,-0.0033048987,-0.0031559367,-0.0029889424,-0.0018951916,-0.0030136006,-0.0019215328,-0.0033007262,0.9961715,-0.0019072598,-0.002709082,-0.0033498658,-0.0028009843,-0.0023700397,-0.0029177747,-0.0031619007,-0.003386421,-0.0023507092,-0.0030649132,-0.002563189,-0.0028840988,-0.0020732924,-0.0034797206,-0.0026368555,-0.0024876955,-0.0026291516,-0.002628916,-0.003459384,-0.0021258683,-0.002461749,-0.0024139956,-0.0021513838,-0.0023646394,-0.0022603152,-0.0032029238,-0.0031908804,-0.0033891164,-0.0025741777,-0.0029081865,-0.002737353,-0.002634717,-0.0033160828,-0.0027832913,-0.0034194314,-0.0031966383,0.0,-0.0033159705,-0.002625325,-0.002965406,-0.0019277735,-0.0033160949,-0.0033618405,-0.0033387048,-0.002636482,-0.0032013967,-0.0020816452,-0.0031752873,-0.0026283602,-0.0019261996,-0.0029904395,-0.003307448,-0.0032575794,-0.0019256892,-0.0022251408,-0.0033315571,-0.0023662965,-0.003193805,-0.0034315777,-0.002731286,0.9960446,-0.0018956322,-0.0031738826,-0.00244908,-0.0022196125,-0.0018955646,-0.0022482518,-0.001988736,-0.00326554,-0.0034146563,-0.0027911165,0.9961776,-0.002739702,-0.002177685,-0.0034929558,-0.0021931452,-0.002887406,-0.0025500155,-0.0031481367,-0.0020868063,-0.0033637178,-0.0028399688,-0.0022495054,-0.0026256528,-0.0019599488,-0.0019138672,-0.0026568586,-0.0020067415,-0.0020512692,-0.0019494051,-0.0019427821
0.0034119724,1.0007129,0.004450342,0.0041204593,0.00421969,0.99955595,0.0029000635,0.0041119456,0.0029278668,1.0004212,0.0041585974,0.0041503343,0.004019139,0.003920317,0.0029551557,0.0042634597,0.0029022477,0.0041700127,1.0003271,0.0028934758,0.0036944724,0.0041527897,0.0038233353,0.0034563367,0.0038577772,0.004050594,0.0041733095,0.0034699151,0.004282002,0.0036906665,0.0038378919,0.0031233814,0.00422156,0.003679249,0.0035601559,0.0036358454,0.0036776126,0.0042153727,0.0030558752,0.0035238105,0.003478644,0.0031875232,0.0034673256,0.00332434,0.0043732533,0.0043826485,0.004158995,0.003671103,0.0038762859,0.003754822,0.0036811363,0.0044239983,0.003762197,0.004182088,0.0040642824,0.0030655577,0.0,0.0036553987,0.0039050756,0.0029879685,0.004131951,0.004183532,0.0041459114,0.0036727162,0.0042972267,0.0031236198,0.004346402,0.003648546,0.0029770816,0.0040149875,0.0044501666,0.004411528,0.0028994335,0.0032996878,0.0041940743,0.003457745,0.004026399,0.004204603,0.0037043814,0.9995898,0.002903134,0.004022905,0.0035627647,0.0032842108,0.0029315623,0.0032899792,0.0030323213,0.004105454,0.004186283,0.0038352096,1.0005138,0.0037380033,0.0032205353,0.0042426824,0.0032671932,0.0035624357,0.0036204543,0.0040386864,0.00310651,0.004144056,0.0038158058,0.00332201,0.0037160856,0.0030235804,0.002917854,0.0036632393,0.003034629,0.0031467113,0.0029646421,0.003026149
3.1610558e-05,0.9963955,1.3133488e-06,2.528173e-05,-8.208338e-06,0.9960767,1.4307491e-05,3.7493378e-06,-6.5448844e-06,0.9964368,1.02572285e-05,2.6351028e-05,-5.0297044e-06,2.7186486e-05,5.010795e-07,-2.8220545e-06,-7.702684e-06,2.402233e-05,0.9963824,2.683421e-05,1.7423541e-05,-5.7217726e-06,-6.2000668e-06,1.1642177e-05,-3.160833e-06,-1.0402308e-05,3.0958e-05,-1.7248769e-07,3.698492e-05,3.0419182e-05,3.0022004e-05,1.5100454e-05,5.61505e-06,3.572965e-05,1.6771062e-06,8.102009e-06,1.2677708e-05,-5.7478787e-06,4.3894725e-06,2.1643566e-05,-7.05489e-06,3.102013e-05,1.8066108e-05,2.5965615e-05,1.13754495e-05,3.52337e-05,-1.9948156e-06,9.433558e-06,-4.5183315e-06,2.1672644e-05,9.7018865e-06,1.1815978e-05,2.18291e-05,1.7119748e-05,3.2570628e-05,1.3663925e-05,2.6739304e-05,0.0,1.4309077e-05,2.4615158e-06,1.1398221e-05,-3.9760725e-06,2.67425e-05,-5.0021667e-06,3.0794476e-05,2.1640128e-05,-6.371834e-06,2.4304134e-05,-1.2124966e-05,-1.9549054e-06,2.4656005e-05,7.3502315e-06,-1.4305696e-05,1.3976738e-05,1.8974213e-05,3.159207e-05,1.4993949e-06,2.041998e-05,1.1503219e-05,0.99609727,1.8528746e-05,7.7086645e-07,1.8752418e-05,-1.02354725e-05,-9.876555e-06,4.027353e-06,2.2003238e-05,-5.600338e-06,1.4623894e-05,-7.931513e-06,0.9964157,-5.017652e-06,3.2257998e-05,2.080075e-05,1.6374766e-05,3.7357527e-06,7.962869e-06,7.0960764e-06,1.9782094e-05,-6.7891206e-06,3.808228e-05,3.433611e-05,3.436217e-05,1.7440852e-05,6.1861574e-06,2.7083495e-05,-5.041913e-06,-3.8032383e-06,-5.1070356e-06,3.3398832e-05
8.24634e-06,0.99636984,0.002748236,0.0026932387,0.002996587,0.99525774,1.5176654e-05,0.0025614465,6.2576387e-06,0.9961893,0.0027893377,0.0027301894,0.0023548729,0.0018458547,1.4873908e-05,0.001928215,1.44296855e-05,0.002738517,0.9961145,2.3742477e-05,0.00058383367,0.0028134664,0.001243618,3.943244e-05,0.0014782073,0.0024377774,0.0028691113,8.4111457e-07,0.0019389334,0.00047037288,0.001298605,4.5450364e-05,0.0029912216,0.0005649353,8.314836e-05,0.00060607836,0.0005429942,0.0029839873,1.9662546e-05,2.3923129e-05,6.7117944e-05,1.2186908e-06,4.1820836e-05,2.1650925e-05,0.0024703569,0.0024843877,0.002877548,0.00014927032,0.0016247137,0.00097271975,0.000601388,0.0027236622,0.0011618026,0.002926964,0.0025107337,1.0813217e-05,0.002708104,0.00062665757,0.0,4.0553186e-06,0.0027174735,0.0028563815,0.0027505485,0.0005608596,0.002467223,3.9382754e-05,0.0023691324,0.00067916204,-7.131372e-06,0.0019002744,0.0027118074,0.0026116828,1.1327747e-05,2.5117035e-05,0.0028009084,9.659094e-06,0.0024295612,0.0029787507,0.00089001737,0.9952964,3.1829837e-05,0.0024087029,6.816808e-05,2.4815197e-05,4.737817e-06,4.33312e-05,3.3134787e-05,0.0026419177,0.0029065004,0.0012554862,0.99624205,0.0009372703,4.3680287e-05,0.0030067435,2.0269053e-05,1.1903191e-05,0.00019073124,0.0023456232,4.100068e-05,0.0028214857,0.001400211,1.1857614e-05,0.0004951194,3.7101167e-06,2.7358688e-05,0.0007231361,-7.658439e-06,2.6835562e-05,3.386372e-05,3.362116e-05
-0.0032288423,0.9959921,-0.0038382122,-0.0038516053,-0.003941599,0.9957984,-0.002999816,-0.0037900396,-0.003037991,0.9960056,-0.0038693126,-0.0038482642,-0.0037476425,-0.0036440375,-0.0029813577,-0.003660335,-0.0030338846,-0.0038351128,0.99599063,-0.0029999136,-0.0034527162,-0.0038700872,-0.0035213458,-0.0032462112,-0.0036035099,-0.0037539653,-0.0038907558,-0.0032263023,-0.003703707,-0.0033760536,-0.0035986328,-0.0031157213,-0.0039386977,-0.0034193627,-0.0033348436,-0.0033917236,-0.0034232463,-0.00392934,-0.0032176436,-0.0033012975,-0.0032626903,-0.0031148866,-0.0032451202,-0.003215091,-0.0037720297,-0.0037637341,-0.003889615,-0.0033898551,-0.0035924006,-0.0034898133,-0.003416351,-0.0038557965,-0.00350253,-0.0039061129,-0.0037734783,-0.0030195185,-0.0038562103,-0.0034096653,-0.0036317909,0.0,-0.0038596916,-0.0038719133,-0.0038637638,-0.0033940983,-0.003773969,-0.003071116,-0.0037590119,-0.003391067,-0.003071421,-0.0036417742,-0.0038427522,-0.0038138744,-0.0029673625,-0.003134861,-0.0038596916,-0.0032455302,-0.003773979,-0.0039142417,-0.0034854275,0.9958371,-0.0029550043,-0.0037578503,-0.003306843,-0.0031460377,-0.0029879499,-0.0031868103,-0.0029880137,-0.00382065,-0.0038998122,-0.0035210415,0.99599886,-0.0034795213,-0.003103967,-0.0039482294,-0.003124253,-0.0039904574,-0.0033701332,-0.0037458264,-0.0030984129,-0.0038800891,-0.0035535283,-0.003180618,-0.003424247,-0.0029686685,-0.0029300754,-0.0034242088,-0.0031344506,-0.0030273627,-0.0029555366,-0.0029769405
0.0031189967,0.9999175,0.0044305827,0.0043734256,0.0041601826,0.99871206,0.0024911426,0.004265109,0.0025183724,0.99960226,0.0043625142,0.004326226,0.0042078546,0.0041241925,0.002556225,0.004343155,0.002510674,0.004558318,0.99946606,0.0024924795,0.0035315778,0.0043832697,0.0038731329,0.0031925088,0.003993185,0.0042423117,0.0041721677,0.0031837071,0.0043322872,0.003498298,0.0038720216,0.0027891586,0.004171139,0.003597267,0.0033090527,0.0037206025,0.003612409,0.004156254,0.0026479443,0.0032610327,0.0031991869,0.0028651112,0.0031915044,0.0030240612,0.004519915,0.0044066827,0.004418432,0.003495761,0.003870478,0.0036987085,0.0035262504,0.004687497,0.0036658125,0.0043983543,0.004245217,0.0026929195,0.0043477993,0.0035519826,0.0038978248,0.0025791721,0.0,0.0043710815,0.0045979917,0.0036082203,0.0045340513,0.0027700725,0.00429784,0.0034748495,0.0025607788,0.004443134,0.004487372,0.004455396,0.0024719303,0.0029769572,0.0043331967,0.0031719708,0.004461675,0.004275617,0.0038249926,0.9987704,0.0024874322,0.0043643606,0.0032973276,0.0029681579,0.002539302,0.0029680557,0.002646623,0.0044887317,0.0043853275,0.0038496072,0.9996942,0.0038089408,0.0028770752,0.004209776,0.002938879,0.0031821192,0.0033928088,0.0042079543,0.0027205665,0.0043894676,0.0036732433,0.003007851,0.0035422905,0.002626454,0.002476736,0.0034880922,0.0026242852,0.0027784638,0.0025629366,0.0026435156
0.0041333977,1.002144,0.004590816,0.0045923903,0.0046227197,1.0010842,0.003798769,0.004559433,0.0038490323,1.0019172,0.0046045464,0.00459952,0.004520835,0.0044570467,0.0038606813,0.0044701314,0.0037913003,0.0045976737,1.001821,0.003802716,0.004294178,0.00460178,0.0043804194,0.004165129,0.0044181943,0.004533152,0.0046110735,0.004171224,0.0044762166,0.004312565,0.004391504,0.003938911,0.0046232804,0.0042817406,0.0042262077,0.004261103,0.0042863125,0.004624405,0.004008015,0.0041981554,0.00417817,0.0039680926,0.0041684266,0.0040758518,0.0045430046,0.004533043,0.004608228,0.004297149,0.004424903,0.004338314,0.004297635,0.004610495,0.0043559205,0.004618152,0.0045410353,0.0038996807,0.004598944,0.00427725,0.0044422434,0.0038504563,0.0045956504,0.0,0.0046029626,0.0042737015,0.004545402,0.0039407504,0.0045169196,0.0042643063,0.0038937018,0.004462607,0.004587978,0.0045643323,0.0038113862,0.0040591545,0.004613951,0.004162389,0.004522646,0.004624542,0.0043082847,1.0011041,0.0038151892,0.004527087,0.0042353543,0.0040457845,0.0038095878,0.004048618,0.0038740053,0.0045826193,0.0046099043,0.0043769656,1.0019882,0.0043343883,0.0040002544,0.004631869,0.004036986,0.004488579,0.0042605577,0.004523357,0.003923444,0.0046019573,0.0043946034,0.004071913,0.0043234588,0.0038705317,0.0038308403,0.004275931,0.0039776443,0.003961588,0.0038315936,0.0038734535
0.0037971167,1.0014731,0.004370472,0.004371497,0.004426695,1.000345,0.0033696832,0.0043370314,0.003408591,1.0011876,0.00439117,0.0043784734,0.004281787,0.004203007,0.0034407277,0.0042180796,0.0033691223,0.0043860874,1.0011221,0.0033786087,0.0039977087,0.0043891384,0.0041071274,0.0038321174,0.004153952,0.004299423,0.0044001183,0.0038464477,0.0042368546,0.0040141423,0.004134562,0.0035604024,0.0044300123,0.003991896,0.003908779,0.003969157,0.0039911107,0.0044267043,0.0035631116,0.003882923,0.0038507374,0.0035997222,0.0038397282,0.0037238833,0.004318078,0.0043006204,0.004393111,0.0039996197,0.004164189,0.004060045,0.0040049874,0.0043971688,0.004078964,0.0044095153,0.0043147923,0.0035177434,0.0043815714,0.003984528,0.0041903625,0.0034527841,0.0043724524,0.004404255,0.0,0.0039884266,0.0043216166,0.0035588965,0.004278514,0.003974084,0.0034685102,0.004220258,0.0043594944,0.0043388004,0.003389885,0.0037080469,0.0044001476,0.003834096,0.0043018237,0.004421913,0.004029066,1.0003636,0.003390822,0.004293191,0.0039203013,0.0036873138,0.0033997882,0.003695088,0.003489054,0.00436221,0.004405852,0.0041127,1.001292,0.0040572877,0.0036380603,0.004440157,0.0036798173,0.0040644757,0.0039575435,0.004293519,0.0035458973,0.0043852357,0.004121316,0.0037178553,0.004033631,0.0034774076,0.003410961,0.0039862487,0.003539299,0.0035877114,0.003433824,0.003481106
3.0552274e-05,0.9967731,6.350685e-05,2.77081e-05,5.1705545e-05,0.9962439,1.8158605e-06,1.8266746e-05,1.7954157e-05,0.9968185,4.94627e-05,6.334959e-05,5.4399083e-05,5.777645e-05,2.148318e-05,4.7669957e-05,3.2000225e-06,3.932474e-05,0.99674803,-1.4502345e-06,5.201888e-05,4.826916e-05,2.8529385e-06,4.1874307e-05,5.5535205e-05,3.6494075e-05,3.8245154e-05,2.9300869e-05,5.562569e-05,3.3951506e-05,4.0157796e-05,6.796137e-06,2.0264137e-05,4.5226592e-05,4.7860736e-05,1.9650177e-05,9.832834e-06,4.9395847e-05,2.2921324e-05,5.043772e-06,3.8086655e-05,1.666516e-05,2.577333e-05,4.2174885e-05,1.1627191e-05,3.6636306e-05,8.75402e-06,4.1565214e-05,1.8815192e-05,3.652275e-05,1.9240988e-06,2.2674247e-05,3.1995303e-05,4.8749254e-05,5.9459857e-05,5.8179107e-06,4.9257756e-05,4.3083724e-05,4.0330597e-05,2.4098557e-05,3.5089008e-05,4.4315908e-05,5.501151e-05,0.0,2.676493e-05,3.9054015e-05,3.3052365e-05,1.4549263e-05,1.7424043e-05,2.6921416e-05,4.4919503e-05,9.814942e-06,3.0544572e-05,1.9720017e-05,6.248648e-05,1.1095486e-05,2.8760353e-05,4.7761412e-05,1.2318713e-05,0.99630284,2.3329509e-05,7.5744324e-06,2.5021878e-05,7.2479743e-06,1.0745587e-05,1.8380322e-05,2.2644508e-05,6.0222643e-05,5.3988417e-05,4.6800807e-05,0.9968023,5.1504405e-05,1.7715643e-05,3.539598e-05,3.2546683e-05,2.5338226e-05,2.3506003e-05,5.7723653e-05,1.2811022e-05,2.7904018e-05,-3.8046232e-07,3.839649e-05,2.1545467e-05,1.2753753e-06,3.0272058e-05,5.115607e-05,3.3984044e-05,-2.2525628e-06,1.948593e-05,2.7791413e-05
0.0012678198,0.9969648,0.0043162513,0.0042864066,0.0045192675,0.9946199,5.0110022e-05,0.0041643423,-1.6800004e-06,0.99672943,0.0043677054,0.0043116915,0.0039969394,0.0036066086,2.6993039e-05,0.003678868,-1.1691659e-05,0.004311097,0.9966282,-1.6783351e-05,0.0024948367,0.0043569356,0.0031138274,0.0014604696,0.0033416105,0.004043453,0.0044051404,0.0016086923,0.0037454688,0.0024552105,0.0032096854,0.00013526162,0.0045286487,0.0024818198,0.0019430041,0.0025635918,0.0025035506,0.0045164274,-1.83424e-05,0.0018014624,0.0015861619,0.00022907565,0.0015169377,0.0010062052,0.004080888,0.004082735,0.0044359975,0.0022360557,0.0034006853,0.0028830701,0.002517348,0.004302514,0.003012284,0.004472125,0.0041162237,2.375963e-05,0.0043029864,0.0025342384,0.0035298772,4.953868e-05,0.004299683,0.004405545,0.0043449225,0.0025271808,0.0,0.00016807971,0.0039939526,0.002529974,-1.35719365e-05,0.0036313175,0.0042837895,0.004207021,-1.25795e-05,0.001023903,0.0043555973,0.0015007381,0.0040536337,0.004494055,0.0027702895,0.99474734,9.122137e-07,0.004051509,0.0019569779,0.0008936279,4.354959e-06,0.0008842725,5.731425e-05,0.0042294236,0.00444596,0.0031109182,0.99678856,0.0028728035,0.0007736939,0.0045468886,0.00090484327,4.3477976e-05,0.0021691546,0.003996177,0.000113226386,0.004373268,0.0032045967,0.0010573069,0.002478893,3.8113587e-05,2.574344e-06,0.0025922856,3.5905112e-05,0.0002471347,1.0487556e-05,-1.2541097e-06
-0.0018800461,0.99616885,-0.0030732371,-0.0030856035,-0.0033002626,0.99600846,-0.0014615549,-0.0029687413,-0.0013873917,0.996197,-0.0031344804,-0.0030783326,-0.0029000072,-0.0026933919,-0.0014203013,-0.0027177068,-0.0014118504,-0.0030712972,0.99617773,-0.001345444,-0.00233157,-0.003135186,-0.0024588406,-0.0019522482,-0.002589902,-0.002896406,-0.0031809213,-0.0019154813,-0.002784146,-0.0021561212,-0.00259847,-0.0016167125,-0.0032972232,-0.002256059,-0.0020571656,-0.0022477813,-0.0022456313,-0.0032731665,-0.0016038278,-0.0020269696,-0.0019806568,-0.0016736302,-0.0019009301,-0.0018276314,-0.0029606235,-0.002950392,-0.0031853183,-0.002172251,-0.0025899834,-0.0023789434,-0.00225726,-0.003093547,-0.0024292483,-0.0032287242,-0.0029433796,-0.0015194621,-0.0030915344,-0.002238959,-0.0026678701,-0.0014228999,-0.0030920065,-0.0031461103,-0.0031300525,-0.002268001,-0.0029522674,0.0,-0.002923763,-0.0022517035,-0.0014314565,-0.002697085,-0.003087666,-0.0030198218,-0.0013996202,-0.0017601099,-0.003107914,-0.0019374854,-0.002949204,-0.0032404081,-0.0024161583,0.9960488,-0.0013609857,-0.0029165635,-0.0020040493,-0.0017510097,-0.0013926162,-0.0017885693,-0.0014973159,-0.0030355663,-0.0032258227,-0.0024453744,0.9961876,-0.0023787552,-0.001725094,-0.003315815,-0.0017171887,-0.002318322,-0.002145173,-0.0028881337,-0.0016185924,-0.003149384,-0.0025023306,-0.0017792688,-0.0022524963,-0.0014575315,-0.0013565171,-0.002283621,-0.0015008809,-0.0015453508,-0.0014543833,-0.0014757958
0.0006065675,0.9964596,0.0042817704,0.0042716535,0.0045246086,0.99373394,8.132624e-06,0.00411095,1.7757253e-05,0.99620575,0.0043777796,0.004300981,0.003916819,0.0034691491,3.0121653e-05,0.003538993,1.6685328e-05,0.00428515,0.99612886,-4.7282497e-06,0.0021813947,0.0043591484,0.0028176277,0.00080294884,0.0031212477,0.004000801,0.004406882,0.0009391987,0.0036202043,0.0019745473,0.0030165643,3.6854224e-05,0.0045322347,0.0020817735,0.0014272274,0.0020626525,0.0020805483,0.004525552,1.0416739e-05,0.0011709089,0.0009764393,4.5701974e-05,0.0008317124,0.00034925248,0.0040290505,0.0040126536,0.004427589,0.0017133072,0.0031858927,0.002516822,0.0021028493,0.0042829537,0.0026961248,0.004483161,0.0040659397,2.239673e-05,0.0042864894,0.0020901305,0.0034049293,4.2602267e-05,0.004284342,0.004401926,0.004320862,0.0020751925,0.0040369537,2.81031e-05,0.0,0.0021244287,-1.4086933e-05,0.0034958732,0.0042627114,0.004167726,-1.2886935e-05,0.00036096285,0.0043538567,0.00084821915,0.0040073115,0.0045026974,0.0024303524,0.9941292,4.3519343e-05,0.0039921138,0.0013927179,0.00023985765,3.8453407e-05,0.00023875482,4.1427407e-05,0.004206579,0.0044565727,0.002831629,0.9962721,0.0025037879,0.00010152928,0.004547855,0.00025918582,-3.088934e-06,0.0016724853,0.0039204815,2.1710786e-05,0.004364461,0.0029723898,0.0002973852,0.0020375373,9.263999e-06,-4.475754e-06,0.0021931503,2.3857676e-05,-7.00338e-06,4.753455e-05,3.2068947e-05
1.3382579e-05,0.9967758,1.6573025e-05,4.842912e-06,1.0929989e-05,0.9962331,1.4202107e-05,4.4815893e-05,-1.3602969e-05,0.99682206,1.1437528e-05,4.434915e-05,2.7027658e-05,4.6938076e-05,-6.9594726e-06,1.492748e-05,-9.116935e-06,-1.4678072e-07,0.99675596,1.7695602e-05,4.7705424e-05,2.4656334e-05,3.4874465e-05,1.4493056e-05,2.1948084e-05,1.9027759e-05,2.6455089e-06,3.1512292e-05,9.2774035e-06,2.2965434e-05,1.9228879e-05,2.009565e-05,2.799494e-05,2.3214428e-05,4.3481778e-05,3.341e-05,4.6206373e-05,-3.4936827e-06,2.717979e-05,-5.996361e-06,1.6773753e-05,-1.0114959e-05,-6.073176e-06,1.6769545e-05,2.7662903e-05,5.709619e-07,1.3558664e-05,6.147773e-06,2.3293458e-05,1.8977436e-05,5.0263185e-05,3.624297e-07,1.2035806e-05,1.2471123e-08,3.483314e-05,-9.98028e-06,1.0523952e-05,2.9163326e-05,4.38364e-05,4.312918e-06,2.9052113e-05,1.1423618e-06,1.6024547e-05,1.7923769e-05,4.705493e-05,1.3184546e-05,5.603183e-05,0.0,-1.3225133e-05,1.7473452e-05,1.3707175e-05,3.3661297e-05,8.4203775e-06,2.3046532e-05,5.6565423e-05,-4.705114e-06,5.3762735e-05,1.1007672e-05,4.6388977e-05,0.99628824,2.415572e-05,3.285251e-05,1.8651344e-05,-3.244178e-06,-2.3662656e-06,-2.0694753e-07,-5.7875804e-06,2.3344235e-05,3.3845223e-05,2.9836649e-05,0.9968006,1.3807776e-05,3.8284867e-05,4.4579334e-05,2.0579802e-05,1.4763729e-05,1.5150696e-05,3.590356e-05,3.9632364e-06,-9.826045e-08,4.5982586e-05,7.4701225e-06,1.8898454e-05,1.7241025e-05,-2.0088626e-06,2.9891535e-05,-9.059878e-06,3.015299e-05,4.47778e-06,3.182387e-05
-0.0047435686,0.9953506,-0.004933787,-0.004942261,-0.0049317484,0.995108,-0.0046601817,-0.0049183164,-0.0047439886,0.99532586,-0.004933088,-0.004938156,-0.0049049337,-0.004873528,-0.0046975384,-0.0048786155,-0.0046740035,-0.0049351184,0.9953119,-0.0046596304,-0.0048449626,-0.004938629,-0.0048335767,-0.004753543,-0.004861585,-0.004907241,-0.004942158,-0.0047396645,-0.004889274,-0.0048034685,-0.0048371395,-0.004652745,-0.0049311807,-0.004794734,-0.0047896276,-0.004770636,-0.0047891987,-0.004928461,-0.0049464856,-0.00476912,-0.004776702,-0.0046967417,-0.0047489577,-0.0047098706,-0.004912571,-0.0049039796,-0.004932896,-0.0048120776,-0.0048642773,-0.0048104343,-0.004804129,-0.00494757,-0.004826153,-0.00493207,-0.0049087335,-0.004636777,-0.004942597,-0.004782091,-0.0048685214,-0.0046429182,-0.0049450253,-0.0049392045,-0.0049388213,-0.004772552,-0.0049146283,-0.004673298,-0.0049049365,-0.004776094,0.0,-0.0048764264,-0.004940118,-0.004932829,-0.004661508,-0.004696794,-0.0049418677,-0.004734553,-0.00490581,-0.004932744,-0.0048013423,0.99515814,-0.0046711275,-0.00490764,-0.0047702068,-0.0047074994,-0.0046471287,-0.004712502,-0.0046297237,-0.00493353,-0.004926667,-0.0048259986,0.99533546,-0.0048109195,-0.004688035,-0.0049249963,-0.0046911985,-0.0057363687,-0.004796682,-0.0049057975,-0.0046576904,-0.004941853,-0.0048434637,-0.004714407,-0.004814452,-0.0046225367,-0.004669812,-0.0047852555,-0.004833735,-0.004650838,-0.004629546,-0.0046257908
5.6456975e-05,0.99655944,0.0029871801,0.0029151724,0.0031996686,0.99536127,-7.6280025e-06,0.0028153285,2.657602e-05,0.9963729,0.003021971,0.0029605378,0.0025995965,0.0021035508,1.1692453e-05,0.0021860597,-9.857345e-06,0.0029672773,0.9962631,1.0624282e-05,0.0008099885,0.0030049812,0.0015718221,2.3580891e-05,0.0017671203,0.0026742367,0.0030804896,6.126733e-05,0.0022085563,0.0008347465,0.001540274,4.731116e-05,0.003201284,0.0008757937,0.00031726804,0.000977277,0.00088806753,0.0031942332,-3.8113662e-06,0.00010333558,6.0512037e-05,-5.2679115e-06,5.9617916e-05,1.8201456e-05,0.0026908978,0.0026947123,0.0031135413,0.000521121,0.00188563,0.0013025776,0.0009179612,0.0029340026,0.0014678878,0.003159567,0.0027470132,-1.3572663e-05,0.0029261871,0.0009744672,0.0020301484,4.0571897e-05,0.002923899,0.0030846305,0.002978019,0.0009013149,0.0026930785,2.7548687e-05,0.0025936165,0.00096339115,-2.5422269e-06,0.0,0.002928541,0.002852555,2.235993e-05,4.1043764e-05,0.0030359104,5.20833e-05,0.00264899,0.0031983955,0.0011676402,0.9953801,2.5929714e-05,0.0026480209,0.00034260942,6.330763e-05,1.9682857e-05,2.6576132e-05,2.3372748e-05,0.002866211,0.0031108193,0.0015680318,0.9964196,0.0012730125,1.2792795e-05,0.0032244236,-2.3196085e-06,1.7317701e-05,0.00051647477,0.002576207,4.0004958e-05,0.0030301795,0.0016769968,3.9749128e-05,0.0008042166,2.2385328e-05,2.9812458e-05,0.0010259021,1.702528e-05,5.3588785e-05,2.1366786e-06,4.6179116e-06
0.00329498,1.0003601,0.0044264495,0.004409975,0.004198814,0.99918425,0.0027262366,0.0042749243,0.0027527062,1.0000726,0.004132363,0.0041565527,0.0039722463,0.004185313,0.0027898636,0.0042765755,0.0027221744,0.004379765,0.9999473,0.0027091897,0.0036378829,0.0041031493,0.0038208242,0.0033606621,0.0037935027,0.004127867,0.0041389638,0.0033664915,0.0042621745,0.0036176695,0.0037863431,0.0029782085,0.0042015756,0.0036256704,0.0034683547,0.0035483083,0.0036169838,0.0041899914,0.0028856266,0.0034280957,0.0033804665,0.0030580775,0.0033632831,0.0031994185,0.0043725856,0.004379114,0.004461867,0.0036103309,0.0038345193,0.0037032994,0.00361519,0.004499599,0.0036925103,0.004153968,0.0040584095,0.0029122417,0.0042001284,0.0035921086,0.0038540107,0.0028436596,0.0040967152,0.0042269584,0.0044390513,0.0036220236,0.004374003,0.0029783552,0.004308862,0.0035757702,0.0028022248,0.0041632215,0.0,0.0043910374,0.0027266901,0.0031830668,0.004254691,0.0033546297,0.0043325466,0.004184642,0.0036332314,0.9992075,0.0027306203,0.004322758,0.003460413,0.0031614434,0.0027652779,0.0031647012,0.0028832161,0.004396487,0.0041891453,0.0038299034,1.0001545,0.0036737213,0.003091693,0.004228598,0.0031323233,0.00340122,0.0035317668,0.0041940664,0.0029535054,0.0044383965,0.003745948,0.0032013229,0.003652823,0.002864131,0.0027390325,0.0035848608,0.0028596167,0.0030040285,0.0028000784,0.0028702782
0.0020336588,0.9981926,0.004350949,0.0043344563,0.0045182183,0.9964601,0.00067157607,0.0042571514,0.0007029841,0.9979438,0.00440265,0.0043571517,0.0041202744,0.003856435,0.00077142415,0.0039035962,0.0007054499,0.0043541146,0.99782187,0.0007031999,0.0031650255,0.004387767,0.0035531179,0.002493176,0.0036896889,0.004163087,0.0044265273,0.0022993272,0.003942844,0.0031827572,0.0035945287,0.0012598969,0.0045256354,0.003148956,0.0026145426,0.0031765192,0.0031690083,0.004511252,0.00077111385,0.0024028162,0.0022976727,0.0013132519,0.0025942829,0.0018419698,0.0041829916,0.004175818,0.004438971,0.0030429529,0.0037242249,0.0033960917,0.0031725059,0.0043569393,0.003467616,0.004484109,0.0042059673,0.0010807014,0.004348108,0.003182867,0.0038041687,0.0009514805,0.0043331943,0.004435815,0.004377408,0.003168686,0.004193289,0.0012349971,0.0041211485,0.003154605,0.0007609265,0.0038814114,0.004329557,0.0,0.00069782644,0.0018361496,0.0044066757,0.0021908737,0.0041561276,0.004504048,0.0032965585,0.9964063,0.00073318084,0.004158284,0.0027542391,0.0016646357,0.0007901938,0.0017155723,0.0010359662,0.0042998516,0.004461195,0.0035493635,0.9979943,0.0033861983,0.001574099,0.0045532514,0.0017320042,0.0013387572,0.0029594162,0.0041229636,0.0012094224,0.004395215,0.003589128,0.0018804545,0.003180376,0.0010007649,0.0008080464,0.0032009948,0.0008029697,0.0013212989,0.00088046945,0.0010245052
-0.003717961,0.99582607,-0.00418307,-0.0041931355,-0.004247556,0.99562687,-0.00353679,-0.004146823,-0.0035775157,0.99582154,-0.004205947,-0.004189873,-0.004117321,-0.0040356223,-0.0035494226,-0.004049354,-0.003524458,-0.0041850833,0.99581194,-0.0035209432,-0.003904065,-0.004203562,-0.0039489525,-0.0037397086,-0.0040033166,-0.004121115,-0.004220323,-0.0037277183,-0.004073808,-0.0038473725,-0.003990225,-0.0035921494,-0.0042449227,-0.0038638532,-0.0038118905,-0.003841431,-0.003863268,-0.0042404607,-0.00375646,-0.0037846565,-0.003769666,-0.003626725,-0.0037321108,-0.0036891026,-0.004133229,-0.0041277204,-0.0042160884,-0.0038510424,-0.0040044975,-0.0039129104,-0.0038703922,-0.0041992073,-0.003935375,-0.004228876,-0.004133735,-0.0035427106,-0.004195451,-0.0038545358,-0.0040273177,-0.0035038684,-0.004198111,-0.004209354,-0.0042040492,-0.003850138,-0.0041340482,-0.0035822815,-0.0041257725,-0.0038466407,-0.0036205288,-0.004038075,-0.004192243,-0.004165345,0.0,-0.003649877,-0.004200641,-0.0037404078,-0.0041287616,-0.004233252,-0.0039058048,0.9956805,-0.0035217388,-0.004121916,-0.0037842616,-0.0036584092,-0.0035122545,-0.0036738352,-0.0035167201,-0.0041712704,-0.0042208154,-0.0039431597,0.99582547,-0.0039070207,-0.0036254164,-0.0042495076,-0.0036404869,-0.004574983,-0.003832757,-0.0041119503,-0.0035839777,-0.0042117164,-0.003968997,-0.0036709567,-0.0038774968,-0.0035248357,-0.0035045631,-0.00386489,-0.0036966929,-0.0035610138,-0.003503956,-0.0035168428
-0.0008400219,0.9960975,-0.0025157891,-0.0025478972,-0.0028748596,0.9959884,-0.00035039018,-0.0023759136,-0.00025383543,0.9961226,-0.0026271816,-0.0025358663,-0.0022827026,-0.0019736704,-0.00018968983,-0.0020091385,-0.00033271644,-0.002517201,0.9961201,-0.00018426531,-0.0015074743,-0.0026163184,-0.0016160761,-0.00092858885,-0.0018193964,-0.0022743603,-0.0026927365,-0.00082436815,-0.0021060857,-0.001171314,-0.0018083745,-0.000536534,-0.0028639499,-0.0013432103,-0.0010903559,-0.0013362477,-0.0013422323,-0.0028310595,-0.0005558404,-0.0010389175,-0.0009487266,-0.000657697,-0.0008473921,-0.0007936555,-0.0023538598,-0.00233017,-0.0026991293,-0.0012107552,-0.0018269762,-0.0015376104,-0.0013354691,-0.0025579825,-0.001574329,-0.0027545085,-0.002336619,-0.0003816368,-0.0025545156,-0.0013222056,-0.001918775,-0.00019256554,-0.0025801125,-0.002631965,-0.0025956144,-0.0013308387,-0.0023447745,-0.00045542192,-0.0022939113,-0.0013273244,-0.00018694783,-0.0019647575,-0.0025495563,-0.0024381992,-0.00020752981,0.0,-0.0025868607,-0.00089612213,-0.0023463948,-0.0027737657,-0.0015627305,0.99600095,-0.0001624338,-0.0023041316,-0.0009812672,-0.0006896415,-0.00027926711,-0.0007612988,-0.00034159812,-0.0024604672,-0.0027541688,-0.0016136189,0.99611825,-0.0015135902,-0.00061124883,-0.002897842,-0.0006278256,-0.00089556555,-0.0011754377,-0.002262398,-0.0005223171,-0.00265089,-0.0016877373,-0.00073916663,-0.0013137012,-0.000283987,-0.000114838214,-0.0013836372,-0.00025891737,-0.00041151835,-0.0002849344,-0.00030996223
0.0037694369,1.0014224,0.0043582357,0.0043561733,0.0044112317,1.0002903,0.0033424352,0.004323169,0.0033987176,1.0011729,0.0043821526,0.0043711434,0.004269562,0.004187545,0.0034142944,0.0042019594,0.0033530842,0.004367805,1.0010457,0.0033558186,0.00399456,0.004371223,0.0040937914,0.003810388,0.0041381475,0.0042908704,0.00438962,0.003822887,0.004210483,0.0040033185,0.004097262,0.0035316579,0.004410854,0.0039701764,0.0038966143,0.003949627,0.0039776275,0.0044103647,0.0035405376,0.0038579218,0.0038293584,0.0035750149,0.003814253,0.0037028475,0.004296606,0.004280189,0.00438098,0.0039749234,0.004148747,0.0040410724,0.0039851908,0.004382472,0.0040610167,0.004401651,0.004301012,0.0034829946,0.004367654,0.003966451,0.004169295,0.0034243283,0.004364578,0.004394542,0.0043771095,0.0039583603,0.0043031094,0.0035385273,0.004262384,0.0039485106,0.0034331623,0.004201294,0.0043504545,0.0043252516,0.0033554593,0.0036790182,0.0,0.0038071638,0.0042813304,0.0044120452,0.0039972793,1.0002817,0.0033687525,0.0042810757,0.003902502,0.003664352,0.0033740283,0.0036595787,0.003447924,0.0043427586,0.0043881955,0.004094795,1.001236,0.0040370855,0.0036048857,0.004425074,0.0036560043,0.004044937,0.003936967,0.004276909,0.0035159234,0.004371301,0.0041062795,0.003698498,0.0040089763,0.0034513122,0.0033846989,0.0039662784,0.00351579,0.0035631491,0.0034000769,0.0034543758
4.522434e-06,0.99590284,-0.0020694842,-0.0021120007,-0.0025592276,0.9958297,-2.837371e-06,-0.0018970561,-1.3497973e-05,0.99593145,-0.0022265948,-0.0020954295,-0.0017516513,-0.0013147573,-9.447067e-06,-0.0013569229,-3.0850165e-06,-0.0020680816,0.9959213,-1.416325e-05,-0.0006728217,-0.0022089963,-0.0008572844,-2.602352e-05,-0.0011217545,-0.0017383588,-0.0023113114,-1.7694902e-06,-0.001515519,-0.000268943,-0.0010905664,1.6807016e-05,-0.002560576,-0.0005010952,-0.00016756794,-0.0004941599,-0.00048814595,-0.0025145598,-4.5730253e-06,-8.29141e-05,-2.5648415e-05,2.5899446e-06,4.2741153e-06,-7.692902e-06,-0.0018602762,-0.0018219526,-0.0023311723,-0.00033498436,-0.0010807291,-0.0007151741,-0.0004645926,-0.0021257524,-0.00079284416,-0.0024036127,-0.0018223763,-1.5247218e-05,-0.0021222555,-0.00047387023,-0.0012298893,-8.971045e-06,-0.002121881,-0.0022427337,-0.0021791665,-0.00048971025,-0.0018521316,-1.4519041e-05,-0.0018068944,-0.000466825,1.5881795e-05,-0.0013114593,-0.0021127432,-0.0019834451,3.7002026e-06,-3.498199e-05,-0.0021655085,0.0,-0.0018653382,-0.0024338888,-0.00076216034,0.9958454,-4.9867435e-06,-0.0017925878,-4.9191145e-05,1.5428437e-05,-2.6511709e-05,1.3474609e-05,2.990891e-06,-0.0020095108,-0.002397909,-0.00084843923,0.99592125,-0.00073664566,1.0792714e-06,-0.0026034089,-4.084587e-06,1.544415e-05,-0.00027524593,-0.0017048267,-1.8661081e-05,-0.0022536642,-0.0009379798,-1.0999635e-05,-0.0004292807,-4.097527e-06,-9.531886e-06,-0.000557382,-1.8829542e-05,-5.108268e-06,2.0406556e-05,-2.6645843e-05
0.0011032355,0.99678206,0.0043642623,0.0043475935,0.004585515,0.9941266,2.8774131e-05,0.0042018397,-1.0349711e-05,0.9965058,0.0044302787,0.004366738,0.004031062,0.003630197,1.1982615e-05,0.0037042026,-1.5884116e-06,0.004367787,0.99641997,-1.3251106e-05,0.002519576,0.0044208085,0.0030612284,0.0012907821,0.0033499121,0.004091673,0.004473594,0.0013852096,0.003785944,0.0023285253,0.003230494,0.0003053081,0.0045923023,0.0024300592,0.0018114857,0.002447173,0.0024181253,0.0045773527,2.537933e-05,0.0016431467,0.0014208589,5.216803e-05,0.0013160758,0.0008153948,0.0041345875,0.00413619,0.0044947574,0.0021299843,0.0033965774,0.0028332479,0.0024589293,0.0043640407,0.0029725693,0.0045336494,0.0041502584,4.2997654e-05,0.004365556,0.0024440659,0.0035629948,1.6843243e-05,0.0043747313,0.004458563,0.0044006184,0.002419435,0.0041352552,0.00018906756,0.0040446445,0.0024406284,-1.753228e-05,0.003659337,0.0043452787,0.004249036,-2.200753e-05,0.0008200161,0.00441316,0.0013250469,0.0,0.0045487443,0.0027694576,0.9944105,-1.538452e-05,0.004093608,0.001797509,0.00072600204,6.7218016e-06,0.0007080083,3.7148755e-05,0.00428344,0.004514431,0.0030827418,0.99658984,0.0028165625,0.0005872529,0.0046118484,0.00069769827,3.8186972e-05,0.0020703368,0.004037349,-5.0968465e-06,0.0044355574,0.0031983864,0.0008011621,0.0024186277,2.9612605e-05,1.2144906e-05,0.0025220143,4.613805e-06,2.1226084e-05,1.1488575e-05,1.2204818e-05
0.0048169787,1.0033718,0.005063229,0.0050627105,0.005062664,1.0026716,0.004625887,0.0050434694,0.004679345,1.0032382,0.005065787,0.0050670533,0.005022854,0.0049861083,0.004683851,0.0049930285,0.0046092626,0.0050653634,1.0031981,0.004626485,0.0048934445,0.0050644847,0.004941381,0.004837271,0.0049647284,0.0050291326,0.005069278,0.0048309877,0.004999942,0.0049136877,0.0049485494,0.00468815,0.005064256,0.004884733,0.0048576556,0.004861734,0.0048842635,0.0050673434,0.004845312,0.0048446422,0.0048370142,0.004701287,0.0048345216,0.004778522,0.005035396,0.00502853,0.0050639003,0.0049140025,0.0049703857,0.004916893,0.0049021505,0.00507909,0.0049283793,0.0050686575,0.005029586,0.0046719136,0.0050702184,0.004877962,0.0049801255,0.0046440614,0.0050716666,0.0050731027,0.00506956,0.004876153,0.005036106,0.004690537,0.005017697,0.004866559,0.004727055,0.0049884133,0.0050602374,0.0050461455,0.0046340334,0.004759848,0.005074436,0.0048330887,0.0050195805,0.0,0.0048936573,1.0027074,0.0046407096,0.0050212825,0.0048735384,0.0047578877,0.0046166633,0.0047576674,0.004652565,0.005061282,0.005058651,0.004936717,1.0032864,0.0049156575,0.0047273147,0.005065235,0.0047503226,0.0052896775,0.0048815343,0.005024956,0.004675466,0.0050673257,0.004955811,0.004765251,0.0049293553,0.004648921,0.004642175,0.0048732907,0.0048082964,0.0047058146,0.0046263137,0.0046500224
-4.9011232e-06,0.99664706,0.0009526558,0.0009365382,0.0011102112,0.9959751,3.392544e-05,0.00080147677,-8.684045e-06,0.99659425,0.001024931,0.0009712958,0.0006536219,0.00025254543,-9.12344e-06,0.0003603003,9.724786e-06,0.00095774175,0.9965725,2.7327873e-05,1.0695821e-05,0.001069796,2.3253386e-05,4.9681894e-05,1.6343212e-05,0.0006512245,0.0010792181,5.9006252e-05,0.00041096806,5.0996383e-05,0.00011370985,7.5935213e-06,0.0010974975,3.1676867e-05,-5.8293967e-06,4.483017e-05,4.6533045e-05,0.0011370402,1.4204996e-05,4.272145e-05,-7.1769714e-06,1.7331896e-06,4.955172e-05,5.063605e-06,0.0007431882,0.00077068753,0.0010537328,4.0460022e-06,0.00012578737,7.435572e-05,4.7426103e-05,0.0009168016,3.321926e-05,0.0011087504,0.00073736015,4.5221335e-05,0.00093505316,3.7851252e-05,0.00024055364,1.3621224e-05,0.00096533744,0.0010770323,0.0010490627,7.045836e-05,0.000739352,1.6451228e-05,0.00065571663,1.444381e-05,-1.4539202e-05,0.00031905092,0.0009777332,0.0008406546,2.8641722e-05,1.7240516e-06,0.00097446557,-7.0731803e-06,0.00071833655,0.0011375848,0.0,0.9960999,2.1715248e-05,0.00069279975,4.2488486e-05,4.647899e-05,2.5778538e-05,4.7395602e-05,9.953509e-06,0.0008636612,0.0011141683,3.169683e-05,0.9966232,3.9056657e-05,-3.0584347e-06,0.0010927233,-6.881833e-07,1.886651e-05,2.2604156e-05,0.0006320919,1.8268827e-05,0.0010547066,8.85323e-05,2.1487078e-06,3.8019603e-05,2.7206137e-05,1.6253259e-06,3.398755e-05,2.4871439e-05,3.6735917e-05,-3.0371689e-06,1.3461556e-05
-0.0018679858,1.0000981,-0.0024779036,-0.0025034067,-0.002572973,0.99921846,-0.0017851662,-0.0024428773,-0.001953289,1.0000201,-0.0025300842,-0.0024671608,-0.002364383,-0.0022867396,-0.001904588,-0.002293346,-0.0018315373,-0.002472475,1.0000157,-0.0018044529,-0.0021170245,-0.00251636,-0.0021572409,-0.0019143504,-0.0022063795,-0.0024205851,-0.0025497866,-0.0019337535,-0.002327393,-0.0020880895,-0.0021943839,-0.0017867326,-0.0025755528,-0.0020261689,-0.0020274885,-0.0020157073,-0.002019729,-0.0025787747,-0.0020841376,-0.0020149045,-0.0019597802,-0.0018398935,-0.0019214664,-0.0018752291,-0.0024304362,-0.0024236199,-0.0025018626,-0.0020382162,-0.0021798422,-0.0021109255,-0.0020216894,-0.0024989042,-0.0021001475,-0.0025265196,-0.002456127,-0.0017799707,-0.0024931703,-0.0020137138,-0.002255327,-0.0017853108,-0.002486914,-0.002509754,-0.002508778,-0.0020234375,-0.0024593438,-0.0017652304,-0.0023823648,-0.0019979654,-0.0019950573,-0.0022859287,-0.0024702926,-0.0024844222,-0.0018146532,-0.0018780302,-0.0024979268,-0.0019414517,-0.0024128018,-0.0025429758,-0.0021066437,0.0,-0.0018609831,-0.0024280304,-0.00195755,-0.0018390934,-0.0017969869,-0.0018751539,-0.0017628953,-0.0024714763,-0.002546866,-0.002176325,1.0000556,-0.002083183,-0.0018281124,-0.0026002666,-0.001823204,-0.0023966576,-0.0020462198,-0.002393492,-0.0018278523,-0.0024903128,-0.0021629876,-0.0018918321,-0.0020716654,-0.0017565294,-0.001810884,-0.0020355766,-0.0020598643,-0.0018109813,-0.0017640522,-0.0017834876
-0.0041540735,0.99565065,-0.0044849804,-0.0044952934,-0.004523124,0.9954381,-0.004012273,-0.004459419,-0.004056969,0.9956414,-0.004497946,-0.0044920268,-0.004436091,-0.004377105,-0.0040298905,-0.004388494,-0.003999155,-0.0044885688,0.99562514,-0.004014497,-0.004287817,-0.0045000315,-0.0043122713,-0.0041594305,-0.0043566027,-0.004441763,-0.0045122537,-0.0041500563,-0.004407238,-0.0042409347,-0.0043432782,-0.004044824,-0.004520842,-0.004250277,-0.004215899,-0.0042258897,-0.00424779,-0.0045200167,-0.0042599626,-0.0041985777,-0.0041843182,-0.0040709,-0.0041580885,-0.0041203983,-0.004449499,-0.0044452455,-0.004503624,-0.0042511295,-0.004353266,-0.0042831236,-0.0042596096,-0.004500145,-0.0043038717,-0.0045081773,-0.0044489224,-0.0040133456,-0.004498836,-0.004237207,-0.004373722,-0.0039814264,-0.004501167,-0.0045030634,-0.004500335,-0.00423678,-0.0044502653,-0.004046137,-0.0044421856,-0.0042344383,-0.0041056774,-0.0043777702,-0.0044927928,-0.004474911,-0.0040069055,-0.004095795,-0.004497079,-0.0041638617,-0.0044469363,-0.0045155277,-0.0042763795,0.9954873,0.0,-0.004437326,-0.0041935733,-0.0041031237,-0.003987048,-0.004114313,-0.0039945967,-0.0044794083,-0.0045055267,-0.0043052067,0.9956466,-0.0042808643,-0.0040756683,-0.004521046,-0.0040874956,-0.005073338,-0.004233141,-0.0044343974,-0.004035539,-0.004503962,-0.004330166,-0.004104093,-0.004268499,-0.0039975042,-0.0039971336,-0.004247896,-0.0041756216,-0.0040199063,-0.003987556,-0.0039823214
0.0011081033,0.99740124,0.0042495835,0.0042212624,0.004441496,0.99501073,3.9208328e-05,0.004107193,-1.6483566e-05,0.99717855,0.0043011503,0.004249011,0.003947909,0.0035989033,1.9702351e-05,0.003666342,-3.1779717e-07,0.0042473353,0.99665904,-1.1265573e-05,0.0022588323,0.0042765816,0.0031503607,0.0013038461,0.0033500523,0.0040017753,0.004338369,0.0013981833,0.0037054175,0.0021789584,0.0030091458,0.00036467434,0.004448113,0.0022068988,0.0017281885,0.0022655162,0.0022100634,0.004435916,-9.826273e-06,0.0015896242,0.0014024129,0.00013471473,0.0013190502,0.0008564795,0.0040239105,0.004028681,0.00436634,0.0019828656,0.003415134,0.0025540132,0.0022521787,0.004238914,0.0026616156,0.004398766,0.004057872,3.742142e-05,0.0042294273,0.002245582,0.0035266317,-2.2756117e-06,0.004246595,0.004330837,0.0042736307,0.0022122874,0.0040328107,0.0003559177,0.00394166,0.0022225385,-6.6496646e-06,0.003631824,0.004224188,0.0041367235,9.545274e-07,0.00087063824,0.0042941347,0.0013155679,0.004000611,0.0044181333,0.0024522566,0.9952643,-5.138483e-06,0.0,0.0017281084,0.00078663434,2.671763e-05,0.0007520656,2.9465795e-05,0.004167141,0.004368925,0.003153261,0.9972244,0.0025349418,0.00062730606,0.004468488,0.0007698613,3.0373292e-05,0.0019254611,0.0039514587,5.790798e-05,0.004299673,0.003238197,0.0008883992,0.0022079754,1.1062762e-06,-8.916162e-06,0.0022880358,-1.2626187e-05,0.00013755767,2.2067122e-06,1.731804e-05
-9.876085e-06,0.9957461,-0.0015031534,-0.0015905906,-0.0021928113,0.9957181,-3.8424114e-06,-0.0012688681,3.3026836e-06,0.9957814,-0.0017247502,-0.001537399,-0.0011391176,-0.0006060179,-4.4594053e-06,-0.00067340507,-2.6349757e-05,-0.0015321475,0.99576414,-1.1449655e-06,1.2069895e-05,-0.0017298671,-3.1021485e-05,-7.111955e-06,-0.0003678125,-0.0010858829,-0.001849257,-3.3432967e-05,-0.00087486056,7.179719e-07,-0.00043577005,-6.9237008e-06,-0.002184578,-4.8155856e-05,-1.27156345e-05,-3.1191553e-06,-1.5503894e-05,-0.0021199596,-9.160478e-06,-2.1163567e-05,-1.586572e-05,-5.2240543e-06,3.528472e-06,-2.6959695e-05,-0.0013105175,-0.0012586,-0.0018639602,-6.623908e-06,-0.00030921388,-3.966034e-05,-1.6582491e-06,-0.0016208539,-5.8381473e-05,-0.0019667547,-0.0012119256,9.540837e-07,-0.0015982994,-1.8924253e-05,-0.0005220159,1.2076983e-05,-0.0016368609,-0.0017397638,-0.0016722996,-3.0377394e-06,-0.0012780576,1.633146e-05,-0.0012164611,-2.1283655e-05,-1.5008308e-05,-0.00058278197,-0.0015980107,-0.0014129194,1.603112e-05,-5.770831e-06,-0.0016047336,2.6201408e-06,-0.0013069508,-0.001995184,-6.3405234e-05,0.99569833,-6.5542918e-06,-0.0011896793,0.0,-1.4299234e-05,-1.6609532e-05,-5.8962307e-08,-1.6277443e-05,-0.0014629696,-0.0019820319,-2.1506212e-05,0.9957643,-3.4398903e-07,-3.388271e-05,-0.002239594,2.4101346e-06,-1.0311733e-06,-1.35678965e-05,-0.0010857808,6.31977e-06,-0.001783161,-0.00014240369,-1.8118057e-05,-4.7235473e-05,-2.4062316e-05,1.6650864e-06,-2.1635737e-05,-9.025064e-06,1.8176878e-06,1.4093801e-05,1.3554623e-05
-0.000893876,0.9961063,-0.0025778261,-0.0025991148,-0.0029196646,0.9959755,-0.00030157925,-0.0024417553,-0.00023607645,0.99613386,-0.0026760015,-0.002591991,-0.0023289563,-0.002018833,-0.00021064053,-0.0020603617,-0.00029302284,-0.0025714522,0.99612355,-0.00023114945,-0.0014576629,-0.002671223,-0.001692096,-0.0009646869,-0.0018809743,-0.0023295407,-0.0027386628,-0.0009699067,-0.0021589529,-0.0012633081,-0.001873352,-0.0005866482,-0.0029170413,-0.0014014728,-0.0011309213,-0.0014089573,-0.001399455,-0.0028802385,-0.0005540177,-0.0010794272,-0.0010077764,-0.0006029036,-0.0009474691,-0.0008358679,-0.0024123045,-0.002392729,-0.0027534217,-0.0012739926,-0.0018573602,-0.0015766104,-0.0013810062,-0.0026025285,-0.001647646,-0.0028093534,-0.0023980273,-0.00043768997,-0.0026020245,-0.0013963983,-0.0019703049,-0.0002826971,-0.002593847,-0.002691442,-0.002652285,-0.0014201535,-0.0024035256,-0.00051962613,-0.0023655873,-0.0013957464,-0.00026162952,-0.002021477,-0.0025896942,-0.0025039196,-0.00028114155,-0.00077137066,-0.0026338345,-0.0009441458,-0.0024041522,-0.0028310274,-0.0016052201,0.9960172,-0.00021724503,-0.0023600513,-0.0010795301,0.0,-0.00027432689,-0.00079493737,-0.00042192606,-0.0025201284,-0.0028032153,-0.0016780271,0.9961264,-0.0015876254,-0.0006815454,-0.0029450897,-0.000693085,-0.0010063151,-0.0012402989,-0.0023065116,-0.00059271505,-0.0026958631,-0.0017493101,-0.0007953502,-0.0013579885,-0.00034980118,-0.00026155304,-0.001452519,-0.0003068891,-0.00050775707,-0.00033482592,-0.00035892354
-0.0036464464,0.99585396,-0.0041228402,-0.004128641,-0.004186948,0.9956411,-0.003404498,-0.004079865,-0.0034313952,0.9958531,-0.0041404106,-0.004128024,-0.0040482366,-0.0039666356,-0.0034219916,-0.003985339,-0.003359914,-0.0041239164,0.99583805,-0.003418955,-0.0038207003,-0.0041423836,-0.0038765562,-0.0036531112,-0.003934567,-0.004049714,-0.004156799,-0.0036648514,-0.004006484,-0.0037746788,-0.0039083674,-0.0034841325,-0.004187719,-0.0037842214,-0.003724659,-0.003776812,-0.0037826442,-0.0041815005,-0.0036129435,-0.0037127065,-0.003691045,-0.0035074572,-0.003664126,-0.003593746,-0.004072322,-0.004066339,-0.0041535078,-0.0037789308,-0.003927495,-0.0038343642,-0.0037924685,-0.0041341675,-0.0038689824,-0.0041654147,-0.0040690154,-0.003448984,-0.0041295597,-0.003778809,-0.0039566164,-0.0034400544,-0.0041290335,-0.004146118,-0.0041405614,-0.0037929593,-0.0040712864,-0.0035024434,-0.0040577874,-0.0037749424,-0.003500583,-0.0039663576,-0.004124182,-0.0041046157,-0.0034368685,-0.0035968022,-0.004132496,-0.0036712368,-0.0040669995,-0.004173222,-0.003824028,0.99570966,-0.0034199066,-0.0040535824,-0.0037102895,-0.0035786387,0.0,-0.0035795073,-0.0034464323,-0.0041086343,-0.004162009,-0.0038631442,0.99585265,-0.0038435583,-0.0035535635,-0.0041910224,-0.003563492,-0.0044827545,-0.0037562565,-0.0040474404,-0.0034809355,-0.0041478444,-0.0038989694,-0.0035852687,-0.0037921383,-0.0034426183,-0.0034627458,-0.003791964,-0.0035717075,-0.0034858084,-0.0034320124,-0.0034194165
-0.00080898963,0.99606997,-0.0025610514,-0.0025629958,-0.0028951038,0.9959473,-0.00015212229,-0.002399498,-8.118476e-05,0.9960966,-0.002652997,-0.0025595268,-0.0022896265,-0.0019764258,-0.00010803201,-0.0020189679,-0.00011476291,-0.002553932,0.9960802,-0.00011856591,-0.0014001948,-0.0026433666,-0.0016344064,-0.0008686044,-0.001820521,-0.0022945104,-0.0027139003,-0.00088963396,-0.0021012973,-0.001208427,-0.0017856788,-0.0004460459,-0.002891923,-0.0013258483,-0.0010468947,-0.0013527025,-0.0013177684,-0.0028613645,-0.0003978781,-0.0010095842,-0.0009300309,-0.0004770867,-0.0008556521,-0.0007116219,-0.0023833155,-0.0023664548,-0.0027345505,-0.0011907971,-0.0018057816,-0.0015028842,-0.0013236119,-0.0025708936,-0.001596318,-0.0027897588,-0.0023645032,-0.00033136702,-0.0025679762,-0.0013285711,-0.0019287658,-0.00023171409,-0.0025615655,-0.0026685453,-0.0026269234,-0.0013635635,-0.0023712334,-0.00040264838,-0.0023255795,-0.0013320992,-0.00014438474,-0.0019800556,-0.0025642386,-0.0024694786,-0.00016561788,-0.0006965689,-0.0026043628,-0.0008925297,-0.0023653978,-0.0028154668,-0.0015376636,0.99600255,-0.00010112283,-0.0023227814,-0.0010052999,-0.0006384915,-0.00010630784,0.0,-0.00031474102,-0.0024882848,-0.002780059,-0.001610366,0.99609,-0.0015261874,-0.0005947936,-0.0029206565,-0.00060263387,-0.00086312514,-0.0011628015,-0.002272516,-0.00043824562,-0.0026656704,-0.0016963738,-0.00067816314,-0.0012821713,-0.00028499673,-0.00017919033,-0.0013889004,-0.00018075327,-0.00041648155,-0.00025891652,-0.00027030104
-0.0025873524,0.9961405,-0.00343802,-0.003451583,-0.003594702,0.9959666,-0.0022585003,-0.00336882,-0.0022739142,0.99615544,-0.0034864387,-0.0034459096,-0.0033143463,-0.0031682204,-0.0022261248,-0.0031886848,-0.0022586847,-0.003440533,0.9961467,-0.0022296223,-0.0029259666,-0.0034822023,-0.0030020382,-0.0026200444,-0.0031020434,-0.0033232062,-0.0035167853,-0.0025940326,-0.0032350705,-0.0027957007,-0.0030815352,-0.0023803585,-0.0035917852,-0.0028593065,-0.0027333358,-0.0028403073,-0.0028532946,-0.003574695,-0.0024546066,-0.0026973928,-0.002657408,-0.0024390332,-0.0026072129,-0.0025355576,-0.0033542276,-0.0033421426,-0.0035172526,-0.0028084668,-0.003099398,-0.002946796,-0.0028551428,-0.0034564063,-0.0029804579,-0.0035446677,-0.0033501764,-0.002304807,-0.0034544794,-0.002846054,-0.003150215,-0.0022129167,-0.0034610794,-0.0034911246,-0.003475269,-0.0028462247,-0.0033497214,-0.0023673342,-0.0033336605,-0.002840903,-0.0022960678,-0.0031678032,-0.0034511655,-0.0034050457,-0.0022196686,-0.0024817216,-0.0034715792,-0.0026159235,-0.0033471393,-0.003554256,-0.0029420375,0.99601644,-0.0022107053,-0.003329104,-0.002688996,-0.002487638,-0.0022351078,-0.0025158548,0.0,-0.003409463,-0.0035369587,-0.002995827,0.9961544,-0.0029387828,-0.002439063,-0.0036044482,-0.0024594255,-0.0032158801,-0.002779018,-0.003310737,-0.0023730365,-0.0034952664,-0.00303855,-0.0025111206,-0.0028537472,-0.0022579446,-0.002195585,-0.002871496,-0.0023468838,-0.0023299414,-0.0022418234,-0.0022462266
0.0021795004,0.9984495,0.0043497398,0.0043357066,0.0045142123,0.99667126,0.0009002544,0.004254708,0.00090816757,0.99818045,0.004398082,0.0043550767,0.004133064,0.003890405,0.0010023749,0.0039389757,0.00090979144,0.004360847,0.99807364,0.0009225503,0.0033083025,0.0043898355,0.0036013348,0.0026473498,0.003731189,0.0041709626,0.004425696,0.0024039745,0.0039686174,0.0032643152,0.0036519181,0.0014417312,0.004517666,0.0032439616,0.0026935844,0.0032505742,0.003247901,0.0045046415,0.0009964599,0.0025387355,0.0024363012,0.0015161303,0.0027141003,0.0020083105,0.004200298,0.004189474,0.004433192,0.0031474866,0.0037666762,0.0034627365,0.0032674917,0.0043618316,0.003524336,0.0044708517,0.004208701,0.0012731066,0.004349672,0.003252067,0.003841925,0.0011501291,0.0043454007,0.004426039,0.004380375,0.0032533852,0.0042026863,0.0014005349,0.004128924,0.0032351906,0.0009734502,0.003916964,0.004337437,0.0042778645,0.0009105206,0.0019874778,0.00439712,0.002343518,0.004174183,0.004492134,0.0033925932,0.9966505,0.0009379527,0.004169368,0.0028289794,0.0018059871,0.0009967281,0.0018385676,0.0012331806,0.0,0.004456913,0.0036020621,0.998248,0.003448794,0.0017348588,0.0045486726,0.0018747771,0.0015630543,0.0030693633,0.004137441,0.0013817026,0.004391413,0.003639417,0.0020325037,0.0032797907,0.001202886,0.0009890107,0.003272987,0.0010186642,0.0014727609,0.0010873562,0.0012305423
0.0046898895,1.0031492,0.004970261,0.0049728723,0.004982862,1.0023464,0.0044814628,0.0049495203,0.004524332,1.0029895,0.004978328,0.0049766195,0.0049249027,0.0048882547,0.004533202,0.004892628,0.0044625695,0.004977857,1.0029494,0.0044721817,0.004790614,0.004978776,0.0048367763,0.0047133556,0.004866187,0.0049371324,0.0049850615,0.004708072,0.004903547,0.004802159,0.004850979,0.0045507536,0.004984829,0.0047712447,0.0047405236,0.004750245,0.0047734827,0.004983741,0.0047012526,0.004722967,0.004719678,0.0045714737,0.0047096806,0.0046444694,0.0049421852,0.0049341475,0.004977695,0.0048019085,0.004870235,0.0048060524,0.004794448,0.0049900473,0.0048230896,0.004984871,0.004934757,0.004530822,0.00498112,0.004759283,0.004884642,0.00449847,0.004981343,0.004987611,0.00498094,0.0047654193,0.00494202,0.0045469166,0.0049242955,0.0047575026,0.0045737782,0.00489279,0.0049722614,0.004953814,0.0044824393,0.004631721,0.0049862657,0.0047098706,0.0049288454,0.004985473,0.0047927275,1.0024073,0.0044876644,0.0049279993,0.0047504026,0.0046236757,0.0044756485,0.004626952,0.0045098867,0.0049718255,0.0,0.0048337923,1.0030512,0.00480511,0.0045989836,0.004982444,0.004622888,0.005152461,0.0047696223,0.004932606,0.0045379843,0.0049778293,0.004848319,0.004636665,0.0048194383,0.0045043253,0.004483695,0.00476297,0.0046598315,0.0045623863,0.0044796215,0.0045060264
6.483918e-06,0.99656534,0.0015461236,0.0014433739,0.0016583779,0.9957906,1.1435671e-05,0.0014729722,3.0323317e-05,0.9965312,0.0015144751,0.0015175866,0.0012447775,0.0007756961,1.3718412e-05,0.00086283893,9.814149e-06,0.0015175965,0.99641764,3.7575006e-05,3.5938494e-05,0.0014886743,0.0003920325,4.1085976e-05,0.00049759884,0.0013134156,0.0015553073,7.356196e-06,0.0008590298,5.1768373e-05,0.00025922715,-5.586929e-06,0.001674667,4.3198896e-05,6.177369e-06,9.139443e-05,-1.3038033e-05,0.0017005829,-6.833025e-06,5.2920775e-05,4.817461e-05,1.0824605e-05,1.7026154e-05,3.2061092e-05,0.0012802563,0.0013043132,0.0015907914,1.9935174e-05,0.0006258259,0.00020715123,8.075811e-05,0.0014591225,0.0002812569,0.001713041,0.0013889351,-1.1195845e-05,0.0014541317,6.8757436e-05,0.0006947289,2.9107276e-05,0.0014405039,0.0015895378,0.0014951976,8.612939e-05,0.0013077519,2.6420936e-05,0.0011809323,3.7176254e-05,-2.3528678e-06,0.000823006,0.0014572815,0.0014646502,1.7822646e-05,3.373473e-05,0.0015672746,5.2773234e-05,0.001250274,0.0017515998,1.6747259e-05,0.99582297,3.7632766e-05,0.0012716259,4.7146725e-05,-7.5359067e-06,-3.763389e-06,3.96606e-05,-1.3351417e-05,0.0014580786,0.0016300069,0.0,0.99652356,0.0001515521,2.3298902e-05,0.0016790867,1.859872e-05,3.898814e-06,7.198867e-06,0.0012128892,-6.752417e-06,0.0015105379,0.00045727025,5.6098293e-06,-8.406375e-06,1.3970123e-05,-8.727791e-06,7.646148e-05,-9.603848e-06,3.0487845e-06,1.9698933e-05,3.2731354e-05
0.00019718254,1.0020461,0.00016734202,0.00016598859,0.00010041919,1.0013571,4.341168e-05,0.00016140095,-0.00014718607,1.0019997,0.00015231107,0.00016881888,0.0001754641,0.00019755164,-8.348579e-05,0.00019935076,1.9712505e-05,0.00016666634,1.0020026,2.7680786e-05,0.00018229139,0.00014813688,0.00022528568,0.0001889954,0.00021722045,0.00015946351,0.00014136646,0.0001893493,0.00018882801,0.00018558114,0.00019885469,0.0001508986,0.00010259429,0.00023405722,0.00018344937,0.00024074435,0.00023551729,0.0001063809,-0.00037092876,0.0001838223,0.00018165106,0.00015033041,0.00019216785,0.00017350176,0.0001605947,0.00015248377,0.00013234912,0.00019802924,0.0002259694,0.00022504186,0.00023323632,0.00015824499,0.00023664223,0.000120615055,0.0001503251,0.00013387672,0.00016818977,0.00024509517,0.00020212786,9.089481e-05,0.00015066651,0.00014925009,0.00016153042,0.00023017808,0.00015201076,0.00016351114,0.00017211956,0.000241691,-0.00021293803,0.00020207117,0.00016847778,0.00015444984,4.3953496e-05,0.00017125031,0.00015856688,0.00018428307,0.00016502479,0.00011703433,0.00021887246,1.001524,-1.3194919e-05,0.00016005401,0.00020052059,0.0001813326,5.1958297e-05,0.00015989674,0.00012288113,0.00015169098,0.00012963213,0.00021406222,0.0,0.00022831449,0.00016554912,8.707794e-05,0.00018604456,-0.00077869487,0.00019096008,0.0001677793,0.00013681382,0.00015007214,0.00022233375,0.00016861816,0.00019794508,0.00012676214,4.0871655e-05,0.00023773793,-0.00033669447,0.00014214985,0.000109037566,0.00012416238
1.7280883e-05,0.99664545,0.0011405702,0.0009980638,0.0011939203,0.9959875,-6.246595e-06,0.00095467607,7.1426907e-06,0.99665517,0.0010761038,0.0010818017,0.00073352305,0.0003319092,-1.0124295e-05,0.00042923546,1.9674988e-05,0.0010870863,0.9965456,-1.1768947e-05,6.695236e-05,0.0011114156,9.726744e-05,1.9485033e-05,0.0001267774,0.0008014191,0.0011512905,5.5840166e-05,0.00038893637,6.108204e-05,3.0124942e-05,2.7639331e-05,0.0012204999,4.073012e-05,2.9589079e-05,1.834446e-05,-1.7068703e-06,0.0012419516,2.469278e-05,3.7352966e-05,2.8947217e-05,-3.2449427e-06,1.1502323e-05,6.185084e-06,0.0007909613,0.0008107491,0.0012166166,5.0823954e-05,0.0001710559,6.1138286e-05,6.878361e-05,0.0010342834,3.395917e-05,0.0012547451,0.0008807095,3.6416553e-05,0.0010213961,5.7549318e-05,0.00023031811,2.8269727e-05,0.0009893195,0.0011693352,0.0010731514,2.2798165e-05,0.0008244825,-8.246493e-06,0.00069282204,4.409192e-05,2.8675488e-06,0.0003508358,0.0010128646,0.00095207314,2.1731943e-05,4.587629e-05,0.0011115418,3.9989867e-05,0.00077736727,0.001301392,7.110063e-05,0.99602216,1.8057512e-05,0.0007960365,1.5763519e-06,-7.542484e-06,4.0377236e-05,3.272912e-05,4.4186694e-05,0.0009556165,0.0011549366,7.800714e-05,0.99663603,0.0,3.11891e-05,0.0012110764,1.4351402e-05,4.7238627e-06,3.0534746e-05,0.00072426884,2.9163864e-05,0.0011300236,4.6010176e-05,1.1521524e-06,6.7924724e-05,3.833281e-06,1.3428205e-05,7.290222e-05,1.627278e-05,-6.2682266e-06,3.411786e-05,7.4643262e-06
-0.0012598321,0.9961693,-0.0027244014,-0.002739591,-0.0030173194,0.99602515,-0.00073542475,-0.0026042329,-0.0007176506,0.996195,-0.0028124533,-0.0027370981,-0.0025095101,-0.0022450448,-0.00064910395,-0.0022824625,-0.00073238544,-0.002717101,0.99618894,-0.0006986169,-0.0017595477,-0.0027972576,-0.0019573958,-0.0013073856,-0.0021220683,-0.002514907,-0.0028586762,-0.0012982421,-0.0023653319,-0.0015931726,-0.0020929372,-0.0009866371,-0.0030085626,-0.001713282,-0.001479919,-0.0017083774,-0.0017106207,-0.002985742,-0.000936434,-0.0014410809,-0.0013516418,-0.0010113955,-0.0013013338,-0.0012069133,-0.0025717665,-0.0025571282,-0.0028728375,-0.0016012521,-0.00211206,-0.0018736502,-0.0016924953,-0.0027439178,-0.0019204959,-0.002920125,-0.0025726962,-0.00084754196,-0.0027429035,-0.001707187,-0.0021989797,-0.00068519294,-0.0027530366,-0.00282002,-0.0027858552,-0.0017059819,-0.0025693588,-0.00094130484,-0.0025347983,-0.0016912798,-0.00075592194,-0.0022444127,-0.002731681,-0.0026552132,-0.000696024,-0.0011266188,-0.0027760344,-0.0013154699,-0.0025676938,-0.0029402329,-0.0018672028,0.9960765,-0.00065726566,-0.0025318572,-0.0014317093,-0.0011104646,-0.00070867053,-0.0011656077,-0.00081150344,-0.0026697875,-0.0029105186,-0.0019457026,0.9961883,-0.001865738,0.0,-0.0030404932,-0.0010727462,-0.0014985198,-0.0015661733,-0.002496884,-0.0009705922,-0.00282503,-0.002015214,-0.0011746812,-0.0016689509,-0.00077976147,-0.00068283064,-0.0017478104,-0.0007523938,-0.0009140223,-0.00075072394,-0.0007772837
0.0052479766,1.003985,0.0053893714,0.0053940397,0.0053787353,1.0035157,0.005125846,0.005381173,0.0051696654,1.0038971,0.0053905393,0.0053942767,0.0053697913,0.0053488445,0.005174412,0.0053536603,0.0051057464,0.0053933235,1.0038748,0.005117081,0.005291396,0.005393191,0.0053187925,0.005263921,0.0053392146,0.0053723855,0.0053925007,0.0052484255,0.005361975,0.0053113266,0.0053233104,0.005154534,0.005379453,0.00528295,0.0052702255,0.0052554854,0.005283979,0.005383384,0.0053387275,0.0052546593,0.0052626063,0.005160749,0.0052599963,0.005215579,0.005379708,0.0053735776,0.0053843874,0.0053199404,0.005342359,0.0053003966,0.0052986746,0.00540986,0.0053108954,0.005387151,0.0053701466,0.005145832,0.005399602,0.00527069,0.0053453613,0.0051188804,0.005405158,0.0054007364,0.005398327,0.005274149,0.0053774486,0.00515192,0.005365481,0.00526403,0.0052098776,0.0053462954,0.0053909654,0.005383132,0.0051291035,0.005194043,0.005400941,0.00525475,0.005365274,0.005388964,0.005283359,1.0035592,0.0051332163,0.005364181,0.005282635,0.0052006277,0.0051087895,0.005201236,0.0051271217,0.005398786,0.0053810203,0.005314092,1.0039313,0.00530035,0.0051784497,0.0,0.005195052,0.005748935,0.005289806,0.005374952,0.005135635,0.0053940145,0.0053319577,0.00520336,0.005327208,0.0051215426,0.005129766,0.005266606,0.0052962755,0.0051582707,0.00510363,0.005122214
-0.00097372,0.99612194,-0.0026079686,-0.002631159,-0.0029451356,0.9959907,-0.00042650962,-0.002474632,-0.00036259744,0.99614984,-0.002709648,-0.002622971,-0.0023710383,-0.0020664213,-0.0003109274,-0.0021115264,-0.00041607115,-0.0026063663,0.99613905,-0.00032714978,-0.0015689301,-0.0026970974,-0.0017404205,-0.0010525984,-0.00193648,-0.002369711,-0.002767235,-0.0010156009,-0.0022135756,-0.0013164893,-0.001925236,-0.00069116865,-0.0029406182,-0.0014781106,-0.0012092267,-0.0014699282,-0.0014726839,-0.002908875,-0.000668492,-0.001164475,-0.0010826321,-0.00071730046,-0.0010112749,-0.00092701,-0.0024485397,-0.0024328006,-0.0027818265,-0.0013530758,-0.0019151833,-0.001646444,-0.0014536328,-0.002638745,-0.0017004989,-0.002835744,-0.0024334467,-0.00053936685,-0.0026403018,-0.0014558417,-0.0020182494,-0.0003607747,-0.0026467778,-0.002717233,-0.0026846086,-0.0014788226,-0.0024410957,-0.0006148444,-0.0024045669,-0.0014562818,-0.00037115236,-0.0020692605,-0.0026255175,-0.002534818,-0.00038397094,-0.00083685917,-0.00266507,-0.0010293775,-0.0024467555,-0.0028563954,-0.0016747258,0.99602485,-0.00031288606,-0.0023997382,-0.0011343375,-0.00081750384,-0.00038659296,-0.00089015596,-0.0005118976,-0.0025535144,-0.0028274662,-0.0017320218,0.9961401,-0.0016479084,-0.00076734775,-0.0029719705,0.0,-0.0011270803,-0.0013134041,-0.0023499427,-0.00066848285,-0.002729281,-0.0018078664,-0.00087667094,-0.0014347327,-0.0004252516,-0.0003205354,-0.0015134331,-0.00039973628,-0.0005791787,-0.0004330088,-0.00044055245
-0.0058955173,0.9946421,-0.0058935694,-0.005900913,-0.0058402126,0.99434215,-0.005900787,-0.0058998195,-0.005979549,0.9945908,-0.0058866222,-0.005898237,-0.0058992244,-0.005900552,-0.0059531718,-0.005901954,-0.005900383,-0.0058959424,0.9945709,-0.00592369,-0.005908137,-0.0058893207,-0.005893489,-0.005891278,-0.0059013846,-0.0059043523,-0.0058827284,-0.005885135,-0.0059057684,-0.005911629,-0.0058944994,-0.005867327,-0.0058392864,-0.0058881873,-0.005910655,-0.0058568334,-0.0058853137,-0.005845564,-0.006165231,-0.005899331,-0.005905533,-0.0058823703,-0.0058919233,-0.0058835875,-0.0058944793,-0.0058924537,-0.0058682617,-0.005918187,-0.0059040594,-0.0058841747,-0.005896108,-0.005910479,-0.005890781,-0.005858251,-0.00589892,-0.0058574826,-0.0059026023,-0.005874269,-0.005903765,-0.005866625,-0.005909373,-0.005883039,-0.005892607,-0.005865805,-0.005898238,-0.0058770874,-0.0058994624,-0.0058638896,-0.0060231034,-0.005899466,-0.0059001422,-0.0059081875,-0.0058942405,-0.0058671148,-0.005895789,-0.0058896993,-0.0058937734,-0.0058578188,-0.0058748783,0.9943967,-0.005919869,-0.005894857,-0.005903512,-0.005881185,-0.005893567,-0.00588599,-0.00584858,-0.0059065013,-0.00585731,-0.00589051,0.9946128,-0.0058791423,-0.0058671404,-0.0058305366,-0.0058713406,0.0,-0.0059072208,-0.005902134,-0.0058622384,-0.0058868397,-0.005898088,-0.0058775954,-0.0059157363,-0.0058659716,-0.0059002107,-0.0058721667,-0.006101302,-0.0058548083,-0.005857154,-0.0058543426
8.721269e-06,0.99561125,-0.00076407526,-0.00082865526,-0.0016056863,0.99560976,5.924865e-06,-0.0005160624,1.0846713e-05,0.9956434,-0.0010204079,-0.00079946907,-0.00031215046,-2.6092259e-05,1.3200014e-06,-2.4342677e-05,-1.9500829e-05,-0.00077954197,0.9956314,1.303941e-05,1.445465e-05,-0.0009894295,-4.2657684e-06,-9.462255e-06,-2.1246582e-05,-0.00028180904,-0.0011537925,-1.35738555e-05,1.7063452e-05,-1.7372558e-05,1.6506065e-05,-1.2133176e-05,-0.0015983784,8.728362e-06,1.5242436e-05,8.1653925e-06,-3.3525055e-05,-0.00151882,2.0425716e-05,-9.71122e-06,-2.8107066e-05,-2.4515182e-06,-1.2421005e-05,-1.6857653e-05,-0.0005039775,-0.00046094367,-0.0012095472,-2.1654769e-05,-3.8505757e-05,-9.978917e-06,-9.535616e-06,-0.00086436153,-1.9904497e-05,-0.001337585,-0.0004463177,-1.4013761e-05,-0.0008267156,-1.4730801e-05,-1.05956115e-05,-2.2686992e-05,-0.000869169,-0.0010342917,-0.00094678026,-1.841019e-05,-0.00048032447,-2.0196096e-05,-0.00039217548,-3.1912605e-05,-8.091019e-06,-2.122957e-05,-0.00082260725,-0.00066303485,-1.9813446e-05,-2.497255e-05,-0.0008869929,5.5210166e-06,-0.0005006465,-0.0013778255,-2.3352095e-05,0.9956098,-2.0125268e-05,-0.00038575506,-5.4194716e-06,-1.8396199e-06,1.4886424e-05,-2.0263778e-05,3.185634e-06,-0.0006999967,-0.0013348764,1.3905757e-06,0.9956296,-2.9867952e-05,-1.443927e-05,-0.0016845115,-7.2699995e-06,-2.4186858e-05,0.0,-0.00027241753,-2.3314074e-05,-0.0010641814,-2.2180575e-05,-7.262008e-06,1.9274863e-05,1.4347039e-06,8.844522e-06,1.747474e-05,9.561754e-07,1.4265464e-05,-1.7282153e-05,-9.479837e-06
0.000578269,0.9970071,0.004161858,0.0041293427,0.0043783393,0.99449104,1.431549e-05,0.0040108343,3.5170754e-06,0.9963914,0.0042238953,0.0041659167,0.0038268333,0.0030144607,1.0008671e-05,0.0030929132,4.1243547e-05,0.004152624,0.99627554,2.4775283e-05,0.0018441395,0.004192625,0.0024829963,0.0007598839,0.0027271663,0.0038998635,0.0042600986,0.0008728461,0.003140553,0.0017989754,0.002548439,5.0882605e-05,0.0043730023,0.0018280321,0.0012978317,0.0019107105,0.0018553163,0.0043668617,6.4177055e-07,0.0011217408,0.000894877,5.469579e-05,0.00079634856,0.00030118544,0.0039072917,0.003914424,0.0042889807,0.0015404113,0.0028140538,0.0022683723,0.0018762936,0.0041440343,0.0023762994,0.0043333136,0.0039546113,1.1899764e-05,0.0041396753,0.0018992525,0.0029365625,3.370781e-05,0.004163011,0.0042501087,0.0041801804,0.0018313582,0.0039163167,-8.598953e-06,0.0038129694,0.0018761792,2.9864603e-05,0.0030376904,0.0041269953,0.004042732,2.4116065e-05,0.00028847114,0.004217035,0.00081060233,0.003878001,0.0043464205,0.0020994775,0.99524724,2.0102074e-05,0.0038896247,0.0012886992,0.00023690256,5.6081767e-06,0.0001825074,5.2150204e-05,0.0040633865,0.0042929575,0.002483938,0.9968385,0.0022247222,3.099927e-05,0.0044044456,0.00021405889,-2.4517632e-07,0.001499125,0.0,3.690087e-05,0.0042171814,0.0025923739,0.00034560586,0.0018135094,3.77648e-05,2.3114266e-05,0.0019433268,2.7605652e-06,4.1490304e-05,4.800729e-05,3.0271867e-05
-0.0019251864,0.9961848,-0.00305693,-0.0030632224,-0.0032730047,0.9960339,-0.0014228515,-0.002947128,-0.0014216386,0.99620897,-0.0031179495,-0.0030620482,-0.0028841114,-0.0026943209,-0.0013823833,-0.0027222235,-0.0013911597,-0.0030561513,0.99619246,-0.0014213495,-0.0024175053,-0.0031103757,-0.002460362,-0.001955494,-0.002591702,-0.002890845,-0.0031582802,-0.001927421,-0.0027665934,-0.0021831081,-0.0025336407,-0.0016201097,-0.0032643522,-0.0022846237,-0.0021015976,-0.00226824,-0.0022561555,-0.0032482287,-0.0016030745,-0.002074338,-0.0020171215,-0.0016964115,-0.0019430859,-0.0018124684,-0.0029440946,-0.002926544,-0.0031632176,-0.0022043705,-0.002579355,-0.002375343,-0.0022801883,-0.0030673312,-0.002447147,-0.0032000097,-0.0029285445,-0.0015521629,-0.0030671125,-0.0022563743,-0.0026601183,-0.001518596,-0.0030754916,-0.0031259719,-0.00309421,-0.0022845294,-0.0029361618,-0.0016441481,-0.0029060657,-0.0022663192,-0.0014500888,-0.0026890053,-0.003064011,-0.0029990315,-0.0014546559,-0.00181213,-0.003089154,-0.0019708546,-0.0029349183,-0.003215605,-0.0023785518,0.99608886,-0.0014028715,-0.0029026382,-0.002038172,-0.0018149735,-0.001391589,-0.0018054601,-0.0015309496,-0.0030126504,-0.0031901572,-0.0024476214,0.99620056,-0.0023933637,-0.0017573135,-0.0032840108,-0.0017621291,-0.002350524,-0.0021672172,-0.00287168,0.0,-0.0031257402,-0.0025094908,-0.001783567,-0.002247658,-0.0015108909,-0.0014274104,-0.0023004229,-0.0014785541,-0.0015874137,-0.0015039055,-0.00146326
0.0040603885,1.0020183,0.004539059,0.004542107,0.0045790244,1.0009164,0.0037102492,0.0045083063,0.0037556812,1.0017626,0.004555539,0.004547821,0.004465257,0.004401383,0.0037698655,0.0044125053,0.003709679,0.004549265,1.0016946,0.003714015,0.004240638,0.0045543034,0.0043181074,0.0040945685,0.004359878,0.004483298,0.004564085,0.004097225,0.004427567,0.004245518,0.004337058,0.0038598063,0.0045810523,0.0042205835,0.0041590543,0.004195014,0.0042201523,0.004582249,0.003915101,0.0041285325,0.0041074557,0.0038947796,0.0040999157,0.003998898,0.004493258,0.004480805,0.004557847,0.004235149,0.004366572,0.004275423,0.004236151,0.004563471,0.0042923093,0.0045732735,0.0044893986,0.0038222435,0.004551764,0.00420931,0.0043880586,0.0037665095,0.004549407,0.0045685633,0.0045553152,0.004210445,0.004493937,0.0038599453,0.004465658,0.0042026043,0.0038055042,0.004408771,0.004538204,0.0045140143,0.0037238651,0.0039809872,0.0045641884,0.0040941997,0.0044781393,0.004580652,0.004249343,1.0009638,0.003726316,0.0044761463,0.0041635106,0.0039710174,0.0037264402,0.0039731315,0.0037946724,0.0045319535,0.004564439,0.0043179845,1.0018544,0.0042741713,0.0039253016,0.00458963,0.0039594923,0.004407256,0.0042016385,0.0044731866,0.003839244,0.0,0.0043350565,0.0039933235,0.0042645116,0.003790185,0.0037302969,0.004209909,0.0038775324,0.0038735503,0.0037484441,0.0037885506
6.306984e-05,0.9965432,0.0019114659,0.0018134748,0.0020065184,0.99564373,3.1208006e-06,0.0017296115,-1.0968041e-05,0.99646693,0.0018931467,0.0018728739,0.0015016308,0.0010269659,2.4097539e-05,0.0011158563,-4.2222575e-07,0.0018855509,0.9963677,1.3612047e-05,2.012792e-05,0.0018862461,0.00056825904,-1.0500951e-06,0.0007219558,0.0015851082,0.001951143,3.353709e-05,0.00108056,6.692744e-05,0.00045400337,4.7997575e-05,0.0020131487,7.420853e-05,7.538292e-05,8.4921885e-05,8.7098226e-05,0.0020288625,1.836387e-05,4.7638016e-05,2.4325329e-05,3.5465328e-05,4.2883465e-05,4.22134e-05,0.0015773597,0.001594036,0.0019876854,7.936687e-06,0.00084143115,0.00034810576,0.0001032994,0.0017808644,0.0004725272,0.0020215418,0.001662268,-5.748456e-06,0.0018252041,7.836728e-05,0.0009681961,4.249782e-05,0.0018133861,0.0019703715,0.0018721608,9.784969e-05,0.0015942672,4.578246e-05,0.0014825634,5.8750902e-05,3.7130638e-05,0.0010787883,0.0018166477,0.0017366688,1.892272e-05,2.6073262e-06,0.0019317879,3.7421603e-05,0.0015404187,0.0020643317,0.00016323125,0.99567497,-9.130929e-06,0.0015576599,2.4436978e-05,2.71158e-05,3.70465e-05,5.5305558e-05,3.5323897e-05,0.0017460787,0.0019517037,0.0005685464,0.9964796,0.00031051267,5.546185e-05,0.0020265172,4.466505e-05,1.9387126e-05,1.5012042e-05,0.001488821,3.5412315e-05,0.0019061998,0.0,2.8937259e-06,-2.4823128e-06,3.7818998e-05,-8.291081e-06,0.000113803144,1.9501487e-05,-7.767137e-06,3.0521467e-05,2.6984666e-05
-0.0007454994,0.99606913,-0.0024602793,-0.0024995087,-0.0028410233,0.9959744,-9.809615e-05,-0.0023018573,5.32733e-06,0.9961061,-0.0025865023,-0.0024771402,-0.0022068159,-0.0019104593,1.5791768e-06,-0.0019341451,-9.123352e-05,-0.0024748666,0.9960743,-5.334267e-05,-0.0014507731,-0.002589429,-0.001524178,-0.00078091375,-0.001748945,-0.0022227892,-0.002654296,-0.0007219676,-0.002037457,-0.0010733412,-0.001753616,-0.0003715853,-0.0028276707,-0.0012861578,-0.00096865266,-0.0012144216,-0.0012275408,-0.0028016204,-0.00032474345,-0.0009239362,-0.000850001,-0.00045872998,-0.00073662,-0.00062330865,-0.0023219285,-0.0022950207,-0.00265749,-0.0011159251,-0.0017183019,-0.0014002486,-0.0012516464,-0.002509153,-0.0015041325,-0.002718031,-0.002276526,-0.00027977105,-0.0025045527,-0.0012169895,-0.0018780789,-0.0001435634,-0.0025079488,-0.0025921918,-0.00255112,-0.0012663688,-0.0022970124,-0.0003429501,-0.0022700082,-0.0012605356,-0.0001265439,-0.0019014564,-0.002498252,-0.0023889884,-0.000104931816,-0.0006019479,-0.0025278942,-0.00079989195,-0.0023101284,-0.0027388537,-0.0014823076,0.99599123,-1.332807e-06,-0.0022450686,-0.00087083975,-0.00058691355,-8.408632e-05,-0.0006068317,-0.00023815155,-0.0024158014,-0.0027273577,-0.0015215601,0.9960882,-0.0014249452,-0.00053831324,-0.0028610767,-0.00052580494,-0.0007360656,-0.0010971744,-0.0021933068,-0.00032665711,-0.002603075,-0.0016100437,0.0,-0.0012193843,-0.00019955702,-2.375139e-05,-0.0013099927,-5.9352547e-05,-0.0002483864,-0.00017208849,-0.00012974738
-1.0323065e-05,0.9954513,-6.7596164e-05,-4.4287164e-05,-0.0007456152,0.9954833,1.3307669e-05,-5.079892e-06,-6.9996645e-06,0.99548554,-0.00010619554,-1.7421136e-05,-1.4543445e-05,-2.4332655e-06,-8.223262e-06,-7.624226e-06,1.6731497e-05,-5.935025e-06,0.99547476,9.959661e-06,-3.3940418e-05,-5.6922705e-05,-1.2241983e-05,1.0264528e-05,-2.7878797e-05,-7.3473907e-06,-0.00017262956,-2.3043212e-05,-4.2337793e-05,-2.9962574e-05,-1.7708719e-05,-4.07825e-06,-0.00073523336,-2.77033e-05,-8.924612e-06,1.0546796e-06,-3.3044682e-05,-0.0006207268,1.9844148e-05,3.2933592e-06,-1.847497e-05,-2.0005482e-05,-2.6516207e-05,-2.8566896e-05,-5.1041676e-05,-1.7852268e-05,-0.00027493743,-3.2561366e-05,-1.6484726e-05,-3.071337e-05,3.321444e-07,-1.4602927e-05,-3.468178e-05,-0.00040865928,-2.7483748e-05,-8.41392e-06,-4.115672e-05,-1.311602e-05,-3.8427832e-05,1.0637084e-05,-8.907308e-06,-0.00012121458,-8.389046e-05,-1.2589157e-05,1.4531568e-05,3.7929558e-06,-3.9689465e-05,-1.5497237e-05,-9.0437385e-07,3.1187017e-06,-2.4714245e-05,7.4001186e-06,-1.2944206e-06,-1.0925499e-05,-3.994381e-05,1.12672615e-05,9.294866e-06,-0.00044707008,-1.3522612e-05,0.9954859,2.5518557e-07,-3.0860003e-05,2.1327373e-06,-1.535711e-05,-1.8091338e-05,1.116093e-05,-9.790072e-06,-1.7802831e-05,-0.00039295,-9.2503005e-06,0.9954707,-1.553816e-05,1.3891459e-05,-0.0008583253,8.856791e-06,-1.37063935e-05,6.2908025e-06,-1.4558362e-06,-1.2929248e-05,-0.00013469179,-3.1336323e-05,1.167899e-05,0.0,-8.856643e-06,-2.2525937e-06,-2.07638e-05,-2.6251651e-05,4.5032807e-06,1.7172582e-05,-9.34743e-06
-0.0027182363,0.99610436,-0.0035279181,-0.0035409403,-0.003674959,0.99591804,-0.0024111688,-0.0034594198,-0.0024348244,0.99612397,-0.0035654115,-0.0035333575,-0.0034129785,-0.0032706787,-0.0023510156,-0.0032927962,-0.0024055757,-0.003523845,0.99611056,-0.0023412928,-0.0030540721,-0.0035647508,-0.0031088276,-0.0027644353,-0.0032083313,-0.003409984,-0.0035961217,-0.0027302918,-0.0033404364,-0.0029031015,-0.0031822699,-0.0025341476,-0.0036717905,-0.002980638,-0.002856035,-0.0029592207,-0.0029695656,-0.0036556695,-0.0026076115,-0.0028207514,-0.0027928206,-0.0025683276,-0.0027452586,-0.0026772819,-0.0034457168,-0.0034357773,-0.0035997173,-0.0029411074,-0.0031992442,-0.0030598496,-0.0029774376,-0.0035440063,-0.0030889446,-0.0036220737,-0.0034347454,-0.002444332,-0.0035473085,-0.0029616253,-0.0032432224,-0.0023570636,-0.0035472016,-0.003575708,-0.0035619028,-0.0029670987,-0.0034426302,-0.0025174397,-0.003423546,-0.0029520814,-0.0023550193,-0.003267382,-0.0035397748,-0.0034901449,-0.0023889304,-0.0026203396,-0.0035521036,-0.002728434,-0.0034436753,-0.0036332314,-0.0030608214,0.995959,-0.0023574638,-0.0034238957,-0.002802988,-0.0026258407,-0.0023812568,-0.0026725035,-0.002428153,-0.0035036164,-0.003612646,-0.0031016506,0.9961168,-0.003061386,-0.0025898162,-0.0036827398,-0.0025866274,-0.0033816216,-0.002901998,-0.0033996685,-0.0025229398,-0.0035821572,-0.0031444002,-0.0026555553,-0.00297675,0.0,-0.0023415585,-0.0029855834,-0.0024827982,-0.0024661506,-0.0023818186,-0.0023715287
-0.0039370446,0.99573874,-0.004326719,-0.004339541,-0.004382278,0.99554646,-0.003805882,-0.0042933235,-0.0038305228,0.9957355,-0.0043484843,-0.0043379003,-0.0042700134,-0.004207923,-0.0038001789,-0.004214591,-0.0038074534,-0.004330477,0.9957177,-0.0037755754,-0.0041245637,-0.0043489668,-0.004121377,-0.00395537,-0.004177293,-0.0042775283,-0.004362458,-0.0039146664,-0.0042394474,-0.004032429,-0.0041705663,-0.0038351961,-0.0043775924,-0.0040596556,-0.004014462,-0.0040213135,-0.0040545114,-0.004376289,-0.004027014,-0.003986485,-0.00397761,-0.0038759913,-0.003932273,-0.0039123613,-0.0042890827,-0.0042796656,-0.0043530916,-0.0040505934,-0.004177215,-0.0040937937,-0.0040625553,-0.0043471437,-0.004112664,-0.00436553,-0.0042867847,-0.0037861504,-0.004345575,-0.00403553,-0.004205043,-0.0037339493,-0.0043478254,-0.0043503833,-0.0043474333,-0.0040396214,-0.0042891684,-0.0038173385,-0.0042817774,-0.004036382,-0.0038787695,-0.004204457,-0.004338541,-0.004314451,-0.0037607918,-0.0038589288,-0.0043439986,-0.003950069,-0.004284042,-0.004368186,-0.004098922,0.9955713,-0.003763981,-0.004276306,-0.0039755595,-0.0038885456,-0.0037811236,-0.0038989717,-0.003756252,-0.004320291,-0.004360354,-0.004118137,0.9957369,-0.0040891054,-0.0038597588,-0.0043810536,-0.003858426,-0.0048192814,-0.004034256,-0.0042715957,-0.0038092183,-0.004354526,-0.0041467655,-0.0038771594,-0.004076819,-0.0037568705,0.0,-0.0040516756,-0.0039410633,-0.0037656703,-0.0037458374,-0.0037415186
3.6825084e-05,0.99692553,0.0002999117,0.00024276711,0.00025568152,0.99621964,2.0192481e-05,0.00023780801,1.06038515e-05,0.9969356,0.0002776137,0.00028352233,7.8374906e-05,1.5211252e-05,1.8188025e-06,5.2183506e-05,1.106707e-05,0.00029597065,0.9968687,2.7047708e-06,4.3267082e-05,0.00026659158,6.208031e-05,3.766158e-05,3.078962e-05,0.00015909495,0.00028313856,4.3559514e-05,2.9589413e-05,3.2346583e-05,3.961859e-05,3.998864e-05,0.00027385846,2.9626666e-05,4.5286284e-05,3.4407021e-06,3.8319067e-05,0.00030654814,6.616317e-06,3.2984837e-05,4.134905e-05,2.5602725e-05,1.4944421e-05,4.3682194e-05,0.000108390814,0.00013108994,0.00034462925,2.5830723e-05,1.4383416e-05,4.28169e-05,3.7595706e-05,0.00023372803,2.637378e-05,0.00034713672,0.00019427123,1.1254297e-05,0.00024164446,9.553153e-06,7.603916e-05,-2.901188e-06,0.00022908347,0.00033016226,0.00025585108,3.4830846e-05,0.00012941532,4.723406e-05,6.2402054e-05,1.0406288e-05,3.7052076e-05,4.4880315e-05,0.0002394361,0.00023857241,3.7216825e-05,1.1257841e-05,0.00031962106,5.5668042e-05,9.698281e-05,0.00037572175,1.6461407e-05,0.99629974,3.1794127e-05,0.0001102861,4.174487e-06,4.512752e-05,7.098891e-06,1.807941e-05,-4.572031e-06,0.00023621308,0.00029892745,6.8575006e-05,0.996931,2.4151095e-05,2.2328357e-05,0.00024606008,7.100955e-06,-4.79468e-06,3.1331754e-05,7.292432e-05,3.537394e-05,0.00026364526,3.0009678e-05,1.7109825e-06,6.219563e-05,3.8800197e-05,3.5410787e-05,0.0,-2.1697358e-06,3.0382525e-05,4.161876e-05,2.1879428e-05
-0.005128457,0.995138,-0.005246829,-0.0052541504,-0.0052289194,0.99488264,-0.0050749457,-0.005239825,-0.0051477775,0.99510443,-0.00524663,-0.005253311,-0.0052295756,-0.0052099554,-0.005112804,-0.005215551,-0.0050703385,-0.0052493643,0.99508756,-0.0050954083,-0.0051885736,-0.0052498346,-0.0051811514,-0.005128438,-0.005204358,-0.005237928,-0.0052502635,-0.0051210686,-0.005225606,-0.0051709604,-0.0051906537,-0.0050684735,-0.0052279118,-0.005159267,-0.005162764,-0.0051277913,-0.0051554,-0.005228516,-0.0053422977,-0.00514899,-0.0051469738,-0.005087447,-0.0051310197,-0.0051053464,-0.0052315523,-0.005229082,-0.0052388944,-0.0051808544,-0.0052038124,-0.0051653236,-0.0051660044,-0.0052615763,-0.0051802984,-0.0052348087,-0.005235895,-0.005053465,-0.005255469,-0.0051429295,-0.0052109845,-0.0050554946,-0.005261339,-0.0052476046,-0.0052502626,-0.005141523,-0.005234072,-0.005084826,-0.0052331076,-0.005135954,-0.005185225,-0.005210214,-0.0052524284,-0.0052512945,-0.0050794836,-0.005094594,-0.005252262,-0.0051289103,-0.0052317884,-0.0052368348,-0.0051567163,0.9949363,-0.0050921026,-0.005229352,-0.0051506385,-0.005104699,-0.005067162,-0.005106529,-0.0050440077,-0.0052518374,-0.0052330666,-0.0051780655,0.9951181,-0.0051642763,-0.0050851605,-0.0052221124,-0.0050906255,-0.0061607864,-0.0051664994,-0.005230987,-0.005063252,-0.0052497243,-0.0051922845,-0.005098062,-0.0051823677,-0.0050526434,-0.005082651,-0.005148786,0.0,-0.0050555044,-0.0050453935,-0.0050330465
-0.001925442,0.9961781,-0.0030553099,-0.003081217,-0.0032957552,0.99603677,-0.0014979137,-0.0029567638,-0.0014189536,0.9962099,-0.003133005,-0.0030708695,-0.002894149,-0.002700639,-0.0014082411,-0.0027267456,-0.0014755111,-0.0030651537,0.99618673,-0.001409021,-0.0024121746,-0.0031311917,-0.0024549973,-0.0019652674,-0.0026044403,-0.0028949408,-0.003178411,-0.0018954201,-0.0027945922,-0.0021490576,-0.0026022373,-0.0016558185,-0.0032936758,-0.0022844318,-0.002087156,-0.00224943,-0.002262968,-0.0032702023,-0.0016385812,-0.0020557144,-0.002002442,-0.001732644,-0.0019166473,-0.0018501673,-0.0029594186,-0.0029393495,-0.003180899,-0.0021934386,-0.0025909364,-0.0023854405,-0.002275223,-0.0030879136,-0.002440824,-0.0032165127,-0.0029362,-0.0015607217,-0.0030863208,-0.0022453566,-0.0026725058,-0.0014373248,-0.0030979628,-0.003141943,-0.0031161895,-0.0022812209,-0.0029488788,-0.0016188743,-0.002925237,-0.0022613206,-0.0014817241,-0.0026962182,-0.0030786681,-0.003013689,-0.0014469363,-0.0017802471,-0.0030981025,-0.0019591516,-0.0029504918,-0.0032308823,-0.0024228974,0.99605554,-0.0013840352,-0.0029137204,-0.0020099047,-0.0017959867,-0.0014394535,-0.0018370813,-0.00152517,-0.0030261402,-0.003216978,-0.0024499688,0.99619615,-0.0023922604,-0.0017586936,-0.0033099563,-0.001750565,-0.0023311095,-0.0021705222,-0.0028803316,-0.0016274182,-0.0031471823,-0.0025126124,-0.001783493,-0.0022605238,-0.0014861396,-0.0013336377,-0.0023008636,-0.0014965349,0.0,-0.0014839321,-0.00145492
-0.0029598079,0.9960601,-0.003678781,-0.0036894132,-0.0038054879,0.9958757,-0.0026744108,-0.0036208904,-0.0026975903,0.9960721,-0.0037163661,-0.00368712,-0.003573084,-0.0034500756,-0.0026450895,-0.003468295,-0.002670538,-0.003676201,0.99606067,-0.0026419843,-0.0032384456,-0.003715244,-0.003313154,-0.0029907026,-0.0033957292,-0.003579431,-0.00374057,-0.0029767721,-0.0035076633,-0.0031407324,-0.0033770942,-0.0027875404,-0.0038013672,-0.0031879037,-0.0030884068,-0.0031693764,-0.0031857851,-0.0037889376,-0.0028770056,-0.00305614,-0.0030223248,-0.0028189328,-0.0029848758,-0.0029190565,-0.0036017252,-0.0035942923,-0.0037389786,-0.003155412,-0.003389673,-0.0032635673,-0.003186928,-0.0036934149,-0.003295159,-0.003761425,-0.0036008495,-0.0027090246,-0.0036955876,-0.0031760456,-0.0034313698,-0.0026311155,-0.0036961106,-0.0037211282,-0.0037083179,-0.0031777383,-0.0036023995,-0.0027705068,-0.0035884304,-0.0031713694,-0.0027043412,-0.0034518042,-0.0036859876,-0.0036477507,-0.0026465827,-0.0028708677,-0.0037042673,-0.002978854,-0.0036000158,-0.003771567,-0.0032578462,0.9959263,-0.002637204,-0.0035846713,-0.0030532123,-0.0028709343,-0.0026528325,-0.0029043024,-0.0026840107,-0.003656153,-0.0037551117,-0.003305403,0.9960693,-0.0032602418,-0.0028333405,-0.0038101918,-0.0028494522,-0.0036646866,-0.0031290634,-0.0035661466,-0.002784733,-0.0037281434,-0.0033426383,-0.0028954674,-0.0031870452,-0.0026662087,-0.0026310598,-0.003198672,-0.0027861083,-0.0027393573,0.0,-0.0026531762
-0.002745225,0.9961025,-0.0035253468,-0.0035455625,-0.003678577,0.99592483,-0.0024076256,-0.003460649,-0.0024105916,0.99611974,-0.0035694265,-0.0035354802,-0.0034141943,-0.0032824848,-0.002319259,-0.003303899,-0.0023782996,-0.0035284173,0.9961025,-0.0023689636,-0.003073809,-0.0035747527,-0.0031173222,-0.002767361,-0.0032242641,-0.0034178817,-0.0036012323,-0.0027408302,-0.0033475535,-0.0029149172,-0.0031919698,-0.0025200332,-0.003675715,-0.003000962,-0.0028796792,-0.0029648761,-0.002981827,-0.003661283,-0.0025923327,-0.002849391,-0.0028170305,-0.0025826057,-0.0027674015,-0.0026708983,-0.0034520584,-0.0034381025,-0.0036039208,-0.0029574065,-0.003201666,-0.0030601625,-0.0029877678,-0.0035467918,-0.0031081976,-0.0036224308,-0.0034426337,-0.0024616786,-0.003548751,-0.002971334,-0.0032595026,-0.0024058118,-0.003545154,-0.0035828033,-0.0035603417,-0.0029898752,-0.0034507792,-0.0025564386,-0.0034343123,-0.0029784036,-0.0024350926,-0.0032706414,-0.0035382255,-0.0034971107,-0.0024102528,-0.0026529743,-0.0035513297,-0.0027602485,-0.0034476123,-0.003636196,-0.003054595,0.99596876,-0.0023659435,-0.0034260207,-0.0028231093,-0.0026527,-0.0023761005,-0.0026790856,-0.0024435606,-0.0035037394,-0.0036199465,-0.0031078642,0.99611354,-0.0030710935,-0.0026122632,-0.0036859065,-0.0026145868,-0.0033789913,-0.0029253543,-0.003403893,-0.002517785,-0.0035842624,-0.0031544212,-0.0026510437,-0.002985758,-0.0024043918,-0.002358548,-0.0030032054,-0.0024497912,-0.0024777115,-0.002395353,0.0
