1,2,3,4,5,6,7,8,9,10,11,12,13,14,15,16,17,18,19,20,21,22,23,24,25,26,27,28,29,30,31,32,33,34,35,36,37,38,39,40,41,42,43,44,45,46,47,48,49,50,51,52,53,54,55,56,57,58,59,60,61,62,63,64,65,66,67,68,69,70,71,72,73,74,75,76,77,78,79,80,81,82,83,84,85,86,87,88,89,90,91,92,93,94,95,96,97,98,99,100,101,102,103,104,105,106,107,108,109,110
0.0,0.9998395,-0.00020914989,-0.00021215748,-0.00020950288,0.9997428,-0.00038849915,-0.00022440776,-0.0004488516,0.99983555,-0.00020907586,-0.00021262503,-0.0002289266,-0.00023034534,-0.00042362313,-0.00023109754,-0.00039258366,-0.00021224098,0.9998323,-0.00041148416,-0.000264486,-0.0002095447,-0.00023871442,-0.00027422849,-0.00023671243,-0.00022710804,-0.00020940379,-0.00027731727,-0.00022960916,-0.00025759992,-0.00024281727,-0.000314074,-0.00020802212,-0.00025273897,-0.0002683744,-0.00024432916,-0.00025139216,-0.00020628968,-0.00074257696,-0.00027193225,-0.0002763124,-0.00031721813,-0.0002758127,-0.00028996583,-0.00022231304,-0.00022346164,-0.00020815522,-0.00025917473,-0.00023876001,-0.00024196794,-0.00025326182,-0.00021701663,-0.00024177729,-0.00020811746,-0.000227088,-0.0003190013,-0.00021088388,-0.00024621183,-0.00023459671,-0.00035424036,-0.00021695471,-0.00020783147,-0.00020817829,-0.0002480249,-0.00022057016,-0.0003202824,-0.00023009208,-0.00024840632,-0.00047448347,-0.00023140846,-0.00021350905,-0.00022448559,-0.00037340875,-0.0002871737,-0.00021055974,-0.0002767747,-0.00022652558,-0.00020677835,-0.00024009736,0.9997696,-0.00040788273,-0.0002257177,-0.0002694958,-0.00029411193,-0.0003847381,-0.0002954151,-0.00032602943,-0.0002201723,-0.00020586087,-0.00023801815,0.9998391,-0.00024124607,-0.00029873117,-0.00020861033,-0.00029448105,-0.0010354107,-0.000262938,-0.00022600513,-0.00031242968,-0.00021029502,-0.00023786435,-0.00028686933,-0.00025307902,-0.00034236518,-0.00039065964,-0.00024728262,-0.0005348003,-0.0003086061,-0.0003386327,-0.0003283771
-0.0013959019,0.0,-0.0011848732,-0.0011981938,-0.0011310452,0.9989437,-0.001581963,-0.0012314823,-0.0016938761,0.9991571,-0.0011775512,-0.0011799074,-0.0012455068,-0.0012866714,-0.0016422797,-0.0012661477,-0.0015976966,-0.0011804596,0.9991585,-0.0015846528,-0.0013551551,-0.0011693399,-0.0013102124,-0.0014031129,-0.0012889135,-0.0012490182,-0.0011746836,-0.0013828881,-0.0012722361,-0.001364083,-0.001297801,-0.001451704,-0.0011297086,-0.0013283268,-0.0013981616,-0.0013288,-0.0013222679,-0.001143324,-0.0017503215,-0.0014139966,-0.0014068341,-0.00147031,-0.0013907603,-0.0014249025,-0.0012453889,-0.001241481,-0.0011467322,-0.0013642088,-0.0012762791,-0.0013194679,-0.0013210758,-0.0011941866,-0.001300511,-0.0011310837,-0.0012430502,-0.0015020849,-0.0011939384,-0.0013272837,-0.0012904829,-0.0015303805,-0.001196677,-0.0011646837,-0.001179156,-0.0013291305,-0.0012633383,-0.0014405502,-0.0012350453,-0.0013205117,-0.0016897175,-0.0012768977,-0.0011780295,-0.0012244782,-0.0015918908,-0.0014271847,-0.0011788909,-0.0014067923,-0.0012276889,-0.0011338148,-0.001331532,0.99899006,-0.001623972,-0.0012445407,-0.0013682279,-0.001431066,-0.0015611716,-0.0014446934,-0.0014880331,-0.0012252007,-0.0011494003,-0.0013278024,0.99916553,-0.0013085396,-0.0014403289,-0.0011316002,-0.0014149382,-0.0018492249,-0.001375122,-0.0012546505,-0.0014945286,-0.0011580618,-0.0013037628,-0.0014321413,-0.0013573086,-0.0014962322,-0.0015707411,-0.001327586,-0.0017249685,-0.0014731832,-0.0015203356,-0.0015098202
0.0005818281,0.99974346,0.0,0.00023497852,0.00017749106,0.99997014,0.0008557017,0.00032916784,0.0009892358,0.99977434,0.00022324157,0.00025238024,0.00031447818,0.00035196866,0.0009839128,0.0006668425,0.0008474157,0.00027349254,0.99978095,0.00089309615,0.00045758046,0.00022674818,0.0004191897,0.000561918,0.00037041467,0.00032019013,0.00021469712,0.0005608884,0.00066056894,0.0005029482,0.0003740569,0.0006598238,0.00018057859,0.00047378725,0.00049591315,0.00042875565,0.00047294388,0.0001849064,0.0011980142,0.0005167342,0.00052830816,0.0006348287,0.00056591595,0.0005810358,0.0003277331,0.0006307239,0.00018717168,0.00052431517,0.00037448478,0.0004210999,0.00046219505,0.0004734337,0.00039573343,0.00018450862,0.00031205814,0.0007093825,0.0002493243,0.00044695908,0.00036135898,0.00078714034,0.00024114044,0.0002323952,0.00023110173,0.00046620233,0.00035175003,0.00065374206,0.0006357092,0.00043875398,0.0010402428,0.00042097262,0.0005636978,0.00027338974,0.00085981545,0.000605282,0.00026416423,0.0005558404,0.00029691908,0.00019650291,0.00038764082,0.9999218,0.0009133834,0.00029853501,0.0005229777,0.00059704785,0.0008265837,0.0005862437,0.00074291264,0.00029621972,0.0001992353,0.00042558557,0.99975944,0.00041777277,0.000627221,0.00018919288,0.00060301507,0.0016528695,0.000494566,0.00032768038,0.00066201115,0.0002044637,0.00038282358,0.00058888015,0.00049505406,0.0007241244,0.0008733283,0.0004249534,0.0011617299,0.0006732199,0.0007445801,0.0007276474
0.0005643582,0.99973786,0.0005417378,0.0,0.00016734946,0.9999545,0.0008285946,0.00042925146,0.00095913606,0.99976504,0.00022204049,0.00024918327,0.00028498334,0.0006546972,0.000955364,0.0006674641,0.000818521,0.000384929,0.9997717,0.0008616382,0.00044623076,0.00021757373,0.00044861066,0.0005451803,0.00035767307,0.00031265413,0.00020086177,0.00054132694,0.00065511203,0.0004932516,0.00036649438,0.0006344248,0.00017049271,0.0004646684,0.00047383833,0.00040446862,0.00045648418,0.0001716184,0.0011656564,0.0004960565,0.0005050874,0.00061327935,0.00054886687,0.0005603858,0.000616729,0.00063225743,0.00049790787,0.00051198015,0.00035542267,0.00041128733,0.00044943864,0.0005583744,0.00036691778,0.00016365484,0.00029651952,0.0006857586,0.00027362214,0.0004331417,0.00034851945,0.0007597842,0.00022284569,0.0002657368,0.00052472966,0.00046307838,0.0006146833,0.0006302815,0.0006154863,0.00041856553,0.0010095803,0.0005691966,0.00056821853,0.00059026224,0.00083405623,0.0005870964,0.0003020143,0.0005371135,0.00060763455,0.0001843074,0.00036589915,0.9999117,0.000883013,0.0006078324,0.0004989564,0.00057452684,0.00080135517,0.0005672841,0.0007225606,0.0005852581,0.0001928647,0.00043918903,0.9997523,0.0004021693,0.0006060713,0.00018558136,0.0005807935,0.0016192353,0.00047728297,0.00032104508,0.0006402452,0.00051371567,0.00035817345,0.0005676492,0.00048059356,0.0006987019,0.0008445105,0.00040578013,0.0011299963,0.000654772,0.0007166533,0.00070171634
0.0010740131,0.9999916,0.00066132954,0.00066972023,0.0,1.000284,0.0014146466,0.0007501169,0.0015592374,1.0000268,0.0006364281,0.000666138,0.0007762656,0.00081545115,0.0015487551,0.00080936006,0.0013966011,0.00067631336,1.0000396,0.0014504525,0.0009221771,0.00064263586,0.00086369505,0.0010573686,0.0008380123,0.0007647165,0.00062185194,0.001042549,0.00079813646,0.00096865004,0.00084608345,0.0011668009,0.0005695894,0.00092764694,0.0009786545,0.00090860674,0.00092350895,0.000579423,0.001787634,0.0009975147,0.0010237591,0.0011404874,0.0010506628,0.0010807344,0.0007630902,0.0007588879,0.00061092497,0.0009835274,0.0008363051,0.0008764732,0.0009391963,0.0006991508,0.00086753693,0.00059707655,0.0007500382,0.0012286835,0.00066793716,0.0009190402,0.0008217908,0.0013269196,0.0006850039,0.0006380036,0.0006496457,0.0009240736,0.0007585624,0.001172471,0.00076667167,0.0009148864,0.0016160723,0.00081165606,0.00067327044,0.0007256399,0.0014100027,0.001096634,0.0006556468,0.0010440797,0.0007570039,0.00059457554,0.00087533536,1.0002182,0.0014735272,0.00075602595,0.0010123177,0.0011016112,0.0013743668,0.0010922052,0.0012610707,0.0007329034,0.0006039466,0.00085860875,1.0000149,0.0008824469,0.0011332033,0.00056472316,0.0011075864,0.0022357623,0.00097240537,0.00077498425,0.0011701814,0.0006355807,0.0008558655,0.001084296,0.0009619222,0.0012557779,0.001431108,0.0008948197,0.0017457972,0.0011881837,0.0012777258,0.0012563042
-0.0020145192,0.9986542,-0.001866592,-0.0018920635,-0.0018105938,0.0,-0.0021318009,-0.0019097718,-0.0022344843,0.9985886,-0.0018823153,-0.0018547808,-0.0018952078,-0.0019674634,-0.0021840965,-0.0019426674,-0.0021789735,-0.0018691361,0.9985932,-0.0021447712,-0.0020369694,-0.0018668569,-0.0019956052,-0.0020316532,-0.001958584,-0.0019297091,-0.0018770045,-0.0020304017,-0.0019530692,-0.0020316557,-0.0019682052,-0.0020702018,-0.0018131521,-0.0019811182,-0.0020574017,-0.0019778633,-0.0019750327,-0.0018285543,-0.0022233636,-0.0020809018,-0.0020461092,-0.0021132824,-0.0020248694,-0.00205805,-0.0019217792,-0.0019085959,-0.001809328,-0.0020137543,-0.001938307,-0.0019909912,-0.0019657097,-0.0018889175,-0.0019532507,-0.0018111988,-0.0019396469,-0.002098367,-0.0018855854,-0.001980303,-0.0019541665,-0.002104361,-0.0018630383,-0.0018432427,-0.0018799453,-0.0019798107,-0.0019507234,-0.0020478275,-0.0018954619,-0.001964074,-0.002212149,-0.001968515,-0.0018583637,-0.0019265707,-0.0021638786,-0.0020669452,-0.0018663896,-0.0020459478,-0.0019112241,-0.0018153499,-0.002001111,0.99833983,-0.0021788622,-0.0019399736,-0.0019901418,-0.0020534964,-0.0021381155,-0.0020768966,-0.0020856173,-0.0019012722,-0.001850071,-0.0020218466,0.99862105,-0.0019625276,-0.002069093,-0.0018256329,-0.0020300031,-0.0022344273,-0.0020370667,-0.0019268916,-0.002126899,-0.0018320109,-0.0019590517,-0.0020792927,-0.002008882,-0.0020843109,-0.0021132715,-0.0019913632,-0.0022145624,-0.0020873721,-0.002110123,-0.002110517
-0.0010564622,0.9994979,-0.00077656144,-0.0007840755,-0.0007275881,0.9992207,0.0,-0.0008318938,-0.0015060594,0.99946743,-0.0007653622,-0.00078171643,-0.0008489078,-0.00087466615,-0.0014669274,-0.0008689671,-0.0013551936,-0.0007840098,0.9994555,-0.0014087931,-0.0009692643,-0.0007689542,-0.0009079995,-0.0010351922,-0.0008927228,-0.0008452787,-0.0007578649,-0.0010386722,-0.0008643069,-0.0009835142,-0.0009018685,-0.001144281,-0.00072627555,-0.00095561857,-0.0010096043,-0.00093627337,-0.00095299876,-0.00072978676,-0.0017395922,-0.0010176201,-0.0010352079,-0.0011361474,-0.0010382256,-0.0010716544,-0.00083507143,-0.00083627016,-0.0007490829,-0.0009869054,-0.00089338346,-0.0009202995,-0.00095895416,-0.0007987902,-0.0009146592,-0.0007416265,-0.000839342,-0.0011788312,-0.00078012905,-0.00094379653,-0.0008824669,-0.0012696799,-0.0007944227,-0.00076019595,-0.00076871266,-0.0009445025,-0.00083390303,-0.0011580444,-0.00084840885,-0.0009433109,-0.001577691,-0.00087439327,-0.0007851254,-0.0008245269,-0.0013344142,-0.0010822112,-0.00077296485,-0.0010386301,-0.0008384251,-0.00073829596,-0.00091604714,0.99928933,-0.0014121105,-0.0008399732,-0.0010171192,-0.0010890397,-0.001328727,-0.0010851208,-0.0011997748,-0.00081872684,-0.0007432119,-0.00090576283,0.99948084,-0.0009193252,-0.0011056702,-0.0007221578,-0.0010923306,-0.0026139151,-0.0009916823,-0.00084732694,-0.001148233,-0.0007652382,-0.00090258336,-0.0010720323,-0.0009698749,-0.0012242375,-0.0013694023,-0.0009360263,-0.0016961893,-0.0011487666,-0.0012336335,-0.0012033986
0.00093549147,1.0003424,0.00064049405,0.0006452408,0.00058008236,0.99980795,0.0005463294,0.0,0.00064886996,1.0003669,0.00062541966,0.0006469638,0.0007092348,0.0007423418,0.0006562089,0.00073498173,0.0005447655,0.00065553916,1.0003712,0.0005743203,0.00080829574,0.0006296933,0.0007784221,0.0008953529,0.0007525559,0.0007078292,0.00061481824,0.000906395,0.0007277327,0.0008530607,0.00075380725,0.00061371236,0.00058184646,0.0008185212,0.0008210313,0.0007974326,0.0008150396,0.00058618764,0.0008163756,0.0008613941,0.00081800733,0.0004618804,0.0009092354,0.0009098865,0.0007091012,0.00069784175,0.0005998897,0.0008617646,0.0007528834,0.0007823661,0.000817916,0.0006697104,0.000768964,0.0005955409,0.0007000067,0.0005236529,0.0006469187,0.00080722634,0.0007396967,0.0005008018,0.0006489448,0.00062955776,0.00063696987,0.0008173584,0.00070741563,0.0005755422,0.00070006243,0.00080056745,0.0006895419,0.0007449419,0.0006460928,0.0006822158,0.00056474376,0.0009587279,0.00064478035,0.0008985387,0.00070072315,0.0005979232,0.00077286846,0.9998172,0.00059189973,0.00070116867,0.0008523323,0.00081126724,0.00053022086,0.00085216993,0.0005878615,0.0006875772,0.0006034231,0.00077916234,1.0003561,0.0007847806,0.0009859335,0.0005876463,0.0008920876,0.0012312084,0.0008381931,0.0007150766,0.0005356157,0.0006190752,0.00075988274,0.0009408904,0.00084549346,0.0004528413,0.000558802,0.00078664033,0.00078862923,0.00050753105,0.00048650135,0.0005060249
-0.0013046617,0.9993744,-0.00097347767,-0.0009819542,-0.00090758875,0.9990438,-0.0016271401,-0.001039983,0.0,0.99933416,-0.0009588349,-0.0009789497,-0.0010605747,-0.0010929484,-0.0017642224,-0.0010864142,-0.0016358423,-0.000982856,0.99932027,-0.0016887211,-0.0012037067,-0.00096257566,-0.0011323713,-0.0012826094,-0.0011134107,-0.0010557127,-0.0009479448,-0.0012814277,-0.0010802412,-0.0012204438,-0.0011260475,-0.0014031655,-0.00090660463,-0.0011885121,-0.0012490097,-0.0011667247,-0.0011842181,-0.00091182557,-0.0020677932,-0.0012594778,-0.0012782007,-0.0013945528,-0.0012822206,-0.001324304,-0.0010448126,-0.0010454688,-0.00093797094,-0.0012242176,-0.0011158325,-0.0011455435,-0.0011927147,-0.0010003936,-0.0011389335,-0.0009279124,-0.0010478824,-0.0014423028,-0.0009779006,-0.0011744914,-0.0011025971,-0.0015428633,-0.0009946884,-0.0009529478,-0.00096388144,-0.0011755669,-0.0010432894,-0.0014157261,-0.0010589849,-0.0011744619,-0.0018774363,-0.0010922661,-0.0009836651,-0.0010308624,-0.0016137679,-0.0013323259,-0.0009690401,-0.0012842542,-0.0010479885,-0.00092211424,-0.0011453634,0.99911785,-0.0016956188,-0.0010497198,-0.0012575648,-0.0013414505,-0.001607425,-0.0013365089,-0.0014645234,-0.0010238505,-0.00093013176,-0.0011292249,0.999352,-0.0011453892,-0.0013620789,-0.00090068555,-0.0013437778,-0.002960403,-0.001230553,-0.0010587638,-0.0014096872,-0.00095824007,-0.0011253583,-0.0013230222,-0.0012063223,-0.0014912352,-0.0016482101,-0.0011654835,-0.0020044793,-0.0014068737,-0.0015027369,-0.0014721871
-0.0015072172,0.99914974,-0.0012925491,-0.0013081905,-0.0012358375,0.99886847,-0.0016917329,-0.0013409981,-0.0018058148,0.0,-0.0012876964,-0.0012851735,-0.0013526174,-0.0014006495,-0.0017544669,-0.0013784773,-0.0017134907,-0.0012872808,0.99911714,-0.0016982019,-0.0014727765,-0.0012781613,-0.0014260068,-0.0015158349,-0.0014020092,-0.0013606754,-0.0012844658,-0.0014984865,-0.0013863797,-0.0014808387,-0.001413154,-0.0015675063,-0.0012345241,-0.0014415807,-0.0015167732,-0.0014411631,-0.0014347113,-0.0012493494,-0.0018531434,-0.0015343082,-0.0015224396,-0.001588808,-0.0015042556,-0.0015410293,-0.0013559415,-0.0013515804,-0.0012505945,-0.0014780042,-0.0013868453,-0.0014343563,-0.0014320998,-0.0013033268,-0.0014119571,-0.0012348011,-0.0013570181,-0.0016155008,-0.0013027544,-0.0014397573,-0.0014026673,-0.0016414033,-0.0013032136,-0.0012693838,-0.0012886086,-0.0014411692,-0.001376684,-0.0015541523,-0.0013435292,-0.0014315236,-0.0018028063,-0.0013916848,-0.0012845882,-0.0013381205,-0.0017063617,-0.0015452405,-0.0012851657,-0.0015225093,-0.0013386564,-0.0012377468,-0.0014485028,0.9989209,-0.0017361669,-0.0013581285,-0.0014788987,-0.0015457099,-0.0016755118,-0.0015617744,-0.0016021166,-0.001334322,-0.0012571595,-0.0014460076,0.9991263,-0.0014200335,-0.0015567606,-0.001237362,-0.0015276426,-0.0019390796,-0.0014926513,-0.001364885,-0.0016148364,-0.0012634121,-0.0014155649,-0.0015500757,-0.0014711178,-0.0016090765,-0.00168021,-0.0014424428,-0.0018305256,-0.0015875318,-0.0016350871,-0.0016252729
0.0006902314,0.9998075,0.0003391842,0.00034908825,0.00026516797,1.00004,0.0009866805,0.0004175165,0.0011236406,0.9998386,0.0,0.00034775084,0.00043093532,0.0004693979,0.0011190893,0.00046336855,0.0009744755,0.0003594243,0.9998474,0.0010224023,0.00055988226,0.0003284099,0.00051355077,0.00067371805,0.0004870638,0.00042605025,0.00031128209,0.00066334807,0.00045102488,0.00060372043,0.00049201195,0.000769384,0.0002667389,0.00056580664,0.0006051706,0.00054424774,0.00056262105,0.00027317944,0.0013423635,0.0006240831,0.00064119836,0.00074740546,0.0006708177,0.00069131557,0.0004298234,0.00041521277,0.0002928532,0.0006172236,0.00048500748,0.0005223047,0.0005722665,0.00038113864,0.0005094035,0.0002867342,0.0004148796,0.0008267745,0.0003497326,0.00055472186,0.00047315375,0.00091087125,0.0003571731,0.00032664594,0.0003357539,0.00056357036,0.0004244327,0.000769095,0.00042153837,0.0005495232,0.0011787887,0.0004739602,0.00034785902,0.00039320637,0.0009857735,0.0007091185,0.0003439626,0.0006644515,0.00042109273,0.00028719017,0.000513381,0.9999898,0.0010439971,0.00041797102,0.0006313578,0.0007112342,0.00095196284,0.0007004709,0.00085863814,0.00040072,0.00029409665,0.0005121587,0.99982685,0.000523914,0.00073985645,0.00026702823,0.000717623,0.0018034974,0.00060043467,0.0004369336,0.0007744065,0.00031572973,0.0004980637,0.00069782656,0.00059652486,0.0008442128,0.0010013315,0.00053485465,0.0013025992,0.0007896384,0.0008647349,0.00084702804
0.00057446153,0.9997426,0.00022286462,0.00023378241,0.00017327072,0.9999663,0.0008483091,0.00032012173,0.0009794967,0.9997731,0.0002184016,0.0,0.00031217904,0.00034685945,0.0009748567,0.0003257107,0.0008375414,0.00026695285,0.9997778,0.00088194106,0.0004529761,0.00022110147,0.00041132965,0.0005548848,0.00036529024,0.0003158797,0.00020967715,0.0005495086,0.0006557075,0.00049659825,0.0003750321,0.00064730376,0.00017442457,0.00045851053,0.00048720682,0.00042257825,0.00045427232,0.0001798212,0.0011887042,0.0005109227,0.0005196661,0.0006283346,0.0005554879,0.0005746605,0.00030466716,0.00062312506,0.0001826106,0.0005102063,0.0003693934,0.00041144202,0.0004574989,0.00034187717,0.00038537255,0.00018208241,0.000304679,0.0007005257,0.00024553665,0.00043793075,0.00035668394,0.0007789672,0.00024391634,0.00023034932,0.0002274145,0.00045563484,0.00031504495,0.0006456876,0.00029277024,0.00042975618,0.0010324484,0.00038711407,0.00055755785,0.0002701331,0.0008518713,0.00059670286,0.00025485666,0.0005473539,0.00029583296,0.0001910721,0.00038726305,0.9999195,0.0009038488,0.0002942071,0.00051540096,0.00058980455,0.0008179232,0.0005806685,0.00073436863,0.00028369576,0.00019397595,0.00041449995,0.99975824,0.00040612352,0.0006183276,0.00018504116,0.0005926791,0.0016425682,0.00048556598,0.0003209482,0.000652377,0.0002022443,0.00037608683,0.000580738,0.0004847454,0.00071437197,0.0008658918,0.00041675376,0.0011506383,0.000668131,0.0007336502,0.00071802904
0.00079227565,1.0002915,0.0005514076,0.0005554212,0.0004940712,0.99976635,0.0004308879,0.00060256623,0.0005054656,1.0003142,0.0005367457,0.00055524387,0.0,0.0006410304,0.0005221699,0.00063626777,0.00043262503,0.0005614999,1.0003171,0.000456762,0.00069915474,0.00053987757,0.00066979125,0.000779459,0.0006506054,0.00060964725,0.00052802614,0.00077457994,0.0006291047,0.0007330513,0.0006517146,0.00085914345,0.00049514783,0.0007061412,0.00072354823,0.00069273735,0.00070412044,0.0005002815,0.00064808194,0.00074368936,0.000741023,0.00049842306,0.0007791655,0.0007878179,0.0006104837,0.00060298113,0.00051582407,0.0007422976,0.00065003295,0.00067619135,0.00070818013,0.00057457725,0.00066494744,0.0005105562,0.0006017689,0.0005610803,0.00055638637,0.0006986824,0.000641237,0.0004155595,0.0005608088,0.0005389933,0.0005466875,0.0007044963,0.0006108901,0.0008438002,0.00060476246,0.00069315353,0.0005368389,0.0006419801,0.00055705203,0.00058638747,0.00046877185,0.0008117989,0.00055124506,0.0007716751,0.0006041309,0.0005109398,0.0006709707,1.0004387,0.00046175718,0.0006048906,0.0007477691,0.0007955698,0.00043194936,0.00078518596,0.0005724153,0.00059178786,0.0005164061,0.0006713449,1.0003052,0.00067709613,0.0008264745,0.0004966037,0.00079936074,0.0010343584,0.00072899077,0.0006156225,0.00087778486,0.0005313519,0.000658558,0.0007988042,0.00072953594,0.00044825513,0.0004415091,0.0006824931,0.0006257326,0.00090141525,0.0005794396,0.0008585131
0.00056600966,1.0002072,0.0003922628,0.00039376432,0.00034312613,1.0003163,0.00040197725,0.0004292167,0.00023865834,1.0002257,0.0003796674,0.00039256545,0.0004379146,0.0,0.00028896728,0.00045553778,0.0003072872,0.00039828775,1.0002285,0.0002607658,0.00049644697,0.00038158917,0.00048116394,0.0005619494,0.00046682192,0.00043463783,0.00037206526,0.0005546284,0.00045064703,0.00052690314,0.00046626505,0.00060409546,0.0003440208,0.0005064914,0.00052376813,0.00049905526,0.0005040509,0.00034944664,0.00031604827,0.00053476956,0.0005392305,0.00059430295,0.0005595027,0.00056497223,0.0004362687,0.00043264547,0.0003643291,0.0005323395,0.00046502743,0.00048546222,0.0005096161,0.00040761207,0.0004789978,0.00035790098,0.00042848883,0.0006410167,0.00039443647,0.00050355616,0.0004598564,0.0006640771,0.00039884757,0.0003806922,0.00038666604,0.00050475396,0.00043686683,0.00059824524,0.00043205317,0.0004992324,0.00025171443,0.0004585203,0.0003957485,0.0004175847,0.00038213783,0.00057997456,0.000389689,0.0005545315,0.00043008698,0.00035773116,0.0004844171,1.0002899,0.000239655,0.0004313919,0.00053970143,0.000573264,0.00036902315,0.00056694454,0.0006639069,0.00042175438,0.00036264706,0.00048195268,1.0002184,0.00048695187,0.00058959675,0.0003430517,0.00057504367,0.00061848754,0.000524267,0.00044022352,0.00061150617,0.0003759953,0.00047421164,0.0005715708,0.0005236983,0.0006325064,0.00041875095,0.00049089536,0.00031095237,0.00062263967,0.0006445097,0.00064132054
-0.0012729411,0.9993926,-0.0009474636,-0.0009546886,-0.00088364206,0.999067,-0.0015917381,-0.0010112202,-0.0017674756,0.99935377,-0.00093232596,-0.0009515824,-0.0010317921,-0.0010638863,0.0,-0.0010582698,-0.0015999852,-0.0009548866,0.99934185,-0.0016568458,-0.0011747043,-0.00093551195,-0.0011031936,-0.0012480121,-0.0010840509,-0.001027755,-0.00092126284,-0.0012502014,-0.0010508869,-0.0011877787,-0.0010922789,-0.0013674862,-0.0008826121,-0.0011574376,-0.0012185487,-0.001136822,-0.0011540082,-0.00088730606,-0.002034901,-0.0012273918,-0.0012479003,-0.0013635041,-0.0012529867,-0.0012896991,-0.0010166557,-0.0010176891,-0.00091162394,-0.0011926733,-0.0010845858,-0.0011149069,-0.0011610958,-0.000972143,-0.0011084895,-0.00090228126,-0.0010190877,-0.0014078353,-0.0009515635,-0.0011437458,-0.0010708767,-0.0015072019,-0.0009668805,-0.00092616025,-0.0009378891,-0.0011450445,-0.0010161272,-0.0013849996,-0.001030421,-0.0011430575,-0.0018359845,-0.0010642463,-0.00095788104,-0.0010024251,-0.0015790014,-0.0012994811,-0.00094150327,-0.0012503595,-0.0010192422,-0.00089656777,-0.0011107347,0.9991425,-0.0016611569,-0.0010204494,-0.00122575,-0.0013105969,-0.0015748851,-0.0013056331,-0.0014309688,-0.0009957678,-0.0009035046,-0.0011006892,0.9993712,-0.0011142691,-0.0013270449,-0.00087628776,-0.0013127617,-0.0029185242,-0.0011991082,-0.0010304716,-0.0013735775,-0.0009312348,-0.0010946535,-0.0012926311,-0.0011738037,-0.0014530896,-0.0016116805,-0.0011351412,-0.0019616722,-0.0013731364,-0.0014666469,-0.001433874
0.0006051906,1.0002216,0.0004206994,0.0004229669,0.00037001327,1.000344,0.00043528734,0.00046017324,0.00028699497,1.0002409,0.00040706858,0.00042211317,0.00046970218,0.0004917246,0.00032557064,0.0,0.00032539057,0.0004267183,1.0002443,0.00028842987,0.0005324116,0.00040982125,0.00051507173,0.0006014286,0.00049937255,0.0004657826,0.0003997049,0.0005943075,0.00048159016,0.00056444766,0.0004985633,0.00064759806,0.0003705285,0.0005425412,0.0005593437,0.0005350812,0.00053994183,0.00037626005,0.0003800024,0.0005724661,0.0005763342,0.00063790614,0.00059710426,0.00060602796,0.00046798942,0.00046347684,0.00039140158,0.0005690831,0.0004995199,0.0005201854,0.0005451108,0.00043758063,0.00051297597,0.00038479,0.00045939712,0.000687189,0.0004226707,0.0005388074,0.00049282686,0.0007000583,0.00042788926,0.00040901784,0.0004154413,0.0005403302,0.0004678026,0.0006401791,0.00046281525,0.00053348293,0.00030643234,0.0004909423,0.00042413463,0.0004483448,0.00041141422,0.00061951537,0.00041784454,0.000594347,0.00046078733,0.00038450203,0.0005178089,1.0003123,0.0002748855,0.00046217928,0.0005779167,0.00061202346,0.00040439857,0.00060679024,0.00071176386,0.00045228243,0.00038916487,0.0005149848,1.0002332,0.0005209549,0.0006310654,0.0003692499,0.0006165885,0.00069655577,0.0005605336,0.00047166724,0.0006542184,0.00040360578,0.0005080451,0.00061205414,0.0005594116,0.0006734344,0.0004578809,0.0005248953,0.0003673083,0.0006672287,0.00068297103,0.00068471226
-0.0010772895,0.99948955,-0.0007920759,-0.0007994757,-0.00074240693,0.9992078,-0.0013684417,-0.00084914867,-0.001528029,0.99945843,-0.00078076596,-0.000797169,-0.0008652353,-0.00089298707,-0.0014901224,-0.0008866993,0.0,-0.00080060965,0.99944705,-0.0014276177,-0.0009861231,-0.0007849371,-0.00092644733,-0.0010545676,-0.0009114788,-0.0008624614,-0.00077144464,-0.001058207,-0.0008816159,-0.0010029705,-0.00091830106,-0.0011593851,-0.00074112526,-0.00097572256,-0.0010268495,-0.00095605326,-0.0009721246,-0.00074470736,-0.0017612738,-0.0010368058,-0.0010545901,-0.0011558804,-0.0010588309,-0.0010911076,-0.0008531637,-0.00085354975,-0.0007638495,-0.0010060582,-0.0009118759,-0.0009376384,-0.0009795701,-0.0008159665,-0.0009336142,-0.00075641775,-0.00085568504,-0.001198124,-0.00079619,-0.0009632266,-0.0009001506,-0.0012962096,-0.0008102923,-0.00077635335,-0.0007855579,-0.00096546946,-0.0008505666,-0.0011778056,-0.0008652574,-0.0009630489,-0.0016053037,-0.00089285866,-0.0008016724,-0.00084164215,-0.0013583597,-0.0011029225,-0.00078982895,-0.0010587359,-0.0008563749,-0.00075246603,-0.00093377783,0.999278,-0.0014347477,-0.0008563286,-0.0010360166,-0.0011105043,-0.0013479675,-0.0011057702,-0.0012218284,-0.0008362509,-0.0007569648,-0.00092381204,0.9994723,-0.00093807076,-0.0011269719,-0.0007369279,-0.0011134524,-0.0026420217,-0.0010114608,-0.0008638344,-0.0011666383,-0.00078062544,-0.0009207039,-0.0010931226,-0.000989821,-0.0012471648,-0.0013940508,-0.0009552574,-0.0017210325,-0.001168953,-0.0012569255,-0.0012242395
0.0005650222,0.99973595,0.0005370471,0.0005370738,0.00016573822,0.9999509,0.00082122826,0.0004532452,0.0009543822,0.9997641,0.00022231089,0.00027729053,0.00061339024,0.00064673554,0.0009487829,0.0007094428,0.00081382756,0.0,0.99976873,0.000857509,0.00044389084,0.00026388842,0.00046086227,0.00053997984,0.00066049193,0.0003668973,0.00019927922,0.000537342,0.000694972,0.00048439228,0.00036233183,0.0006315435,0.00017216188,0.0004866801,0.00046800746,0.0004035968,0.00047029267,0.00017252205,0.0011581625,0.000496219,0.0005007246,0.00060849095,0.0005474443,0.0005551915,0.00067915994,0.0006493745,0.0004921174,0.0005198467,0.00036153334,0.00042296966,0.00044725274,0.000734878,0.00035862747,0.00015740618,0.00033691534,0.0006795633,0.0005182046,0.00043623766,0.0003479706,0.00075421715,0.00054543174,0.00030358857,0.00052314764,0.0004750654,0.0006390536,0.0006256415,0.00062422536,0.00041533943,0.0010035817,0.0006247015,0.0006026938,0.0005893234,0.0008283405,0.00058120344,0.00033912485,0.0005315773,0.00065560517,0.00019064512,0.0006980771,0.9999062,0.0008799978,0.00060991285,0.0004954602,0.00057079265,0.00079364626,0.00056051137,0.0007159549,0.0005847493,0.00021281076,0.000448466,0.9997491,0.0004051671,0.0006006908,0.00018769817,0.0005768566,0.0016094779,0.00047110123,0.0006064424,0.0006347182,0.0005089245,0.00035306558,0.00056473206,0.00048906304,0.000691934,0.0008365374,0.00040067945,0.0011208801,0.00064985105,0.00071116426,0.00069591263
-0.0015354578,0.9991377,-0.0013224586,-0.0013379898,-0.0012642726,0.9988462,-0.0017207606,-0.0013714889,-0.0018370064,0.9991021,-0.0013177749,-0.0013144894,-0.0013822959,-0.0014312799,-0.0017822257,-0.00140907,-0.0017435142,-0.0013168599,0.0,-0.0017254074,-0.0015046895,-0.0013074068,-0.0014578104,-0.0015464374,-0.001432072,-0.0013911508,-0.0013146711,-0.001529903,-0.0014166564,-0.0015123006,-0.0014416426,-0.0015975048,-0.001262986,-0.0014712012,-0.0015488913,-0.0014722637,-0.0014648743,-0.0012784316,-0.0018797047,-0.0015663743,-0.001553916,-0.0016211264,-0.0015350743,-0.0015713495,-0.0013854019,-0.0013809165,-0.0012793019,-0.0015085663,-0.0014174745,-0.0014654752,-0.0014616937,-0.0013331326,-0.0014419913,-0.0012636544,-0.001388236,-0.001644107,-0.0013324221,-0.0014700885,-0.0014320589,-0.0016703286,-0.0013326799,-0.001298551,-0.0013181719,-0.001471143,-0.0014074176,-0.0015841183,-0.0013723051,-0.0014609575,-0.001826075,-0.001422733,-0.0013141592,-0.0013694561,-0.0017343574,-0.0015743795,-0.0013151445,-0.0015518852,-0.0013681446,-0.0012665755,-0.0014781577,0.9989006,-0.0017651318,-0.0013890251,-0.0015083163,-0.0015751799,-0.0017049082,-0.0015922918,-0.0016308841,-0.0013640014,-0.0012862134,-0.0014781858,0.9991136,-0.0014501277,-0.0015861653,-0.0012663568,-0.0015567294,-0.0019607784,-0.00152333,-0.0013950552,-0.0016459582,-0.0012920537,-0.0014453037,-0.0015836117,-0.001500758,-0.0016370589,-0.001709491,-0.0014727454,-0.0018571973,-0.0016187882,-0.0016636815,-0.0016552935
-0.0011591807,0.9994498,-0.00085609884,-0.0008636157,-0.00080056005,0.9991526,-0.0014704765,-0.0009172936,-0.0016322949,0.999415,-0.0008439184,-0.00086178706,-0.0009364512,-0.00096449925,-0.0015979132,-0.00095855666,-0.0014738819,-0.00086510053,0.99940443,0.0,-0.0010688965,-0.00084766594,-0.0009997666,-0.0011394448,-0.0009830068,-0.00093128433,-0.00083417183,-0.0011380024,-0.0009531599,-0.0010786195,-0.0009939661,-0.0012502209,-0.00079955533,-0.0010514552,-0.0011066108,-0.0010320394,-0.0010480013,-0.0008038706,-0.0018742026,-0.0011151115,-0.0011369897,-0.001247587,-0.0011394888,-0.001176954,-0.0009211574,-0.00092148286,-0.0008246644,-0.0010834031,-0.0009853211,-0.0010119715,-0.0010564512,-0.0008815264,-0.0010063287,-0.00081708876,-0.00092340994,-0.0012877163,-0.0008605864,-0.0010384863,-0.0009729619,-0.001386671,-0.00087655603,-0.00083952385,-0.0008479166,-0.001040069,-0.0009188744,-0.0012618444,-0.0009343313,-0.0010383856,-0.0016965952,-0.0009640449,-0.0008668123,-0.0009086688,-0.0014510514,-0.0011838491,-0.0008527625,-0.0011385946,-0.0009246738,-0.00081251014,-0.0010107153,0.99921954,-0.0015315079,-0.0009254977,-0.0011130451,-0.0011946185,-0.0014495613,-0.001191015,-0.0013108667,-0.0009027544,-0.0008177054,-0.0009969231,0.9994311,-0.0010118417,-0.0012134804,-0.0007941063,-0.0011958845,-0.0027648928,-0.0010886532,-0.00093346764,-0.0012558886,-0.0008438105,-0.0009935801,-0.001178778,-0.0010676571,-0.0013331921,-0.0014826702,-0.0010306437,-0.0018295432,-0.0012533637,-0.0013449548,-0.0013178507
3.088688e-05,1.0000076,1.6693773e-05,1.9156094e-05,-1.3241822e-06,0.99999505,7.895033e-06,2.1638542e-05,-5.742449e-06,1.0000154,1.266038e-05,1.6041315e-05,2.6619991e-05,3.2273907e-05,2.1898024e-05,3.2397456e-05,1.1596061e-05,1.7322463e-05,1.000014,1.7955002e-06,0.0,1.2547018e-05,3.2586348e-05,3.975365e-05,2.9903395e-05,2.2731367e-05,1.13606675e-05,2.4288738e-05,2.807119e-05,3.3187283e-05,2.2367854e-05,1.7726472e-05,-9.846884e-07,3.2088345e-05,2.6266305e-05,3.3721157e-05,3.0086396e-05,2.5755344e-06,-9.750219e-05,3.0713607e-05,3.2844753e-05,2.6102578e-05,3.0215595e-05,2.1406198e-05,2.9095976e-05,2.689087e-05,7.3903343e-06,3.7454305e-05,2.8363933e-05,3.0770865e-05,3.4079356e-05,1.8365392e-05,2.818072e-05,4.781959e-06,2.0397389e-05,3.2094016e-05,1.772943e-05,3.2617107e-05,2.956424e-05,1.9456766e-05,2.0093948e-05,1.41001665e-05,1.4264602e-05,3.3591612e-05,2.9015175e-05,1.5724036e-05,2.1476668e-05,3.166115e-05,-3.4120596e-05,3.0300433e-05,1.7333225e-05,1.7368759e-05,2.2616308e-05,2.8141418e-05,1.7165152e-05,3.0449659e-05,2.2681405e-05,5.3698586e-06,3.4326484e-05,1.0000083,-4.1820367e-06,2.5189345e-05,2.823776e-05,2.8993749e-05,1.2511832e-05,2.6533644e-05,2.8628288e-05,2.3683622e-05,8.205603e-06,3.5142482e-05,1.0000132,3.127738e-05,3.403949e-05,-5.271259e-07,2.6850128e-05,-1.4129076e-05,3.311859e-05,2.8712488e-05,1.5879346e-05,1.1529496e-05,3.1091404e-05,2.7992348e-05,3.910223e-05,8.458025e-06,3.1159016e-07,3.1815267e-05,-7.246055e-05,2.6072532e-05,1.9530155e-05,2.4404517e-05
0.00067202735,0.99979806,0.00032218537,0.00033165986,0.0002502637,1.0000287,0.00096469524,0.00040271095,0.0011016259,0.99982834,0.0003087163,0.00033213038,0.00041293335,0.0004507181,0.0010957873,0.00044522338,0.0009507953,0.00034390198,0.9998377,0.0010003023,0.00054235937,0.0,0.0004980829,0.0006534128,0.00046826058,0.00040806667,0.00029514157,0.000643443,0.00043510122,0.0005849552,0.0004750934,0.0007486259,0.000252787,0.00054596603,0.0005857194,0.0005247311,0.0005434579,0.00025939808,0.0013179935,0.0006053479,0.0006230557,0.0007279061,0.00065176806,0.00067316554,0.00041321042,0.0003963366,0.00027705668,0.00059990474,0.00046694023,0.0005036994,0.0005534948,0.0003648626,0.0004902827,0.00027000342,0.00039934908,0.00080478005,0.00033396692,0.0005374346,0.00045638322,0.0008888794,0.00033977014,0.00031044023,0.00031894044,0.000546777,0.00040779103,0.00074995053,0.0004034642,0.0005323723,0.0011535377,0.00045724976,0.00033155445,0.000375642,0.0009655871,0.00069209136,0.00032980883,0.0006442621,0.00040406798,0.00027107663,0.00049801514,0.9999793,0.0010199236,0.00040069048,0.00061246724,0.0006910853,0.00093170314,0.0006814001,0.00083824294,0.0003856597,0.00027986852,0.00049592054,0.9998168,0.0005046175,0.0007182866,0.0002534021,0.00069460797,0.0017743676,0.00058420113,0.00041852472,0.00075474434,0.00030065808,0.0004793594,0.0006796586,0.000579678,0.000823032,0.0009799552,0.00051627867,0.0012782601,0.0007709507,0.0008441063,0.00082553155
0.00034958325,1.0001264,0.00024180718,0.00024122436,0.00020193653,1.000188,0.00042193214,0.0002654408,1.134131e-05,1.0001417,0.00022998867,0.00023990004,0.0002701844,0.0002867363,0.00015892138,0.000284212,0.00044484137,0.00024413563,1.0001429,0.0001147532,0.00030142473,0.00023165725,0.0,0.00035101007,0.0002892184,0.00026867332,0.00022472136,0.00034653934,0.0002796353,0.00032957684,0.0002873602,0.0003684051,0.00020332672,0.00031476037,0.00032451315,0.00031361464,0.00031416424,0.00020768133,3.0096066e-06,0.00033133847,0.0003342174,0.00035859438,0.00034972225,0.0003485393,0.00027096047,0.00026764956,0.00021976102,0.00033236592,0.00028909018,0.00030254817,0.00031755026,0.0002500807,0.00029826083,0.00021462137,0.00026437393,0.00039396103,0.0002410606,0.0003152899,0.00028500942,0.00041258312,0.00024254131,0.00023147838,0.00023651558,0.00031549105,0.00027215935,0.00036478403,0.00026531002,0.00031146777,1.804952e-06,0.00028600448,0.00024190747,0.00025695984,0.00045635618,0.00036028126,0.00023850409,0.0003440258,0.00026478898,0.0002141522,0.00030182474,1.000175,0.00014132369,0.0002660838,0.00033663155,0.00035393948,0.0004249776,0.00034930272,0.0004078005,0.0002605182,0.00021785671,0.0003017436,1.0001365,0.00030392173,0.00036516844,0.00020162972,0.00035680077,0.00015192197,0.00032535108,0.0002721552,0.00037537667,0.0002275124,0.00029574323,0.00035591488,0.00032788634,0.0003834137,0.0004243595,0.00030449795,4.789814e-06,0.00038455936,0.00039641783,0.00039895868
-0.00021484923,0.99987024,-0.0001578673,-0.00016166677,-0.00016280556,0.99979025,-0.00029054604,-0.00017075201,-0.00033968702,0.9998692,-0.0001617086,-0.00016197469,-0.00017356998,-0.00017420425,-0.00031919195,-0.00017278103,-0.00030133803,-0.00016058233,0.99986553,-0.00031837294,-0.00020260074,-0.0001620446,-0.00017979719,0.0,-0.00017971847,-0.00017395978,-0.00016030071,-0.00020749292,-0.00017387525,-0.0001940747,-0.00018461609,-0.00023768893,-0.0001616932,-0.00019090962,-0.00020324903,-0.00018288427,-0.00018994576,-0.00016117227,-0.0006488383,-0.00020345928,-0.00020860802,-0.00023934069,-0.0002068169,-0.0002192155,-0.00016842768,-0.00016991697,-0.00015982965,-0.00019428217,-0.00018043631,-0.00018287568,-0.00019049058,-0.00016617453,-0.00018333932,-0.00016055512,-0.00017376873,-0.00024123336,-0.00016065457,-0.00018534338,-0.00017807771,-0.00026659953,-0.00016480776,-0.00015966731,-0.00015841764,-0.00018664639,-0.00016722451,-0.00024285636,-0.00017482652,-0.00018776392,-0.00036376095,-0.00017517847,-0.00016142809,-0.00016979902,-0.00028588265,-0.00021816214,-0.00016027098,-0.00020682206,-0.0001736472,-0.00016102142,-0.00018026168,0.9998138,-0.0003117319,-0.00017204648,-0.00020460413,-0.00022376365,-0.00029302703,-0.00022164153,-0.00024562568,-0.0001680357,-0.00016019227,-0.00017789552,0.99987096,-0.00018269509,-0.0002249694,-0.00016283533,-0.00022356717,-0.0008339484,-0.00019879322,-0.0001721603,-0.00023640778,-0.00016315853,-0.00018001141,-0.0002145487,-0.00018940766,-0.00025953946,-0.00029390227,-0.00018765191,-0.00043208065,-0.0002328159,-0.0002573036,-0.00024681876
0.00046037024,1.0001676,0.0003182886,0.00031937734,0.0002737566,1.0002515,0.0005518471,0.00034858347,0.000120914745,1.0001842,0.00030665615,0.0003174996,0.00035581962,0.0003750056,0.0002504065,0.00037168254,0.00024585365,0.00032199433,1.0001866,0.00022176896,0.0004005458,0.00030786905,0.00039191954,0.0004582663,0.0,0.0003533999,0.00029972877,0.00045248953,0.000366778,0.0004303052,0.00037873056,0.00048949954,0.00027531036,0.00041280242,0.00042631355,0.00040847788,0.0004110979,0.0002800683,0.00015370548,0.00043543358,0.0004391031,0.00047863575,0.0004562443,0.0004594753,0.00035518565,0.0003520724,0.00029346533,0.00043486714,0.00037888382,0.00039543468,0.0004158509,0.00032987777,0.0003902079,0.00028749063,0.00034769374,0.000520249,0.00031926864,0.00041196847,0.0003741089,0.0005433197,0.00032249652,0.0003071737,0.00031341639,0.00041227994,0.00035592294,0.00048465963,0.0003504164,0.00040709708,0.00012215087,0.00037392194,0.00031973526,0.00033875086,0.00062229746,0.00047261722,0.00031522944,0.00045148557,0.0003493743,0.000286269,0.00039480207,1.000234,0.00021593295,0.0003505592,0.00043930192,0.00046567022,0.0005815915,0.00046088858,0.00053754327,0.00034264696,0.0002915549,0.00039334298,1.0001788,0.00039747264,0.00048147008,0.00027340284,0.00046905482,0.00039500307,0.00042739508,0.0003576502,0.0004952489,0.00030363796,0.00038715207,0.0004660038,0.00042722086,0.00050961104,0.0005442982,0.0003995947,0.00015492887,0.0005063659,0.0005240613,0.0005233333
0.00081318483,1.0002983,0.0005640787,0.00056759367,0.0005057973,0.99976116,0.0004414572,0.0006162669,0.0005225428,1.0003208,0.0005491912,0.0005681258,0.0006255442,0.0006545932,0.0005347971,0.0006487498,0.0004388364,0.0005757505,1.0003253,0.00046483806,0.0007103665,0.00055197463,0.0006851822,0.00079427345,0.00066443195,0.0,0.00053959823,0.0007915067,0.0006417677,0.00075110747,0.0006652647,0.0008862185,0.0005067799,0.0007217016,0.0007359998,0.00070662267,0.00072026084,0.0005126159,0.00067254406,0.0007593351,0.0007516358,0.00049841515,0.0007953308,0.0008031588,0.0006239723,0.0006162336,0.0005277138,0.0007581452,0.0006648019,0.0006908252,0.0007233605,0.00058804394,0.0006819035,0.0005225808,0.0006152896,0.0005624491,0.00056812796,0.000715333,0.0006551482,0.00040978804,0.0005721605,0.0005516621,0.0005589315,0.00071964075,0.0006246323,0.00086077204,0.00061828265,0.00070909504,0.0005581103,0.00065576506,0.00056871376,0.00060040766,0.00046883317,0.0008346441,0.0005658864,0.000789776,0.0006171009,0.0005232086,0.00068426953,1.0000377,0.00047642237,0.00061749556,0.000764511,0.00080893363,0.00043598225,0.0008001707,0.00057596934,0.00060550316,0.0005292464,0.0006867912,1.0003113,0.00069212157,0.00084575865,0.00050957775,0.0008121835,0.0010617162,0.0007428153,0.0006297728,0.00054028886,0.0005443206,0.0006725649,0.0008136338,0.00074345665,0.00038222803,0.00045259245,0.0006969744,0.0006514179,0.0005485772,0.00047708215,0.0005913269
0.0007661904,0.9998462,0.00040637507,0.00041490205,0.0003259509,1.0000883,0.0010766435,0.00048318665,0.0012185795,0.99987847,0.00038716395,0.00041397015,0.00050347263,0.0005401858,0.0012099406,0.0005336963,0.0010624347,0.0004227092,0.9998876,0.0011129767,0.00063445943,0.0003917705,0.00058239204,0.00075133285,0.0005576612,0.0004941454,0.0,0.000739908,0.0005225298,0.00067658484,0.0005636711,0.0008512719,0.0003260188,0.0006407526,0.00068152475,0.0006204257,0.0006357513,0.00033377632,0.0014381667,0.00070180406,0.000718535,0.00082846795,0.0007482265,0.00077269535,0.0004958637,0.00048752094,0.00035872016,0.0006882644,0.000555899,0.00059281284,0.00064668397,0.00044315076,0.0005832055,0.00035013419,0.0004833466,0.0009076812,0.00041387923,0.00062909006,0.00054376497,0.00099753,0.0004242077,0.0003890216,0.00039913537,0.0006364804,0.0004926698,0.000853017,0.0004935739,0.0006240784,0.0012749804,0.0005413161,0.00041561868,0.00046095587,0.0010757276,0.0007895259,0.00040627722,0.00074025197,0.00048863486,0.0003495138,0.000590598,1.0000352,0.001135743,0.00048707618,0.00071045477,0.0007909554,0.0010405526,0.00078241155,0.0009408398,0.00046834408,0.000356795,0.00058211834,0.99986607,0.00059617666,0.00081987295,0.0003248795,0.00079550425,0.0019041101,0.00067698443,0.0005046062,0.00085673184,0.00038173376,0.0005729785,0.0007772201,0.0006716152,0.00093105744,0.0010927382,0.00060743734,0.0013982545,0.0008693623,0.0009511812,0.0009311177
-0.00021499721,0.9998693,-0.00015688346,-0.00016256527,-0.00016359764,0.99979174,-0.00029635982,-0.00016864217,-0.00034139308,0.9998683,-0.00016032268,-0.00016230407,-0.00017302693,-0.00017533838,-0.00031840766,-0.00017376256,-0.00030245938,-0.00016112912,0.9998654,-0.00031501937,-0.00020742464,-0.00016057586,-0.00017964283,-0.00020253971,-0.0001783926,-0.00017148304,-0.00016041032,0.0,-0.00017520372,-0.00019239348,-0.00018396259,-0.000234736,-0.00016168563,-0.00018957694,-0.00020310307,-0.00018266318,-0.0001899632,-0.0001599874,-0.0006621523,-0.00020440378,-0.00020981467,-0.0002459503,-0.00020243839,-0.00021553892,-0.00016870805,-0.00016868407,-0.00015990088,-0.0001951666,-0.00017951179,-0.00018304927,-0.0001893255,-0.00016463765,-0.0001823526,-0.00016008552,-0.00017074787,-0.00024269318,-0.00016114436,-0.00018461108,-0.00017742008,-0.00026262196,-0.00016533872,-0.00015825563,-0.00015836919,-0.00018627045,-0.00016744103,-0.00024310559,-0.00017524113,-0.00018798995,-0.00036027285,-0.0001751231,-0.00016272724,-0.00016899432,-0.00028423054,-0.00021446131,-0.00016045895,-0.00020806823,-0.00017256521,-0.00015964877,-0.00018224986,0.99981064,-0.0003047266,-0.00017081866,-0.00019897286,-0.00022224593,-0.0002947165,-0.00022404351,-0.00024456036,-0.00016620994,-0.00015889507,-0.00017773168,0.9998699,-0.00018186618,-0.00022414608,-0.00016148743,-0.00022040104,-0.0008120661,-0.00019755226,-0.00017107338,-0.00023200334,-0.00016205588,-0.00018014322,-0.00021403139,-0.00019129833,-0.0002585454,-0.00028605986,-0.00018605441,-0.0005320152,-0.00022944662,-0.00025374736,-0.00024203608
0.0006612044,1.0002408,0.00045753067,0.00046070645,0.0004047792,1.0003921,0.00037177058,0.0005011213,0.0003490029,1.0002593,0.00044440088,0.00045880373,0.00051127234,0.0005354152,0.00038586167,0.0005299657,0.00033407647,0.00046495267,1.0002636,0.00033397012,0.0005778062,0.00044659883,0.0005601187,0.000653608,0.00054309465,0.0005073273,0.00043597133,0.00064618624,0.0,0.0006119582,0.00054649176,0.0007110987,0.0004063937,0.0005898858,0.00060711964,0.0005802308,0.0005868166,0.000412189,0.00045983633,0.0006219645,0.00062607485,0.00069874385,0.000652058,0.0006608091,0.0005086905,0.00050309405,0.0004273172,0.0006196168,0.0005427451,0.00056436076,0.00059278635,0.0004768794,0.0005567361,0.000420473,0.00050074107,0.0007537944,0.0004615752,0.000585557,0.0005351028,0.0005461379,0.00046569583,0.0004455141,0.00045382744,0.0005885262,0.0005084301,0.00070030097,0.0005038696,0.0005808805,0.00037546727,0.0005344449,0.00046234066,0.00048811283,0.0004118981,0.0006756031,0.0004555275,0.00064521376,0.00050244824,0.0004201622,0.0005646734,1.0003437,0.00032877858,0.00050346187,0.0006269134,0.00066588464,0.00038903224,0.0006604847,0.00078151043,0.0004923356,0.00042576273,0.0005596522,1.0002536,0.0005665872,0.00068814744,0.00040502488,0.00067160645,0.0008078514,0.0006093475,0.0005132814,0.0007174696,0.00044038848,0.0005522459,0.00066611636,0.0006086678,0.0007162292,0.00042452672,0.0005708331,0.00044398083,0.0007302389,0.0007434689,0.00074303395
-3.4656703e-05,0.9999648,-2.7345808e-05,-3.1756685e-05,-3.9416405e-05,0.9999372,-5.4957083e-05,-3.026475e-05,-6.490106e-05,0.99996966,-3.312742e-05,-3.1584874e-05,-3.1964966e-05,-2.9092222e-05,-5.4517095e-05,-2.8920722e-05,-6.0395465e-05,-3.0085925e-05,0.99996924,-6.151463e-05,-4.002951e-05,-3.2373257e-05,-2.868487e-05,-3.012232e-05,-2.9592682e-05,-3.076144e-05,-3.274867e-05,-3.0532832e-05,-2.9510613e-05,0.0,-3.3643344e-05,-4.2466956e-05,-3.777482e-05,-2.9559364e-05,-3.3355485e-05,-2.72755e-05,-3.154132e-05,-3.679862e-05,-0.00033857,-3.4483637e-05,-3.6056972e-05,-4.779992e-05,-3.0072875e-05,-3.591206e-05,-2.781307e-05,-2.9312101e-05,-3.3927743e-05,-3.0719842e-05,-3.0572282e-05,-2.9807075e-05,-2.9545086e-05,-3.0366627e-05,-3.110613e-05,-3.5635814e-05,-3.1481068e-05,-4.061691e-05,-3.100682e-05,-2.7052825e-05,-2.9899877e-05,-4.411617e-05,-3.2075455e-05,-3.1230316e-05,-3.1088923e-05,-2.9319228e-05,-2.8283626e-05,-4.6839054e-05,-3.2990334e-05,-3.072567e-05,-6.281826e-05,-2.940095e-05,-3.1791944e-05,-3.105706e-05,-5.161656e-05,-3.286886e-05,-3.086571e-05,-3.177021e-05,-3.0760966e-05,-3.4560686e-05,-3.0685627e-05,0.99994326,-5.735167e-05,-3.1301966e-05,-3.2606535e-05,-3.667505e-05,-5.49826e-05,-3.9794777e-05,-3.957165e-05,-2.9672685e-05,-3.354134e-05,-2.8445651e-05,0.9999686,-2.9105777e-05,-3.9301856e-05,-3.9267314e-05,-3.8182003e-05,-0.000281307,-3.270722e-05,-2.9441233e-05,-4.215677e-05,-3.3194752e-05,-2.9640578e-05,-3.3983048e-05,-2.825047e-05,-4.48081e-05,-4.813233e-05,-3.06663e-05,-0.00024526028,-3.7093323e-05,-4.2554573e-05,-3.903326e-05
0.000428135,1.000153,0.00029188956,0.0002951993,0.0002529485,1.0002282,0.00051836524,0.00032259387,8.329298e-05,1.000166,0.0002833823,0.0002935666,0.00033030286,0.000348193,0.00019214985,0.0003446706,0.00020849452,0.0002973832,1.0001718,0.00020154452,0.0003696965,0.0002844859,0.00036422646,0.0004281812,0.00035237588,0.0003275486,0.0002761577,0.00041954982,0.00034312488,0.00039842527,0.0,0.00046194065,0.0002540168,0.00038364218,0.0003949887,0.00037776385,0.00038169764,0.00025897037,0.00011274384,0.0004038862,0.00040661098,0.00044287322,0.00042389115,0.00043241825,0.0003292817,0.00032641707,0.00027034493,0.00040323834,0.0003520643,0.0003679401,0.00038632526,0.00030723482,0.0003614825,0.00026437946,0.00032176072,0.00048942934,0.00029578165,0.00038245873,0.00034881724,0.00050206867,0.0002980325,0.0002837628,0.00029054566,0.000382529,0.000330383,0.00044991646,0.0003256214,0.00037794744,8.638306e-05,0.00034630654,0.0002968611,0.00031443164,0.0005719376,0.00044012032,0.0002903763,0.00042166963,0.00032374068,0.0002643432,0.0003729019,1.0002162,0.00020231197,0.0003252966,0.0004090792,0.00043157872,0.00055367,0.00043085098,0.0005027554,0.00031742972,0.00027147608,0.0003656043,1.0001628,0.00036780437,0.00044797972,0.0002522285,0.00043650132,0.00033660806,0.0003980651,0.00033256586,0.00046745286,0.00027993112,0.00035993475,0.0004326887,0.00039829,0.00047750614,0.000519649,0.00037163112,0.000114425195,0.0004693124,0.00048905273,0.00049076544
-0.0005719383,0.99971426,-0.00041565442,-0.00042061668,-0.00039940083,0.9995505,-0.000758854,-0.00044655497,-0.0008658866,0.9997003,-0.00041116838,-0.00041977054,-0.00045567358,-0.00046711878,-0.00083017664,-0.0004642831,-0.0007597914,-0.0004206773,0.99969506,-0.0007992149,-0.0005275933,-0.00041403156,-0.0004848058,-0.0005574628,-0.00047874864,-0.00045338675,-0.00040887628,-0.0005566358,-0.0004613092,-0.0005263378,-0.00048221587,0.0,-0.00039784363,-0.00051239296,-0.00054244604,-0.00049977907,-0.0005100471,-0.00039764008,-0.0010818578,-0.0005478127,-0.0005600227,-0.0006275086,-0.0005581378,-0.000577001,-0.00044786106,-0.0004484068,-0.0004049972,-0.0005283216,-0.0004795317,-0.00049179344,-0.00051418226,-0.00042995982,-0.00048937066,-0.00040353855,-0.00045061225,-0.000640787,-0.0004186154,-0.00050352333,-0.00047312665,-0.00070845825,-0.00042788003,-0.00040885838,-0.00041306726,-0.00050640997,-0.00044485522,-0.0006349544,-0.00045610874,-0.0005069576,-0.0009067337,-0.0004677724,-0.00042172536,-0.000443203,-0.000747998,-0.000583062,-0.00041597767,-0.0005595659,-0.00045133065,-0.00040105273,-0.00048717196,0.99959373,-0.00079874566,-0.0004515958,-0.00054777943,-0.00059283414,-0.0007442503,-0.0005894633,-0.00065621786,-0.00043974476,-0.00040282786,-0.00048206307,0.9997077,-0.00049156917,-0.0006016801,-0.0003970279,-0.00059284875,-0.0017339636,-0.0005326225,-0.00045336262,-0.0006223572,-0.0004119973,-0.00048264317,-0.00057867484,-0.0005189313,-0.00067709776,-0.0007676687,-0.0005012701,-0.0009881294,-0.00062333135,-0.00067875057,-0.0006579712
0.0010667264,0.9999884,0.00065641804,0.00066465035,0.0005644495,1.0002811,0.001408539,0.0007441012,0.0015529778,1.0000252,0.00063104474,0.0006608594,0.0007710082,0.000809736,0.0015439979,0.0008030678,0.0013899992,0.0006711889,1.0000367,0.0014432062,0.00091713766,0.00063858967,0.00085849204,0.0010519917,0.0008338807,0.0007592566,0.0006164836,0.0010367067,0.00079229753,0.0009626565,0.0008401819,0.0011611691,0.0,0.0009220784,0.000972759,0.00090293173,0.0009187345,0.0005748185,0.0017812782,0.0009904178,0.0010179773,0.0011329023,0.0010457679,0.0010745466,0.0007593056,0.00075323,0.0006054258,0.0009784274,0.0008316287,0.0008706833,0.00093347963,0.00069486623,0.0008644267,0.00059322134,0.0007444876,0.0012235042,0.0006621512,0.0009127949,0.0008160428,0.0013205862,0.0006791914,0.0006326124,0.0006455216,0.0009187887,0.00075396535,0.0011639721,0.00076185673,0.0009096174,0.0016127446,0.0008067407,0.0006684786,0.00072036113,0.0014028625,0.0010901021,0.0006500152,0.0010387707,0.00075101695,0.00058973837,0.00086990854,1.0002149,0.0014651802,0.00075050583,0.0010071789,0.0010954541,0.0013675458,0.0010865114,0.001254901,0.00072743214,0.00059871963,0.00085439975,1.0000113,0.00087787496,0.0011263337,0.0005598609,0.0011009368,0.0022329434,0.0009663005,0.0007699627,0.0011646504,0.00062981475,0.0008506892,0.0010777701,0.0009564308,0.0012505951,0.0014245543,0.0008889382,0.0017403744,0.0011811543,0.0012724635,0.0012474966
6.5424145e-05,1.0000242,4.3769283e-05,4.2277847e-05,2.0058573e-05,1.0000279,4.891387e-05,5.067943e-05,2.6738708e-05,1.0000329,3.655048e-05,4.065065e-05,5.2167055e-05,6.016509e-05,6.344652e-05,5.9555758e-05,4.460164e-05,4.338807e-05,1.0000343,4.9645732e-05,5.0034294e-05,3.7000762e-05,6.24677e-05,7.2042596e-05,5.8370344e-05,5.1689978e-05,3.4085155e-05,6.7343586e-05,5.7011304e-05,6.926967e-05,5.426703e-05,5.8267855e-05,2.0943047e-05,0.0,6.0636386e-05,6.644369e-05,6.3413136e-05,2.497503e-05,-5.7658493e-05,6.343087e-05,6.165808e-05,5.1193772e-05,7.065188e-05,6.160226e-05,5.532521e-05,5.2805888e-05,3.150384e-05,7.060342e-05,5.7028607e-05,6.260661e-05,6.5495464e-05,4.5032586e-05,6.0312854e-05,2.8141272e-05,4.9899714e-05,6.9411006e-05,4.2496322e-05,6.694157e-05,5.6980592e-05,6.0824903e-05,4.1484087e-05,3.7672933e-05,4.0647734e-05,6.626289e-05,5.6135996e-05,5.4901557e-05,4.9134418e-05,6.3639745e-05,-2.66048e-07,5.874583e-05,4.245147e-05,4.646496e-05,6.459191e-05,6.940938e-05,4.0781084e-05,6.79586e-05,5.010906e-05,2.8658853e-05,6.304545e-05,1.0000302,5.0429553e-05,5.1604275e-05,6.78359e-05,6.347068e-05,4.9435635e-05,6.11111e-05,7.225709e-05,5.0097628e-05,3.1131716e-05,6.489029e-05,1.0000303,6.29107e-05,6.6152315e-05,2.0556256e-05,6.379088e-05,-4.197779e-06,6.538518e-05,5.4166074e-05,6.160287e-05,3.4245586e-05,6.1090715e-05,6.665494e-05,7.131162e-05,5.251828e-05,5.1499053e-05,6.181333e-05,-2.3537481e-05,6.981101e-05,6.138084e-05,6.689065e-05
-0.00010769326,0.9999216,-8.231013e-05,-8.498086e-05,-9.1836526e-05,0.99986935,-0.0001499645,-8.718781e-05,-0.00017222924,0.9999234,-8.559766e-05,-8.36586e-05,-8.77741e-05,-8.665917e-05,-0.00015916872,-8.716269e-05,-0.00015599852,-8.230582e-05,0.9999212,-0.00016084558,-0.00010376179,-8.608501e-05,-8.936525e-05,-0.00010074444,-9.109855e-05,-8.769903e-05,-8.5161206e-05,-0.0001019774,-8.906022e-05,-9.53455e-05,-9.529926e-05,-0.000121061435,-9.028508e-05,-9.583976e-05,0.0,-9.00555e-05,-9.5599586e-05,-8.9397756e-05,-0.000525766,-0.00010183515,-0.00010255055,-0.00012468241,-9.985079e-05,-0.00010977002,-8.607108e-05,-8.5790874e-05,-8.609688e-05,-9.555863e-05,-9.2354734e-05,-9.1846814e-05,-9.477297e-05,-8.59097e-05,-9.281874e-05,-8.711222e-05,-8.897215e-05,-0.00012155979,-8.433342e-05,-9.128677e-05,-9.107722e-05,-0.00013449315,-8.542236e-05,-8.4052466e-05,-8.234057e-05,-9.243091e-05,-8.4240986e-05,-0.00012443912,-9.067647e-05,-9.42648e-05,-0.00018285551,-8.8647284e-05,-8.491669e-05,-8.9311325e-05,-0.00014253276,-0.000105110106,-8.204783e-05,-0.00010348828,-8.912061e-05,-8.626421e-05,-9.112723e-05,0.9998856,-0.0001589474,-8.758467e-05,-9.850178e-05,-0.00011087519,-0.0001472162,-0.00011213491,-0.00012380035,-8.548933e-05,-8.637322e-05,-8.7056804e-05,0.99992394,-9.142258e-05,-0.00011209587,-9.118699e-05,-0.00011051222,-0.00051533966,-9.6804055e-05,-8.775628e-05,-0.00011875687,-8.5192245e-05,-8.9968366e-05,-0.00010744429,-9.273952e-05,-0.00013156692,-0.00014765415,-9.496256e-05,-0.00037090018,-0.00011489878,-0.00012844306,-0.0001220799
0.0001621151,1.0000588,0.00011151073,0.00010880772,8.0745645e-05,1.0000842,0.00017812396,0.00012381845,0.00015966516,1.0000699,0.000101510785,0.00010795421,0.00012640144,0.00013659749,0.00021830313,0.00013605763,0.00017416722,0.00011181109,1.0000695,0.00018418592,0.00013372174,0.000103123944,0.00014408617,0.00016775452,0.0001367867,0.00012513601,9.8335026e-05,0.00016503477,0.00013162848,0.0001584639,0.00013095562,0.00016360515,8.2144434e-05,0.000149076,0.0001507215,0.0,0.00014926141,8.577063e-05,1.5700624e-06,0.0001547229,0.00015526936,0.00015409688,0.00016643775,0.0001591017,0.00012840379,0.00012544806,9.547662e-05,0.0001592716,0.00013640447,0.00014446549,0.00015074345,0.00011433847,0.00014236949,9.104364e-05,0.00012220802,0.00017772082,0.0001092464,0.00015184555,0.00013284523,0.00018274244,0.0001089167,0.00010330151,0.00010747029,0.00015184423,0.00012923978,0.00016065348,0.00012071062,0.00014845528,-8.102505e-07,0.0001358798,0.00010901635,0.00011850571,0.0001956648,0.00016803971,0.00010736545,0.000161298,0.00012228084,9.101906e-05,0.00014306909,1.0000788,0.00019116775,0.00012408753,0.00015867659,0.00016263674,0.00017125731,0.00015729257,0.00018609971,0.00012152649,9.298908e-05,0.00014527074,1.0000663,0.00014600439,0.0001684032,8.0393875e-05,0.00016442138,-2.8197357e-07,0.00015314283,0.0001276361,0.00016783389,9.964681e-05,0.0001403543,0.00016776647,0.00015695715,0.00016290542,0.00018824555,0.00014466739,9.149561e-07,0.0001789419,0.00017623269,0.00018201163
7.514687e-05,1.000027,4.9955066e-05,4.7865164e-05,2.5333215e-05,1.0000333,6.29556e-05,5.7415844e-05,2.948968e-05,1.0000362,4.239184e-05,4.7163274e-05,5.9752136e-05,6.676822e-05,7.990724e-05,6.6253175e-05,5.6904464e-05,4.9587336e-05,1.0000362,6.247311e-05,5.676478e-05,4.2310778e-05,7.061778e-05,8.234879e-05,6.534138e-05,5.888893e-05,3.9425962e-05,7.738125e-05,6.3826075e-05,7.740253e-05,6.244713e-05,6.965418e-05,2.7012955e-05,7.1765484e-05,6.874736e-05,7.519481e-05,0.0,3.0122012e-05,-4.4440316e-05,7.2240524e-05,7.026122e-05,6.149278e-05,7.950916e-05,7.263769e-05,6.138006e-05,5.9345886e-05,3.7762897e-05,7.777797e-05,6.462859e-05,7.044636e-05,7.300228e-05,5.1621657e-05,6.788323e-05,3.3569682e-05,5.6899702e-05,7.9022066e-05,4.846616e-05,7.491927e-05,6.4141794e-05,7.1451796e-05,4.763228e-05,4.3972366e-05,4.7225305e-05,7.433181e-05,6.2733074e-05,6.414156e-05,5.5623354e-05,7.1785405e-05,-1.8032475e-06,6.512516e-05,4.858968e-05,5.3060816e-05,7.52407e-05,7.882112e-05,4.7303354e-05,7.622084e-05,5.625263e-05,3.4234556e-05,7.155972e-05,1.0000352,6.4647174e-05,5.7658177e-05,7.5515e-05,7.199194e-05,5.9642814e-05,7.0479284e-05,8.331324e-05,5.6243865e-05,3.643956e-05,7.2563096e-05,1.0000334,7.0545204e-05,7.577988e-05,2.6062398e-05,7.282307e-05,-4.324782e-07,7.286984e-05,6.1168954e-05,7.453982e-05,4.034378e-05,6.865418e-05,7.6871176e-05,7.820906e-05,6.2207524e-05,6.587266e-05,6.880222e-05,-1.831667e-05,7.9687285e-05,7.085716e-05,7.8356425e-05
0.0010208503,0.9999662,0.0006167611,0.0006239881,0.00052614143,1.0002507,0.0013576805,0.0007017834,0.0015010752,1.0000014,0.0005923009,0.0006212327,0.00072706584,0.0007663104,0.0014932337,0.0007597807,0.0013400108,0.0006320447,1.0000123,0.0013946984,0.0008710652,0.0005974727,0.00081449945,0.0010033587,0.00079031056,0.00071691495,0.00057788007,0.0009915003,0.0007494814,0.0009173479,0.0007962795,0.0011124065,0.0005267432,0.0008773252,0.0009265244,0.0008581936,0.000873907,0.0,0.0017308714,0.00094572734,0.0009708961,0.0010866969,0.000998758,0.0010289615,0.0007169938,0.0007110185,0.00056570483,0.00093163416,0.0007886161,0.0008269505,0.00088844995,0.000654192,0.0008183023,0.00055490364,0.0007025114,0.0011750258,0.00062244415,0.0008675913,0.0007718409,0.0012712883,0.0006371949,0.00059465016,0.0006062719,0.00087302545,0.0007118206,0.0011154485,0.00071895035,0.0008643221,0.0015601555,0.0007632373,0.00062735006,0.00067784823,0.0013516903,0.0010436085,0.0006119167,0.0009926279,0.0007086635,0.00055020594,0.00082523545,1.0001861,0.0014185039,0.0007082534,0.0009589996,0.0010500852,0.0013174412,0.0010367036,0.0012054149,0.00068499823,0.00055911264,0.00081030483,0.9999889,0.00083347876,0.001078565,0.0005218454,0.0010546593,0.002184832,0.00092004007,0.0007261155,0.0011153223,0.0005901412,0.0008051157,0.0010308198,0.00091191754,0.001200021,0.0013735294,0.00084391836,0.001687088,0.0011326534,0.0012215892,0.0012004719
-0.0015561575,0.9992365,-0.0011847239,-0.0011941075,-0.0011011356,0.9988487,-0.0018974021,-0.0012602884,-0.0020803371,0.9991853,-0.0011658376,-0.0011902852,-0.0012838303,-0.001322624,-0.0020415494,-0.0013151829,-0.0019070999,-0.0011942894,0.999169,-0.0019644988,-0.001443502,-0.0011703173,-0.0013669253,-0.0015326596,-0.0013451132,-0.0012793829,-0.0011524445,-0.0015343047,-0.001307612,-0.0014662447,-0.0013563872,-0.0016616826,-0.0011002632,-0.0014303428,-0.0014982653,-0.0014057469,-0.0014258213,-0.001108241,0.0,-0.0015081742,-0.00153028,-0.0016539061,-0.0015363637,-0.001576583,-0.0012658517,-0.0012670136,-0.0011401527,-0.0014690681,-0.0013473528,-0.0013826514,-0.0014351788,-0.0012146413,-0.0013746836,-0.0011275817,-0.0012694848,-0.0017051757,-0.001189295,-0.0014159115,-0.0013321277,-0.0018107785,-0.0012076969,-0.0011590311,-0.0011721805,-0.0014149307,-0.0012654514,-0.0016764177,-0.0012818673,-0.0014136265,-0.0021591512,-0.0013223644,-0.0011961797,-0.0012495688,-0.0018825779,-0.0015872614,-0.0011783398,-0.0015353229,-0.0012692263,-0.001121477,-0.0013799429,0.99893427,-0.0019709761,-0.0012713533,-0.0015069807,-0.0015972329,-0.0018794312,-0.0015924143,-0.0017302305,-0.0012425842,-0.00113022,-0.0013651412,0.9992075,-0.0013810577,-0.0016174169,-0.001093327,-0.0016002094,-0.0032751025,-0.0014765706,-0.0012828348,-0.0016683631,-0.0011640845,-0.0013590838,-0.0015789276,-0.00145034,-0.001754868,-0.0019220108,-0.001404155,-0.0022881648,-0.0016676117,-0.0017695669,-0.0017378432
-0.00013633046,0.99990714,-0.000103029,-0.000106530206,-0.00011132214,0.9998484,-0.0001888256,-0.00010996106,-0.0002254985,0.9999084,-0.000106441505,-0.00010713313,-0.00011141687,-0.0001109282,-0.00020400094,-0.00011054151,-0.00019806143,-0.00010530786,0.9999055,-0.00020506805,-0.00013107798,-0.00010661972,-0.00011477754,-0.00012990458,-0.00011545826,-0.000110637695,-0.00010766125,-0.00013010507,-0.00011265289,-0.00012133405,-0.00011992172,-0.00015365305,-0.00010987522,-0.000121760575,-0.00013027665,-0.00011526932,-0.0001211304,-0.00010896875,-0.0005725678,0.0,-0.00013192599,-0.00015721377,-0.00012751756,-0.00013916445,-0.00010931025,-0.00011034917,-0.00010610585,-0.000122878,-0.00011709827,-0.000116444324,-0.000121575074,-0.000107806656,-0.00011696715,-0.00010906411,-0.000111573536,-0.0001548537,-0.00010500237,-0.000116846655,-0.000115489784,-0.00016894213,-0.00010929535,-0.0001042834,-0.00010463589,-0.000117909425,-0.000107139706,-0.00015650586,-0.00011467824,-0.00011978272,-0.00023470717,-0.00011199913,-0.00010694244,-0.0001114061,-0.00018297257,-0.00013763108,-0.00010571387,-0.000131134,-0.000111453584,-0.000107956555,-0.00011661268,0.999865,-0.00019956606,-0.00011037877,-0.00012892237,-0.00014015868,-0.00019337323,-0.00014306155,-0.00015650228,-0.00010762236,-0.000107031585,-0.00011177349,0.99990886,-0.0001156851,-0.00014301343,-0.00011114276,-0.00014028607,-0.0006013086,-0.00012415978,-0.000111456706,-0.0001511032,-0.00010788285,-0.000114474075,-0.00013681347,-0.00011931011,-0.00016870814,-0.00018839637,-0.000120297664,-0.00042380567,-0.00014666356,-0.00016281624,-0.00015599755
-0.00019536089,0.9998786,-0.0001464576,-0.0001502075,-0.00015107759,0.999802,-0.0002692476,-0.00015682908,-0.00031417308,0.99987835,-0.00014889681,-0.00015055723,-0.00015953815,-0.0001610549,-0.00029451656,-0.0001600356,-0.00027856955,-0.00014973732,0.99987334,-0.00029081636,-0.0001830297,-0.00014920287,-0.00016601244,-0.00018674585,-0.00016413876,-0.00015930597,-0.00014876969,-0.00019008302,-0.00016028223,-0.00017683764,-0.00017207686,-0.00022097888,-0.0001514442,-0.00017446859,-0.00018828046,-0.00016938231,-0.00017365343,-0.00014907948,-0.0006778624,-0.00018872593,0.0,-0.00022286331,-0.00018844994,-0.00020242628,-0.0001560127,-0.00015583071,-0.00014769845,-0.00018001185,-0.00016566747,-0.00017030482,-0.00017468083,-0.00015275847,-0.0001695803,-0.00014960913,-0.00015972788,-0.00022510675,-0.00014906793,-0.00017155723,-0.00016325594,-0.00024292391,-0.00015161785,-0.0001465407,-0.00014743213,-0.00017260188,-0.00015471205,-0.00022522773,-0.00016219614,-0.00017344947,-0.00034301338,-0.00016199499,-0.00014992406,-0.00015809992,-0.00025988443,-0.00019781486,-0.00014679742,-0.00019291823,-0.00015953959,-0.00014860039,-0.00016905599,0.9998232,-0.00028678286,-0.0001578063,-0.00018683741,-0.00020466233,-0.00027116356,-0.00020629459,-0.00022805635,-0.00015429889,-0.0001479812,-0.00016426631,0.99987864,-0.00016882477,-0.00020658998,-0.00015061279,-0.00020450244,-0.0007736286,-0.00018181613,-0.0001574473,-0.00021919345,-0.00015037993,-0.000166905,-0.00019562447,-0.00017582106,-0.00023919198,-0.00027162157,-0.00017137102,-0.00053293735,-0.00021535924,-0.00023561397,-0.00022901893
-0.0005412081,0.9997279,-0.00039367937,-0.0003964841,-0.0003787259,0.99956846,-0.0007126128,-0.00042341626,-0.00082022673,0.9997159,-0.0003893509,-0.00039578913,-0.00043138128,-0.0004412082,-0.00078860705,-0.00043922022,-0.00072163675,-0.00039700975,0.99970967,-0.00076078833,-0.0004925423,-0.00039182673,-0.00045860186,-0.0005244097,-0.00045277484,-0.00042968118,-0.00038712277,-0.00053149514,-0.000437665,-0.0004970214,-0.00045959244,-0.0005934704,-0.00037784185,-0.00048547305,-0.00051369163,-0.00047341216,-0.00048344,-0.0003778078,-0.001087664,-0.00051759026,-0.00052762503,0.0,-0.00052922266,-0.0005519776,-0.00042346877,-0.00042407605,-0.00038422554,-0.00050165865,-0.0004524998,-0.0004654498,-0.00048630507,-0.00040516607,-0.00046381672,-0.00038143556,-0.00042572786,-0.0006110387,-0.00039556614,-0.00047711626,-0.00044661545,-0.0006701246,-0.00040248307,-0.00038669113,-0.00039144015,-0.00047950755,-0.00042076036,-0.0006040217,-0.00043144525,-0.00047820248,-0.0008752376,-0.00044286207,-0.0003986018,-0.00041970966,-0.0007087177,-0.0005575274,-0.00039157062,-0.0005298574,-0.00042766327,-0.00037905318,-0.0004624339,0.9996126,-0.00075880624,-0.00042660846,-0.0005173443,-0.0005616022,-0.00070592726,-0.0005563683,-0.0006260558,-0.0004163241,-0.00038189327,-0.00045600208,0.9997223,-0.00046556746,-0.0005683614,-0.0003750035,-0.0005603602,-0.0016691689,-0.00050306774,-0.00042886604,-0.00059433863,-0.0003907463,-0.0004565651,-0.0005496851,-0.00049097266,-0.000644408,-0.0007341075,-0.00047474596,-0.0009404508,-0.00059370586,-0.0006453881,-0.0006260842
-0.0002235081,0.9998642,-0.00016580151,-0.00016868807,-0.00016990858,0.99978423,-0.00030623793,-0.00017801982,-0.00035216007,0.9998629,-0.00016829216,-0.00016876332,-0.00018205603,-0.000182154,-0.00033554138,-0.00018362005,-0.00031756688,-0.00016929723,0.99985844,-0.00032828667,-0.00021390001,-0.00016873509,-0.00018939096,-0.00021491066,-0.0001875775,-0.0001806272,-0.00016887514,-0.00021407868,-0.0001822278,-0.00020128135,-0.00019510993,-0.00025068357,-0.00016966135,-0.00019926744,-0.00021137022,-0.00019294303,-0.00019815429,-0.0001678183,-0.00070257386,-0.00021444588,-0.00021783994,-0.00025303444,0.0,-0.00022949831,-0.00017635575,-0.00017783717,-0.00016626285,-0.00020346379,-0.00018905493,-0.00019077423,-0.00020004707,-0.00017347746,-0.0001900902,-0.00016842254,-0.00018021266,-0.00025316342,-0.0001695241,-0.00019494015,-0.00018741183,-0.00027842773,-0.00017312527,-0.00016623117,-0.0001661771,-0.00019435109,-0.00017630628,-0.00025399786,-0.00018458208,-0.00019537081,-0.0003813398,-0.00018469295,-0.00017104424,-0.00017840316,-0.00029514282,-0.00022476533,-0.00016701789,-0.0002195061,-0.00018125628,-0.00016744995,-0.00019073399,0.99980366,-0.00032241244,-0.00018001476,-0.00021070379,-0.00023346911,-0.00030622853,-0.00023215127,-0.00025651927,-0.00017488527,-0.00016691175,-0.00018738252,0.9998648,-0.00019230058,-0.00023681772,-0.00016916363,-0.0002328749,-0.0008547862,-0.00020743911,-0.00018035562,-0.00024632266,-0.00016999671,-0.00018792407,-0.0002226928,-0.00019967454,-0.00027059525,-0.0003026964,-0.00019672404,-0.0004950205,-0.00023943852,-0.0002688031,-0.00026006674
-0.00033944,0.99981445,-0.0002493816,-0.0002535556,-0.00024660336,0.99970394,-0.00045813213,-0.00026714342,-0.00052989804,0.99980736,-0.00024893373,-0.0002538684,-0.00027239943,-0.00027685537,-0.0005004833,-0.00027716914,-0.00046377763,-0.00025302276,0.99980396,-0.0004882981,-0.00031860964,-0.00024994428,-0.0002866338,-0.00032818076,-0.00028468296,-0.00027153894,-0.00024866304,-0.0003302608,-0.00027380942,-0.00031092798,-0.00028728181,-0.00037171863,-0.0002465853,-0.00030375694,-0.00032205932,-0.00029413565,-0.00030176196,-0.00024511485,-0.00084025756,-0.00032693575,-0.000332249,-0.00037871816,-0.00033064315,0.0,-0.0002667177,-0.00026779616,-0.00024722275,-0.00031126366,-0.00028531006,-0.00029076522,-0.00030417327,-0.00025841477,-0.00029098286,-0.00024603342,-0.00027047962,-0.0003839156,-0.00025121882,-0.000296665,-0.00028141463,-0.00042602705,-0.00025875695,-0.00024698046,-0.00024801734,-0.00029863277,-0.00026595098,-0.00038286523,-0.00027483192,-0.00030002318,-0.0005584067,-0.00027777912,-0.00025365694,-0.00026681132,-0.0004520574,-0.00034566168,-0.00025071882,-0.00033289322,-0.000271182,-0.00024453722,-0.0002897475,0.9997353,-0.00048299355,-0.0002699959,-0.00032409362,-0.00035457022,-0.0004528734,-0.0003528168,-0.0003896189,-0.00026306428,-0.00024621887,-0.00028675393,0.9998119,-0.00029072826,-0.00035796678,-0.00024525018,-0.0003533962,-0.0011863576,-0.00031573387,-0.00027067194,-0.0003694797,-0.00025048797,-0.00028600483,-0.0003415272,-0.0003060497,-0.0004087291,-0.00046339407,-0.0002976857,-0.00062421773,-0.0003695256,-0.00040662673,-0.00039092064
0.00088396,1.0003275,0.0006130795,0.0006193769,0.0005537624,0.9997925,0.00051546894,0.00067171326,0.0006073902,1.0003493,0.0006000111,0.00061711925,0.0006806684,0.00071069755,0.0006162025,0.0007068969,0.0005143588,0.00062687724,1.0003549,0.00054237974,0.0007767007,0.00060368766,0.00074515096,0.0008608692,0.0007227042,0.0006770012,0.0005896377,0.0008612663,0.0006984337,0.0008156484,0.0007233368,0.00096279266,0.00055564445,0.0007825757,0.00079454074,0.0007644543,0.0007791763,0.0005603997,0.00076868036,0.0008215745,0.0008102521,0.00052016147,0.0008657261,0.00086461817,0.0,0.000670876,0.0005753017,0.0008238693,0.0007197694,0.00074918097,0.00078396505,0.00064093625,0.0007376304,0.00057051325,0.00066888536,0.0005873907,0.0006187867,0.0007739118,0.00071215665,0.0004701176,0.00062438747,0.00060175685,0.00060937117,0.00078333763,0.0006795101,0.00090188667,0.0006730373,0.0007692763,0.00064426824,0.0007140502,0.0006197796,0.0006524739,0.00054127764,0.00090491987,0.000615061,0.0008565014,0.0006729834,0.0005717409,0.0007433392,0.9998773,0.00055021973,0.0006725049,0.0008212651,0.0008657685,0.00050659484,0.0008591396,0.00062548177,0.0006593276,0.0005774709,0.00074618723,1.0003409,0.00075045024,0.00092146156,0.0005580141,0.0008801564,0.0011800779,0.0008079489,0.0006849405,0.00061145134,0.00059313665,0.0007305816,0.0008816039,0.00080894615,0.00044169836,0.0005248625,0.0007563727,0.0007410196,0.00061283255,0.00048652734,0.00062776014
0.0008813999,1.000325,0.00061031134,0.0006150238,0.0005508236,0.9997909,0.0005097589,0.0006672439,0.0006008524,1.0003474,0.00059600384,0.00061384204,0.00067598955,0.0007081966,0.0006104109,0.00070305297,0.00050645624,0.00062349875,1.0003532,0.00053776515,0.00077358726,0.0005997081,0.0007412274,0.00086052774,0.0007194385,0.0006737631,0.0005858763,0.0008568193,0.0006939433,0.00081271434,0.00072133343,0.0009638905,0.000551901,0.0007796166,0.0007918076,0.0007624363,0.00077634514,0.00055741105,0.00076135003,0.0008189235,0.00080784824,0.00051115255,0.00086013746,0.0008693217,0.00067683525,0.0,0.00057146966,0.00082057156,0.0007180316,0.00074664823,0.00078227563,0.00063750055,0.00073413306,0.0005674898,0.0006657925,0.0005817086,0.0006158929,0.0007713201,0.00070901064,0.00046562366,0.00062045886,0.00059852604,0.0006057256,0.00077796954,0.00067465764,0.0009606211,0.0006695723,0.0007654731,0.0006369411,0.00070879154,0.00061658793,0.000650115,0.0005331489,0.0009049618,0.0006113928,0.00085607835,0.00066935393,0.00056823716,0.00073972176,0.9998892,0.0005455799,0.0006683889,0.0008244038,0.00086834305,0.0005031491,0.0008591321,0.0006183184,0.00065529504,0.0005745028,0.0007414012,1.0003389,0.00074811315,0.0009184786,0.0005547442,0.0008812131,0.0011675209,0.00080290623,0.000680312,0.00060457346,0.0005890733,0.00072657014,0.0008819105,0.00080478523,0.00043764673,0.0005207394,0.000752584,0.00073434133,0.00060376787,0.00048446652,0.00060215045
0.000826499,0.9998736,0.00045527748,0.00046059876,0.0003696795,1.0001262,0.0011422064,0.00053376734,0.0012855178,0.9999065,0.00043171612,0.00045854956,0.00055289926,0.0005914746,0.001277906,0.0005847305,0.0011271106,0.00046917077,0.99991655,0.0011780936,0.0006863631,0.00043814818,0.0006362332,0.00081016414,0.0006100918,0.0005446824,0.00041857408,0.0007994477,0.0005741692,0.0007311924,0.00061669596,0.0009117341,0.00037048158,0.00069400284,0.00073888723,0.00067367294,0.00069117575,0.00037959855,0.0015104957,0.00075650215,0.00077718025,0.00088814256,0.00080635486,0.0008322691,0.0005454774,0.0005370461,0.0,0.0007468206,0.0006103047,0.0006465268,0.00070158497,0.00049000623,0.0006369042,0.00039597682,0.00053389446,0.00096892036,0.0004598919,0.0006848802,0.0005949697,0.0010625978,0.00047260043,0.00043450034,0.00044455234,0.0006912748,0.000541822,0.00091421895,0.00054444186,0.00067934796,0.0013422553,0.00059110596,0.00046314322,0.00051046495,0.0011386044,0.0008502833,0.00045245027,0.0007993489,0.0005389615,0.00039341292,0.00064226525,1.0000694,0.0012030889,0.000537855,0.0007676818,0.00085235236,0.0011072595,0.00084098155,0.0010018628,0.0005181256,0.00040206418,0.00063282833,0.99989414,0.0006518669,0.000879871,0.0003671396,0.0008563938,0.0019677833,0.0007323294,0.0005548886,0.0009166775,0.0004289937,0.0006256572,0.00083503185,0.00072622637,0.0009923406,0.0011599577,0.0006618717,0.0014675593,0.00093242276,0.0010147741,0.0009950533
-4.3665194e-05,0.99996066,-3.5361296e-05,-3.5953042e-05,-4.3810418e-05,0.9999292,-6.235318e-05,-3.6084628e-05,-7.370428e-05,0.9999646,-3.7471185e-05,-3.7221853e-05,-3.5600682e-05,-3.349653e-05,-6.4781176e-05,-3.3708882e-05,-6.567522e-05,-3.470147e-05,0.9999631,-7.0564325e-05,-4.322805e-05,-3.7079437e-05,-3.3720826e-05,-3.7116963e-05,-3.6510137e-05,-3.6168127e-05,-3.9838946e-05,-4.0982886e-05,-3.556152e-05,-3.536806e-05,-3.9350823e-05,-5.105481e-05,-4.4374458e-05,-3.6834597e-05,-4.1336207e-05,-3.4857672e-05,-3.7396596e-05,-4.1144827e-05,-0.0003566532,-4.0169463e-05,-3.9945924e-05,-5.415532e-05,-3.9461986e-05,-4.4094777e-05,-3.464799e-05,-3.643573e-05,-3.853125e-05,0.0,-3.8065882e-05,-3.5004523e-05,-3.723091e-05,-3.5244448e-05,-3.6679612e-05,-4.0329032e-05,-3.689291e-05,-4.921577e-05,-3.507313e-05,-3.3763044e-05,-3.7348193e-05,-5.561688e-05,-3.7255737e-05,-3.599375e-05,-3.5121167e-05,-3.4638317e-05,-3.349765e-05,-5.208532e-05,-3.6826852e-05,-3.644282e-05,-8.1487044e-05,-3.5059646e-05,-3.5552916e-05,-3.842072e-05,-5.676117e-05,-4.226945e-05,-3.609886e-05,-3.898385e-05,-3.7196776e-05,-3.9447186e-05,-3.4557543e-05,0.99994,-6.7549765e-05,-3.581801e-05,-4.035812e-05,-4.4749173e-05,-6.326884e-05,-4.3249915e-05,-4.940653e-05,-3.5023524e-05,-4.0161543e-05,-3.4321e-05,0.99996376,-3.4090528e-05,-4.422414e-05,-4.396969e-05,-4.533119e-05,-0.00030493113,-3.974158e-05,-3.456994e-05,-4.802987e-05,-3.9303763e-05,-3.5034493e-05,-4.187454e-05,-3.343466e-05,-5.70896e-05,-5.9553357e-05,-3.7769798e-05,-0.00022574209,-4.4499775e-05,-5.37195e-05,-4.8876806e-05
0.00045749816,1.0001662,0.00031556882,0.00031642473,0.00027171476,1.0002499,0.0005544243,0.00034673975,0.000114232025,1.0001827,0.00030356456,0.00031602563,0.00035418873,0.00037245784,0.00020606286,0.00036989784,0.00023654006,0.0003201598,1.0001849,0.00021252815,0.0004000363,0.0003050547,0.00039004645,0.00045740715,0.00037718838,0.00035151516,0.00029679175,0.00044851645,0.00036452376,0.00042728518,0.0003759409,0.00048715834,0.00027204104,0.0004101363,0.00042398638,0.0004061909,0.00040836525,0.00027734332,0.00015218927,0.00043271823,0.00043685327,0.0004791948,0.0004535934,0.0004574821,0.00035105488,0.0003491182,0.000291256,0.00043100756,0.0,0.00039412963,0.00041399736,0.000327938,0.00038792813,0.0002850234,0.00034563523,0.00051745,0.00031698096,0.0004081571,0.00037196788,0.0005423168,0.00032120297,0.00030475706,0.0003110587,0.00040888003,0.00035348083,0.00048274462,0.00034742613,0.0004048386,0.000116019815,0.0003713898,0.00031808493,0.0003363766,0.0006155495,0.00046756424,0.0003130266,0.00044947836,0.00034651626,0.0002848652,0.00039436886,1.0002317,0.00018713434,0.0003482938,0.00043739978,0.00046424867,0.0005953645,0.0004588492,0.0005341976,0.0003395857,0.0002888702,0.00039118459,1.0001773,0.0003942937,0.0004773656,0.00027171653,0.00046575282,0.00039160697,0.00042475236,0.00035609453,0.00049370434,0.0003009075,0.00038480794,0.00046549138,0.00042433912,0.00050769554,0.0005484136,0.00039696845,0.0001538638,0.0005024426,0.00052139343,0.00052509434
0.0002757908,1.0001009,0.0001895944,0.00018885928,0.00015356955,1.0001463,0.00032614535,0.00020860473,-2.2097069e-08,1.0001132,0.00017896095,0.0001876659,0.0002137676,0.0002273806,0.00041160177,0.00022553786,0.0003371719,0.00019127311,1.0001156,0.00036543494,0.00023577518,0.00017992388,0.0002378042,0.00027896013,0.00022888771,0.00021160001,0.0001741649,0.00027347487,0.0002210605,0.00026146197,0.00022608883,0.0002869698,0.00015480893,0.00024916968,0.0002550665,0.00024902055,0.00024858039,0.00015890939,3.2366636e-06,0.00026132373,0.0002620549,0.00027826376,0.00027605082,0.0002745786,0.00021335416,0.00021119977,0.00017005399,0.0002639441,0.00022842886,0.0,0.00025099333,0.00019599147,0.00023586587,0.00016460866,0.00020833107,0.000309381,0.00018910543,0.00025018567,0.00022551145,0.00031932557,0.00019040098,0.00018035772,0.00018479349,0.00025032824,0.000215334,0.00028317625,0.00020833171,0.00024684687,3.7584066e-06,0.00022603523,0.00018923685,0.00020103485,0.00035206304,0.00028251696,0.00018610258,0.0002719001,0.00020862058,0.00016510597,0.00023958582,1.0001384,0.00035987806,0.00021049769,0.00026628378,0.00027844132,0.00032532556,0.00027412668,0.00031873767,0.00020533567,0.00016809456,0.000239768,1.0001094,0.00024047379,0.00028599132,0.000153542,0.00027884432,2.5144107e-06,0.00025818817,0.0002153779,0.0002925205,0.00017672151,0.00023469432,0.00027999192,0.00026056648,0.000298539,0.0003288289,0.0002415101,4.2814395e-06,0.0003023495,0.0003087779,0.00031113846
3.2635697e-05,1.0000134,2.108785e-05,1.9153125e-05,-1.1474251e-06,1.0000104,3.3144208e-06,2.6168316e-05,-1.0083984e-06,1.0000207,1.4107394e-05,1.8423605e-05,2.6995556e-05,3.352756e-05,1.599841e-05,3.312453e-05,3.8383408e-07,1.9965668e-05,1.0000209,-1.0976426e-06,2.2281849e-05,1.4505077e-05,3.559519e-05,4.1075473e-05,3.1643653e-05,2.6330506e-05,1.1681296e-05,3.547743e-05,3.0237086e-05,3.9176295e-05,2.6504957e-05,2.244219e-05,-7.666059e-08,3.5287536e-05,3.0156038e-05,3.842959e-05,3.4753866e-05,3.0910942e-06,-0.00011419959,3.242643e-05,2.9599541e-05,1.6037102e-05,3.7384314e-05,2.8863293e-05,2.996283e-05,2.8454444e-05,9.419516e-06,3.90067e-05,3.1083982e-05,3.4615674e-05,0.0,2.1572914e-05,3.2673244e-05,6.140449e-06,2.4624009e-05,3.1274812e-05,1.8972785e-05,3.826003e-05,3.0818162e-05,1.9428167e-05,1.8541607e-05,1.5778012e-05,1.8003333e-05,3.6450238e-05,3.156969e-05,1.7101682e-05,2.2808203e-05,3.5282395e-05,-3.6179474e-05,3.2521457e-05,1.8933437e-05,2.1687385e-05,1.9651778e-05,3.4578006e-05,1.8499832e-05,3.475841e-05,2.4514391e-05,6.9818784e-06,3.6195474e-05,1.0000149,3.484352e-06,2.6314288e-05,3.607658e-05,2.9506304e-05,5.1313204e-06,2.6327667e-05,3.2275857e-05,2.5915067e-05,8.919517e-06,3.7561702e-05,1.0000188,3.49786e-05,3.2269487e-05,-9.853894e-07,2.946067e-05,-4.0304036e-05,3.4252764e-05,2.856389e-05,2.5226078e-05,1.2170446e-05,3.3869448e-05,3.3000397e-05,4.051193e-05,1.2563522e-05,9.536126e-06,3.2896092e-05,-6.9911635e-05,3.3255907e-05,2.1841082e-05,3.0019626e-05
0.0005314644,0.99974793,0.0007132998,0.00073093286,0.00019924893,0.99991703,0.00076369673,0.0008596998,0.00089102675,0.99975586,0.0007001427,0.00072914234,0.0007419657,0.00084005995,0.00088728283,0.00087910437,0.0007544175,0.0008134436,0.99976003,0.0007965839,0.00043284075,0.00072312565,0.00063043996,0.00051855587,0.00076260034,0.00081277295,0.00053808826,0.00052093016,0.0008569122,0.0005097961,0.0006240643,0.00058774184,0.0002552305,0.00065942475,0.00043181732,0.00068073947,0.00065802044,0.00031500772,0.0010881764,0.0004655963,0.00046117086,0.0005619664,0.0005323085,0.00051781663,0.0008702765,0.0007971995,0.000604569,0.00056619337,0.00065866596,0.0006428608,0.00064288214,0.0,0.0006566164,0.0005975827,0.00080664596,0.0006286514,0.00077102997,0.00067449233,0.00061344536,0.0006991844,0.0006716867,0.00077298953,0.000771679,0.0006447592,0.0008571004,0.00057802536,0.0007836041,0.0006424409,0.00093674107,0.00092332927,0.00075780705,0.00080788723,0.0007718251,0.0005546954,0.000826261,0.0005022288,0.00085115083,0.00047913744,0.0006925225,0.9998782,0.0008167867,0.00082216016,0.00046621516,0.0005288874,0.0007363935,0.00051991217,0.0006719929,0.0008320721,0.00071590726,0.0006267915,0.9997548,0.0006525334,0.0005625814,0.0002385555,0.0005338683,0.0015356656,0.0004635794,0.0008207945,0.00058964145,0.0006614496,0.00064554095,0.00053560286,0.00052489183,0.00064111646,0.00077592104,0.0006287952,0.0010527817,0.0006027998,0.0006600349,0.0006450907
0.0003187711,1.0001153,0.00021968337,0.00021887383,0.00018116238,1.0001705,0.00038085104,0.0002410754,-7.732557e-07,1.0001303,0.00020851873,0.00021783686,0.00024574724,0.0002615078,0.000116795454,0.00025902822,0.00039802038,0.00022140902,1.0001315,0.00043093346,0.0002735136,0.0002098435,0.0002733901,0.00031999944,0.00026389788,0.00024498065,0.0002036028,0.00031505065,0.0002541009,0.00030025505,0.00026049756,0.0003340826,0.00018294746,0.0002871616,0.000294895,0.00028636793,0.00028609368,0.00018718318,2.2633394e-06,0.00030227864,0.000304447,0.00032402406,0.00031876803,0.00031625104,0.00024678744,0.00024373566,0.00019876829,0.00030261252,0.0002629586,0.00027554552,0.0002887934,0.00022723875,0.0,0.00019343864,0.00024027836,0.00035634515,0.0002188152,0.0002876298,0.0002594971,0.0003731382,0.00022057751,0.00020967308,0.00021470146,0.0002879118,0.00024796656,0.00033111143,0.0002413421,0.00028432236,4.2960187e-06,0.0002605897,0.0002197827,0.00023336713,0.00041254843,0.00032729414,0.00021643468,0.00031310966,0.00024103787,0.00019354983,0.00027570035,1.000159,0.000448599,0.00024266395,0.00030615774,0.00032151968,0.00038317015,0.00031660733,0.00036898418,0.00023682146,0.00019718964,0.00027526272,1.0001252,0.000277127,0.00033199313,0.00018047773,0.00032406236,7.678057e-05,0.00029680002,0.0002481193,0.00033848823,0.00020595058,0.00026965176,0.00032328718,0.00029872998,0.0003477796,0.0003871871,0.0002773569,2.5029317e-06,0.0003495502,0.00036027818,0.00036247357
0.00090416876,0.9999102,0.0005189905,0.00052633556,0.0004316109,1.0001748,0.0012292938,0.0006002078,0.0013703218,0.99994534,0.0004961034,0.000523628,0.000624267,0.0006608986,0.0013647962,0.0006544508,0.00121092,0.0005334878,0.99995494,0.0012630768,0.0007614848,0.0005005382,0.0007061824,0.00088748726,0.0006812514,0.00061314274,0.0004813442,0.000875327,0.00064392004,0.0008054366,0.00068823196,0.0009908506,0.00043233883,0.0007667046,0.00081450905,0.0007487696,0.00076487614,0.00044119818,0.001598191,0.0008319366,0.00085555407,0.00096745824,0.0008809732,0.0009092466,0.00061326585,0.0006069372,0.00046998746,0.000818468,0.0006821066,0.00071766204,0.0007767757,0.00055466563,0.0007104499,0.0,0.00060161226,0.0010515616,0.00052456174,0.0007579413,0.00066633336,0.0011458864,0.00053867744,0.00049744203,0.0005079276,0.00076355576,0.0006095831,0.0009964283,0.000613772,0.0007529412,0.0014307731,0.00065881235,0.0005303117,0.0005790599,0.0012249319,0.0009270317,0.0005153674,0.0008759576,0.00060512207,0.0004558415,0.0007169516,1.000116,0.0012878939,0.0006054656,0.00084509974,0.0009303271,0.0011905176,0.0009194897,0.0010833422,0.0005835016,0.00046445205,0.0007031242,0.9999318,0.0007236183,0.0009586432,0.00042869293,0.0009353275,0.0020541223,0.0008083625,0.00062248734,0.000996669,0.000494185,0.0006990143,0.0009121526,0.0007990703,0.0010761454,0.0012464701,0.00073520927,0.0015581422,0.001013446,0.001098983,0.0010771933
0.00087807275,1.0003234,0.00060647924,0.0006106253,0.00054702227,0.9997847,0.0005040259,0.00066426717,0.00059489673,1.000346,0.0005919027,0.0006118157,0.00067246886,0.00070309435,0.00060225,0.0006974823,0.00050009205,0.00061983813,1.0003508,0.00052956666,0.00076516264,0.0005954438,0.00073650334,0.00085268467,0.00071355276,0.0006706139,0.00058210123,0.0008562754,0.0006903674,0.0008078084,0.0007150853,0.0005955896,0.0005486667,0.00077618635,0.0007848018,0.0007563544,0.0007744432,0.0005536315,0.0007526762,0.0008145239,0.00079166354,0.00047929387,0.00085817475,0.00086305744,0.0006706663,0.00066251727,0.0005682608,0.0008173158,0.0007132642,0.00074275566,0.0007769076,0.0006340057,0.0007299119,0.0005637967,0.0,0.00055038976,0.00061241334,0.0007661077,0.00070328417,0.0004616834,0.000614928,0.00059471314,0.00060278876,0.00077460404,0.0006718887,0.00059681194,0.00066429266,0.0007597257,0.0006335225,0.00070639723,0.0006115353,0.0006451509,0.00052310975,0.00090268714,0.0006098121,0.0008503773,0.0006643124,0.0005650423,0.0007335495,0.9998545,0.00054178934,0.0006647016,0.00081361335,0.00086161547,0.0004894636,0.00084904436,0.0005979431,0.0006516757,0.0005706788,0.0007385947,1.0003366,0.00074352144,0.0009157805,0.0005529854,0.0008688214,0.0011625256,0.00079719163,0.00067694916,0.00057788234,0.00058565696,0.0007213703,0.00087825785,0.0008003937,0.0004198481,0.0005134315,0.00074697577,0.00072810275,0.0005465543,0.00046662547,0.0005401387
-0.0006827847,0.9996672,-0.00049550115,-0.00050167914,-0.00047199684,0.9994781,-0.0009013104,-0.00053295994,-0.0010247272,0.99965,-0.00049166527,-0.0005005937,-0.0005440782,-0.0005591198,-0.0009910511,-0.00055498275,-0.00090842467,-0.0005018919,0.9996437,-0.0009467367,-0.000628276,-0.0004934322,-0.00057987944,-0.0006677261,-0.00057153445,-0.00054077804,-0.0004854546,-0.00066660886,-0.0005527379,-0.0006295083,-0.0005781076,-0.0007436435,-0.000470394,-0.00061287463,-0.0006485231,-0.00059840415,-0.00061045896,-0.0004725396,-0.0012325577,-0.0006559196,-0.0006674396,-0.00074764574,-0.0006687811,-0.00069373916,-0.00053362426,-0.00053501525,-0.00048100253,-0.0006323819,-0.0005734271,-0.0005880767,-0.00061492994,-0.00051168253,-0.0005853422,-0.00047884343,-0.0005370297,0.0,-0.0004993428,-0.0006027163,-0.00056473847,-0.0008371006,-0.000509631,-0.00048838306,-0.00049163506,-0.00060458854,-0.00053206924,-0.0007558318,-0.0005441239,-0.00060532946,-0.0010727689,-0.00055872113,-0.0005026982,-0.0005283482,-0.00088760664,-0.0006967964,-0.0004947453,-0.0006682051,-0.00053770305,-0.00047552175,-0.00058533053,0.9995256,-0.00094889436,-0.0005376956,-0.0006536072,-0.0007071155,-0.0008887059,-0.0007047088,-0.0007826189,-0.0005237025,-0.00047769432,-0.0005773175,0.99965894,-0.00058766006,-0.0007184154,-0.0004694854,-0.0007078438,-0.0019721088,-0.00063735247,-0.0005420128,-0.0007471834,-0.000490461,-0.0005766673,-0.0006937727,-0.0006212188,-0.0008064067,-0.0009094632,-0.0005994703,-0.0011601207,-0.0007471239,-0.0008107757,-0.0007877004
0.000576443,0.9997419,0.0005486463,0.00022676832,0.00017254279,0.9999651,0.0008446319,0.00032660863,0.0009775524,0.9997706,0.00021712731,0.00024762886,0.0003054032,0.00034498706,0.0009741389,0.0006617824,0.00083529274,0.00027934916,0.9997765,0.0008809565,0.0004527892,0.00021898688,0.00041785146,0.0005537884,0.00036108142,0.00031175668,0.000205305,0.00055111654,0.0006527163,0.00049720396,0.0003774557,0.00064844877,0.00017553387,0.00046592226,0.0004865618,0.0004201484,0.0004574853,0.00017831287,0.0011849328,0.00051009277,0.00051889714,0.0006266332,0.00055819924,0.0005725254,0.00062067754,0.00062978413,0.00017730278,0.00051752286,0.00036754334,0.00041185183,0.00045447354,0.00053919,0.0003818545,0.00017502485,0.00030059164,0.0006998943,0.0,0.0004388201,0.0003539129,0.00077377824,0.00023569699,0.00022874869,0.00022145236,0.00046488873,0.0005401481,0.0006444395,0.0006258942,0.00043270958,0.0010272965,0.00043363302,0.0005577255,0.00059427245,0.00084860506,0.0005965549,0.00026652607,0.0005473484,0.00028192592,0.00018897025,0.0003864942,0.99991906,0.00089904247,0.00028374817,0.00051203487,0.00058996666,0.0008158129,0.0005795196,0.00073449354,0.00027565708,0.0001952216,0.0004263497,0.99975705,0.00040464127,0.0006183594,0.00018656763,0.0005909279,0.0016398599,0.00048692932,0.00032142995,0.00065218774,0.00019633053,0.00037021,0.0005826456,0.00049015734,0.0007120652,0.0008611477,0.00041718033,0.0011475392,0.00066447456,0.00073325564,0.0007161
0.00011389514,1.0000418,7.78739e-05,7.508253e-05,4.9952483e-05,1.0000565,0.000111698406,8.6835396e-05,0.0001150049,1.0000509,6.851602e-05,7.423036e-05,8.882765e-05,9.798363e-05,0.0001418975,9.7016265e-05,0.000109994675,7.711038e-05,1.0000513,0.0001190396,9.0151436e-05,6.942307e-05,0.000103005776,0.00011985291,9.735769e-05,8.861578e-05,6.5681386e-05,0.00011650126,9.385142e-05,0.00011453136,9.2488066e-05,0.00011125442,5.13669e-05,0.000106453255,0.00010525494,0.000109342116,0.00010611836,5.4536173e-05,6.218724e-07,0.0001087123,0.00010704078,0.0001014303,0.00011841647,0.00011056155,9.082445e-05,8.879838e-05,6.295404e-05,0.000113746864,9.627643e-05,0.00010359387,0.0001076806,7.9428886e-05,0.000101028614,5.899548e-05,8.6035245e-05,0.00012347773,7.532055e-05,0.0,9.4555515e-05,0.000120256875,7.482239e-05,7.028378e-05,7.402809e-05,0.00010807196,9.246212e-05,0.00010675495,8.4457046e-05,0.0001060688,-1.4864014e-06,9.688228e-05,7.550415e-05,8.235486e-05,0.00013023982,0.00011847889,7.39578e-05,0.00011408985,8.5754386e-05,5.9679347e-05,0.00010261545,1.0000551,0.00012359867,8.7490356e-05,0.0001138456,0.00011247171,0.00011094617,0.00010797504,0.00012839412,8.5619635e-05,6.147396e-05,0.00010478354,1.0000484,0.000104526516,0.00011598895,5.0011946e-05,0.000113505404,-2.4383457e-06,0.00010880146,9.034245e-05,0.00011523459,6.6362605e-05,0.00010058151,0.000117591626,0.00011325927,0.00010944846,0.00012146791,0.00010255455,-2.6618893e-06,0.0001235257,0.00011865591,0.00012568958
0.000522909,1.0001916,0.000362528,0.0003646676,0.00031611603,1.000289,0.0005562606,0.0003958094,0.00019194832,1.0002083,0.00035051527,0.00036258527,0.00040471271,0.00042603826,0.00025997614,0.00042290502,0.00029444083,0.00036786945,1.0002128,0.0002452059,0.00045907285,0.00035284387,0.00044514102,0.0005204435,0.00043197555,0.00040202524,0.00034341105,0.0005120159,0.00041634543,0.00048864423,0.00043146728,0.0005564222,0.0003166787,0.00046805965,0.0004828341,0.0004614558,0.00046614505,0.00032191034,0.00025505037,0.000494683,0.00049771316,0.0005499005,0.00051640667,0.0005225463,0.0004040477,0.0004003911,0.00033533166,0.00049178285,0.0004306882,0.00044999365,0.00047199425,0.00037677723,0.00044276842,0.00033007417,0.00039617237,0.0005937457,0.000364042,0.00046568105,0.0,0.0006172891,0.0003677459,0.00035161723,0.00035731873,0.00046708793,0.00040402173,0.0005521029,0.00039949303,0.00046333557,0.00020242913,0.0004249527,0.00036483296,0.00038605407,0.00033957892,0.0005366648,0.00035987,0.0005136978,0.00039734278,0.00032946203,0.00044913276,1.0002662,0.000210126,0.00039947807,0.0004993169,0.00053013087,0.00032439132,0.0005241696,0.0006142346,0.00039051505,0.00033535127,0.00044677543,1.0002022,0.0004492887,0.0005471237,0.00031561064,0.0005337622,0.00052967353,0.0004849789,0.00040731655,0.00056490005,0.0003468342,0.0004392891,0.00052802486,0.0004866217,0.0005830953,0.00054499967,0.0004547013,0.00024849008,0.000573441,0.00059551,0.00059701706
-0.00090321153,0.9995688,-0.0006583128,-0.00066522043,-0.0006195893,0.999329,-0.0011702187,-0.0007068322,-0.0013198121,0.9995444,-0.000649967,-0.0006633716,-0.00072287855,-0.00074321707,-0.0012801872,-0.00073798816,-0.0011861107,-0.00066584017,0.99953514,-0.0012253594,-0.00082804007,-0.00065152894,-0.00077181496,-0.0008827772,-0.00075917743,-0.0007185862,-0.0006424786,-0.000883795,-0.0007360089,-0.0008341617,-0.0007693869,-0.0009854836,-0.00061780016,-0.00081386545,-0.00085971755,-0.00079602,-0.0008113125,-0.00062048144,-0.0015457453,-0.000865371,-0.0008811599,-0.0009804991,-0.00088431133,-0.0009212485,-0.00070807425,-0.0007094947,-0.000635829,-0.00083872495,-0.0007610267,-0.000782856,-0.00081738434,-0.000678731,-0.00077702105,-0.0006304355,-0.00071266823,-0.0010131666,-0.0006631668,-0.00080244744,-0.00075045746,0.0,-0.0006742445,-0.0006449711,-0.000652532,-0.00080288557,-0.00070797134,-0.000992671,-0.0007207531,-0.0008027257,-0.0013807259,-0.0007429658,-0.00066704926,-0.0006995445,-0.0011549857,-0.0009215811,-0.00065598096,-0.0008849673,-0.00071373495,-0.00062702276,-0.0007806641,0.999383,-0.0012272384,-0.0007131149,-0.0008638184,-0.00093294785,-0.0011567655,-0.00092999544,-0.0010287815,-0.0006952898,-0.0006309367,-0.00076935044,0.9995555,-0.00078170275,-0.0009446101,-0.0006155663,-0.0009332299,-0.0023617807,-0.0008441114,-0.0007199655,-0.0009889213,-0.00064926915,-0.00076755544,-0.00091907143,-0.0008257567,-0.0010510826,-0.0011798744,-0.0007968226,-0.0014957325,-0.0009821866,-0.0010582599,-0.0010368787
0.00054951326,0.9997336,0.00060474785,0.0005570324,0.00016707108,0.9999324,0.000794882,0.0005698416,0.0009229597,0.99975693,0.00048780962,0.00049786567,0.000592261,0.0006698422,0.0009242728,0.00085772254,0.00078544905,0.0007441466,0.9997616,0.00083262636,0.00043166193,0.0005283751,0.0006298831,0.0005312232,0.00064010196,0.0005966255,0.00026854174,0.000537043,0.000816233,0.0005045224,0.0005684374,0.00061263604,0.00018368417,0.00056335476,0.0004522347,0.00069713284,0.0005816308,0.0001785838,0.0011261293,0.00047746333,0.00048097575,0.0005881918,0.00055201416,0.0005409532,0.000861158,0.0007496136,0.00049920555,0.0005434766,0.00049357367,0.0005201365,0.00048195416,0.0008792181,0.00045214145,0.0004558387,0.0005714673,0.00066254096,0.0005201178,0.0005255081,0.00047758114,0.00072782225,0.0,0.00048745555,0.000748568,0.0006006514,0.0008720558,0.00060787774,0.00067968166,0.00045754772,0.0009744819,0.0009844004,0.00066939864,0.00072484417,0.0008014976,0.00057645055,0.00047344307,0.0005192128,0.00081147393,0.00032248444,0.0006722259,0.9998921,0.0008502137,0.0007154451,0.00048453017,0.00055395125,0.0007686917,0.00054596364,0.0007016536,0.0007444697,0.00046192762,0.00059502653,0.9997448,0.00064914225,0.0005859522,0.0002034102,0.000559436,0.0015801874,0.0004703781,0.00058917596,0.0006154309,0.00051239016,0.0003776109,0.00055648055,0.00050475943,0.00066825195,0.0008081577,0.0004308919,0.0010921757,0.00062733423,0.00068698433,0.00067446165
0.00072150846,0.9998224,0.00036709357,0.00037610476,0.0002883147,1.0000606,0.0010208782,0.00044445976,0.0011625044,0.99985474,0.00034875813,0.00037531622,0.00046011576,0.00049841596,0.0011560628,0.0004905816,0.001009096,0.00038501126,0.9998625,0.0010583983,0.0005887981,0.00035248007,0.0005414236,0.0007038849,0.00051501725,0.00045390625,0.00033496498,0.0006940273,0.0004800232,0.0006322947,0.00052006845,0.00080383156,0.00028944697,0.0005960439,0.00063546427,0.000575811,0.0005932109,0.0002980955,0.0013821122,0.0006561257,0.0006736238,0.000781237,0.00070022576,0.00072558335,0.000455632,0.00044428557,0.0003209177,0.0006453279,0.0005145326,0.00055007124,0.00060145045,0.00040545405,0.0005386362,0.0003124879,0.00044291888,0.00085839623,0.00037525364,0.0005863262,0.0005023902,0.00094553956,0.00038407472,0.0,0.00036028895,0.00059145497,0.00045300575,0.00080343586,0.0004512932,0.0005796424,0.0012162658,0.00049929385,0.00037591744,0.00042099674,0.001021568,0.0007439413,0.00036925924,0.000694297,0.0004457904,0.00031101485,0.0005447185,1.0000075,0.0010810617,0.00044545656,0.00066443166,0.0007441469,0.0009871153,0.0007340742,0.00088981114,0.00042859447,0.000319985,0.0005399631,0.99984187,0.0005534259,0.000772041,0.00028952782,0.0007477967,0.0018391644,0.00063095125,0.00046151824,0.0008073077,0.00034430384,0.0005280269,0.00073045905,0.00062473776,0.0008795617,0.0010389026,0.0005641927,0.0013427037,0.00082358834,0.00090162986,0.0008814563
0.0006479404,0.9997852,0.00030163236,0.0003115556,0.00023248311,1.0000149,0.00093421503,0.00038196947,0.001072682,0.9998153,0.00028834515,0.0003123611,0.0003893069,0.00042818187,0.0010670319,0.00041975116,0.0009236591,0.00032501528,0.99982363,0.0009702482,0.0005172746,0.0002913206,0.0004747949,0.0006314864,0.00044401194,0.00038678685,0.0002740758,0.0006223649,0.00041145575,0.00056273944,0.00045324,0.00072687725,0.0002343539,0.0005268396,0.0005627678,0.0005024177,0.0005226671,0.0002407235,0.0012859893,0.0005832507,0.0005982724,0.0007058087,0.0006274371,0.00064943166,0.00039196573,0.00037055422,0.00025515343,0.0005787784,0.00044583803,0.0004810475,0.00052891223,0.00034921826,0.00046614723,0.00024909168,0.00037764595,0.0007814264,0.0003138294,0.0005144939,0.00043253478,0.00086259696,0.00031573552,0.00029084447,0.0,0.0005251584,0.00038837132,0.00072528335,0.00037748963,0.0005078493,0.0011269518,0.00043991595,0.00030647934,0.00035341075,0.00093821756,0.0006689466,0.0003119393,0.00062151504,0.00038225896,0.00025234342,0.0004726875,0.9999654,0.0009962491,0.00037734184,0.0005902574,0.000668286,0.0009038531,0.00065686525,0.0008134182,0.0003641955,0.00026120106,0.00047626352,0.9998034,0.0004846626,0.00069559354,0.00023555389,0.0006714064,0.0017424909,0.0005589515,0.00039638457,0.0007317505,0.0002792581,0.00045536054,0.0006568698,0.00055679504,0.00079871865,0.000953623,0.0004919167,0.0012481178,0.0007482824,0.0008208279,0.0008013413
0.00013670156,1.0000491,9.343189e-05,9.1153255e-05,6.5329645e-05,1.0000675,0.00014214868,0.00010459977,0.0001190441,1.0000594,8.448631e-05,8.975279e-05,0.00010638684,0.00011578052,0.00017087824,0.0001149357,0.00013567858,9.358327e-05,1.0000604,0.00014735601,0.00011140762,8.5570246e-05,0.000122034064,0.00014221095,0.000116040785,0.000105883446,8.196353e-05,0.00013994415,0.00011207762,0.00013451684,0.00011215899,0.00013496687,6.676843e-05,0.00012653953,0.00012633929,0.0001294359,0.00012648705,7.007257e-05,8.845532e-07,0.00013077755,0.0001308293,0.00012657572,0.00014108272,0.0001339611,0.000110158624,0.00010644692,7.870266e-05,0.00013449466,0.00011436484,0.000122040095,0.00012700446,9.6489326e-05,0.00012023889,7.4684256e-05,0.000103273625,0.00014858307,9.196169e-05,0.00012899267,0.00011345909,0.0001496527,9.0703965e-05,8.628778e-05,9.105337e-05,0.0,0.000110628855,0.00013104832,0.00010256902,0.00012604566,-5.275533e-07,0.00011503748,9.1717935e-05,9.994703e-05,0.00016090518,0.00014280011,8.988155e-05,0.00013687456,0.00010283891,7.467366e-05,0.0001222888,1.0000657,0.00015057049,0.00010462956,0.00013440565,0.00013482936,0.00013579578,0.00013169424,0.00015618232,0.000103106875,7.752493e-05,0.00012379239,1.0000569,0.00012394848,0.00014093592,6.495692e-05,0.00013635278,7.4891216e-07,0.00012964186,0.00010797051,0.00014004677,8.244492e-05,0.00011914,0.00013948517,0.0001339353,0.00013310017,0.00014977143,0.00012226586,1.848132e-06,0.00014838563,0.00014309336,0.00014874602
0.00087850913,1.0003237,0.0006083147,0.0006118289,0.0005487169,0.99978966,0.0005021877,0.00066396745,0.00059601123,1.0003462,0.0005931374,0.0006122639,0.00067506154,0.0007051614,0.0006094459,0.0006991423,0.0005020061,0.0006207757,1.0003511,0.000532276,0.000766213,0.0005967981,0.0007390072,0.0008498832,0.0007158309,0.0006716991,0.00058425026,0.000851148,0.0006915102,0.0008062578,0.0007175549,0.00059658365,0.0005499959,0.000776144,0.0007867352,0.0007588021,0.0007713847,0.00055544893,0.0007576264,0.0008196023,0.0008053738,0.0004958555,0.0008602751,0.0008575678,0.0006747837,0.00066364923,0.00057015783,0.0008160485,0.00071504037,0.00074351585,0.0007781243,0.0006340568,0.0007317387,0.0005642049,0.0006648697,0.00054803066,0.0006148057,0.00076780934,0.0007048456,0.0004635708,0.00061762583,0.00059664046,0.0006048085,0.0007763197,0.0,0.00060135324,0.0006666201,0.0007614133,0.000635244,0.0007065812,0.0006142655,0.0006480011,0.00052676746,0.0008946583,0.0006100848,0.00084706757,0.00066639076,0.0005655888,0.0007372436,0.9998552,0.0005433015,0.0006658209,0.00081665104,0.0008511239,0.00049393147,0.0008439393,0.0006068324,0.0006537469,0.0005727966,0.0007376894,1.0003376,0.0007445921,0.0009118935,0.00055251946,0.0008663365,0.0011696226,0.00079834653,0.00067912176,0.0005920788,0.00058688043,0.0007218906,0.0008728962,0.0008011803,0.00042514276,0.00051228085,0.0007501072,0.00073037273,0.0005896487,0.00047302287,0.0005756734
-0.0006004654,0.9997016,-0.0004353692,-0.00044107283,-0.00041817117,0.99953276,-0.0007992126,-0.00046880468,-0.00090677326,0.9996877,-0.00043171542,-0.00044041392,-0.00047901183,-0.00049069285,-0.0008817922,-0.00048769312,-0.0008073549,-0.00044129216,0.99968165,-0.00083743857,-0.00055323646,-0.00043362592,-0.000509428,-0.00058814033,-0.0005015497,-0.00047590202,-0.0004285769,-0.00058545155,-0.00048598181,-0.0005524352,-0.000511338,-0.0006583536,-0.00041625494,-0.0005380512,-0.00056857005,-0.00052470714,-0.00053620926,-0.00041709415,-0.0011172014,-0.00057586044,-0.0005869795,-0.0006597432,-0.0005839883,-0.0006129931,-0.00046982156,-0.0004707285,-0.00042452503,-0.0005556407,-0.0005043679,-0.0005163594,-0.00054122123,-0.0004513251,-0.0005140825,-0.0004229233,-0.00047243,-0.0006776374,-0.00043930236,-0.00052886305,-0.000497332,-0.0007390588,-0.00044864474,-0.0004301411,-0.00043318162,-0.0005318502,-0.0004670917,0.0,-0.00047915944,-0.00053108315,-0.00095614983,-0.00049104966,-0.00044241486,-0.0004655943,-0.00078366784,-0.0006120522,-0.0004354916,-0.0005878854,-0.0004730019,-0.00042047282,-0.0005167034,0.9995727,-0.0008392679,-0.00047323963,-0.0005727635,-0.0006223129,-0.00078597496,-0.00062005816,-0.0006911983,-0.0004613551,-0.00042223325,-0.000506314,0.9996952,-0.000516092,-0.00063322927,-0.0004155691,-0.00062332983,-0.0017964375,-0.0005590881,-0.00047607947,-0.0006590603,-0.00043219115,-0.00050626695,-0.00060947874,-0.0005452609,-0.0007097183,-0.0008016848,-0.0005264394,-0.001037407,-0.0006532706,-0.0007155023,-0.00069734
0.0008051972,1.0002961,0.000558227,0.0005638588,0.0005023514,0.9997593,0.00043989083,0.00060992554,0.00051635836,1.0003177,0.00054473453,0.00056295056,0.0006206459,0.0006503201,0.000529548,0.00064501044,0.0004337858,0.0005689788,1.000323,0.0004596946,0.0007084177,0.00054756313,0.000679751,0.00078987656,0.00065945566,0.0006178278,0.0005350701,0.00078452204,0.00063673314,0.00074219797,0.00066232594,0.0008858576,0.0005029848,0.0007174931,0.0007332445,0.0006984513,0.00071510277,0.00050869613,0.0006643941,0.00075311546,0.0007457066,0.0004866773,0.00078895583,0.00079977425,0.00061950716,0.00061264803,0.0005233264,0.0007542969,0.00065815606,0.0006847869,0.0007177708,0.00058359274,0.00067535747,0.000518623,0.00060907996,0.00055213954,0.000563629,0.00070884766,0.0006509439,0.00040710132,0.0005689841,0.00054698356,0.0005532872,0.00071271067,0.0006187884,0.00086403626,0.0,0.000703107,0.0005530889,0.0006503841,0.00056491775,0.0005945631,0.00046299872,0.0008302837,0.00055954745,0.000783255,0.0006124098,0.0005182754,0.00068053347,1.0000198,0.0004714067,0.0006130446,0.00075883843,0.00080594013,0.00042904224,0.0007989347,0.00056955335,0.0006008679,0.0005263793,0.0006796636,1.0003093,0.00068548165,0.0008421843,0.0005050585,0.0008141191,0.0010532201,0.0007383141,0.00062470033,0.0009052635,0.00053999195,0.0006683346,0.00080690486,0.0007400089,0.00038336343,0.0004496708,0.0006902955,0.0006405371,0.00054784934,0.00048452997,0.00058826496
0.00013018247,1.0000473,8.842226e-05,8.671019e-05,6.0868126e-05,1.0000647,0.0001344354,9.911941e-05,0.00011021136,1.0000577,8.047202e-05,8.528875e-05,0.00010122004,0.00011075483,0.00016978895,0.00010945943,0.00013030227,8.8763954e-05,1.0000582,0.0001407391,0.00010567058,8.102323e-05,0.00011652821,0.00013495435,0.00011034872,0.00010093223,7.6970835e-05,0.00013038325,0.000106480795,0.00012785311,0.000105950545,0.00012623006,6.237322e-05,0.00012016098,0.000119655255,0.0001227658,0.00012019404,6.586185e-05,-4.744272e-06,0.00012416263,0.000123867,0.00012033662,0.00013407816,0.00012593978,0.00010412635,0.00010133887,7.423372e-05,0.00012807654,0.00010941227,0.000116916155,0.00012147257,9.155245e-05,0.00011444063,7.02803e-05,9.7967415e-05,0.00013926894,8.754471e-05,0.0001233783,0.000109057044,0.00013993072,8.645367e-05,8.150069e-05,8.590237e-05,0.00012268565,0.00010490062,0.00012390448,9.7303215e-05,0.0,-3.189679e-06,0.00010963454,8.744246e-05,9.416432e-05,0.00015243665,0.00013508719,8.5286985e-05,0.0001293144,9.775595e-05,7.048133e-05,0.000117424,1.0000628,0.00014476449,9.948487e-05,0.00012827593,0.00012817011,0.00013066069,0.00012513238,0.00014674946,9.72999e-05,7.3765885e-05,0.000118078104,1.0000544,0.00011681403,0.00013226325,6.0713937e-05,0.00012913742,9.4758866e-07,0.00012341276,0.00010349713,0.00013227655,7.779021e-05,0.00011357491,0.00013155959,0.00012788012,0.00012657941,0.00013917142,0.0001156265,-1.4077556e-06,0.00013938677,0.00013683448,0.00014171857
-0.0013784883,0.9993353,-0.0010339692,-0.0010424893,-0.00096144155,0.99898636,-0.0017128,-0.0011028413,-0.0018899108,0.9992899,-0.0010175391,-0.0010392258,-0.0011254335,-0.0011586292,-0.0018478604,-0.0011528429,-0.0017222401,-0.0010432905,0.9992781,-0.0017671149,-0.0012817499,-0.0010217533,-0.0012012721,-0.0013566086,-0.0011809578,-0.0011188837,-0.0010066933,-0.0013557826,-0.0011455982,-0.001291667,-0.001188888,-0.001478092,-0.0009602285,-0.0012583064,-0.0013213662,-0.0012381172,-0.0012538452,-0.0009658638,-0.0021619531,-0.0013300527,-0.001354513,-0.0014762977,-0.0013550837,-0.001395626,-0.0011082898,-0.0011084119,-0.0009947146,-0.0012973226,-0.0011838314,-0.0012144553,-0.0012640483,-0.0010606617,-0.0012074123,-0.000985003,-0.001109743,-0.0015185464,-0.0010373346,-0.0012439432,-0.0011669765,-0.0016236572,-0.0010563637,-0.0010116614,-0.0010221163,-0.0012437511,-0.0011071244,-0.0014906777,-0.0011217529,-0.0012447519,0.0,-0.0011588801,-0.0010444641,-0.0010932649,-0.001694515,-0.001404455,-0.0010284386,-0.0013531359,-0.0011105682,-0.0009771186,-0.0012119494,0.99906194,-0.0017779698,-0.0011134372,-0.001328928,-0.0014174875,-0.0016918796,-0.0014130127,-0.0015405479,-0.0010861363,-0.0009853445,-0.0011981507,0.99930984,-0.0012145035,-0.0014384405,-0.0009550445,-0.0014190242,-0.003060344,-0.0013027012,-0.0011237315,-0.0014837608,-0.0010162718,-0.0011918389,-0.0014019775,-0.0012755614,-0.0015640146,-0.0017295168,-0.0012355339,-0.00208833,-0.0014832348,-0.0015795024,-0.001551067
0.0005740812,1.0002098,0.00039901663,0.00040126883,0.0003491342,1.0003219,0.00041359334,0.00043565236,0.00024620607,1.0002288,0.00038557555,0.0003991601,0.00044473147,0.00046632835,0.0002914512,0.0004625542,0.00030438244,0.00040476298,1.0002316,0.00025734393,0.00050294417,0.00038789844,0.0004885916,0.00056958245,0.00047347642,0.00044113168,0.0003784076,0.00056298287,0.00045712347,0.0005353159,0.00047270028,0.0006098035,0.00035013288,0.00051319203,0.00052920147,0.00050612376,0.00051088596,0.00035515125,0.00033085092,0.000542598,0.00054683967,0.0006040008,0.00056673144,0.0005727983,0.0004434213,0.00043847333,0.00037038387,0.00053929095,0.00047207906,0.00049258675,0.0005167153,0.00041398668,0.00048646316,0.00036435004,0.0004359154,0.0006498565,0.00040025834,0.00051064277,0.00046697105,0.0006642394,0.00040461746,0.00038711878,0.00039340166,0.0005123684,0.00044310273,0.0006052904,0.0004384697,0.0005066923,0.0002609887,0.0,0.0004009635,0.00042407084,0.0003868786,0.00058813614,0.00039605744,0.0005628182,0.0004364246,0.00036448863,0.0004914986,1.0002939,0.0002405295,0.00043782569,0.0005478312,0.0005818265,0.00037463845,0.0005747094,0.0006754498,0.00042868292,0.0003689278,0.0004890067,1.0002217,0.0004934297,0.0005989788,0.0003490938,0.0005835006,0.0006354603,0.0005318642,0.00044632817,0.0006201553,0.0003814797,0.00048192736,0.0005794048,0.00053218985,0.0006336913,0.00042649376,0.0004981892,0.00032071158,0.0006302866,0.00064778846,0.0006497353
0.00056673144,0.9997342,0.0005444417,0.0005365498,0.00016478566,0.9999509,0.00082525774,0.000514917,0.00095621706,0.9997623,0.00020976592,0.00027395893,0.00028327096,0.0006482269,0.00095497724,0.00071308395,0.00081555604,0.0005073469,0.99976677,0.0008619588,0.00044407425,0.00018817255,0.00046448392,0.0005433751,0.00034955738,0.00041932127,0.000189014,0.0005394527,0.0006726701,0.000492096,0.0003811813,0.00063442806,0.00016988594,0.00047487894,0.0004719032,0.00040057168,0.00046872746,0.00016835256,0.0011623444,0.0004960936,0.0005047218,0.00061112817,0.00055272586,0.0005588838,0.0006457356,0.00065203285,0.00049388286,0.0005229994,0.00036909,0.00042248765,0.0004545034,0.0006347107,0.0003691321,0.0001631148,0.00032207134,0.00068292633,0.00031537306,0.0004423891,0.00034404136,0.00075705576,0.00021978811,0.00028870642,0.0005328322,0.00047606495,0.0006449255,0.0006300717,0.00061443343,0.00042673902,0.0010066836,0.00062059925,0.0,0.0005969371,0.00083025685,0.0005887137,0.00034599283,0.000534381,0.00061807205,0.00018364243,0.0003730597,0.99990755,0.0008804404,0.0006065007,0.000498197,0.00057684525,0.000796635,0.0005661468,0.00072326174,0.00058837165,0.0002144185,0.0004742106,0.9997484,0.00040295674,0.00060730526,0.00018722287,0.00057733286,0.0016149827,0.00047662875,0.0005075226,0.0006368107,0.0005094941,0.00035482613,0.0005692901,0.0004895806,0.0006934912,0.00084015226,0.00040713878,0.001123441,0.00065089914,0.00071615406,0.000699683
0.0006290967,1.0003704,0.00067898614,0.00068915664,0.0006229693,0.9998322,0.00060575025,0.0007471639,0.00071366713,1.0003968,0.0006680753,0.0006905171,0.0007525241,0.0007897868,0.00071865786,0.00078351365,0.0005988703,0.00070065,1.0003996,0.0006338189,0.0008665459,0.0006709936,0.0008286036,0.00094101,0.0007998078,0.0007536435,0.0006550379,0.0006215607,0.0007736415,0.00091960345,0.0008014277,0.00054484874,0.0006245888,0.0008728678,0.00066485076,0.0008442402,0.00086968386,0.00062611984,0.0008951431,0.0005918009,0.0006091516,0.00045966593,0.0009903652,0.0006273581,0.0007549667,0.0007421994,0.0006350562,0.0009275642,0.00079832517,0.00083084585,0.0008668993,0.00071652135,0.0008127888,0.0006376759,0.00074137107,0.0005261941,0.0006901431,0.0008581325,0.00078800955,0.000552595,0.00068921235,0.0006739662,0.0006788106,0.0008704491,0.0007555199,0.0004908177,0.00074436184,0.0008478259,0.0007577144,0.0007939256,0.0006861518,0.0,0.00062109256,0.0006304256,0.0006899106,0.0006155615,0.00074647594,0.0006406408,0.000814014,0.99981135,0.0006529914,0.00074599363,0.0008148577,0.0005491881,0.0005838785,0.00058321387,0.0005803485,0.000732939,0.00064626115,0.0008310422,1.0003836,0.00083132787,0.0006067337,0.00063691137,0.0006111026,0.0013255754,0.0008795296,0.0007607722,0.0005024554,0.000657835,0.00080055406,0.0006332288,0.0009060188,0.0004988207,0.0006209225,0.00083273684,0.0008635448,0.0004986501,0.0005285392,0.00052336516
-0.0010368095,0.9995075,-0.0007618524,-0.0007693446,-0.00071381533,0.9992384,-0.0013270461,-0.000816613,-0.0014862423,0.9994771,-0.00075075385,-0.0007666288,-0.0008338197,-0.00085886416,-0.0014471626,-0.00085317565,-0.0013375508,-0.00076939503,0.9994678,-0.0013820407,-0.00095479103,-0.00075310573,-0.0008907741,-0.0010166388,-0.0008761078,-0.0008293129,-0.0007421367,-0.0010152548,-0.0008486563,-0.00096290064,-0.00088450045,-0.0011219294,-0.0007117053,-0.00093603064,-0.0009896507,-0.00091901247,-0.00093459507,-0.00071635796,-0.0017218661,-0.000997018,-0.0010148715,-0.0011213383,-0.0010170611,-0.0010537836,-0.00081919756,-0.0008203038,-0.00073409925,-0.0009659742,-0.00087862276,-0.0009022492,-0.00094025617,-0.0007845134,-0.0008967517,-0.0007281814,-0.00082125864,-0.00115582,-0.00076547684,-0.0009257201,-0.0008669149,-0.0012453784,-0.00077867974,-0.0007457482,-0.0007540521,-0.0009265794,-0.00081850705,-0.0011329789,-0.00083163823,-0.0009237781,-0.0015511618,-0.0008584926,-0.0007710834,-0.000807702,0.0,-0.0010579302,-0.0007577203,-0.0010184086,-0.0008230249,-0.0007237547,-0.0009006813,0.99930066,-0.0013881221,-0.0008241181,-0.000994525,-0.0010694237,-0.0013103811,-0.0010652193,-0.0011747136,-0.00080328877,-0.0007277945,-0.00088835217,0.9994905,-0.00090137054,-0.0010835547,-0.000708382,-0.0010709311,-0.0025835116,-0.00097146654,-0.00083134475,-0.0011268276,-0.0007498718,-0.0008854985,-0.0010531894,-0.0009506575,-0.0011997825,-0.0013395882,-0.0009170244,-0.0016770541,-0.0011233698,-0.0012077267,-0.0011848952
-0.00037369202,0.9997985,-0.00027299512,-0.00027609154,-0.0002689959,0.99968165,-0.0005089338,-0.00029361452,-0.0005854296,0.9997904,-0.00027293654,-0.00027591642,-0.0003004805,-0.00030527383,-0.00055865967,-0.0003032101,-0.000517128,-0.00027572655,0.9997876,-0.0005360609,-0.00034939914,-0.00027338273,-0.0003155513,-0.00036227435,-0.000312065,-0.00029795148,-0.00027112843,-0.00035983103,-0.00030323872,-0.0003416791,-0.00031930665,-0.0004120866,-0.00026667252,-0.000333904,-0.00035391384,-0.0003242334,-0.0003322909,-0.0002671814,-0.00090402184,-0.00035614063,-0.00036482542,-0.00041913884,-0.00036032102,-0.00038203207,-0.00029179492,-0.00029377357,-0.00026985863,-0.00034327497,-0.00031558741,-0.0003210056,-0.0003355299,-0.0002816716,-0.0003194334,-0.00026882946,-0.0002962019,-0.0004222504,-0.00027468122,-0.00032621957,-0.00030991665,-0.00046207788,-0.00028263225,-0.00027076603,-0.00027016585,-0.00032806193,-0.0002909535,-0.0004183884,-0.0002992555,-0.00032849156,-0.0006097917,-0.00030520378,-0.00027709053,-0.00029028504,-0.0004905463,0.0,-0.0002729552,-0.00036383545,-0.0002971517,-0.000267159,-0.00031930144,0.9997091,-0.00053045084,-0.00029645071,-0.00035465657,-0.0003889293,-0.0005028937,-0.0003866781,-0.00042877218,-0.00028834253,-0.0002664981,-0.00031344467,0.9997959,-0.00031926474,-0.00039337453,-0.00026782,-0.00038789673,-0.0012637775,-0.00034495338,-0.00029841045,-0.00041098412,-0.00027412613,-0.00031465146,-0.0003787333,-0.0003362641,-0.000447689,-0.00050490233,-0.00032737388,-0.0006748865,-0.00040459703,-0.0004449492,-0.0004345354
0.0006265162,0.99977523,0.00028778712,0.00029734467,0.00021781733,0.9999991,0.0009151655,0.00036514102,0.0010501025,0.9998059,0.00027328596,0.0003002603,0.00037509462,0.00041284598,0.0010437834,0.00040455456,0.0009040001,0.00031053167,0.9998122,0.0009489124,0.0005026548,0.00027763675,0.00045684213,0.000609879,0.00042886598,0.000372601,0.00026047518,0.00060300884,0.00039492577,0.00054512516,0.0004316271,0.00070128083,0.00021842943,0.00050961797,0.00054634537,0.00048520116,0.0005074886,0.0002247111,0.0012627367,0.00056410185,0.0005781696,0.00068416056,0.0006066532,0.0006293612,0.00037229122,0.0003549009,0.0002431595,0.0005586193,0.00042877079,0.00046427653,0.0005115563,0.00033330783,0.00045052386,0.000238594,0.00036139338,0.00075971836,0.0002993661,0.000495892,0.00041577936,0.00084242545,0.00030288674,0.0002777138,0.0002868949,0.0005048255,0.00037331847,0.0007042291,0.0003626289,0.0004887507,0.0011026548,0.00041924737,0.00029438885,0.00033815295,0.0009165247,0.00064853276,0.0,0.00060345774,0.000365547,0.00024125748,0.00045322694,0.99995047,0.0009722499,0.00036265468,0.0005715395,0.0006482019,0.0008823115,0.0006372173,0.000790205,0.00034554157,0.0002451682,0.00045787034,0.9997929,0.00046616432,0.000674572,0.00022240127,0.00065073796,0.0017229911,0.0005409787,0.00037980644,0.00070981355,0.00026485752,0.00043952756,0.00063609984,0.00053817936,0.00077722204,0.0009282671,0.00047450443,0.0012259114,0.0007246158,0.0007965034,0.0007803774
-0.00021809812,0.9998688,-0.0001614151,-0.00016500562,-0.00016653533,0.9997883,-0.00030097115,-0.00017524172,-0.00035347982,0.9998664,-0.00016351411,-0.00016482042,-0.00017634282,-0.0001786035,-0.0003228076,-0.00017688703,-0.0003085039,-0.00016430687,0.9998644,-0.0003199615,-0.00020743247,-0.0001652162,-0.00018482968,-0.00021059914,-0.00018429798,-0.00017487603,-0.0001641728,-0.00021086767,-0.0001785447,-0.00019825263,-0.0001867624,-0.00024580717,-0.0001647867,-0.00019525284,-0.00020864706,-0.000187729,-0.00019458702,-0.00016436238,-0.0006490787,-0.00020794985,-0.00021552108,-0.00024676236,-0.00020931617,-0.00022201949,-0.00017250479,-0.00017340286,-0.00016329945,-0.00019962584,-0.00018491216,-0.00018702236,-0.00019547387,-0.00016783694,-0.00018739558,-0.00016409434,-0.00017503534,-0.00024762494,-0.00016381411,-0.00018978879,-0.00018179865,-0.0002701799,-0.00016954394,-0.00016344654,-0.00016178543,-0.00019098855,-0.00017078187,-0.00024844063,-0.00017896296,-0.00019216181,-0.00036475883,-0.0001792158,-0.00016625035,-0.00017401711,-0.00029084302,-0.00022095462,-0.00016358553,0.0,-0.00017480303,-0.00016273823,-0.00018490775,0.99981064,-0.00031438484,-0.00017439002,-0.00020517399,-0.00022553635,-0.00030119953,-0.0002285792,-0.0002511483,-0.00017141366,-0.00016326427,-0.00018173055,0.9998693,-0.00018650513,-0.00022860082,-0.00016615227,-0.00022511133,-0.00084541505,-0.00020060276,-0.00017605926,-0.00024295136,-0.00016496245,-0.0001839903,-0.00022179363,-0.00019366248,-0.00026235922,-0.0002988107,-0.0001927775,-0.0004640087,-0.00023785322,-0.00026189446,-0.0002491666
0.0008716061,1.0003228,0.00060343975,0.0006104061,0.0005448217,0.9997885,0.0004981946,0.00066018983,0.0005901905,1.0003438,0.000589825,0.00060880836,0.0006712963,0.000700696,0.00060091756,0.0006954413,0.00049493724,0.0006161353,1.0003501,0.0005278104,0.00076417293,0.00059283467,0.0007343183,0.0008488805,0.0007117402,0.00066722854,0.0005795581,0.00084487424,0.0006880162,0.0008022194,0.0007144178,0.0009642889,0.0005461327,0.0007722668,0.0007809958,0.0007524769,0.00076790067,0.0005516353,0.00075079384,0.00081066013,0.00079988514,0.0005005507,0.0008510029,0.0008567246,0.0006701637,0.00066154526,0.0005663545,0.0008130636,0.00071063876,0.00073936075,0.00077284826,0.000631262,0.0007276512,0.0005610065,0.0006595238,0.00056616886,0.00061034056,0.00076371746,0.0007014194,0.0004606082,0.00061431073,0.0005916892,0.00059962325,0.0007688586,0.0006686803,0.0008264174,0.0006630612,0.00075700023,0.00063037965,0.0007027287,0.00060983194,0.0006424477,0.0005191355,0.0008918178,0.00060575875,0.0008446445,0.0,0.00056159135,0.0007343934,0.9998694,0.00053779286,0.00066193304,0.0008101891,0.00085731887,0.00048953906,0.0008529384,0.00061249663,0.0006487924,0.00056883413,0.00073496444,1.0003357,0.0007388978,0.0009099244,0.00054983963,0.00086398894,0.0011557657,0.0007941651,0.0006750539,0.0005950822,0.00058446865,0.00071982655,0.0008688644,0.00079728913,0.00042464145,0.0005094354,0.00074630533,0.000722895,0.00059867784,0.00047672054,0.0006045734
0.00093603204,0.9999254,0.0005468808,0.00055406854,0.0004582173,1.0001976,0.001265328,0.0006291685,0.0014101285,0.9999611,0.0005223054,0.0005525862,0.0006528606,0.0006906327,0.0014001054,0.0006833093,0.0012487968,0.0005607359,0.9999708,0.0013014213,0.00079187436,0.00052830525,0.0007358648,0.00092073256,0.0007112435,0.0006423004,0.0005092039,0.00090783107,0.00067330804,0.0008361553,0.0007179079,0.0010257445,0.00045898944,0.0007987922,0.00084600365,0.00078077003,0.00079492806,0.00046706505,0.0016371544,0.0008646557,0.0008876065,0.0010019715,0.0009151183,0.0009444411,0.0006425975,0.00063580455,0.000497085,0.0008512996,0.0007121721,0.00074974296,0.00080804835,0.0005826062,0.0007399189,0.0004857352,0.00063058274,0.001086791,0.0005524912,0.0007890192,0.00069563935,0.0011823117,0.0005660135,0.0005240688,0.00053656724,0.0007938418,0.0006382127,0.0010294818,0.0006430097,0.00078312913,0.0014676481,0.0006890362,0.00055592426,0.00060679653,0.0012601209,0.0009602523,0.0005424447,0.0009093864,0.000633674,0.0,0.00074618385,1.000135,0.0013274691,0.000634481,0.0008771542,0.00096457376,0.0012264524,0.000953373,0.0011173274,0.00061226584,0.0004891834,0.0007326895,0.9999476,0.00075550185,0.0009923059,0.00045508606,0.00096897956,0.0020905973,0.0008372939,0.0006517089,0.0010310108,0.00052096474,0.00072919606,0.0009472008,0.0008299096,0.001111715,0.0012813607,0.0007659507,0.0015960055,0.0010485266,0.0011333465,0.0011115874
0.00028266772,1.0001026,0.00019236485,0.00019350766,0.00015832156,1.000148,0.00034037937,0.00021355046,3.370131e-05,1.0001137,0.00018331625,0.00019177818,0.0002185723,0.0002323007,7.485453e-05,0.00023046156,0.00035525128,0.00019532358,1.0001177,0.00036992895,0.00024298881,0.00018527242,0.00024322691,0.00028791986,0.00023401443,0.0002157913,0.0001791852,0.00027926787,0.0002279264,0.00026692124,0.00023671669,0.00030035537,0.00015930051,0.0002548753,0.00026087393,0.000254055,0.00025401104,0.0001639357,2.4040592e-06,0.00026706856,0.00026946876,0.0002859508,0.0002826533,0.0002841107,0.00021975982,0.00021651894,0.00017337491,0.00026969166,0.00023502645,0.0002450448,0.00025834088,0.00020135682,0.00024129068,0.00016943562,0.00021193565,0.00031950162,0.00019356415,0.0002556189,0.00023136783,0.00032710226,0.0001951812,0.00018449506,0.00018990871,0.00025554304,0.00022007467,0.00029008486,0.00021379605,0.00025306063,1.6667058e-06,0.0002309563,0.00019410842,0.00020627219,0.00036126247,0.00029140618,0.00018973106,0.00028020577,0.00021379384,0.00016857375,0.0,1.0001433,0.0003731667,0.00021520272,0.00027135553,0.0002849579,0.0003399997,0.00028145907,0.00032862197,0.00021011468,0.00017391193,0.00024426536,1.0001112,0.00024568598,0.00029599245,0.00015797302,0.00028829026,-8.6586823e-07,0.00026443158,0.0002202251,0.00030342498,0.00018088946,0.00023987051,0.00028720632,0.0002669761,0.0003070048,0.00034136756,0.0002479922,2.9809755e-06,0.00030856574,0.00031903028,0.00032401053
-0.0019153258,0.99878556,-0.0017534236,-0.0017737899,-0.0016928744,0.9984244,-0.002046158,-0.0017965301,-0.0021572125,0.9987234,-0.0017613873,-0.001739085,-0.0017877736,-0.001855039,-0.0021056926,-0.0018304962,-0.0020870848,-0.0017508605,0.9987282,-0.0020633587,-0.0019209915,-0.0017466876,-0.0018844001,-0.0019313311,-0.0018482867,-0.0018180417,-0.0017571348,-0.0019313808,-0.0018392227,-0.0019283624,-0.0018549691,-0.001971213,-0.0016941519,-0.0018752788,-0.0019547574,-0.0018753259,-0.0018690377,-0.0017106587,-0.0021550476,-0.0019771603,-0.0019469925,-0.0020087918,-0.0019269169,-0.0019567083,-0.0018081153,-0.0017988482,-0.0016985019,-0.001909102,-0.0018286096,-0.0018819803,-0.0018611394,-0.0017688125,-0.001848398,-0.0016937755,-0.001825001,-0.002006285,-0.0017665261,-0.001875949,-0.0018452794,-0.002021547,-0.0017499704,-0.0017261971,-0.0017595171,-0.0018748937,-0.0018364472,-0.0019553346,-0.0017851082,-0.0018610186,-0.0021394033,-0.001854365,-0.0017415367,-0.001809941,-0.0020786822,-0.0019695628,-0.0017482231,-0.0019458373,-0.001795268,-0.0016975335,-0.0018913257,0.0,-0.0020986584,-0.0018241317,-0.0018951726,-0.0019560494,-0.0020492983,-0.0019766006,-0.0019945686,-0.0017874943,-0.0017280065,-0.00190959,0.9987522,-0.0018563942,-0.0019699603,-0.0017036007,-0.0019346192,-0.0021851182,-0.0019321515,-0.001814812,-0.0020285458,-0.0017172005,-0.0018537553,-0.001979435,-0.0019035832,-0.0019973586,-0.002040377,-0.0018845348,-0.0021465132,-0.0019959891,-0.002022053,-0.0020208026
-0.0011711187,0.9994427,-0.0008662227,-0.0008737704,-0.0008098042,0.9991432,-0.0014807014,-0.0009269382,-0.0016458457,0.9994082,-0.0008527115,-0.0008712444,-0.00094596256,-0.00097493007,-0.0016088675,-0.00096837484,-0.0014884762,-0.0008748926,0.9993957,-0.0015394625,-0.0010793494,-0.000855419,-0.001010683,-0.0011482778,-0.0009942808,-0.00094154465,-0.0008428704,-0.0011478263,-0.0009635621,-0.0010898369,-0.0010029137,-0.0012620707,-0.0008079917,-0.0010610083,-0.0011185575,-0.0010418897,-0.0010590084,-0.0008125875,-0.0019099318,-0.0011268982,-0.0011466644,-0.0012588366,-0.0011497632,-0.00118793,-0.00093020464,-0.00093108305,-0.000833873,-0.0010944925,-0.0009966122,-0.0010230213,-0.0010670563,-0.0008905824,-0.0010168054,-0.0008255298,-0.0009340915,-0.0013003256,-0.00087028806,-0.0010493443,-0.0009833685,-0.0013943729,-0.0008861865,-0.0008473897,-0.0008576363,-0.001050729,-0.00092955417,-0.001274709,-0.0009433071,-0.0010494343,-0.0017156252,-0.00097367587,-0.0008756634,-0.0009167056,-0.0014645075,-0.0011951753,-0.00086218084,-0.0011502766,-0.00093459454,-0.00082079176,-0.0010215709,0.99921113,0.0,-0.0009357155,-0.0011250157,-0.0012063138,-0.0014621437,-0.0012023884,-0.0013203418,-0.00091250153,-0.0008270061,-0.0010078318,0.9994236,-0.001022243,-0.0012238782,-0.0008026988,-0.0012080601,-0.002777675,-0.0010996409,-0.00094408443,-0.0012674618,-0.0008516228,-0.0010047684,-0.001188311,-0.001077346,-0.0013454381,-0.0014951522,-0.0010410033,-0.0018414424,-0.0012648259,-0.0013576647,-0.0013280114
0.0008553454,1.0003144,0.00059253135,0.0005967301,0.00053304917,0.9997821,0.00048399298,0.0006479025,0.00057001674,1.0003374,0.0005772464,0.00059603323,0.00065797265,0.0006873864,0.00058286404,0.00068197114,0.00048102558,0.0006039084,1.0003427,0.0005108148,0.00074906123,0.000580589,0.0007186354,0.0008337213,0.0006977255,0.00065446395,0.00056729966,0.0008309856,0.00067426736,0.00078732625,0.00069980096,0.0009373184,0.00053433434,0.00075729954,0.0007696139,0.0007406349,0.00075401197,0.00053976895,0.0007256099,0.00079681625,0.0007870258,0.00051653566,0.0008361488,0.0008435577,0.0006565848,0.00064753165,0.0005550823,0.0007967008,0.0006972506,0.00072584604,0.00075883616,0.00061790633,0.0007145988,0.00054957357,0.0006470377,0.00058317644,0.0005971965,0.00074972695,0.00068789313,0.0004459577,0.0006030184,0.00057922205,0.00058697147,0.00075537234,0.00065512647,0.0008960542,0.0006497202,0.0007434486,0.0006098914,0.00068909576,0.00059770915,0.0006304559,0.0005078459,0.0008734754,0.0005937981,0.0008267516,0.0006487809,0.0005499157,0.00071925594,0.99995995,0.0005188763,0.0,0.00079760514,0.00084693875,0.00047375972,0.0008379704,0.00060826977,0.0006362312,0.00055627164,0.00072044495,1.0003285,0.0007256997,0.0008889232,0.00053715246,0.0008528888,0.0011271018,0.0007805484,0.00066134415,0.00058419676,0.0005721543,0.0007063631,0.00085324066,0.00078137266,0.00041920863,0.0004936956,0.00073083024,0.00070119934,0.0005894201,0.000490541,0.00061489077
-0.0001351285,0.9999074,-0.00010050673,-0.00010530861,-0.000109853485,0.99985087,-0.00018936534,-0.0001076597,-0.00021980843,0.99990827,-0.000105048646,-0.0001048324,-0.00011073047,-0.00011003406,-0.00020208358,-0.000109361616,-0.00019678623,-0.00010343168,0.9999071,-0.00020053129,-0.00013282585,-0.000104752784,-0.0001128116,-0.00012953144,-0.0001146009,-0.0001084782,-0.000106268584,-0.00012569033,-0.000111688416,-0.000118414064,-0.00011868796,-0.00015137116,-0.00010814925,-0.00012012455,-0.00012775669,-0.000113686605,-0.00011939633,-0.000107547254,-0.0005791294,-0.0001275772,-0.00013180432,-0.00015584279,-0.00012809441,-0.00013670724,-0.000107867614,-0.00010848829,-0.0001040297,-0.00012149382,-0.000115953655,-0.0001143218,-0.00012020652,-0.00010575432,-0.00011533688,-0.000106831336,-0.00010976628,-0.00015357358,-0.00010418512,-0.00011413191,-0.00011422025,-0.00016694106,-0.000108929446,-0.000102886646,-0.000102891885,-0.000117094,-0.00010546403,-0.0001540893,-0.00011320615,-0.00011751073,-0.00022603277,-0.000110176865,-0.00010567134,-0.000108969536,-0.00018203272,-0.00013373481,-0.000103881626,-0.00013000912,-0.00011049156,-0.00010629668,-0.00011535972,0.9998636,-0.00019368548,-0.00010898761,0.0,-0.00013944694,-0.00018760387,-0.00014156834,-0.00015482261,-0.000106192776,-0.000105597515,-0.00011185362,0.99990904,-0.0001140969,-0.00014061535,-0.00010941956,-0.00013846089,-0.0005918996,-0.00012317074,-0.00011002962,-0.00014744228,-0.000106374755,-0.000112638234,-0.00013402912,-0.000118402815,-0.00016452897,-0.00018135781,-0.00011899883,-0.0004223911,-0.00014390072,-0.00015968419,-0.00015177648
-0.00039297898,0.9997917,-0.00028770807,-0.00029208098,-0.00028338545,0.99966866,-0.0005314939,-0.00030943172,-0.0006099239,0.99978435,-0.00028667113,-0.0002917358,-0.0003151524,-0.000320632,-0.000583834,-0.00031868275,-0.00054065045,-0.0002919247,0.99978054,-0.0005617411,-0.00036377896,-0.00028734183,-0.00033325594,-0.00038274276,-0.0003289116,-0.00031338347,-0.00028554525,-0.00038584735,-0.00031887688,-0.00036003685,-0.00033613716,-0.00043433098,-0.00028182365,-0.00035150157,-0.00037274158,-0.00034204024,-0.00035054574,-0.0002803742,-0.0009289172,-0.00037707994,-0.00038430895,-0.00043611057,-0.00038398698,-0.00040335517,-0.00030775685,-0.00030883346,-0.00028358202,-0.00036159824,-0.0003307663,-0.0003369793,-0.0003522611,-0.00029840803,-0.00033628175,-0.0002824125,-0.0003124101,-0.00044442483,-0.00028987686,-0.00034469334,-0.00032560632,-0.00048872986,-0.0002972991,-0.0002843581,-0.00028650378,-0.00034654196,-0.00030623673,-0.00044115115,-0.00031670035,-0.00034678954,-0.0006487815,-0.0003207704,-0.00029277586,-0.0003081217,-0.0005211941,-0.00040093754,-0.00028871628,-0.00038260466,-0.00031225546,-0.00028076174,-0.0003359607,0.9997014,-0.0005593601,-0.00031143645,-0.0003753721,0.0,-0.00052501686,-0.00040919334,-0.0004533808,-0.00030357612,-0.00028251464,-0.0003322277,0.99978876,-0.0003372374,-0.00041517595,-0.00028072664,-0.00040859325,-0.0013255212,-0.00036573494,-0.00031279156,-0.00043432173,-0.00028728953,-0.00033168966,-0.00039942132,-0.00035413486,-0.00047162242,-0.0005372198,-0.00034446226,-0.00071023486,-0.00042954282,-0.00046960782,-0.000457442
-0.0010279971,0.999512,-0.0007537173,-0.0007611537,-0.0007055706,0.9992429,-0.001309653,-0.00080848497,-0.0014672964,0.9994832,-0.000742218,-0.00075903203,-0.0008245859,-0.00084954884,-0.0014301378,-0.00084414874,-0.0013138582,-0.00076180865,0.9994734,-0.0013697516,-0.0009424506,-0.0007453296,-0.0008816825,-0.0010055243,-0.0008675529,-0.0008206433,-0.0007342095,-0.0010084957,-0.0008390809,-0.0009534351,-0.0008741956,-0.0011098809,-0.0007046138,-0.00092630094,-0.0009781949,-0.00091108156,-0.0009253742,-0.0007077934,-0.0016992118,-0.0009876463,-0.0010050406,-0.0011059925,-0.0010089693,-0.0010427047,-0.0008114751,-0.00081249414,-0.00072725274,-0.000956677,-0.00086807826,-0.00089250493,-0.0009302304,-0.000776171,-0.00088816794,-0.0007204231,-0.0008125385,-0.0011445108,-0.0007579978,-0.0009164137,-0.0008567995,-0.0012371775,-0.0007700101,-0.00073767547,-0.00074704795,-0.0009189001,-0.0008090613,-0.001124099,-0.0008221127,-0.0009154201,-0.0015361126,-0.00084947515,-0.00076237315,-0.00079950405,-0.0013016507,-0.0010511536,-0.0007494331,-0.0010093219,-0.00081529806,-0.00071613956,-0.00089035154,0.9993081,-0.0013753666,-0.0008145843,-0.0009868573,-0.0010602371,0.0,-0.0010523344,-0.001167793,-0.0007960191,-0.0007208082,-0.00087893783,0.9994965,-0.0008930495,-0.0010767503,-0.000700741,-0.0010615794,-0.002568468,-0.00096133107,-0.0008232358,-0.0011147867,-0.0007419813,-0.00087656523,-0.0010429671,-0.0009405974,-0.0011902212,-0.001333263,-0.00090833695,-0.0016562826,-0.001116148,-0.0011991665,-0.0011716334
-0.00037901278,0.99979687,-0.00027614928,-0.00028025376,-0.0002723275,0.9996785,-0.0005097918,-0.00029648413,-0.00058491674,0.9997898,-0.0002765721,-0.000280233,-0.000302263,-0.0003091504,-0.0005637406,-0.00030726878,-0.0005141038,-0.00027965123,0.99978536,-0.0005413633,-0.0003495537,-0.0002778112,-0.00032010506,-0.00036572487,-0.00031695468,-0.00030018695,-0.00027422683,-0.00036878843,-0.0003060836,-0.00034741068,-0.000320984,-0.00041571294,-0.00027080256,-0.00033834513,-0.0003588211,-0.00032902404,-0.0003377582,-0.00026922263,-0.00090480497,-0.00036220896,-0.00037059543,-0.00041713964,-0.0003668032,-0.00038365475,-0.00029777226,-0.00029662406,-0.0002726641,-0.0003482187,-0.00031696778,-0.00032518653,-0.00033992584,-0.00028606318,-0.00032455203,-0.00027330365,-0.00029940382,-0.0004263084,-0.00027778267,-0.0003321227,-0.00031431165,-0.00047338725,-0.00028478203,-0.00027424237,-0.00027442092,-0.00033361284,-0.00029502527,-0.0004236928,-0.0003033943,-0.00033445295,-0.0006212212,-0.00031000032,-0.00028022614,-0.00029516587,-0.00049853505,-0.00038633213,-0.00027701317,-0.00037008425,-0.00029887346,-0.00027152192,-0.00032336873,0.9997111,-0.0005378594,-0.00029842596,-0.0003592065,-0.0003913726,-0.0005012212,0.0,-0.00043717708,-0.00029163194,-0.0002710866,-0.00031776936,0.999795,-0.0003244033,-0.00039690087,-0.00027041565,-0.00039152554,-0.0012839608,-0.00034924137,-0.00030181525,-0.00041600273,-0.00027767115,-0.00031966032,-0.00038255696,-0.00034146933,-0.00045527364,-0.00051736675,-0.00033214095,-0.00068167725,-0.00041343697,-0.0004544561,-0.00043812633
-0.00073929987,0.9996428,-0.0005369282,-0.0005432339,-0.0005096961,0.9994411,-0.00097162684,-0.00057741813,-0.0011034933,0.99962336,-0.0005323124,-0.0005415655,-0.0005893315,-0.00060587557,-0.001067461,-0.00060156296,-0.0009824552,-0.0005433212,0.9996162,-0.0010218441,-0.00068075076,-0.00053366297,-0.0006287729,-0.0007213502,-0.0006190679,-0.000586586,-0.0005254362,-0.00072092004,-0.0005993953,-0.0006821556,-0.00062676927,-0.00080575276,-0.00050782535,-0.0006638513,-0.0007021066,-0.00064845226,-0.0006610123,-0.0005091235,-0.0013174957,-0.0007077655,-0.00072209287,-0.00080899574,-0.0007222396,-0.00075134245,-0.00057827635,-0.00057905226,-0.0005206542,-0.0006858743,-0.0006214646,-0.0006376411,-0.00066710444,-0.0005546563,-0.0006339491,-0.00051755656,-0.00058182765,-0.00083106774,-0.00054064416,-0.0006533519,-0.0006121967,-0.00090257224,-0.0005519526,-0.00052850967,-0.0005321463,-0.0006547472,-0.00057660654,-0.00081703527,-0.00059008546,-0.0006549156,-0.0011562592,-0.000605969,-0.0005446107,-0.0005721592,-0.00095586013,-0.0007541212,-0.0005362513,-0.00072373,-0.000582555,-0.00051414967,-0.0006349995,0.99948984,-0.001020506,-0.00058251264,-0.0007076165,-0.00076457136,-0.0009595217,-0.00076399685,0.0,-0.0005672692,-0.0005168908,-0.0006267545,0.99963284,-0.00063684286,-0.00077660964,-0.0005067345,-0.0007659559,-0.0020774007,-0.00069051166,-0.00058741495,-0.00080822053,-0.0005307264,-0.0006254217,-0.0007504928,-0.00067376037,-0.0008681737,-0.0009792013,-0.00065043237,-0.0012472213,-0.0008056729,-0.000875603,-0.00085260917
0.00064185646,1.000384,0.0006963101,0.00070620613,0.00064064976,0.99984664,0.0006333907,0.00076768355,0.0007439776,1.0004092,0.0006868285,0.0007080594,0.0007730459,0.00080885546,0.00074659457,0.0008030205,0.00062418956,0.0007209921,1.0004127,0.00066405616,0.00090450206,0.0006924277,0.0008502394,0.0009616005,0.0008203121,0.00077276,0.00067451276,0.00064578204,0.0007943674,0.00094532315,0.0008238798,0.00056503975,0.00064307835,0.0008951022,0.00066319696,0.0008617996,0.0008889659,0.0006446315,0.00092397555,0.0006153823,0.0006331147,0.00048103023,0.0010108374,0.00064533827,0.0007762284,0.0007592915,0.0006525804,0.0009516637,0.00081586366,0.00085348263,0.0008873611,0.0007363258,0.00082907104,0.0006541074,0.0007638315,0.0005432005,0.0007083827,0.00087640114,0.00080828846,0.0005759461,0.0007078949,0.0006916874,0.00069882954,0.00089413533,0.00077546004,0.0005083664,0.0007642105,0.00086516695,0.00078898575,0.0008164544,0.0007058632,0.0007445111,0.0006473474,0.0006563066,0.00070787116,0.0006328812,0.00076747086,0.00065955636,0.00083545095,0.9998246,0.00067898014,0.0007658522,0.0008202355,0.000527366,0.000611486,0.0005614145,0.00060091546,0.0,0.00066368823,0.0008537081,1.0003967,0.00085103256,0.0006030708,0.00065807294,0.0006100904,0.001360877,0.00090595067,0.0007803289,0.00052758,0.0006749983,0.0008204555,0.00066770724,0.00092986855,0.00052378664,0.00064456795,0.0008521211,0.00089417,0.00051958393,0.00054334564,0.0005432984
0.0008838704,0.9999018,0.0005024466,0.00050905865,0.00041808333,1.0001627,0.0012105658,0.0005834858,0.0013503962,0.99993455,0.00047946052,0.0005073857,0.000605805,0.00064386183,0.0013420417,0.00063620263,0.0011919903,0.0005173588,0.99994594,0.0012429806,0.00074380636,0.00048555597,0.0006903893,0.00086953875,0.0006651443,0.00059570005,0.00046668644,0.00085610896,0.00062694144,0.00078571535,0.00067072385,0.0009715483,0.00041830595,0.00074937375,0.0007955839,0.000730365,0.00074608566,0.00042556698,0.0015773715,0.0008138052,0.00083674205,0.00094888307,0.00086320244,0.000890689,0.0005956095,0.0005893488,0.00045359,0.0008013835,0.0006639883,0.00070084736,0.00075910595,0.000539477,0.00069357053,0.00044363295,0.00058312877,0.0010318523,0.00050887006,0.0007388204,0.0006498811,0.0011237077,0.00052233314,0.0004822683,0.00049317145,0.00074432563,0.000592054,0.0009736977,0.0005968349,0.0007349137,0.0014069784,0.0006423115,0.00051339413,0.00056044204,0.0012033286,0.00090815424,0.0004993351,0.00085887796,0.00058959424,0.0004400224,0.0006995272,1.0001044,0.0012676378,0.00058911333,0.0008248866,0.00091064366,0.00116872,0.00090163376,0.0010615104,0.00056705903,0.0,0.0006861882,0.9999229,0.0007063809,0.00093881175,0.00041409663,0.0009157721,0.0020360514,0.0007882895,0.0006056814,0.0009775736,0.00047789706,0.0006792949,0.00089431874,0.0007814139,0.0010554718,0.0012238654,0.0007173989,0.0015357498,0.0009927857,0.0010777167,0.0010552737
0.0003516204,1.0001283,0.00024244671,0.00024224671,0.00020284289,1.0001882,0.00042023291,0.00026659205,9.562588e-06,1.0001426,0.00023066803,0.00024095763,0.00027192294,0.000287812,0.0001642679,0.00028460956,0.00044884128,0.0002451977,1.000145,0.000117681855,0.00030298292,0.00023296986,0.0003018576,0.00035270222,0.0002907461,0.0002702326,0.00022606771,0.00034746746,0.00028015644,0.0003315143,0.00028876186,0.00037016702,0.00020405797,0.00031595703,0.00032617874,0.0003143408,0.00031553605,0.00020866605,6.125147e-06,0.0003332629,0.00033528535,0.0003589157,0.00035083006,0.00035060168,0.00027189453,0.0002688477,0.00022044752,0.00033374608,0.00029031024,0.00030424912,0.0003185206,0.00025105613,0.0002999068,0.00021527728,0.0002659957,0.0003954545,0.00024251253,0.00031620625,0.00028669313,0.00041195535,0.00024412792,0.00023268993,0.00023779222,0.0003164914,0.00027241232,0.00036570875,0.000266093,0.0003122853,4.8462975e-06,0.00028662037,0.00024267186,0.00025837362,0.0004572081,0.00036056773,0.00023933357,0.00034576806,0.00026586626,0.00021534336,0.0003033862,1.0001765,0.00014440675,0.00026777896,0.00033859944,0.0003554108,0.00042540306,0.00035037036,0.0004072203,0.00026197988,0.00021881673,0.0,1.0001378,0.00030515503,0.00036597063,0.00020224019,0.00035756466,0.00015647575,0.0003270855,0.00027417156,0.0003766769,0.00022779958,0.00029714635,0.00035687748,0.00032949774,0.0003851607,0.00041876335,0.00030596147,3.8638473e-06,0.00038644116,0.000398251,0.00040054394
-0.001460172,0.9991705,-0.0012458749,-0.001260283,-0.0011897528,0.99890435,-0.0016468132,-0.0012939894,-0.0017613095,0.9991393,-0.0012396292,-0.0012394087,-0.0013066324,-0.0013518216,-0.0017090043,-0.0013304013,-0.0016661683,-0.0012408243,0.9991405,-0.0016515354,-0.001423462,-0.0012304869,-0.0013768575,-0.0014685827,-0.0013535157,-0.0013128237,-0.0012366943,-0.0014501467,-0.0013371328,-0.0014318288,-0.0013629898,-0.0015190222,-0.001188505,-0.0013932884,-0.0014671657,-0.0013937561,-0.0013869392,-0.0012029053,-0.0018123278,-0.0014838557,-0.0014742824,-0.0015397223,-0.0014567238,-0.0014921838,-0.0013081783,-0.0013040288,-0.0012052605,-0.0014298848,-0.0013396612,-0.0013854741,-0.0013849038,-0.0012558314,-0.0013645358,-0.0011894424,-0.001308106,-0.0015681166,-0.0012552766,-0.001391974,-0.0013545871,-0.0015961089,-0.0012569426,-0.001223806,-0.0012407006,-0.0013935857,-0.001328012,-0.0015069635,-0.0012967081,-0.0013843497,-0.0017555251,-0.0013426085,-0.0012382343,-0.0012892542,-0.001659094,-0.0014954362,-0.0012391638,-0.0014735373,-0.0012905308,-0.0011923196,-0.0013982129,0.9989551,-0.0016906619,-0.0013091693,-0.0014324621,-0.0014975283,-0.001628501,-0.0015125759,-0.0015546094,-0.001287198,-0.001209885,-0.0013958544,0.0,-0.0013726157,-0.0015077738,-0.0011909839,-0.0014803605,-0.0019038926,-0.001442972,-0.0013174932,-0.0015645702,-0.0012172643,-0.0013678202,-0.0015012863,-0.0014226817,-0.0015622308,-0.001636184,-0.0013935724,-0.0017885168,-0.0015404442,-0.0015874824,-0.0015777602
0.00028077807,1.0001023,0.00019326182,0.00019205776,0.00015698465,1.0001494,0.0003290015,0.00021306709,-1.422061e-06,1.0001161,0.00018251278,0.00019089007,0.00021698688,0.00023102586,0.00041987284,0.0002288331,0.00033983248,0.00019479265,1.0001168,0.0003725365,0.00023982389,0.00018366089,0.00024232944,0.00028245413,0.00023305314,0.0002155577,0.00017778395,0.00027911438,0.00022484756,0.00026686644,0.00022931317,0.00029209346,0.00015859412,0.00025332012,0.00026006583,0.00025378205,0.0002526137,0.00016282582,-1.6062186e-06,0.0002665291,0.00026807905,0.0002834438,0.00028098124,0.00027821478,0.00021786436,0.00021538223,0.00017394351,0.00026861788,0.00023210549,0.00024336082,0.000255069,0.00019956978,0.00024064134,0.00016864664,0.00021151571,0.0003136795,0.00019239922,0.00025504478,0.0002281723,0.00032670764,0.00019328145,0.00018379907,0.0001895088,0.00025485677,0.0002191888,0.00028900738,0.00021180883,0.00025060886,9.008069e-07,0.00022971332,0.00019193029,0.00020541185,0.00035883696,0.00028925505,0.00018947599,0.0002768979,0.00021165107,0.00016839309,0.00024289636,1.0001402,0.0003729889,0.00021349468,0.00027092014,0.00028311415,0.00032808757,0.00027812266,0.00032427555,0.00020879584,0.00017196618,0.00024379093,1.0001107,0.0,0.00029272982,0.00015641718,0.0002850187,1.6748113e-07,0.00026265474,0.00021913176,0.00029782133,0.00018048867,0.00023807622,0.0002862879,0.00026421988,0.00030282472,0.00033577712,0.0002454711,2.5950962e-07,0.0003078718,0.0003153603,0.0003173146
-0.00045711026,0.99976486,-0.0003308692,-0.0003351254,-0.00032221543,0.9996268,-0.00061280665,-0.00035570268,-0.00070577505,0.9997547,-0.0003303954,-0.00033498663,-0.00036327165,-0.00037264114,-0.0006742207,-0.00036985957,-0.0006196225,-0.00033518145,0.9997503,-0.0006499057,-0.00041886544,-0.0003313183,-0.00038651624,-0.00044098636,-0.00038092464,-0.00036139553,-0.0003281232,-0.00044401386,-0.00036926364,-0.00041642194,-0.0003855496,-0.00050197495,-0.00032061772,-0.00040852223,-0.00043354422,-0.00039748233,-0.00040706003,-0.00032152218,-0.00095953536,-0.00043684762,-0.0004452551,-0.0005026151,-0.0004438453,-0.000463299,-0.0003558738,-0.00035590352,-0.0003243765,-0.00041878887,-0.00038319913,-0.0003926121,-0.00040739984,-0.00034237475,-0.0003904471,-0.0003242207,-0.00035932363,-0.0005159123,-0.0003331137,-0.00040109662,-0.00037738716,-0.00056346966,-0.00034161465,-0.00032795843,-0.00032875064,-0.00040231578,-0.00035509487,-0.00050819403,-0.0003642589,-0.00040260504,-0.00074492686,-0.00037286078,-0.00033614747,-0.0003538332,-0.0005979549,-0.00046444626,-0.00033170398,-0.00044572775,-0.00035907846,-0.0003221643,-0.0003890239,0.9996634,-0.00064562977,-0.0003590183,-0.00043323374,-0.0004717401,-0.0006057294,-0.00047117606,-0.00052501267,-0.00034938415,-0.0003223136,-0.0003839197,0.9997603,-0.00039100126,0.0,-0.0003207755,-0.0004715291,-0.0014729677,-0.00042245563,-0.00036295102,-0.00050199527,-0.00033134205,-0.0003849304,-0.00046361517,-0.00041220785,-0.00054553425,-0.000615228,-0.00039945348,-0.00080676185,-0.0004991572,-0.00054359814,-0.00052729837
0.0011162891,1.0000123,0.00069961144,0.00070733164,0.0006063547,1.0003117,0.0014591862,0.00078849023,0.0016034805,1.0000491,0.00067388837,0.00070285855,0.0008155829,0.0008555868,0.0015945687,0.000848186,0.0014423127,0.00071321154,1.0000612,0.0014940632,0.00096502935,0.0006809856,0.000903865,0.0010997596,0.00087849185,0.00080328784,0.0006597735,0.001083407,0.00083802716,0.00100881,0.000886218,0.0012113346,0.0006065456,0.0009704155,0.0010221058,0.0009508019,0.000968337,0.0006152487,0.0018321822,0.0010409259,0.0010676683,0.0011848861,0.0010935735,0.0011232051,0.00080288266,0.0007988161,0.00064745534,0.0010268614,0.0008785538,0.0009177552,0.0009806299,0.0007382566,0.00090951554,0.0006351812,0.0007895379,0.0012755302,0.0007044629,0.00096028525,0.00086184026,0.0013726675,0.00072349695,0.000677071,0.0006877393,0.0009665506,0.00079786987,0.0012140183,0.0008068914,0.00095486076,0.0016618816,0.00085192383,0.0007108445,0.0007651143,0.0014536445,0.0011402332,0.000694139,0.0010882425,0.0007965037,0.00063121086,0.00091752014,1.0002438,0.0015202273,0.0007961333,0.0010543115,0.0011464289,0.0014192723,0.0011357078,0.00130396,0.0007717755,0.00064019935,0.0008989839,1.0000362,0.0009248236,0.0011761165,0.0,0.0011520617,0.002275974,0.0010137962,0.00081515714,0.0012141963,0.0006735685,0.00089721463,0.0011264255,0.0010038157,0.0013018096,0.0014766587,0.0009364607,0.0017906678,0.0012316672,0.0013232408,0.0012998981
-0.0004119567,0.9997835,-0.0002997788,-0.00030532604,-0.00029487934,0.9996569,-0.0005574086,-0.00032286425,-0.0006386587,0.9997752,-0.00029912207,-0.0003049956,-0.00032947373,-0.0003360755,-0.0006118306,-0.0003334509,-0.00056769006,-0.0003042863,0.99977064,-0.0005878144,-0.00038228932,-0.00029984812,-0.000347599,-0.00040072796,-0.00034413624,-0.00032774193,-0.00029777156,-0.0003999474,-0.00033358438,-0.00037688957,-0.00035125218,-0.0004541511,-0.00029334315,-0.00036848607,-0.00039045003,-0.0003577987,-0.00036671435,-0.0002927929,-0.00095953024,-0.00039265066,-0.00040217052,-0.00045754586,-0.00039921858,-0.00042086496,-0.00032193158,-0.000323171,-0.00029562166,-0.00037990362,-0.0003458018,-0.00035333005,-0.00036949085,-0.0003113965,-0.00035160262,-0.00029430861,-0.00032617192,-0.0004661828,-0.00030329791,-0.00036081884,-0.0003409069,-0.00050976017,-0.00031075274,-0.00029655022,-0.00029909445,-0.0003628245,-0.00032019799,-0.00046230928,-0.00033137272,-0.00036285544,-0.0006774325,-0.00033645998,-0.00030568024,-0.0003213964,-0.00054428424,-0.00041921088,-0.00030129988,-0.0004012082,-0.00032631948,-0.00029239658,-0.00035130524,0.99968874,-0.0005851907,-0.00032585824,-0.00039281996,-0.00042768632,-0.0005502016,-0.00042803356,-0.0004746453,-0.0003172947,-0.00029472847,-0.00034542775,0.9997801,-0.0003524219,-0.0004344202,-0.0002919177,0.0,-0.0013699336,-0.00038314817,-0.00032764225,-0.00045388585,-0.0003002225,-0.00034696347,-0.00041848613,-0.00037146136,-0.0004918902,-0.00055850245,-0.00036044235,-0.0007357548,-0.00044960607,-0.0004917221,-0.00047769208
-0.0018266302,0.9990668,-0.001426119,-0.0014354548,-0.0013250643,0.9986251,-0.0021756317,-0.001508627,-0.0023567036,0.99900377,-0.0014039413,-0.0014305455,-0.0015347624,-0.0015790265,-0.0023212857,-0.0015704103,-0.0021881245,-0.0014361142,0.9989848,-0.0022407337,-0.0017102525,-0.0014078415,-0.0016268758,-0.0018023945,-0.001602293,-0.0015300051,-0.0013866299,-0.0018018876,-0.0015625814,-0.0017320308,-0.0016131963,-0.001936075,-0.0013243768,-0.0016933884,-0.0017647948,-0.0016690337,-0.0016888411,-0.0013333758,-0.0026313404,-0.0017743403,-0.0017977223,-0.0019286202,-0.0018044966,-0.0018486133,-0.0015145885,-0.0015158162,-0.0013725517,-0.0017356774,-0.0016049764,-0.0016438096,-0.0016982503,-0.0014579825,-0.0016337609,-0.001356435,-0.0015189111,-0.0019793634,-0.0014305151,-0.0016789213,-0.0015880533,-0.0020837924,-0.0014508971,-0.0013954523,-0.0014112461,-0.00167685,-0.0015161389,-0.0019494224,-0.001531933,-0.0016752898,-0.0024332863,-0.0015780163,-0.0014380559,-0.001496532,-0.0021586043,-0.0018583656,-0.0014177833,-0.0018016868,-0.0015180736,-0.0013496848,-0.0016419776,0.9987162,-0.002245525,-0.0015217675,-0.0017736116,-0.0018686242,-0.00215959,-0.0018641921,-0.0020034008,-0.0014886094,-0.0013603431,-0.0016259061,0.99903125,-0.001641176,-0.0018895576,-0.0013161922,-0.0018711685,0.0,-0.0017428095,-0.0015336478,-0.0019428319,-0.0014007296,-0.0016171834,-0.0018518686,-0.0017138346,-0.0020271721,-0.0021969692,-0.001665119,-0.0025659036,-0.0019389023,-0.0020432083,-0.002015236
-5.754875e-05,0.9999498,-4.5796874e-05,-4.832362e-05,-5.5471894e-05,0.99991417,-8.549657e-05,-4.982013e-05,-9.934819e-05,0.9999538,-4.9836228e-05,-4.9364033e-05,-5.010527e-05,-4.8216618e-05,-8.696821e-05,-4.786625e-05,-8.671089e-05,-4.7526482e-05,0.99995285,-9.276006e-05,-5.9500726e-05,-4.9422037e-05,-4.9151186e-05,-5.185964e-05,-4.8754348e-05,-4.8009722e-05,-4.9613736e-05,-5.5923145e-05,-4.806028e-05,-4.8995975e-05,-5.139732e-05,-6.647128e-05,-5.414173e-05,-5.039777e-05,-5.526868e-05,-4.823503e-05,-5.052423e-05,-5.2868374e-05,-0.00040085288,-5.4183434e-05,-5.7554225e-05,-7.007653e-05,-5.3434364e-05,-5.8375008e-05,-4.594842e-05,-4.794648e-05,-5.100479e-05,-4.909897e-05,-5.024245e-05,-5.0241248e-05,-5.0187045e-05,-4.8406982e-05,-4.9223316e-05,-5.2504507e-05,-4.8872243e-05,-6.539157e-05,-4.7896956e-05,-4.9013743e-05,-4.927853e-05,-7.407171e-05,-4.885623e-05,-4.8287995e-05,-4.7743644e-05,-5.0631817e-05,-4.7200745e-05,-6.736162e-05,-5.1134306e-05,-5.1769992e-05,-0.00010112466,-4.8946367e-05,-4.863947e-05,-5.0022445e-05,-8.041278e-05,-5.647919e-05,-4.8259793e-05,-5.3623437e-05,-4.9039954e-05,-5.2085034e-05,-4.928142e-05,0.9999261,-8.5491396e-05,-4.9554426e-05,-5.4088025e-05,-5.9496233e-05,-8.564957e-05,-6.1339604e-05,-6.528167e-05,-4.8561713e-05,-4.9267215e-05,-4.6792982e-05,0.99995375,-4.9410814e-05,-6.220564e-05,-5.554029e-05,-5.875858e-05,-0.0003574215,0.0,-4.8012666e-05,-6.260752e-05,-4.9274986e-05,-4.7297777e-05,-5.750569e-05,-4.9316888e-05,-7.363998e-05,-8.142098e-05,-5.0188326e-05,-0.00026539736,-6.050696e-05,-6.909781e-05,-6.39032e-05
0.00078972406,1.0002908,0.00054796494,0.00055184047,0.0004904767,0.9997642,0.00042439526,0.0005999115,0.00049880584,1.0003119,0.00053409446,0.000551432,0.00060887955,0.000637233,0.0005145684,0.00063217233,0.0004232454,0.0005586507,1.0003163,0.0004448526,0.0006942262,0.0005365741,0.00066656707,0.00077519973,0.00064638274,0.0006063914,0.00052405626,0.000769645,0.000625176,0.0007303892,0.0006481549,0.0008524724,0.0004917925,0.0007010158,0.0007189813,0.00068816583,0.00069933623,0.0004970717,0.0006408648,0.0007392566,0.0007389977,0.0004962844,0.0007740584,0.000782054,0.0006072691,0.0005996449,0.0005129267,0.0007369043,0.00064659404,0.0006722777,0.00070412486,0.00057111826,0.00066261017,0.00050703314,0.0005985258,0.00055459444,0.0005528453,0.0006944854,0.0006376972,0.0004056559,0.00055777654,0.00053533266,0.00054323033,0.00069992826,0.00060761196,0.0008324195,0.0006013479,0.00069024565,0.0005336249,0.0006374053,0.00055346783,0.0005836597,0.0004597087,0.00080670824,0.0005483884,0.000767257,0.0006005633,0.00050776696,0.0006682325,1.0004361,0.00045148024,0.00060089194,0.00074405485,0.000789665,0.0004239264,0.0007797368,0.0005685811,0.00058844447,0.0005129609,0.0006684824,1.000304,0.0006732709,0.0008203979,0.0004937036,0.0007916147,0.0010257529,0.0007250428,0.0,0.00086975907,0.0005286535,0.0006542569,0.0007930142,0.0007234972,0.0004186488,0.00043145192,0.000679574,0.00062097755,0.0008956063,0.00056334183,0.0007452833
-0.00059105054,0.99970585,-0.00042741135,-0.00043371206,-0.00041025286,0.9995389,-0.0007799054,-0.00045930687,-0.0008899702,0.9996915,-0.00042507346,-0.0004331876,-0.0004695312,-0.00048180742,-0.0008587717,-0.0004801132,-0.00078529806,-0.0004329282,0.99968475,-0.0008243651,-0.00054781005,-0.0004271389,-0.0004984494,-0.00057415536,-0.0004929908,-0.00046694666,-0.00042048117,-0.00057355675,-0.0004754338,-0.00054196216,-0.000496652,-0.00064218807,-0.00040867162,-0.00052848697,-0.0005609018,-0.0005167122,-0.00052463653,-0.00041064702,-0.0010986107,-0.000566638,-0.0005762015,-0.0006461691,-0.0005752767,-0.00059568306,-0.00046066675,-0.00046144688,-0.00041679872,-0.00054488954,-0.0004940136,-0.00050664786,-0.0005299692,-0.00044213168,-0.00050444686,-0.00041523128,-0.00046384148,-0.00066526595,-0.00043090855,-0.0005182786,-0.0004873392,-0.000731148,-0.0004410462,-0.0004221044,-0.00042414147,-0.0005208389,-0.00045997978,-0.0006536157,-0.00047003446,-0.0005205762,-0.00093862036,-0.00048150937,-0.00043406233,-0.00045596532,-0.0007692509,-0.000600809,-0.00042802838,-0.00057832705,-0.00046428348,-0.00041278172,-0.00050511904,0.9995813,-0.0008218316,-0.00046388654,-0.0005628462,-0.00061079196,-0.0007701877,-0.00060845213,-0.0006783428,-0.00045220446,-0.0004138368,-0.0004987415,0.9996984,-0.0005051264,-0.0006201773,-0.0004076025,-0.0006113029,-0.0017733836,-0.00054878613,-0.00046768162,0.0,-0.00042589358,-0.0004969812,-0.0005942683,-0.0005345949,-0.00070027047,-0.0007894981,-0.00051725056,-0.0010166148,-0.0006426197,-0.00070334726,-0.0006784099
0.0007030042,0.99981475,0.000351424,0.00035978167,0.00027599043,1.0000489,0.0010021849,0.00042968657,0.0011434057,0.9998457,0.00033487042,0.00035936033,0.000444533,0.00048241837,0.0011339708,0.00047559908,0.0009903761,0.0003700134,0.9998548,0.0010399481,0.00057533383,0.00033915346,0.0005272974,0.00068916386,0.0004992569,0.00044073001,0.00032164727,0.00067889685,0.0004666101,0.0006154586,0.0005062216,0.0007854184,0.00027699408,0.00058023067,0.00061828556,0.00055922806,0.00057666836,0.0002849435,0.001358044,0.00063673913,0.0006554687,0.00076346437,0.000684835,0.0007065592,0.00044010527,0.0004280889,0.00030568242,0.00063166866,0.00049813936,0.00053530256,0.0005859723,0.00039393303,0.00052158785,0.00029913036,0.00042865778,0.00084090745,0.0003612249,0.00056862267,0.00048521342,0.0009254206,0.00037064968,0.00033737978,0.00034722808,0.0005770612,0.0004363445,0.00078541064,0.00043619407,0.0005629312,0.0011949589,0.00048539764,0.00036231283,0.00040573688,0.0010018494,0.0007268078,0.00035611604,0.0006788075,0.0004342233,0.00029789782,0.00052923034,0.9999979,0.00106044,0.0004312658,0.00064705877,0.00072453823,0.00096806616,0.0007151593,0.00087258796,0.00041237028,0.00030616822,0.0005241465,0.99983406,0.0005387664,0.0007528579,0.0002769288,0.00072899397,0.0018199849,0.0006160804,0.00044759057,0.0007897543,0.0,0.0005117017,0.00071417424,0.0006109085,0.0008621211,0.0010174712,0.0005459399,0.0013178169,0.00080547936,0.0008822394,0.0008621173
0.00038620696,1.000141,0.0002672847,0.0002673151,0.00022583397,1.0002084,0.00046548544,0.00029278683,4.311584e-05,1.0001565,0.0002554452,0.00026557516,0.0002985567,0.00031573954,0.00019775867,0.00031345064,0.0005041279,0.00027021914,1.0001587,0.00016028428,0.0003346819,0.00025711415,0.0003304117,0.00038640326,0.00031980107,0.0002966243,0.00025005173,0.00038134772,0.00030848902,0.00036351482,0.00031761389,0.00040772464,0.00022705342,0.00034722517,0.0003584199,0.00034397858,0.00034629263,0.00023137341,3.8300383e-05,0.00036636597,0.0003689688,0.00039770955,0.0003839458,0.00038500936,0.0002990688,0.00029542495,0.00024393499,0.00036607552,0.00031866322,0.00033403566,0.00034967004,0.0002766454,0.0003289464,0.00023885467,0.0002919345,0.0004353314,0.00026708926,0.000346697,0.00031466654,0.0004557575,0.00026945723,0.00025683732,0.0002619413,0.00034703835,0.00029940318,0.00040448114,0.00029371638,0.00034287036,2.9362733e-05,0.000315199,0.0002674045,0.00028358988,0.0005085543,0.00039720742,0.00026411444,0.00037999626,0.00029259437,0.00023867705,0.00033277457,1.0001951,0.00017910053,0.00029433606,0.0003717,0.00039054002,0.0004775708,0.0003856274,0.0004499312,0.00028771267,0.00024251378,0.00033214554,1.0001512,0.00033447277,0.00040250886,0.00022573043,0.0003935499,0.00023165275,0.00035952273,0.00030024498,0.0004136162,0.0002522711,0.0,0.0003914381,0.00036094678,0.0004273397,0.00046576507,0.00033670192,4.7971236e-05,0.00042431027,0.0004387751,0.00044047998
-0.000352367,0.99980724,-0.00025711098,-0.0002611506,-0.0002551526,0.99969727,-0.0004756207,-0.00027609552,-0.00054311944,0.9998023,-0.00025776605,-0.0002602105,-0.00028243955,-0.0002874252,-0.0005230054,-0.00028520747,-0.00048256418,-0.00025992823,0.99979615,-0.00050683226,-0.0003317643,-0.0002589155,-0.000296001,-0.00034060836,-0.00029477794,-0.00028060414,-0.00025703225,-0.0003397916,-0.0002847956,-0.00032101982,-0.00030200923,-0.00038614258,-0.00025320693,-0.000314913,-0.00033280344,-0.00030282178,-0.00031247706,-0.0002521829,-0.0008636772,-0.0003351416,-0.00034324487,-0.00039336085,-0.0003377712,-0.00035778107,-0.00027647603,-0.00027741355,-0.00025503244,-0.00032284096,-0.0002948694,-0.0003014843,-0.0003161306,-0.00026757253,-0.00029999355,-0.00025453226,-0.0002795069,-0.00039816333,-0.0002607726,-0.00030623973,-0.00029245004,-0.00043799763,-0.0002658944,-0.00025553908,-0.000256512,-0.0003087768,-0.0002733864,-0.00039574484,-0.0002833302,-0.00031007233,-0.0005847535,-0.00028682838,-0.000263066,-0.00027341617,-0.00046314712,-0.00035805735,-0.00025782522,-0.0003432062,-0.00028066844,-0.00025374268,-0.0003006223,0.9997245,-0.00049804675,-0.00027998682,-0.0003341954,-0.00036646312,-0.00047271044,-0.00036327573,-0.0004045558,-0.00027179325,-0.00025369393,-0.0002941852,0.99980485,-0.00029958662,-0.00036974583,-0.00025395292,-0.00036688143,-0.0012079016,-0.00032550265,-0.00028030033,-0.0003847838,-0.00025904118,-0.00029637595,0.0,-0.0003177242,-0.00042385285,-0.0004733647,-0.00030880378,-0.0006400517,-0.00038067595,-0.00042124867,-0.00040573857
-9.238708e-06,0.9999883,-7.6063448e-06,-9.553541e-06,-1.5939262e-05,0.99997145,-1.6639618e-05,-6.820919e-06,-2.1600557e-05,0.9999936,-1.1286322e-05,-8.511961e-06,-6.639024e-06,-6.6406787e-06,-1.3327508e-05,-6.8958843e-06,-1.765388e-05,-8.113933e-06,0.9999938,-1.8280325e-05,-1.1182695e-05,-1.069575e-05,-6.0935085e-06,-6.4255205e-06,-6.578538e-06,-7.419134e-06,-1.1380823e-05,-8.721879e-06,-6.183396e-06,-5.919013e-06,-7.87636e-06,-1.0430217e-05,-1.4708745e-05,-8.152865e-06,-6.338404e-06,-5.1369057e-06,-5.996761e-06,-1.33063095e-05,-0.00022876116,-7.5061125e-06,-6.810806e-06,-1.24259095e-05,-7.283586e-06,-9.909923e-06,-5.653073e-06,-7.483126e-06,-1.1253577e-05,-6.613707e-06,-8.380917e-06,-6.8471704e-06,-8.185699e-06,-7.2815196e-06,-6.2799204e-06,-1.2521454e-05,-8.755597e-06,-1.1194434e-05,-8.733931e-06,-5.4356715e-06,-6.40323e-06,-1.1558687e-05,-1.06438065e-05,-9.940525e-06,-9.334735e-06,-6.606212e-06,-7.039448e-06,-1.5182807e-05,-7.876684e-06,-7.845898e-06,-1.7425356e-05,-7.432534e-06,-8.967146e-06,-8.076385e-06,-1.32714495e-05,-7.664016e-06,-1.0261226e-05,-8.282212e-06,-8.522751e-06,-1.2097418e-05,-5.533541e-06,0.9999801,-1.8041432e-05,-6.8914396e-06,-7.783127e-06,-9.75245e-06,-1.7242952e-05,-8.067916e-06,-1.090986e-05,-7.1161626e-06,-1.1407943e-05,-6.7433125e-06,0.9999933,-7.0076517e-06,-7.83355e-06,-1.575983e-05,-9.6699405e-06,-0.00015536518,-7.0204305e-06,-7.741321e-06,-9.85591e-06,-1.1000928e-05,-7.318362e-06,-8.09291e-06,0.0,-1.28273905e-05,-1.4820414e-05,-6.8488735e-06,-0.00014068982,-8.324093e-06,-1.0376102e-05,-9.307399e-06
-0.0007906524,0.99962085,-0.00057439954,-0.0005809732,-0.00054337224,0.99940765,-0.0010345269,-0.00061750604,-0.001173272,0.9996005,-0.0005672487,-0.0005790859,-0.0006315098,-0.0006486865,-0.0011302512,-0.0006440965,-0.0010450673,-0.0005811153,0.9995928,-0.0010812657,-0.00072885765,-0.00056920224,-0.0006736007,-0.00077257206,-0.0006631291,-0.00062709925,-0.0005623365,-0.0007729931,-0.00064193906,-0.00072986074,-0.00067113526,-0.00086199836,-0.00054173724,-0.00071111997,-0.0007518515,-0.0006952525,-0.0007081632,-0.00054349547,-0.0013845807,-0.000757387,-0.0007745961,-0.0008622075,-0.0007736408,-0.0008040794,-0.0006189279,-0.00061941275,-0.00055592746,-0.0007353928,-0.00066482596,-0.0006825009,-0.00071468734,-0.0005929301,-0.00067813345,-0.00055243593,-0.00062227226,-0.0008881567,-0.00057862914,-0.0006996752,-0.00065487943,-0.00096266466,-0.000591158,-0.0005631417,-0.0005697425,-0.00070236064,-0.0006170223,-0.00087188184,-0.00063133374,-0.00070123345,-0.0012139156,-0.0006486836,-0.00058267673,-0.000610868,-0.0010201528,-0.0008069027,-0.0005731007,-0.0007730885,-0.0006233601,-0.0005490209,-0.0006798836,0.99945694,-0.0010853014,-0.0006237537,-0.00075410394,-0.00081898813,-0.0010211857,-0.0008162684,-0.0009041736,-0.00060691306,-0.0005518617,-0.0006703155,0.9996105,-0.00068265304,-0.0008316819,-0.0005402986,-0.0008177928,-0.0021685378,-0.0007370821,-0.00062828884,-0.00086454855,-0.0005675491,-0.00066899916,-0.0008047513,-0.00072123914,0.0,-0.0010414843,-0.00069642125,-0.0013313424,-0.0008624208,-0.0009301807,-0.00090826506
-0.0010977191,0.9994777,-0.00080677716,-0.000815751,-0.0007548551,0.9991964,-0.0014004667,-0.00086504954,-0.0015608357,0.99944603,-0.0007958365,-0.00081331644,-0.00088428514,-0.0009110668,-0.001522717,-0.0009042548,-0.0014120806,-0.0008155972,0.99943423,-0.0014547947,-0.0010149383,-0.00079801364,-0.000943231,-0.0010761621,-0.0009284544,-0.00087852543,-0.000786311,-0.0010712736,-0.0009001679,-0.0010173746,-0.00093869166,-0.0011873647,-0.0007530276,-0.0009914989,-0.0010469654,-0.0009725602,-0.0009904555,-0.0007586558,-0.0018020913,-0.0010545189,-0.0010743967,-0.0011874465,-0.0010743701,-0.0011148821,-0.00086867256,-0.0008692683,-0.0007777287,-0.0010235267,-0.00093064416,-0.0009559245,-0.0009966046,-0.0008309172,-0.00094948,-0.00077054626,-0.00087127375,-0.0012226725,-0.00081277767,-0.0009797263,-0.00091970223,-0.0013111572,-0.00082583865,-0.0007904615,-0.0007991051,-0.0009812156,-0.0008674334,-0.0011971007,-0.00088122854,-0.0009788354,-0.0016270179,-0.00090913306,-0.0008175874,-0.00085520075,-0.001380652,-0.0011181564,-0.0008026016,-0.0010769789,-0.00087232416,-0.0007662874,-0.00095608365,0.9992556,-0.0014594424,-0.00087350304,-0.0010505279,-0.0011323862,-0.001383901,-0.00112751,-0.001240912,-0.0008509926,-0.00077209197,-0.00094125484,0.9994604,-0.00095483614,-0.0011491175,-0.0007500501,-0.0011324681,-0.0026714327,-0.001029167,-0.0008816883,-0.0011907794,-0.0007948516,-0.00093838794,-0.00111269,-0.0010080279,-0.00126387,0.0,-0.0009721934,-0.001752056,-0.0011852741,-0.0012749481,-0.0012487645
0.00017579067,1.0000643,0.00012003802,0.00011922342,9.017679e-05,1.0000907,0.00019317285,0.00013333374,3.829781e-07,1.0000752,0.00011169405,0.00011753372,0.0001362777,0.00014740352,0.00024157552,0.00014566508,0.00019878976,0.0001206458,1.0000764,0.00021071009,0.0001470741,0.00011192477,0.00015405305,0.0001802184,0.0001475962,0.0001356093,0.00010777261,0.00017446099,0.00014235692,0.00016961804,0.00014393039,0.0001779518,9.149893e-05,0.00016127348,0.00016260204,0.0001625762,0.00016040757,9.4997995e-05,-2.0357313e-06,0.0001676017,0.00016753869,0.00017031877,0.00017758457,0.00017272908,0.00013838024,0.00013616357,0.000104038256,0.00017105562,0.00014615573,0.0001555966,0.00016240876,0.00012438654,0.00015187616,9.969723e-05,0.00013226552,0.00019523801,0.00011951934,0.00016330517,0.00014561329,0.00019546149,0.00011960491,0.00011281282,0.00011643929,0.00016253926,0.00013971337,0.00017444747,0.00013209113,0.00015943388,-3.8147655e-06,0.0001464071,0.00011931894,0.0001275529,0.0002139105,0.00018093112,0.00011703242,0.00017358143,0.00013304909,9.996904e-05,0.00015622281,1.000087,0.00021363505,0.00013406432,0.00017188078,0.00017525158,0.00019329452,0.00017153706,0.00019910293,0.00013129262,0.000103566985,0.00015599141,1.0000726,0.00015593189,0.00018188446,8.9832465e-05,0.0001774613,-6.6421546e-07,0.00016657457,0.00013864978,0.00018288335,0.00010879181,0.0001520214,0.0001786489,0.00016967423,0.00017943536,0.00019998189,0.0,-1.9450724e-06,0.00019121618,0.00018987493,0.00019556569
-0.0015081309,0.99926466,-0.0011439632,-0.0011527241,-0.0010636537,0.99888754,-0.0018478502,-0.0012174507,-0.0020289512,0.9992155,-0.0011256643,-0.0011489299,-0.0012411634,-0.0012785228,-0.0019869145,-0.0012706979,-0.0018565146,-0.0011533761,0.99919987,-0.0019125119,-0.0014004732,-0.0011299546,-0.0013221073,-0.0014837058,-0.0013010805,-0.0012363271,-0.001112476,-0.0014844609,-0.0012641269,-0.0014171244,-0.0013109652,-0.0016110908,-0.0010626497,-0.0013838428,-0.0014499058,-0.0013602655,-0.001379624,-0.0010691056,-0.002302883,-0.0014596648,-0.0014821308,-0.0016057998,-0.0014869932,-0.0015279567,-0.0012228759,-0.0012243112,-0.0011005807,-0.0014222134,-0.0013025706,-0.001337062,-0.0013883711,-0.0011725033,-0.0013290774,-0.0010879432,-0.001226535,-0.0016536877,-0.0011484674,-0.00136914,-0.0012871011,-0.0017599341,-0.0011672761,-0.001119193,-0.0011317364,-0.0013688133,-0.0012224383,-0.0016276442,-0.0012385949,-0.0013678444,-0.0020998064,-0.0012774089,-0.0011551687,-0.0012072601,-0.0018338568,-0.0015380257,-0.001137844,-0.0014853515,-0.0012262221,-0.0010820231,-0.0013344904,0.99896985,-0.0019185072,-0.001228946,-0.0014583518,-0.0015493972,-0.0018302969,-0.0015447161,-0.0016780975,-0.0011999946,-0.0010902098,-0.0013195857,0.99923676,-0.0013353046,-0.0015693895,-0.001055815,-0.0015513399,-0.0032171349,-0.001428836,-0.0012394614,-0.0016177846,-0.0011245003,-0.0013137168,-0.0015308287,-0.0014035706,-0.0017032482,-0.0018693762,-0.0013589516,0.0,-0.0016167518,-0.0017177355,-0.0016855064
-0.0005885587,0.9997071,-0.000423618,-0.00043051285,-0.0004081344,0.99954253,-0.0007825014,-0.00045672274,-0.000884907,0.999694,-0.00042291754,-0.00042930024,-0.0004669348,-0.0004803912,-0.0008589441,-0.00047714412,-0.00078936305,-0.00043007484,0.99968797,-0.0008201917,-0.0005437913,-0.00042433475,-0.0004983443,-0.0005725737,-0.0004898295,-0.00046389113,-0.0004194473,-0.0005693511,-0.00047543237,-0.0005365968,-0.0004981791,-0.0006436097,-0.00040804723,-0.00052469334,-0.00055649,-0.0005122501,-0.00052204746,-0.00040819624,-0.0010926286,-0.00056160655,-0.00057510973,-0.000644899,-0.00057075574,-0.00059637194,-0.00045976634,-0.00045847404,-0.00041510368,-0.0005411455,-0.0004913668,-0.00050436734,-0.0005264568,-0.00043933585,-0.0005025728,-0.00041219805,-0.00046072953,-0.00066349073,-0.00042860306,-0.0005171589,-0.0004850351,-0.0007219711,-0.00043830788,-0.00041969173,-0.0004215851,-0.0005193293,-0.00045681602,-0.00065123226,-0.00046783034,-0.0005172177,-0.0009381815,-0.0004800733,-0.00043184383,-0.0004532093,-0.0007661368,-0.000598143,-0.00042513938,-0.0005751279,-0.00046191821,-0.00041020388,-0.00050500245,0.9995796,-0.00081802387,-0.0004613147,-0.00055819127,-0.00060711853,-0.0007720751,-0.0006065807,-0.00067570945,-0.00044937182,-0.00041217965,-0.0004952861,0.9997008,-0.0005041415,-0.0006180247,-0.00040579986,-0.0006072353,-0.0017622671,-0.00054610946,-0.0004644451,-0.0006427546,-0.00042324731,-0.00049599836,-0.0005945807,-0.00053147547,-0.0006956834,-0.000780655,-0.0005136411,-0.0010147515,0.0,-0.0006984693,-0.00067517435
-0.00083007803,0.9996029,-0.00060388556,-0.00061020197,-0.0005719835,0.9993808,-0.0010839007,-0.0006491666,-0.0012238702,0.99958104,-0.0005976975,-0.00060887483,-0.00066283526,-0.00068210746,-0.0011869383,-0.00067662896,-0.0010929717,-0.00061022537,0.9995729,-0.0011327408,-0.00076204736,-0.00059943367,-0.0007084364,-0.0008123833,-0.0006965057,-0.0006595043,-0.00059013546,-0.0008114069,-0.0006743637,-0.0007673836,-0.0007053576,-0.0009056657,-0.000570061,-0.0007464166,-0.00079146936,-0.0007301555,-0.0007443002,-0.0005720893,-0.0014430117,-0.00079734094,-0.00081127277,-0.0009030244,-0.00081412104,-0.00084419956,-0.00065043685,-0.00065119495,-0.0005855966,-0.00077167904,-0.0006986781,-0.00071746024,-0.0007499375,-0.00062331127,-0.0007135792,-0.00057988695,-0.0006540448,-0.0009316302,-0.000607801,-0.00073574693,-0.0006883446,-0.0010102608,-0.00062038563,-0.0005931059,-0.0005988061,-0.00073815114,-0.00064938026,-0.0009141582,-0.0006626608,-0.000736774,-0.0012781819,-0.0006816335,-0.0006120972,-0.0006434526,-0.0010666574,-0.0008468382,-0.00060250284,-0.0008121401,-0.00065442314,-0.00057630596,-0.0007147243,0.9994335,-0.0011356374,-0.00065488776,-0.0007951484,-0.0008581152,-0.0010699751,-0.0008568131,-0.0009480175,-0.00063836825,-0.00057998026,-0.0007051229,0.9995911,-0.000717397,-0.00087097555,-0.00056706317,-0.0008591298,-0.002243241,-0.00077529927,-0.0006605673,-0.0009095525,-0.00059751945,-0.0007036998,-0.0008433459,-0.0007578818,-0.00097133836,-0.001093846,-0.00073094777,-0.0013902752,-0.00090641464,0.0,-0.00095303415
-0.0007719041,0.9996308,-0.0005580073,-0.0005658026,-0.00053104706,0.9994213,-0.0010091099,-0.00060054025,-0.0011423602,0.9996107,-0.00055330334,-0.0005635684,-0.0006138563,-0.0006313999,-0.0010995676,-0.0006282943,-0.0010135674,-0.00056545227,0.9996028,-0.0010585624,-0.000709175,-0.0005559001,-0.000655332,-0.00075171987,-0.00064603065,-0.0006106519,-0.0005484611,-0.0007523634,-0.0006240346,-0.00070949114,-0.0006526688,-0.0008380789,-0.0005294751,-0.00069252803,-0.0007342184,-0.00067524926,-0.00068912056,-0.0005311174,-0.0013588399,-0.00073998654,-0.00075689366,-0.0008397493,-0.000755817,-0.00078093196,-0.000602442,-0.0006028266,-0.0005433758,-0.00071494037,-0.0006458591,-0.00066397805,-0.00069426524,-0.0005771892,-0.0006599926,-0.00053761253,-0.0006062342,-0.0008673107,-0.00056311523,-0.0006808163,-0.0006374892,-0.0009430244,-0.00057432463,-0.00054971164,-0.000554389,-0.0006839408,-0.00060227106,-0.0008525796,-0.00061466795,-0.0006827387,-0.0011990828,-0.00063055544,-0.00056687143,-0.00059587165,-0.0009966831,-0.0007865715,-0.00055783463,-0.0007554712,-0.00060676545,-0.0005348815,-0.0006600887,0.9994715,-0.0010574539,-0.0006069166,-0.0007375203,-0.00079733436,-0.0009968844,-0.00079634413,-0.00088348606,-0.00059025874,-0.00053947035,-0.00065171433,0.9996197,-0.00066376076,-0.0008097736,-0.00052799843,-0.0007971368,-0.002131923,-0.00071936334,-0.00061171147,-0.00084275467,-0.0005536856,-0.00065127254,-0.0007800973,-0.0007021101,-0.0009034001,-0.0010178707,-0.0006780211,-0.0012856947,-0.0008406526,-0.000909262,0.0
