1,2,3,4,5,6,7,8,9,10,11,12,13,14,15,16,17,18,19,20,21,22,23,24,25,26,27,28,29,30,31,32,33,34,35,36,37,38,39,40,41,42,43,44,45,46,47,48,49,50,51,52,53,54,55,56,57,58,59,60,61,62,63,64,65,66,67,68,69,70,71,72,73,74,75,76,77,78,79,80,81,82,83,84,85,86,87,88,89,90,91,92,93,94,95,96,97,98,99,100,101,102,103,104,105,106,107,108,109,110
0.0,0.9950618,-0.0038807262,-0.003899809,-0.004278847,0.9948115,-2.844927e-05,-0.003687099,-2.492525e-05,0.99505574,-0.0039999173,-0.0038890862,-0.0035639242,-0.003253202,9.480718e-06,-0.00330575,3.083434e-06,-0.0038714942,0.9950458,-1.6382175e-05,-0.0026890056,-0.0039865854,-0.00301551,-0.0015726662,-0.0031166547,-0.003598442,-0.0040703826,-0.0015686783,-0.0033951062,-0.0022317502,-0.0031194342,-0.00016698096,-0.0042652083,-0.0026592345,-0.0019827718,-0.0027720782,-0.0026576796,-0.0042367987,-2.337402e-05,-0.0018726583,-0.0017270171,-0.00028716537,-0.0015662464,-0.0012155544,-0.0036615978,-0.003651555,-0.004103895,-0.0022441244,-0.003097701,-0.002943664,-0.0025408186,-0.0038708996,-0.0029808495,-0.0041685957,-0.0036483852,-4.105401e-05,-0.0038980688,-0.002689073,-0.0032046102,-3.133527e-05,-0.0038801648,-0.0040280633,-0.003962082,-0.0027980583,-0.003654307,-4.121584e-05,-0.0036103714,-0.0027608082,4.8955544e-06,-0.0032751602,-0.003891737,-0.0037665432,-2.4781892e-05,-0.0010181796,-0.003957644,-0.001534396,-0.0036601075,-0.0041796193,-0.0029743295,0.994879,-7.725907e-06,-0.0036235733,-0.001854929,-0.0009178954,-3.356174e-05,-0.0011067541,6.5777376e-06,-0.0037767272,-0.004138309,-0.0029978098,0.9950588,-0.0029652063,-0.000700989,-0.0042959847,-0.0008481865,-8.043378e-06,-0.0021642423,-0.0035601105,-8.813271e-05,-0.0040159547,-0.003031515,-0.0011037083,-0.0023850726,-1.1973639e-06,-4.9663566e-05,-0.0028438119,-2.2258107e-05,-8.236882e-05,-2.2071239e-05,-3.2427273e-05
-0.0027170249,0.0,-0.0028425367,-0.002848554,-0.0028892711,0.99737865,-0.0027985584,-0.0028538173,-0.002903825,0.9975,-0.002859387,-0.0028372547,-0.002840316,-0.0028126852,-0.0028535086,-0.0028246886,-0.002796259,-0.002833152,0.9975227,-0.0027925358,-0.0028085124,-0.002840583,-0.002801634,-0.0027449697,-0.0028024823,-0.0028447763,-0.0028806922,-0.0027251374,-0.0028244238,-0.002771842,-0.0027987473,-0.002676501,-0.0028860737,-0.0027697182,-0.0027847947,-0.0027819853,-0.0027654176,-0.0028847067,-0.0029679171,-0.002775181,-0.00276051,-0.0027216615,-0.0027238997,-0.0027322094,-0.0028498133,-0.0028369145,-0.0028503651,-0.0027597188,-0.0027843248,-0.0027930676,-0.0027521404,-0.0028292867,-0.0027789045,-0.0028595373,-0.0028499395,-0.0027139734,-0.0028542695,-0.0027721208,-0.0028209833,-0.0027384341,-0.0028499165,-0.002851415,-0.0028480503,-0.002786365,-0.002867809,-0.0026656468,-0.002826714,-0.0027651647,-0.0029184395,-0.0028129092,-0.002834541,-0.00285753,-0.0027900764,-0.0027096213,-0.0028615613,-0.0027402625,-0.0028321638,-0.0028649936,-0.0028083548,0.99743325,-0.002831424,-0.0028469309,-0.0027295598,-0.002708219,-0.0027717738,-0.0027418004,-0.002689692,-0.0028629939,-0.0028572013,-0.0028185383,0.9974983,-0.002779671,-0.0027021777,-0.0029043045,-0.0026963844,-0.0031168985,-0.0027669813,-0.0028406377,-0.0027250447,-0.0028399169,-0.0028057434,-0.0027312955,-0.0027720304,-0.0027062783,-0.0027683098,-0.0027898985,-0.0029489466,-0.0026955137,-0.0027271614,-0.0027149762
0.002161946,0.9975848,0.0,0.0030816642,0.0032966482,0.9975354,0.0018697084,0.0030629002,0.00205258,0.99744236,0.0031589256,0.0031245935,0.0029393302,0.0027501888,0.0020654865,0.0031145604,0.0018700497,0.0031394209,0.99738145,0.0019346299,0.0025616377,0.0031448053,0.0026896282,0.0021933455,0.002675259,0.0029795947,0.0032027825,0.0022409942,0.0031352956,0.0024610579,0.0026356252,0.0018284786,0.0032967213,0.0025571033,0.0023153333,0.0025919972,0.0025676428,0.0032781295,0.0023551641,0.002276365,0.0022337812,0.0018747814,0.0022178863,0.0020719073,0.0030029798,0.0033058655,0.0032013014,0.0024262057,0.0026804565,0.0026482611,0.0025136548,0.0033069646,0.0026394,0.0032425215,0.003012057,0.0018079657,0.0031100244,0.0025734561,0.002732997,0.001850751,0.003085854,0.003195691,0.0031394523,0.0026246773,0.003029511,0.0018176051,0.0032737036,0.002588967,0.002159967,0.0028412447,0.0034206156,0.0030518493,0.0018599113,0.0020578606,0.0031884375,0.002198421,0.0029715404,0.0032713767,0.002603943,0.99733895,0.0019502741,0.0029672044,0.0023096406,0.0020014301,0.0018570198,0.0020329128,0.0017971621,0.0030767706,0.0032158908,0.0026885993,0.99745923,0.0026545469,0.001956264,0.0033316375,0.002011375,0.0030522102,0.0023712593,0.0029420333,0.0018166966,0.0031459583,0.0026588389,0.002076643,0.0024717168,0.0018008812,0.0019258301,0.0026029001,0.0023179047,0.001862634,0.0017855439,0.001807793
0.0021105553,0.997514,0.0033907415,0.0,0.0032794573,0.99743515,0.0018171668,0.0031340455,0.0019868854,0.9973506,0.0031415299,0.003101771,0.0028855419,0.0030314627,0.0019987288,0.0030918259,0.0018091173,0.0032244413,0.9973111,0.0018615256,0.0025440168,0.0031218308,0.0026841506,0.002148344,0.002643529,0.002940612,0.003172619,0.0021676875,0.003118465,0.0024073855,0.0026251303,0.0017683378,0.003272078,0.0025246078,0.0022606207,0.002525287,0.00252557,0.003250655,0.0022849857,0.0022157566,0.002173059,0.0018359576,0.0021562895,0.0020185353,0.0032747358,0.0032807686,0.0034938604,0.0023813345,0.0026396858,0.0026162395,0.0024710412,0.0033741102,0.0025801412,0.0032025902,0.0029694326,0.001736788,0.0031231293,0.002526777,0.0027031696,0.0017753006,0.0030574535,0.003207612,0.0034128209,0.0025860814,0.0032751893,0.0017577494,0.0032359129,0.0025309029,0.0020900148,0.00296473,0.003405801,0.003341798,0.0017994408,0.0019906347,0.0032045455,0.0021432154,0.0032674037,0.0032349224,0.002563647,0.99729013,0.0018821142,0.003251707,0.0022403954,0.0019452077,0.0018017857,0.0019861807,0.0017345353,0.0033435712,0.0031967082,0.0026709882,0.99739593,0.0026070622,0.0018963129,0.0033153594,0.0019463149,0.002985721,0.0023268675,0.0029146292,0.0017601653,0.0034388683,0.0026089621,0.002004534,0.0024307757,0.0017323218,0.0018361022,0.002560504,0.0022407912,0.0017839428,0.0017156112,0.0017353179
0.004322268,1.0020517,0.0047775125,0.0047746333,0.0,1.0011178,0.0042144614,0.004743456,0.0043243053,1.0016083,0.0048006806,0.004788159,0.0047043324,0.004593228,0.0043271864,0.0046197064,0.0041927737,0.0047831857,1.0015109,0.004233456,0.004546072,0.0047989176,0.004568007,0.004339851,0.004564168,0.0047106864,0.0048192856,0.0043364796,0.0046363696,0.004459093,0.004554323,0.004174182,0.004837086,0.00452956,0.0043862583,0.004546,0.004528323,0.004833931,0.0045741424,0.0043641613,0.0043533244,0.004202989,0.0043376177,0.004270581,0.0047267573,0.004720566,0.004819241,0.0044481927,0.0045523243,0.004567397,0.0045117172,0.0047842367,0.0045593814,0.0048307017,0.0047246646,0.0041558477,0.004786437,0.004537193,0.004587115,0.004165486,0.0047832476,0.0048143617,0.004795231,0.0045701647,0.0047241463,0.0041727875,0.0047107,0.0045494703,0.0044123856,0.0045990627,0.004783144,0.0047575682,0.004198188,0.0042504147,0.004807174,0.0043226574,0.0047268,0.0048342394,0.0045688553,1.0010248,0.0042469217,0.0047106924,0.0043854387,0.0042338055,0.0041888906,0.00425827,0.004150352,0.004768759,0.0048165317,0.0045584254,1.0017482,0.004574467,0.0042240922,0.0048475964,0.004241678,0.005114669,0.004423299,0.0046956795,0.004166203,0.0048031583,0.0045625796,0.004263186,0.0044869147,0.004143678,0.0042187767,0.0045575807,0.004526602,0.0041849166,0.004131976,0.0041347845
-0.004183609,0.99648803,-0.0046019787,-0.004617005,-0.0046565584,0.0,-0.004092902,-0.0045659407,-0.004175047,0.99647343,-0.0046520783,-0.0045929975,-0.004506217,-0.00446819,-0.004128356,-0.0044780294,-0.00412599,-0.0045977756,0.996487,-0.0040931683,-0.0044337027,-0.0046270113,-0.004447578,-0.0042236354,-0.004430286,-0.0045496114,-0.0046744687,-0.0042259027,-0.004497072,-0.0043442943,-0.004422291,-0.0040998873,-0.004655306,-0.0043634875,-0.0043261363,-0.0043774396,-0.004360141,-0.004657688,-0.004172301,-0.004319761,-0.0042664106,-0.0041768956,-0.0042127767,-0.004195275,-0.0045528156,-0.0045334245,-0.0046092863,-0.0043126117,-0.004398754,-0.0044254926,-0.004329594,-0.0045979517,-0.004389779,-0.004630845,-0.0045791673,-0.004094537,-0.004625635,-0.004367157,-0.004450455,-0.0040669763,-0.004585318,-0.004620304,-0.004635918,-0.004388835,-0.0045844563,-0.00407466,-0.004511321,-0.004358503,-0.0041728434,-0.004479688,-0.0045914426,-0.004608295,-0.0041103708,-0.0041747517,-0.004634563,-0.0042313053,-0.0045483117,-0.0046390095,-0.0044385255,0.9962167,-0.00412246,-0.0045675635,-0.0042274143,-0.0041523003,-0.0040954566,-0.0042029163,-0.0040653427,-0.004585816,-0.0046466906,-0.004469487,0.9965123,-0.0043973816,-0.0041460553,-0.0046803695,-0.004132696,-0.004231024,-0.004326141,-0.004527447,-0.004153591,-0.0046029035,-0.004415767,-0.0042066462,-0.0043439055,-0.004064588,-0.0040540136,-0.0044089053,-0.004164469,-0.0041092904,-0.0040818257,-0.0040838677
-0.0051407884,0.9950175,-0.0054460918,-0.005448082,-0.005495927,0.9947092,0.0,-0.005415157,-0.005089705,0.99500394,-0.0054651317,-0.0054485933,-0.005385972,-0.0053114216,-0.0050676884,-0.0053213616,-0.0050193584,-0.0054471013,0.9949914,-0.0050722584,-0.005312412,-0.0054629645,-0.0052977526,-0.005122478,-0.0052898834,-0.005397876,-0.0054759798,-0.0051559145,-0.005340778,-0.0052237716,-0.0052894847,-0.0050590313,-0.005493678,-0.005281018,-0.005197174,-0.0052950555,-0.005286003,-0.0054875873,-0.0052743177,-0.0051846467,-0.0051719034,-0.005069848,-0.005147296,-0.0051141772,-0.00540195,-0.0054015997,-0.0054773553,-0.005223158,-0.0052846405,-0.0053054052,-0.0052683875,-0.005451863,-0.0053045712,-0.0054823626,-0.00540974,-0.005029724,-0.0054493006,-0.0052867094,-0.0053028218,-0.005008815,-0.005450224,-0.005468819,-0.005455807,-0.0053066113,-0.0054038875,-0.0050700256,-0.0054038204,-0.0053061577,-0.0051669534,-0.0053211655,-0.005452127,-0.0054371892,-0.005026724,-0.0051198513,-0.005464105,-0.0051495433,-0.0054085976,-0.005485096,-0.0053033414,0.9947985,-0.005053076,-0.005402011,-0.0051861755,-0.005090206,-0.005007841,-0.0051066005,-0.0050159483,-0.005434432,-0.0054803053,-0.005292562,0.9950097,-0.0053178635,-0.0050931014,-0.0054953774,-0.005102654,-0.006136166,-0.005215397,-0.0053846845,-0.005055491,-0.005470152,-0.005292981,-0.005106542,-0.005237696,-0.0050256765,-0.0050627035,-0.0053078593,-0.005229473,-0.0050597093,-0.0049983095,-0.004985398
0.0011602277,0.9965626,0.0024542743,0.0024073378,0.0027312415,0.9960526,0.0002258957,0.0,0.0004258963,0.99654716,0.0025071392,0.0024465101,0.0022176444,0.0019475642,0.00045763078,0.0020139033,0.00024368355,0.0024518117,0.996511,0.0002942328,0.0016044312,0.002483632,0.0018222851,0.0011909726,0.0018391431,0.002259216,0.0025670798,0.001265262,0.0020373247,0.0015144837,0.0017862556,0.00037650912,0.0027340723,0.0015971455,0.0013161534,0.0017030373,0.0016176034,0.0027059333,0.00071713445,0.0012851107,0.0011789638,0.00030679692,0.0012267255,0.0010507861,0.0022787661,0.002262987,0.002601096,0.0014393317,0.0018635101,0.0017682408,0.0015656136,0.0024321384,0.001774392,0.0026605478,0.0023075005,0.00022989619,0.0024276914,0.0016601088,0.0019120402,0.00021506168,0.0024183742,0.0025595655,0.00247685,0.0016888672,0.0022832502,0.00034090923,0.002203438,0.0016699099,0.0005124946,0.0019845688,0.0024186512,0.0023915272,0.00022335377,0.0010473611,0.0025183663,0.0012008057,0.0022605825,0.0026918736,0.0017342332,0.9959375,0.00031969612,0.0022589937,0.0013250373,0.00084797427,0.00022931836,0.00093789294,0.00025563096,0.0023937344,0.0026045751,0.0018193094,0.9965407,0.0017717646,0.00092998834,0.0027777576,0.0009316592,0.0014676879,0.0013949247,0.002209003,0.00030176234,0.0025058372,0.0018075354,0.0010799867,0.0015044343,0.00015112058,0.00028734218,0.0016944854,0.00069701165,0.00030029696,0.00015431653,0.0002324878
-0.0057231323,0.9947677,-0.0058638123,-0.005866766,-0.0058757425,0.9944211,-0.0057501476,-0.0058540953,0.0,0.99473727,-0.0058763954,-0.0058722496,-0.0058354987,-0.005784622,-0.0058371904,-0.005789849,-0.005757646,-0.005868143,0.9947223,-0.0057933275,-0.0058252686,-0.005875971,-0.005789436,-0.0057116407,-0.0057702316,-0.0058422172,-0.0058823014,-0.005721567,-0.0058030635,-0.0057609743,-0.005778964,-0.0057065254,-0.0058745365,-0.0057975766,-0.00574522,-0.005800729,-0.005797378,-0.0058715516,-0.006088965,-0.0057368875,-0.0057370933,-0.0057232506,-0.005719383,-0.005714709,-0.005843309,-0.005842907,-0.005877761,-0.0057572015,-0.0057689734,-0.005802361,-0.0057876343,-0.00587505,-0.005794901,-0.00587815,-0.005851957,-0.0056974073,-0.0058688642,-0.0057942844,-0.005783868,-0.0057164365,-0.0058710896,-0.0058770888,-0.0058712387,-0.0058153565,-0.005844514,-0.0057199746,-0.0058480394,-0.00580818,-0.00594666,-0.0057879183,-0.0058730044,-0.0058701574,-0.0057492857,-0.005712699,-0.005878792,-0.0057234596,-0.005848561,-0.005874973,-0.005804558,0.9945041,-0.0057918015,-0.0058426238,-0.005735672,-0.0057030446,-0.0057402765,-0.005713227,-0.005697659,-0.0058638672,-0.005872131,-0.00578451,0.99475324,-0.0058098184,-0.0057099834,-0.0058716745,-0.0057101403,-0.0069531347,-0.0057562967,-0.0058317934,-0.005711037,-0.005878782,-0.0057797,-0.0057069752,-0.0057709585,-0.005715564,-0.0057649654,-0.005810855,-0.006031093,-0.005706089,-0.005698256,-0.0056815827
-0.0029649232,0.99758196,-0.003179559,-0.0031863726,-0.003239194,0.997385,-0.0030251306,-0.0031781963,-0.0031417196,0.0,-0.0032044845,-0.0031728258,-0.0031541286,-0.0031144186,-0.0030896338,-0.0031271335,-0.003028189,-0.0031689752,0.99765813,-0.0030226759,-0.0030999484,-0.0031831888,-0.0030978124,-0.0029976566,-0.0030961528,-0.003165681,-0.0032289985,-0.0029827913,-0.0031333256,-0.0030480463,-0.0030921316,-0.0029119237,-0.0032352253,-0.0030528416,-0.0030539513,-0.00306903,-0.0030488214,-0.0032344013,-0.0032108552,-0.0030437743,-0.00302126,-0.002963244,-0.0029786092,-0.002980369,-0.0031712826,-0.0031581405,-0.0031944388,-0.003030675,-0.0030748341,-0.0030876193,-0.0030305951,-0.0031662101,-0.0030692879,-0.0032052374,-0.0031766847,-0.0029415211,-0.0031925228,-0.003056693,-0.0031174475,-0.0029635523,-0.003183803,-0.0031927053,-0.0031904134,-0.0030739189,-0.0031924287,-0.0028978318,-0.0031436975,-0.003050696,-0.0031576506,-0.0031161485,-0.003169839,-0.0031907568,-0.003018822,-0.0029565352,-0.003201544,-0.002995336,-0.0031549975,-0.0032117546,-0.00310363,0.9974749,-0.0030617134,-0.0031703857,-0.002988838,-0.002950222,-0.0030001518,-0.0029891443,-0.0029172774,-0.0031916576,-0.0032051024,-0.0031161716,0.9976391,-0.0030713985,-0.0029425137,-0.0032552765,-0.0029364785,-0.0033736103,-0.0030390576,-0.003156625,-0.002963197,-0.0031803362,-0.003096124,-0.0029824548,-0.0030480123,-0.0029325422,-0.0029976368,-0.0030811,-0.0031912138,-0.0029298651,-0.0029541166,-0.0029447977
0.0028374775,0.9986931,0.0036496706,0.0036422643,0.003795843,0.9983519,0.002596258,0.0035893572,0.002752343,0.9984215,0.0,0.0036584854,0.003510882,0.0033519377,0.0027608848,0.0033847531,0.0025853727,0.0036586777,0.9983591,0.002634228,0.0032077124,0.0036873391,0.0032811584,0.0028671613,0.0032920856,0.0035321198,0.0037264486,0.0028840967,0.0034075512,0.003081682,0.0032699332,0.0025568702,0.0037922557,0.003183566,0.0029691078,0.0032149774,0.0031851674,0.0037765806,0.0030351658,0.002933844,0.0029039085,0.0026117065,0.0028728172,0.002757373,0.0035549605,0.0035400805,0.00372805,0.003059895,0.0032811968,0.00326112,0.0031511234,0.0036596484,0.0032582588,0.003757856,0.0035580208,0.0025295021,0.0036568057,0.0031949668,0.0033329085,0.0025543934,0.0036436068,0.0037171303,0.0036770464,0.0032366293,0.0035556382,0.002553069,0.0035178936,0.0032114945,0.002850609,0.0033706324,0.0036481454,0.0036083653,0.0025735633,0.0027288552,0.0036981506,0.0028619813,0.0035539814,0.0037721018,0.0032481595,0.99819964,0.0026511743,0.0035328474,0.0029553815,0.0027014567,0.0025712152,0.0027338646,0.0025157088,0.0036180862,0.0037391065,0.0032721094,0.99849266,0.0032653555,0.0026591492,0.003815671,0.0027042443,0.0037020731,0.003023847,0.0035113355,0.002544716,0.0036919843,0.00327129,0.0027491215,0.0031110276,0.0025211442,0.0026121777,0.0032308262,0.0029905366,0.0025705057,0.0025021683,0.0025154825
0.002212573,0.99769574,0.0031348967,0.0031237535,0.0033305546,0.9976164,0.0019376319,0.003091853,0.0021072244,0.9975387,0.003190353,0.0,0.0029809603,0.0027948678,0.0021210087,0.0028220867,0.0019334038,0.003167344,0.9974686,0.0019820586,0.0026246004,0.003178986,0.0027256894,0.002249546,0.0027230375,0.0030136672,0.0032367064,0.0022760557,0.00318059,0.0025026829,0.002694861,0.0018909781,0.003325776,0.0025949432,0.0023654436,0.0026299895,0.0026038638,0.0033063267,0.002403647,0.0023256557,0.002278173,0.0019505277,0.0022568777,0.0021301163,0.003019102,0.0033316403,0.0032311876,0.002464608,0.0027293349,0.0026891835,0.00256188,0.003215892,0.002673781,0.0032733704,0.0030427913,0.0018617352,0.003151549,0.0026137843,0.0027772938,0.001897787,0.0031369291,0.0032288039,0.0031704663,0.002660762,0.003035266,0.0018807385,0.002975241,0.0026236554,0.0022093256,0.0028487123,0.003454229,0.0030856903,0.00191402,0.0020965429,0.0032201423,0.002244232,0.003013998,0.0032962905,0.0026581348,0.9974428,0.0020007456,0.0030027262,0.0023528342,0.0020570552,0.0019235228,0.0020929573,0.0018512118,0.003102641,0.003246035,0.0027266087,0.9975709,0.0026872521,0.002005651,0.0033619266,0.0020606113,0.0030894268,0.0024171092,0.0029817617,0.0018768781,0.0031808682,0.002700193,0.0021216855,0.0025170057,0.0018526289,0.0019616478,0.0026470434,0.0023628706,0.001913543,0.001839731,0.0018629701
0.0005223795,0.99619985,0.0018182105,0.0017892056,0.00213298,0.9957394,1.1346286e-05,0.0017425083,1.8964564e-06,0.99620795,0.0018848093,0.0018154102,0.0,0.0013331228,-1.0435858e-05,0.001394119,1.8061464e-05,0.0018150934,0.9961913,6.4955334e-06,0.0010077363,0.0018550107,0.0011802382,0.000596185,0.001210859,0.0016270704,0.001950268,0.0006181231,0.0014165422,0.0008629788,0.0011731375,0.00014995389,0.0021290858,0.00096647773,0.0007165003,0.0010657511,0.0009775141,0.0021007687,7.174221e-05,0.00065950496,0.0006066725,-2.3556979e-05,0.0005863003,0.00044721918,0.0016598435,0.0016445939,0.0019791303,0.00080894114,0.0012466337,0.0011383971,0.00093545765,0.0018108645,0.0011490729,0.0020484768,0.0016769421,1.2659482e-05,0.0018008979,0.0010158883,0.0012937095,1.21669245e-05,0.0018317881,0.0019298224,0.0018410147,0.0010432204,0.0016661227,0.00013141446,0.0015904533,0.0010342508,-1.6840058e-05,0.0013552023,0.0018136392,0.0017637513,3.9463653e-06,0.00040071513,0.001883708,0.00057322416,0.001639698,0.002070534,0.0011130853,0.99632573,-6.959301e-06,0.0016415756,0.00069811,0.00036019657,-1.2068158e-05,0.00039592333,-1.4583454e-05,0.0017822998,0.0019944801,0.001186104,0.9962077,0.0011319584,0.00028966114,0.0021733753,0.00035592265,0.0007668228,0.0007704892,0.001590361,0.00016152108,0.0018834752,0.0011827266,0.00043688418,0.0008722936,-2.1637457e-05,-1.0025451e-05,0.0010658122,6.3112675e-05,0.00020685076,9.510264e-07,0.00010875789
2.2817072e-05,0.9957283,0.00057689974,0.0005593554,0.0008526985,0.9959312,-7.2950347e-06,0.0005410463,-1.0876847e-05,0.99574906,0.0006384574,0.0005644311,0.00040418326,0.0,1.0659904e-05,0.00020462085,3.7096045e-06,0.0005814976,0.9957576,-5.758542e-06,-9.987685e-06,0.0006115655,1.2395031e-05,-9.294602e-06,3.897866e-05,0.00042525,0.00068956526,1.1923649e-05,0.00023008019,-1.6660597e-05,8.005451e-06,-1.17153095e-05,0.00085428375,2.3283314e-05,8.302501e-06,1.5772339e-05,2.9619388e-05,0.0008340158,-1.8540097e-05,-1.9980355e-06,8.364122e-06,-1.4078625e-05,-1.4719521e-05,-2.2495658e-06,0.00047253704,0.00046279022,0.00072138535,2.4165705e-05,6.8524285e-05,-1.1181765e-05,-3.70792e-06,0.0005890312,-3.1997527e-06,0.00078067166,0.00048159176,-8.610552e-06,0.0005542469,3.0686213e-05,0.00012286236,-4.4029343e-06,0.00060416636,0.00067033357,0.00059572025,-1.4391244e-05,0.00047120207,-2.6523446e-06,0.0003962653,-3.067787e-06,4.791754e-06,0.00017139399,0.0005679304,0.0005584621,-8.574069e-06,1.233323e-05,0.0006176367,-1.8017518e-05,0.000440765,0.0008020486,1.6921156e-05,0.99585664,-1.0371741e-05,0.00044556058,-4.1527114e-06,-1.3006018e-05,-1.12602975e-05,5.0435883e-06,2.105334e-05,0.0005810101,0.0007427905,2.0710273e-05,0.9957471,2.887874e-05,4.0038212e-06,0.00088208553,2.432294e-05,2.5095987e-05,4.8692345e-06,0.00040235068,-3.211152e-07,0.0006369186,1.9867764e-05,-1.7009685e-05,-9.879035e-06,-6.024739e-07,-1.4550947e-05,2.5982035e-05,-1.2956231e-05,-1.5110538e-05,1.7458435e-05,7.005848e-06
-0.0056736954,0.99479353,-0.0058257836,-0.0058285515,-0.005839585,0.99445045,-0.005696234,-0.0058097015,-0.0058103395,0.9947648,-0.005835621,-0.005830716,-0.005792997,-0.0057409443,0.0,-0.0057467036,-0.0057027196,-0.005827259,0.99475193,-0.005745245,-0.005781402,-0.00583523,-0.005744719,-0.0056623276,-0.00572753,-0.0057995585,-0.0058403444,-0.0056712176,-0.0057607642,-0.0057114605,-0.0057308194,-0.005657185,-0.0058357622,-0.005752229,-0.0056994143,-0.005757617,-0.0057521765,-0.0058363406,-0.006040842,-0.0056914645,-0.00569247,-0.005673915,-0.0056741545,-0.0056604776,-0.0058002635,-0.0058029466,-0.005838941,-0.005713811,-0.0057216384,-0.0057559037,-0.005740281,-0.005833948,-0.005750689,-0.0058423155,-0.005810058,-0.005642054,-0.005831886,-0.005748874,-0.0057358677,-0.005654565,-0.005832475,-0.005837182,-0.0058324467,-0.005767476,-0.0058027,-0.005671429,-0.005804601,-0.0057625463,-0.005870975,-0.005744956,-0.0058337757,-0.0058283173,-0.0056932275,-0.005660336,-0.005838946,-0.005667279,-0.0058073555,-0.0058386372,-0.005755263,0.9945332,-0.005739788,-0.005800983,-0.005691056,-0.0056566666,-0.0056821294,-0.005670897,-0.0056463685,-0.0058245906,-0.0058361096,-0.0057411315,0.99478024,-0.0057621733,-0.0056605404,-0.0058358847,-0.005660347,-0.006890251,-0.005708331,-0.005789645,-0.005654718,-0.0058393115,-0.005733148,-0.0056574484,-0.005722513,-0.0056494987,-0.0057104956,-0.005766962,-0.005956454,-0.00565382,-0.005640843,-0.0056165536
1.2619402e-05,0.99578655,0.00076257833,0.0007301339,0.0010434084,0.9959991,8.389513e-06,0.00071875483,8.554434e-06,0.99580455,0.00080981397,0.0007458573,0.0005740487,0.00031103895,-1.8625236e-05,0.0,-6.29754e-06,0.00076199876,0.9958108,-5.8419837e-06,-2.1081196e-05,0.00078989315,0.00017562411,-1.2137817e-05,0.00019851976,0.0005941551,0.00086682884,7.920431e-06,0.00039495382,-1.2814037e-05,0.00015964542,1.6268983e-05,0.0010387247,1.38171445e-05,-2.1319586e-06,8.1590195e-05,2.1476233e-05,0.0010172589,-2.0618922e-05,-1.339148e-06,-4.4995577e-06,1.5687036e-05,-1.8300963e-05,-8.613591e-06,0.0006379629,0.00062870316,0.0009066864,1.9232959e-05,0.00023489568,0.000148839,-7.789392e-06,0.0007635944,0.0001573848,0.0009671653,0.0006545941,1.9111667e-05,0.0007330081,3.1825246e-05,0.00028635736,1.8716248e-05,0.00078387884,0.0008599849,0.0007764619,4.7448146e-05,0.00063980307,-2.0157797e-05,0.0005478071,4.653762e-05,-7.772248e-06,0.0003336274,0.0007386953,0.00072491355,-2.25741e-06,6.777126e-07,0.0008003364,-1.3653543e-05,0.000605486,0.0009924688,0.00012693871,0.9959092,-5.7728664e-07,0.00061537145,-6.4278393e-06,1.67588e-05,-7.4965724e-06,-1.1350224e-05,1.2049441e-05,0.00075120904,0.00091339217,0.0001848826,0.99579716,0.00014279246,-9.800702e-06,0.0010709134,1.5169987e-05,-1.0908815e-05,-4.3138634e-06,0.00057198026,-1.719902e-05,0.0008127274,0.00018245247,-1.1084879e-05,2.484465e-05,-2.0068146e-05,1.1453806e-05,7.178768e-05,-1.9212806e-05,1.9979547e-05,-2.6462328e-06,-2.7542021e-06
-0.0051576467,0.9950111,-0.005461857,-0.0054604523,-0.0055082524,0.99469393,-0.005028991,-0.0054291203,-0.0051068044,0.99499434,-0.0054799407,-0.0054674037,-0.0054000383,-0.005330317,-0.0050778417,-0.0053391806,0.0,-0.0054624924,0.994981,-0.0050635347,-0.005323683,-0.005477831,-0.005316944,-0.0051543415,-0.0053043435,-0.0054151486,-0.0054910774,-0.0051695644,-0.0053535663,-0.0052472223,-0.005304556,-0.005057092,-0.005506349,-0.005302248,-0.0052116564,-0.0053114397,-0.0053003244,-0.005500691,-0.005278819,-0.0051998743,-0.0051931906,-0.0050861225,-0.0051719206,-0.0051266616,-0.005416454,-0.00541928,-0.005488246,-0.0052407505,-0.0053005232,-0.0053178463,-0.0052832346,-0.00546557,-0.0053200494,-0.0055000097,-0.0054247323,-0.0050471677,-0.0054640914,-0.0053041438,-0.0053217243,-0.0050527053,-0.0054639103,-0.0054836352,-0.005471697,-0.005330343,-0.005414007,-0.0050802687,-0.005418547,-0.005329399,-0.005204854,-0.005334419,-0.0054677394,-0.00545377,-0.0050479346,-0.0051398743,-0.005478503,-0.005170522,-0.0054232124,-0.005496553,-0.0053204,0.99478465,-0.0050695273,-0.0054153977,-0.0052039064,-0.0051124417,-0.0050100726,-0.005127559,-0.005039835,-0.005449122,-0.0054909694,-0.0053088516,0.99499875,-0.005335241,-0.0051101367,-0.005507635,-0.0051229238,-0.0061500715,-0.0052296733,-0.0053979936,-0.005063959,-0.0054852488,-0.0053084097,-0.005123546,-0.0052596745,-0.0050457628,-0.005080395,-0.0053262375,-0.0052571595,-0.0050769695,-0.0050290623,-0.0050001587
0.002017229,0.9973822,0.003322177,0.003292386,0.003205567,0.99735475,0.0017132595,0.0030932997,0.0019012858,0.9972481,0.0030671929,0.003057145,0.0031394155,0.0029428366,0.001913833,0.0030563967,0.0017136048,0.0,0.9971945,0.0017718639,0.0024410426,0.0030970548,0.002620829,0.0020501025,0.00285761,0.0029283918,0.0030989044,0.002088827,0.003071593,0.0023230086,0.002525523,0.0016693842,0.0032066382,0.0024543037,0.0021685238,0.002449932,0.0024499637,0.0031856368,0.0021993457,0.0021342377,0.00208163,0.0017254773,0.0020711864,0.0019174106,0.0032606034,0.0032257228,0.0034163971,0.0022999516,0.0025645322,0.0025385227,0.002383758,0.0034782756,0.0024916779,0.0031288778,0.0029408594,0.0016412667,0.0032912844,0.0024448761,0.0026178912,0.0016931009,0.0032988766,0.003176024,0.0033385088,0.0025179866,0.0032223188,0.0016562496,0.0031651712,0.0024494836,0.0020070684,0.0029421912,0.0033690624,0.0032763858,0.0017019217,0.0019006,0.0031714214,0.0020501863,0.003236665,0.0031802354,0.002807515,0.9971755,0.0017938858,0.0031781732,0.0021588504,0.0018455806,0.0017050232,0.001879205,0.0016381132,0.0032742347,0.0031472007,0.0026016573,0.9972693,0.0025280127,0.0017990749,0.003251154,0.001858081,0.0029032424,0.0022315574,0.0031260357,0.001659388,0.0033613634,0.0025217633,0.0019192836,0.0023472353,0.0016405026,0.0017576843,0.0024661003,0.0021632116,0.0016934585,0.0016206703,0.0016481822
-0.0030328277,0.9975999,-0.003265802,-0.0032728554,-0.003326791,0.9973685,-0.0030847294,-0.0032613093,-0.0032024633,0.9976528,-0.003292371,-0.0032581065,-0.0032347573,-0.0031934397,-0.003151942,-0.0032062943,-0.00309071,-0.0032547202,0.0,-0.0030850107,-0.0031778982,-0.0032709595,-0.003175888,-0.00306539,-0.0031736197,-0.0032484138,-0.0033171582,-0.0030517546,-0.00321391,-0.0031214382,-0.003169789,-0.0029760834,-0.0033226872,-0.0031283435,-0.0031257055,-0.0031447625,-0.003123719,-0.0033219592,-0.0032726233,-0.0031155813,-0.0030909812,-0.003028839,-0.0030469364,-0.0030473396,-0.003254242,-0.0032410212,-0.0032817633,-0.0031030437,-0.0031506782,-0.003164943,-0.0031048101,-0.0032526988,-0.0031458805,-0.0032924733,-0.0032608805,-0.0030043803,-0.0032790257,-0.0031317878,-0.0031958516,-0.0030251036,-0.0032690412,-0.0032793123,-0.0032778394,-0.0031502012,-0.0032764517,-0.0029617383,-0.0032256423,-0.0031261703,-0.0032213225,-0.0031959156,-0.0032557824,-0.0032766815,-0.0030812356,-0.00302464,-0.00328823,-0.0030646035,-0.003238243,-0.0032993464,-0.0031821115,0.9974624,-0.0031231795,-0.003253866,-0.0030582217,-0.0030163093,-0.0030612976,-0.0030562421,-0.0029803605,-0.0032761088,-0.0032928968,-0.003194307,0.9976556,-0.003148371,-0.0030091382,-0.0033429689,-0.0030024631,-0.0034363898,-0.0031121701,-0.0032381483,-0.0030277935,-0.0032672125,-0.0031728123,-0.0030492647,-0.0031218876,-0.0029949492,-0.0030580414,-0.0031581465,-0.0032531049,-0.0029929762,-0.0030171361,-0.0030071563
-0.0053354236,0.994942,-0.005582288,-0.005583743,-0.005618199,0.9946171,-0.005304742,-0.005562469,-0.005382269,0.9949214,-0.0056020566,-0.0055903397,-0.0055382666,-0.0054727886,-0.005357744,-0.005479961,-0.0052902796,-0.0055889715,0.99491084,0.0,-0.005491159,-0.0056013195,-0.00546306,-0.005345112,-0.005450241,-0.0055463472,-0.0056109712,-0.0053389044,-0.0054955166,-0.005406617,-0.005457145,-0.005285496,-0.0056144414,-0.005458723,-0.0053830394,-0.005466981,-0.005455656,-0.005611745,-0.0055782376,-0.005369303,-0.0053686863,-0.005308703,-0.0053398376,-0.005324199,-0.00554753,-0.005550004,-0.005607384,-0.0054031997,-0.005448453,-0.005470592,-0.0054441513,-0.005593021,-0.0054679667,-0.005616992,-0.005556199,-0.0052608806,-0.005587971,-0.0054572574,-0.005469157,-0.0052678916,-0.005589921,-0.0056039817,-0.0055935862,-0.005478799,-0.0055486634,-0.0052828207,-0.005550753,-0.0054733725,-0.0054255542,-0.0054758466,-0.0055921357,-0.0055826604,-0.005276723,-0.00531288,-0.005601124,-0.0053399242,-0.0055563096,-0.0056103263,-0.0054766345,0.9946959,-0.0053185467,-0.0055468646,-0.0053654085,-0.005311165,-0.005275354,-0.005321386,-0.0052597793,-0.005577219,-0.005606866,-0.005458439,0.9949356,-0.0054800794,-0.0053049973,-0.0056167063,-0.005306561,-0.0064274953,-0.005395166,-0.0055319034,-0.005282482,-0.0056039584,-0.0054536187,-0.005315498,-0.0054221656,-0.0052557425,-0.005290601,-0.005477493,-0.0055334955,-0.0052766586,-0.0052426634,-0.0052311523
-4.8564427e-05,0.994292,-0.0017817904,-0.0017581203,-0.0021266842,0.9945085,-3.656627e-05,-0.0015864201,-1.9580077e-05,0.99428225,-0.0019621232,-0.0017920205,-0.0013423479,-0.0009827836,-7.481645e-06,-0.0010859469,-4.5665995e-05,-0.0017431288,0.9942497,-3.3199605e-05,0.0,-0.0019207462,-0.00079937786,-4.6365498e-05,-0.0008485115,-0.0014773075,-0.0019819888,-2.7558932e-05,-0.00122017,-0.0001650483,-0.00097125926,-7.361398e-06,-0.0020634804,-0.00037095146,-4.6637208e-05,-0.00055948825,-0.00041576766,-0.0022620459,-3.7511458e-05,-5.7304736e-05,-4.9696755e-05,-1.7036837e-06,-5.7610065e-05,-1.200755e-05,-0.0014745415,-0.0014814964,-0.002082068,-9.351941e-05,-0.00084912323,-0.0006704524,-0.00024614786,-0.0017556902,-0.00072102185,-0.002168131,-0.0014879485,-8.603656e-06,-0.001789429,-0.00049120944,-0.000955637,-3.3352822e-05,-0.0015659407,-0.0020320937,-0.00196363,-0.00056603,-0.0015043323,-3.8793423e-05,-0.0014104637,-0.0005188921,-7.507642e-06,-0.0010477352,-0.0017381128,-0.0016755499,-1.0528199e-05,-3.0765987e-05,-0.0018212204,-7.176844e-05,-0.0014778861,-0.0021960123,-0.0006991982,0.9945349,-1.6766007e-05,-0.0014298543,-8.341034e-05,-2.8141789e-05,-1.988208e-05,-9.411887e-06,-1.4496673e-05,-0.0016402182,-0.0021137893,-0.0007783807,0.99468184,-0.00072864885,-3.5041487e-06,-0.0021142273,-9.261176e-06,-8.561809e-07,-8.1794424e-05,-0.0013599462,-1.35781465e-05,-0.0019407048,-0.0007665621,-2.5890904e-05,-0.00014149981,-2.2397468e-05,-3.6950344e-06,-0.00056500523,-1.5239341e-05,-1.4435367e-05,-1.3974625e-06,-1.713233e-05
0.002727929,0.9984841,0.0035603782,0.0035550613,0.0037180076,0.9981975,0.0024779898,0.0035018516,0.002635431,0.9982235,0.003611953,0.003575137,0.0034186556,0.0032580134,0.002649516,0.0032927592,0.0024637803,0.0035759858,0.99817604,0.0025173193,0.0031026439,0.0,0.0031852662,0.002759406,0.0031908236,0.0034398588,0.0036435218,0.0027721487,0.003315724,0.0029787112,0.0031780137,0.0024329352,0.0037136788,0.003076352,0.0028590946,0.0031101848,0.0030807941,0.0036966426,0.0029276437,0.0028235614,0.0027924562,0.0024917843,0.002763545,0.0026448253,0.0034725368,0.0034499625,0.0036449942,0.0029508648,0.0031843584,0.0031601742,0.0030474388,0.0035746833,0.0031555484,0.00367417,0.0034706616,0.0024038397,0.0035719567,0.0030948312,0.0032408298,0.0024366442,0.0035579894,0.0036316332,0.0035940828,0.003136497,0.0034661957,0.0024248834,0.003427633,0.0031131215,0.0027398732,0.0032779505,0.0035622192,0.0035214287,0.0024547216,0.0026146646,0.0036130915,0.0027534617,0.0034644043,0.003685541,0.0031545507,0.9980496,0.0025276805,0.003441905,0.002844986,0.0025839957,0.0024570557,0.0026194847,0.002398605,0.0035357156,0.0036562486,0.0031767744,0.99829954,0.003163574,0.0025448943,0.0037351868,0.0025863799,0.0035871565,0.0029214036,0.0034192966,0.0024264683,0.0036098808,0.0031729916,0.0026339942,0.0030106618,0.0024006558,0.0024927948,0.0031304539,0.0028776443,0.0024482445,0.0023834861,0.0023986888
-4.4724562e-05,0.99502414,-5.1302806e-05,-6.0049002e-05,-6.360238e-05,0.9952309,1.5008584e-06,-3.0318122e-05,3.7485472e-07,0.9950727,-4.604425e-05,-4.6411227e-05,-3.248858e-05,-4.5377365e-05,-1.5744338e-06,-1.573611e-05,-1.7774628e-05,-5.4596407e-05,0.9950723,-2.743483e-05,-2.8001634e-05,-4.964258e-05,0.0,-4.5770794e-05,-3.9825663e-05,-2.3858373e-05,-6.479413e-05,-3.932115e-05,-4.432589e-05,-1.0405997e-05,-2.1389258e-05,-2.779079e-05,-5.2010084e-05,-2.690959e-05,-3.5752262e-05,-4.510806e-05,-1.292543e-05,-6.384878e-05,-3.0703137e-05,-2.0787507e-05,-8.288875e-06,6.9826757e-07,-3.8888207e-05,-1.1792186e-05,-3.5992976e-05,-3.8312464e-05,-6.11341e-05,-3.8243365e-05,-3.287156e-05,-1.17567e-05,-1.6818794e-05,-2.7959566e-05,-1.3635036e-05,-6.2800485e-05,-2.2078046e-05,-8.046068e-06,-6.5964385e-05,-1.985014e-05,-3.961894e-05,-3.504166e-05,-3.430409e-05,-6.37598e-05,-6.8615685e-05,-3.8839884e-05,-3.0174528e-05,-7.4735647e-07,-2.9862034e-05,-3.3833243e-05,-4.7411236e-06,-1.7725295e-05,-4.2208e-05,-2.637569e-05,-3.2404096e-05,-3.605058e-05,-5.0409566e-05,-1.5432792e-05,-2.9844396e-05,-6.771954e-05,-3.5967427e-05,0.99517906,-1.6310178e-05,-3.91284e-05,-5.66014e-06,-2.5215413e-05,-2.0935728e-05,-3.551622e-05,-3.9137427e-05,-2.9318522e-05,-5.3471507e-05,-3.7832553e-05,0.99506134,-1.211376e-05,-8.490814e-07,-6.971867e-05,-7.914578e-06,9.246473e-06,-3.895109e-05,-3.735509e-05,-3.6536312e-05,-5.282981e-05,-1.1840283e-05,-2.377042e-05,-2.4036177e-05,-4.0118288e-05,-4.439373e-06,-9.26612e-06,-2.090116e-05,-2.823837e-05,-3.4992158e-06,-1.7949396e-05
-0.0009347385,0.9950359,-0.0038321952,-0.0038382574,-0.0042858534,0.99479145,-1.8594448e-05,-0.0035906124,-1.2786189e-05,0.99502856,-0.0039875153,-0.0038509634,-0.0034568938,-0.0030272047,-2.2889665e-06,-0.003077234,-4.9638074e-05,-0.0038255912,0.99501514,-2.6655884e-05,-0.0023410125,-0.0039810212,-0.0027306764,0.0,-0.002884138,-0.003506005,-0.00406297,-0.0010155842,-0.0032621277,-0.0018457011,-0.0029430327,3.1179911e-06,-0.0042806086,-0.0023251586,-0.0014981508,-0.002419876,-0.0023280615,-0.0042465003,-3.8533548e-05,-0.0013984542,-0.001190758,-4.1695388e-05,-0.0010234974,-0.00063483557,-0.0035528631,-0.0035608013,-0.0041035577,-0.0018429619,-0.0028301503,-0.002663859,-0.002197182,-0.0038217378,-0.0027129431,-0.004164213,-0.0035580567,-2.398425e-06,-0.0038479536,-0.0023704804,-0.0029835699,-4.6831152e-05,-0.0038271833,-0.004007008,-0.003929629,-0.0024729003,-0.003557553,-4.21522e-05,-0.0035371196,-0.0024505097,-2.9023543e-06,-0.0030461436,-0.00384554,-0.0036989902,-3.56494e-05,-0.0004864482,-0.003928025,-0.0010476456,-0.0035830976,-0.004183734,-0.0026721382,0.99485886,-4.4824945e-05,-0.0035391778,-0.0013836946,-0.00036095903,-4.887196e-05,-0.00053466164,-4.7107493e-05,-0.0036993932,-0.0041439347,-0.0027203604,0.9950266,-0.0027052988,-0.00012016908,-0.0043315524,-0.00029127573,1.1695093e-05,-0.0017900226,-0.0034550552,4.6101908e-07,-0.0040075337,-0.0027785783,-0.00048674777,-0.0020131057,-4.4910386e-05,-3.949169e-05,-0.00255161,-5.9385957e-07,-3.453822e-05,-1.3371434e-05,-5.241239e-05
-1.6850935e-08,0.9954939,-1.9519548e-05,1.8109005e-05,2.2729626e-05,0.9956884,1.1789754e-05,-1.21124995e-05,1.9691117e-05,0.99552256,6.326096e-07,1.1237111e-05,-2.5652293e-05,-1.7468377e-05,9.589343e-06,-1.839115e-05,-1.5247799e-05,-1.9088739e-05,0.99552923,1.2117462e-05,-1.3150106e-05,-1.8285085e-05,-2.305523e-05,-8.269762e-06,0.0,-1.751537e-05,-2.7866217e-05,-2.0394722e-05,-5.6447416e-06,7.171307e-06,-5.234624e-06,5.2294836e-06,-2.4153842e-05,1.45880485e-05,-7.63108e-06,-2.3279641e-05,-2.3516952e-05,-2.9652854e-05,-1.9253486e-05,-1.0001851e-06,1.02365175e-05,-1.09517705e-05,1.7355943e-06,-1.95275e-05,-1.9546338e-05,2.2324539e-05,1.2078394e-05,-3.2812093e-06,8.659661e-06,1.6497455e-05,-1.1204634e-06,-4.1588123e-06,1.3672643e-05,-1.2445961e-05,-8.337176e-06,1.6616603e-05,1.4221847e-06,-4.9707437e-06,6.0243137e-06,-1.2910125e-05,1.1068064e-06,-2.688005e-05,-1.37461775e-05,-1.2453099e-05,-1.5186309e-05,-1.2321578e-05,8.906013e-06,-8.076069e-06,9.767954e-06,-6.6255024e-07,1.7086601e-06,-1.3006456e-05,1.564623e-05,1.1694264e-05,-9.862319e-06,-7.5878947e-06,5.3880703e-06,-6.281293e-07,-1.2298256e-05,0.9956329,1.3647312e-05,1.6151773e-05,-1.4417499e-05,-1.8601626e-05,7.920065e-06,-1.0192802e-05,1.8153625e-05,7.0239953e-06,9.223103e-06,-1.5026022e-05,0.99551314,1.7938593e-05,1.205496e-05,-2.3281855e-06,-1.9151938e-05,1.3181373e-06,-1.3380752e-05,-2.107852e-05,-2.227774e-05,1.9470044e-06,-1.674567e-05,-2.0463372e-05,-4.2237216e-06,-1.1534199e-05,2.0694833e-06,9.837917e-06,-1.5366519e-05,1.03908715e-05,1.5937941e-05,-6.461438e-07
0.0007008276,0.9963016,0.0020065804,0.0019616014,0.0022947562,0.9958311,1.4399952e-06,0.0019182465,1.3698089e-05,0.9963024,0.0020589344,0.0019964282,0.0017654063,0.001497296,6.990892e-06,0.0015604165,1.560007e-05,0.0020036593,0.9962878,-4.5924394e-06,0.0011344334,0.0020328322,0.0013635888,0.00073723856,0.0013793139,0.0,0.0021188313,0.00080297096,0.001576068,0.0010599591,0.0013282774,0.00031352584,0.0022953574,0.0011368209,0.0008791093,0.0012405982,0.0011581825,0.0022670757,0.0002413042,0.0008374737,0.0007648982,1.3589347e-05,0.0007648365,0.00060617115,0.001826722,0.0018178611,0.0021549023,0.0009742717,0.0014056409,0.0013101143,0.0011088785,0.0019784071,0.0013272818,0.0022245066,0.0018648347,-1.342401e-05,0.0019702967,0.0012013476,0.0014683685,-1.8706245e-05,0.001972696,0.0021100608,0.0020248813,0.0012247042,0.0018373886,0.00030616325,0.0017657123,0.0012218317,7.571513e-05,0.0015312594,0.0019675705,0.0019463097,1.34087695e-05,0.0005946665,0.002067233,0.0007576215,0.0018128867,0.0022545184,0.0012698951,0.99599296,1.3500292e-05,0.0018133654,0.00089322234,0.000517117,-1.9959478e-05,0.00054631755,1.391599e-06,0.0019495373,0.0021615464,0.0013623592,0.9962961,0.0013129688,0.00045727575,0.0023392998,0.00052244373,0.00094827585,0.00094192853,0.001763081,1.2291491e-05,0.002055702,0.0013629938,0.000604349,0.001039983,-1.0038396e-05,-9.05222e-06,0.001243257,0.00022781763,1.1849784e-05,-3.3748288e-06,-1.2214997e-05
0.003215651,0.9994483,0.0039392225,0.003931525,0.004059574,0.9989262,0.0030069102,0.0038811788,0.0031524526,0.99910915,0.003975286,0.0039507,0.003817377,0.003672063,0.0031581204,0.0037003378,0.0029956074,0.0039455635,0.9990209,0.0030424215,0.0035592658,0.0039700842,0.0036091688,0.0032457707,0.0036157188,0.003830527,0.0,0.003255829,0.0037180132,0.0034330823,0.0035955939,0.002973027,0.0040541706,0.0035277386,0.0033359039,0.0035567798,0.0035311286,0.0040418473,0.0034300194,0.003302052,0.003276902,0.0030211564,0.0032463216,0.0031432272,0.003852376,0.0038414726,0.0040059155,0.0034120968,0.003611387,0.0035920145,0.003501625,0.0039412053,0.0035919752,0.0040313704,0.003856405,0.0029460744,0.003944747,0.0035394656,0.0036535093,0.002969111,0.003937767,0.003996744,0.003962747,0.0035787097,0.0038543753,0.0029708804,0.0038264252,0.0035575381,0.0032510762,0.0036839333,0.0039415695,0.0039020448,0.0029863678,0.0031208568,0.0039856727,0.0032327683,0.0038511157,0.0040407963,0.0035908667,0.9987792,0.0030562633,0.0038339149,0.003322965,0.003093211,0.0029837624,0.003124585,0.0029326507,0.00391353,0.0040101297,0.0036024759,0.9991926,0.0035977594,0.0030606186,0.004072951,0.0030970979,0.00406864,0.0033826914,0.0038113706,0.0029581634,0.003975491,0.0036054773,0.0031357734,0.0034683382,0.0029361884,0.003022218,0.0035728868,0.0033876728,0.0029835196,0.0029189796,0.00292982
-0.0009078566,0.9950187,-0.0037353968,-0.003781374,-0.004232394,0.9947717,-4.949106e-05,-0.0034059077,-1.2845956e-05,0.9950062,-0.003915085,-0.003769301,-0.0033987209,-0.0029830772,-2.1610542e-05,-0.0030378054,-8.675572e-06,-0.003749437,0.9949969,-6.5110553e-06,-0.0024236173,-0.0039045434,-0.0026464334,-0.0010058804,-0.0028437108,-0.0034003924,-0.0039969357,0.0,-0.003223458,-0.0017077021,-0.0028332549,-4.135519e-05,-0.0042185276,-0.0022915264,-0.001470273,-0.0023281428,-0.0022805927,-0.004186496,-3.4043922e-05,-0.0013606208,-0.0011564394,-7.569422e-05,-0.0009254913,-0.00062862854,-0.0033992506,-0.0034787334,-0.0040273364,-0.0018282918,-0.0027908597,-0.0026169044,-0.0021708186,-0.0037714164,-0.0026609737,-0.004082245,-0.0034576529,-2.4753554e-05,-0.00377945,-0.0022895797,-0.0029374221,-1.2281612e-05,-0.003790785,-0.0039189765,-0.0038608261,-0.0023876335,-0.0034779906,-4.6118672e-05,-0.003468614,-0.002391126,-1.552072e-05,-0.0029835338,-0.003786063,-0.0035867577,9.000719e-07,-0.00032183883,-0.0038499848,-0.0010281698,-0.0035090921,-0.00409217,-0.0026565192,0.9948328,4.52708e-06,-0.003450766,-0.0013063448,-0.00040898786,-6.8538716e-06,-0.00060875714,-5.3913285e-05,-0.0036237692,-0.004075931,-0.0026393933,0.99501044,-0.002609725,-0.00014203416,-0.0042618345,-0.00026860466,-1.7906206e-05,-0.0017504309,-0.0033973844,-7.984828e-06,-0.003925975,-0.0027206044,-0.0004025259,-0.0020053566,-2.740447e-05,1.4800029e-06,-0.0024995513,3.6294848e-06,-2.0826898e-05,-3.8558486e-05,-3.4910914e-05
-1.0194199e-06,0.9958743,0.0010731723,0.0010716245,0.0014177817,0.99612516,-1.4627319e-05,0.0010292213,5.6648687e-06,0.99588025,0.0011579463,0.0010716058,0.00088449393,0.00062575703,-2.2737911e-05,0.00068056036,-5.0870963e-06,0.0010723439,0.9958914,1.2233673e-05,0.00024655662,0.0011349168,0.00047635523,-2.4202627e-05,0.0005162083,0.00089410634,0.0012057116,-1.1292857e-05,0.0,0.00015406347,0.00053920667,1.6386866e-05,0.0014051045,0.00026759208,2.0753834e-05,0.00036225142,0.0002771758,0.0013848831,-2.8920479e-06,2.2447824e-05,1.5922045e-05,-1.129234e-05,1.2702098e-05,-3.2301668e-06,0.0009579695,0.000941073,0.0012499469,0.00010074573,0.00053641625,0.0004466437,0.0002263685,0.0010948828,0.000447849,0.0013146049,0.000959382,1.4938845e-06,0.0010789284,0.00032447657,0.00058536726,1.3089476e-05,0.0011047795,0.0011822279,0.0011311874,0.0003430212,0.00096129015,-1.0591784e-05,0.0008813249,0.00033252663,1.8566825e-05,0.00064142887,0.0010696341,0.0010482266,-1.1621285e-05,-1.78576e-05,0.0011173151,1.5551184e-05,0.0009433625,0.0013357745,0.000453963,0.99600804,-1.7240272e-05,0.0009302361,1.2085587e-05,-6.334623e-06,-2.2938799e-05,-1.6363445e-05,-4.1912085e-06,0.0010704031,0.0012830601,0.00047958625,0.9958912,0.000437565,1.55665e-05,0.0014384446,-1.3146576e-05,7.846297e-06,8.199221e-05,0.00088114286,-2.307677e-05,0.0011585832,0.0004786886,1.1595408e-05,0.00017232221,9.887087e-06,-5.3431304e-06,0.00036995675,-2.9375733e-06,1.9870557e-05,3.056701e-06,-2.8175793e-06
-6.1127044e-05,0.9946678,-0.0026404143,-0.0027261025,-0.0033387577,0.99439806,-1.31726465e-05,-0.0023565823,-1.3029429e-05,0.99464154,-0.0028716193,-0.0027031754,-0.0022666762,-0.001883584,-4.0594623e-05,-0.0019319061,-3.132397e-05,-0.0026590098,0.9946376,-1.3303313e-05,-0.0012258998,-0.002862067,-0.0014973979,-8.777777e-05,-0.0017098438,-0.002255136,-0.0030097736,-1.5486457e-05,-0.0020834228,0.0,-0.0017437264,-3.241288e-05,-0.0033230372,-0.0010407506,-0.00024946744,-0.0010668245,-0.0010087271,-0.0032605152,1.1274179e-05,-0.00014187863,-9.7519456e-05,-5.213732e-06,-8.7429005e-05,-6.910017e-05,-0.002398147,-0.0023751114,-0.0030430062,-0.0005114754,-0.0016165593,-0.001421862,-0.00086985994,-0.0026945518,-0.001477141,-0.0031225432,-0.0023444158,-3.855081e-05,-0.002766916,-0.0009885095,-0.001814211,-2.3394776e-05,-0.0027089706,-0.0028794212,-0.0028054682,-0.00118124,-0.00239251,-7.6468195e-06,-0.0023665451,-0.0011113988,-3.0164741e-05,-0.0018728409,-0.00272948,-0.00251528,-3.5325593e-05,-4.6700035e-05,-0.002777961,-3.769917e-05,-0.0024209477,-0.003135658,-0.0014759777,0.99446875,-3.157195e-05,-0.0023526873,-7.669638e-06,-6.281308e-05,-3.048395e-05,-5.1194333e-05,-3.6435653e-05,-0.0025550476,-0.003116167,-0.0014788773,0.99465144,-0.0014373801,-1.5690619e-05,-0.0033695588,-5.813581e-05,-1.3394409e-05,-0.00042399677,-0.0022340864,-3.236943e-05,-0.002904061,-0.001526561,-6.938712e-06,-0.00069690315,-8.456687e-06,-3.7961894e-05,-0.0012679292,-1.4709091e-05,-2.4016075e-05,-3.1893353e-06,-4.86178e-05
-2.9571509e-05,0.99528414,-2.207022e-05,-3.0769275e-05,-2.7218532e-05,0.9954623,-1.2665346e-05,-2.0376334e-05,-1.2913642e-05,0.9953008,-6.651167e-06,-6.3504554e-06,-1.13503465e-05,-1.4230744e-05,1.0700517e-05,-3.5489382e-05,-1.8126675e-05,-5.3648428e-06,0.9953343,1.2924157e-05,-4.9234864e-06,1.9979293e-06,-2.7668031e-05,-1.1124088e-06,-1.4348388e-05,-1.24982525e-05,-8.02707e-07,-1.832942e-05,-3.4866162e-06,-2.5074853e-05,0.0,-2.1664473e-05,-3.841345e-05,-3.1178755e-05,-1.9185813e-05,-1.5644928e-05,-2.0270232e-05,-3.3992335e-06,-5.3297695e-06,-1.9086676e-05,-7.3869255e-06,-1.30140115e-05,-3.028743e-06,-1.4434492e-05,3.8378403e-06,-1.4308031e-07,7.249799e-06,6.9045795e-06,-1.317242e-05,-3.3665514e-05,-2.0670952e-05,-1.2148126e-05,-8.612871e-06,8.0440947e-07,-2.8925717e-05,-2.103683e-05,-3.6739137e-05,-2.742665e-06,-2.7284872e-05,-1.12539665e-05,-7.2579023e-06,-1.7888382e-05,-1.04045575e-05,2.700023e-07,6.5970194e-06,-2.6090567e-05,-2.5776319e-05,-7.2555304e-07,6.164836e-06,-2.8990012e-06,5.9521303e-06,-2.103169e-05,-1.9478723e-05,-1.0153964e-05,-1.83399e-05,-4.2372308e-06,1.9056829e-06,6.425617e-07,6.3697207e-06,0.99545175,-1.3245334e-05,-2.9636221e-05,-2.1840977e-05,-2.2482303e-05,-6.8731874e-06,-3.1214437e-05,-2.6873082e-05,-3.2016505e-05,-1.7690294e-05,-2.783901e-05,0.99532443,-7.25937e-06,-1.7648405e-05,-5.014608e-06,-1.8326384e-05,-1.4998513e-05,-1.9027106e-05,-1.2285631e-06,-2.3557284e-05,-1.0918296e-05,-2.587494e-05,2.702135e-06,3.2829885e-06,-2.5964398e-05,-1.7611077e-05,-1.894214e-05,6.561663e-06,-4.158156e-06,-2.5680563e-05,-1.7740018e-05
-0.003061554,0.9951782,-0.0048619127,-0.0048810495,-0.005078861,0.9949029,-0.00021412472,-0.0047344286,6.77237e-06,0.99517363,-0.004922701,-0.00487438,-0.0046384195,-0.0044236216,-4.053437e-05,-0.0044600265,-4.0306928e-05,-0.0048742327,0.99516374,-3.1253647e-05,-0.004124485,-0.004935452,-0.00426965,-0.003136535,-0.0043186895,-0.0046826936,-0.004967211,-0.0031840927,-0.0045127925,-0.0037422695,-0.0042931032,0.0,-0.005076067,-0.0040160157,-0.0035095308,-0.0041089035,-0.0040111174,-0.005061882,-5.110218e-05,-0.0034606648,-0.003366209,-0.002159397,-0.003199102,-0.0027318173,-0.0047218218,-0.00470856,-0.004975825,-0.003724835,-0.0043018893,-0.0042426093,-0.003937044,-0.004867653,-0.004248214,-0.0050342157,-0.004726522,-0.0013468388,-0.0048661833,-0.0040501896,-0.0044018603,-0.0007273096,-0.004865077,-0.0049515874,-0.0049044834,-0.004144781,-0.00470163,-0.0018076547,-0.004695692,-0.0041369824,1.2038573e-05,-0.004443254,-0.004874815,-0.0048073977,-0.00025660946,-0.002735424,-0.004905758,-0.0031688947,-0.0047127306,-0.0050213384,-0.004230277,0.994984,-1.690747e-05,-0.004690613,-0.003431116,-0.002628395,-5.7959114e-05,-0.0026925222,-0.0013021613,-0.0047997287,-0.0050167143,-0.0042322543,0.9951748,-0.004260432,-0.0025314197,-0.005084921,-0.002578162,-1.7544635e-05,-0.003685581,-0.004643984,-0.0016710727,-0.0049443776,-0.0042898776,-0.0027255765,-0.0038400653,-0.0012099575,-0.00019738647,-0.0041747857,-1.1517019e-05,-0.0018687656,-0.0006942205,-0.0010630378
0.00429903,1.0019916,0.004763068,0.0047563426,0.004828305,1.0010605,0.004193832,0.004729346,0.004307403,1.0015469,0.0047859666,0.004771358,0.00468865,0.004578497,0.004305231,0.0046002013,0.004169974,0.0047672717,1.0014437,0.004210516,0.004530421,0.004784274,0.00454946,0.0043186797,0.004546973,0.004695422,0.004804232,0.0043174764,0.0046166657,0.0044428124,0.0045349556,0.0041533858,0.0,0.00451084,0.004367547,0.0045295493,0.0045141103,0.004820173,0.0045526875,0.004341469,0.004333229,0.0041789426,0.004314626,0.004246176,0.00471137,0.0047052386,0.0048051835,0.0044311937,0.0045356154,0.004550197,0.0044922447,0.004769913,0.004545271,0.004819273,0.004710272,0.0041357903,0.004768556,0.0045180395,0.004568746,0.0041439044,0.004764402,0.004799369,0.004780976,0.0045526186,0.0047117113,0.0041517112,0.0046949405,0.0045319563,0.004396316,0.004583071,0.0047694086,0.004743881,0.004172605,0.0042330897,0.004793549,0.0043043373,0.0047101146,0.004821514,0.0045469413,1.0009621,0.0042200196,0.00469611,0.0043653846,0.004213008,0.004160143,0.004236538,0.0041289716,0.0047518034,0.004803412,0.0045403023,1.0016826,0.004558699,0.004202855,0.004834254,0.004220128,0.005102624,0.004403971,0.0046802303,0.0041423645,0.004786855,0.0045461254,0.004240863,0.004468475,0.0041229334,0.0041974876,0.0045379526,0.004507673,0.0041649383,0.004111032,0.004106561
-1.0721947e-05,0.9943341,-0.0017862954,-0.0018087018,-0.002432641,0.9945554,-4.03898e-05,-0.0015099552,-3.9571632e-06,0.9943055,-0.0020380416,-0.0018306256,-0.001333364,-0.0009771046,-3.2372607e-06,-0.0010247901,-3.1199033e-05,-0.0017806244,0.9942921,-1.118673e-05,-0.00030251793,-0.0020227565,-0.0006754484,-6.0600338e-05,-0.0008061971,-0.00142061,-0.0020367904,-5.8153448e-05,-0.0011428233,-3.9283823e-05,-0.0008027877,-5.4757293e-05,-0.0023747326,0.0,-2.426828e-05,-0.00037299303,-0.00025234648,-0.0023600885,7.867112e-06,-4.597188e-05,-1.1464652e-05,-3.9906903e-05,-5.701375e-05,-4.6074256e-05,-0.0014556809,-0.0014774427,-0.0020915612,-4.7038222e-05,-0.0007863619,-0.00057162927,-0.0001503704,-0.0017578403,-0.00062883797,-0.0022190893,-0.0014645936,-3.371403e-05,-0.0018487797,-0.0002931771,-0.000929714,-1.4500097e-05,-0.0017449913,-0.0020757816,-0.0019402961,-0.00041320975,-0.0014574891,-5.0241644e-05,-0.0014377169,-0.00038439743,-4.9432942e-06,-0.0009914244,-0.0017920592,-0.0016306146,-4.3395903e-05,-1.2809222e-05,-0.0019565942,-6.132782e-05,-0.001481855,-0.0022563052,-0.00063198694,0.99455667,-2.6158868e-05,-0.0014403242,-7.3085095e-05,-4.5170153e-05,-1.943823e-05,-5.037641e-05,-3.7316397e-05,-0.0016403022,-0.0022019676,-0.00066229707,0.994313,-0.0006256394,-5.0064078e-05,-0.0025010298,-3.1662712e-05,-1.5088746e-05,-2.3717355e-05,-0.0013200033,-1.7478467e-05,-0.0020626502,-0.0007107413,-3.4636976e-06,-8.2753795e-05,-1.621063e-05,-1.162719e-05,-0.00045187646,-2.9019042e-05,-2.3549788e-05,-2.940126e-05,-2.3178889e-05
-8.059479e-05,0.9948269,-0.0032412137,-0.0032686328,-0.0037286575,0.9945692,-3.2998996e-05,-0.0029468404,9.469994e-06,0.99481034,-0.0034216132,-0.0032566956,-0.0027841562,-0.0023915146,-1.1808454e-05,-0.002462292,-1.8110577e-05,-0.0032194473,0.9947997,-2.1748554e-05,-0.0015568548,-0.0034157797,-0.0020566434,-0.00018174267,-0.0022189603,-0.002825555,-0.0035188382,-0.00017777787,-0.002592507,-0.00096644566,-0.002231417,-5.455491e-05,-0.0037040794,-0.0015280206,0.0,-0.0016723544,-0.0015308028,-0.0036645785,-1.4236358e-05,-0.0005242004,-0.0003440583,-3.987025e-05,-0.00019345523,-4.8455426e-05,-0.0029331967,-0.0029205782,-0.0034683533,-0.0009446807,-0.0021640097,-0.0019451546,-0.0013822388,-0.003154196,-0.0020093576,-0.0035459034,-0.002908291,-1.621505e-05,-0.0032716622,-0.0015912957,-0.0023433387,-3.158621e-05,-0.0031474123,-0.0034475743,-0.0033681495,-0.0017420121,-0.0029217522,-4.350246e-05,-0.0028748952,-0.0016755976,-1.2744715e-05,-0.002441006,-0.0032470436,-0.0030620112,-1.1703196e-05,-1.3387862e-05,-0.0033378664,-0.0002331537,-0.002935853,-0.0035732784,-0.0020240394,0.9946366,-2.4058836e-05,-0.0028869212,-0.0005139261,-1.8918458e-06,-2.2239185e-05,-3.993468e-05,-2.435268e-05,-0.0030775296,-0.0035227798,-0.0020335198,0.9948129,-0.0019981726,-4.0041105e-05,-0.003755353,-3.4404362e-05,-1.5302131e-06,-0.0008788234,-0.0027806594,-1.9875088e-05,-0.0034517748,-0.0021016372,-3.615271e-05,-0.0011759872,-3.757456e-05,-2.3421033e-05,-0.0017961469,8.414137e-06,-2.2432803e-06,-4.8251255e-05,-3.6006426e-05
-6.1203886e-05,0.9942208,-0.0012403947,-0.0012815744,-0.0018572904,0.99461925,-1.11018235e-05,-0.0009955363,-1.49043335e-05,0.99458635,-0.0014597739,-0.0013130602,-0.00090119586,-0.00070581917,-2.8696191e-05,-0.00067662646,-1.37878205e-05,-0.0012689674,0.99458665,-3.347727e-05,-0.00018709885,-0.0014186401,-0.00037299344,-8.078131e-06,-0.0005740939,-0.00096485805,-0.0015638974,-5.8487436e-05,-0.00076552975,-6.633064e-05,-0.00060154434,-1.871476e-05,-0.0018188024,-0.00011131993,-1.5055249e-05,0.0,-8.77246e-05,-0.0017653401,-9.6127405e-06,-2.5485531e-05,-8.864407e-06,-7.587114e-06,-2.8551556e-05,-3.697578e-05,-0.0010281489,-0.0010396002,-0.001555873,-7.142237e-05,-0.00048355496,-0.00033230503,-4.831627e-05,-0.0013274896,-0.00037055215,-0.0015936642,-0.0010128561,-4.804347e-05,-0.0013131163,-0.00011518265,-0.0006593561,-2.2529364e-06,-0.0013041085,-0.0014271786,-0.0013671137,-0.00020471586,-0.0010459704,-9.118555e-06,-0.0010071603,-0.00015574077,-7.257345e-06,-0.0006580529,-0.0012672967,-0.0011044042,-5.386347e-06,-5.9923972e-05,-0.0013509406,-2.2687846e-05,-0.0010634542,-0.0016846127,-0.00040484214,0.99457115,-2.7104074e-05,-0.0010154232,-3.8160117e-05,-1.5390258e-05,-2.8522682e-05,-3.396696e-05,-3.3801196e-05,-0.0011751964,-0.0016604704,-0.00036829233,0.9946128,-0.00032738526,-1.0356482e-05,-0.0018715601,-3.361071e-05,-1.6895323e-05,-5.5402514e-05,-0.0009037352,-1.4419039e-05,-0.0014808144,-0.00042580656,-4.4162327e-05,-4.0471285e-05,-4.1734584e-05,2.5479358e-06,-0.00024728064,-1.5255957e-05,-2.7341872e-05,-3.8124213e-05,-3.9082162e-05
-4.3034037e-05,0.9943266,-0.0017368911,-0.001751444,-0.0023965759,0.9945669,-3.7731993e-06,-0.001459815,-2.1590056e-05,0.9942944,-0.001946298,-0.0017420929,-0.0013175985,-0.0009827501,3.8980554e-07,-0.0010218417,-3.6263813e-05,-0.0017109185,0.9942848,-3.415252e-05,-0.00032452025,-0.0019084266,-0.0006230611,-1.4611685e-05,-0.00081188243,-0.0013473346,-0.0020635545,-5.1507104e-05,-0.0011096442,-1.8971277e-05,-0.0007744342,-5.460966e-05,-0.002389609,-0.00021315707,-5.0255876e-05,-0.0003474398,0.0,-0.0022629385,-4.1743706e-06,-7.836286e-05,-5.9305294e-05,-5.6191766e-05,-6.677785e-05,-4.256711e-05,-0.0014613239,-0.0014178689,-0.002113264,-7.907739e-05,-0.0007225847,-0.0005417572,-0.000100621015,-0.0017663274,-0.0006159644,-0.00214627,-0.0013943607,-1.1433822e-06,-0.0017443086,-0.000271187,-0.0009237214,-6.358668e-06,-0.0017499437,-0.0019369291,-0.0018664143,-0.0003716702,-0.0014468738,-2.5002506e-05,-0.0013712912,-0.00032824092,-2.3952103e-05,-0.0009832149,-0.0017420547,-0.0015402073,-2.4330737e-05,-5.101746e-05,-0.0018214273,-2.352166e-05,-0.0014371667,-0.00215249,-0.000574805,0.9945689,-4.047887e-05,-0.0013807977,-1.3669835e-05,-3.3768087e-05,-4.2418793e-05,-2.3982768e-05,-9.266183e-06,-0.0015824899,-0.002144023,-0.00060028426,0.99430734,-0.00058148557,-2.605286e-05,-0.002424547,-5.5296925e-05,1.0540254e-05,-3.095181e-05,-0.0013017743,-1.1842317e-05,-0.001978349,-0.00067926996,-5.222117e-05,-2.277795e-05,-3.0493658e-05,-1.6028043e-05,-0.0004158805,9.196348e-06,-2.7467302e-05,-2.3864852e-06,-1.1241309e-05
0.0041585714,1.0016475,0.0046556196,0.0046470845,0.0047279457,1.0007178,0.00403497,0.0046152202,0.004147677,1.0011848,0.0046782056,0.0046628155,0.0045722374,0.00445571,0.0041528963,0.0044834423,0.0040104263,0.0046626064,1.0010761,0.0040567266,0.0043952456,0.0046724393,0.0044266474,0.0041750404,0.004424059,0.0045813816,0.0046981685,0.0041804956,0.0044999686,0.004307627,0.0044095516,0.003997805,0.004723072,0.0043800967,0.0042296443,0.0043995376,0.004382202,0.0,0.004400842,0.0042091394,0.0041946666,0.0040294356,0.004174692,0.004106741,0.0045981347,0.00459198,0.0046985587,0.004298465,0.0044139936,0.0044235084,0.0043627736,0.004661931,0.004413789,0.004715984,0.004595388,0.0039805323,0.004662446,0.004388766,0.0044457032,0.0039859405,0.004655771,0.004694508,0.0046752766,0.0044198823,0.0045954236,0.0039919494,0.0045772963,0.0044060657,0.00424248,0.004464995,0.004659012,0.0046307533,0.004013251,0.004082804,0.0046877307,0.0041626818,0.004596285,0.004720304,0.0044206623,1.0006106,0.004071677,0.0045821625,0.0042300476,0.0040663932,0.0040056147,0.0040873676,0.0039714067,0.0046412614,0.0047012693,0.004417018,1.001317,0.004431878,0.0040553985,0.00473642,0.0040721865,0.0049648117,0.004266618,0.0045637577,0.0039859423,0.004678856,0.004419726,0.004095612,0.0043378547,0.0039604115,0.0040411334,0.004412046,0.0043568495,0.0040073576,0.0039534117,0.0039529866
-0.0061991764,0.99449795,-0.0062505105,-0.006250942,-0.0062335627,0.9941036,-0.006292219,-0.006249941,-0.006419588,0.99445295,-0.006252925,-0.00625665,-0.0062393653,-0.0062022507,-0.0063906563,-0.0062034717,-0.00629929,-0.006253969,0.99443454,-0.0063463175,-0.00626156,-0.006254411,-0.006219248,-0.0061886236,-0.0061936374,-0.0062457114,-0.006255654,-0.006195051,-0.0062122922,-0.006217163,-0.006199435,-0.006217085,-0.0062302444,-0.006240522,-0.006212233,-0.0062369797,-0.0062391274,-0.0062323743,0.0,-0.0062045227,-0.0062086424,-0.0062248316,-0.00619668,-0.006194261,-0.0062395805,-0.0062417956,-0.0062478106,-0.006212105,-0.0061920593,-0.0062341113,-0.0062321955,-0.0062618055,-0.0062262565,-0.0062461365,-0.0062510967,-0.006219783,-0.006254347,-0.006236962,-0.0061998656,-0.0062505943,-0.0062583075,-0.0062522204,-0.0062521747,-0.0062499004,-0.0062418454,-0.006227459,-0.006248533,-0.0062460434,-0.0065011326,-0.0062027047,-0.006258666,-0.0062642535,-0.006286925,-0.0061990595,-0.006260032,-0.006195009,-0.006247803,-0.0062398943,-0.006235612,0.9941929,-0.0063436492,-0.00624301,-0.006204159,-0.0061966926,-0.006285529,-0.0062029287,-0.006224527,-0.006257904,-0.006239199,-0.006215555,0.99447465,-0.0062384657,-0.006206506,-0.0062261582,-0.006201621,-0.0075348797,-0.0062110345,-0.0062353304,-0.0062194197,-0.0062541864,-0.0062073646,-0.006193997,-0.006220422,-0.0062378314,-0.0063152164,-0.0062473277,-0.006592757,-0.006220208,-0.0062319688,-0.00620888
-0.00032754958,0.9948946,-0.0033004724,-0.0034008627,-0.0039832867,0.99464333,6.480741e-06,-0.0031118959,-1.9245965e-05,0.9948823,-0.0035473953,-0.0033996128,-0.00296976,-0.0026074834,-2.8952958e-05,-0.0026486376,-6.639097e-06,-0.0033563857,0.9948724,-1.0448852e-05,-0.001873096,-0.0035405005,-0.002267288,-0.0004815816,-0.0024230042,-0.0030040774,-0.0036521617,-0.0004556282,-0.0027765594,-0.0012263643,-0.0024547284,-6.536455e-05,-0.003961097,-0.0017929281,-0.0009654118,-0.0018885528,-0.0017955858,-0.0039257086,-2.3872753e-05,0.0,-0.0006541015,-4.580153e-05,-0.00046473404,-0.00013806239,-0.0030934934,-0.0030859902,-0.0036741653,-0.0012717915,-0.0023830319,-0.0021584206,-0.0016609848,-0.0032982863,-0.002217559,-0.0038168947,-0.0030642082,-3.5242057e-05,-0.0034057184,-0.0018199,-0.0025478774,-2.8967168e-05,-0.003297644,-0.003573364,-0.0034910962,-0.0019526412,-0.0030821501,-2.3260121e-05,-0.0030571497,-0.0019130562,-6.886512e-06,-0.0026236072,-0.0033947018,-0.0031500347,-7.899761e-06,-5.5758646e-05,-0.0034837592,-0.00044858168,-0.0031012052,-0.0038398283,-0.002244509,0.99471146,-3.9713603e-05,-0.0030510884,-0.0007907257,-5.5240464e-05,-1.9153527e-05,-7.703696e-05,-1.3427078e-05,-0.0032406473,-0.0037436415,-0.0022433838,0.99488556,-0.0021828862,-2.2428743e-05,-0.0040176455,-8.072409e-05,-2.5296826e-05,-0.0011972014,-0.0029515084,-3.510936e-05,-0.0035737935,-0.0023015102,-7.375233e-05,-0.0014757753,-3.3110646e-05,-4.482375e-05,-0.002038282,-7.923394e-06,-2.6941967e-05,-3.7469894e-05,-3.9039583e-05
-0.00070235954,0.99495757,-0.0037046748,-0.0035487309,-0.0040138057,0.9947034,-2.4442434e-05,-0.0034510242,-5.1939815e-06,0.9949473,-0.0036900868,-0.0035471001,-0.003308235,-0.0028847815,-1.3118844e-05,-0.0030160497,-2.2109223e-05,-0.0035151464,0.9949324,-2.8440383e-05,-0.0020160647,-0.003681284,-0.0025816537,-0.0008959524,-0.002740877,-0.0033544032,-0.0037677684,-0.0007794904,-0.0031373128,-0.0016652961,-0.002635147,-3.4613884e-05,-0.003998312,-0.0020285286,-0.0012673497,-0.002259475,-0.0021797589,-0.0039675278,4.6746673e-06,-0.0011642958,0.0,-6.810033e-05,-0.00079464284,-0.00046620003,-0.003422628,-0.0034134928,-0.0037985777,-0.0016686509,-0.002698282,-0.0025202795,-0.0018999251,-0.003529698,-0.0025549901,-0.0038707126,-0.0032469765,-1.7489116e-05,-0.0035556804,-0.0022183638,-0.002846639,-3.1126938e-06,-0.003697212,-0.0037055016,-0.0036324484,-0.002313467,-0.0034103987,-5.3946773e-05,-0.0033789754,-0.0022696906,-2.1041364e-05,-0.0029080312,-0.003702273,-0.00338631,-3.567676e-05,-0.0002529909,-0.0036210278,-0.00086465053,-0.0032728238,-0.0038958893,-0.0025645746,0.9947682,-2.4570184e-06,-0.003386961,-0.0011488242,-0.00014021204,-3.724142e-05,-0.00032664152,-4.5336394e-05,-0.0035573768,-0.003858185,-0.0025759216,0.9949475,-0.0025439835,-2.8192975e-05,-0.0040498027,-7.890529e-05,2.8949407e-06,-0.0014924455,-0.0033038047,-4.358413e-05,-0.003705788,-0.002627344,-0.00033218737,-0.0018596807,-7.979597e-06,-2.6850012e-05,-0.0023893623,4.812166e-06,1.7641609e-06,-1.1087593e-05,-3.0040314e-05
-0.0023639363,0.99514043,-0.0049853227,-0.0049723685,-0.005181926,0.99485713,-3.1069663e-05,-0.0048490576,-4.5682842e-05,0.99514264,-0.0050376137,-0.0049669817,-0.0047518066,-0.0045173275,8.663616e-06,-0.004536975,-3.179467e-05,-0.004971942,0.99512964,-3.084596e-05,-0.0036096324,-0.005026851,-0.003941187,-0.002447937,-0.003993347,-0.0047969176,-0.0050836476,-0.0025697453,-0.0046088533,-0.0032611701,-0.004389687,-0.0010166815,-0.0051826793,-0.0036404927,-0.002926479,-0.0037419405,-0.0036333145,-0.0051656156,-8.936703e-06,-0.0028050595,-0.0026379405,0.0,-0.002539022,-0.0020804238,-0.0048283623,-0.0048324047,-0.005088954,-0.003237727,-0.0039695236,-0.0038955065,-0.003515161,-0.004973685,-0.0039022213,-0.0051240795,-0.0048290165,-0.0005858203,-0.0049789436,-0.0036791707,-0.0044676457,-6.8007015e-05,-0.0049710376,-0.0050555686,-0.0050213938,-0.00377873,-0.0048247227,-0.0009622646,-0.004803766,-0.0037280275,-1.0634785e-05,-0.004539455,-0.004980965,-0.0049109906,-5.5124918e-05,-0.0020643186,-0.0050160196,-0.0024513605,-0.0048281243,-0.0051318686,-0.0038930962,0.9949463,-2.7750597e-05,-0.0048150714,-0.0028654712,-0.0017674415,-4.8993476e-05,-0.0019020629,-0.00043391992,-0.004915149,-0.00512962,-0.003923,0.9951376,-0.003930657,-0.0015586849,-0.0051880046,-0.0017070856,-3.7531692e-05,-0.0031502382,-0.004752941,-0.0008704243,-0.0050518974,-0.003935398,-0.0019937905,-0.0033731242,-0.00015259982,-6.2325425e-06,-0.003797394,-3.296929e-05,-0.0009570421,-9.004844e-05,-0.00015979378
-0.0009049333,0.9950177,-0.0038180004,-0.003846436,-0.0042981263,0.99476796,-2.3431232e-05,-0.0035787737,-1.2868606e-05,0.99500525,-0.0039843502,-0.003849878,-0.0034592815,-0.003034483,-2.61129e-05,-0.0031778826,-2.1777205e-05,-0.0038253944,0.994997,-6.1102664e-06,-0.0023800791,-0.003976026,-0.002716714,-0.00103114,-0.0029641113,-0.003481839,-0.0040747584,-0.00092226424,-0.0032821184,-0.0016678389,-0.0029944195,-1.4070181e-05,-0.004294642,-0.0023387938,-0.0014649099,-0.0023919567,-0.0023330022,-0.0042491336,-3.6512986e-06,-0.0013438157,-0.0011761603,-5.0375646e-05,0.0,-0.00067570247,-0.003563685,-0.003561148,-0.004095559,-0.0017302037,-0.0028374277,-0.0026580978,-0.0020862904,-0.003823609,-0.0027041426,-0.004162678,-0.003541252,-5.206334e-05,-0.0038543101,-0.002340802,-0.0029865953,-2.2639724e-05,-0.0038563085,-0.003997363,-0.0039288155,-0.0024500925,-0.003551613,-3.4366585e-05,-0.003543831,-0.0024421026,-4.207492e-05,-0.0030476963,-0.003859289,-0.0036722873,6.3750545e-06,-0.0004057647,-0.0039240974,-0.0010317907,-0.0035766817,-0.0041748527,-0.0027280955,0.9948324,-1.5341764e-05,-0.0035320495,-0.0012767074,-0.00040476568,-1.5444342e-05,-0.0005595728,-2.1426144e-06,-0.003699712,-0.0041462476,-0.0027028196,0.9950114,-0.0026666564,-0.00016936626,-0.004331656,-0.0003013388,-1.1208788e-05,-0.0016595862,-0.003458061,-4.8346436e-05,-0.0040023653,-0.0027664308,-0.0004420276,-0.0020588937,-3.5833207e-05,-4.6470203e-05,-0.0025441952,-1.927583e-05,-6.0753493e-05,6.4854335e-06,-4.554743e-05
-0.0017881377,0.9951183,-0.004168074,-0.0041892366,-0.0045696134,0.9948675,-3.3682853e-05,-0.003964506,-4.791767e-05,0.9951115,-0.0043009543,-0.0041883443,-0.0038549367,-0.003561659,-2.2233373e-05,-0.003601756,-4.8418224e-05,-0.00417416,0.9951015,-3.6360034e-05,-0.0030992557,-0.004275917,-0.0033203815,-0.0018591196,-0.0034157666,-0.0038858475,-0.004360033,-0.0018675711,-0.003672878,-0.0025740364,-0.0033701346,-0.0003534865,-0.0045506544,-0.0029734345,-0.0023254482,-0.0030840302,-0.0029575129,-0.0045329286,-3.760031e-07,-0.0022297304,-0.0020904024,-0.0007317449,-0.0018903398,0.0,-0.003947829,-0.0039452617,-0.004394548,-0.002583188,-0.0033837,-0.0032778447,-0.00287312,-0.004155838,-0.003302847,-0.0044561806,-0.0039382163,-1.1026433e-05,-0.0041946988,-0.0030161485,-0.0035177348,-1.9059813e-06,-0.0041642557,-0.00432091,-0.004257605,-0.003117419,-0.0039405427,-0.00045624786,-0.0039024474,-0.0030942427,-4.4154614e-05,-0.0035745664,-0.004181742,-0.0040594833,-2.321074e-05,-0.0013603343,-0.004248035,-0.0018982632,-0.003944134,-0.004460144,-0.0032583857,0.9949391,-4.6723362e-05,-0.0039145327,-0.002201228,-0.0012736486,-1.8058112e-05,-0.0013891899,-8.125107e-06,-0.0040661367,-0.004422768,-0.003302006,0.9951106,-0.0032832273,-0.001068603,-0.004580151,-0.0012051569,6.4161018e-06,-0.0025122014,-0.0038335011,-0.00031396825,-0.004321657,-0.0033528563,-0.0013534224,-0.0027277062,-6.8841786e-05,7.084308e-06,-0.0031752521,-2.6040481e-05,-0.00034877032,-6.1311286e-05,-6.1546605e-05
0.00092629466,0.9964091,0.002230354,0.0022091256,0.0025518874,0.99590063,2.1170848e-05,0.0021393222,0.0001878359,0.9963794,0.0023042683,0.0022138578,0.0019982052,0.0017401968,0.00022741205,0.0017958952,1.2606658e-05,0.002233817,0.99638367,6.421104e-05,0.0014243642,0.0022933702,0.0015975608,0.0009834688,0.0016256082,0.0020259565,0.002368021,0.0010120245,0.0018304439,0.0012685522,0.0015923376,0.0005215537,0.0025450964,0.0013798644,0.0010963915,0.0014690359,0.0013793206,0.002516519,0.00048105916,0.0010536225,0.000998981,0.00018615925,0.0009893737,0.0008117209,0.0,0.0020749166,0.0023953596,0.001219743,0.0016276523,0.0015399408,0.0013395633,0.0022263825,0.0015592353,0.0024577298,0.002078797,0.00010461647,0.002216765,0.0014232239,0.0017143121,2.5445206e-05,0.0022195997,0.0023398888,0.0022710455,0.0014773121,0.0020779073,0.00046820144,0.002009591,0.0014549111,0.00029305814,0.001772284,0.0022234346,0.0021704272,2.0193218e-05,0.00081641035,0.0022793072,0.0009787082,0.002060266,0.0024785614,0.0015349019,0.99588645,9.6199496e-05,0.0020528282,0.001086127,0.00073099183,1.6808826e-05,0.0007625906,0.00011285496,0.0021933038,0.0024238667,0.0015898669,0.9963941,0.0015489799,0.00069715374,0.002580864,0.00073930767,0.0012241002,0.0011754166,0.0019917258,0.00017564297,0.002308115,0.0015962473,0.0008138015,0.0012904942,7.365709e-06,6.0536873e-05,0.0014764399,0.00046245,0.00019411466,1.942967e-05,0.0001562476
0.00091215887,0.9964031,0.0022131954,0.0021806704,0.0025284092,0.99590534,1.26861805e-05,0.0021211945,0.000180264,0.9963774,0.0022824635,0.0021952975,0.0019764544,0.0017205562,0.00022031507,0.0017778669,-6.317636e-07,0.0022121824,0.9963713,5.448794e-05,0.0013856149,0.0022689584,0.0015750306,0.000970009,0.0016048667,0.0020124326,0.0023406353,0.0009992766,0.0018053998,0.00125785,0.001578273,0.0005144296,0.002521336,0.0013606031,0.0010819753,0.0014494173,0.0013610005,0.0024935778,0.00047139268,0.001042492,0.0009751982,0.00017256499,0.00097118353,0.0008060908,0.0020659342,0.0,0.002368336,0.0011997776,0.0016144388,0.0015220231,0.0013256924,0.0022046648,0.0015376861,0.002432712,0.0020624993,8.565264e-05,0.002197265,0.0014052513,0.0016968605,6.1531623e-06,0.002195184,0.0023191192,0.002249653,0.0014533533,0.0020510033,0.00051520363,0.001981442,0.001440446,0.00028952712,0.0017477472,0.0021974884,0.0021493332,5.2376217e-06,0.0007999442,0.0022549613,0.000972167,0.0020370248,0.0024581766,0.0015120163,0.99590254,8.598482e-05,0.0020272029,0.0010824853,0.0007219371,1.1200176e-05,0.0007482966,9.4960975e-05,0.0021731476,0.0024051475,0.0015699301,0.99638456,0.001527635,0.00068031036,0.002556653,0.00073211145,0.0012058477,0.0011580652,0.001973538,0.00016447452,0.0022799112,0.0015721507,0.00080627133,0.0012722517,2.2095219e-07,4.5192297e-05,0.0014568637,0.00044802722,0.00017661983,6.9369444e-06,0.00012608836
0.0034273653,0.99985695,0.0041067386,0.0040950156,0.0042114626,0.999256,0.0032352172,0.004052624,0.003375644,0.99948543,0.0041370997,0.0041107,0.003991145,0.0038491182,0.0033783806,0.0038792957,0.0032150317,0.004108108,0.9993858,0.0032635175,0.0037366992,0.0041325046,0.0037971886,0.0034513243,0.0037986212,0.0040045925,0.004164311,0.0034692865,0.003899643,0.0036361122,0.0037805652,0.0031989126,0.004208711,0.0037221094,0.0035361757,0.0037540002,0.003728644,0.0041983924,0.0036474077,0.0035042588,0.0034827811,0.003239632,0.0034613186,0.003360967,0.0040242574,0.004012074,0.0,0.003618162,0.003789215,0.0037833897,0.0036952782,0.004105974,0.0037808851,0.0041912794,0.004028677,0.0031759655,0.004106206,0.0037369605,0.003831072,0.0031903123,0.0040988186,0.004156992,0.004129017,0.003775329,0.0040252632,0.003196403,0.0039964295,0.003753881,0.00346995,0.003864102,0.0041059954,0.004069601,0.0032152033,0.0033414653,0.0041463487,0.003449344,0.004020806,0.0041981763,0.00377745,0.9990957,0.0032819759,0.004009077,0.003528429,0.0033095775,0.0032070416,0.0033384713,0.0031649,0.0040796413,0.004166411,0.0037875844,0.9995831,0.0037966748,0.0032849142,0.0042241407,0.0033203624,0.0042708903,0.0035850168,0.0039840424,0.003185669,0.0041392785,0.0037898961,0.0033564228,0.0036622076,0.0031637645,0.0032500082,0.003761572,0.0035975121,0.0032195915,0.0031477283,0.0031560685
-1.0390856e-05,0.99471015,-0.0028438286,-0.002876465,-0.0034424276,0.99445075,-4.1324543e-06,-0.0025285603,-7.506488e-06,0.9946894,-0.0030527336,-0.002882226,-0.0023747853,-0.0019700124,-2.9242445e-05,-0.0020372565,-3.4825896e-06,-0.0028347685,0.994678,-4.4852994e-05,-0.0012308116,-0.0030398685,-0.0016736846,-7.7691286e-05,-0.0017874774,-0.002419177,-0.00308075,-7.344464e-05,-0.0021571068,-0.00060614775,-0.001802841,-6.2236664e-05,-0.003417514,-0.0011215374,-0.0003342731,-0.0012373438,-0.00114291,-0.0033747905,-3.1610583e-05,-0.00022720148,-3.7283513e-05,-2.6522357e-05,-7.438595e-05,-7.709449e-05,-0.0025125302,-0.0025048333,-0.0031159094,0.0,-0.0018071972,-0.0015431709,-0.0009858215,-0.0028525472,-0.0016170803,-0.0032026437,-0.0024891607,-3.311628e-05,-0.002882731,-0.0011692421,-0.0019344246,5.717066e-06,-0.0028454964,-0.003078329,-0.002980454,-0.0013230472,-0.0024998446,-4.559428e-06,-0.0024723206,-0.0012887268,-1.5226698e-05,-0.0020023875,-0.0028699643,-0.0026833918,-1.3705404e-05,-3.1397107e-05,-0.0029801184,-1.28766715e-05,-0.0024878036,-0.0032239375,-0.0016113846,0.99451786,7.030135e-06,-0.0024701452,-0.00018258355,-4.7864614e-05,-1.2942146e-06,-7.844817e-05,-2.3387494e-05,-0.0026375097,-0.0031833241,-0.0016411974,0.99469215,-0.001585864,-1.2922342e-05,-0.003482656,-1.7454058e-05,4.2659244e-06,-0.00054462533,-0.0023612988,-2.921086e-05,-0.0030781701,-0.0016532085,-4.507414e-05,-0.0007911536,-1.4170983e-05,-8.099906e-06,-0.0014130713,-2.2004226e-05,-1.5790729e-05,-5.568293e-06,-4.294688e-05
-2.6819385e-05,0.9954072,-2.2679353e-05,1.7627908e-06,1.4483888e-05,0.99559087,7.2029843e-06,5.1022585e-06,-2.320519e-05,0.99544466,-1.8521297e-06,-2.303303e-05,-5.1103298e-06,-2.290714e-05,-1.3986022e-05,-9.7054135e-06,-1.674053e-05,-2.1914e-05,0.995444,1.6079905e-05,1.5334686e-05,-2.5083484e-05,-2.8360444e-05,4.6526507e-06,-2.7969618e-05,6.3022603e-06,-2.4822326e-05,1.3765442e-05,-1.3078538e-05,1.3881665e-05,6.5921654e-06,-2.1991737e-05,1.31887555e-05,7.406943e-06,-2.8363233e-06,1.0303423e-05,-1.517032e-05,1.1452601e-05,1.9347242e-05,-1.144044e-05,-7.004119e-07,-1.744473e-05,-1.790792e-05,-1.36098515e-05,-3.5938265e-05,1.0973697e-05,-1.2720129e-05,-1.5887255e-05,0.0,1.0440143e-05,4.7496096e-06,-1.1396851e-05,1.5209414e-06,-8.809628e-06,-1.0562754e-05,-2.6466087e-05,9.925585e-06,-2.5427342e-05,1.0299671e-05,-1.5218916e-05,-2.9357485e-05,-1.2597504e-05,1.2271189e-05,1.0335226e-05,-2.6315061e-05,1.27987105e-05,5.8483846e-07,-1.6499655e-05,2.1223502e-06,-2.4214914e-06,-2.9299606e-05,-1.4802401e-05,-5.2457756e-07,7.6572915e-06,4.4223443e-06,-1.5854437e-05,-1.2364176e-05,8.479525e-07,-6.061869e-06,0.99554104,1.4171956e-05,4.6663276e-06,-7.968742e-06,-2.7581424e-05,-2.0975982e-05,-1.138505e-05,-1.3694121e-07,9.338558e-06,3.08424e-06,-8.711024e-06,0.99544007,-9.060174e-06,-7.822712e-06,-2.3593042e-05,1.43588195e-05,1.8448362e-05,-2.0691738e-05,-8.587399e-06,-8.490184e-06,-1.2023156e-05,-2.7999367e-05,-1.9760788e-05,-3.97362e-06,-1.0649624e-05,-3.6954116e-06,2.6472906e-06,-1.5468762e-05,1.1667384e-05,1.34707825e-05,-1.3715351e-05
-3.764791e-05,0.99463916,-0.00032305944,-0.0003329511,-0.0005683197,0.9948474,-3.6128837e-05,-0.00021941517,-1.115927e-05,0.99467635,-0.00036950625,-0.0003155535,-0.00019911607,-9.118154e-05,-2.437468e-05,-0.00012883998,-1.6380942e-05,-0.00031770353,0.9946914,-4.860172e-06,-2.9487024e-05,-0.00036252823,-6.313696e-05,-3.2692536e-05,-0.000101050005,-0.00020355744,-0.00042304213,-1.429175e-05,-0.00014180485,-5.1151634e-05,-0.00010140045,-2.697205e-05,-0.0005493803,-4.7071888e-05,-4.9329887e-05,-3.0925505e-05,-3.7329828e-05,-0.00051536196,-1.1445002e-05,-4.361797e-05,-3.0263554e-05,-1.8781991e-05,-2.4939607e-05,-7.032791e-06,-0.00020865069,-0.00020208568,-0.00044059203,-5.0710423e-05,-0.00010234921,0.0,-5.833512e-05,-0.0002973058,-5.479527e-05,-0.00044236355,-0.00022480082,-1.6207772e-05,-0.000299901,-6.6981454e-05,-0.00012386759,-2.0044443e-05,-0.00028019864,-0.0003854627,-0.00035056903,-3.570568e-05,-0.00019707782,-4.482584e-05,-0.00021632425,-6.767603e-05,-2.0759107e-05,-0.0001368012,-0.00032501257,-0.0002597988,-2.5720037e-06,-4.167579e-05,-0.00032259585,-3.7516802e-05,-0.00021894624,-0.00045933132,-7.0969974e-05,0.99480593,-3.7221027e-05,-0.00018322557,-4.3664226e-05,-3.543561e-05,-2.9528797e-05,-1.1107457e-05,-4.381029e-05,-0.00026112088,-0.00047720032,-8.194767e-05,0.9946914,-4.8325444e-05,-4.110068e-05,-0.0005858495,-2.321355e-05,4.4406734e-06,-4.232381e-05,-0.0001967024,-4.305074e-05,-0.0003870262,-6.459322e-05,-2.1431548e-05,-3.2499433e-05,-4.0659514e-05,-1.3986475e-05,-4.7326874e-05,-1.950971e-05,-4.616815e-05,-1.0740774e-05,-6.9479024e-06
-2.2215234e-05,0.9944346,-0.0020949347,-0.0021486797,-0.0024952646,0.99458957,-4.3576016e-05,-0.0017681659,-1.6223898e-05,0.9944032,-0.0022730662,-0.0021378784,-0.0016594653,-0.0012547001,-2.7564947e-05,-0.00130676,-2.3783996e-05,-0.0021028537,0.9943943,-3.822985e-05,-0.00042226232,-0.0022415572,-0.0008927074,-6.7334244e-05,-0.0010867863,-0.0016522394,-0.0023831313,-5.5082743e-05,-0.001460367,-4.4593115e-05,-0.0010999256,-2.472287e-05,-0.002473967,-0.00040531266,-5.570772e-05,-0.00054464623,-0.00040691672,-0.0027171252,6.683469e-06,-6.976173e-05,-2.662534e-05,-5.1139512e-05,-8.238341e-06,-5.575625e-05,-0.0017979722,-0.0017899865,-0.002471324,-9.740262e-05,-0.0010123732,-0.0007708215,0.0,-0.0021070996,-0.00084565824,-0.0025906262,-0.0017307102,1.8420863e-08,-0.002162989,-0.00047351597,-0.0011930708,-1.3133018e-05,-0.0020846445,-0.0022936289,-0.0021972458,-0.0005722456,-0.0018109571,-3.555887e-05,-0.0017197165,-0.0005747058,7.6184524e-06,-0.0012676937,-0.0021326104,-0.0019075874,-5.319401e-06,-2.042855e-05,-0.0021688151,-8.520912e-06,-0.0017866293,-0.0026215252,-0.0008176688,0.9942327,-2.8946844e-05,-0.0017036416,-2.5448577e-05,-3.861784e-05,-3.3724966e-05,-1.5172319e-05,-2.0030548e-06,-0.0019147155,-0.0025800422,-0.00084618333,0.99440926,-0.0008166995,-2.7775803e-05,-0.0025359266,-6.835131e-06,-2.3257777e-05,-5.022235e-05,-0.0016508809,-3.9692466e-05,-0.0022931711,-0.00093347643,-4.6633864e-05,-0.00014536356,-1.9000825e-05,4.9784912e-06,-0.0006414953,-2.4843233e-05,-2.793543e-05,-3.686311e-05,-4.5161843e-05
0.0017600303,0.9970211,0.0033351849,0.00333329,0.003113123,0.9970037,0.0014313839,0.0033362494,0.0016148528,0.99687815,0.0034020913,0.003352169,0.0031037375,0.0029585713,0.0016297265,0.0030487427,0.0014253508,0.003427183,0.99684584,0.001480037,0.0022460117,0.0034095321,0.0025961918,0.0018095599,0.002784052,0.0032008407,0.0032937597,0.0018416649,0.0030697575,0.0021257915,0.0026125736,0.0013801677,0.0031614725,0.002426086,0.001910955,0.0025219028,0.0024325862,0.003195891,0.0019185994,0.0018825433,0.0018208644,0.0014518979,0.0018271006,0.0016567359,0.003290794,0.0032133344,0.003387676,0.0021335834,0.0026740555,0.002570613,0.0023697703,0.0,0.0025968826,0.0034302294,0.0032429178,0.0013412386,0.003390495,0.0024770796,0.0027038855,0.0013884943,0.0032791337,0.003495656,0.0034340161,0.0024852597,0.0032786112,0.0013621437,0.0031591058,0.0024702067,0.0017166062,0.003060637,0.0033686303,0.003332725,0.0014109575,0.001633035,0.0035032753,0.0017955063,0.0032739625,0.0033289085,0.0026147133,0.99685776,0.0015031885,0.0032267838,0.0019035572,0.0015782391,0.0014143314,0.0016191315,0.0013456913,0.0033620074,0.003516406,0.002586948,0.99692494,0.0025791633,0.0015259099,0.003176153,0.0015756085,0.0026486393,0.0020104398,0.0031770105,0.0013688877,0.0033676014,0.0026205925,0.0016570325,0.0021786047,0.0013427052,0.0014498336,0.002495322,0.0018774972,0.0013891668,0.0013277502,0.0013483226
-2.4660585e-05,0.99484533,-4.8609138e-05,-5.332779e-05,-0.00010141422,0.9950525,-9.075278e-06,-4.4594584e-05,-3.279319e-05,0.99488205,-6.827147e-05,-3.910494e-05,-6.29882e-05,-1.724865e-05,-3.4793236e-05,-3.874847e-05,3.825918e-06,-5.3206444e-05,0.9948873,-2.2044183e-05,-3.5327117e-05,-6.8380796e-05,-4.0000214e-05,-6.002391e-06,-2.7419934e-05,-5.9072627e-05,-5.6918496e-05,-1.5443926e-05,-4.2350024e-05,-1.829489e-05,-3.0811145e-05,-9.933004e-06,-9.311451e-05,-1.2950844e-05,-1.87857e-05,-1.1861365e-05,-5.1762865e-05,-0.00010647699,-6.180829e-06,-2.7504777e-05,-1.8729266e-05,-1.7755128e-05,-3.88191e-05,-3.5427172e-05,-2.9423885e-05,-3.3073225e-05,-5.987955e-05,-3.2817938e-05,-3.8026392e-05,-3.6001635e-05,-3.849677e-05,-5.9348476e-05,0.0,-8.5645945e-05,-6.2734536e-05,-1.5871761e-05,-5.9313814e-05,-1.9090921e-05,-5.02685e-05,-1.3399748e-05,-5.763788e-05,-4.792564e-05,-3.887309e-05,-5.3081647e-05,-3.1827967e-05,-9.419069e-06,-6.6891684e-05,-3.8862305e-05,-2.6411244e-05,-3.9336253e-05,-4.396744e-05,-5.3772983e-05,7.123569e-08,-1.040427e-05,-6.197188e-05,-6.3950797e-06,-6.656504e-05,-9.322797e-05,-2.3085007e-05,0.99500084,-2.528785e-05,-2.5861149e-05,-2.9013296e-05,-2.6024889e-05,9.176453e-07,-3.8908966e-06,-3.5806865e-05,-5.620983e-05,-7.688239e-05,-2.8203678e-05,0.99487376,-4.104856e-05,-3.81792e-05,-0.0001155617,-9.52809e-06,-1.2671661e-06,-3.5509696e-05,-6.089425e-05,-2.5879142e-05,-3.942245e-05,-4.1015268e-05,-2.0221914e-06,-3.6568945e-05,-2.7981274e-05,-9.993092e-06,-2.1270467e-05,-2.7513208e-06,-1.0796284e-05,-2.3391645e-05,-1.71923e-05
0.0037561615,1.0006695,0.004350827,0.0043416033,0.0044391095,0.999892,0.0035961021,0.0043019424,0.0037191305,1.0002415,0.00437755,0.004357783,0.0042525907,0.0041212346,0.0037325986,0.0041498113,0.0035749215,0.0043542436,1.000125,0.003624928,0.0040341425,0.0043721343,0.004077004,0.0037817352,0.0040766634,0.004262764,0.0044021555,0.003790561,0.004164849,0.003939853,0.004061815,0.0035653084,0.00443804,0.004016985,0.003848433,0.0040463526,0.0040247547,0.0044291136,0.003987697,0.003823322,0.0038053505,0.0035963529,0.0037802325,0.0036958847,0.0042781425,0.0042711706,0.0044063013,0.0039223894,0.004072978,0.0040713036,0.0039976053,0.0043523167,0.004067142,0.0,0.00428328,0.0035386444,0.004355853,0.0040310067,0.0041086343,0.0035512145,0.004348098,0.0043972,0.004371234,0.0040636496,0.0042805234,0.003559685,0.0042563644,0.004044985,0.0038201322,0.0041316007,0.0043535065,0.0043218816,0.003576859,0.0036773605,0.0043908674,0.0037672345,0.004275701,0.004428687,0.0040666163,0.9997423,0.0036380126,0.0042647813,0.0038460332,0.003653691,0.0035670018,0.0036778166,0.0035322616,0.00432985,0.00440408,0.0040695188,1.0003493,0.004080449,0.0036308246,0.0044500846,0.0036599135,0.0045817513,0.0038936385,0.004242371,0.0035525286,0.0043797786,0.0040764846,0.0036903503,0.003962533,0.0035261426,0.0036080317,0.004055925,0.003943086,0.003580759,0.0035165236,0.0035189681
0.0009735597,0.9964667,0.00225851,0.0022163969,0.0025418208,0.99596995,5.413113e-05,0.0021729434,0.0002492165,0.99644715,0.0023106353,0.0022492565,0.0020228345,0.001762667,0.0002739958,0.0018210092,6.592032e-05,0.0022551534,0.99642926,0.00013089296,0.0014088935,0.0022915092,0.0016259816,0.0010063837,0.0016483702,0.0020690986,0.0023731512,0.0010754014,0.0018453147,0.0013283583,0.0016013113,0.00022739042,0.0025448336,0.0014078567,0.0011377506,0.0015093007,0.0014278776,0.0025146983,0.00052552024,0.0010999164,0.0010129536,0.00019692452,0.0010368559,0.0008725147,0.0020869204,0.0020746056,0.002407215,0.0012476696,0.0016700042,0.0015782404,0.0013759729,0.002235107,0.0015887461,0.0024717809,0.0,0.00012941309,0.0022320026,0.0014698429,0.0017287638,5.6493463e-05,0.0022263494,0.0023625563,0.0022865746,0.0014987472,0.002097257,0.00023777671,0.002018596,0.0014829775,0.00034751077,0.0017944071,0.002222963,0.0021970144,5.536165e-05,0.00086525874,0.002320633,0.0010221959,0.002070816,0.0024977752,0.0015404413,0.99591887,0.00014626158,0.002067668,0.0011483993,0.00077254407,6.2137005e-05,0.00080358103,0.00014175568,0.002203602,0.0024144228,0.0016249112,0.9964493,0.0015812365,0.00073176355,0.0025871685,0.0007833601,0.0012643873,0.0012123322,0.0020221244,0.000210826,0.0023142435,0.0016247411,0.0008815777,0.0013096563,8.937175e-06,0.000118218864,0.0015066192,0.00050625746,0.00020783594,1.7013106e-05,0.00013647226
-0.0036655152,0.99522156,-0.004856113,-0.0048661963,-0.0050415616,0.9949501,-0.002483791,-0.004760085,-0.0022486718,0.9952222,-0.004916075,-0.0048654373,-0.004686592,-0.0045116856,-0.0022310857,-0.004530682,-0.0024624646,-0.004859544,0.9952136,-0.0023620613,-0.004332455,-0.004915121,-0.00439857,-0.0037079058,-0.004437986,-0.0047067627,-0.0049478314,-0.0037241196,-0.0045865653,-0.0040570702,-0.0044373185,-0.00303529,-0.005036866,-0.0042478093,-0.003930042,-0.004307586,-0.004248703,-0.0050220685,-0.0018980202,-0.0038836936,-0.0038137322,-0.0032077467,-0.003731025,-0.003528814,-0.0047337133,-0.004734475,-0.0049629146,-0.0040490413,-0.0044284198,-0.0043804445,-0.004196905,-0.0048638755,-0.004401162,-0.00499191,-0.0047403337,0.0,-0.0048607835,-0.0042684944,-0.0044851536,-0.0025624067,-0.0048637344,-0.004927655,-0.004893408,-0.004326464,-0.004734181,-0.0030239006,-0.0047199065,-0.0043231226,-0.0022023572,-0.0045222687,-0.0048635867,-0.0048083947,-0.0024550795,-0.003465252,-0.0048937094,-0.0037252854,-0.004742062,-0.004995725,-0.004392622,0.99503005,-0.0023169757,-0.0047216485,-0.0038692283,-0.0034069256,-0.0024115574,-0.0034923207,-0.0027501048,-0.004804592,-0.004983314,-0.0043904,0.99522406,-0.0044052294,-0.0033237569,-0.0050490643,-0.0033883946,-0.0017465679,-0.0040228283,-0.004686124,-0.0030141808,-0.0049240272,-0.0044045895,-0.0034988548,-0.004124096,-0.0026812407,-0.0024050588,-0.0043496825,-0.002189391,-0.0029784585,-0.002626642,-0.0026546002
0.002178303,0.9976467,0.0034248969,0.003090407,0.0033057984,0.9975667,0.0018977873,0.0030649302,0.002064538,0.99748176,0.0031629587,0.0031292853,0.0029394054,0.0027604548,0.002080186,0.0031226946,0.0018892026,0.0031496955,0.99743015,0.0019407684,0.0025924426,0.003150424,0.0026960543,0.002214373,0.002686697,0.0029728394,0.003201067,0.0022323863,0.0031525022,0.0024590793,0.0026780516,0.0018524216,0.0032998687,0.0025704505,0.0023241732,0.0025872814,0.002568764,0.0032821107,0.0023575616,0.0022860537,0.0022410047,0.0019152795,0.0022210118,0.002085074,0.0033089092,0.0033136362,0.0031946904,0.0024327456,0.0026934543,0.0026577841,0.002519768,0.0033853054,0.0026348226,0.0032384724,0.0030059766,0.0018137915,0.0,0.002573572,0.002746008,0.0018513734,0.0030959828,0.0031975168,0.0031354413,0.0026328666,0.0032302614,0.0018333338,0.003276511,0.0025912924,0.0021656996,0.0028656595,0.003426847,0.0033785237,0.0018731229,0.002055876,0.0031948464,0.0022062995,0.0029736436,0.0032663073,0.0026261052,0.99741495,0.001956405,0.0029586258,0.0023083054,0.0020193139,0.0018827391,0.0020579577,0.0018140606,0.0030656229,0.0032293824,0.0026996182,0.9975209,0.002646982,0.0019687382,0.0033388387,0.002016121,0.0030491368,0.0023834615,0.0029497666,0.0018383046,0.0031493462,0.002657339,0.002077735,0.0024879186,0.0018043881,0.0019138461,0.0026132057,0.0023151864,0.0018570191,0.00179565,0.0018144269
-1.9951149e-05,0.994293,-0.001497182,-0.0015828578,-0.0022043718,0.9945979,-4.164118e-05,-0.0012401204,-1.8220557e-05,0.99426055,-0.0017345279,-0.0015657197,-0.0011154287,-0.0008368917,-3.7141149e-06,-0.00086384045,-1.2768939e-05,-0.001520495,0.9942564,-3.3588767e-05,-0.0002797394,-0.0017447306,-0.00048865634,-6.483354e-05,-0.0006774208,-0.0011266196,-0.0018287788,-5.3871277e-05,-0.00094846607,-6.865732e-05,-0.00068424665,-2.6765012e-05,-0.002200128,-0.00019674761,-6.622859e-05,-0.0002265139,-0.00017410047,-0.0021420526,5.3324143e-06,-1.630052e-05,-1.6961034e-05,-3.49513e-05,-2.1224856e-05,-4.6383473e-05,-0.0012502181,-0.0012445233,-0.001864821,-1.7613855e-05,-0.00061084836,-0.00042005692,-8.115702e-05,-0.0015303878,-0.00047196227,-0.0019709384,-0.0012047727,-8.848218e-06,-0.0015964004,0.0,-0.00078946445,-3.7341335e-06,-0.0015338659,-0.0017817586,-0.0017087791,-0.00031353493,-0.0012366496,-2.7846518e-05,-0.0012395019,-0.0002900378,9.757194e-06,-0.00083742576,-0.0015800359,-0.0013876329,-3.165771e-05,-1.9886651e-05,-0.0016795173,-5.443402e-05,-0.0012843967,-0.0019976082,-0.0004919744,0.9945758,-2.1929868e-07,-0.0012008714,-6.2609975e-06,-2.0446394e-05,-2.0269239e-05,-3.0755513e-05,-1.782885e-05,-0.001411462,-0.0019930662,-0.00047120906,0.9946785,-0.00044554524,-2.1464586e-05,-0.0021784913,-4.301561e-05,-1.6492952e-05,-5.9114143e-05,-0.0011066032,-3.350922e-05,-0.0017538299,-0.00054538716,-1.7016844e-05,-5.2266972e-05,-4.6097153e-05,-4.030986e-05,-0.00036320582,-2.3833292e-05,-3.4790817e-06,-9.010003e-06,-4.506918e-06
-1.7669594e-05,0.995624,0.000309415,0.000301257,0.0005787708,0.9958166,1.9087744e-05,0.00028318627,9.9660465e-06,0.99563646,0.00037283383,0.00030274142,0.00015205597,-2.4835685e-05,2.208908e-05,2.4692767e-05,2.0062178e-05,0.00032457217,0.99566215,9.4184525e-06,-5.2815685e-06,0.0003645881,1.142235e-06,-1.4719857e-05,1.4425106e-05,0.00018168922,0.00042441033,3.537595e-06,-2.0940879e-05,-1.6918413e-05,5.1995908e-06,-1.3677719e-05,0.00057885295,1.1422901e-05,4.248751e-06,-9.345316e-06,1.1752307e-05,0.0005570055,8.714456e-06,-5.0592507e-06,7.038555e-06,1.1921683e-05,1.802997e-05,-1.0300624e-05,0.0002305571,0.00022786381,0.00044229036,9.321601e-06,3.84979e-06,2.2493836e-05,-6.923205e-06,0.00033222858,-1.498892e-05,0.00050404976,0.0002263485,-3.9128236e-06,0.00028875837,1.3474844e-05,0.0,-1.5492831e-05,0.00034150633,0.00040564913,0.0003257749,-2.3107943e-05,0.00022140439,-5.8118785e-06,0.00015771388,2.6626287e-06,-3.3766219e-06,5.015497e-08,0.00030800482,0.00030357504,2.1168402e-05,1.2189751e-05,0.00035177986,-9.550788e-06,0.00019196834,0.0005278593,1.8453182e-05,0.9957527,-8.423079e-06,0.00019785594,-4.079731e-06,-5.944843e-06,1.6140175e-05,4.846995e-06,-1.2630024e-05,0.00033467804,0.0004889397,7.598394e-06,0.99564767,1.4228665e-05,1.7803175e-05,0.0005974501,-5.68206e-06,8.59099e-06,1.0089575e-06,0.00015760373,3.8328158e-06,0.0003703855,1.2764028e-05,1.734078e-05,-1.1320782e-05,-5.4994425e-06,-1.9517329e-05,2.041406e-05,7.648454e-06,-1.2723485e-05,-8.303237e-06,-1.1680064e-05
-0.004612649,0.99515504,-0.005128741,-0.0051355576,-0.0052276365,0.9948684,-0.0043125306,-0.0050812047,-0.0043290704,0.9951515,-0.0051629664,-0.0051398687,-0.005043846,-0.0049439287,-0.004279913,-0.004949762,-0.0043539205,-0.0051281964,0.99514115,-0.0043128496,-0.004889108,-0.005159871,-0.004894028,-0.0046207285,-0.0049075494,-0.005051079,-0.005183094,-0.004622335,-0.0049853465,-0.004756097,-0.004916103,-0.0044775084,-0.005220448,-0.004853848,-0.0047124354,-0.00487394,-0.0048535946,-0.00521242,-0.004477393,-0.0046853973,-0.0046521695,-0.0044879317,-0.0046272483,-0.0045857043,-0.0050630597,-0.005065958,-0.005189947,-0.0047538164,-0.004900406,-0.004905755,-0.0048299944,-0.005139884,-0.004901516,-0.0052015325,-0.005071882,-0.0043666256,-0.0051384955,-0.0048604184,-0.0049314466,0.0,-0.005139266,-0.005169511,-0.005153936,-0.0048829643,-0.005066035,-0.00443866,-0.005057313,-0.0048722182,-0.0043702535,-0.0049431715,-0.0051376373,-0.005106207,-0.0042795097,-0.0045328746,-0.005154558,-0.004623535,-0.0050746882,-0.0052036135,-0.004909124,0.9949428,-0.0042606085,-0.0050588315,-0.0046829917,-0.0045291577,-0.0043094703,-0.0045773,-0.0043365406,-0.0051092985,-0.0051916377,-0.0048925835,0.9951571,-0.004907182,-0.004495678,-0.005228181,-0.0045153596,-0.005185796,-0.004742351,-0.0050446247,-0.004455081,-0.00516785,-0.0048922636,-0.004559136,-0.0047853994,-0.0043026237,-0.0042472733,-0.004893755,-0.0044026407,-0.004409176,-0.004283678,-0.0043169814
0.0018840445,0.9971428,0.0033049765,0.0032448778,0.0031541202,0.997116,0.001579145,0.003121489,0.0017510308,0.9970031,0.0032605585,0.003205798,0.0030429873,0.0028793216,0.0017701089,0.0031197208,0.0015771324,0.0034321216,0.9969591,0.0016217618,0.0023649312,0.0032829926,0.002678433,0.0019346325,0.002754121,0.0030638506,0.0031044926,0.0019389822,0.0031135182,0.002209829,0.0026491843,0.0015314997,0.0031586965,0.0024325515,0.0020376765,0.0026253806,0.0024556546,0.0031271083,0.002054588,0.0019977011,0.0019380794,0.00160025,0.0019391674,0.0017884213,0.0033557941,0.0032403613,0.0033553743,0.0022127652,0.0026109002,0.0025430156,0.0023121212,0.0035519018,0.0024839076,0.0033613706,0.0030888503,0.0014898973,0.0032217288,0.0024240254,0.0026542344,0.0015201023,0.0,0.0032868234,0.0034848673,0.0025222958,0.0033746155,0.0015071526,0.003136617,0.0023750267,0.0018575037,0.0032065953,0.0033686075,0.0033194325,0.0015469457,0.001747282,0.0032353555,0.0019112591,0.0033152876,0.0032447726,0.0026876251,0.9969765,0.0016370254,0.0032052714,0.0020187523,0.0017144263,0.0015653878,0.0017530863,0.001477083,0.0033530176,0.0033286049,0.0026467459,0.9970482,0.0026614936,0.0016512299,0.0032133446,0.0017081021,0.0027757806,0.0021099856,0.003028288,0.0014967517,0.0032947687,0.0024462594,0.0017702263,0.002258003,0.001467487,0.0015707024,0.0023971861,0.002016974,0.0015176097,0.0014597576,0.0014913455
0.002983818,0.99894416,0.0037667349,0.003755825,0.0038958702,0.99856484,0.0027498058,0.0037071726,0.0029049786,0.99866813,0.0038045675,0.0037753659,0.003633237,0.003475183,0.0029122848,0.0035091597,0.0027398944,0.0037725032,0.99857104,0.0027895444,0.003335996,0.003795432,0.003410964,0.0030138534,0.0034146928,0.0036519344,0.0038356655,0.003033706,0.0035267144,0.003224683,0.0033922258,0.002717452,0.0038929104,0.00331702,0.0031078914,0.0033556093,0.0033225159,0.0038810184,0.0031921794,0.003079674,0.0030484456,0.002767575,0.0030200616,0.0029084773,0.0036696868,0.0036561873,0.0038404085,0.0031962323,0.00341516,0.0033926638,0.0032884995,0.003766037,0.0033872756,0.0038686772,0.003678253,0.002689139,0.0037702944,0.0033356894,0.0034583244,0.0027141084,0.0037583318,0.0,0.0037902063,0.003369356,0.0036755824,0.002714359,0.0036365998,0.0033479172,0.0030029686,0.003494282,0.0037639507,0.0037263867,0.0027288438,0.0028835593,0.0038148456,0.0030061523,0.0036662372,0.0038784125,0.0033817987,0.99838805,0.0028082307,0.003652138,0.003103277,0.0028506278,0.0027285193,0.0028857244,0.002675564,0.0037349963,0.003843902,0.0034014706,0.9987286,0.0034000329,0.0028162224,0.003915174,0.0028543135,0.0038420702,0.0031639494,0.0036262767,0.0027023735,0.0038067019,0.0034020157,0.0029042303,0.003246719,0.0026785706,0.002776137,0.0033662277,0.0031459369,0.0027380276,0.0026638808,0.0026800085
0.0025794134,0.9982454,0.0034455701,0.0034347423,0.0036069793,0.9980238,0.0023142335,0.0033815138,0.0024801455,0.998011,0.0034907889,0.0034545208,0.0032940554,0.0031280883,0.0024888723,0.0031598369,0.0023080541,0.0034547816,0.9979649,0.0023613556,0.0029520176,0.003482649,0.0030519774,0.0026135964,0.0030603532,0.0033175002,0.0035249554,0.0026348678,0.0031886278,0.0028418328,0.0030443294,0.002275474,0.0036035564,0.0029388259,0.0027182638,0.0029776809,0.0029456317,0.0035903805,0.0027724544,0.0026803913,0.0026448495,0.0023303337,0.0026211978,0.0024949845,0.0033479198,0.0033260505,0.003530888,0.00281422,0.0030554445,0.0030252598,0.0029053981,0.0034550487,0.0030206034,0.0035631827,0.0033502877,0.0022511617,0.0034503033,0.002961629,0.0031075978,0.0022811296,0.0034332618,0.0035148684,0.0,0.0030035202,0.0033460231,0.0022653507,0.0032989236,0.002977271,0.0025881121,0.0031561381,0.0034368306,0.0033994645,0.0023005626,0.0024763218,0.003498762,0.0026091433,0.0033431463,0.0035769283,0.0030182148,0.99786454,0.002379817,0.003321816,0.0027079305,0.002431519,0.0023003088,0.0024670525,0.0022457489,0.0034155021,0.0035435916,0.0030452996,0.99807936,0.0030346685,0.0023956872,0.0036263536,0.0024387261,0.0034459596,0.0027727697,0.0032923643,0.0022720837,0.0034883455,0.0030410714,0.0024929035,0.0028682782,0.0022429598,0.0023479823,0.0029949879,0.0027265577,0.0022976669,0.0022284582,0.002240928
-5.2249117e-05,0.9946098,-0.001245941,-0.0013074067,-0.0018640539,0.9946699,-1.347661e-05,-0.001075707,-1.5317536e-06,0.99458337,-0.0014777804,-0.0013243309,-0.0009717427,-0.0006389513,7.106168e-07,-0.000694122,-4.0795214e-05,-0.0012652191,0.99458426,5.158222e-06,-0.00019555847,-0.0014150358,-0.00039236108,-9.945757e-06,-0.0005170625,-0.0009919452,-0.0015507849,-6.122639e-05,-0.0007787033,-2.0352483e-05,-0.00054065336,-1.882224e-05,-0.0018499391,-0.000108001885,-2.5833826e-05,-0.00016964397,-0.00011122604,-0.0017821357,-2.3944906e-06,-3.5588128e-05,-1.1692706e-05,-5.3125277e-05,-3.8800707e-05,-3.3370394e-05,-0.0010434706,-0.0010283598,-0.0015707875,-2.678819e-05,-0.0005445065,-0.00037413658,-9.590636e-05,-0.0013161193,-0.00037300016,-0.0016354118,-0.0010517361,-5.1003623e-05,-0.001327547,-0.00015183007,-0.0006107616,-3.0604853e-05,-0.0013055382,-0.001454331,-0.0013907241,0.0,-0.0010099928,-1.6282448e-06,-0.001010254,-0.00015016264,-3.216457e-05,-0.0006968203,-0.0013109255,-0.0011166858,1.8593162e-06,-3.6681555e-05,-0.0013591588,-5.8482324e-06,-0.0010336746,-0.0016581254,-0.000389362,0.9946319,-3.1136038e-05,-0.0010346052,-5.1858326e-05,-1.6123417e-05,-4.4439286e-05,-2.6997262e-05,-1.8035302e-05,-0.0011466135,-0.0016314724,-0.00038735077,0.99461514,-0.0003456507,-5.4125794e-05,-0.0018721306,-3.0253852e-05,-2.3901826e-05,-6.677829e-05,-0.00095148117,-8.29362e-06,-0.0014982442,-0.0004637932,-1.6878996e-05,-4.7981055e-05,-4.386064e-06,-2.337581e-05,-0.00027744944,-7.730548e-06,-5.021785e-05,-2.9412662e-05,-1.3845982e-05
0.0009525582,0.9964454,0.0022286237,0.0022039053,0.0025347408,0.9959463,4.4927703e-05,0.0021436166,0.00022137947,0.99642617,0.0022991875,0.0022204926,0.0020076253,0.0017486432,0.00025430086,0.0018043413,4.5821587e-05,0.0022297574,0.9964139,9.6117416e-05,0.0014119401,0.002278268,0.0016096395,0.0009973188,0.0016374534,0.0020356907,0.0023581188,0.0010400903,0.0018399025,0.0012890666,0.0016071745,0.00020709088,0.002533178,0.0013946533,0.001118611,0.0014858866,0.0014018063,0.002503981,0.00050712196,0.0010809195,0.0010118807,0.0002001803,0.0010158994,0.00084841903,0.002081418,0.0020612774,0.0023908059,0.0012317869,0.0016481368,0.0015573564,0.001356878,0.0022198202,0.0015688934,0.0024514194,0.0020917072,0.00010506733,0.0022175892,0.0014430464,0.001714926,3.8518985e-05,0.002216983,0.0023396944,0.0022686047,0.0014880842,0.0,0.00021413858,0.002008873,0.0014638149,0.0003269608,0.0017755631,0.0022137351,0.0021751702,4.3499975e-05,0.00083499576,0.0022889308,0.0009996934,0.00205826,0.0024748032,0.0015392754,0.99591297,0.00012430997,0.0020522964,0.0011161688,0.0007438733,4.494767e-05,0.0007857594,0.0001351931,0.0021884355,0.002409832,0.0015993225,0.9964331,0.0015641738,0.00071433437,0.0025709528,0.0007590494,0.0012419103,0.0011944401,0.0020021773,0.00020193392,0.0022989993,0.0016011365,0.0008475846,0.0012996121,-1.2858502e-05,8.295841e-05,0.0014913916,0.00048479016,0.0002163095,-5.2404175e-07,0.0001397159
-0.0030694746,0.99517006,-0.004882945,-0.004886128,-0.0051088324,0.994892,-0.00036964245,-0.004770221,-3.0813197e-05,0.99516714,-0.0049659046,-0.0048990604,-0.0046797213,-0.004457043,-5.353301e-05,-0.0044788765,-0.00025701884,-0.004889736,0.9951593,-2.8013078e-06,-0.004137851,-0.0049636397,-0.0042827437,-0.003193542,-0.00433823,-0.004701234,-0.005003694,-0.0031838985,-0.0045535755,-0.003733359,-0.0043742154,-0.0020712086,-0.0051065846,-0.004044256,-0.0034971288,-0.0041319644,-0.0040401435,-0.005085497,1.552734e-05,-0.0034226803,-0.0033126755,-0.002238356,-0.003167272,-0.0028925925,-0.004746397,-0.0047431565,-0.0050175968,-0.0037155575,-0.004327781,-0.0042600497,-0.003959998,-0.0049063074,-0.004272836,-0.0050547994,-0.0047408533,-0.0013069848,-0.0048947926,-0.0040767957,-0.004424549,-0.00052497257,-0.0048959395,-0.0049807676,-0.004934451,-0.004155837,-0.004741664,0.0,-0.004723557,-0.004146384,1.1861246e-05,-0.0044613383,-0.004899148,-0.004829435,-0.00026906547,-0.0027191213,-0.004933675,-0.0031993745,-0.0047397744,-0.005058089,-0.0042882445,0.99496627,-1.6154924e-06,-0.004720517,-0.0034039961,-0.0026367162,-0.00025605052,-0.0027649691,-0.001616074,-0.0048226803,-0.0050441734,-0.0042647216,0.99517226,-0.0042768284,-0.0024930576,-0.005119794,-0.0025939196,-4.0531875e-05,-0.0036795456,-0.0046807737,-0.0020260355,-0.0049684294,-0.004283582,-0.0027876068,-0.0038514566,-0.0007659897,-5.25922e-05,-0.004180558,-5.1232073e-05,-0.0018931341,-0.0006774592,-0.0008116905
0.00071228994,0.99630696,0.0019824733,0.0019804172,0.0023155997,0.9958191,-1.8582596e-05,0.0018975019,1.140963e-05,0.99628735,0.0020703776,0.0019912263,0.001772216,0.0015186577,4.00231e-06,0.0015636269,-3.2107314e-06,0.0019925402,0.99629164,-7.9810625e-06,0.0011939309,0.002047964,0.0013629574,0.0007536382,0.0013957225,0.0018010077,0.0021386596,0.00078620884,0.0016015769,0.0010324949,0.0013885587,0.00033790036,0.0023134702,0.0011591791,0.0008917603,0.0012134961,0.0011616371,0.0022809375,0.00024143961,0.0008275209,0.00077953946,3.1570686e-05,0.00075177266,0.00062031974,0.0018448929,0.0018253021,0.002156546,0.0009834258,0.0014106394,0.0013106279,0.0011112201,0.0019861162,0.0013293963,0.0022267571,0.0018454535,-1.1435498e-05,0.0019799713,0.0011909317,0.0014835381,-1.6871289e-05,0.0019963605,0.0021022428,0.0020249481,0.0012250145,0.0018452808,0.0003144524,0.0,0.001218308,7.907481e-05,0.0015376108,0.0019876447,0.0019402931,-1.9983627e-05,0.00059769565,0.0020593079,0.0007529696,0.0018296391,0.002248475,0.0013073538,0.99599206,1.1936679e-05,0.0018174859,0.00087658915,0.00053245825,1.1545834e-06,0.0005750678,8.311e-06,0.0019575385,0.002195697,0.0013551578,0.99630123,0.0013103788,0.00047243253,0.0023558715,0.00053374324,0.00094223156,0.0009533796,0.0017677456,0.00034527545,0.0020720868,0.0013672096,0.0005875669,0.0010568901,5.6284052e-06,9.9377585e-06,0.0012528667,0.00022367966,-4.790162e-06,1.2354e-05,-1.721216e-05
-1.13016395e-05,0.9942109,-0.0013320904,-0.0013245877,-0.001891802,0.9945671,-1.7316072e-05,-0.0010590311,5.329016e-08,0.99458,-0.0015081567,-0.001302813,-0.0009546497,-0.00069726293,7.23336e-06,-0.0006968642,-2.7960596e-05,-0.0013302604,0.9945712,5.5549576e-06,-0.000154863,-0.0014320745,-0.00044602063,-4.282421e-05,-0.0005739345,-0.000963931,-0.0015888184,-6.540167e-05,-0.00084744295,-6.551817e-05,-0.0005630065,-4.0543713e-05,-0.0018688787,-0.00014084177,-5.196829e-05,-0.00017918686,-0.00013259119,-0.0018116629,-3.304435e-05,-7.075502e-05,-4.3655484e-05,-3.5349625e-05,-2.552069e-05,-1.2071231e-05,-0.0010508251,-0.0010425223,-0.0016269612,-6.15423e-05,-0.0005332478,-0.00040482095,-4.643754e-05,-0.0013453838,-0.00043614235,-0.0016913626,-0.0010371588,-2.1421663e-05,-0.001345488,-0.00014510131,-0.00062638026,-6.3964317e-06,-0.0013692145,-0.0014924539,-0.0014140895,-0.00022405355,-0.0010461304,-2.6828393e-05,-0.0010274891,0.0,-3.7169142e-05,-0.0006940458,-0.001370649,-0.0011987982,-2.6759557e-05,-3.4378183e-05,-0.0013938315,-3.0809748e-05,-0.0010965868,-0.001721984,-0.00042602545,0.99452317,-4.064918e-05,-0.0010302081,-1.071074e-05,-3.0817573e-05,-2.7261394e-05,-4.283489e-05,-2.050025e-06,-0.0011709288,-0.0016884411,-0.0004291866,0.9946052,-0.00041854137,-3.1277676e-05,-0.0019265356,-5.4655295e-05,2.8515228e-06,-2.5083382e-05,-0.0009886689,-2.5183488e-05,-0.0015275934,-0.00047767698,-5.7001373e-05,-8.0439844e-05,-9.783986e-06,-3.927197e-06,-0.00030101513,-3.6446338e-05,-1.9550878e-05,1.0394255e-06,-1.6900496e-05
-0.0058569564,0.9946912,-0.0059678974,-0.005970581,-0.0059690075,0.99432826,-0.00591676,-0.0059609236,-0.0060340273,0.9946542,-0.00597644,-0.0059720846,-0.005943381,-0.0058956263,-0.005996138,-0.00590084,-0.005929781,-0.0059712785,0.9946441,-0.005946151,-0.005958783,-0.005976871,-0.005908775,-0.0058482727,-0.0058878963,-0.005949638,-0.0059816767,-0.0058515267,-0.005912764,-0.005887572,-0.0058884565,-0.005854228,-0.0059657977,-0.0059203417,-0.0058749123,-0.0059228092,-0.00591595,-0.005965645,-0.00626913,-0.005865721,-0.005874169,-0.0058728294,-0.0058523915,-0.005845801,-0.0059486236,-0.0059490176,-0.0059756297,-0.005886,-0.005888465,-0.005920399,-0.005908748,-0.0059795557,-0.0059135393,-0.0059787985,-0.0059570973,-0.0058466718,-0.0059706597,-0.0059138606,-0.00589595,-0.0058694677,-0.0059772287,-0.0059786965,-0.0059706164,-0.00593102,-0.0059515215,-0.0058614565,-0.0059529054,-0.0059279962,0.0,-0.0059043462,-0.0059763747,-0.0059775626,-0.0058999825,-0.0058422345,-0.0059809606,-0.0058454988,-0.005954981,-0.005971883,-0.005921416,0.99441075,-0.0059522837,-0.005949713,-0.005864198,-0.005844856,-0.0058985217,-0.0058525233,-0.005842858,-0.005968232,-0.0059728823,-0.005903981,0.99467695,-0.0059246677,-0.0058493097,-0.005965848,-0.005844604,-0.0071233874,-0.0058853673,-0.0059440727,-0.005849442,-0.00597734,-0.005896793,-0.005849809,-0.0058926246,-0.0058484655,-0.0059271366,-0.0059313118,-0.006189502,-0.005854293,-0.0058410377,-0.0058294274
-1.1633096e-05,0.9957314,0.0006883754,0.00065198645,0.0009483828,0.9959464,-2.0984726e-05,0.00064176985,-1.8579245e-05,0.99575746,0.00073350105,0.0006688761,0.000491063,0.00023305476,6.943823e-06,0.00028879815,-1.003093e-05,0.0006884019,0.9957656,-1.9122637e-05,-1.2570504e-06,0.0007117734,0.00010373029,-1.7940262e-06,0.000110688474,0.0005267792,0.00079511566,-7.3580636e-06,0.00030349454,1.6763408e-05,8.246134e-05,-1.2253269e-05,0.0009564877,-1.0219608e-05,2.2328257e-05,-4.6927753e-06,-4.4266045e-07,0.00093713525,-1.3241076e-05,1.0380473e-05,-2.14875e-05,-1.8170642e-05,-3.1861946e-06,3.65191e-06,0.0005647235,0.00055515114,0.00082418806,-1.2615297e-05,0.00014998083,6.3427826e-05,1.906823e-05,0.00067819445,7.990828e-05,0.0008909546,0.00057696836,-4.3744703e-06,0.00064828515,4.798588e-06,0.00021041028,3.5821804e-06,0.00068372296,0.00078209775,0.0006955902,1.6958616e-05,0.00056205987,-1.238695e-06,0.0004860475,2.7074753e-05,3.135982e-06,0.0,0.00066283555,0.0006626441,-1.5525207e-05,-1.093365e-05,0.00072710763,-2.7851536e-06,0.0005280478,0.00091859646,4.508991e-05,0.99585146,-1.9231138e-05,0.000539403,2.271663e-05,-8.794209e-06,-1.7292785e-05,4.3974687e-06,-1.5841078e-05,0.0006802397,0.000844987,0.000108807544,0.9957569,5.9824797e-05,8.302633e-06,0.0009844461,-5.3850285e-06,-1.4468564e-05,2.3507198e-05,0.00048699282,4.3218643e-06,0.00073554344,0.00010513196,-7.5268085e-06,9.4091265e-06,7.5053567e-06,-1.1870094e-06,-2.5219833e-06,-6.899674e-06,-9.744195e-08,1.5920858e-05,1.5781015e-05
0.0020543723,0.9974496,0.0033444413,0.0033159168,0.003226897,0.9973907,0.00177133,0.0031697126,0.0019376973,0.9973051,0.0030787827,0.0030734946,0.0028393115,0.0029771659,0.0019542652,0.0030878352,0.0017596825,0.0032976652,0.99724615,0.0018019974,0.0024957112,0.0030427,0.0026485866,0.002100358,0.0025791547,0.0029965101,0.0031132638,0.00211412,0.0030804898,0.002348119,0.0025873815,0.001709447,0.0032251629,0.002481192,0.0022089414,0.0024721853,0.0024822333,0.0031991068,0.002235867,0.0021650442,0.0021242846,0.0017811661,0.0021044347,0.0019626028,0.003254259,0.0032536387,0.0034399612,0.0023411207,0.002603961,0.0025688126,0.0024205362,0.0033992082,0.00253218,0.0031536783,0.0029426187,0.0016827128,0.0031119315,0.0024769052,0.0026436106,0.0017322929,0.003007164,0.0031806459,0.0033691952,0.0025457041,0.0032533119,0.0017025694,0.0031848862,0.0024892671,0.0020377557,0.0029628293,0.0,0.0032990805,0.0017422533,0.0019364315,0.0031981692,0.0020838708,0.003224492,0.003187109,0.002519716,0.99724567,0.001830458,0.0031994998,0.002184374,0.0018956384,0.0017543406,0.0019337372,0.0016831674,0.0033003304,0.0031719117,0.0026529876,0.99734235,0.0025511184,0.0018441714,0.0032707143,0.0018930911,0.0029337804,0.0022695921,0.0030527136,0.00169905,0.0033843294,0.002548901,0.0019504699,0.0023874799,0.0016773331,0.0017794772,0.0025041122,0.002197358,0.0017223338,0.0016619726,0.0016789362
0.0011906623,0.99689883,0.002759934,0.0027362749,0.0030302398,0.9963336,0.0006113945,0.0026817573,0.00080941117,0.99685484,0.0028248194,0.0027642655,0.0025458278,0.0023062776,0.0008299944,0.002356881,0.0006157345,0.0027719953,0.9968212,0.0006730308,0.0020050402,0.0028071098,0.0021845947,0.0015646874,0.0021964402,0.0025853706,0.002877806,0.0013031972,0.002386017,0.0018996772,0.0021585256,0.00064482895,0.0030316655,0.0019858496,0.0014921628,0.0020585284,0.0019989484,0.0030021071,0.0011131888,0.0013458559,0.001309589,0.0006465098,0.0016341159,0.0010960655,0.0026122225,0.0025912435,0.0028956272,0.0018382319,0.0022067786,0.0021244257,0.0019399091,0.0027555106,0.0021317978,0.0029606007,0.0026247585,0.0005621387,0.0027506503,0.0020245262,0.0022701796,0.0005941642,0.0027311672,0.0028675233,0.0027959526,0.0020716637,0.0026173112,0.0005963546,0.0025518965,0.002041238,0.0009074312,0.0023380294,0.0027422875,0.0,0.00060683617,0.0010552328,0.002831443,0.0012462545,0.0025954933,0.0029864914,0.0020933591,0.9961926,0.00070377596,0.0025887173,0.0016099894,0.0009171897,0.0006081498,0.001007845,0.0005830188,0.0027167331,0.0029231976,0.0021760983,0.99685997,0.002133299,0.0008876446,0.0030793191,0.0009851886,0.0018636475,0.0017663762,0.0025407702,0.00059882796,0.002822784,0.0021604667,0.0010947604,0.0019001019,0.00053924386,0.00066460884,0.0020618513,0.0010831389,0.00061623286,0.00052827183,0.00056633714
-0.0050631273,0.995047,-0.0053986637,-0.005403022,-0.0054569254,0.9947427,-0.0049455324,-0.0053705527,-0.0050152238,0.9950319,-0.0054217465,-0.005407516,-0.005339842,-0.005264002,-0.0049898922,-0.005271548,-0.0049505425,-0.0054065054,0.9950205,-0.0049502226,-0.0052593444,-0.0054218676,-0.0052391347,-0.0050646663,-0.0052351705,-0.005348292,-0.005433699,-0.0050712368,-0.0052925525,-0.0051622824,-0.0052410564,-0.0049813106,-0.0054525263,-0.0052236733,-0.005130499,-0.005235132,-0.005224609,-0.005446695,-0.0052031367,-0.0051107802,-0.005098301,-0.00500971,-0.0050734933,-0.0050417352,-0.0053548105,-0.005352812,-0.00543819,-0.0051534153,-0.005232144,-0.0052498863,-0.0052042,-0.00540941,-0.005246383,-0.005444228,-0.0053617326,-0.004932168,-0.005406539,-0.0052247033,-0.0052544535,-0.0049049067,-0.00540588,-0.005424779,-0.0054139704,-0.0052468237,-0.00535692,-0.004975347,-0.005354717,-0.0052396194,-0.0050695483,-0.005267661,-0.0054088417,-0.005392288,0.0,-0.005023502,-0.005418431,-0.0050739953,-0.0053605726,-0.005443367,-0.0052543157,0.99482054,-0.004953091,-0.0053536976,-0.0051089916,-0.005014315,-0.004929434,-0.0050364146,-0.0049217422,-0.0053880415,-0.005433243,-0.0052369637,0.9950415,-0.0052559637,-0.005004086,-0.0054546176,-0.005019421,-0.006021359,-0.00514543,-0.0053368555,-0.004968943,-0.005427212,-0.0052346857,-0.0050296322,-0.0051774527,-0.004923964,-0.0049254517,-0.005246529,-0.0051575582,-0.004959533,-0.004900308,-0.0049025314
-0.0017862684,0.995133,-0.004349447,-0.004366062,-0.004746587,0.99487644,-4.586072e-05,-0.004136978,-3.8692502e-05,0.9951241,-0.0044827536,-0.0043745907,-0.004038201,-0.0036984193,-2.8097961e-06,-0.0037686613,3.1735244e-06,-0.0043400177,0.9951152,-5.188994e-05,-0.0032363455,-0.0044739465,-0.003435037,-0.0019675484,-0.0035648537,-0.0040400336,-0.0045528077,-0.0018440404,-0.0038484854,-0.002608791,-0.00356535,-0.0005688906,-0.004723675,-0.0030737652,-0.002399939,-0.0031767958,-0.003096559,-0.0047056237,-2.7101521e-05,-0.00229022,-0.0020956625,-0.0009362766,-0.001881931,-0.0015724563,-0.0041019907,-0.004099097,-0.0045839055,-0.0026452139,-0.0035594003,-0.003387424,-0.002989588,-0.004348724,-0.0034225727,-0.0046421103,-0.0041013397,-7.0905994e-06,-0.004370676,-0.0031067978,-0.003662894,-8.308467e-06,-0.004366306,-0.00451026,-0.0044281543,-0.0032048374,-0.0041037593,-0.00037226418,-0.00406958,-0.0031955582,-1.5210911e-05,-0.0037319642,-0.0043746396,-0.0042064833,-1.857418e-05,0.0,-0.004433868,-0.0019362328,-0.0041182325,-0.0046484256,-0.0034155687,0.9949375,-4.532537e-06,-0.0040737307,-0.0022176036,-0.0012711823,-5.731737e-05,-0.0014884449,-2.4447343e-05,-0.004242771,-0.0046107518,-0.0034231525,0.9951319,-0.0033941872,-0.000998709,-0.004766706,-0.001160806,7.5443795e-06,-0.0025763134,-0.004020295,-0.00044552347,-0.0044950414,-0.0034735873,-0.0014307974,-0.002813796,-6.256117e-05,-1.8968867e-05,-0.0032809705,-4.362982e-05,-0.00024973156,-5.753938e-05,-2.8396764e-05
0.002560959,0.9982269,0.0034345337,0.003422724,0.0035889777,0.99802417,0.0023028036,0.0033726809,0.0024651436,0.9980367,0.0034753862,0.0034498312,0.0032878197,0.0031151227,0.00247981,0.0031510836,0.0023002776,0.0034463427,0.99794745,0.0023498358,0.0029558982,0.0034675675,0.003038827,0.0025910593,0.0030478153,0.0033117721,0.0035175746,0.0026234132,0.0031692027,0.0028339324,0.0030099533,0.0022636869,0.0035878934,0.0029253545,0.002712445,0.0029667446,0.0029348389,0.003570154,0.0027592368,0.0026730874,0.002634051,0.0023221434,0.0026025884,0.0024807258,0.0033253955,0.0033028917,0.0035197851,0.002801585,0.00304965,0.003012822,0.002895451,0.0034409678,0.003009924,0.0035568175,0.0033407048,0.0022366105,0.003438824,0.0029468182,0.0030924268,0.0022703714,0.0034275951,0.0035079636,0.0034640958,0.002983698,0.0033358228,0.0022624426,0.0032871643,0.0029590453,0.0025647047,0.0031377191,0.0034288454,0.0033907206,0.0022865813,0.0024519071,0.0,0.0025910216,0.0033233187,0.0035699913,0.0029912873,0.9978415,0.0023688076,0.0033112983,0.0026992615,0.0024176538,0.0022866826,0.0024492436,0.0022235473,0.0033979286,0.0035236145,0.0030359735,0.99807006,0.003018662,0.0023706025,0.0036166199,0.002424062,0.0034334608,0.0027611405,0.0032806108,0.0022507142,0.0034755538,0.003030429,0.0024780529,0.002849526,0.0022293204,0.0023332615,0.0029778567,0.0027176233,0.002288017,0.002214347,0.0022342617
-0.0009618941,0.99502563,-0.0037923227,-0.003803235,-0.004255714,0.9947819,3.83657e-06,-0.0035614718,8.5069655e-07,0.99501956,-0.0039447914,-0.0038243826,-0.0034415391,-0.003108356,6.3734674e-06,-0.003139702,-1.5229512e-05,-0.0037824973,0.9950113,-2.73391e-06,-0.0024539044,-0.0039311834,-0.002807941,-0.0011031324,-0.0029443463,-0.0034563062,-0.0040314766,-0.0010931337,-0.0032380742,-0.0018395191,-0.002923425,-4.1916643e-05,-0.0042607044,-0.0022516847,-0.0015875377,-0.002432692,-0.0022586263,-0.0042118737,9.051681e-06,-0.0014311309,-0.0013090152,-6.0894286e-05,-0.0010944037,-0.00074042776,-0.0035207039,-0.003521482,-0.0040653734,-0.0018926171,-0.0029084568,-0.002588081,-0.0021366258,-0.0037811005,-0.0026377018,-0.0041335984,-0.0035181134,-5.248018e-06,-0.003815595,-0.002383491,-0.003041714,-2.7709588e-05,-0.0038123117,-0.003976674,-0.0038963407,-0.0023896869,-0.003527777,-2.6178279e-05,-0.0035064302,-0.0024740028,-4.3781976e-05,-0.0031294436,-0.0038197318,-0.0036562367,-1.5422079e-06,-0.0005287846,-0.0038981535,0.0,-0.0035441357,-0.0041481233,-0.0026913646,0.9948471,-3.6181907e-05,-0.0035020167,-0.0013964939,-0.00043900363,-3.5231886e-05,-0.0006732379,-3.8699407e-05,-0.0036732878,-0.0041015837,-0.00264664,0.9950249,-0.0026040487,-0.00020589413,-0.004292003,-0.00035565803,-1.7474578e-05,-0.0017676688,-0.0034163818,-3.6889018e-05,-0.003956253,-0.0028395,-0.0006011875,-0.0020552343,-1.2606808e-05,-4.8113605e-05,-0.0024720617,-5.110906e-06,-2.525837e-05,-4.500233e-05,-3.184241e-05
0.000934135,0.99645376,0.0021974947,0.0021892379,0.0025219829,0.9959454,2.533506e-05,0.0021115188,0.0001923951,0.99641615,0.0022802805,0.0021958677,0.0019798044,0.0017259907,0.00022591409,0.0017775457,2.8541745e-05,0.0022023236,0.9964219,7.6748845e-05,0.0014127438,0.002258764,0.0015749495,0.000973692,0.0016205121,0.0020050502,0.0023414583,0.0010007786,0.0018184572,0.0012512801,0.0015956465,0.0005645557,0.0025156974,0.0013754905,0.0010940762,0.0014418443,0.0013748318,0.0024879496,0.00047716193,0.0010498383,0.0009853501,0.00019446973,0.0009751341,0.00082934264,0.0020554643,0.002041897,0.002363981,0.0012090474,0.001620206,0.0015329043,0.0013316368,0.0022062364,0.0015398848,0.0024233775,0.0020579651,0.0001088541,0.0021973231,0.001413479,0.0016921845,9.286375e-06,0.0022073863,0.0023092115,0.0022453961,0.0014466207,0.002051954,0.0004228411,0.0019893323,0.0014316413,0.00029603715,0.0017489555,0.0021903084,0.0021425602,1.8878687e-05,0.0008098291,0.0022588582,0.00097506004,0.0,0.0024496582,0.0015240996,0.995937,9.947371e-05,0.0020282788,0.0010820315,0.0007406836,3.0882264e-05,0.0007801276,0.00011865941,0.002163692,0.0023948385,0.0015731307,0.99643755,0.0015305573,0.0006973054,0.0025596467,0.0007381237,0.001198598,0.0011682427,0.0019763927,0.00018631271,0.0022802204,0.0015804542,0.00081162207,0.0012807152,7.7951445e-06,4.775422e-05,0.0014657476,0.00045360965,0.00019754136,-1.5319467e-05,0.00014997985
0.0038749005,1.0009284,0.0044432394,0.004429001,0.0045239204,1.0001075,0.0037190043,0.004397952,0.0038481785,1.0004896,0.0044675595,0.004448325,0.0043461397,0.004215212,0.003852494,0.00424549,0.0037024436,0.0044466015,1.0003732,0.003749162,0.0041415226,0.004460387,0.0041803187,0.0038927195,0.0041758493,0.004357147,0.0044906866,0.003903316,0.004264757,0.0040461333,0.004164314,0.0036881051,0.004521802,0.004126028,0.003963348,0.004150362,0.0041265395,0.0045150286,0.0041085435,0.0039371927,0.003917409,0.0037207962,0.0038976937,0.0038172218,0.004370694,0.0043645925,0.00449378,0.004031965,0.0041715535,0.004171872,0.0041041523,0.0044441675,0.0041681463,0.0045093894,0.00437555,0.0036676882,0.0044471766,0.0041348794,0.0042034267,0.0036754408,0.0044376706,0.004485098,0.0044598025,0.0041692816,0.0043731485,0.0036839396,0.004349501,0.0041518565,0.0039446545,0.0042311475,0.0044416073,0.0044147694,0.0037017665,0.0037960298,0.004476752,0.0038874801,0.0043690954,0.0,0.004168681,0.99995375,0.0037641993,0.004358606,0.0039645648,0.003772897,0.003695567,0.0037970229,0.0036539023,0.0044203005,0.00449294,0.0041693165,1.0006081,0.0041837934,0.0037522567,0.004537,0.0037768271,0.0046911184,0.004000797,0.0043380926,0.00367402,0.004470796,0.004175171,0.003808692,0.0040739086,0.0036520096,0.003731861,0.0041574775,0.0040661045,0.0037078846,0.0036401576,0.0036455404
-6.7088786e-06,0.9946451,-0.00037032645,-0.00039609498,-0.0005931249,0.99482757,-4.0156123e-05,-0.0002561119,-1.5389129e-05,0.9946631,-0.00045789813,-0.00036737244,-0.00020957467,-0.00013271945,-2.1142776e-05,-0.00013664273,-2.7776181e-05,-0.00037702484,0.9946857,-2.215439e-05,-4.2581003e-05,-0.00040818672,-9.584106e-05,-9.925679e-06,-0.0001052444,-0.00024179244,-0.00047850457,-3.7958616e-05,-0.00015808639,-5.7797908e-05,-8.503445e-05,-3.844959e-05,-0.0005966376,-2.0095036e-05,-4.8118796e-05,-5.6228488e-05,-1.900677e-05,-0.0005830499,-3.501189e-05,-5.2826108e-05,-4.9901933e-05,-1.4254081e-05,-2.084363e-05,-4.12459e-05,-0.0002851623,-0.00027035625,-0.0005079939,-5.2755888e-05,-9.933137e-05,-7.7583914e-05,-3.309524e-05,-0.00035546714,-0.00010813767,-0.00051195384,-0.00026723932,-9.988539e-06,-0.00038261415,-7.530641e-05,-9.989373e-05,-1.42094095e-05,-0.00033698528,-0.00046723246,-0.0004133745,-5.8506284e-05,-0.00025799213,-4.9693765e-05,-0.0002372215,-5.3296026e-05,-1.1546518e-05,-0.00013396033,-0.00036680518,-0.00034397116,-2.9869492e-05,-5.2258463e-05,-0.00043471847,-3.1865857e-05,-0.00024919875,-0.00053616666,0.0,0.99480087,-2.2571503e-05,-0.00024299655,-9.399398e-06,-3.581892e-05,-3.9507977e-05,-2.186449e-05,-2.6626592e-05,-0.00030155174,-0.0005260054,-8.7186694e-05,0.99470174,-9.521946e-05,-2.096904e-05,-0.00062468153,-2.1883669e-05,-2.1549172e-06,-1.9953586e-05,-0.00021513383,-2.116178e-05,-0.00046927924,-0.00010983245,-9.466214e-06,-3.8279974e-05,-1.819569e-05,-4.1805128e-05,-3.5218e-05,-3.7367317e-05,-4.440691e-05,-4.720835e-06,-2.3140383e-05
-0.003941732,0.9968409,-0.0043388214,-0.004349219,-0.004393555,0.99647635,-0.0038760093,-0.0043058065,-0.0039762543,0.9968359,-0.0043815942,-0.0043270034,-0.0042520254,-0.004209394,-0.003927767,-0.004220279,-0.0039015356,-0.0043298705,0.99684936,-0.0038848438,-0.0041700476,-0.004357049,-0.0041895416,-0.0039806454,-0.004173876,-0.004290729,-0.0044058147,-0.0039860266,-0.004236631,-0.004097077,-0.004163148,-0.0038576573,-0.004391126,-0.004110468,-0.004079573,-0.0041287025,-0.004107072,-0.0043935054,-0.0039895964,-0.004072186,-0.004023874,-0.0039284457,-0.003972865,-0.003951979,-0.0042924993,-0.004276405,-0.004349078,-0.0040627625,-0.0041435747,-0.0041691335,-0.0040782127,-0.0043285657,-0.0041379733,-0.004365798,-0.0043171276,-0.0038627395,-0.0043567135,-0.0041163284,-0.004195728,-0.0038522552,-0.0043238015,-0.0043536243,-0.0043655415,-0.004136914,-0.0043231063,-0.003840662,-0.0042537847,-0.0041085863,-0.003981252,-0.004219466,-0.004325086,-0.004344071,-0.0038945198,-0.0039371443,-0.0043664593,-0.0039891973,-0.004284941,-0.0043734545,-0.0041814223,0.0,-0.003916825,-0.004304787,-0.0039898218,-0.003912798,-0.0038746228,-0.003960258,-0.0038358758,-0.0043248697,-0.0043768813,-0.0042105797,0.99686855,-0.004143904,-0.0039052516,-0.004414027,-0.0038959228,-0.004084395,-0.0040765135,-0.0042686565,-0.003914144,-0.0043387045,-0.0041643116,-0.0039661145,-0.004092286,-0.0038416306,-0.0038567237,-0.0041547227,-0.0039825025,-0.0038779217,-0.0038581092,-0.0038583996
-0.0054148845,0.99491304,-0.0056391554,-0.005641479,-0.0056706592,0.9945897,-0.0053868433,-0.005617573,-0.005476078,0.9948907,-0.0056549166,-0.0056463345,-0.0055957553,-0.005532656,-0.0054499432,-0.005539025,-0.0053913547,-0.005642861,0.99487835,-0.005418049,-0.0055567874,-0.005652201,-0.005528058,-0.0054109176,-0.005514214,-0.005602842,-0.0056617856,-0.0054155774,-0.005558229,-0.005475643,-0.00551998,-0.0053714467,-0.0056665633,-0.0055236653,-0.0054540806,-0.005531398,-0.005525043,-0.0056654117,-0.0056991503,-0.005441666,-0.0054381485,-0.0053947982,-0.005418337,-0.0054000085,-0.005603837,-0.005605545,-0.005661945,-0.0054740896,-0.0055105616,-0.0055387965,-0.005510944,-0.0056493413,-0.0055316077,-0.005668377,-0.0056154155,-0.0053484347,-0.0056442493,-0.005522288,-0.0055306805,-0.0053413305,-0.0056476817,-0.0056581483,-0.0056487946,-0.00554338,-0.0056074024,-0.005377337,-0.005607543,-0.0055373954,-0.005546049,-0.005536661,-0.005646028,-0.0056357062,-0.0053757615,-0.0053907465,-0.0056550857,-0.0054176026,-0.0056121456,-0.0056644413,-0.005540739,0.9946669,0.0,-0.0056060916,-0.0054408573,-0.005388007,-0.005371325,-0.005400775,-0.00534152,-0.005631878,-0.0056605437,-0.0055237655,0.99490356,-0.0055449484,-0.005383847,-0.0056694504,-0.005387443,-0.0065346994,-0.0054668747,-0.0055924784,-0.0053679184,-0.005657637,-0.0055185985,-0.0053915842,-0.0054891976,-0.005347334,-0.0053855437,-0.005543754,-0.0056283018,-0.0053641847,-0.005338026,-0.005326599
0.00081762683,0.9963682,0.002112646,0.0020812594,0.0024174862,0.9958763,-1.3103748e-06,0.0020234,9.006744e-05,0.9963464,0.0021734694,0.0021016826,0.0018854503,0.0016199156,0.00012333535,0.0016785394,3.1971333e-06,0.002107277,0.9963386,1.1224873e-05,0.0012954556,0.0021497959,0.0014710893,0.000868674,0.0015083083,0.0019120614,0.002237998,0.0009040745,0.0017070036,0.0011561494,0.0014647073,0.00044199725,0.0024153797,0.0012602216,0.0009938211,0.0013507997,0.0012686776,0.0023852284,0.00036409125,0.00094597664,0.00088173687,0.00011347269,0.00087389717,0.00072196085,0.001954965,0.0019378043,0.0022697037,0.0011018849,0.001520181,0.0014264814,0.0012255288,0.0021006817,0.0014398595,0.0023340778,0.001964284,3.5575904e-05,0.0020909104,0.0013127242,0.0015857252,-1.6096612e-06,0.002108195,0.0022149868,0.0021396219,0.0013438675,0.0019545448,0.00040322362,0.0018824233,0.0013289425,0.00018122463,0.0016471057,0.0020917202,0.0020502652,-3.1490033e-06,0.0006995511,0.0021704112,0.0008631373,0.001933734,0.0023589972,0.0014088483,0.99595237,-6.1921346e-06,0.0,0.0009839828,0.00063379126,9.847591e-06,0.0006627741,2.2153785e-05,0.002068786,0.0022853762,0.0014753453,0.9963552,0.0014264352,0.000581064,0.0024571447,0.00063391967,0.0010850511,0.0010597715,0.0018756007,8.3908395e-05,0.0021771935,0.0014761508,0.0007135625,0.0011667265,-2.3952587e-06,-2.8622203e-06,0.001356757,0.00034344842,0.00010783552,-6.885879e-06,8.051772e-05
-0.00023658271,0.9948854,-0.0033687756,-0.003425775,-0.0039964323,0.994635,-3.1820182e-05,-0.0030586491,7.047842e-06,0.9948695,-0.0035583666,-0.0034017072,-0.0029351092,-0.002571915,-3.1586987e-05,-0.0026203587,-4.5459874e-05,-0.003360221,0.9948657,-1.1456191e-05,-0.001970853,-0.0035538094,-0.0021912276,-0.0004618171,-0.0023963237,-0.0029307704,-0.0036667052,-0.00028470374,-0.0027604378,-0.0010555026,-0.002424572,-1.9598538e-05,-0.0039729653,-0.0017390113,-0.00088804384,-0.0018087784,-0.0017089545,-0.0038757198,-1.3631252e-05,-0.0007422647,-0.0005939583,-4.7276717e-06,-0.00032133577,-1.36620665e-05,-0.0030564407,-0.0030436572,-0.0036882276,-0.0012109943,-0.0023275649,-0.0021064435,-0.001598535,-0.00338507,-0.0021659473,-0.0037724855,-0.0030160528,-6.0205944e-05,-0.0034224612,-0.001729618,-0.0025106356,-9.9487e-06,-0.0034103268,-0.0035776612,-0.003504422,-0.0018970591,-0.003044922,-3.8670307e-05,-0.003024325,-0.0018424792,-1.2339083e-05,-0.0025709388,-0.003423964,-0.0031595943,-4.5686007e-05,-1.5637468e-05,-0.0034832149,-0.0003649347,-0.003066177,-0.0037863525,-0.0022139226,0.9946989,-4.134078e-06,-0.003012444,0.0,-6.245068e-05,-4.1930856e-05,-4.9226303e-05,-4.858901e-05,-0.0032128457,-0.0037605858,-0.0021630828,0.9948785,-0.002132496,-5.8085003e-05,-0.0040199445,-1.9432315e-05,-2.3584498e-05,-0.0011112392,-0.0029291827,-4.7569276e-05,-0.003592878,-0.002247322,-6.431257e-05,-0.0013934128,-3.6983685e-05,-1.4617233e-05,-0.0019666187,-2.0362437e-05,-5.3887772e-05,-1.5097585e-05,-2.4137502e-05
-0.0018962425,0.99515104,-0.004444977,-0.0044584023,-0.0047775675,0.9948961,-3.065418e-05,-0.0042323633,-1.6251452e-05,0.99514997,-0.0045703542,-0.0044647516,-0.004096167,-0.0037861678,-2.3646888e-05,-0.0038322879,-2.7774673e-05,-0.0044309692,0.99514,-4.213905e-05,-0.0032336125,-0.004553965,-0.0035455679,-0.0020405855,-0.003652603,-0.0041308873,-0.004626557,-0.002061526,-0.0039322483,-0.002759662,-0.003658196,-0.0006551223,-0.0047729267,-0.0031747527,-0.0024864129,-0.0032896742,-0.0031885162,-0.004753677,-2.9124061e-05,-0.0023653614,-0.0022159487,-0.0008093624,-0.0020471637,-0.0016881897,-0.0041982294,-0.004199026,-0.004651391,-0.0027391198,-0.003625122,-0.0034643013,-0.0030672716,-0.004419152,-0.0035029934,-0.0047051506,-0.0041930145,-0.00013878754,-0.004458949,-0.0032225768,-0.0037462565,-5.8429334e-05,-0.00443171,-0.004586612,-0.004522909,-0.0033309741,-0.004193751,-0.0005108239,-0.00416459,-0.0032976489,-6.438663e-06,-0.0038040506,-0.004449009,-0.0043256567,-4.8634636e-05,-0.0014900952,-0.004520705,-0.0020343736,-0.0042100768,-0.004716655,-0.003496042,0.9949675,8.989182e-06,-0.0041669416,-0.0023677696,0.0,-3.0319472e-05,-0.0015436906,-8.5283005e-05,-0.004325222,-0.0046851193,-0.0035296974,0.99515027,-0.0035038714,-0.0011211651,-0.004787477,-0.0013004545,-1.0051093e-05,-0.0026888065,-0.004081975,-0.0005867891,-0.004575861,-0.0035623305,-0.0015573973,-0.0029003106,-1.017175e-05,-9.781953e-06,-0.003382463,-8.595545e-06,-0.00045478533,-7.098215e-05,-2.2728533e-05
-0.005019991,0.9950557,-0.0053692358,-0.005367533,-0.0054280953,0.99474865,-0.0048394008,-0.0053336695,-0.0048905597,0.99504447,-0.0053905603,-0.0053743594,-0.005302017,-0.0052252873,-0.0048680664,-0.0052316543,-0.0048213024,-0.0053722993,0.99503416,-0.004866322,-0.005211077,-0.005388223,-0.005203081,-0.005013909,-0.0051969206,-0.0053156693,-0.0054046134,-0.005030011,-0.0052535543,-0.0051158443,-0.0051944116,-0.004896699,-0.005425756,-0.0051744943,-0.0050795665,-0.0051940773,-0.005179566,-0.005419011,-0.00507127,-0.005069619,-0.005054339,-0.004933351,-0.005030172,-0.004979386,-0.0053187483,-0.0053212303,-0.005403208,-0.005109508,-0.0051934547,-0.005206216,-0.0051616775,-0.0053729992,-0.005204049,-0.0054172804,-0.0053284816,-0.004868516,-0.0053724125,-0.005181959,-0.0052158544,-0.004854527,-0.005373131,-0.0053951084,-0.0053828377,-0.0052124118,-0.0053186133,-0.004908711,-0.005318803,-0.005206873,-0.00497561,-0.0052311667,-0.0053763716,-0.005357068,-0.004853743,-0.0049867756,-0.0053864997,-0.0050315456,-0.0053270757,-0.0054141637,-0.00520908,0.9948342,-0.0048664734,-0.005315683,-0.005066917,-0.004960936,0.0,-0.0049729017,-0.004865471,-0.0053543625,-0.0054097115,-0.005195569,0.9950487,-0.005219115,-0.004955691,-0.0054301377,-0.004967563,-0.0059172744,-0.00510096,-0.005296846,-0.0048934654,-0.0053944727,-0.0051996033,-0.0049823113,-0.0051299725,-0.0048584663,-0.004887541,-0.0052122544,-0.0050391587,-0.0049055223,-0.0048421877,-0.004827759
-0.0019268345,0.99512804,-0.004306831,-0.0043092757,-0.0046868157,0.99487275,-5.316271e-05,-0.004092868,-4.6969402e-05,0.99512416,-0.00442062,-0.0043141334,-0.003963697,-0.0036730242,6.371959e-06,-0.0037256593,-3.551776e-05,-0.0042891335,0.9951123,4.5997185e-06,-0.0031683287,-0.0043987366,-0.0034528335,-0.0020259118,-0.003527745,-0.0040114573,-0.004476971,-0.0020904283,-0.0038050907,-0.0027413561,-0.003531413,-0.0006577076,-0.004666997,-0.0030962774,-0.0024606036,-0.0032173162,-0.0030997368,-0.0046466836,-1.620136e-05,-0.0023489178,-0.0022176825,-0.0008588469,-0.0020410225,-0.0016754471,-0.004070249,-0.0040631806,-0.004502358,-0.0026984864,-0.00350539,-0.0033827932,-0.0030040636,-0.0042638704,-0.003415571,-0.0045794947,-0.0040619606,-0.0002479003,-0.0043024723,-0.0031486677,-0.0036431435,-1.6916987e-05,-0.0042795124,-0.0044393637,-0.004374179,-0.0032640265,-0.004064594,-0.0005910454,-0.004016058,-0.0032190187,-3.4390105e-05,-0.0036976421,-0.004282609,-0.0041787913,-5.4589374e-05,-0.0015641198,-0.0043681613,-0.0020615547,-0.004058943,-0.0045901355,-0.0034099058,0.9949456,-6.3077523e-06,-0.0040338375,-0.0023680488,-0.0014150349,-4.859992e-05,0.0,-0.000107956665,-0.004181378,-0.0045505045,-0.0034285318,0.99512154,-0.0034088213,-0.0012241224,-0.004702609,-0.0013693785,-3.270951e-05,-0.0026497415,-0.003954553,-0.0005806364,-0.0044252644,-0.0034742053,-0.0015705021,-0.0028440822,-9.872151e-06,5.953913e-06,-0.0032926744,-3.4972498e-05,-0.0005850042,-3.7531332e-05,-7.4105155e-05
-0.003962787,0.9952233,-0.0049015777,-0.004910144,-0.0050610784,0.99495244,-0.003148446,-0.0048194425,-0.0030152376,0.9952253,-0.0049512316,-0.004910912,-0.00475742,-0.0046159616,-0.0029906426,-0.0046286904,-0.0031505784,-0.004905945,0.99521565,-0.0030609905,-0.004482102,-0.0049488647,-0.004519447,-0.003996997,-0.0045481697,-0.004776627,-0.004978977,-0.0039955224,-0.0046746866,-0.0042608557,-0.0045568272,-0.0035553805,-0.0050536157,-0.0044132993,-0.004166131,-0.0044538113,-0.004415987,-0.005041225,-0.003080592,-0.0041219965,-0.0040687313,-0.003655004,-0.0040007387,-0.0038792107,-0.0048010326,-0.004795447,-0.004992357,-0.004251856,-0.0045474092,-0.004517924,-0.0043744077,-0.00490761,-0.0045196684,-0.005018226,-0.0048079346,-0.0033661225,-0.004912205,-0.0044306344,-0.004595535,-0.0031538426,-0.0049101985,-0.004962438,-0.0049347826,-0.0044684256,-0.0047983374,-0.0035157236,-0.0047899773,-0.0044605643,-0.0030205867,-0.0046172817,-0.0049107494,-0.0048623793,-0.0030996965,-0.0038087736,-0.004935825,-0.0040019695,-0.004804382,-0.0050180214,-0.004524901,0.9950307,-0.0030148972,-0.004788641,-0.0041145748,-0.0037842314,-0.0031236412,-0.0038499567,0.0,-0.0048639663,-0.0050065415,-0.0045150756,0.9952285,-0.004524148,-0.0037105589,-0.0050661303,-0.003769262,-0.0032556667,-0.004231776,-0.0047608465,-0.0035170454,-0.004958079,-0.004523805,-0.0038350713,-0.0043103015,-0.003259829,-0.003036811,-0.004488734,-0.002980404,-0.0034679573,-0.0032118633,-0.0032485854
0.0012388106,0.9969336,0.0028189768,0.0027980688,0.0030967314,0.9963495,0.0006776853,0.0027341377,0.0008681856,0.9968715,0.0028844285,0.0028226401,0.0026051516,0.0023657451,0.0008949639,0.002417967,0.00067461195,0.0028324034,0.99685055,0.00073153846,0.0020994635,0.0028734168,0.0022399416,0.0016271379,0.0022605609,0.0026394157,0.002942512,0.0013512091,0.0024481544,0.0019570098,0.0022280829,0.00069435284,0.0030911083,0.0020478815,0.001527334,0.00210947,0.0020554066,0.003063467,0.0011763604,0.0014063983,0.0013669061,0.00070685026,0.0016847117,0.0011497277,0.0026766919,0.0026570933,0.002952566,0.0018974775,0.0022653325,0.0021888416,0.00200592,0.00281924,0.0021862956,0.0030161713,0.0026844058,0.00060997065,0.0028154717,0.0020811616,0.0023369659,0.0006507881,0.0028061357,0.0029240053,0.0028598583,0.002134131,0.002675132,0.00063703343,0.0026103726,0.0021001776,0.0009762302,0.0023983652,0.0028089024,0.0027622548,0.0006651106,0.0011088144,0.0028853677,0.0013036671,0.0026606135,0.0030414583,0.0021659343,0.99621755,0.0007572565,0.0026514619,0.0016438097,0.00093737326,0.00066848495,0.001017656,0.0006317945,0.0,0.0029830504,0.0022363262,0.9968891,0.0021892092,0.0009228727,0.0031422055,0.0010175845,0.0019327154,0.0018328363,0.0026024356,0.0006526317,0.0028804154,0.0022230146,0.0011560213,0.001965205,0.0005930217,0.0007155209,0.0021233205,0.001144024,0.000660856,0.0005749749,0.00061632606
0.0036957338,1.0004896,0.0043081483,0.004297184,0.004406392,0.9997269,0.003533141,0.004259219,0.0036587885,1.0000421,0.0043404507,0.004315415,0.00420387,0.004072407,0.0036686333,0.00410139,0.0035111413,0.0043151025,0.9999581,0.0035566469,0.0039895726,0.0043332577,0.004030933,0.0037210884,0.0040306584,0.0042159925,0.004362798,0.0037280463,0.004124322,0.0038801653,0.004022855,0.0034953165,0.004402673,0.003968372,0.0037953572,0.003989315,0.00396735,0.004396852,0.0039265333,0.0037667295,0.0037454723,0.0035388148,0.0037216542,0.003632964,0.0042335605,0.0042323517,0.0043624155,0.0038663868,0.004021987,0.0040180013,0.003943661,0.0043139225,0.004017838,0.004385877,0.004235961,0.0034684069,0.0043167425,0.003972913,0.004060525,0.0034802102,0.0043060035,0.004357364,0.00432946,0.004011839,0.004234003,0.0034869558,0.0042113876,0.003996014,0.003754273,0.004085341,0.004312073,0.004279165,0.0035073047,0.0036154422,0.004344733,0.0037119584,0.0042354953,0.004395526,0.004020693,0.9995946,0.0035707362,0.0042190556,0.0037930184,0.003587416,0.0035015857,0.003618649,0.0034605984,0.004287488,0.0,0.004018375,1.0001689,0.0040252027,0.0035658516,0.0044171945,0.0035924711,0.0045290915,0.0038378728,0.004197886,0.0034870694,0.0043402053,0.0040204762,0.003622912,0.003914732,0.0034581232,0.00354246,0.00400397,0.003882231,0.0035018094,0.0034428118,0.0034443524
-3.8006183e-05,0.9949855,-3.534024e-05,-4.0787585e-05,-5.3631138e-05,0.9951863,-3.4083787e-05,-4.5256726e-05,-1.9598925e-05,0.99502647,-2.5654084e-05,-1.8563593e-05,-5.2358657e-05,-1.31268e-05,-2.1342948e-05,-2.9398141e-05,7.823722e-06,-3.9971725e-05,0.99502575,2.3363457e-06,-3.820415e-05,-3.5749836e-05,-1.4473697e-05,-6.3095636e-06,-4.496702e-05,-3.5904475e-05,-5.043715e-05,-2.0945752e-06,-1.4166742e-05,-1.3167326e-05,-3.187288e-05,-7.552244e-06,-4.4832832e-05,-3.8660284e-05,-3.9938303e-05,-1.8374601e-05,-2.1081383e-05,-5.3831172e-05,-5.8169867e-06,-1.8974091e-05,-1.9094092e-05,-3.249904e-05,-4.0250743e-05,-2.0794125e-06,-1.4546629e-05,-1.6374759e-05,-4.667427e-05,-4.2827283e-05,-3.6472095e-05,-1.42403e-05,-1.9440986e-05,-4.698761e-05,-2.4871753e-05,-5.4273565e-05,-3.7854017e-05,5.8434152e-06,-4.360543e-05,-2.7054308e-05,-1.3057446e-05,5.333057e-06,-4.7532518e-05,-4.6331978e-05,-5.171856e-05,-1.772007e-05,-1.2856502e-05,-3.4292603e-05,-4.8812406e-05,-4.3144782e-06,-2.179259e-05,-3.6450372e-05,-3.0265846e-05,-5.0408693e-05,-1.981168e-05,-3.75418e-05,-2.5176405e-05,-1.242591e-05,-4.4755423e-05,-5.2293824e-05,-1.7173085e-06,0.9951379,8.929785e-07,-1.03282855e-05,-2.2308025e-06,-2.00777e-05,4.0187655e-07,-2.8893865e-05,-3.386536e-05,-5.0945742e-05,-4.8125552e-05,0.0,0.9950277,-2.2470447e-05,1.8149152e-06,-5.461865e-05,-1.7089776e-06,-1.5152216e-05,1.904949e-08,-8.446665e-06,-2.5679316e-05,-3.898474e-05,-2.3776767e-05,-2.0870742e-05,-2.8829918e-05,-3.2652155e-05,3.458035e-06,-1.7293896e-05,4.544743e-06,-1.6465472e-05,-3.5123965e-05,1.3356986e-06
-0.0028593612,0.99755305,-0.0030411098,-0.0030478374,-0.0030976187,0.9974095,-0.0029299788,-0.0030445845,-0.0030432604,0.9976136,-0.0030632429,-0.0030349346,-0.0030243134,-0.0029888414,-0.0029917208,-0.0030012582,-0.0029307841,-0.0030310913,0.99763477,-0.002926286,-0.002978991,-0.0030430818,-0.0029741726,-0.0028900981,-0.0029733048,-0.0030331935,-0.003086948,-0.0028727476,-0.003005173,-0.0029313425,-0.0029699507,-0.0028112428,-0.0030941092,-0.002934001,-0.0029401802,-0.0029485947,-0.0029297674,-0.003092813,-0.003112865,-0.0029300435,-0.0029105819,-0.0028600923,-0.0028700943,-0.0028749867,-0.003038985,-0.003025907,-0.0030543036,-0.0029162185,-0.0029531491,-0.0029644212,-0.002913597,-0.0030281516,-0.0029476876,-0.0030648245,-0.0030418634,-0.0028440405,-0.0030538398,-0.0029369283,-0.0029938833,-0.0028675552,-0.0030470996,-0.003053288,-0.0030501005,-0.0029534057,-0.00305888,-0.0027979203,-0.0030129785,-0.0029308877,-0.0030598382,-0.0029901005,-0.003032241,-0.0030538396,-0.002922135,-0.0028511654,-0.0030623008,-0.0028870506,-0.0030216624,-0.003071003,-0.0029805289,0.9974849,-0.0029651078,-0.0030369842,-0.0028786673,-0.0028469048,-0.0029036924,-0.0028839617,-0.0028195977,-0.0030567644,-0.0030636366,-0.0029917657,0.0,-0.0029494541,-0.002839826,-0.0031135683,-0.0028338123,-0.0032733725,-0.002924087,-0.0030261187,-0.0028613014,-0.003041182,-0.0029745088,-0.0028750699,-0.002931755,-0.0028354495,-0.0029006056,-0.0029591625,-0.0030926021,-0.0028290031,-0.002857185,-0.0028463574
-4.985681e-05,0.99469167,-0.00024787695,-0.00029336152,-0.00048711168,0.99488604,-1.0950012e-05,-0.00017670351,3.202299e-06,0.9947238,-0.0003158701,-0.00024103257,-0.00016428078,-8.194725e-05,-2.9736088e-05,-0.00011640181,-3.8526992e-05,-0.000259272,0.9947289,-2.301825e-06,-2.7475067e-05,-0.0003139794,-3.6762565e-05,-7.5042635e-06,-8.67188e-05,-0.00017461531,-0.00034595412,-4.9080732e-05,-0.00012493727,-4.6352427e-05,-9.9607976e-05,-2.78753e-05,-0.00047160074,-6.021836e-05,-1.5847578e-05,-6.00228e-05,-4.7082853e-05,-0.00046624526,-1.6499987e-05,-5.6657136e-05,-3.9217706e-05,-2.4080604e-05,-2.8369355e-05,-3.9558596e-05,-0.00015859555,-0.00016723649,-0.0003676231,-1.0296073e-05,-6.582912e-05,-2.0006519e-05,-5.5494143e-05,-0.00024997696,-3.783761e-05,-0.00039841793,-0.00017490514,-1.725051e-05,-0.00025906073,-6.040411e-05,-6.6997185e-05,-3.6706344e-05,-0.00027100957,-0.00034843624,-0.00028858215,-5.3387328e-05,-0.00019220481,-2.9252536e-05,-0.00019607009,-5.0022005e-05,-3.4911407e-06,-0.00011587988,-0.00025403194,-0.00021564159,-3.2811502e-05,-3.6078774e-05,-0.0002787185,-4.845576e-05,-0.0001970411,-0.0003983778,-6.1556835e-05,0.99483997,-2.6267828e-05,-0.00018363814,-1.1650498e-05,-1.5248749e-05,-1.5698952e-05,-4.8404396e-05,-1.7718065e-05,-0.00021980754,-0.00042302808,-7.231042e-05,0.994721,0.0,-3.3856388e-06,-0.0004911602,-4.342298e-05,2.1488318e-06,-5.4414602e-05,-0.00015744803,-3.368208e-05,-0.0003311831,-5.365146e-05,-2.9512805e-05,-4.4222816e-05,-2.1761549e-05,-2.9212111e-05,-4.5387336e-05,-3.4470202e-05,-2.7272072e-05,3.8384084e-07,2.6446876e-06
-0.0023178828,0.99516904,-0.004495551,-0.0045029223,-0.005133403,0.9949049,-1.6495582e-05,-0.004350353,-1.8458917e-05,0.99516636,-0.004575836,-0.004503855,-0.004256729,-0.003991982,-2.4665878e-05,-0.004031999,-4.8327947e-06,-0.004488567,0.99515563,-5.5140332e-05,-0.003550385,-0.0045696897,-0.0037838942,-0.002414293,-0.003868269,-0.0042871656,-0.0046126903,-0.0024417331,-0.004108742,-0.003111941,-0.0038664371,-0.0011381602,-0.005124399,-0.0034808659,-0.0028736717,-0.0035880979,-0.003497692,-0.005111737,1.2060184e-05,-0.002774975,-0.002584824,-0.0013309602,-0.0024380116,-0.002108557,-0.0043237037,-0.004323522,-0.004642176,-0.0030945335,-0.003856024,-0.003746678,-0.0033869245,-0.0044976724,-0.0037791543,-0.0050698896,-0.004325387,-0.0006515627,-0.004503692,-0.003526406,-0.003958474,-2.2499894e-06,-0.0045053395,-0.0045942683,-0.004546423,-0.0036110028,-0.0043262695,-0.0010513905,-0.0042859297,-0.0035751173,-2.64257e-05,-0.004010506,-0.0045045954,-0.0044124797,-5.224929e-06,-0.0018790732,-0.0045436365,-0.002459852,-0.004332387,-0.00507923,-0.003759634,0.99497914,-2.0632559e-05,-0.004304202,-0.0027552121,-0.0017979802,-2.8255607e-05,-0.0019880144,-0.00044456942,-0.0044198926,-0.0050579133,-0.0037745505,0.995167,-0.0037731747,0.0,-0.0051429872,-0.0017448603,-2.462874e-05,-0.003037036,-0.004256385,-0.001032813,-0.004585683,-0.0037897686,-0.001998544,-0.0032268486,-0.000307702,-3.1925585e-05,-0.003661752,-2.3103667e-06,-0.00096047914,-0.00015384109,-0.00031324863
0.004465834,1.0023926,0.0048887897,0.004882364,0.004946374,1.0014874,0.004373007,0.0048573366,0.004477483,1.0019864,0.004910485,0.004894927,0.0048216796,0.004714147,0.0044815894,0.0047376617,0.0043504895,0.0048943916,1.0018896,0.004391267,0.004678625,0.004906758,0.0046954704,0.004477963,0.0046868552,0.004828453,0.004926952,0.0044781934,0.0047549484,0.0045891954,0.0046777907,0.004335268,0.004942693,0.004662668,0.004524652,0.0046750274,0.004663167,0.0049398905,0.0047171717,0.004508997,0.0044972864,0.004359207,0.004479283,0.0044201487,0.0048417533,0.004835472,0.0049268967,0.004587904,0.0046788068,0.004693183,0.0046424945,0.0048976108,0.0046856245,0.0049382034,0.0048407055,0.004320547,0.004895649,0.0046654204,0.0047069048,0.004324277,0.0048928973,0.004925432,0.0049039726,0.0046988716,0.0048404355,0.004332702,0.0048254826,0.0046781404,0.0045659207,0.004721744,0.004895357,0.004873458,0.0043527544,0.004401686,0.0049201343,0.004470502,0.004843436,0.0049441243,0.004692226,1.0014002,0.004407068,0.0048279683,0.0045267595,0.0043849945,0.004344312,0.0044064024,0.004309372,0.004881343,0.004925253,0.0046840077,1.0021107,0.004704205,0.004376052,0.0,0.0043932814,0.005247017,0.0045587546,0.00481358,0.0043220324,0.00491152,0.0046887305,0.0044088573,0.0046194713,0.004305824,0.0043783993,0.004684048,0.004674826,0.004345691,0.0042919936,0.0042911586
-0.0020403317,0.99514604,-0.0044503873,-0.0044617862,-0.004762264,0.9948864,-5.4748634e-05,-0.0042633563,-2.160301e-05,0.9951435,-0.004550692,-0.0044639567,-0.004145059,-0.0038454728,4.896387e-06,-0.003894284,-3.9504208e-05,-0.004434456,0.9951343,-2.688323e-05,-0.0033660394,-0.0045462786,-0.0036039478,-0.0021752126,-0.003717814,-0.0041734455,-0.0046130978,-0.002152434,-0.00398486,-0.002833915,-0.0037217606,-0.0008555451,-0.0047528213,-0.003276382,-0.00259894,-0.0033648557,-0.0032700368,-0.0047318633,-1.0398582e-05,-0.0024923936,-0.0023353074,-0.0010316812,-0.0021589706,-0.0018386454,-0.004230049,-0.004226462,-0.004636069,-0.00286186,-0.0036896558,-0.0035490845,-0.0031655768,-0.004436589,-0.0035826922,-0.0046842387,-0.0042281062,-0.00035762272,-0.0044633667,-0.0033004486,-0.0038053554,-2.0338884e-05,-0.004455053,-0.0045747967,-0.004520558,-0.0033977295,-0.0042280704,-0.00070570695,-0.004204774,-0.0033695267,3.5560483e-06,-0.0038661195,-0.0044605276,-0.0043371706,-4.055908e-05,-0.0016080815,-0.0045148605,-0.0021663192,-0.004241452,-0.0046860934,-0.0035861165,0.9949559,-4.3790857e-05,-0.0042050136,-0.002465578,-0.001530349,-4.503809e-05,-0.0017266385,-0.00018106718,-0.004348214,-0.004663313,-0.0035893328,0.99514556,-0.0035738416,-0.0013079271,-0.004773166,0.0,-4.0807285e-05,-0.0027843525,-0.004136771,-0.0007554033,-0.004563957,-0.003627832,-0.0017013835,-0.003005122,-5.221431e-05,-2.9713158e-06,-0.0034529595,-3.911066e-05,-0.0006006285,-6.8066016e-05,-7.916561e-05
-0.006659857,0.99418306,-0.0066483393,-0.0066523617,-0.0066095875,0.99374646,-0.006790544,-0.006658791,-0.0069194753,0.9941222,-0.0066482346,-0.006655132,-0.0066516795,-0.006624546,-0.0068904376,-0.006626351,-0.006804004,-0.0066514253,0.9941033,-0.00683763,-0.0067032725,-0.0066484837,-0.006649565,-0.006648483,-0.006620033,-0.0066565326,-0.006645698,-0.006650571,-0.0066330303,-0.0066633523,-0.0066291923,-0.0066976054,-0.006607595,-0.006680025,-0.006661213,-0.0066751493,-0.006676795,-0.006610388,-0.0071515446,-0.006654984,-0.0066636372,-0.0067043225,-0.0066551343,-0.006661293,-0.0066490797,-0.0066511934,-0.006637384,-0.006659907,-0.006621235,-0.006670808,-0.006672324,-0.006662363,-0.0066594,-0.006629889,-0.0066613364,-0.006701593,-0.0066537857,-0.006674586,-0.0066260486,-0.006733942,-0.0066594104,-0.0066465,-0.006647611,-0.006684939,-0.0066564064,-0.006710196,-0.006659057,-0.006678996,-0.0069896653,-0.006626533,-0.0066577694,-0.0066691125,-0.006777394,-0.006663812,-0.006657765,-0.0066495594,-0.006657218,-0.0066231554,-0.0066696326,0.9938349,-0.0068364674,-0.006654324,-0.006654505,-0.0066649555,-0.006783514,-0.0066720154,-0.0067063873,-0.006661847,-0.0066235675,-0.006648235,0.99415284,-0.0066722888,-0.0066754236,-0.0066020056,-0.006668485,0.0,-0.006660954,-0.0066496218,-0.006699555,-0.006648252,-0.0066363956,-0.006660615,-0.0066630477,-0.0067189992,-0.006802394,-0.0066823824,-0.0070896936,-0.0066970824,-0.0067153643,-0.006700392
-5.9567756e-05,0.99473906,-0.002925886,-0.0029617667,-0.003550177,0.99447864,-4.4195163e-05,-0.0026304163,-1.2103907e-06,0.9947187,-0.0031294872,-0.0029558693,-0.002481549,-0.0020865684,4.519621e-06,-0.0021630083,-3.280741e-05,-0.0029130755,0.99470884,-8.96818e-06,-0.0012199816,-0.0031100707,-0.0016995172,-8.131937e-05,-0.001892454,-0.0025109993,-0.0032356498,-5.3421965e-05,-0.0022625576,-0.0006047224,-0.0018959757,-8.7707355e-07,-0.0035277249,-0.0011356607,-0.00034295942,-0.0013260589,-0.0011336965,-0.0034779303,-2.5132853e-05,-0.00022793144,-3.3511842e-05,-5.800627e-05,-6.401349e-05,-7.348688e-05,-0.0026061558,-0.0025927918,-0.003279575,-0.0006431856,-0.0018460889,-0.0015300101,-0.0009942225,-0.0029264616,-0.0016520394,-0.0033690743,-0.0025904393,-2.6049169e-05,-0.0029698024,-0.0012286898,-0.0020312772,-2.7400747e-05,-0.002925087,-0.00315875,-0.0030609155,-0.0013124017,-0.002605483,-5.4344095e-05,-0.0025524583,-0.0012631023,-1.250594e-06,-0.0021072698,-0.0029552476,-0.0027519467,-4.3077563e-07,-4.2078887e-06,-0.003054671,-8.237004e-05,-0.0026218167,-0.0034260775,-0.0015901991,0.99454373,-2.0626554e-05,-0.002563847,-0.00016152718,-3.302009e-05,-3.7830283e-05,-7.310863e-05,-5.983147e-06,-0.0027732495,-0.0033346822,-0.0016192368,0.9947194,-0.0015697145,-5.7991158e-05,-0.0035397105,-6.0720275e-05,-8.687848e-06,0.0,-0.0024762757,-5.815761e-05,-0.0031519618,-0.001747219,-5.323307e-05,-0.0008432455,-2.0275567e-05,-4.3255342e-05,-0.001381127,-1.3382306e-05,-4.252706e-06,-3.4591503e-05,-1.739357e-05
0.00054050836,0.9961952,0.0018396946,0.0018117832,0.0021580195,0.9957385,1.6610746e-06,0.0017593051,-4.66926e-06,0.9961881,0.0019094094,0.0018390433,0.001614821,0.001346852,-1.5409278e-05,0.001411447,8.754572e-06,0.0018399507,0.99618155,1.3796833e-05,0.0010034022,0.0018823979,0.0011929299,0.0005954547,0.0012283277,0.0016503624,0.0019693414,0.0006258062,0.001434238,0.0008806821,0.0011928824,0.00015077957,0.0021529722,0.0009777931,0.00072338775,0.0010746655,0.0009915103,0.002121669,7.1741124e-05,0.0006765176,0.0006095458,-1.3550626e-05,0.0005977138,0.00045327126,0.0016779077,0.0016652005,0.0020021396,0.00081709,0.0012558787,0.001156156,0.00094657176,0.0018346617,0.0011682019,0.0020711117,0.0017044925,1.5428277e-05,0.0018235703,0.0010314044,0.0013141478,1.1491175e-05,0.0018475025,0.0019538628,0.001866509,0.0010571467,0.0016879902,0.00013601138,0.0016091889,0.001053256,2.137418e-06,0.0013697025,0.0018230585,0.0017828553,4.604481e-06,0.00041838785,0.0019030604,0.00059691304,0.0016614454,0.0020981275,0.0011284094,0.9963156,-1.1119886e-05,0.0016573776,0.0007196254,0.00036888444,-1.779173e-05,0.00040111534,-8.937768e-06,0.0017989826,0.002017487,0.0011990991,0.9962,0.0011520719,0.00029965624,0.002197197,0.0003667545,0.0007624792,0.00078376435,0.0,0.00016680591,0.001905974,0.0012018182,0.00044337672,0.0008791933,1.7641178e-05,-6.4432775e-06,0.001084037,5.823673e-05,0.00020940069,-2.984531e-06,5.7102447e-06
-0.0032086705,0.99517965,-0.004901317,-0.004901578,-0.0051070047,0.9949074,-0.00040974247,-0.004766014,-4.399079e-05,0.99517524,-0.0049607703,-0.004902261,-0.004673521,-0.0044727754,-3.434931e-05,-0.004496636,-0.00035404504,-0.0049034753,0.99516505,-0.0002480895,-0.004247364,-0.0049516144,-0.004310392,-0.003260964,-0.004370292,-0.004717675,-0.00499425,-0.0032650225,-0.0045443736,-0.0037881527,-0.004350148,-0.0021480843,-0.0050995704,-0.0040949583,-0.0036131022,-0.004168422,-0.004084353,-0.0050786478,-2.6182828e-05,-0.0035516468,-0.0034453224,-0.0024006679,-0.0032634006,-0.002929464,-0.004748157,-0.004748718,-0.0050050556,-0.0037947833,-0.0043509086,-0.004282681,-0.004016943,-0.004895159,-0.004309296,-0.0050525935,-0.0047561442,-0.0018722448,-0.0049052727,-0.004115186,-0.0044398718,-0.001025946,-0.004901846,-0.0049798354,-0.004932688,-0.0041853487,-0.004752295,-0.0021446326,-0.0047317757,-0.004196351,-2.6395912e-05,-0.0044791694,-0.00490375,-0.0048368704,-0.00056136,-0.0028870953,-0.0049305763,-0.0032815652,-0.0047483966,-0.005049436,-0.0042873346,0.9949878,-0.00017459661,-0.0047362763,-0.0035086835,-0.0028212534,-0.00042579736,-0.0028733518,-0.0017199006,-0.004836592,-0.005042838,-0.0042995433,0.995174,-0.004302908,-0.0026573683,-0.005111143,-0.0027523758,1.0993141e-05,-0.0037417572,-0.0046776286,0.0,-0.004973382,-0.004331462,-0.0028597473,-0.0038986178,-0.0012785946,-0.00034871843,-0.004227982,-2.6505617e-05,-0.002072189,-0.0010144749,-0.0011155718
0.0029006205,0.9988111,0.0036966875,0.0036888197,0.0038384337,0.9984449,0.00266681,0.003637492,0.0028214138,0.9985231,0.0037407589,0.003706045,0.003563099,0.0034061535,0.0028261205,0.0034406357,0.0026559485,0.00370548,0.9984624,0.00270349,0.0032703814,0.003734251,0.0033351039,0.0029335613,0.0033439694,0.0035815157,0.003771847,0.0029477708,0.0034631628,0.0031394607,0.0033301716,0.0026277155,0.0038324804,0.00324245,0.003031752,0.003273685,0.003244036,0.0038195415,0.003103003,0.0029909974,0.0029658151,0.0026828407,0.0029375367,0.0028237216,0.0036063746,0.0035877146,0.0037748131,0.0031188875,0.0033368072,0.0033155764,0.0032091318,0.0037069083,0.0033117163,0.0038021032,0.0036088645,0.0025972652,0.0037061472,0.0032538173,0.0033842232,0.0026227192,0.0036961073,0.0037629865,0.0037259138,0.0032967997,0.0036049974,0.0026203447,0.0035720111,0.0032713348,0.0029178,0.0034243262,0.0036988962,0.0036590737,0.0026425524,0.0027991182,0.0037462849,0.0029294766,0.0036029532,0.003815113,0.0033112678,0.99829185,0.0027181471,0.0035853314,0.0030182628,0.0027667496,0.0026445598,0.0027993065,0.0025877426,0.0036672142,0.0037821438,0.0033271932,0.9986045,0.0033242689,0.0027293041,0.003854626,0.0027674264,0.003761724,0.003082465,0.0035574303,0.0026159887,0.0,0.0033268195,0.0028160356,0.0031746132,0.002592417,0.0026789506,0.0032849715,0.0030572228,0.0026426846,0.002573269,0.0025840206
-3.241934e-05,0.9951839,-3.70516e-05,-2.7728931e-05,-5.797332e-06,0.99537987,-1.9884632e-05,-1.7623579e-05,-1.9382753e-05,0.9952193,-3.2007614e-05,-2.0151292e-05,-1.2461831e-07,-1.9453335e-05,-7.226315e-06,-2.7397513e-05,-1.3747696e-05,-3.7822087e-05,0.9952282,2.9940204e-06,-2.339389e-05,3.5081619e-06,-1.8112307e-05,-5.2739742e-06,-3.0571016e-05,-2.5139776e-05,-3.220334e-05,8.2010666e-07,-6.83185e-07,-3.2401593e-05,-2.2215743e-05,-1.6451973e-05,9.899325e-07,-7.230291e-06,7.3385186e-06,-2.227302e-05,4.441869e-06,-2.6686532e-05,-2.3421839e-05,-2.3754717e-05,2.645608e-06,-8.932158e-06,7.216173e-06,-3.0055386e-05,-2.0164129e-05,-2.4588693e-05,-1.9089746e-05,-1.8670478e-05,2.1579222e-06,-2.5790418e-05,-1.8567998e-06,6.86092e-07,-2.7016258e-05,-1.0024651e-05,-6.7343894e-06,-1.6294924e-05,3.693526e-06,6.7670426e-06,-2.2238111e-05,7.22228e-06,1.5076937e-06,-8.185787e-06,-2.9172888e-05,-1.1647903e-05,-2.2999202e-05,-2.826469e-05,-2.4318095e-05,1.3575229e-06,-1.6417283e-05,4.3854475e-06,-2.516406e-05,2.1782548e-06,9.889034e-06,-1.9958532e-05,-9.5080995e-06,4.731938e-06,-8.489781e-06,-2.2581987e-06,-9.290338e-06,0.9953294,-1.682605e-05,-2.6377065e-05,-1.2452678e-05,-7.5240446e-06,-2.227036e-05,-1.3506397e-05,-1.6008495e-05,-3.473921e-05,-1.3805563e-06,-1.1052248e-05,0.99521464,-3.1204316e-05,6.1813586e-07,7.347792e-07,5.37949e-06,-2.4756053e-05,-2.243217e-05,2.5623876e-06,7.4499317e-06,-3.816342e-05,0.0,-2.133272e-05,-2.9786688e-05,-9.178656e-06,8.071142e-06,-2.0324119e-06,-6.405552e-06,-2.9131394e-05,1.2669792e-05,1.1990707e-06
-0.0019189015,0.995134,-0.004221922,-0.0042447033,-0.004652201,0.99488336,-7.2307184e-06,-0.0040141284,-1.1526829e-05,0.99512863,-0.004369316,-0.0042510345,-0.003913076,-0.0036472771,9.933894e-06,-0.0036652517,9.82735e-07,-0.004235263,0.9951169,1.2747776e-05,-0.0032332242,-0.004353939,-0.0033793557,-0.0020031165,-0.0034922292,-0.003946873,-0.004428287,-0.0019205961,-0.0037639234,-0.0026152441,-0.0035136638,-0.00065380364,-0.0046339976,-0.0030645183,-0.002410053,-0.0031121823,-0.003055631,-0.004595018,1.0018273e-05,-0.002289043,-0.0021779127,-0.0009312687,-0.0019427078,-0.0016092727,-0.004014407,-0.0040082983,-0.0044579515,-0.0026667574,-0.003449274,-0.0033305148,-0.0029685467,-0.0042248284,-0.0033651353,-0.0045252237,-0.0039894637,-0.00020759922,-0.004262089,-0.00306813,-0.003608762,-6.326207e-05,-0.0042177527,-0.0043759937,-0.004319205,-0.0031704097,-0.003996584,-0.00057366997,-0.0039923866,-0.0031652316,1.3432735e-05,-0.0036435882,-0.00426636,-0.0041082194,-5.2599906e-05,-0.0014921546,-0.0043129013,-0.0020282068,-0.0040164674,-0.004525409,-0.0033730182,0.9949526,-2.88734e-05,-0.0039936346,-0.002260963,-0.0014209507,-2.7628288e-05,-0.0015454161,-5.11747e-05,-0.004131548,-0.004501365,-0.00335593,0.9951291,-0.0033390012,-0.0012096561,-0.004666753,-0.0013550131,-7.034069e-06,-0.0025969942,-0.003904846,-0.00050714903,-0.0043854276,-0.0034144544,0.0,-0.0028317666,-7.4761454e-05,-1.7124214e-05,-0.0032505891,-3.234675e-05,-0.00039124393,-5.546622e-06,-3.9465526e-06
-6.0251623e-05,0.994571,-0.0023852047,-0.0024351145,-0.0030340396,0.9943083,-1.00553925e-05,-0.002149272,-2.8315908e-05,0.9945467,-0.0026111738,-0.0024408915,-0.0020005535,-0.0015911186,-9.462186e-06,-0.0016589462,-6.352586e-06,-0.0023666963,0.9945372,-1.4476365e-05,-0.00088147976,-0.002590135,-0.0012725738,-2.9216877e-05,-0.0014302224,-0.002037101,-0.0027165029,-4.4175875e-05,-0.001790892,-0.00031492437,-0.0014225066,-4.7639576e-05,-0.0030077724,-0.0007945699,-0.0001384474,-0.00093605113,-0.00080341095,-0.0029601161,5.155862e-07,-6.659377e-05,-7.58954e-05,-2.2426613e-05,-4.9597384e-05,-7.600275e-05,-0.0021237244,-0.0020982493,-0.0027652297,-0.00033631138,-0.0013866316,-0.0011691843,-0.00066128856,-0.0024461304,-0.0012416214,-0.0028441502,-0.0021187302,-1.778274e-05,-0.0024454303,-0.00085125567,-0.0015267027,-1.5412437e-05,-0.0024040213,-0.0026502186,-0.0025456662,-0.0009837556,-0.0021288765,-1.1310763e-05,-0.002070477,-0.00092593115,-5.0806443e-06,-0.0016089078,-0.002387974,-0.002288647,-5.835175e-07,-4.8836493e-05,-0.002550361,-4.967167e-05,-0.0021387283,-0.0028776624,-0.0011962345,0.9943736,-1.26766545e-05,-0.0020863297,-8.562585e-05,-5.2819232e-05,3.2314147e-06,-1.0318881e-05,-1.2799031e-05,-0.0022767338,-0.0028261568,-0.0012541674,0.99454653,-0.0012365411,-1.8415638e-05,-0.0030771964,-2.035896e-05,5.6057515e-06,-0.00027646916,-0.001993144,-4.8886166e-05,-0.0026341649,-0.0013283106,-1.4412038e-05,0.0,-2.3291052e-05,-3.5057942e-06,-0.0010279653,-9.933662e-06,-1.0528063e-05,-3.2074873e-05,-1.2379515e-05
-0.0041077975,0.99520695,-0.0049441247,-0.004953055,-0.005088088,0.9949323,-0.0034336222,-0.004872838,-0.003356326,0.9952089,-0.004993339,-0.0049496787,-0.0048169363,-0.0046834215,-0.003254487,-0.004692737,-0.0034329968,-0.004942238,0.99520195,-0.0033192057,-0.0045755133,-0.0049887286,-0.004600748,-0.0041573774,-0.0046283286,-0.004829042,-0.0050189067,-0.0041354964,-0.0047389553,-0.0043549025,-0.0046255654,-0.0037864817,-0.005081925,-0.004514337,-0.004285354,-0.00454991,-0.0045078555,-0.0050699017,-0.0034061573,-0.0042441096,-0.004212473,-0.0038310469,-0.004146625,-0.0040504215,-0.004851504,-0.0048477706,-0.0050302055,-0.004376212,-0.00461575,-0.004600659,-0.0044715046,-0.0049548848,-0.0046018516,-0.005053571,-0.004856135,-0.0036198522,-0.004952182,-0.004522079,-0.004661356,-0.0034117054,-0.0049534575,-0.0050008916,-0.004973515,-0.0045596813,-0.0048501156,-0.0037423924,-0.004842868,-0.004548222,-0.003207096,-0.004686215,-0.0049548307,-0.004908898,-0.0034036157,-0.0039870986,-0.004978426,-0.00413586,-0.0048607443,-0.005054785,-0.0046037035,0.9950056,-0.0033112857,-0.0048413347,-0.00423265,-0.003973446,-0.0034024606,-0.004031883,-0.0035690696,-0.0049075643,-0.005044613,-0.00459549,0.9952149,-0.00460767,-0.0039035522,-0.0050967433,-0.003939178,-0.004013752,-0.0043414417,-0.004817528,-0.0037404865,-0.005001432,-0.0045968364,-0.0040164934,-0.0044193557,0.0,-0.0033201564,-0.0045721335,-0.003279714,-0.0037049209,-0.003457308,-0.0034799594
-0.0052341474,0.9949831,-0.0055051143,-0.0055105165,-0.00555103,0.99467236,-0.005181462,-0.0054823235,-0.0052458304,0.9949639,-0.0055266633,-0.0055149803,-0.0054537063,-0.0053864955,-0.0052204756,-0.00539376,-0.0051932135,-0.0055101216,0.99495256,-0.005185852,-0.0054088184,-0.005523521,-0.005372063,-0.0052372874,-0.0053648544,-0.005461481,-0.0055363285,-0.0052234973,-0.005413151,-0.0053012143,-0.005376544,-0.005181067,-0.0055438355,-0.0053646495,-0.0052817585,-0.005369722,-0.005363469,-0.0055443975,-0.005452236,-0.0052687894,-0.005260855,-0.0052159564,-0.0052299295,-0.005218326,-0.005466293,-0.0054682614,-0.005536555,-0.005303258,-0.005362766,-0.005385181,-0.005348406,-0.005514279,-0.00537626,-0.0055428967,-0.00547562,-0.0051390086,-0.0055148043,-0.0053618983,-0.005382151,-0.0051189302,-0.0055152425,-0.005530233,-0.0055186655,-0.0053807595,-0.0054694638,-0.005175084,-0.0054647536,-0.0053738295,-0.005316907,-0.0053871283,-0.0055149156,-0.005498602,-0.0051472923,-0.0051965015,-0.005523716,-0.005232703,-0.0054753697,-0.0055418108,-0.0053876173,0.99474096,-0.005177517,-0.0054646158,-0.0052617197,-0.0052018473,-0.005170146,-0.005216342,-0.0051283124,-0.0054968246,-0.0055362796,-0.005368824,0.99497896,-0.0053856415,-0.0051890374,-0.0055500306,-0.005194765,-0.0062695313,-0.0052960506,-0.005451311,-0.0051680445,-0.0055270027,-0.0053636096,-0.005194547,-0.005323789,-0.005124884,0.0,-0.005385918,-0.0053973324,-0.0051474385,-0.0051144795,-0.0051054396
-5.8770216e-05,0.9945491,-0.00095883233,-0.0009942388,-0.0014968476,0.99469244,-3.1418916e-05,-0.00081938,-2.1989994e-05,0.9945492,-0.0011265988,-0.0009805207,-0.00073465734,-0.000434433,-5.516461e-06,-0.00046615658,-5.5408486e-06,-0.000953476,0.99456406,-4.1854284e-05,-6.030893e-05,-0.0011567452,-0.0002768581,-3.5289853e-05,-0.00035477732,-0.0007359078,-0.0011937451,-5.9322185e-05,-0.00059420126,-6.388687e-05,-0.00033998734,-4.711523e-06,-0.0014527376,-2.6225374e-05,-6.0678e-05,-0.0001262215,-8.158652e-05,-0.0013799691,-3.0756464e-06,-4.147895e-05,-2.7609518e-05,-1.7638267e-05,-2.165283e-05,-5.8602833e-05,-0.0008090485,-0.0007795521,-0.0012460591,-5.1664272e-05,-0.00034066453,-0.00023175497,-8.387599e-05,-0.0010124752,-0.00027131653,-0.0013014106,-0.0007428623,-1.1228633e-05,-0.0010070138,-7.911318e-05,-0.0003913861,1.672306e-06,-0.0010114671,-0.001192634,-0.0010689194,-0.00012024302,-0.00079495,-1.4885394e-05,-0.00072403875,-8.704233e-05,-2.7700815e-05,-0.00047586305,-0.0009876403,-0.0008575265,-3.913954e-05,-4.829647e-05,-0.0010769181,-3.116583e-05,-0.0007446619,-0.001320586,-0.00025905177,0.99466753,-1.0907582e-05,-0.00078112213,-4.0409115e-05,-4.4306893e-05,-1.884934e-05,-4.1839558e-05,-1.9012861e-05,-0.0008507723,-0.001297134,-0.00025253918,0.9945816,-0.0002604714,-3.4575569e-06,-0.0015250127,-1.5830392e-05,-1.1552729e-05,-3.1069627e-05,-0.0006774465,-1.6554362e-05,-0.0011435413,-0.00030557485,-2.2222146e-05,-5.531612e-05,-3.5068926e-05,-3.9212493e-05,0.0,-1.6857108e-05,-2.2761013e-05,-1.9383642e-05,-2.8080905e-05
-0.006117265,0.9945476,-0.006182842,-0.006182788,-0.0061706356,0.99416184,-0.0062039783,-0.006181118,-0.0063297353,0.99450445,-0.0061863884,-0.0061901533,-0.006166197,-0.006126154,-0.0062905904,-0.0061309617,-0.0062142285,-0.006185526,0.9944875,-0.0062517636,-0.006189995,-0.0061868057,-0.006145403,-0.006106332,-0.006120681,-0.006174906,-0.006189329,-0.006111602,-0.0061413744,-0.006133526,-0.006124486,-0.0061310274,-0.006166233,-0.006162995,-0.0061305487,-0.006160732,-0.0061617703,-0.006168774,-0.0065640584,-0.0061246227,-0.006128759,-0.0061429855,-0.0061156666,-0.006110613,-0.0061686994,-0.0061701816,-0.006181866,-0.0061359517,-0.0061190133,-0.006158255,-0.0061539714,-0.006192563,-0.006151513,-0.006179836,-0.0061792806,-0.0061292774,-0.0061871256,-0.0061576157,-0.006124837,-0.0061578113,-0.006192748,-0.0061873724,-0.006182858,-0.0061739897,-0.00616967,-0.006142796,-0.0061765052,-0.006168186,-0.0063957064,-0.0061316513,-0.0061902544,-0.006194571,-0.0061967676,-0.00611281,-0.006192571,-0.0061116293,-0.006177382,-0.0061767627,-0.006158748,0.99424815,-0.006248467,-0.0061725685,-0.00612408,-0.006115946,-0.006196881,-0.006122563,-0.006130118,-0.0061871866,-0.006174807,-0.006141215,0.9945266,-0.006163302,-0.006121088,-0.0061634965,-0.0061166487,-0.007436431,-0.0061285486,-0.006164071,-0.00613145,-0.006189494,-0.006130226,-0.006108938,-0.0061426805,-0.006141485,-0.006218645,-0.0061727227,0.0,-0.006133575,-0.0061391313,-0.006117196
-0.0031403834,0.9951829,-0.0048877015,-0.0049004243,-0.0051068333,0.9949076,-0.000656383,-0.0047683627,-6.9190028e-06,0.9951788,-0.004963312,-0.004902759,-0.0046769623,-0.0044687022,-5.7149256e-05,-0.0044861995,-0.00056622137,-0.0048923334,0.9951708,-0.00018731852,-0.004217841,-0.0049570925,-0.0042868727,-0.00323538,-0.0043596383,-0.0047003143,-0.0049984287,-0.003157616,-0.0045647305,-0.0037211222,-0.0043929904,-0.0021461407,-0.005101659,-0.0040789945,-0.0035521484,-0.0041331677,-0.004067674,-0.0050858282,-1.5712498e-05,-0.0034752486,-0.0033621422,-0.0023918336,-0.0031883765,-0.0029378384,-0.004749334,-0.004744944,-0.0050185537,-0.0037452516,-0.0043385997,-0.0042681047,-0.0039861356,-0.0049012187,-0.004287406,-0.0050529204,-0.0047493917,-0.0013514798,-0.0048978943,-0.004080416,-0.004432481,-0.00084875914,-0.0049035796,-0.004982615,-0.004935251,-0.0041658087,-0.0047436124,-0.002036489,-0.004729179,-0.0041509815,-4.846999e-05,-0.004465387,-0.0049034394,-0.004825423,-0.00057514827,-0.002776751,-0.004933216,-0.0032277056,-0.0047483556,-0.0050537,-0.004295226,0.994977,-3.9311206e-05,-0.0047265072,-0.0034120968,-0.0027465,-0.000593054,-0.002871666,-0.0016464011,-0.0048292424,-0.005044078,-0.0042786337,0.9951829,-0.0042851996,-0.0025590532,-0.0051141256,-0.0026637674,-3.9171442e-05,-0.0037018217,-0.0046794093,-0.0020591053,-0.0049737412,-0.004300146,-0.002766239,-0.003878254,-0.0011383274,-6.908036e-05,-0.0042126216,-1.2528888e-05,0.0,-0.0010406137,-0.0010234087
-0.00436007,0.9951993,-0.0050203507,-0.0050282623,-0.005141238,0.9949233,-0.0038821357,-0.0049621477,-0.003856784,0.9951981,-0.005060888,-0.0050287466,-0.0049153008,-0.004798477,-0.003816287,-0.004808618,-0.0038953181,-0.0050229295,0.99519014,-0.0038432428,-0.0047185235,-0.005059736,-0.004738353,-0.004379646,-0.0047486764,-0.0049279565,-0.0050829984,-0.0043882215,-0.0048451466,-0.0045589176,-0.0047550322,-0.0041280114,-0.0051367697,-0.0046737166,-0.0044967798,-0.0046998193,-0.0046719466,-0.0051271757,-0.003981806,-0.004465788,-0.004434046,-0.0041743284,-0.004388185,-0.004311811,-0.0049421703,-0.0049415603,-0.0050926367,-0.004557749,-0.004747019,-0.0047380426,-0.0046413597,-0.0050306316,-0.0047390955,-0.005109215,-0.0049483855,-0.0040046605,-0.0050278977,-0.0046785795,-0.0047816266,-0.003872698,-0.005028698,-0.0050691483,-0.00504643,-0.004711241,-0.0049427594,-0.00410299,-0.0049362383,-0.00470276,-0.0038598345,-0.004803782,-0.005027246,-0.0049957507,-0.0038592706,-0.004266726,-0.0050511034,-0.0043824627,-0.0049487273,-0.005110222,-0.004741166,0.9950017,-0.0038331833,-0.004934546,-0.004462774,-0.0042464426,-0.0038691794,-0.00429765,-0.0039682244,-0.0049933144,-0.005099208,-0.0047324602,0.9952044,-0.004744214,-0.004211476,-0.005142639,-0.004238469,-0.0046639275,-0.004537359,-0.0049125524,-0.0041021905,-0.005067258,-0.0047353227,-0.0042833593,-0.004595869,-0.003931572,-0.0038380101,-0.0047215438,-0.0039046763,-0.00407644,0.0,-0.0039207363
-0.004185692,0.9952169,-0.0049453755,-0.004960577,-0.0050830976,0.9949471,-0.0035561235,-0.004872392,-0.0034760444,0.99521726,-0.0049887868,-0.0049511064,-0.0048225746,-0.0046958653,-0.0033824905,-0.004709951,-0.0035330926,-0.00494678,0.99520993,-0.0035016108,-0.0046117324,-0.0049869167,-0.0046215435,-0.0042017484,-0.0046440437,-0.004837962,-0.0050141783,-0.004201057,-0.004751363,-0.0043963497,-0.0046436195,-0.0038537672,-0.005073969,-0.004547283,-0.004336071,-0.0045709256,-0.0045414125,-0.0050680824,-0.0035784235,-0.0043101897,-0.004282335,-0.003948708,-0.004216889,-0.004102075,-0.004860626,-0.0048526097,-0.005023534,-0.004419272,-0.004633269,-0.0046218056,-0.0045052124,-0.004950274,-0.0046254247,-0.0050465125,-0.004863807,-0.0037344636,-0.004951891,-0.00454806,-0.004678312,-0.0036032163,-0.0049530794,-0.0050006774,-0.0049708984,-0.0045897714,-0.0048574484,-0.003872744,-0.004851086,-0.0045808856,-0.003476684,-0.0046999236,-0.004952463,-0.0049118795,-0.0035556753,-0.0040802537,-0.004975385,-0.0042064236,-0.0048612156,-0.005046328,-0.004619873,0.99502385,-0.0034856428,-0.00484422,-0.004296366,-0.0040573725,-0.0035317575,-0.0041074357,-0.0037003595,-0.004909642,-0.0050384933,-0.0046116975,0.99522036,-0.004632271,-0.0040041064,-0.0050873538,-0.004031957,-0.0042249965,-0.004388292,-0.0048173373,-0.003829081,-0.004998937,-0.0046203104,-0.004066114,-0.004459124,-0.0036389155,-0.0034821532,-0.0046063703,-0.003442635,-0.0038050984,-0.0036183663,0.0
