1,2,3,4,5,6,7,8,9,10,11,12,13,14,15,16,17,18,19,20,21,22,23,24,25,26,27,28,29,30,31,32,33,34,35,36,37,38,39,40,41,42,43,44,45,46,47,48,49,50,51,52,53,54,55,56,57,58,59,60,61,62,63,64,65,66,67,68,69,70,71,72,73,74,75,76,77,78,79,80,81,82,83,84,85,86,87,88,89,90,91,92,93,94,95,96,97,98,99,100,101,102,103,104,105,106,107,108,109,110
0.0,0.00920757,0.009214535,0.009200503,0.009321715,0.009202595,0.0092261145,0.009256222,0.009279977,0.009273157,0.009238173,0.009216581,0.009344633,0.009177393,0.009265414,0.00925349,0.009321231,0.0092277555,0.009184033,0.009313148,0.009236794,0.009239403,0.009285877,0.009238422,0.009182057,0.009260131,0.009183182,0.009239555,0.009314188,0.009306299,0.0093554035,0.009287887,0.009335302,0.009362244,0.009234781,0.009251139,0.009293741,0.009290019,0.009262168,0.009348252,0.009199012,0.009350775,0.009203007,0.009193222,0.009333654,0.009243617,0.009364836,0.009305161,0.0092804255,0.009342309,0.009368815,0.009292574,0.009191043,0.009228604,0.00934001,0.009175547,0.009297727,0.009238735,0.0091866115,0.009269281,0.009195111,0.009323356,0.009294282,0.009331331,0.009338881,0.009195133,0.009269766,0.009181396,0.00927233,0.009362928,0.009344878,0.009280096,0.009189053,0.009294703,0.009337667,0.009223121,0.009241447,0.009366975,0.009235182,0.009357245,0.009295718,0.009346468,0.009227857,0.009211373,0.009214888,0.009342254,0.009231372,0.009309308,0.009233051,0.009368008,0.009326899,0.009306444,0.0091870595,0.009184934,0.009243805,0.009323604,0.009260871,0.009238195,0.009261878,0.009332939,0.009193898,0.009198095,0.009350823,0.00931645,0.009211476,0.009352765,0.009309502,0.009269767,0.009373001,0.009224802
0.0093488395,0.0,0.009361668,0.0093336925,0.009264636,0.009208574,0.009348288,0.009184008,0.009235554,0.009252176,0.00926013,0.009267697,0.00922174,0.009206688,0.009318912,0.009278609,0.009199187,0.009296537,0.009274954,0.009224554,0.009283227,0.009259315,0.009318366,0.009242512,0.009272363,0.009219408,0.009220994,0.009338485,0.009187219,0.009272816,0.009340244,0.0093691675,0.009216257,0.009208155,0.00923715,0.009203444,0.009298907,0.00934383,0.009176911,0.009311521,0.009186302,0.009322516,0.00922051,0.0093034,0.009368213,0.009175484,0.0093484055,0.009246745,0.009322434,0.009259798,0.009312852,0.009185052,0.00934949,0.009183496,0.009224775,0.009216892,0.009299096,0.009349266,0.009256866,0.009317858,0.0092664985,0.009309669,0.009326502,0.009325921,0.009258082,0.0092318235,0.009274705,0.009356387,0.009220871,0.009308167,0.009214228,0.009210189,0.009255786,0.0092001,0.00921943,0.009303687,0.009226716,0.00919756,0.009227173,0.009268241,0.009252293,0.009357318,0.0092564775,0.009369964,0.009201583,0.009284416,0.009186921,0.009298544,0.00921943,0.009346131,0.009323952,0.009360304,0.009274023,0.009362496,0.009338785,0.009203204,0.009352724,0.009233845,0.009287113,0.0092132045,0.009278415,0.009228106,0.009368538,0.009284553,0.009300573,0.009373032,0.009187134,0.009341247,0.009229089,0.009373402
0.009291601,0.0092444895,0.0,0.009290572,0.009275862,0.009302926,0.009324603,0.00924534,0.009189705,0.0093136905,0.009221203,0.0092108445,0.009325584,0.009343054,0.009202114,0.009245023,0.009346898,0.009344747,0.009204006,0.009274673,0.009351475,0.009301379,0.009288605,0.009218603,0.009187532,0.009221907,0.00919598,0.009370458,0.009300225,0.009203154,0.009204249,0.009179634,0.009259614,0.009363472,0.009326719,0.009296914,0.009195214,0.009256345,0.009284063,0.009206673,0.0093500065,0.009278061,0.009306649,0.009191845,0.009261063,0.009311408,0.0092886025,0.009344691,0.00930883,0.009198958,0.009294747,0.009217656,0.009291906,0.0092386855,0.009316074,0.00930571,0.009206344,0.009305468,0.009372058,0.009219341,0.009373853,0.009313455,0.009215117,0.00933567,0.009177046,0.009299304,0.009205465,0.009228702,0.00924077,0.009208651,0.009246727,0.009298203,0.009214801,0.009224856,0.009253456,0.009201914,0.009222469,0.0092215445,0.009196502,0.009194493,0.009320615,0.009183588,0.009224532,0.009318683,0.009259816,0.009359142,0.009259771,0.009340559,0.009252511,0.009285397,0.009363645,0.009300527,0.009340358,0.009357132,0.009341514,0.009186165,0.009340686,0.009281766,0.009194841,0.009338326,0.009197034,0.009353516,0.009306952,0.009273055,0.009249566,0.009316595,0.009364889,0.009181813,0.009371721,0.009277721
0.009272562,0.009337267,0.0091980165,0.0,0.009228642,0.009174589,0.009364104,0.009354371,0.00933165,0.009208685,0.009278807,0.009199524,0.009362113,0.0093122,0.009370872,0.00918902,0.009310241,0.009175811,0.009320286,0.009282467,0.009353687,0.009356041,0.009268379,0.009185539,0.009340234,0.009332479,0.009214716,0.009320992,0.009348658,0.009238943,0.009285959,0.009283149,0.009314398,0.009350693,0.00927024,0.009233173,0.009195868,0.009235652,0.00931897,0.009203081,0.009352223,0.009346931,0.009279226,0.009330978,0.009182557,0.009351903,0.009242741,0.009227814,0.00933823,0.009201056,0.00935632,0.009352199,0.009355423,0.009371662,0.0093169855,0.009267192,0.009188075,0.009292078,0.009311165,0.009335649,0.009370158,0.0092622675,0.009346256,0.009201472,0.009328263,0.009372519,0.009336764,0.009327541,0.00935598,0.009359349,0.00926772,0.0092517575,0.009317196,0.00935891,0.0092872875,0.009328041,0.009259744,0.009237175,0.009273601,0.009299745,0.0093713,0.0093205795,0.0092608975,0.009343254,0.009230159,0.009244171,0.009363667,0.0093642045,0.009356204,0.00927446,0.009342835,0.00934198,0.009233594,0.009250517,0.009253353,0.009278415,0.00928718,0.009372759,0.009252491,0.009194165,0.009229545,0.00918482,0.009260892,0.009176969,0.009373945,0.009323686,0.009227455,0.009269168,0.009212103,0.009296369
0.009232931,0.00929021,0.0093093645,0.009352019,0.0,0.009233831,0.009347553,0.009342121,0.00928958,0.009296604,0.009247487,0.009243584,0.009216847,0.00931273,0.009186378,0.009276025,0.009248986,0.009361547,0.00931419,0.0091995625,0.009338541,0.0092276875,0.009262924,0.009293638,0.009204804,0.009361322,0.00923919,0.009331241,0.0092889825,0.00936604,0.009267098,0.009199276,0.009235281,0.009260419,0.009275158,0.009293954,0.009277107,0.009177253,0.009230029,0.0093618985,0.009221,0.009355471,0.009238575,0.009295803,0.009293414,0.009183441,0.009274836,0.009180021,0.009363256,0.009199441,0.009290674,0.009351192,0.00927749,0.009360926,0.009187059,0.009302105,0.009320225,0.009336958,0.009335179,0.009271469,0.009184882,0.009304951,0.009228444,0.009347428,0.009192211,0.00929807,0.0092506455,0.0093654655,0.009372248,0.009200979,0.009191339,0.00929471,0.009281333,0.00924003,0.00922806,0.009220602,0.009315441,0.00917992,0.009285604,0.009355815,0.0093484325,0.009203758,0.009224223,0.009357293,0.009325512,0.009250317,0.00931069,0.009189874,0.009359119,0.0092900945,0.009363654,0.0093148565,0.009195448,0.009336326,0.009324819,0.00928139,0.009271475,0.009295869,0.009344574,0.009203643,0.00936081,0.009362024,0.009179871,0.009323038,0.009334475,0.0093478495,0.009215249,0.009191982,0.009280581,0.009215225
0.00921378,0.009288386,0.0092749195,0.009281857,0.00925563,0.0,0.009212443,0.00922716,0.009356348,0.009259093,0.00930736,0.009277422,0.009302376,0.009228511,0.009287903,0.009257316,0.009296869,0.0092897145,0.0092253955,0.009358747,0.009260736,0.009350248,0.009222579,0.0092023965,0.009224243,0.00932874,0.009280684,0.009323532,0.009333563,0.009355772,0.009260478,0.009288249,0.009338935,0.009228278,0.0092096,0.009184688,0.0092889415,0.009201048,0.009262292,0.009202659,0.009292656,0.009273994,0.00928094,0.009286459,0.0092682475,0.009240252,0.009228244,0.009241115,0.009203868,0.009296897,0.009188945,0.009295821,0.009205517,0.009343457,0.009363367,0.009332105,0.009366722,0.00929666,0.00932481,0.00917592,0.009280844,0.0092822155,0.009246867,0.009237617,0.009358309,0.009223643,0.00935869,0.009358395,0.009369672,0.009281202,0.009190983,0.009338283,0.009289012,0.009324792,0.009296497,0.009219317,0.0093116285,0.009242891,0.009282267,0.009211929,0.009204494,0.0093048625,0.009218087,0.009318217,0.009193639,0.009242713,0.009174813,0.009191338,0.00935484,0.009275144,0.009207402,0.009186131,0.009193226,0.009229929,0.009311706,0.009217115,0.009211458,0.009351525,0.009322343,0.009196517,0.009273787,0.009334799,0.009311884,0.009238223,0.009302312,0.009262267,0.0092839785,0.0093671465,0.009360974,0.009354307
0.009192693,0.0093609225,0.009304103,0.009318342,0.009266702,0.009271545,0.0,0.009218188,0.009291646,0.0093622785,0.009225701,0.009315411,0.009207451,0.00930928,0.009302549,0.009314689,0.009356949,0.009303794,0.00917548,0.009223342,0.009201601,0.009315941,0.009292991,0.009314184,0.009295894,0.009244914,0.009308705,0.0093273,0.009247852,0.0091753565,0.0091751125,0.009356053,0.009247563,0.009369871,0.00917804,0.009329978,0.009178137,0.0092067,0.009179847,0.009188346,0.009319376,0.0091767255,0.009175914,0.009357633,0.009200821,0.009194541,0.009221087,0.009229799,0.0092330845,0.0093417,0.009245183,0.009260532,0.009266618,0.009247217,0.00935446,0.009362937,0.009282005,0.009258999,0.009227604,0.009189178,0.009275001,0.009197422,0.009207632,0.009354182,0.00930943,0.009202376,0.009337191,0.0093101105,0.009350122,0.009333424,0.0093365675,0.009322188,0.0092051355,0.009219177,0.009223858,0.009257043,0.009200416,0.009305345,0.009318201,0.0092144925,0.009180673,0.009283354,0.009192869,0.009319452,0.009326053,0.009283523,0.009321527,0.0092055965,0.009361868,0.009255882,0.009247635,0.009360908,0.009226866,0.009201484,0.009309092,0.009270694,0.009240314,0.009217415,0.009350737,0.009304701,0.009201361,0.009270654,0.009294484,0.009325217,0.009188556,0.009364083,0.009227524,0.009271054,0.009316084,0.009187656
0.009299327,0.009292963,0.009319498,0.009311764,0.009265454,0.009332372,0.009351313,0.0,0.009231516,0.009367812,0.009361257,0.009365582,0.009328289,0.009342166,0.00936093,0.009345493,0.009277694,0.009304567,0.009331323,0.009257219,0.009289601,0.009370516,0.009362455,0.009230805,0.009290536,0.009309916,0.009300402,0.009310871,0.009195542,0.009262848,0.009218828,0.00927833,0.009248825,0.009337537,0.009272323,0.0092196595,0.009211846,0.009316111,0.009265552,0.009249147,0.009249232,0.009270547,0.009264572,0.009225291,0.009335512,0.009314268,0.009335875,0.009366617,0.009300194,0.009311844,0.009367343,0.009369742,0.009365044,0.009256078,0.009348059,0.009353417,0.009218011,0.0091828145,0.009305376,0.0092565045,0.009286246,0.009231165,0.009362554,0.009321826,0.009328814,0.009201536,0.009195015,0.009368359,0.009315881,0.009321627,0.009317999,0.009241496,0.00930767,0.009235962,0.009373831,0.009354983,0.009175593,0.0092113335,0.009195128,0.009234312,0.009231862,0.0092086885,0.009241474,0.009227557,0.00936236,0.009296287,0.009204622,0.009285573,0.009257428,0.009239424,0.00933012,0.009247583,0.009226481,0.009368207,0.009236447,0.0091965925,0.009280753,0.009349288,0.009232611,0.009306715,0.0091908425,0.009245716,0.009300948,0.00924233,0.009212065,0.009309898,0.009191239,0.009243739,0.009236072,0.009209382
0.009368557,0.009274894,0.00919043,0.009175575,0.009360689,0.009309552,0.009239748,0.009221792,0.0,0.009207801,0.009341821,0.009305453,0.009244487,0.009341823,0.009222036,0.00929622,0.009184602,0.009215513,0.009280205,0.0092249345,0.009244394,0.009245223,0.009239999,0.009242813,0.0093441075,0.0092292335,0.009195247,0.009257957,0.009261302,0.009293984,0.00927872,0.009192887,0.00931855,0.009293059,0.009311134,0.009323315,0.009242251,0.009344081,0.009243909,0.009245969,0.0092919795,0.009189093,0.009295766,0.009342464,0.009234254,0.009370835,0.00925519,0.009364081,0.009186841,0.009177684,0.009230462,0.009328197,0.009323438,0.009230239,0.0092656985,0.009309561,0.009217923,0.009249457,0.009314547,0.009236305,0.009361703,0.009244465,0.009315014,0.009324542,0.009328355,0.009322907,0.009200668,0.0093580065,0.009370433,0.009198712,0.00928369,0.0092032915,0.009342774,0.0093066,0.0092191305,0.009365744,0.009191844,0.00935357,0.009249388,0.009298201,0.009332885,0.009199604,0.009283375,0.009270283,0.00933791,0.009232406,0.00932172,0.009262697,0.009261572,0.009249574,0.0092155095,0.009370673,0.009277729,0.009357579,0.009300306,0.009190921,0.009284118,0.009261486,0.009311777,0.009345504,0.00923372,0.00937306,0.009331593,0.009204269,0.009203718,0.009245975,0.009287551,0.009271959,0.009215271,0.009279512
0.009347254,0.0092545925,0.009352292,0.009310053,0.009234425,0.009215895,0.009248169,0.009216318,0.0092741065,0.0,0.009288504,0.009355272,0.00925377,0.009253796,0.009250322,0.009290101,0.009233334,0.009318012,0.009191902,0.009341584,0.009211458,0.009366843,0.00927381,0.009301094,0.009371155,0.009215524,0.009362359,0.009178276,0.009306405,0.00921208,0.009314736,0.00918089,0.009368053,0.009317183,0.009225318,0.0092859315,0.009373215,0.00921169,0.009371757,0.009240544,0.009266702,0.009193364,0.009291714,0.009330535,0.009183913,0.009331746,0.009284109,0.0092118755,0.009209974,0.009302235,0.009195247,0.009175339,0.009265566,0.009255352,0.009278827,0.009282272,0.009313718,0.009356606,0.009253998,0.009220851,0.009187621,0.009335033,0.009307183,0.009293529,0.009180134,0.009298354,0.009367971,0.00925039,0.009182302,0.009308334,0.009304353,0.009332564,0.009187575,0.009292684,0.009264331,0.009196573,0.00917594,0.009198432,0.009212549,0.009266217,0.009339605,0.00922995,0.009284853,0.009193707,0.009268189,0.009272411,0.0091989795,0.00924958,0.009245807,0.009290802,0.009266663,0.009234819,0.009362916,0.009287348,0.0092304535,0.009218541,0.009236998,0.009295801,0.009205206,0.009336198,0.009193857,0.009200936,0.009177832,0.009353678,0.009322129,0.009255829,0.009350241,0.009279394,0.009327619,0.009191596
0.0092704585,0.009369767,0.009316929,0.009349125,0.009181549,0.009229176,0.009353778,0.009214124,0.009285462,0.009236114,0.0,0.009228947,0.009277395,0.009239958,0.009259263,0.009217658,0.00935239,0.009205408,0.009325503,0.009333112,0.009251465,0.009254996,0.009207574,0.00933305,0.00917709,0.00921387,0.009266031,0.009323703,0.0092179505,0.00927844,0.009195047,0.009216458,0.00928331,0.009190007,0.009241742,0.009348002,0.009248871,0.009245851,0.009237455,0.009288998,0.009309121,0.009348471,0.009236151,0.009193203,0.009322925,0.00924996,0.0091954535,0.009269354,0.009206677,0.009243965,0.009277028,0.00937288,0.009215301,0.009316948,0.0093693435,0.009298134,0.009364044,0.00930251,0.009253215,0.009364265,0.009344559,0.009177813,0.0092835035,0.009204491,0.009192527,0.009193312,0.009335266,0.009193339,0.009317257,0.009324998,0.009298499,0.009356322,0.009368975,0.009245889,0.009352788,0.009245998,0.009240742,0.009299718,0.009320459,0.009329847,0.009343739,0.009361525,0.0092979735,0.009252772,0.009319647,0.009330749,0.009247645,0.009310146,0.009210036,0.009214947,0.0093022585,0.009206713,0.0092674475,0.009245598,0.009254276,0.009286982,0.00934258,0.009174721,0.009347252,0.009286554,0.009320216,0.009325974,0.00925387,0.009315942,0.009230825,0.00922301,0.009239438,0.009349097,0.009201557,0.009204536
0.00927707,0.009175183,0.009361348,0.009370806,0.009220453,0.009261516,0.009191209,0.00928146,0.009371824,0.009282263,0.009358282,0.0,0.009362751,0.009189606,0.0092568835,0.009272861,0.009312992,0.009353496,0.009204301,0.009223023,0.009289807,0.0091928765,0.009197789,0.00937055,0.009207586,0.0092704985,0.0093682045,0.009199548,0.009352573,0.009238468,0.009210286,0.009324226,0.0091919955,0.009369171,0.009343208,0.0093642995,0.009268963,0.009224215,0.009305112,0.009355925,0.009316851,0.009299361,0.00924639,0.009232354,0.009370152,0.009229361,0.009223534,0.009197336,0.009242446,0.009361389,0.009180246,0.009203338,0.009189919,0.00933831,0.009261325,0.009280242,0.009281954,0.009361588,0.009192695,0.009331289,0.009252963,0.009321128,0.009201585,0.009339686,0.009328452,0.009210327,0.009229341,0.009216283,0.009213438,0.009232871,0.009233243,0.009290442,0.009371627,0.009270945,0.009317864,0.009321229,0.009306791,0.009212445,0.009207707,0.009307897,0.009342627,0.009262763,0.009322489,0.00925242,0.009330153,0.009200687,0.009350452,0.009288299,0.009344324,0.009241375,0.009346033,0.009304934,0.009225943,0.009292071,0.009346647,0.009184311,0.009305952,0.00937031,0.009208648,0.009282149,0.00922854,0.009233722,0.009347358,0.009333788,0.0093697095,0.009208095,0.009192547,0.009206954,0.009293776,0.009196437
0.009179316,0.009337738,0.009280413,0.009285233,0.009180412,0.009288848,0.009324104,0.009278499,0.009295324,0.009235098,0.009197079,0.009263362,0.0,0.009236888,0.009242613,0.009213384,0.0093690995,0.00920228,0.009195542,0.009325546,0.009206654,0.009350795,0.009201134,0.009372662,0.009223719,0.009356585,0.009322315,0.009233226,0.009354739,0.009262828,0.009184136,0.009308615,0.009251678,0.009292504,0.009282651,0.009349748,0.009355129,0.009207965,0.009197635,0.009203634,0.00930138,0.009240408,0.0092283655,0.009328695,0.009187117,0.009197274,0.009311745,0.009178309,0.009297951,0.009195278,0.009195262,0.009179284,0.009311214,0.009231564,0.009225424,0.009260448,0.009345179,0.00931485,0.009357194,0.009227301,0.009247356,0.009245365,0.009289797,0.00922291,0.009255014,0.009296094,0.00920295,0.0093514435,0.009190076,0.00925136,0.009354282,0.009220076,0.0092239855,0.00924556,0.009187825,0.009179202,0.009372003,0.009362086,0.009357473,0.00919566,0.009347587,0.009238532,0.009318918,0.0092826225,0.009226346,0.009317286,0.009286145,0.009332323,0.009258119,0.009272016,0.009342244,0.009235582,0.009332845,0.009298919,0.009249685,0.00922152,0.009181422,0.009346265,0.009362746,0.009317424,0.009366956,0.009246413,0.009373817,0.009246719,0.009217094,0.009274718,0.009251624,0.00925138,0.009324593,0.009279029
0.0093109645,0.009341939,0.009207999,0.009308622,0.009217243,0.0093726255,0.009341801,0.009182087,0.009263575,0.009188371,0.009253632,0.009317817,0.009360277,0.0,0.009326675,0.009370316,0.009225973,0.00932628,0.009363899,0.009329514,0.009210645,0.009181674,0.009178927,0.009192413,0.009323656,0.009258828,0.009234583,0.009312281,0.009354961,0.009293261,0.009220476,0.009348239,0.009304455,0.009206103,0.009355935,0.009257441,0.0092828525,0.009366696,0.009204506,0.009182792,0.0092553925,0.009202726,0.009233937,0.009352431,0.0092857,0.0091843465,0.009262826,0.009239873,0.009304623,0.009295357,0.009299232,0.009351463,0.009253366,0.0093605425,0.009346653,0.009294567,0.009362182,0.009243762,0.0093666995,0.009236533,0.0092784325,0.009299879,0.0092749065,0.009248438,0.009273607,0.00929561,0.009309876,0.009222271,0.00919547,0.009209272,0.009276498,0.009229915,0.009264136,0.0093387505,0.009311535,0.009352921,0.009330947,0.009332868,0.0093435515,0.009298499,0.009332169,0.009327128,0.00937099,0.009205655,0.009306293,0.009283065,0.0093185175,0.00927358,0.009287883,0.009273856,0.009362498,0.009348559,0.00925826,0.009180046,0.0093228435,0.0093380865,0.009246715,0.009217166,0.009244073,0.0092882365,0.009367102,0.009224956,0.009283126,0.009268313,0.009217374,0.009340592,0.009309783,0.009265131,0.009325095,0.009180002
0.009347883,0.009312038,0.009301483,0.009179386,0.009314047,0.00929236,0.009292882,0.009335804,0.009299756,0.009317624,0.009185476,0.009353936,0.009236063,0.009185731,0.0,0.009204608,0.009249581,0.009256923,0.009326775,0.0092552155,0.009341124,0.009314834,0.009241152,0.009181161,0.009236,0.009314269,0.009260186,0.009253591,0.00931986,0.009317695,0.009229203,0.009209588,0.009360845,0.009192885,0.009362334,0.009269175,0.009364223,0.009321613,0.009316625,0.009265756,0.009287572,0.00936283,0.009302667,0.009226825,0.009185542,0.009343342,0.009306641,0.009212236,0.009370424,0.009291414,0.009329115,0.009198076,0.009201407,0.0093653295,0.009284367,0.009345323,0.009285467,0.009364729,0.009200365,0.009176991,0.009243921,0.0093335975,0.009361995,0.009194195,0.00927309,0.009251691,0.009218512,0.009209219,0.009285402,0.009246039,0.009350062,0.009337274,0.009276031,0.00927417,0.009251973,0.009305695,0.009201105,0.009258204,0.009195437,0.009235795,0.009288658,0.009282828,0.009279916,0.009366399,0.009238087,0.009365011,0.009302696,0.009190726,0.009186244,0.009244524,0.009324718,0.009195896,0.009196047,0.009283568,0.009194321,0.009371551,0.009319516,0.009320792,0.009188008,0.009245466,0.009361925,0.0092056105,0.009246948,0.009280345,0.00936833,0.009220373,0.009216772,0.009236547,0.0093216235,0.009267164
0.009205406,0.0093147,0.009298486,0.009356415,0.009188402,0.009296491,0.009326392,0.009204659,0.009251245,0.009238217,0.009190426,0.009275683,0.009296719,0.009232408,0.009180736,0.0,0.009223698,0.009228264,0.009331888,0.009301886,0.009227251,0.009195032,0.009259717,0.00933928,0.009360636,0.009355037,0.009204111,0.009324046,0.009225467,0.009349486,0.009288641,0.0092565715,0.00923051,0.00923179,0.009182151,0.009295017,0.009354847,0.009312271,0.009265616,0.009314792,0.009360524,0.0092353765,0.0093183275,0.009175273,0.009367285,0.009212402,0.009343513,0.0092032,0.0093359845,0.009210223,0.009245107,0.009324927,0.009359653,0.009263134,0.009257797,0.009315015,0.009347995,0.0092413025,0.009208824,0.009236719,0.009180858,0.009362479,0.009318397,0.0092738345,0.009327832,0.009304788,0.009239782,0.009241259,0.009255466,0.009178215,0.009325633,0.00930691,0.009367637,0.0092140995,0.009283937,0.00929485,0.009300615,0.0093137855,0.0093506,0.009221669,0.009189063,0.009282338,0.009325963,0.009244235,0.009202951,0.009370743,0.009296572,0.009288511,0.009255392,0.009345125,0.009365983,0.009255661,0.00921022,0.00932488,0.009202911,0.009347627,0.009285969,0.009213603,0.009357901,0.009188824,0.009325291,0.009252905,0.009265466,0.00932877,0.009186122,0.009215671,0.009219755,0.009360516,0.009220315,0.009187593
0.009337436,0.009285001,0.009234273,0.00935381,0.009359385,0.009372704,0.009305492,0.009366899,0.009184391,0.009326879,0.009348429,0.009298327,0.009363948,0.009321166,0.0093534,0.009194602,0.0,0.009181802,0.009236701,0.0091840625,0.009241585,0.009259157,0.009338647,0.009323567,0.009327733,0.009358677,0.009235065,0.009335986,0.009268169,0.009241631,0.009292662,0.009371415,0.0091754105,0.00924375,0.009365083,0.009313889,0.009267231,0.009248834,0.009308209,0.00917596,0.009360348,0.0091996575,0.009236627,0.00927416,0.009224008,0.009264183,0.009280455,0.00935875,0.009187911,0.009189767,0.009366227,0.00930601,0.009337584,0.0092971325,0.009284992,0.009250194,0.009186691,0.009262265,0.00921153,0.009221049,0.009207398,0.009299457,0.009336265,0.009273709,0.009264616,0.009354022,0.009318957,0.009266994,0.009349329,0.009285185,0.009301486,0.009277057,0.00933263,0.009362929,0.009347202,0.009177811,0.009307383,0.009359343,0.009338698,0.009225146,0.00923143,0.009356191,0.009195244,0.00932171,0.009202448,0.009231401,0.009206617,0.00920013,0.009280389,0.0092479605,0.0092103975,0.009232361,0.009273692,0.009196494,0.00919608,0.009176431,0.009264703,0.009264741,0.009350127,0.009261423,0.009283404,0.009187741,0.00919252,0.009214708,0.009202228,0.009292219,0.0093135275,0.009233173,0.009368362,0.009348086
0.009190061,0.009190085,0.00918931,0.009209642,0.009343722,0.009313849,0.009305992,0.009307757,0.009231848,0.009257839,0.009292684,0.009176215,0.009221761,0.009199074,0.009275314,0.009362097,0.009230942,0.0,0.009234841,0.009355365,0.009374251,0.00920225,0.009231061,0.009288846,0.009325162,0.009348361,0.009221672,0.009286217,0.009325587,0.009337831,0.0092408005,0.009256966,0.009315492,0.00918259,0.009231066,0.009184833,0.009300096,0.009179396,0.009293604,0.009189924,0.009332333,0.00925689,0.009196726,0.009202416,0.009257385,0.009338716,0.009241916,0.009305639,0.009314862,0.009255988,0.009241574,0.009213603,0.009177652,0.009356116,0.009353618,0.0092083905,0.009188129,0.009250803,0.009179201,0.009240476,0.0092452,0.009250678,0.009306196,0.009347735,0.009245444,0.009277432,0.009203008,0.009201204,0.009193426,0.009328074,0.009236772,0.009237817,0.009188278,0.009215137,0.009209592,0.009262513,0.009270639,0.00927662,0.009331034,0.009305185,0.009328229,0.009251684,0.009218584,0.009191429,0.009260867,0.009198056,0.009255172,0.009281396,0.009279925,0.00920276,0.009204603,0.0091799805,0.009274864,0.009301639,0.009211065,0.0093040615,0.0093165,0.0093038445,0.009247245,0.009193591,0.009373339,0.009321835,0.009325535,0.009182462,0.009221902,0.009189935,0.009277493,0.009300418,0.009362325,0.009327806
0.0092819,0.009238219,0.009345567,0.009189479,0.009333061,0.009356675,0.009328002,0.009359643,0.009330454,0.009367186,0.009258942,0.0091993995,0.009320375,0.009323803,0.009368998,0.009304406,0.009253731,0.009334551,0.0,0.009357516,0.009199144,0.009245168,0.009229237,0.009215364,0.00928404,0.00930218,0.0093275895,0.009360801,0.009353163,0.009236764,0.009178631,0.009297218,0.009205223,0.009252549,0.009225074,0.009342902,0.0092971455,0.009197697,0.009307041,0.009244143,0.009340168,0.009226458,0.009182577,0.0092830835,0.009294852,0.009308582,0.009190477,0.009278877,0.00932972,0.009245746,0.009309997,0.0093452465,0.009371984,0.009308519,0.009300294,0.0092296135,0.009323123,0.009291875,0.009270417,0.009333146,0.009238109,0.009257793,0.009276165,0.00920932,0.009301345,0.009346932,0.009283257,0.009261059,0.009357477,0.009231599,0.009204877,0.009323765,0.009292022,0.009216054,0.009248496,0.009305661,0.0093111,0.009194278,0.009186562,0.00932595,0.009226466,0.009331343,0.009311047,0.009205332,0.009243593,0.009213081,0.0093425615,0.009300299,0.009297448,0.009186457,0.009329567,0.009235945,0.009283475,0.009278579,0.009255746,0.009193616,0.009211759,0.00934885,0.009176183,0.009188107,0.009361807,0.009333308,0.009327195,0.009326482,0.009336447,0.009328283,0.009372412,0.009370383,0.009357685,0.009222446
0.009334144,0.009351692,0.009364943,0.009214281,0.009270733,0.009220228,0.009225115,0.009242595,0.009297598,0.009235107,0.009360015,0.009369664,0.009280341,0.009330232,0.009329429,0.00934716,0.009310141,0.009274169,0.009301958,0.0,0.009202583,0.009237002,0.009265113,0.009266027,0.009286955,0.00917689,0.00931353,0.009300228,0.009204697,0.009255844,0.009273332,0.009198187,0.009306421,0.009196927,0.009215738,0.009330784,0.009237203,0.009255092,0.009361028,0.009332713,0.009238404,0.009179541,0.00933083,0.009251312,0.009369292,0.009247015,0.009322232,0.009300135,0.00936073,0.009305802,0.009182698,0.009238101,0.009264116,0.009364138,0.00933396,0.009346227,0.0092596775,0.009197454,0.009296839,0.009206039,0.009217863,0.009207186,0.009295582,0.0093030175,0.009207369,0.009198216,0.009367027,0.009352396,0.009213068,0.009330374,0.009292572,0.009351431,0.009328407,0.009326234,0.009206087,0.009372894,0.009228961,0.009334674,0.009182496,0.009207004,0.0092451675,0.009349825,0.009262089,0.009317734,0.009278615,0.009211382,0.009351009,0.0091993,0.00933184,0.009337507,0.009287883,0.0091819605,0.009240564,0.00931041,0.009372557,0.009349415,0.009322909,0.009307892,0.009299974,0.009241634,0.00923733,0.009225707,0.00925972,0.009307088,0.009334306,0.009216865,0.009359686,0.009302453,0.009245338,0.0092509175
0.0093044285,0.009323993,0.009246181,0.009260871,0.00929864,0.009327207,0.0091881305,0.009340452,0.009318314,0.009343942,0.00934457,0.009335656,0.00926571,0.009312949,0.009303047,0.009371342,0.009177906,0.009351773,0.009239905,0.009239364,0.0,0.009356446,0.009191327,0.0092293015,0.009215928,0.009332113,0.009275385,0.009326,0.009265607,0.009274852,0.009199895,0.009177541,0.009217809,0.009240817,0.009251863,0.00937164,0.00919999,0.009369954,0.009198552,0.009238521,0.0093468735,0.009340871,0.009190231,0.00927398,0.009319176,0.009305758,0.009317019,0.009299193,0.009272908,0.009231257,0.009278516,0.009305696,0.009364652,0.009301627,0.009182932,0.009338311,0.009275448,0.0092146415,0.00922192,0.009210026,0.0093641905,0.00923394,0.009220014,0.00932616,0.0092134895,0.009327002,0.009210963,0.00924414,0.009291296,0.009201075,0.00929786,0.009270485,0.009353211,0.009339635,0.009303321,0.009243251,0.009280226,0.009347391,0.0093637295,0.009295166,0.009185003,0.009332955,0.009332337,0.009192026,0.009210846,0.009347389,0.0093688555,0.009324529,0.009275197,0.009247824,0.009227515,0.009320042,0.00929481,0.0093532745,0.009216046,0.009226022,0.009236992,0.009303071,0.009357686,0.009182538,0.009306108,0.00923946,0.009208113,0.00937131,0.009285892,0.00929615,0.009201078,0.009280398,0.009198648,0.009263287
0.009294822,0.0092332745,0.009217123,0.009287561,0.009211285,0.009252917,0.009297931,0.009177878,0.009251054,0.009302466,0.009350826,0.009363729,0.009257176,0.009372033,0.009326015,0.009314367,0.009184495,0.009250093,0.009371071,0.0092535075,0.009307148,0.0,0.009355217,0.009299178,0.0092040915,0.009304088,0.009186225,0.00923317,0.009344711,0.009199783,0.009289647,0.009206779,0.009251694,0.0092176255,0.009321995,0.009249867,0.009341475,0.009292397,0.009292055,0.009319536,0.009278863,0.009287751,0.009289495,0.009330404,0.0092242835,0.009232107,0.009206169,0.009212092,0.009287312,0.00919229,0.009240451,0.009293855,0.00937024,0.009261458,0.009228369,0.009193988,0.009369965,0.00931376,0.009276699,0.009312381,0.009337809,0.009254545,0.0093698315,0.009204282,0.009250054,0.00930037,0.009338604,0.009246419,0.009296605,0.009350574,0.009357304,0.009242449,0.009229231,0.009352244,0.009321012,0.0092391325,0.009301126,0.009338673,0.009323407,0.009344792,0.0092705,0.009179369,0.009354366,0.009288047,0.009248059,0.009205326,0.009368767,0.009246194,0.009363788,0.009187692,0.009225833,0.009316615,0.009320394,0.009216351,0.0093014175,0.009181971,0.009253487,0.009277612,0.0093540205,0.009339288,0.009183745,0.009300035,0.009321474,0.009341029,0.009214637,0.009338643,0.0092896465,0.00931126,0.009294468,0.009193669
0.009207779,0.0092167,0.009178972,0.009250518,0.009365572,0.009174364,0.009299149,0.009246693,0.009278902,0.009300823,0.009250003,0.009308735,0.009268385,0.009218135,0.009340416,0.009211946,0.009236618,0.009180248,0.009312037,0.00930909,0.009240474,0.009187846,0.0,0.009226462,0.009300271,0.009328778,0.0093287695,0.009277174,0.009314879,0.00922752,0.009280879,0.009179555,0.009310994,0.009273912,0.009319877,0.009373055,0.009326376,0.009203696,0.009301863,0.009232049,0.009344461,0.009361569,0.009281979,0.009297568,0.009278261,0.009206838,0.009318877,0.009180831,0.009232844,0.009221809,0.0092920475,0.009216083,0.0093512535,0.009202801,0.009241913,0.009339312,0.009279077,0.009275095,0.00923873,0.009212174,0.009313291,0.009263099,0.009248842,0.009241555,0.009316066,0.009346672,0.009215424,0.009311164,0.0091854185,0.009251341,0.0092384685,0.009291663,0.00919406,0.0092731565,0.009220143,0.0092041725,0.009370017,0.009289045,0.009217849,0.009278847,0.009250215,0.009339284,0.009307332,0.009181192,0.009299777,0.009197731,0.009340266,0.009329386,0.009333869,0.009252798,0.009322976,0.009203503,0.009354034,0.009315659,0.009372794,0.009215274,0.009344577,0.009259889,0.0092443405,0.009327103,0.009340495,0.009226269,0.009242248,0.009321107,0.009313853,0.009344567,0.009313163,0.009303156,0.009202563,0.009215457
0.009201238,0.009251576,0.009242204,0.009297542,0.009291555,0.009238931,0.009259704,0.00933358,0.0092368275,0.00933995,0.009283364,0.009261743,0.009361668,0.009264299,0.009199943,0.0093176635,0.009238749,0.009362984,0.009356042,0.0092988815,0.0093536815,0.009353632,0.009264652,0.0,0.009174934,0.009229861,0.009249054,0.009297503,0.009273531,0.009331745,0.0093434565,0.00934834,0.009359862,0.009333583,0.009262114,0.009359077,0.009274527,0.009248869,0.009264883,0.009178089,0.0093230605,0.009335086,0.009324173,0.00925844,0.009329765,0.009301197,0.009251057,0.009260405,0.009206281,0.009210941,0.009313884,0.009248597,0.009204658,0.009249727,0.009321616,0.009255927,0.009258793,0.009329456,0.009200619,0.009350787,0.0093370285,0.009211872,0.009371527,0.009201277,0.009259134,0.009302946,0.009181377,0.009213146,0.009367144,0.009266469,0.009200131,0.0091986805,0.009231776,0.009369103,0.009199226,0.009303394,0.009298055,0.009361933,0.009258471,0.009346182,0.009274952,0.009372754,0.009303651,0.009204913,0.009365032,0.009365105,0.009315683,0.0092718,0.009238412,0.009247808,0.00929502,0.009308692,0.009334325,0.009275078,0.009212495,0.00924508,0.009182657,0.009232659,0.009348045,0.009350504,0.009318766,0.00921111,0.009323452,0.00929672,0.009244536,0.009205681,0.009244638,0.009303619,0.009184717,0.009239965
0.00932744,0.009294099,0.009314424,0.009319499,0.009346694,0.009346387,0.009281862,0.009279404,0.009293187,0.009310253,0.009344791,0.009369932,0.009189447,0.00932058,0.0092279045,0.009304128,0.009268104,0.009308627,0.009263054,0.009213892,0.009347233,0.009295885,0.009269226,0.009177704,0.0,0.009318807,0.009203736,0.009353268,0.009357531,0.00918607,0.009190125,0.009204045,0.0093568675,0.009330951,0.009227692,0.009258953,0.009332399,0.009236884,0.009329206,0.009187946,0.009294304,0.009372824,0.009220442,0.009291635,0.009218306,0.009250281,0.009308665,0.009194373,0.009306177,0.0093314005,0.00935605,0.009278948,0.009274597,0.009285873,0.0092096245,0.009331865,0.009219948,0.009343152,0.009344645,0.009218328,0.009310563,0.009231235,0.009334778,0.0093125375,0.009291626,0.009313258,0.009185881,0.009222313,0.009249018,0.009361305,0.009254706,0.009324748,0.009372959,0.009290016,0.009320161,0.009310966,0.009179618,0.009199187,0.009191923,0.009362169,0.009262395,0.009325166,0.00932876,0.009240842,0.009332292,0.009326052,0.009274648,0.009330812,0.009294033,0.00931194,0.009232013,0.009357692,0.009180792,0.009371722,0.009266299,0.009288951,0.009199175,0.009371117,0.009176651,0.009243031,0.009229776,0.009296858,0.00926323,0.009356972,0.009361552,0.009319976,0.009241578,0.009263282,0.009362616,0.009315299
0.009203462,0.009186476,0.009281363,0.009282528,0.009334042,0.009291826,0.009223251,0.009277583,0.009208766,0.009266186,0.009330874,0.009238905,0.009242698,0.009248465,0.009211395,0.009251831,0.009188247,0.009283767,0.00927917,0.009303573,0.009261402,0.009201799,0.0093176775,0.009231904,0.009246528,0.0,0.009338428,0.009306425,0.009242311,0.009368954,0.00923946,0.009215782,0.009219927,0.009283992,0.009306994,0.009342471,0.009347306,0.009266915,0.009183871,0.009260591,0.009373978,0.009262144,0.00933353,0.009275031,0.009232373,0.009311128,0.009367095,0.009299658,0.009246477,0.009241101,0.009332424,0.009189611,0.009360532,0.009214319,0.009302248,0.009235482,0.009329805,0.009346698,0.009304841,0.009310406,0.009288565,0.009286827,0.009253553,0.0093229525,0.0092092855,0.009195431,0.009230608,0.009200689,0.009292795,0.009260987,0.009272196,0.009334915,0.009370028,0.009342109,0.009374179,0.00926917,0.009301496,0.009340642,0.009284353,0.009346012,0.00933248,0.009204813,0.009235265,0.0093122795,0.009261189,0.00936412,0.009284515,0.009259243,0.009369222,0.0093570985,0.00931412,0.009188347,0.009291169,0.009368996,0.00934529,0.009295278,0.009228714,0.009341601,0.009195715,0.0092988955,0.009217731,0.009298595,0.009252868,0.009328806,0.009360058,0.009204896,0.009188492,0.009280369,0.00929737,0.009227941
0.009276377,0.009362849,0.009305241,0.009234379,0.0093417065,0.0093037095,0.009262103,0.009272752,0.009230449,0.009304123,0.00928101,0.009197411,0.00935369,0.009238729,0.009287851,0.009334834,0.009251396,0.0093378,0.009237883,0.009247007,0.009281754,0.009339862,0.009293173,0.009340826,0.009234588,0.009175602,0.0,0.009303568,0.00918403,0.00926315,0.00931792,0.00917649,0.009221714,0.009369605,0.009273526,0.009334033,0.009284971,0.0093364995,0.009236394,0.009194831,0.009255384,0.009281889,0.009284323,0.009325314,0.009197281,0.009274208,0.009372403,0.009267234,0.00933793,0.009308658,0.00926593,0.009219339,0.009249025,0.009361798,0.009204989,0.009331844,0.009323372,0.009336745,0.009200818,0.009300365,0.009365734,0.009278583,0.009233711,0.009300589,0.00927559,0.009329103,0.009322166,0.009298272,0.00935332,0.009340645,0.009321529,0.0092533175,0.009192585,0.009181349,0.009300796,0.009322848,0.0092238905,0.009286463,0.009321322,0.009222192,0.0093477545,0.009253679,0.009351309,0.0092153065,0.0093133515,0.00917888,0.009245262,0.009370993,0.009305825,0.009364251,0.009220454,0.009308244,0.009211196,0.009192944,0.009234351,0.009322089,0.009361951,0.009209305,0.009354938,0.009221528,0.009193052,0.009256781,0.009320697,0.009345852,0.009202944,0.00925022,0.009260411,0.00917767,0.009344962,0.009350142
0.009364414,0.009233044,0.009181257,0.009351233,0.009174903,0.009302577,0.009310856,0.00925291,0.009316992,0.009339941,0.009209058,0.009352361,0.00934469,0.009326715,0.009335131,0.009257145,0.009201479,0.009367136,0.009240929,0.009329861,0.009251486,0.009200528,0.009232381,0.009175968,0.009331757,0.009266722,0.009275337,0.0,0.009184969,0.009274746,0.009250001,0.009342337,0.009340112,0.009344976,0.009230916,0.00929142,0.009303462,0.009264739,0.009303212,0.00934872,0.009340119,0.009348571,0.009350848,0.009354879,0.009315623,0.009283901,0.009310956,0.009281887,0.009239615,0.009189949,0.009373627,0.009366849,0.009304758,0.009256432,0.009185026,0.00923006,0.009360411,0.009283588,0.009203691,0.009334289,0.009239894,0.009262177,0.0092111565,0.009371648,0.009229009,0.009330487,0.009318917,0.0093269935,0.009264747,0.00937011,0.009323226,0.009231567,0.009217335,0.00920924,0.009347585,0.0092254225,0.009290005,0.009301853,0.009214959,0.00917636,0.009328146,0.009288114,0.009228333,0.009290323,0.009358512,0.009272657,0.009253444,0.009214363,0.009210645,0.009358304,0.009202321,0.009365691,0.009275203,0.009337768,0.009236112,0.009355391,0.009211822,0.009246239,0.009276344,0.009242139,0.009344808,0.009249658,0.009335611,0.009296065,0.009287433,0.009352674,0.009353402,0.009183185,0.009303966,0.009207978
0.009306449,0.009337204,0.0093557425,0.00927598,0.009298969,0.009177025,0.009364848,0.0092010815,0.009302478,0.009226697,0.009280347,0.009325432,0.009183635,0.009283418,0.009363975,0.00925643,0.009258538,0.009182881,0.009340331,0.009177217,0.009366567,0.009338938,0.009328996,0.009217262,0.009287091,0.009263825,0.009289437,0.009267966,0.0,0.009278647,0.0091775935,0.009373249,0.0091929445,0.009346268,0.009371813,0.009253054,0.009203931,0.00923455,0.009346972,0.009365244,0.009236308,0.009331059,0.009303912,0.009311785,0.009364863,0.009219239,0.009359311,0.009243186,0.009330657,0.009263603,0.009188489,0.009301046,0.00918334,0.009276207,0.009273017,0.009281261,0.0093014315,0.00930252,0.0092074135,0.009183511,0.009265798,0.009245969,0.0092533855,0.0092967,0.009364828,0.009266725,0.009225329,0.009302015,0.009234904,0.00920651,0.009260947,0.009327006,0.009339804,0.009256802,0.009219478,0.009350305,0.009300811,0.009328141,0.009181533,0.009218171,0.0092018135,0.009275695,0.0092923455,0.009341437,0.009223412,0.009273304,0.0093307365,0.009356307,0.009218608,0.009324554,0.009258166,0.009174711,0.009196677,0.0091878595,0.009313504,0.00929886,0.00936219,0.009351805,0.009327124,0.009241144,0.009372868,0.009223149,0.00927404,0.009259746,0.009264727,0.009224007,0.009301428,0.009348202,0.009288298,0.009255631
0.0092916135,0.009189339,0.009368999,0.009356263,0.0092792185,0.009365057,0.009273212,0.009262201,0.009184349,0.009373799,0.009261856,0.00928177,0.009224865,0.009198915,0.009185642,0.009313729,0.009278305,0.009225466,0.009328076,0.009268054,0.009267475,0.00931126,0.009246432,0.009353344,0.009321729,0.009328301,0.009241697,0.009363349,0.009332756,0.0,0.009309166,0.009240469,0.009211655,0.009188241,0.009276912,0.009345814,0.009369846,0.009295475,0.00923095,0.0093588885,0.009181072,0.009326535,0.009251559,0.009364457,0.0092109945,0.009224546,0.009248058,0.009262987,0.009351949,0.009290953,0.009261864,0.009326,0.009350384,0.009356568,0.009180995,0.009356371,0.009205372,0.00930619,0.0093039675,0.009264896,0.009225881,0.009188968,0.009211301,0.0093493955,0.009311883,0.009181537,0.009322382,0.009186169,0.009361084,0.009310743,0.009333126,0.009304232,0.009287907,0.009301286,0.009214379,0.0092435675,0.009270354,0.009353735,0.009277017,0.009307257,0.009222994,0.009276319,0.009298737,0.009287779,0.009263444,0.009227273,0.009270951,0.009292718,0.009287762,0.00932289,0.0093550915,0.009357315,0.009356795,0.009346436,0.009283361,0.009370891,0.009252877,0.009335308,0.009364458,0.00926687,0.009345855,0.009281361,0.0093694925,0.009346432,0.009202919,0.009265445,0.009194652,0.00924014,0.009283487,0.009190765
0.009257088,0.009202193,0.0092242705,0.009221333,0.00919967,0.009368511,0.009331595,0.00927434,0.009285103,0.009304639,0.00925099,0.009254807,0.009286345,0.009248654,0.009359948,0.00926871,0.009281797,0.009372322,0.00919259,0.009261676,0.009347193,0.009271173,0.009338526,0.009235049,0.009342609,0.009245675,0.00936438,0.009294451,0.009298418,0.009309808,0.0,0.00926785,0.009354692,0.009200491,0.009333386,0.009176231,0.00927822,0.009191243,0.00918792,0.009276946,0.009248328,0.009295726,0.009290499,0.009235739,0.009367004,0.009217143,0.009301391,0.009363083,0.009371697,0.009281618,0.009256039,0.009232861,0.009274114,0.0093031945,0.009287236,0.009212508,0.009246793,0.009217251,0.00920842,0.009284994,0.009283034,0.009290075,0.009203491,0.009353287,0.0093123745,0.009202703,0.009349616,0.009207413,0.009206281,0.009255459,0.009270974,0.0093323765,0.0093377745,0.009267732,0.00935812,0.009240115,0.009373111,0.009334503,0.009339936,0.009235989,0.009195496,0.009338958,0.009360478,0.0092250155,0.009338673,0.009202764,0.009206453,0.009329525,0.009224576,0.009324679,0.009278126,0.009372833,0.009297168,0.009197376,0.009337566,0.009281773,0.009363219,0.0092388885,0.009338232,0.00923774,0.00924006,0.00932581,0.009239273,0.009298141,0.0093378965,0.009193324,0.009299643,0.009234356,0.009212258,0.009239728
0.0092927385,0.009364205,0.009224054,0.009311831,0.009221213,0.009324079,0.009264103,0.009292379,0.009309943,0.009190909,0.009253358,0.009282708,0.009295985,0.009218349,0.0093007395,0.009174766,0.009181361,0.009233924,0.009258991,0.009263814,0.009316514,0.009320577,0.009242981,0.009346201,0.0093640275,0.009178728,0.009182508,0.0092102345,0.0092920605,0.0092755295,0.009184516,0.0,0.009290538,0.009313078,0.009202117,0.0092136925,0.009234056,0.009274038,0.0093231425,0.009310122,0.009346036,0.009340516,0.009358821,0.00935795,0.00927661,0.009372217,0.009243834,0.00923505,0.009275196,0.009350025,0.009210558,0.009187866,0.009180776,0.0092894845,0.009322418,0.009304114,0.009276344,0.009309986,0.009176103,0.009209118,0.009354386,0.009368276,0.009328801,0.009334611,0.009303573,0.009266224,0.009264705,0.009224676,0.009366789,0.009273127,0.009222753,0.009205888,0.009349076,0.009265309,0.009282609,0.009359608,0.009336063,0.009331153,0.009261068,0.009284086,0.009201512,0.009235901,0.009193214,0.0092983395,0.009213596,0.009355102,0.009316855,0.009197337,0.009185978,0.009362921,0.00926806,0.009186721,0.009256035,0.009219603,0.009265623,0.009273247,0.009239531,0.009252379,0.009219685,0.009312129,0.0092564635,0.009369032,0.00924415,0.009241038,0.009307198,0.009232822,0.009364269,0.009191769,0.009213749,0.009304896
0.009230388,0.009261153,0.009363298,0.009357319,0.009370395,0.009177071,0.009306002,0.009260901,0.009233115,0.009308326,0.009299918,0.009188835,0.009214436,0.009202611,0.009290227,0.009175283,0.009292583,0.009224972,0.009367124,0.009261825,0.009334893,0.009289892,0.009313632,0.009267854,0.009239577,0.009232983,0.009236566,0.009280877,0.009249322,0.009290665,0.009312605,0.009183513,0.0,0.009244165,0.009305391,0.0092106955,0.009246399,0.009176558,0.009238315,0.009227817,0.009304308,0.009199151,0.009280297,0.009369715,0.0092448285,0.009332128,0.009310032,0.009212365,0.009198087,0.009233919,0.009189064,0.009357526,0.009288814,0.009205661,0.009373934,0.009262692,0.009228418,0.009293115,0.009361645,0.009307265,0.009333163,0.009189889,0.009220743,0.009322992,0.009250974,0.0093618175,0.009291088,0.0093439,0.009254261,0.009311023,0.009345537,0.009197974,0.009212008,0.009315872,0.009255504,0.009265031,0.009251675,0.009273323,0.009224666,0.009236598,0.009335345,0.009215438,0.009362567,0.009315496,0.009248428,0.009215104,0.009349114,0.009203737,0.009232409,0.009275486,0.009257826,0.00931823,0.00925247,0.009311113,0.009228682,0.00925164,0.009217935,0.00920002,0.009183884,0.009191277,0.009259428,0.009194858,0.009197977,0.009245898,0.009327072,0.009285939,0.009207936,0.009261222,0.009260609,0.009188818
0.009233948,0.009212744,0.009344004,0.009367397,0.009347256,0.009251698,0.009271848,0.009260796,0.009295336,0.009281886,0.009190049,0.009262572,0.009185789,0.009212166,0.009247069,0.009346515,0.009289765,0.009240362,0.009213515,0.009215801,0.009214867,0.009285218,0.0093301255,0.0091749625,0.009213782,0.009217677,0.009316534,0.009228554,0.009359362,0.009299066,0.009374067,0.0092304135,0.00933422,0.0,0.009373309,0.009247248,0.009199466,0.0093283765,0.009224728,0.009189751,0.009182212,0.0093140965,0.00926911,0.0091760205,0.009259601,0.009183524,0.009276192,0.0092080925,0.009351696,0.009247249,0.009344679,0.009213299,0.009346615,0.009214544,0.00935027,0.009218222,0.009326887,0.009209609,0.00932029,0.009372738,0.00937196,0.0092099495,0.009247535,0.009207907,0.009312014,0.009244209,0.009370428,0.009276998,0.009255408,0.00937401,0.009276039,0.00931987,0.009365683,0.009269885,0.009189346,0.009348604,0.00919299,0.009334871,0.009236731,0.009242961,0.009217676,0.009307724,0.009288659,0.009270627,0.009195621,0.009213357,0.009248181,0.009343529,0.009194064,0.009274772,0.009183147,0.009289887,0.00923691,0.009328834,0.009292801,0.00918913,0.0092403805,0.009257815,0.009367194,0.009294297,0.009265418,0.00920184,0.009214825,0.009271711,0.009333896,0.009183774,0.009226796,0.009274552,0.009283325,0.0092142895
0.009314678,0.009306228,0.009281338,0.0092355,0.009360773,0.009318698,0.009326139,0.009266677,0.009232371,0.009305694,0.009261787,0.009350123,0.009282659,0.009178031,0.009263134,0.00934294,0.009246976,0.0093169445,0.0093123,0.009354199,0.009369312,0.009291923,0.009272466,0.00923983,0.0092358515,0.0092823645,0.009249806,0.009221142,0.009333777,0.009284889,0.0092811175,0.009213879,0.009325382,0.009178244,0.0,0.009370884,0.009301336,0.009286988,0.009251084,0.009275175,0.0092406925,0.009196668,0.009174571,0.009269297,0.009182423,0.009323682,0.00929551,0.009337295,0.009275592,0.009213011,0.009225177,0.009357575,0.009205518,0.009273083,0.0093514165,0.009356184,0.009300843,0.0092992615,0.009356194,0.009271786,0.009322709,0.009213639,0.009194511,0.009234899,0.009329855,0.009360986,0.009209828,0.009331771,0.009345762,0.009201599,0.0091890525,0.009306105,0.009312447,0.009350655,0.009294402,0.0092356065,0.009288168,0.00924531,0.009215566,0.009241689,0.009244189,0.009253923,0.009193256,0.009283497,0.00933396,0.0092891175,0.009373009,0.009183254,0.00921878,0.009343099,0.009184896,0.009324654,0.009349011,0.009252114,0.009362188,0.009210509,0.009368087,0.009296156,0.009176578,0.009367893,0.009284388,0.00926296,0.009332209,0.009225121,0.009346374,0.009231493,0.0092721805,0.009319982,0.009249683,0.009207378
0.009244477,0.009179196,0.00930661,0.009209864,0.0092178695,0.009193025,0.009204013,0.009187157,0.0092730895,0.009207673,0.009318591,0.009306778,0.009301561,0.009214245,0.009322326,0.00929804,0.009276618,0.0093658315,0.009190643,0.009372271,0.009206319,0.009335622,0.009252562,0.009281807,0.009296062,0.009221218,0.009192809,0.009312182,0.009358258,0.009256494,0.009180883,0.009185784,0.009265394,0.009264881,0.009323074,0.0,0.009346663,0.009220202,0.009208553,0.009242284,0.009317283,0.009186197,0.009185152,0.009205385,0.009309862,0.009247156,0.009313774,0.009320353,0.009294224,0.009194069,0.009283879,0.0093025165,0.009216316,0.009200178,0.009314322,0.009326334,0.009349821,0.009332107,0.009280673,0.009225492,0.009357939,0.009265921,0.009184876,0.009274443,0.009186748,0.009189251,0.009278042,0.009185284,0.009213274,0.0093067,0.009179549,0.009353234,0.009326866,0.009335637,0.009328267,0.009206289,0.009272881,0.009248776,0.009203375,0.00935958,0.009321264,0.009225663,0.009371612,0.009197686,0.009214685,0.009298341,0.0092414785,0.0092153195,0.00921644,0.009191397,0.009186211,0.009260062,0.0092452625,0.009239131,0.009272266,0.00936836,0.009266775,0.009275448,0.009342904,0.009361366,0.009257203,0.009219515,0.009339952,0.009367274,0.009276005,0.00928749,0.009272947,0.009295627,0.009219065,0.009308795
0.009277131,0.009328398,0.009349015,0.009222831,0.0092579825,0.00918719,0.009320276,0.0092278095,0.009287393,0.009256582,0.009245053,0.009210321,0.009228808,0.009197436,0.009249405,0.009371817,0.009233842,0.009176366,0.009222864,0.009333591,0.009191064,0.009250886,0.009290615,0.009280903,0.009300477,0.009227363,0.009258329,0.009243585,0.009230126,0.009359658,0.009339267,0.009284719,0.009280118,0.009279545,0.009191701,0.009300787,0.0,0.009198954,0.009186407,0.0092494525,0.0091779595,0.009255343,0.009254629,0.009358147,0.009222567,0.009305533,0.0091939615,0.009211137,0.009194651,0.009349899,0.009225781,0.009256289,0.00927065,0.009300361,0.009205317,0.009252161,0.00932582,0.009255985,0.009334825,0.009350315,0.009349049,0.00937316,0.00933032,0.009307425,0.009315411,0.009269563,0.00933813,0.009302566,0.00923605,0.009290499,0.009252919,0.009193524,0.009235049,0.009301106,0.0092061125,0.009219242,0.009215966,0.009319125,0.009299135,0.009371536,0.009215193,0.0092739565,0.009282759,0.009362318,0.009197308,0.009215654,0.009345592,0.009320234,0.009198036,0.009296437,0.009326907,0.009296996,0.009305914,0.009213444,0.009256864,0.0093399165,0.009359586,0.009199092,0.009365271,0.009326509,0.009175706,0.009273834,0.009187235,0.009350443,0.009262818,0.009348515,0.009295439,0.009234077,0.009191223,0.009237243
0.009248166,0.009328215,0.009271397,0.0092214085,0.009219219,0.0092057455,0.009294173,0.009351903,0.009349362,0.009217718,0.009332736,0.00936631,0.009209551,0.009232331,0.009275732,0.0093326615,0.009250421,0.009352063,0.009176461,0.009273891,0.009201198,0.00918813,0.009244723,0.009298717,0.009215615,0.009279827,0.009252716,0.009361554,0.009254277,0.0092044575,0.009297829,0.009265316,0.00933669,0.0092268465,0.009282024,0.009250094,0.009259016,0.0,0.0093671,0.009331465,0.009279016,0.009195964,0.0093263695,0.009343572,0.009307024,0.009318148,0.009316156,0.009188156,0.009180861,0.0092743365,0.009325519,0.009201829,0.00927326,0.009215991,0.009236903,0.009308112,0.009252736,0.009373479,0.00928104,0.0092249,0.009318809,0.009295163,0.009263668,0.00933034,0.0092441635,0.009351127,0.009231712,0.009332016,0.009227267,0.00921709,0.0093423985,0.009229919,0.009271455,0.0093665235,0.009189569,0.009364662,0.009174871,0.009228903,0.009356425,0.00926776,0.009374042,0.009299648,0.009250685,0.009281133,0.009247315,0.009313797,0.009192524,0.0092030605,0.009260387,0.009176437,0.009300183,0.0091883615,0.009185511,0.0092056915,0.009235079,0.009312553,0.009348617,0.009311486,0.009303804,0.009315837,0.009201257,0.009247155,0.0091978675,0.009300796,0.009331352,0.009254046,0.009299962,0.009248765,0.00923109,0.009309846
0.009231353,0.0092135165,0.009285093,0.009338716,0.00930036,0.009215889,0.009201018,0.009184201,0.009292335,0.009235559,0.009189801,0.009344284,0.009275926,0.009303357,0.00933848,0.009245933,0.0092499275,0.009322619,0.009343455,0.009242984,0.009250333,0.009252964,0.009319331,0.009203148,0.009325289,0.009287532,0.00937184,0.009180205,0.009224573,0.0092566665,0.009245925,0.009253063,0.009251027,0.009351244,0.009191465,0.009277655,0.009372205,0.009259777,0.0,0.009372672,0.0092866095,0.00924716,0.009311413,0.00934073,0.00927561,0.009366579,0.009217846,0.009289273,0.009242798,0.00917822,0.0093489215,0.009352305,0.009182841,0.009309524,0.009260216,0.009231529,0.009236622,0.009188685,0.0092734955,0.009177689,0.009343213,0.00929715,0.009372633,0.0093691405,0.009327128,0.009371863,0.009304136,0.009295618,0.009306274,0.009231435,0.0092550125,0.009259716,0.009194246,0.0093175685,0.009193847,0.009192249,0.009369512,0.0092282845,0.009332731,0.009230332,0.00935559,0.009251985,0.009233819,0.009229759,0.0092374645,0.009234862,0.009208124,0.009175971,0.00924866,0.009271859,0.009332199,0.009348094,0.009354541,0.0093636345,0.009360492,0.009222253,0.009230187,0.009243115,0.009294216,0.009259571,0.009314934,0.009179031,0.0092472015,0.009273801,0.009184326,0.009196066,0.009310258,0.009362743,0.009249673,0.0093329325
0.009194147,0.009229536,0.009215622,0.009347848,0.0092249615,0.009289931,0.009218921,0.009298778,0.009178575,0.009188919,0.009198719,0.009196894,0.00930393,0.009351825,0.009299082,0.009225675,0.009337481,0.009308952,0.009344749,0.00917726,0.009296341,0.009192518,0.0091911545,0.009205346,0.00917642,0.009316921,0.009346289,0.009267458,0.009215468,0.009251975,0.009342089,0.009228446,0.009183522,0.009180329,0.009201657,0.00930884,0.009299727,0.009195478,0.009213449,0.0,0.009315684,0.009367801,0.009297615,0.00933641,0.009282968,0.009226879,0.009254138,0.009186475,0.009372494,0.009267107,0.00924118,0.009252271,0.009340635,0.0093107065,0.0092135435,0.00917851,0.009185234,0.009316223,0.009292356,0.009187298,0.009214188,0.009278143,0.009326828,0.009287471,0.00936282,0.009190973,0.009360883,0.009365855,0.009333965,0.009180405,0.009353004,0.0091989385,0.009212107,0.009176721,0.009199565,0.009215232,0.0092921015,0.009341553,0.009348946,0.009298687,0.009261743,0.009183676,0.009235001,0.009281016,0.009179059,0.009174822,0.009343034,0.009350904,0.009224008,0.009320369,0.009177123,0.00935544,0.0092167575,0.009229546,0.009287317,0.009185984,0.009201735,0.009321299,0.009272372,0.009189529,0.009225029,0.009204544,0.009365005,0.0092837475,0.009311982,0.009353382,0.009219426,0.00925247,0.009178691,0.009274633
0.009252242,0.009198819,0.009324535,0.009279459,0.009312588,0.00928292,0.0093035605,0.009190523,0.00929553,0.009187385,0.009225428,0.009209274,0.009275991,0.009264881,0.009264679,0.00924381,0.00925413,0.009331429,0.009207332,0.009256204,0.009316718,0.009349138,0.009297028,0.009190798,0.009294761,0.009320061,0.009187625,0.009242804,0.00928177,0.009348655,0.009360791,0.009370791,0.00930075,0.009345269,0.009328503,0.00935334,0.009238393,0.009300742,0.009225972,0.009253606,0.0,0.0092192,0.009275897,0.009235552,0.009224438,0.009320729,0.009287743,0.009241405,0.009289079,0.009267473,0.009327186,0.009263553,0.009346621,0.009205803,0.009353348,0.009264549,0.00932237,0.00925379,0.009329531,0.009331201,0.009264784,0.009242018,0.009206647,0.009248188,0.009323073,0.009202738,0.009355064,0.009219814,0.00929085,0.0092722885,0.009333162,0.009318425,0.009350967,0.009335629,0.009261748,0.009288295,0.009203599,0.009313076,0.0092450995,0.00934677,0.009212282,0.009267902,0.0092428075,0.0092926575,0.009371472,0.009255926,0.009192409,0.009224286,0.009212995,0.009246236,0.009279302,0.009289816,0.009265253,0.009316605,0.009264516,0.009191699,0.009346752,0.009301691,0.009302597,0.009180669,0.009250423,0.009187539,0.009349561,0.009311832,0.009204111,0.009176931,0.009268821,0.009367703,0.009241295,0.00935337
0.009332153,0.009277133,0.009304921,0.009331434,0.009273731,0.009332559,0.009338878,0.0092079,0.00932432,0.009330887,0.009369096,0.00921347,0.009300567,0.009328028,0.009282045,0.009262513,0.009216606,0.009353119,0.009263333,0.009350144,0.009257241,0.009189569,0.0093217185,0.009336206,0.009356089,0.009282754,0.009366696,0.009229685,0.009234751,0.009200298,0.009225953,0.009258651,0.009347101,0.009367534,0.009271842,0.009202657,0.009283182,0.009265062,0.009313335,0.009213179,0.0093000885,0.0,0.00923748,0.009358039,0.009369329,0.009294898,0.009268331,0.009261611,0.009300905,0.009198502,0.0093035055,0.009234707,0.009326677,0.009231242,0.009334191,0.00926422,0.009200624,0.009322648,0.009366869,0.009297092,0.00920315,0.00935626,0.00926467,0.009268062,0.0092754485,0.009178107,0.0091949925,0.0092344675,0.009310516,0.009229015,0.009302115,0.009350952,0.009224703,0.009360001,0.009290136,0.0091905715,0.009298147,0.009311401,0.009303957,0.009309102,0.009280996,0.009338049,0.009283532,0.009357012,0.009203448,0.00932413,0.009373132,0.009320689,0.009341083,0.009208735,0.009360242,0.009215367,0.009312401,0.009214341,0.009181641,0.009362824,0.009229111,0.009337835,0.009229245,0.00936212,0.009217355,0.00928642,0.009282255,0.0092938645,0.009343684,0.00926364,0.00936698,0.009303809,0.009246725,0.009232056
0.009234171,0.009340677,0.009242288,0.009179694,0.009273947,0.009207506,0.00920588,0.009252974,0.00924688,0.009182998,0.009367907,0.009319147,0.009194909,0.009215798,0.009285709,0.00919479,0.009272928,0.009326613,0.009197914,0.009347629,0.009295339,0.009250203,0.009245922,0.009372143,0.009174494,0.009262591,0.009207812,0.009340991,0.009272151,0.009350021,0.009239559,0.009214507,0.009270034,0.009186867,0.009278821,0.009262255,0.00930819,0.009337362,0.009324879,0.009224431,0.009240685,0.0091901915,0.0,0.0092615485,0.009206926,0.009327144,0.009312933,0.009327727,0.009298955,0.009344719,0.009282388,0.00930384,0.009361558,0.00934187,0.009346276,0.009334703,0.009353827,0.009234386,0.009366871,0.009338902,0.009279572,0.0091812685,0.009188321,0.009236734,0.009208666,0.009336395,0.009318185,0.00922387,0.009324352,0.00925497,0.009272282,0.0092734555,0.0092023825,0.00925579,0.009238012,0.009319086,0.009224354,0.009322985,0.009295216,0.009321677,0.009340965,0.009253713,0.009183708,0.009261633,0.009240851,0.009325942,0.009302474,0.009282912,0.009363496,0.009284393,0.009366157,0.009246646,0.009369144,0.009320906,0.009268627,0.009196852,0.009333826,0.009308898,0.009338919,0.009302418,0.009283921,0.00926593,0.009213762,0.009239659,0.0093619935,0.009276025,0.009259017,0.009192805,0.009212393,0.00925925
0.009368083,0.009309599,0.009255166,0.00924134,0.009203035,0.009262961,0.009186274,0.009329339,0.009342893,0.009238152,0.009337141,0.009286758,0.009208004,0.009327346,0.0093703335,0.009236233,0.009354145,0.009218147,0.009278318,0.009192477,0.009250046,0.009185978,0.009308973,0.009355587,0.009372986,0.009358759,0.009327697,0.00935834,0.009319166,0.009281083,0.009362029,0.009234865,0.009329695,0.00929007,0.009313474,0.0093055405,0.009314707,0.009336653,0.009372462,0.009309861,0.009262097,0.009344935,0.009285939,0.0,0.009237742,0.00925613,0.009231821,0.00926335,0.009204903,0.0093476735,0.00923094,0.009314405,0.009187811,0.009370612,0.009356436,0.009354231,0.009285958,0.0093241315,0.009175388,0.009334074,0.00931807,0.009175706,0.009183854,0.009229172,0.0093427785,0.009245425,0.009289256,0.009176091,0.009321468,0.009253016,0.009297308,0.009356344,0.009287041,0.009302968,0.009196978,0.009265242,0.009185798,0.009321446,0.00934037,0.009279182,0.009180581,0.009335144,0.00935478,0.009208713,0.00922196,0.009204859,0.009236507,0.009278762,0.009242648,0.009341116,0.009258298,0.009292603,0.009209184,0.009259581,0.009258018,0.009348221,0.009307983,0.009268242,0.009325217,0.009288447,0.0093539925,0.009207559,0.009302881,0.009249923,0.009205163,0.009304504,0.009230071,0.009318191,0.009328069,0.009373901
0.009315761,0.009303867,0.0093571795,0.009321782,0.009315464,0.009310739,0.009202589,0.0092109945,0.009202381,0.009345313,0.009188968,0.009266258,0.009271752,0.009341066,0.009273885,0.009341963,0.009186357,0.009280964,0.009322265,0.0092386715,0.009223727,0.009350576,0.009299712,0.009262737,0.009374127,0.009241869,0.009180031,0.009228289,0.00929543,0.009222119,0.009189682,0.009197333,0.009244138,0.0092155235,0.009285732,0.009252752,0.009363854,0.009309063,0.009264218,0.009285706,0.009248362,0.009241135,0.00928952,0.00929795,0.0,0.009325663,0.009184335,0.009314821,0.0093568545,0.009319981,0.009334608,0.009210246,0.009261356,0.009182601,0.009298447,0.009274317,0.009316278,0.009369663,0.009226628,0.00925545,0.0092144,0.009343817,0.00937069,0.009331667,0.009267334,0.009273853,0.009256252,0.009239617,0.009208109,0.009227729,0.0093507795,0.009239333,0.009233261,0.009318563,0.009328311,0.009327708,0.009317437,0.009301654,0.00930674,0.00919986,0.009215704,0.009368436,0.009251811,0.009372155,0.009176551,0.009262116,0.009327191,0.009317842,0.009184449,0.00918893,0.009370368,0.009179035,0.009212165,0.009324006,0.009368105,0.009270199,0.009339775,0.009294399,0.009294965,0.0092568705,0.009348522,0.009372066,0.009302132,0.009282336,0.009218387,0.009291278,0.009256858,0.009273324,0.009181247,0.009356723
0.0092351455,0.009309053,0.009330122,0.009248495,0.009320714,0.009188256,0.009307997,0.009198177,0.009231387,0.009266449,0.009238292,0.009307254,0.009344012,0.009349063,0.00923963,0.009368997,0.009305292,0.009211531,0.009239504,0.009300438,0.009296501,0.009270524,0.009312084,0.009208028,0.009188888,0.009359629,0.00928966,0.009200892,0.009302916,0.009349863,0.009225894,0.009209317,0.009247705,0.009294716,0.0093464255,0.009262146,0.009277518,0.0092411,0.009342899,0.0092107095,0.009225397,0.009201974,0.0092318505,0.009366327,0.009290084,0.0,0.009236762,0.009238169,0.0092695365,0.009213338,0.009225522,0.009250987,0.009368843,0.0092368,0.009267211,0.009312285,0.009199762,0.009330755,0.009271807,0.009347463,0.009342811,0.009319168,0.009359844,0.009347468,0.009331311,0.009365901,0.0091836825,0.0092182215,0.009212171,0.009197364,0.009363086,0.00936478,0.009352896,0.009271395,0.00925991,0.009177359,0.009211761,0.00922134,0.009330136,0.009247686,0.009282805,0.009358108,0.009191436,0.00937361,0.009289116,0.009291412,0.0093256235,0.009219121,0.009214181,0.009198075,0.009243095,0.009370833,0.009291922,0.009215572,0.00919562,0.009316299,0.009285322,0.009298844,0.00920448,0.009212297,0.00919503,0.009349671,0.009219718,0.009371812,0.009260073,0.009313858,0.009183632,0.009209496,0.009231319,0.009319175
0.009367864,0.009223453,0.009288049,0.009283373,0.009221765,0.009299214,0.009222634,0.009187215,0.009333934,0.009283874,0.009186425,0.00926632,0.009342215,0.00922488,0.0091931615,0.009207864,0.009192201,0.009215313,0.009279994,0.009239524,0.009351867,0.009196253,0.00923689,0.009254803,0.0093035605,0.009221849,0.009348293,0.009263381,0.009335234,0.009202408,0.009260383,0.009354267,0.009312343,0.009229484,0.009259434,0.009306401,0.009345653,0.009363738,0.009255197,0.009350112,0.00936124,0.009247059,0.009358558,0.009176572,0.009346991,0.009284865,0.0,0.009344589,0.0092235515,0.009369061,0.009290731,0.009189635,0.009288756,0.00936062,0.009348654,0.009283077,0.0093407165,0.009195477,0.009328825,0.009267855,0.009340002,0.009180731,0.009338789,0.009272625,0.009331874,0.009228647,0.009209749,0.009298419,0.009307992,0.009262187,0.009233464,0.0093152905,0.009366046,0.009297104,0.009280255,0.009176002,0.009226043,0.009228086,0.009253568,0.00920254,0.009321824,0.009316008,0.009280705,0.009366996,0.00927942,0.0093638655,0.009262857,0.0091802385,0.009315702,0.009358642,0.009349467,0.009191798,0.00928856,0.009212785,0.009353776,0.009258891,0.009181769,0.009324753,0.009357115,0.009195952,0.009244605,0.009373062,0.009303208,0.009283369,0.009212982,0.0093230475,0.00930864,0.00932033,0.0093448125,0.009342453
0.009338404,0.009269221,0.00931279,0.00929713,0.009287717,0.009291575,0.009355879,0.009341192,0.009288613,0.009354679,0.009225851,0.00924441,0.009215025,0.009362169,0.009286173,0.009318758,0.009339742,0.009330657,0.009326508,0.009289155,0.009265236,0.009373713,0.009291798,0.009234386,0.0093340725,0.009185926,0.009317476,0.00937051,0.009363958,0.009302688,0.0092708375,0.009280142,0.009273116,0.009220428,0.009246502,0.009207031,0.009341897,0.009198604,0.009212874,0.009201878,0.00927355,0.009182107,0.009352681,0.009311546,0.0092586065,0.009175907,0.009343089,0.0,0.009369569,0.009370398,0.009299777,0.009237658,0.009305734,0.009341137,0.009236942,0.009245947,0.009211835,0.009235232,0.009203004,0.009325179,0.00920375,0.009292622,0.009203941,0.009368812,0.009321729,0.009207367,0.009189834,0.009367776,0.009185803,0.009365977,0.009213576,0.009351801,0.009313524,0.009354821,0.009265067,0.009287272,0.0092583345,0.009340871,0.009319449,0.009245881,0.009243529,0.009361518,0.009304332,0.0092276335,0.009270943,0.0092846835,0.009256622,0.00929172,0.009273549,0.009366758,0.009247645,0.0092034815,0.009217187,0.009226289,0.00917565,0.009219491,0.009336822,0.009358025,0.009240817,0.009343483,0.00920785,0.009191697,0.009243008,0.009348204,0.009262143,0.009212619,0.009331646,0.009257128,0.0091922935,0.009324766
0.009203298,0.009218474,0.009183394,0.009320024,0.009184575,0.00926659,0.009307175,0.0092391865,0.009341784,0.00932774,0.009299301,0.009264285,0.0093375305,0.0091856085,0.009371915,0.009296492,0.009313778,0.009317059,0.009282025,0.009247949,0.009217456,0.009285507,0.009203028,0.009238694,0.009351937,0.009217015,0.009195528,0.009257539,0.009309128,0.009353263,0.009191185,0.009208395,0.009230252,0.009265498,0.0092835985,0.009258787,0.00919645,0.009342352,0.009262923,0.009286839,0.009310908,0.009204716,0.009334201,0.009268331,0.009227358,0.009239382,0.009322969,0.009266485,0.0,0.00923013,0.009291636,0.009266504,0.009324047,0.009247592,0.009288213,0.009268405,0.009195086,0.009350477,0.0093315495,0.009364624,0.009280442,0.009175581,0.009236336,0.009326635,0.0092903925,0.009241884,0.009192735,0.009261599,0.009232793,0.00919417,0.009346824,0.009232584,0.00930428,0.009265102,0.009309584,0.0092835305,0.009229949,0.009265684,0.009231691,0.009288295,0.009328295,0.009214823,0.009238214,0.009179052,0.009188444,0.009226178,0.009174556,0.009322403,0.009260968,0.009370859,0.00920201,0.0092210425,0.009178266,0.009356146,0.009258496,0.00932727,0.009251434,0.009372617,0.0092564775,0.009302518,0.009356412,0.009346767,0.009252621,0.009187796,0.0093235485,0.0093003195,0.009339868,0.009184803,0.009220968,0.009272746
0.009253235,0.009303421,0.009299315,0.009233511,0.009190707,0.009323917,0.009364808,0.009254789,0.009361533,0.009367691,0.009183885,0.009242933,0.009372877,0.009306641,0.009372218,0.009239269,0.009282998,0.009217482,0.009197775,0.009367934,0.009307121,0.009302235,0.009269859,0.0093669435,0.009267715,0.009369991,0.009301726,0.009247441,0.009333961,0.009227064,0.009302808,0.009335291,0.009373947,0.009293923,0.009264562,0.009191294,0.009244201,0.00932798,0.009366524,0.009288205,0.009279409,0.009186231,0.009235093,0.009192682,0.009349946,0.0093580885,0.009206977,0.009369126,0.009328856,0.0,0.009374236,0.009218168,0.009373405,0.009283548,0.009261449,0.009195789,0.009206248,0.009362624,0.009238045,0.009335884,0.0092480425,0.009342111,0.009303028,0.00926029,0.009329767,0.009194989,0.00926931,0.009261131,0.009274164,0.009256202,0.00935577,0.009290557,0.009280003,0.009248309,0.009343671,0.00931581,0.009220944,0.009289922,0.009179442,0.009344516,0.009260483,0.009232445,0.009349668,0.009303803,0.0093116695,0.009265751,0.009334034,0.009275957,0.009203724,0.009278634,0.009271851,0.009367295,0.009230244,0.009178567,0.009320802,0.009309446,0.009182176,0.009216183,0.009194647,0.009280843,0.009260053,0.009337068,0.009353602,0.009361005,0.009207072,0.00937244,0.009329319,0.009330434,0.00918223,0.009196886
0.009191563,0.00922081,0.009226479,0.009196131,0.009211257,0.009210991,0.009328692,0.009374084,0.009216063,0.009359701,0.009233077,0.009190373,0.009182609,0.00934831,0.009257073,0.009350415,0.009329402,0.009266924,0.009345749,0.009224875,0.0092492215,0.009183637,0.009276494,0.009249603,0.009368045,0.0092799505,0.009338741,0.009358346,0.009317952,0.009363559,0.009209636,0.00935541,0.009197918,0.009293535,0.009190098,0.009192478,0.0092698485,0.009186985,0.009227796,0.00937353,0.009218809,0.009360522,0.00928192,0.009322263,0.009272243,0.009287194,0.0091950325,0.009293151,0.009370028,0.009268091,0.0,0.009293607,0.0093693305,0.009178062,0.009349973,0.009204162,0.009262734,0.009246976,0.009283223,0.009227134,0.00930792,0.009286374,0.009352496,0.009251677,0.009237029,0.00918793,0.009360476,0.009240262,0.009368989,0.009361793,0.009246355,0.009191844,0.00922814,0.009308321,0.009230233,0.009350521,0.009335848,0.0091888225,0.00920634,0.0091942195,0.009252779,0.009355763,0.009175305,0.009315877,0.009197428,0.009245399,0.009295989,0.009358831,0.009206922,0.009334489,0.009302553,0.009338076,0.0093714,0.009281631,0.009256197,0.0092984205,0.009254952,0.009356574,0.009286546,0.009288786,0.009261533,0.009294613,0.009184591,0.00922071,0.0093581155,0.009226032,0.009325363,0.009323312,0.009318493,0.009302024
0.009258176,0.00920667,0.0093348855,0.009363284,0.009329012,0.00923919,0.009294162,0.009233264,0.009273932,0.0093203075,0.009308605,0.009303512,0.009211231,0.009225845,0.009267252,0.009311373,0.009251771,0.0093304,0.009351773,0.009243244,0.009243493,0.0093064895,0.009368903,0.009371667,0.009188168,0.009346074,0.009238246,0.009215253,0.009360018,0.009199973,0.009349278,0.009232822,0.009324708,0.009212723,0.009357436,0.009332353,0.009292828,0.009203355,0.009321118,0.009206793,0.0092966,0.009292129,0.00920805,0.009220758,0.00925539,0.009186084,0.009229481,0.009347034,0.009345024,0.009302025,0.009313861,0.0,0.009223802,0.009179279,0.009290201,0.009298675,0.009226105,0.009319548,0.0092237,0.009302369,0.009199523,0.009370956,0.009366475,0.009356637,0.009206856,0.009240741,0.009318714,0.0093361195,0.009251842,0.0091861235,0.009358542,0.009183891,0.009335559,0.009197982,0.0091875205,0.009234223,0.0093312375,0.009319595,0.009335817,0.009366557,0.009358769,0.009268871,0.009341878,0.009321843,0.00936729,0.009225927,0.009343909,0.009277604,0.009216519,0.009373969,0.009223195,0.009308295,0.009333963,0.009202099,0.009331636,0.009268502,0.009315808,0.00924988,0.009273477,0.009223148,0.0093020685,0.0092484355,0.00930516,0.009221994,0.009287822,0.009252061,0.009286402,0.0092100585,0.009304397,0.009296016
0.009355663,0.009361283,0.0091888355,0.009195319,0.009279361,0.00918407,0.009317061,0.009349474,0.009236566,0.009271805,0.009213327,0.0093674855,0.009222201,0.009316939,0.0092883175,0.009214146,0.0092806285,0.009292869,0.009278046,0.009289467,0.009291157,0.009201828,0.009318569,0.009324433,0.009274198,0.009285689,0.009188496,0.0092716245,0.0092966985,0.00927515,0.009357247,0.00936517,0.009232214,0.009228697,0.009250835,0.009223509,0.009282549,0.009287426,0.00925276,0.009233756,0.009240755,0.009346348,0.009309388,0.009285501,0.009353839,0.009273854,0.009267858,0.009247506,0.009305244,0.0091966055,0.009280561,0.009328608,0.0,0.009239856,0.009336855,0.009176223,0.009343134,0.00929628,0.009221785,0.009247444,0.00936961,0.009208059,0.009292266,0.009326897,0.009372346,0.009258371,0.009202979,0.009342611,0.009180902,0.009309949,0.009347169,0.009234446,0.00932096,0.009207342,0.009226348,0.009267036,0.009366618,0.009284722,0.009331738,0.009176625,0.009187354,0.0092131505,0.009222757,0.009356862,0.0092121605,0.009344935,0.00925627,0.009295803,0.0092346575,0.009347909,0.009273148,0.00921182,0.009249914,0.009260186,0.009205096,0.009299103,0.009246194,0.009181978,0.00933055,0.009245374,0.009228775,0.009198569,0.009278759,0.009204788,0.009231857,0.009195853,0.009354957,0.009296905,0.009260177,0.009348143
0.0092766415,0.009358552,0.009303903,0.009251084,0.009363484,0.009225973,0.009364157,0.009347293,0.009320713,0.009322575,0.009362213,0.009232553,0.009340024,0.009228455,0.009332211,0.009207796,0.009367989,0.009271188,0.009224074,0.009282392,0.009243869,0.009353162,0.009201568,0.009282931,0.0093096355,0.0092376685,0.009265087,0.009249319,0.009343526,0.009338399,0.009228186,0.009187649,0.009346609,0.009359443,0.009289606,0.009182522,0.009226409,0.009250178,0.009200247,0.009318202,0.009183382,0.009253443,0.009243853,0.0093426285,0.009213548,0.009307011,0.00932627,0.009265737,0.00929201,0.009242328,0.009253265,0.009276941,0.009302228,0.0,0.009338631,0.009370893,0.009372474,0.00924198,0.009231235,0.009201584,0.009174817,0.009194731,0.009304845,0.009185555,0.009295346,0.009346145,0.009207678,0.009317627,0.009210056,0.009262198,0.00922351,0.009200736,0.009210886,0.00921,0.009204183,0.009285847,0.009246583,0.00932195,0.009265753,0.009281823,0.009218692,0.009190934,0.009261244,0.009201986,0.009248186,0.009205952,0.009310057,0.009260957,0.009358234,0.009283979,0.009200668,0.00928569,0.009175437,0.009222089,0.009284192,0.009330569,0.009316986,0.009220406,0.009256151,0.0093193855,0.0093291085,0.009348602,0.009177408,0.009289603,0.0092986,0.009362297,0.009332205,0.009248599,0.00931118,0.009345551
0.009364509,0.009343093,0.009287144,0.0093630375,0.009245574,0.009206518,0.009177248,0.009341767,0.009359831,0.009225627,0.0093517965,0.00926486,0.009181439,0.009321719,0.00929201,0.009219613,0.009312667,0.009295826,0.009185549,0.009212257,0.009263787,0.0092666065,0.009265664,0.009247554,0.009315661,0.009359948,0.0093156565,0.009246448,0.009365016,0.009215886,0.00932476,0.009183373,0.009182116,0.009244286,0.009234209,0.009369712,0.009257175,0.009304909,0.009275688,0.0093057165,0.009361484,0.009310468,0.009288698,0.0093084285,0.009239713,0.009366832,0.009269787,0.009202859,0.009193917,0.0092873955,0.009273383,0.009358493,0.009256242,0.009334545,0.0,0.009270419,0.009242385,0.009191999,0.009345344,0.009221527,0.009315393,0.009253888,0.009326091,0.009286636,0.009344481,0.009314882,0.009303253,0.009279774,0.009326631,0.009356182,0.009267588,0.0092104925,0.009344666,0.009206533,0.009338256,0.009239484,0.009190077,0.009258634,0.009199257,0.009240314,0.009264473,0.009228266,0.00927888,0.009198899,0.009295943,0.009192894,0.009289101,0.00927578,0.0093185725,0.009336366,0.009286103,0.009303104,0.009342189,0.009297738,0.009287611,0.009353272,0.009220238,0.009314653,0.009219039,0.009232619,0.009365971,0.009258196,0.009177867,0.0093176225,0.009320192,0.009299179,0.009342608,0.009348138,0.009212171,0.009365203
0.009221845,0.009243239,0.009274923,0.009344758,0.0092874775,0.009240387,0.00929543,0.00927339,0.009185359,0.009209387,0.0091782175,0.0093197115,0.00919755,0.009234876,0.009348094,0.00926158,0.009258311,0.009224469,0.009254634,0.009330118,0.00927555,0.009297908,0.0093171,0.009224904,0.009217957,0.009289538,0.009217553,0.009320323,0.009271183,0.009274573,0.009190622,0.009229377,0.009286814,0.009333675,0.009191513,0.009351794,0.009324898,0.009325089,0.009306336,0.009264266,0.009194314,0.009276125,0.009350449,0.00921648,0.009260154,0.009327565,0.009194512,0.009306556,0.009317542,0.009261264,0.009215708,0.0092457775,0.009215239,0.009252904,0.009273765,0.0,0.00927,0.009261432,0.009358932,0.009236031,0.009296849,0.009296114,0.009278359,0.009339944,0.009348375,0.009219564,0.009329147,0.009275052,0.009321631,0.009302235,0.0091848755,0.009316452,0.009238584,0.00925053,0.009353754,0.009214616,0.0093289595,0.0091878455,0.009332001,0.009335044,0.009296756,0.009313118,0.0092437165,0.009187568,0.009193838,0.009372899,0.009300717,0.00937067,0.009287388,0.009184665,0.009240378,0.009300279,0.009357962,0.0093118735,0.009263861,0.009240588,0.009299792,0.00924102,0.009206012,0.009314937,0.009326685,0.00924529,0.0091940295,0.009261954,0.009372536,0.009321481,0.009185732,0.0093477005,0.009218809,0.009299531
0.00935327,0.009347746,0.009179102,0.009275553,0.009293673,0.009282793,0.00917983,0.009286834,0.009245505,0.0093354955,0.009360684,0.0093561765,0.0093083335,0.009230653,0.009325729,0.009271299,0.009194707,0.009224568,0.0092628645,0.009178466,0.009296786,0.009287151,0.009258664,0.009326081,0.009283799,0.00928081,0.009296437,0.009220372,0.009232099,0.009227204,0.009245193,0.00930554,0.00928242,0.009300231,0.009276968,0.009321499,0.009236699,0.009178965,0.009270829,0.0092742825,0.009357273,0.009193001,0.009249099,0.009235164,0.009244931,0.0092611015,0.009277788,0.009316148,0.0093603935,0.009208059,0.009284133,0.009276089,0.009304425,0.00936807,0.009356113,0.009249979,0.0,0.009370456,0.009300573,0.009183329,0.009180681,0.009289606,0.009267271,0.009279441,0.009192903,0.009325857,0.009330391,0.009178233,0.009235196,0.009273099,0.009256796,0.00923026,0.009320546,0.009359285,0.009176865,0.009253096,0.009315859,0.009183576,0.009228962,0.009245039,0.009262223,0.0092766,0.009236753,0.009174864,0.009325888,0.009179321,0.009262547,0.009199795,0.009296096,0.009294297,0.00925574,0.00936345,0.009178236,0.00923642,0.0092296805,0.009315234,0.009203163,0.0092534255,0.009193186,0.009183195,0.009279052,0.0091941655,0.009310228,0.009199668,0.009349334,0.0092148315,0.009272616,0.0092234835,0.009328844,0.009198106
0.00927682,0.009236977,0.009211902,0.009241718,0.009281326,0.00934448,0.009268255,0.0092784995,0.009255076,0.00923327,0.009336369,0.009292554,0.009239775,0.009182768,0.009284756,0.009312312,0.009363828,0.009239015,0.009196166,0.009320571,0.009207478,0.009332422,0.009296812,0.009250017,0.00921233,0.009339176,0.009311749,0.009206592,0.009334157,0.009236529,0.009222916,0.009370697,0.009188945,0.009334552,0.009320416,0.009196627,0.009318454,0.009222034,0.00922497,0.009194977,0.009243204,0.009336953,0.009214419,0.00922182,0.0092015015,0.009221144,0.009315485,0.009197878,0.009346804,0.009286986,0.009347008,0.009368415,0.00918698,0.00932984,0.00935679,0.0091865435,0.009296852,0.0,0.009189233,0.009299149,0.00932611,0.009206226,0.009324401,0.009203963,0.00934623,0.0092566805,0.009258447,0.009354702,0.009268895,0.00937087,0.009305232,0.009313801,0.009209699,0.009296747,0.00926241,0.009262596,0.009252212,0.009350444,0.009259514,0.009315689,0.00926687,0.009327186,0.009262025,0.009297609,0.009319398,0.0091791935,0.009215193,0.009313789,0.009337885,0.009362236,0.009327525,0.009302265,0.009194008,0.009225921,0.009299131,0.0092940265,0.009242952,0.009372456,0.009250157,0.009177633,0.009237829,0.009335082,0.009342571,0.009329923,0.009292066,0.009322017,0.009320128,0.00920727,0.009176805,0.009205622
0.009233185,0.009227399,0.009350254,0.009232117,0.009267879,0.009206649,0.009226411,0.009182117,0.009212748,0.009308792,0.009230061,0.009304215,0.009336398,0.009327556,0.009340439,0.009268917,0.009284652,0.0092873005,0.009260561,0.0092706345,0.00930109,0.009359839,0.009232032,0.009344269,0.009219398,0.009282528,0.009291753,0.009294326,0.00932614,0.009251706,0.00927912,0.00934631,0.009226248,0.009229586,0.009236814,0.009248465,0.00928218,0.009194801,0.009294004,0.009182568,0.009306004,0.009252281,0.009199567,0.009206625,0.009267789,0.00933511,0.0092763435,0.009322211,0.009354913,0.009186745,0.009262,0.009335275,0.0093120225,0.009307372,0.009372364,0.009260812,0.009341458,0.009332039,0.0,0.009219678,0.009356638,0.009224347,0.009210565,0.009287281,0.009335535,0.009185836,0.009310926,0.009347585,0.009188841,0.009237714,0.009202211,0.009252033,0.00919396,0.009298425,0.009334786,0.009264586,0.009256846,0.009369962,0.009186556,0.009342196,0.00931837,0.009305603,0.00921606,0.0092964,0.009347919,0.009315521,0.009273165,0.00922629,0.009218885,0.009175325,0.009178907,0.009196211,0.009214547,0.009300649,0.009354884,0.009182785,0.009348994,0.009236264,0.009315196,0.009373855,0.009364211,0.00918719,0.009235997,0.0093097435,0.009283961,0.009242738,0.009189125,0.009190282,0.00924505,0.009348217
0.009264683,0.009365896,0.009218702,0.009314265,0.009339129,0.009237713,0.009268119,0.00917911,0.009236569,0.009271527,0.009186464,0.009356621,0.00925671,0.00928007,0.009370019,0.009368264,0.009368435,0.009348953,0.009250289,0.009274492,0.009186938,0.009267775,0.009204931,0.009326919,0.009328587,0.009231181,0.009196549,0.009251605,0.009255678,0.009276106,0.009357549,0.009333698,0.009316097,0.009252155,0.009348578,0.009301752,0.009239073,0.009273833,0.009200789,0.0092971055,0.009192046,0.009359154,0.0093725175,0.009266209,0.009354996,0.009248031,0.00930812,0.009314529,0.009306254,0.0092427805,0.00920937,0.009178593,0.009237106,0.009250602,0.009193467,0.009314251,0.009366903,0.009370741,0.009258481,0.0,0.0093041975,0.009189129,0.0092565175,0.009262436,0.00925204,0.009218376,0.009354734,0.009351565,0.009259313,0.009262955,0.009355059,0.009338769,0.009267733,0.009207928,0.0093664145,0.009298006,0.009251062,0.009351512,0.009264525,0.009316078,0.009358172,0.009216278,0.009373491,0.00926012,0.009311276,0.009260386,0.009333081,0.009237745,0.009240208,0.009209864,0.009265178,0.009186391,0.0092882905,0.009244801,0.009303287,0.009372549,0.0091916295,0.0093202945,0.009193369,0.00934883,0.009353238,0.009227183,0.009273933,0.009242763,0.009203024,0.009356356,0.009212531,0.009344621,0.00920029,0.009226507
0.0093742255,0.009349063,0.009327975,0.009219713,0.009342887,0.009200652,0.009357172,0.00929754,0.009320198,0.009205944,0.009226916,0.009179195,0.009176654,0.009334277,0.009289637,0.009248516,0.009344823,0.009191139,0.009365289,0.0093138935,0.009238474,0.009338968,0.009197465,0.009368055,0.009316512,0.009309606,0.009242444,0.009298802,0.009256752,0.009235501,0.009221583,0.009345863,0.009206244,0.009212596,0.009266289,0.009252613,0.009197116,0.009224929,0.009205027,0.009260544,0.009179078,0.00923703,0.009217926,0.009314606,0.0092413295,0.009313083,0.009272253,0.009300485,0.009182415,0.009204259,0.00925375,0.009345427,0.009236002,0.009325166,0.009280393,0.009338715,0.009246801,0.009252492,0.009263411,0.009363331,0.0,0.009194481,0.009331899,0.009324189,0.009216735,0.009285238,0.009175439,0.009274279,0.009367197,0.009338531,0.009361274,0.009315107,0.009273215,0.009327234,0.009254944,0.009231268,0.009240962,0.00935655,0.009261865,0.0092254495,0.009307852,0.009184515,0.00931995,0.009358425,0.009353144,0.009235868,0.009188594,0.009177901,0.009246467,0.009185277,0.009370823,0.009188174,0.009178874,0.009217342,0.009184463,0.009346966,0.009267123,0.009244663,0.00931382,0.009253764,0.009331923,0.009206459,0.009337327,0.0092618335,0.009217469,0.009235445,0.009316589,0.009218453,0.009257804,0.009243999
0.009248308,0.009237759,0.009228528,0.009256461,0.009187971,0.009263391,0.009229762,0.009242262,0.009191648,0.009319815,0.009198933,0.009270282,0.009345057,0.00928613,0.009306417,0.009290679,0.009185816,0.009290663,0.0092158895,0.009221289,0.0093194125,0.009211671,0.009209018,0.009211582,0.009185294,0.009189591,0.009205327,0.009283081,0.009360189,0.0093501555,0.009303954,0.009201211,0.009185506,0.009198821,0.00935299,0.009279166,0.009318792,0.0091829,0.009342481,0.00918746,0.009336312,0.009290705,0.009282332,0.009236093,0.009194411,0.009326791,0.009196889,0.009306961,0.009350864,0.009358126,0.009298576,0.009302369,0.009350232,0.00918716,0.009246185,0.009266021,0.00920483,0.009247687,0.009312065,0.009265211,0.009204401,0.0,0.0092194285,0.009332608,0.009243575,0.00936741,0.009177506,0.009352614,0.00926032,0.009343815,0.00920527,0.009316151,0.009311183,0.009353321,0.009314884,0.009216582,0.009281568,0.00928786,0.009290833,0.009363626,0.00928098,0.00936504,0.009205936,0.0092019625,0.009351274,0.009209534,0.009320797,0.009208359,0.0093091335,0.009232868,0.009197441,0.009194759,0.009230882,0.0093217455,0.009268989,0.0093194945,0.009300079,0.009259916,0.009204604,0.009208281,0.009264598,0.009188631,0.009311955,0.009239588,0.009228857,0.009245151,0.009220169,0.009226967,0.009368558,0.009238152
0.009370348,0.009273056,0.0093243355,0.009350164,0.009372638,0.009262919,0.009222612,0.009366496,0.009337026,0.009253491,0.009362963,0.009177324,0.00924047,0.009269749,0.00920564,0.009345346,0.009368296,0.009308078,0.009253376,0.009182073,0.00936952,0.009302088,0.00923762,0.0091957385,0.009344113,0.0091811,0.009203819,0.009364681,0.009325223,0.009338736,0.009273948,0.009343156,0.009311816,0.009357473,0.009224549,0.009189202,0.009357345,0.009313544,0.009361249,0.009202221,0.009208682,0.009361967,0.009258206,0.00931793,0.00931192,0.00928253,0.009309613,0.009247862,0.009242816,0.009227857,0.009224626,0.009356818,0.009346353,0.009232446,0.009178076,0.009332511,0.0093239555,0.009308571,0.009294201,0.009278097,0.009195499,0.009279787,0.0,0.009338158,0.009290865,0.009192832,0.009282116,0.009306627,0.009242932,0.009194176,0.00928061,0.009242506,0.009297717,0.009329848,0.00929355,0.009214731,0.009260569,0.009285064,0.009307524,0.009204873,0.009299032,0.0093462765,0.009195055,0.009216541,0.009293948,0.009308331,0.009302235,0.0093524335,0.009267208,0.0092849145,0.009298457,0.009354333,0.0092072,0.009239704,0.009354148,0.009226663,0.009181984,0.009309531,0.009345521,0.009293445,0.009341833,0.009293233,0.009330412,0.009267236,0.009352561,0.009218765,0.00933086,0.00924415,0.009307064,0.009245317
0.009281274,0.009341166,0.00931425,0.009190386,0.0093005635,0.009205896,0.009224796,0.009184077,0.009199732,0.0093094725,0.009247793,0.009351056,0.009249513,0.009324119,0.00918641,0.009345326,0.009359662,0.009184245,0.009238872,0.009292741,0.009279875,0.009249412,0.009322757,0.009306723,0.009224487,0.0091912635,0.009182677,0.009191532,0.009213931,0.0093037095,0.009302487,0.009356395,0.009332729,0.009244705,0.009270643,0.009362926,0.009352921,0.009360011,0.009298578,0.009175345,0.009301459,0.0093336515,0.009301977,0.009178064,0.009290459,0.009353666,0.009259666,0.00927346,0.009274975,0.0093226265,0.009299469,0.009175134,0.009252989,0.009367275,0.009276387,0.009276333,0.009255779,0.009314998,0.009309032,0.009184636,0.009305199,0.00924266,0.009212835,0.0,0.0091908965,0.009233124,0.009206941,0.009219488,0.009177097,0.009308301,0.009303082,0.009277423,0.009345923,0.009232824,0.009324145,0.009355144,0.00932951,0.009319474,0.009292752,0.009227056,0.009347741,0.009239614,0.009253517,0.0092156995,0.009311589,0.009246377,0.0093301665,0.009198663,0.009357041,0.009197726,0.009186023,0.009181754,0.009295141,0.009298296,0.009277908,0.009334127,0.009313129,0.009243948,0.009297664,0.009352099,0.00919909,0.0092724785,0.009209383,0.009194944,0.009275515,0.009185817,0.009310302,0.009194751,0.009373161,0.00936595
0.009335616,0.00937227,0.009361071,0.009191073,0.009222189,0.009269034,0.009220653,0.00925925,0.009348076,0.00927768,0.009343996,0.0093706995,0.009253032,0.009214612,0.009268104,0.009179266,0.009226793,0.009176194,0.009297643,0.0092854155,0.009323658,0.009360461,0.009176867,0.009343932,0.009175604,0.00928532,0.009314216,0.0092944205,0.00930247,0.009334885,0.009309676,0.009365155,0.009233355,0.009289119,0.009191008,0.009271957,0.009221017,0.009259597,0.009216367,0.009345212,0.009371524,0.009285891,0.009341628,0.009175918,0.009218451,0.009300606,0.0092465915,0.009237009,0.009295794,0.00934732,0.009305424,0.00920504,0.009254459,0.009184764,0.00937083,0.009338155,0.009344672,0.009296691,0.009358065,0.009342671,0.009300464,0.009268154,0.009361229,0.009340233,0.0,0.009238603,0.009199435,0.009309846,0.0092923865,0.009362705,0.0093119815,0.009220241,0.009208623,0.0093725715,0.009234193,0.009342887,0.009336012,0.0092664845,0.009226374,0.009303785,0.009204451,0.00923134,0.009325685,0.009363931,0.009200115,0.009267575,0.00935688,0.009199316,0.009267074,0.009285302,0.009370386,0.009198527,0.009339926,0.009202321,0.009249349,0.009325376,0.009318622,0.009355255,0.009281048,0.009353219,0.009208673,0.009199547,0.009314582,0.009359216,0.009207803,0.009231789,0.009219765,0.00932667,0.009194763,0.009260235
0.009265863,0.009193297,0.009223824,0.00936443,0.009193894,0.009315334,0.009344216,0.009318699,0.009283733,0.009182879,0.00928977,0.009363205,0.009217843,0.009292886,0.009247951,0.009365542,0.009238475,0.009210464,0.009301207,0.009286965,0.009233468,0.009346528,0.0093349,0.00935762,0.009368246,0.0091803465,0.009270275,0.009199528,0.009180549,0.009294915,0.00925076,0.009232774,0.009308286,0.0091996575,0.009276854,0.0093677975,0.009260069,0.009256143,0.009236387,0.009233478,0.009258888,0.009192681,0.009206683,0.009265733,0.009353022,0.009247637,0.009322627,0.009188609,0.009200832,0.009215134,0.009241223,0.009293727,0.009177472,0.009245567,0.0092603555,0.0092099635,0.009268142,0.009295193,0.009188818,0.009239537,0.009249356,0.009284653,0.009215401,0.009328727,0.009360058,0.0,0.009297522,0.009328962,0.009303053,0.00937072,0.009195216,0.009237013,0.00926257,0.0093632955,0.009324842,0.009331852,0.009327775,0.009349562,0.009314749,0.009175492,0.009241172,0.009195281,0.009335637,0.009267215,0.009253296,0.009365808,0.009371869,0.009341336,0.009272589,0.009279895,0.0093419645,0.009373948,0.009266161,0.009226216,0.009374256,0.009241682,0.009358212,0.009275168,0.009184952,0.009204169,0.009231591,0.009328165,0.009329133,0.009177729,0.009268977,0.009180116,0.009298031,0.009274772,0.009178918,0.009208396
0.009355027,0.0092550265,0.00921776,0.009360053,0.009190619,0.009185344,0.009210649,0.009257302,0.009270849,0.009269492,0.009284134,0.009323438,0.009359488,0.009347101,0.0092325015,0.0092768185,0.009196062,0.0093485275,0.009239153,0.009222326,0.009335048,0.009217479,0.009343114,0.009344392,0.00925001,0.009338886,0.009322895,0.009361181,0.009355522,0.009217786,0.009241187,0.009223161,0.009289003,0.009206601,0.009367767,0.009266846,0.009236722,0.00927549,0.0092307385,0.009331881,0.00927921,0.009290938,0.009274642,0.009195003,0.009321105,0.009219778,0.009232966,0.009298488,0.009224297,0.009268211,0.009181217,0.009174938,0.009224458,0.009253148,0.009341626,0.009373489,0.009347492,0.0093444595,0.009206876,0.00933198,0.009324876,0.009285597,0.009184561,0.00936362,0.0092169065,0.00924901,0.0,0.009248627,0.009360008,0.009209537,0.009278702,0.00929069,0.009340541,0.009190728,0.009270596,0.009308364,0.00921106,0.009364123,0.009261205,0.009273842,0.009297373,0.009255793,0.009203681,0.009222642,0.009201504,0.009349923,0.009338531,0.0092346575,0.009235818,0.009263084,0.009292177,0.009328992,0.009346002,0.00923531,0.009267145,0.009311583,0.009210589,0.009246646,0.009283752,0.009303246,0.0093332045,0.009368785,0.009275687,0.009306166,0.0092910435,0.009338576,0.009275411,0.009354655,0.009314058,0.009248542
0.009193889,0.009314187,0.009241312,0.009182614,0.009183752,0.009210568,0.0092799915,0.009214294,0.009198063,0.009177585,0.009181886,0.009281549,0.009343057,0.009313599,0.009188833,0.009250713,0.009309737,0.009184438,0.009252892,0.009192883,0.009180498,0.009213005,0.009244771,0.009236366,0.009285252,0.009299782,0.009372853,0.00923524,0.009320552,0.00931766,0.009361195,0.009208423,0.0092660915,0.0092020305,0.009257134,0.00936574,0.009357171,0.009213599,0.009193298,0.0092635155,0.00928525,0.009300415,0.009358233,0.009346696,0.009311991,0.009189802,0.009242625,0.009256417,0.009177304,0.009270068,0.009354929,0.009348804,0.009369595,0.009319108,0.009344012,0.009209391,0.009270429,0.009205566,0.009297772,0.009184511,0.009186989,0.009335807,0.009310436,0.009176457,0.00934171,0.009264095,0.009291959,0.0,0.009271851,0.009341431,0.009289495,0.009229626,0.009346136,0.009299972,0.009304528,0.0093129845,0.009361764,0.00922281,0.009285446,0.009286275,0.009368552,0.009187221,0.009300298,0.009315223,0.009284478,0.009209271,0.009259497,0.009358173,0.009216431,0.009361339,0.009202887,0.009221275,0.009265996,0.009346603,0.0093504395,0.009319172,0.009293434,0.009275152,0.009341768,0.009371938,0.009369805,0.0093487725,0.00927238,0.009203426,0.009269825,0.009225156,0.009309841,0.009298092,0.009364099,0.009241961
0.009274923,0.0092248265,0.009178373,0.009347302,0.009269693,0.009294255,0.00936566,0.0092757195,0.009205518,0.009293708,0.0092431465,0.00925083,0.009265535,0.0093091875,0.009288849,0.009224634,0.009289285,0.009269216,0.009247203,0.009318719,0.009276492,0.0092633,0.009326651,0.00923612,0.009337932,0.009299121,0.009292595,0.009193326,0.009183938,0.009213606,0.00927102,0.009273594,0.009238507,0.009317651,0.009308183,0.009192343,0.0092698755,0.009191,0.009330173,0.009288666,0.00918416,0.009295979,0.009241054,0.00919167,0.009259339,0.009211416,0.009366395,0.009362836,0.009177913,0.009239014,0.009340126,0.009319206,0.00926054,0.009255738,0.009283717,0.0092130685,0.009250408,0.009211144,0.009362055,0.009322907,0.0093614245,0.0092033325,0.009240919,0.009216357,0.009212975,0.00936027,0.009292764,0.009267891,0.0,0.0092652645,0.009317928,0.009322382,0.0091954,0.009199237,0.009290625,0.009346692,0.00923326,0.009338099,0.0091873985,0.009319029,0.009302576,0.0093178265,0.009287765,0.009355675,0.009250712,0.009233029,0.009228626,0.009341194,0.009221495,0.00921495,0.009328325,0.009306724,0.009289871,0.009333615,0.009287682,0.00923224,0.009319647,0.009193671,0.009367338,0.009174862,0.009296866,0.009354139,0.00930203,0.009291801,0.009210285,0.009246339,0.009208783,0.009320292,0.009243506,0.009315772
0.009322056,0.009318519,0.009265654,0.009315607,0.009237759,0.009366063,0.009211971,0.009211565,0.00924165,0.009355768,0.009327666,0.009349712,0.009288572,0.009334667,0.009256712,0.009242998,0.009203219,0.0092218295,0.009175483,0.009303819,0.0092655085,0.009337505,0.009218536,0.009219278,0.009208467,0.009304999,0.009337478,0.009242784,0.009316231,0.009334531,0.009251962,0.009348453,0.009318137,0.009292679,0.009175595,0.009191528,0.009354658,0.009221984,0.009251682,0.00925103,0.009373703,0.009218776,0.00928085,0.009323924,0.009179492,0.009265376,0.009304155,0.009283768,0.009181928,0.009210469,0.009296589,0.009367897,0.009268975,0.009231761,0.009219006,0.009307256,0.009352669,0.009192661,0.009250617,0.0091783805,0.009303717,0.009220111,0.009318929,0.009226421,0.009281527,0.009242698,0.009323465,0.00936016,0.009234915,0.0,0.009267179,0.00934437,0.009218281,0.00933223,0.009348348,0.009336621,0.009236017,0.009279659,0.009199588,0.009200408,0.009366338,0.009256912,0.009237734,0.009323819,0.00934349,0.00923426,0.009240691,0.009317702,0.009184724,0.009321371,0.00931268,0.009181659,0.009286932,0.0092041,0.009274374,0.009193011,0.009250572,0.009241202,0.009273486,0.009192209,0.0092656715,0.00934341,0.009295329,0.009254458,0.009265374,0.009333201,0.009240359,0.009245587,0.009291511,0.009177272
0.009263814,0.009313011,0.009335654,0.00931395,0.009328142,0.009293933,0.009305677,0.009305773,0.009357738,0.00928373,0.009206558,0.0093407575,0.009276232,0.00917497,0.009339821,0.009333554,0.0092054745,0.00926104,0.009320517,0.009184051,0.009264317,0.009354331,0.009316547,0.009286363,0.009308635,0.009321085,0.009366136,0.009293761,0.0092884125,0.0092204595,0.009300737,0.009228828,0.009318825,0.009369736,0.009369263,0.009268479,0.009360375,0.009350067,0.00927274,0.009261473,0.0092697935,0.009211823,0.009278326,0.009185451,0.009342256,0.009295572,0.009206705,0.009373545,0.00922574,0.009368267,0.009252048,0.009197197,0.009347651,0.009188803,0.0092221275,0.009261432,0.009174511,0.009293992,0.009195697,0.009291875,0.009352333,0.009236879,0.00934162,0.009298337,0.0092023695,0.009188558,0.009188077,0.0093202805,0.00918358,0.00924091,0.0,0.009364707,0.00921436,0.009203156,0.009248693,0.009196754,0.009268086,0.009341671,0.009245687,0.009207174,0.009240472,0.009190569,0.009278585,0.009283087,0.00921707,0.009218676,0.009288511,0.009344684,0.009195558,0.009286056,0.009333455,0.009328793,0.009238149,0.0091973245,0.009287182,0.009313758,0.009245028,0.009343871,0.009224088,0.009202801,0.009245474,0.0093697235,0.00933932,0.009177961,0.009374048,0.009220753,0.009369895,0.009277157,0.009191359,0.009267588
0.0092463,0.009222195,0.009304229,0.009181288,0.009346943,0.009353482,0.009226482,0.00919366,0.009373892,0.009247,0.009338245,0.009345009,0.009199112,0.009320715,0.009291263,0.009228309,0.00927827,0.009287076,0.009293167,0.009373926,0.009246414,0.00925258,0.00926467,0.009353578,0.009272935,0.009350033,0.009220012,0.009313517,0.009338627,0.009258642,0.009225561,0.009316381,0.009339232,0.009310836,0.009349438,0.009255875,0.00917905,0.009324104,0.00925559,0.009213808,0.009277605,0.009227296,0.00929557,0.00928362,0.009336531,0.0092671225,0.00932493,0.009351136,0.009194515,0.009188547,0.009315212,0.009308316,0.009323879,0.00923866,0.009181084,0.009195904,0.009251134,0.0092705805,0.009233933,0.009237218,0.009260002,0.009331806,0.009356691,0.009214955,0.009310678,0.009314647,0.009302421,0.009231665,0.009330512,0.009273398,0.009342753,0.0,0.009238173,0.009304397,0.009298628,0.009358107,0.00933849,0.009299495,0.009258734,0.00934733,0.009254213,0.009213313,0.009196342,0.009304821,0.0093218405,0.009351215,0.009293525,0.00935758,0.009265741,0.0092668,0.009355117,0.009301514,0.009296906,0.009198672,0.009268389,0.009199306,0.009286194,0.009230177,0.009220433,0.0093187895,0.009253878,0.009183581,0.009363138,0.009228182,0.009267984,0.009186849,0.009253573,0.009317024,0.009308808,0.00923964
0.0093438495,0.009271648,0.009270718,0.009357179,0.009352644,0.009199631,0.009234723,0.009269796,0.009351545,0.009370316,0.009308528,0.009355597,0.0093673365,0.009228579,0.009185653,0.009341004,0.009284753,0.009201833,0.00935892,0.00919098,0.009298862,0.0093406495,0.009184922,0.009214744,0.009206256,0.00930054,0.009254561,0.00934201,0.009274116,0.009272476,0.009180144,0.009300124,0.009204096,0.009200414,0.009317666,0.0093241045,0.009224353,0.009333962,0.009263058,0.009335975,0.009177842,0.009277541,0.009362523,0.009370319,0.009288297,0.009258908,0.009324145,0.0093266405,0.0092126485,0.009248974,0.00920329,0.009269956,0.00934562,0.009256313,0.00935097,0.00932168,0.009287869,0.009287455,0.009334324,0.009236618,0.009256313,0.009345302,0.009195467,0.00924705,0.0093526915,0.009257681,0.009249615,0.009204634,0.009365397,0.009280473,0.009334737,0.00927652,0.0,0.009192352,0.00932277,0.0093453,0.009361043,0.009226253,0.009200817,0.009310922,0.009348072,0.009216924,0.009313607,0.009203874,0.00924959,0.009351189,0.009252721,0.00930031,0.009208633,0.009278652,0.009363592,0.009217787,0.009321709,0.009307765,0.009284774,0.009196919,0.009177037,0.009318531,0.009258089,0.009326854,0.009256231,0.009259649,0.009220193,0.009251488,0.009272121,0.0093153985,0.009234435,0.009336972,0.009350584,0.009349805
0.009338147,0.009206736,0.009286434,0.0093691265,0.009224472,0.009292703,0.009313379,0.009208347,0.009220618,0.009314367,0.009215359,0.009180207,0.009344429,0.009313132,0.009231782,0.0091936635,0.009336204,0.009288845,0.009193401,0.0092250565,0.009220012,0.00932812,0.009216267,0.009346614,0.009219839,0.009237603,0.009362381,0.009228282,0.009184771,0.009236951,0.009177446,0.009322556,0.009242708,0.009304497,0.0092261955,0.0092104655,0.00922742,0.009295782,0.009223198,0.0092682205,0.009209367,0.009186707,0.00917977,0.009255313,0.009294703,0.009323699,0.009192053,0.009193084,0.009197422,0.009312671,0.009221633,0.009347532,0.009355535,0.009181291,0.00921319,0.009230983,0.009230897,0.0092067,0.009251487,0.009314261,0.009205795,0.0093274275,0.009231197,0.009365633,0.009341126,0.009344946,0.0091844015,0.009331327,0.009364375,0.009353573,0.009297328,0.009191252,0.009194801,0.0,0.0092201475,0.009217517,0.0091957515,0.009193715,0.009276979,0.009350203,0.009180952,0.00924477,0.009206775,0.009210006,0.009287137,0.009353032,0.009252207,0.009222846,0.009176889,0.009247321,0.009289989,0.009219674,0.009342656,0.009337016,0.009314901,0.009310637,0.009249294,0.009268313,0.009180801,0.009331646,0.009323184,0.009371192,0.009287392,0.00930745,0.009194957,0.009237755,0.009259629,0.009269105,0.009366049,0.009178743
0.009257459,0.009209851,0.009346182,0.009232631,0.00931128,0.009243577,0.009224375,0.00932815,0.009212946,0.009283933,0.009326511,0.00921108,0.009274271,0.009237895,0.009186442,0.009211215,0.00934161,0.009299477,0.009279981,0.009250974,0.009174741,0.009219689,0.009344915,0.009189111,0.009242395,0.009175543,0.009248396,0.009274312,0.009178114,0.009175314,0.009272291,0.009363694,0.009221072,0.009270166,0.009262061,0.009305371,0.00920008,0.009312774,0.00930797,0.0091965925,0.009223719,0.009281641,0.009260168,0.00922837,0.009321911,0.009272378,0.009358672,0.0092845,0.00933937,0.009308834,0.009281152,0.009340394,0.009261593,0.009288823,0.009247721,0.009306578,0.009264759,0.009273076,0.009239704,0.009288084,0.0093715545,0.009298801,0.009356653,0.00932534,0.009248308,0.00936442,0.009239933,0.009354464,0.009304498,0.009282737,0.009337953,0.0093283085,0.009195141,0.009317823,0.0,0.009185907,0.009368454,0.009252479,0.009242966,0.009245392,0.009356698,0.009265224,0.0093407845,0.009342655,0.009258181,0.009328131,0.009202651,0.009363486,0.009352279,0.009337948,0.009344976,0.009345728,0.00917526,0.009319695,0.009213685,0.009282978,0.009276326,0.009261228,0.00922375,0.009262687,0.009338184,0.009269881,0.009215257,0.009273497,0.009328067,0.009272364,0.009281395,0.009282569,0.009216935,0.0092799505
0.009340127,0.009304746,0.009232961,0.009240123,0.009341117,0.009313599,0.009313175,0.009185466,0.009189756,0.009353147,0.009240047,0.009340779,0.009368163,0.009264657,0.009234901,0.00934741,0.009338298,0.009313244,0.00930553,0.009288051,0.009355584,0.00934753,0.009210384,0.009255671,0.009261414,0.009203421,0.009361902,0.009181929,0.009201827,0.009215332,0.009283667,0.009368301,0.00927323,0.009233852,0.009353582,0.009289079,0.00918339,0.009202464,0.009359478,0.009261103,0.00936864,0.009262579,0.009349197,0.009290451,0.009285745,0.0093380045,0.0092625655,0.009334616,0.009200108,0.009328268,0.009219932,0.009308878,0.009328963,0.009322611,0.009370312,0.009211086,0.0093433205,0.009253722,0.00933367,0.0092927925,0.00931763,0.009269644,0.009190523,0.009285639,0.0092255315,0.009299811,0.009337567,0.009250988,0.009258103,0.009247452,0.009187525,0.0093312245,0.009208313,0.009212021,0.009344867,0.0,0.009304602,0.009341621,0.009256608,0.0092841005,0.0092911245,0.009366641,0.009225312,0.009186568,0.009296641,0.0092954775,0.0092237145,0.009242511,0.009288945,0.0092011085,0.009311464,0.009293358,0.009294091,0.009232316,0.009341572,0.009261055,0.0092564905,0.009364081,0.0093158875,0.009317677,0.009292033,0.00925763,0.00926153,0.009312356,0.009187806,0.0093037365,0.00930538,0.009332184,0.009350889,0.009196923
0.009230949,0.009226005,0.00930217,0.009285391,0.009323048,0.009302583,0.009278548,0.009241368,0.009308248,0.009239821,0.009369413,0.0093224095,0.009367092,0.009316932,0.00917727,0.009328858,0.0093520945,0.009241219,0.00932338,0.009316721,0.009346177,0.00922456,0.009309919,0.009232236,0.009287298,0.009281918,0.00924334,0.00922035,0.00936051,0.0092220185,0.009310906,0.009176364,0.00934884,0.009243523,0.009357433,0.009218707,0.009300063,0.00935697,0.0092979,0.009337376,0.0093167,0.009184382,0.009303276,0.00935986,0.009213751,0.009297339,0.009300461,0.00918726,0.009240637,0.009346095,0.009245224,0.009304096,0.009176039,0.0091854995,0.009248249,0.009290178,0.009344784,0.009324995,0.009214646,0.009268136,0.009243468,0.009250939,0.009237417,0.009313508,0.009258065,0.009366978,0.009316018,0.009229949,0.009232439,0.009364977,0.009255449,0.009214061,0.00921032,0.009199471,0.009277366,0.009231666,0.0,0.009205461,0.00934353,0.009251636,0.009287761,0.009244267,0.009290735,0.009190281,0.009282681,0.009354822,0.009209502,0.009223212,0.009247072,0.009282528,0.009284386,0.009182015,0.009288851,0.009309451,0.0093710115,0.00935576,0.0093385,0.009284957,0.009259623,0.009240271,0.009297084,0.0093553765,0.009261868,0.009188744,0.009222229,0.009236744,0.009369715,0.009189228,0.009257435,0.0093177855
0.009217059,0.009319241,0.009202637,0.00925177,0.009306133,0.009200998,0.009301059,0.009203395,0.009233071,0.009343322,0.009259839,0.009355811,0.009186576,0.0092953695,0.009239481,0.009247556,0.009342391,0.009291607,0.009337453,0.009246444,0.009207557,0.009310683,0.009335608,0.009295417,0.009331866,0.009196869,0.00917543,0.009296336,0.009224403,0.009224306,0.0092062885,0.009175435,0.009246203,0.009306681,0.009318376,0.009194643,0.009244259,0.009279038,0.009248315,0.009223778,0.009260182,0.009368111,0.009354405,0.009357225,0.009321784,0.009240672,0.009318259,0.009215768,0.009372213,0.009197847,0.009202337,0.009318512,0.0093548335,0.009183748,0.009367657,0.009300316,0.009302297,0.009175597,0.009244709,0.00932694,0.009370566,0.0092111975,0.009370324,0.009364444,0.009201864,0.009294142,0.009205184,0.009371656,0.0092735505,0.009358198,0.009312256,0.009260867,0.009321864,0.009324962,0.009317548,0.009178333,0.009274588,0.0,0.009359288,0.009221206,0.009218856,0.009207277,0.00929225,0.009366951,0.009325144,0.0092452355,0.009310591,0.009189556,0.009190069,0.009262438,0.009230845,0.00919997,0.009356227,0.009347641,0.00927462,0.009280688,0.0092311725,0.0092732925,0.009372029,0.0092073595,0.0093212575,0.009199919,0.009344425,0.009326205,0.009315608,0.009327345,0.009258704,0.009242845,0.009373039,0.009303119
0.00931785,0.009233332,0.00919557,0.009281786,0.009203645,0.009344253,0.00927887,0.009241114,0.009324966,0.009177585,0.009191262,0.0093334485,0.009330192,0.009215613,0.009232082,0.009198499,0.009308357,0.009179367,0.009206836,0.009236394,0.009347019,0.009302155,0.009262177,0.009304259,0.009218406,0.009194766,0.009337791,0.00925756,0.00921427,0.009294053,0.009314965,0.009241997,0.009294014,0.009314689,0.009272554,0.00932612,0.0092469435,0.009342939,0.009366622,0.009293938,0.009295966,0.009309259,0.009182245,0.009250858,0.009373503,0.009216665,0.009285993,0.009308889,0.009206107,0.009212496,0.009353036,0.009230657,0.009285527,0.009187446,0.009180471,0.009286558,0.00921092,0.009373869,0.009281081,0.009262685,0.009191279,0.009241013,0.009274451,0.009313153,0.009334842,0.009358734,0.009362156,0.009190356,0.00924911,0.009265043,0.009308662,0.009325567,0.009190832,0.009204024,0.009279812,0.009337356,0.009348343,0.009213627,0.0,0.009364109,0.009189104,0.009282741,0.009273599,0.009320566,0.009174382,0.009259338,0.009256398,0.009235266,0.009178975,0.009192202,0.009217927,0.009237311,0.009273712,0.009230099,0.0093234,0.009178845,0.009359004,0.0091848485,0.009277852,0.009281724,0.009292185,0.009266778,0.009361176,0.009188013,0.009352377,0.009230286,0.009330702,0.009223644,0.009327629,0.0093197655
0.009349469,0.00924237,0.009311319,0.009179778,0.0091987485,0.00924747,0.009358602,0.0092828525,0.009265144,0.00930488,0.009222445,0.009314372,0.009219184,0.009324277,0.009352221,0.009244553,0.009273809,0.009339049,0.009276896,0.009279003,0.009320919,0.009219349,0.009312821,0.0093043735,0.009180832,0.009177813,0.009187781,0.009218759,0.009319664,0.009254995,0.009196425,0.00925499,0.009374058,0.009357578,0.009363991,0.009246417,0.009287012,0.009202083,0.009240997,0.009304169,0.009263529,0.009356059,0.009326561,0.009183829,0.009367222,0.009209223,0.009325665,0.009212094,0.009313544,0.009181775,0.009273679,0.009184701,0.009270428,0.009267332,0.009300813,0.00920434,0.009317036,0.00935256,0.009371903,0.009192525,0.009344269,0.0092371935,0.009355721,0.009181428,0.009200734,0.009277866,0.00934579,0.009197138,0.009316714,0.00921416,0.009293535,0.009218848,0.00926638,0.009236226,0.009339538,0.009312273,0.009220097,0.009207088,0.009372392,0.0,0.009363857,0.009326573,0.00926713,0.009331051,0.009296822,0.009372706,0.0092958305,0.009196422,0.00926172,0.009236332,0.009371653,0.0093662925,0.009328612,0.009290682,0.009340323,0.0092921145,0.009341219,0.009373611,0.009227727,0.009191149,0.009340567,0.009195282,0.009300647,0.009189551,0.009315517,0.009193848,0.009317499,0.009230668,0.0092170825,0.009247865
0.009272205,0.009241057,0.009190835,0.00926843,0.00923537,0.009179557,0.009215186,0.009174433,0.009193927,0.009315579,0.00934529,0.00936761,0.009185442,0.009261365,0.009368527,0.009185886,0.009343018,0.009370649,0.009345257,0.009238262,0.00924628,0.00923485,0.009294226,0.009353409,0.009332034,0.009237307,0.009340647,0.0092973355,0.009229468,0.009211033,0.009247409,0.009290998,0.009307226,0.0092501985,0.009343287,0.009220473,0.009239965,0.009221372,0.009176311,0.00919748,0.009201904,0.009299051,0.009299868,0.009187354,0.009341149,0.009354985,0.0092684245,0.009354837,0.009220596,0.009310048,0.009308475,0.009297684,0.0093620755,0.009276215,0.009295999,0.009261386,0.00932309,0.009301809,0.009217521,0.009324739,0.009189499,0.009301525,0.00918524,0.009189855,0.0091953585,0.009373409,0.009176768,0.009209873,0.00931946,0.009212316,0.009332233,0.009202111,0.009264334,0.009277722,0.009302099,0.0092430115,0.009233485,0.009184542,0.009200812,0.009294851,0.0,0.009341938,0.0093649775,0.009293392,0.009357454,0.009195918,0.009248007,0.009238909,0.009259388,0.009220369,0.009323088,0.009215146,0.009348817,0.009208218,0.0092279045,0.009353717,0.009185938,0.009355404,0.009205534,0.0093377745,0.009231516,0.009256444,0.009177807,0.009357918,0.009227497,0.009275059,0.0091815265,0.009285645,0.009227806,0.009268987
0.009230536,0.009178599,0.009322185,0.009259137,0.009198918,0.009214434,0.009185348,0.009340989,0.009214029,0.009255532,0.009347473,0.009310398,0.009313828,0.009342028,0.009312048,0.009306295,0.009291964,0.009196323,0.009214057,0.009250337,0.009296508,0.009263718,0.009286041,0.009360835,0.009305658,0.009251008,0.009361569,0.009242932,0.009243332,0.009259264,0.009235052,0.009234208,0.009196484,0.009366463,0.00933391,0.00918692,0.009259487,0.009237866,0.009200545,0.009186401,0.009245597,0.009364342,0.009228187,0.009255014,0.009290906,0.009211715,0.009325565,0.009266963,0.009295444,0.009205704,0.009309301,0.009222923,0.009249415,0.009220585,0.009347172,0.009264211,0.00929457,0.00927705,0.009208759,0.009230489,0.009240339,0.009336977,0.009256556,0.009209649,0.009231561,0.009269104,0.009248305,0.00919106,0.0092695085,0.00931055,0.009344817,0.009215622,0.009304138,0.009265824,0.009315231,0.009346021,0.009362711,0.009185866,0.009371847,0.009210154,0.009279369,0.0,0.009227328,0.0092336275,0.009257619,0.009183843,0.00933556,0.009329278,0.009277639,0.009189925,0.009201948,0.00917838,0.009364446,0.009273539,0.009195637,0.009361083,0.009203092,0.009314167,0.009366561,0.009266438,0.009340432,0.009307493,0.009270912,0.009262102,0.00918171,0.00932072,0.009289664,0.009194743,0.009368877,0.009222636
0.009324582,0.009209977,0.009233821,0.009234376,0.00934895,0.009372722,0.009337514,0.009303254,0.009176988,0.0093363235,0.0092945155,0.009260786,0.009265203,0.009279955,0.009206172,0.009231007,0.009191298,0.0092574,0.009351496,0.009248001,0.009337091,0.009316393,0.009345254,0.009251328,0.009308357,0.009255704,0.009250881,0.009289402,0.009341963,0.009257919,0.009316651,0.009187867,0.009285273,0.009292723,0.009233494,0.009190847,0.009266703,0.009244713,0.009295912,0.009359105,0.0092964955,0.009320642,0.009357162,0.009302162,0.009212635,0.0092606135,0.00922397,0.0092407735,0.009328612,0.009295767,0.009304305,0.009367484,0.009300585,0.009280313,0.0093552545,0.009302741,0.009350442,0.00924612,0.0093668,0.009195735,0.009214072,0.009183554,0.009206801,0.0093396995,0.009342295,0.009248361,0.009220755,0.009338303,0.009364329,0.009370343,0.009337129,0.00925713,0.009193688,0.009296493,0.009319987,0.009335409,0.009183325,0.009215468,0.009339175,0.009276761,0.009323296,0.00924747,0.0,0.00930407,0.009321609,0.009291937,0.009351938,0.009299075,0.009360239,0.009200602,0.009230042,0.0093130665,0.00921945,0.009305971,0.009326338,0.00923972,0.009257679,0.009282155,0.009202278,0.009255292,0.009255903,0.009363269,0.009218766,0.009372315,0.009361302,0.009182031,0.009354976,0.009230596,0.00926454,0.009209192
0.009281683,0.009334596,0.009255118,0.009322949,0.009311178,0.009369982,0.009259438,0.00932852,0.0091956165,0.009345782,0.009271583,0.009270024,0.0092453305,0.009202735,0.009198123,0.009201704,0.009270551,0.009250698,0.009304973,0.009264947,0.009318637,0.009209854,0.009277864,0.0092053665,0.009199607,0.009208873,0.009317872,0.009187326,0.00925753,0.009277354,0.00931791,0.009198648,0.009228081,0.009361636,0.00928713,0.00926548,0.0092582675,0.009180962,0.009318693,0.00936678,0.009253849,0.009247151,0.009315677,0.009340045,0.009265364,0.009365674,0.009347278,0.00920051,0.009299868,0.009309229,0.00919449,0.0093646,0.009326982,0.009356659,0.009341632,0.0092827035,0.009268756,0.009291555,0.0093073705,0.009362513,0.009179154,0.009249549,0.009373009,0.009319503,0.009177197,0.009243923,0.009230201,0.009245338,0.00921482,0.009213485,0.00928761,0.009199823,0.009271426,0.009190406,0.009290182,0.009307284,0.009229074,0.00920822,0.009245502,0.009183081,0.00918492,0.009216623,0.009253577,0.0,0.009367643,0.0092890775,0.009255735,0.009270929,0.009223426,0.00917882,0.009360744,0.009308771,0.009325015,0.009258224,0.009296944,0.009312177,0.009211108,0.009236472,0.009366561,0.009228505,0.009194194,0.009288783,0.009351211,0.009220967,0.009204127,0.009266293,0.009249382,0.009326616,0.0093587795,0.0093366215
0.009361621,0.009176636,0.0091889305,0.009306437,0.009262738,0.00933755,0.009307227,0.009369578,0.009263024,0.009259081,0.009367584,0.009212434,0.009211047,0.009190094,0.009273217,0.009366057,0.00922025,0.009180305,0.009250361,0.009339768,0.009210405,0.009345716,0.009278795,0.009206749,0.009219229,0.009318705,0.009279739,0.009345624,0.0093140835,0.009188102,0.009311064,0.009340446,0.009243436,0.009276448,0.009221109,0.009278675,0.009343308,0.009253972,0.009322479,0.009324658,0.009262736,0.009364509,0.00921689,0.009311609,0.009282589,0.009283543,0.0093050925,0.009228564,0.009208055,0.009213977,0.009372317,0.009372163,0.009373701,0.00935001,0.0092892395,0.009349061,0.00928929,0.009185781,0.009356982,0.009238346,0.009215447,0.009254358,0.0093030445,0.009202528,0.009303644,0.009283037,0.009264695,0.009339545,0.009181789,0.009218229,0.009236599,0.009249996,0.009270562,0.0092516495,0.009318931,0.00919712,0.009290319,0.009331599,0.009352398,0.009177973,0.009228662,0.009320062,0.009180517,0.009276886,0.0,0.009220803,0.009323926,0.0091928495,0.009212866,0.0093473,0.009347672,0.009278772,0.009222034,0.009323522,0.009368105,0.009258407,0.0093152085,0.009263038,0.009350955,0.009296697,0.0092158355,0.009298425,0.009190939,0.009280187,0.009242188,0.00919828,0.009182436,0.009246252,0.009301063,0.009283145
0.009247777,0.009248524,0.009226308,0.0092027,0.009360219,0.009268786,0.009373473,0.009209165,0.00920108,0.009320071,0.009243129,0.009311042,0.009238518,0.009242669,0.009174318,0.00925326,0.009363064,0.0091954,0.009238003,0.0093614,0.009191006,0.009230791,0.0093381815,0.009190421,0.009231912,0.00935915,0.009274326,0.009204838,0.0093076015,0.009228147,0.009251201,0.009277101,0.009316583,0.009197632,0.009294724,0.009365233,0.009241151,0.00918339,0.009217584,0.009301856,0.009319904,0.009354559,0.009297095,0.009271325,0.009358205,0.009207027,0.009208608,0.009233482,0.009188154,0.009175927,0.00924819,0.0092879515,0.009279678,0.009274636,0.009366458,0.009208299,0.009201175,0.009303424,0.009370821,0.00919614,0.009291721,0.009353265,0.009190246,0.009345033,0.009357052,0.009188442,0.009258259,0.009179119,0.009334855,0.0092156185,0.009304293,0.009200309,0.0092356205,0.009309887,0.0092588905,0.00925566,0.009311961,0.009314687,0.009352638,0.009305631,0.009181354,0.009311058,0.00927651,0.009216084,0.009357515,0.0,0.009239336,0.009298357,0.009271277,0.009226919,0.009266553,0.009346482,0.009345555,0.009174802,0.009253492,0.009204219,0.009226634,0.009186263,0.009210502,0.009249706,0.009291384,0.00923573,0.009315857,0.009371958,0.009311223,0.009297525,0.009231496,0.009249191,0.009307344,0.009183088
0.009356094,0.009306786,0.009348185,0.009289085,0.009372166,0.009268091,0.009288762,0.009274763,0.009210148,0.00923702,0.009345541,0.009252529,0.009263476,0.009255372,0.009352076,0.009336982,0.009205133,0.009195965,0.009174379,0.009348329,0.009277745,0.009315312,0.009337929,0.009189898,0.009370447,0.009321202,0.009345404,0.009290255,0.009310708,0.009200265,0.009285133,0.009353953,0.009248766,0.00931304,0.009246572,0.009257126,0.009357984,0.0093342615,0.009212731,0.009203261,0.009274491,0.009275107,0.0092386305,0.009284105,0.009229543,0.009207709,0.00925555,0.009277392,0.009268882,0.009350556,0.009267025,0.009244053,0.009229867,0.009214115,0.009327472,0.009246768,0.009354647,0.009266124,0.009329157,0.009316625,0.009281247,0.009205271,0.009191744,0.0092733065,0.009289263,0.009301313,0.009178943,0.009345363,0.009337085,0.009370108,0.009365587,0.009198307,0.009309157,0.0092085255,0.009180873,0.009303756,0.009280436,0.009187519,0.009373547,0.009211834,0.00924147,0.0093677435,0.009277333,0.009230957,0.00933342,0.009373983,0.0,0.009331327,0.009224299,0.009369828,0.009269806,0.009206046,0.009186101,0.009346003,0.009273897,0.009288036,0.009290261,0.009291047,0.00918818,0.009273751,0.009198203,0.009187256,0.009235128,0.009178275,0.0092931995,0.009257054,0.009266116,0.009338084,0.009333935,0.009204647
0.0091915,0.009178791,0.009174479,0.009210766,0.009332833,0.009363336,0.009267225,0.009216748,0.009319546,0.009236677,0.009301395,0.009247145,0.009372521,0.009237702,0.009332141,0.009184109,0.00927615,0.009223823,0.009184346,0.009363301,0.0092269145,0.009319748,0.009254896,0.009208699,0.009365836,0.009241001,0.009197068,0.009326247,0.009241507,0.009217292,0.0091800345,0.009296395,0.009174577,0.009229027,0.009368012,0.009327409,0.009325863,0.009329471,0.009224028,0.009312912,0.009182798,0.009249934,0.009265714,0.009261947,0.009348923,0.009275428,0.009201376,0.009277022,0.009221327,0.009326225,0.0092053395,0.009297488,0.009338091,0.009217205,0.009357093,0.009317326,0.009263809,0.009216225,0.009237029,0.009303946,0.009176822,0.009194429,0.009177962,0.009261923,0.009367446,0.009206905,0.009294149,0.00928378,0.00936362,0.009298428,0.009215615,0.009306925,0.009265373,0.009241524,0.009249501,0.00929716,0.009320833,0.009364778,0.009304452,0.009199075,0.009287036,0.009368888,0.009175483,0.009338619,0.009329148,0.009262185,0.009265347,0.0,0.009216176,0.009323458,0.009195172,0.0092477705,0.00933541,0.009319167,0.009225896,0.009220087,0.009362888,0.009323134,0.009283388,0.009315214,0.009279689,0.009179353,0.009322764,0.009347537,0.00922438,0.00927765,0.009195306,0.009271796,0.009322707,0.009226063
0.009360148,0.009214094,0.009196318,0.0092064375,0.009319749,0.009190846,0.009183603,0.009264466,0.0092570605,0.009363901,0.009340721,0.009332423,0.00926774,0.009185603,0.009250709,0.009353472,0.009290956,0.009258554,0.0092546,0.009178857,0.009333932,0.009212977,0.009292643,0.0093664285,0.00933002,0.009351292,0.009310986,0.009335033,0.0093371,0.009303692,0.009370025,0.009304603,0.009270859,0.009275522,0.009330126,0.009326885,0.009341008,0.0092648985,0.009264339,0.009266084,0.009295689,0.009183856,0.009202409,0.009217064,0.009357876,0.00934847,0.0091774985,0.009323607,0.009368713,0.009303243,0.009200279,0.009324903,0.009281581,0.009201057,0.0091878185,0.0091840625,0.009275106,0.009187991,0.0092473,0.009287925,0.009326353,0.009256282,0.009279875,0.009281215,0.009276725,0.00927609,0.009283327,0.009301952,0.009236479,0.0092771575,0.009373721,0.009228004,0.009303586,0.00937098,0.009246185,0.009203354,0.009296681,0.009354891,0.009229951,0.009194924,0.009359083,0.009347362,0.009341288,0.009225198,0.009335061,0.00923166,0.00926094,0.009277042,0.0,0.009289678,0.0091750305,0.009253741,0.009230324,0.009334308,0.009360183,0.009305504,0.009365928,0.009207331,0.009250937,0.009253968,0.009289908,0.009340994,0.00918487,0.009233596,0.009291155,0.00918073,0.009302082,0.009362715,0.00927329,0.0093561895
0.009182142,0.0092192255,0.009287533,0.009241199,0.009196265,0.009175536,0.009305601,0.009183146,0.009312621,0.009284126,0.009203636,0.009269487,0.009363894,0.00922656,0.009235621,0.009274671,0.0091917645,0.009268515,0.009319422,0.009187847,0.009216207,0.009289196,0.009277438,0.009239902,0.0091924425,0.009292266,0.009341386,0.009210092,0.009287548,0.009274011,0.009219841,0.009252814,0.0092155505,0.009312562,0.009301366,0.009213157,0.009296343,0.009302415,0.009231309,0.009194665,0.009363921,0.0093585495,0.009195411,0.009359389,0.009319395,0.009318723,0.009336952,0.009323569,0.009221146,0.009204133,0.00918893,0.009186612,0.009317778,0.00924856,0.009325213,0.009271715,0.009210026,0.00931724,0.009178903,0.009278607,0.009319019,0.009366264,0.009322335,0.009242495,0.009348518,0.00919486,0.009300953,0.009229225,0.009176736,0.009214032,0.009296822,0.009175494,0.009279496,0.009238669,0.0092368135,0.009213345,0.00934799,0.009229714,0.009276485,0.009184587,0.009222878,0.009367703,0.009190207,0.009341412,0.009273089,0.009222604,0.009246851,0.009356867,0.009186676,0.0,0.0092758415,0.00932989,0.009285377,0.009226257,0.009270006,0.009340497,0.009245096,0.009290285,0.009194002,0.009289302,0.009175155,0.009283725,0.009243332,0.009292068,0.009238882,0.00925141,0.009319763,0.009251142,0.009189899,0.009261157
0.009230268,0.009371264,0.009341336,0.009329076,0.00920286,0.009218966,0.009369519,0.009249419,0.009275191,0.0092340745,0.009332293,0.009257496,0.009308828,0.009199094,0.009303193,0.009180394,0.00917498,0.009366048,0.00927851,0.009284981,0.009259424,0.009325267,0.00918061,0.009350152,0.0093001705,0.009346508,0.009363129,0.009314308,0.009189929,0.009292117,0.009202264,0.009268211,0.009183214,0.009291049,0.00918372,0.0092468485,0.009285406,0.009352675,0.0092235,0.00921654,0.009338879,0.009236306,0.009316836,0.009252138,0.009369902,0.00934266,0.009317731,0.009251571,0.009371882,0.009241246,0.009370611,0.009257063,0.0091786925,0.009199561,0.00929753,0.009278411,0.0092587145,0.009326673,0.009265093,0.009252544,0.00924627,0.009330564,0.009253816,0.009273859,0.009257406,0.009209023,0.009290156,0.009232529,0.009255033,0.0093595,0.0092006195,0.009368331,0.009277556,0.009282844,0.0092693865,0.009212713,0.009289624,0.009232418,0.009235221,0.009229619,0.009369828,0.009220144,0.009311656,0.00933285,0.009373544,0.009246303,0.00919178,0.009218088,0.009322346,0.009211917,0.0,0.009314931,0.009217032,0.009273282,0.00918026,0.009344685,0.009257467,0.009314066,0.009325751,0.009224661,0.009346638,0.00932783,0.0093671335,0.009259189,0.009185192,0.009353461,0.009321786,0.0092646945,0.009305625,0.009343942
0.009265581,0.009353385,0.009348847,0.009218066,0.009232521,0.00928472,0.009179784,0.009260533,0.009183239,0.009311763,0.009322302,0.0093522705,0.009366673,0.009339346,0.0093618985,0.009353905,0.00929127,0.009245648,0.009314112,0.009198734,0.009255859,0.009317474,0.009265497,0.009219574,0.009271877,0.009269038,0.009267353,0.009178171,0.009291253,0.009265804,0.009175541,0.009321494,0.0091943005,0.009187912,0.00930757,0.009318383,0.009302333,0.009285691,0.009193646,0.009368265,0.00921427,0.00935366,0.009302644,0.009279315,0.009226562,0.009219679,0.009312417,0.009253842,0.00927851,0.009323744,0.009345606,0.009221917,0.009363292,0.0092435535,0.009310545,0.009236943,0.009179328,0.009361109,0.009365584,0.009264944,0.009300346,0.009340216,0.009298497,0.009326384,0.009288259,0.009193278,0.00935147,0.009339237,0.009293757,0.0093025565,0.009276308,0.009257249,0.009265994,0.009216124,0.009324864,0.009227996,0.009307225,0.009240107,0.009206547,0.00937273,0.009294294,0.009336997,0.009303694,0.009338275,0.009269562,0.009240986,0.009336518,0.009199731,0.009340052,0.009364192,0.009340449,0.0,0.009340744,0.009352566,0.009239483,0.009365073,0.009370301,0.00924558,0.009282747,0.00936561,0.00933568,0.009308909,0.009369487,0.009231815,0.0093041435,0.009273033,0.009337959,0.009348576,0.009211593,0.009178282
0.009284986,0.009372849,0.009297779,0.009334121,0.009263239,0.009240475,0.009331376,0.009343686,0.009349136,0.009224791,0.009350169,0.009237494,0.00924281,0.009345819,0.009318926,0.009266734,0.009363939,0.009194404,0.009180276,0.009290258,0.009189133,0.009336231,0.0092972005,0.009300753,0.009246981,0.00934396,0.009335016,0.009307611,0.009370562,0.009184675,0.00928788,0.009301067,0.009288492,0.009234796,0.009274037,0.0092855375,0.0093034785,0.0093566,0.009338074,0.009177727,0.009274183,0.009341623,0.009220349,0.009224278,0.00936274,0.009311209,0.009368896,0.009277876,0.009191564,0.009258049,0.009311623,0.009357223,0.009358486,0.0093653565,0.0092723025,0.009345619,0.009260541,0.0092221415,0.009244237,0.009186883,0.009358207,0.009320664,0.009265329,0.009286448,0.00917773,0.009256551,0.009370584,0.009312224,0.009332583,0.009347594,0.009340121,0.009325622,0.009243615,0.009196753,0.009202787,0.009210651,0.009263991,0.009185638,0.0093144085,0.009275172,0.009303163,0.009261054,0.009329806,0.009257201,0.00924896,0.009340904,0.009299001,0.009346115,0.00929534,0.009345811,0.009305499,0.009296008,0.0,0.00921927,0.009357769,0.009325047,0.00924078,0.009188558,0.009219638,0.00922409,0.0092924405,0.009334777,0.009236072,0.009229426,0.009187639,0.009241488,0.009328788,0.00926509,0.009358671,0.009357779
0.0092675695,0.00930631,0.00931135,0.009194046,0.009280712,0.0093237385,0.009258667,0.009293946,0.009306879,0.00923979,0.009317168,0.009325983,0.009334857,0.009239915,0.009303344,0.009299494,0.009213501,0.0091751935,0.009225248,0.009331225,0.009359634,0.009236256,0.009344539,0.009365999,0.009365573,0.009229091,0.009223915,0.009224651,0.009275035,0.009235002,0.009232518,0.009260227,0.0092961425,0.009254125,0.009279224,0.009287845,0.009224654,0.009231928,0.009322274,0.009174378,0.0093528945,0.0091879815,0.009288052,0.00929966,0.009204779,0.00935159,0.009247084,0.009300975,0.009278356,0.009243035,0.009269414,0.009194531,0.009281474,0.009181499,0.0093698995,0.009355255,0.0093605975,0.00935376,0.009353246,0.009184486,0.009213413,0.009351836,0.009235671,0.009192423,0.009341534,0.009333483,0.00926613,0.009239546,0.00931727,0.009282208,0.0092671355,0.009346667,0.009221134,0.009288356,0.009332569,0.009270619,0.009219956,0.00918696,0.009193759,0.009372498,0.009343478,0.009244425,0.009184133,0.00918106,0.009370829,0.009217688,0.009220651,0.009268569,0.009246942,0.009276743,0.009297648,0.0091993455,0.009184472,0.0,0.0093111545,0.0092112925,0.009307913,0.0092199175,0.009323291,0.009284886,0.009300034,0.009264571,0.0092749875,0.009353604,0.009200276,0.009290045,0.00920684,0.009346387,0.009194045,0.009182763
0.009236238,0.0093099,0.009246689,0.009335465,0.009248467,0.009179279,0.009251494,0.009245562,0.009254543,0.009318043,0.009203918,0.009194383,0.009210833,0.009274171,0.009203699,0.009182228,0.009236842,0.0091911955,0.009230761,0.009229338,0.009329191,0.009347061,0.009348586,0.009202486,0.009249148,0.009211572,0.0093461685,0.009239903,0.009365703,0.009328072,0.009268645,0.009314346,0.009330794,0.009285867,0.009272548,0.009333044,0.009195386,0.009182724,0.009224006,0.009209936,0.009343117,0.009351119,0.009332101,0.009235709,0.00933619,0.009297261,0.009192548,0.009327072,0.009184854,0.009213768,0.009227348,0.009355535,0.009195206,0.009308254,0.009330963,0.009342428,0.009238433,0.009248994,0.009200497,0.009266658,0.009238556,0.009228903,0.009198884,0.009275141,0.009176979,0.009353674,0.0092613455,0.00929736,0.009268126,0.009211739,0.0092426,0.009329071,0.009239956,0.009304032,0.009373555,0.009273224,0.009373955,0.009258517,0.009370183,0.009212257,0.0093651805,0.009195279,0.009272167,0.009296614,0.009326933,0.009203023,0.009224056,0.0092325965,0.009206579,0.009363594,0.009351063,0.00918209,0.009196896,0.009225665,0.0,0.009263937,0.009333426,0.009258057,0.009333891,0.009289172,0.009237923,0.009350332,0.009281516,0.00919017,0.009217578,0.009282678,0.009297562,0.009342217,0.009237929,0.009339611
0.009293064,0.009285613,0.009193454,0.009274298,0.009315734,0.009372717,0.009262095,0.009256048,0.009209682,0.009335748,0.009304402,0.009353958,0.009320572,0.009315831,0.009276516,0.009317693,0.00921469,0.009200435,0.009228016,0.009257541,0.00935682,0.009177479,0.009334894,0.009192366,0.009342145,0.009306528,0.009348419,0.009270179,0.009326841,0.00918742,0.0093103545,0.009259296,0.009174641,0.009317994,0.009292014,0.009224303,0.009271422,0.009258413,0.009241198,0.009313024,0.009204144,0.009185219,0.00926454,0.009271543,0.009293885,0.009319072,0.009196978,0.00926758,0.009226574,0.009270345,0.009302359,0.009261541,0.009289148,0.00922367,0.009366919,0.009274348,0.009289834,0.009178076,0.009243299,0.009194433,0.009269599,0.009348127,0.009262091,0.009254025,0.009250752,0.00931612,0.0093175415,0.0092615,0.009306886,0.009249923,0.009243295,0.009348139,0.009318565,0.00922709,0.009244318,0.009185387,0.009233641,0.009371464,0.0091797635,0.009342898,0.009216899,0.009312614,0.009360369,0.009223356,0.009188776,0.009268518,0.009365117,0.009195987,0.009346053,0.009186323,0.009297943,0.0092258705,0.00919734,0.009220726,0.009342838,0.0,0.009312216,0.009189016,0.009217006,0.0092572905,0.00920536,0.009240394,0.009181105,0.009228265,0.009232356,0.009268247,0.009182145,0.00920489,0.009334232,0.009174495
0.009256733,0.009208647,0.009312755,0.009365098,0.009307635,0.009268631,0.0092073325,0.009342709,0.00936804,0.009324811,0.009181113,0.009303715,0.009363843,0.0092702545,0.00917583,0.009223654,0.009252581,0.009317689,0.009372255,0.00918613,0.009277091,0.009280195,0.009331045,0.009327055,0.009232927,0.0093561,0.009249461,0.009222316,0.0093661975,0.009245783,0.009233111,0.009351508,0.009338045,0.009295324,0.009328238,0.009226815,0.009258417,0.009237676,0.009355414,0.009181383,0.009329959,0.00936021,0.009287376,0.009225348,0.009342291,0.009316093,0.009199302,0.009324364,0.009283232,0.00932461,0.009281163,0.009355541,0.0091987895,0.009283031,0.0091778105,0.009234099,0.009358114,0.009323816,0.009239013,0.00920455,0.009251519,0.009367851,0.0093480805,0.009238071,0.009202369,0.00925084,0.009307308,0.009318859,0.009346424,0.009292553,0.009361538,0.00928507,0.009302508,0.009210814,0.009356411,0.009266516,0.009192293,0.00922001,0.009220524,0.009261851,0.009186162,0.0093690865,0.00934147,0.009256988,0.009260602,0.009188267,0.009231749,0.009255997,0.009189904,0.009302435,0.009327607,0.009242514,0.009330303,0.009301691,0.009225173,0.0093506975,0.0,0.009351794,0.009373278,0.009307119,0.009196699,0.009370224,0.009199838,0.009337571,0.009339143,0.009206089,0.009356799,0.009302205,0.009361346,0.009285366
0.009285899,0.009186472,0.009238157,0.009284716,0.009176121,0.009356359,0.009333497,0.009274066,0.009198658,0.009229786,0.009200439,0.009226265,0.009234516,0.009275677,0.009270347,0.00937241,0.009182332,0.009371587,0.009233216,0.009229232,0.009340207,0.009312724,0.009275288,0.009372989,0.009271797,0.00931657,0.009316854,0.009247807,0.009317411,0.009281012,0.009243282,0.009270454,0.009357148,0.009265753,0.009188854,0.009217395,0.009349966,0.009340705,0.009247666,0.009181444,0.009174607,0.009330596,0.009193052,0.009240014,0.009246136,0.009179994,0.009299295,0.009350957,0.009227555,0.009246306,0.009267432,0.009328485,0.009179892,0.009207748,0.009188674,0.009246376,0.009258837,0.009301959,0.0092515815,0.009340161,0.009289909,0.00921929,0.009214726,0.009351333,0.009293505,0.009239876,0.009335749,0.009339502,0.009284974,0.009174987,0.009195558,0.009192198,0.009269419,0.00919893,0.009209679,0.009273014,0.009341895,0.009221536,0.009243236,0.009301236,0.00919598,0.009195264,0.009186657,0.0092459265,0.009232196,0.00935435,0.009361804,0.009284792,0.009223171,0.009238301,0.009232452,0.009342421,0.009329008,0.009182328,0.009361954,0.009213877,0.009175561,0.0,0.009289341,0.00935297,0.009263805,0.009319512,0.009253234,0.009372539,0.009300193,0.009330644,0.009348116,0.009266059,0.00928224,0.009310453
0.009257648,0.009266571,0.009176596,0.009356587,0.009326589,0.009338137,0.009348385,0.009225441,0.009316594,0.009203361,0.0093269115,0.009227112,0.009211041,0.009258581,0.009372202,0.00921873,0.009236632,0.009345606,0.009189584,0.00921041,0.009271751,0.009284294,0.009190678,0.009321397,0.009223353,0.00929989,0.009244344,0.009281316,0.009204054,0.009265594,0.009261652,0.009280426,0.0092025725,0.009272583,0.009289494,0.0092508625,0.009223021,0.009335734,0.009224464,0.009282895,0.009310258,0.009221715,0.009178382,0.009337036,0.0091856085,0.009369225,0.009281308,0.009301633,0.009240652,0.00934156,0.009336174,0.009235627,0.009288956,0.0093534915,0.009296503,0.009300473,0.009264133,0.009274734,0.009192361,0.009235911,0.009219084,0.009264594,0.009290541,0.009215703,0.009222022,0.009182523,0.0092745,0.009297204,0.009317076,0.009217835,0.0092154415,0.009195129,0.009355505,0.009357043,0.009337613,0.009350125,0.009267922,0.009212451,0.009203905,0.009330415,0.009355475,0.009347098,0.009184543,0.00937035,0.009227483,0.009301541,0.009186578,0.009211002,0.009273115,0.009309441,0.009176786,0.009252967,0.009280049,0.009261499,0.0092821615,0.009302112,0.009304612,0.0092749335,0.0,0.009301033,0.009255617,0.009275743,0.00933869,0.009219069,0.009279072,0.009321222,0.0092490595,0.009289331,0.009269755,0.009347429
0.009366579,0.009320006,0.009269453,0.0092863375,0.009371222,0.0091816485,0.009215061,0.009268985,0.009306741,0.009366847,0.00927051,0.0092940675,0.0092805745,0.009360435,0.009184694,0.00933606,0.009277834,0.0093239825,0.009198666,0.009305116,0.009334948,0.009302951,0.009260506,0.009298315,0.009188513,0.009220321,0.009340148,0.009334567,0.009260426,0.009351107,0.009215012,0.009312985,0.009350147,0.00918258,0.009205096,0.009226047,0.0093102995,0.009324117,0.0092464695,0.009256205,0.009178719,0.00926826,0.009323358,0.009355131,0.009240483,0.009346118,0.009197581,0.0092793815,0.0093396725,0.009311606,0.009344417,0.009245552,0.009235218,0.009326677,0.009253715,0.009206704,0.009332595,0.00918319,0.009329684,0.009266765,0.009322813,0.009260276,0.0092645595,0.00936528,0.009249134,0.009348037,0.00920822,0.009216233,0.009203513,0.009337447,0.009333611,0.009302661,0.009256989,0.009175537,0.009257109,0.009182658,0.009193361,0.009288189,0.009339742,0.009200771,0.00934652,0.0093067065,0.009288731,0.009315215,0.009346149,0.009359963,0.00937202,0.009244059,0.009363299,0.009229742,0.009293092,0.009225821,0.009359598,0.0092962375,0.009257808,0.009263938,0.009373186,0.009235574,0.0093030175,0.0,0.009370604,0.009334297,0.00935605,0.009279991,0.009250863,0.009199875,0.009370485,0.009307909,0.009223983,0.0092453845
0.009331415,0.009318582,0.009284386,0.009330711,0.009281843,0.009204758,0.009204756,0.009330799,0.0093555795,0.009322445,0.009351008,0.009183083,0.009272429,0.009175612,0.009265431,0.009369332,0.009295115,0.00924195,0.009362662,0.009320999,0.009369883,0.009224184,0.0093440395,0.00934601,0.009293668,0.009273679,0.009246533,0.009318824,0.009177583,0.009323605,0.009185273,0.009340766,0.009216435,0.009218983,0.009208152,0.009241158,0.00917432,0.009255912,0.009233777,0.00933359,0.009240174,0.00930979,0.009191217,0.009367159,0.009242493,0.009332702,0.009362337,0.009274399,0.009265721,0.009300123,0.009253224,0.009301065,0.009269161,0.009278956,0.009364995,0.009356733,0.009190111,0.009201044,0.009278602,0.00934895,0.009247528,0.009271789,0.009233119,0.009214238,0.009370354,0.009205419,0.009282601,0.00918572,0.009186773,0.009332993,0.009213742,0.00937165,0.009217272,0.009312189,0.009285161,0.009341396,0.009298808,0.009371907,0.009273094,0.009264027,0.009198715,0.00923826,0.00920283,0.009260227,0.009175418,0.0092082275,0.0093534645,0.009197254,0.009289569,0.009329737,0.009309164,0.009227956,0.009372151,0.009205356,0.009307694,0.009181702,0.00930286,0.009292281,0.009230983,0.009176848,0.0,0.009285644,0.009331848,0.009199662,0.009209214,0.0092666,0.009333644,0.009239773,0.009177643,0.009199385
0.009345765,0.009352398,0.009178333,0.009316114,0.009318069,0.009338398,0.009336664,0.0093461005,0.009256443,0.00917925,0.009242126,0.009325869,0.009361689,0.0092239315,0.009223972,0.009327793,0.009196726,0.009307607,0.0092240665,0.009298949,0.009346663,0.009373829,0.009340598,0.009322457,0.009245796,0.009250425,0.009181391,0.009208335,0.009328803,0.00931666,0.009212844,0.009303213,0.009186676,0.009348111,0.009344139,0.009229741,0.009221942,0.009328477,0.009291808,0.009190684,0.009308149,0.009215819,0.009277296,0.009248355,0.009326954,0.009327397,0.009204557,0.009240233,0.009257406,0.0093326615,0.009200656,0.009320438,0.009325951,0.009206159,0.009248634,0.00936613,0.00925844,0.009205409,0.009232802,0.009371325,0.009331793,0.009332368,0.009370523,0.009282159,0.009357398,0.009221737,0.0092534805,0.009283543,0.009345948,0.009310794,0.00933368,0.009343667,0.009346366,0.009295599,0.009273355,0.009231371,0.009367864,0.009182183,0.009179051,0.009308012,0.009313755,0.009356472,0.009361059,0.00925724,0.009259404,0.0093093105,0.00934674,0.009289997,0.00918662,0.009228728,0.009281703,0.009264149,0.009265013,0.009215434,0.009280069,0.009359267,0.009325435,0.009231753,0.009174382,0.009362413,0.009334294,0.0,0.009265784,0.009262481,0.009194974,0.009210168,0.009293209,0.009293029,0.0091968905,0.009257341
0.009218432,0.009359943,0.009305546,0.009193738,0.009309938,0.00931507,0.009182866,0.0092877075,0.009310437,0.009210358,0.0092200935,0.009251236,0.009274038,0.009202429,0.009246938,0.009204962,0.009300112,0.009205908,0.009356881,0.009351515,0.0092741605,0.009232196,0.009245765,0.009198624,0.009196368,0.009278464,0.009296976,0.009229976,0.0093344925,0.0092412215,0.009319406,0.009205789,0.009251102,0.009318198,0.009333458,0.0093110725,0.009186446,0.009351104,0.00920988,0.009363091,0.00935886,0.009201025,0.009336688,0.00927322,0.009345804,0.009360327,0.009290346,0.009203209,0.009356258,0.009348994,0.009337116,0.009238786,0.009260975,0.009250018,0.00934437,0.009373493,0.009239818,0.009348779,0.009343514,0.0093210405,0.009190236,0.009262136,0.009311259,0.00924346,0.009335926,0.009235138,0.00933664,0.009302745,0.009296051,0.009293911,0.0092972135,0.009350819,0.009241789,0.0093053,0.009358758,0.009236767,0.009323604,0.009202132,0.009187358,0.0092691695,0.009278433,0.009335978,0.009317063,0.009181052,0.009181468,0.009187113,0.009190704,0.009204863,0.009245572,0.009360989,0.009218688,0.00936988,0.00921936,0.0093057575,0.009193943,0.009211508,0.009267613,0.009349878,0.009288165,0.009371135,0.009322466,0.009296011,0.0,0.009192091,0.009275565,0.009242106,0.009240565,0.009241865,0.009334367,0.009252855
0.009327391,0.009214424,0.0093042245,0.009223217,0.009211483,0.0092125265,0.00935674,0.009296045,0.009290085,0.009323335,0.00936481,0.009328276,0.00927382,0.009194908,0.009369456,0.009198637,0.009351187,0.009372248,0.00935785,0.009193858,0.009333094,0.009343103,0.009341791,0.009182088,0.009178694,0.009227539,0.009352179,0.0091840755,0.0092448415,0.0092217205,0.00917753,0.009305014,0.00923257,0.009188239,0.009252605,0.009249902,0.009210875,0.0092744455,0.009248515,0.0093156565,0.009288569,0.0093189785,0.009263579,0.0091790045,0.009355342,0.009313893,0.009284491,0.009176262,0.009290887,0.009363693,0.0093271,0.009225179,0.009238143,0.00935909,0.009308372,0.009247618,0.00926244,0.009344409,0.00918466,0.0093690725,0.009367859,0.009263042,0.009212255,0.009318627,0.009319087,0.0093434695,0.009217032,0.009304158,0.009274693,0.0092903,0.009261021,0.009285996,0.00928324,0.009200111,0.009238055,0.009339459,0.009247271,0.00922696,0.009374119,0.009211498,0.009366703,0.009344088,0.009260913,0.009308826,0.009283289,0.00921251,0.0092171,0.009192604,0.009180839,0.009248166,0.009231153,0.009196687,0.009333271,0.009346231,0.0093562715,0.009326157,0.0092085935,0.009210547,0.009339864,0.009317279,0.009238796,0.009260218,0.009219537,0.0,0.009194739,0.009331714,0.0093060685,0.009340295,0.009300461,0.009176657
0.009325857,0.009335693,0.0092583075,0.009186437,0.009202848,0.0092204325,0.009327019,0.0093330005,0.009187475,0.009354445,0.009232746,0.009349837,0.009363786,0.009233661,0.009234061,0.009307699,0.009334055,0.009359432,0.009334943,0.009196854,0.009322988,0.009221852,0.009343203,0.009256247,0.009282249,0.009237999,0.00921672,0.009204504,0.009178347,0.009192898,0.009323402,0.009318374,0.009283835,0.009219036,0.009290504,0.009287419,0.009250457,0.009333677,0.009292914,0.009192236,0.009241836,0.009292473,0.009260384,0.009218426,0.0092064245,0.009239338,0.009294159,0.009195089,0.009355737,0.009368516,0.009205347,0.009337147,0.009242819,0.009315047,0.009259231,0.009200463,0.009186043,0.009308368,0.00927082,0.009373584,0.009291129,0.009199464,0.009283889,0.009317805,0.009347354,0.009228822,0.009250026,0.00930689,0.009367569,0.009275765,0.009289794,0.009238438,0.009294799,0.009350007,0.009180131,0.00926294,0.009359619,0.0092405025,0.009291794,0.00926972,0.009286264,0.009341864,0.009318756,0.009211425,0.009218692,0.009293207,0.009306793,0.009237532,0.009288946,0.009277997,0.009314379,0.009196411,0.009346421,0.009259703,0.00933561,0.009241868,0.009217036,0.009248171,0.009176041,0.009326735,0.009213639,0.009296919,0.009191397,0.00933607,0.0,0.009198919,0.0091969855,0.0093564335,0.009347668,0.00932267
0.00931994,0.00935026,0.009280685,0.009297147,0.009336482,0.009250942,0.009206467,0.009218479,0.009260463,0.0092058275,0.009364555,0.009316518,0.009264534,0.0092459405,0.009226468,0.009246879,0.00932601,0.009249323,0.009215062,0.009361695,0.009320751,0.009323835,0.009365624,0.00934818,0.009357737,0.009175615,0.009327565,0.009182291,0.009198455,0.009195174,0.009357075,0.009204107,0.009224715,0.009293737,0.009289124,0.009347043,0.0093033025,0.009251686,0.00927105,0.0093313,0.0093346145,0.009359107,0.00931147,0.009236455,0.009373739,0.0092355395,0.009359969,0.009274767,0.009179296,0.009193064,0.009373388,0.009206231,0.009318343,0.009259792,0.0092155775,0.009368503,0.00926586,0.009350801,0.009220968,0.009190821,0.009205864,0.009215889,0.009273798,0.009189612,0.009360899,0.009284109,0.009286467,0.009283855,0.009211795,0.009308443,0.009216657,0.009188127,0.009251025,0.009244614,0.009369123,0.0092659015,0.009349576,0.009207504,0.009305675,0.009337055,0.009308175,0.0091884965,0.009281367,0.009231615,0.009241717,0.009280377,0.00932707,0.009242348,0.009366979,0.009313225,0.009292938,0.009346917,0.009325471,0.009248242,0.009180268,0.00922852,0.009362968,0.009369073,0.009183371,0.009264476,0.009200794,0.009196307,0.009230092,0.00925844,0.009215797,0.0,0.009349452,0.009288152,0.009304589,0.00917643
0.009300169,0.009221794,0.009204032,0.009245901,0.009349168,0.009323457,0.009362774,0.009345524,0.00931399,0.00925827,0.009208107,0.009208634,0.0092639625,0.009295659,0.009343462,0.009329125,0.009302794,0.009214871,0.009201608,0.009275337,0.009183722,0.009219813,0.009317026,0.009275391,0.00919128,0.009328364,0.009265593,0.009257478,0.0091934,0.009287186,0.009317916,0.009309479,0.009299705,0.009314046,0.009349229,0.009223085,0.009340304,0.009288374,0.009371983,0.009238303,0.00919798,0.009315173,0.0092659695,0.009290771,0.009211003,0.009240772,0.009201865,0.009237405,0.0092678005,0.009253339,0.00927329,0.009178165,0.00919756,0.00935924,0.009263086,0.009308122,0.00927218,0.009298198,0.009320071,0.009302442,0.009305922,0.009315161,0.009280455,0.009372008,0.009327164,0.00937006,0.009347575,0.009340511,0.009367088,0.009287858,0.009361919,0.00923908,0.009235677,0.0092194965,0.009183139,0.009346724,0.009219027,0.009299353,0.009188716,0.009369683,0.0093567865,0.009349279,0.00920035,0.00931769,0.009207227,0.009252897,0.009218654,0.009207489,0.009235463,0.009356941,0.009257214,0.009180914,0.009302098,0.009244418,0.009292253,0.009370842,0.009242307,0.009189879,0.009196155,0.009254188,0.009272357,0.009246925,0.009289297,0.009226417,0.00922687,0.009294337,0.0,0.009276264,0.009315356,0.009254513
0.009365388,0.00935411,0.009201775,0.009350783,0.0093127405,0.009224217,0.009324499,0.009311881,0.0092548495,0.009343833,0.009347438,0.009345736,0.009219376,0.009310149,0.009326795,0.009291863,0.009275243,0.009288782,0.009275648,0.0092699705,0.00933803,0.009297714,0.009348527,0.009222944,0.009322638,0.0093589965,0.009233645,0.009237455,0.009370277,0.009215886,0.009336905,0.009361533,0.009218288,0.009212444,0.00918782,0.009226516,0.009356014,0.009273527,0.009342591,0.009214243,0.009246766,0.009312849,0.009354482,0.009212119,0.009235268,0.009206094,0.009348462,0.009250309,0.009235998,0.009366685,0.009322298,0.009220811,0.009177448,0.0093170535,0.009295594,0.009367155,0.009303035,0.009210691,0.009178561,0.009259636,0.009288646,0.009248648,0.009194641,0.009341924,0.009331039,0.009289814,0.009351919,0.009205351,0.009364844,0.0092134,0.009280903,0.009338209,0.009359657,0.009234449,0.009284276,0.009314128,0.009349411,0.009328755,0.009298569,0.009304458,0.009301215,0.009309195,0.009368817,0.009268159,0.009337645,0.009336283,0.009331946,0.0091937445,0.009259395,0.009175683,0.009318793,0.009251437,0.009327719,0.009180795,0.009357366,0.009263273,0.009199448,0.009197676,0.00931277,0.009286904,0.009237754,0.009253008,0.009316126,0.009260014,0.009205078,0.009214801,0.009220845,0.0,0.009194888,0.009294498
0.009185797,0.009250598,0.009174644,0.009210576,0.009284238,0.009281606,0.009308768,0.009326751,0.009182176,0.009323873,0.009199821,0.009329862,0.009204278,0.00921735,0.0091794785,0.009221225,0.009176514,0.0092870705,0.009199319,0.00918848,0.009239682,0.009275837,0.009265104,0.009294248,0.009211864,0.009260527,0.009219793,0.009248184,0.009339282,0.009246674,0.009199467,0.009192458,0.009297455,0.009256179,0.009229484,0.009327019,0.009326754,0.009302944,0.009282063,0.009363735,0.009327076,0.009348433,0.009180206,0.009296676,0.0092399465,0.00928504,0.009194582,0.009231641,0.009361612,0.00917799,0.00923082,0.009242676,0.009205377,0.00933322,0.009295541,0.009345351,0.009291479,0.009226181,0.009364118,0.00934231,0.009185883,0.009312618,0.009272339,0.00921479,0.00929684,0.009257353,0.009219716,0.009182492,0.0092607085,0.009331074,0.009286628,0.009342116,0.00920751,0.009248276,0.009282317,0.009309664,0.009249175,0.0092424415,0.0092091765,0.009193144,0.009354784,0.009265883,0.009303733,0.009290127,0.00921377,0.009228162,0.009222529,0.00937159,0.009367214,0.009204608,0.009242948,0.009350823,0.009217041,0.009182231,0.009211313,0.009370024,0.00936076,0.009306919,0.009360403,0.00921919,0.009287024,0.009175266,0.009348499,0.009307123,0.009178774,0.009302844,0.009327827,0.009177528,0.0,0.009185254
0.009295246,0.00920139,0.00920411,0.009212097,0.009255753,0.0092242425,0.009341208,0.009266728,0.00928769,0.009274523,0.00931516,0.009306862,0.0093549965,0.009242821,0.009183504,0.009276648,0.009330242,0.0093426425,0.009183625,0.009340649,0.009257078,0.009361594,0.009306899,0.00933133,0.009177797,0.009321764,0.009246032,0.009317142,0.009194224,0.00928745,0.009188262,0.009338028,0.009361758,0.009276048,0.009358804,0.009250126,0.009277571,0.009211567,0.009344058,0.009217953,0.009251107,0.009335483,0.009344898,0.009228664,0.009286794,0.009348343,0.009241604,0.009315435,0.0093017975,0.009240739,0.009311492,0.009286544,0.009306173,0.00925504,0.00931359,0.009338682,0.009192939,0.009321054,0.009235587,0.009272787,0.009268834,0.0093516745,0.009189646,0.009224431,0.009257059,0.009192813,0.009183993,0.009195897,0.009230703,0.0092802765,0.009338309,0.009254959,0.009345708,0.00924534,0.009281574,0.009209771,0.0091777695,0.009354724,0.009343569,0.009343224,0.009367294,0.009344362,0.009278741,0.009294285,0.0093371,0.009304528,0.009284115,0.009180306,0.009191238,0.00923189,0.009285076,0.0092245,0.009355635,0.009203648,0.009361269,0.009362261,0.009302212,0.00922072,0.009363532,0.009248315,0.009182292,0.009204256,0.009184086,0.009241273,0.0093422,0.009245029,0.009205506,0.00923107,0.009348766,0.0
