1,2,3,4,5,6,7,8,9,10,11,12,13,14,15,16,17,18,19,20,21,22,23,24,25,26,27,28,29,30,31,32,33,34,35,36,37,38,39,40,41,42,43,44,45,46,47,48,49,50,51,52,53,54,55,56,57,58,59,60,61,62,63,64,65,66,67,68,69,70,71,72,73,74,75,76,77,78,79,80,81,82,83,84,85,86,87,88,89,90,91,92,93,94,95,96,97,98,99,100,101,102,103,104,105,106,107,108,109,110
0.0,0.008715293,0.008823916,0.007150375,0.009355891,0.007863867,0.0088844085,0.009065997,0.008766186,0.008614665,0.008454687,0.0068064723,0.006911205,0.009016417,0.0085255485,0.009061312,0.008844288,0.008780483,0.007752148,0.007944164,0.0082381,0.0053850394,0.008671013,0.008949253,0.006936317,0.0032771481,0.008660461,0.006093453,0.009007821,0.0011736348,0.009122467,0.0020328648,0.008216952,0.009314752,0.0071402295,0.009300415,0.008643352,0.0063928785,0.008595962,0.00726058,0.0040084263,0.0002548918,4.08413e-06,0.008415188,0.0058861976,0.007557372,0.008919563,0.009418263,6.4885653e-06,0.008518462,0.00514433,0.008962939,0.00831977,0.008660816,0.008232942,0.008814955,0.007769126,0.008066376,0.008940749,0.0047848714,0.008847454,0.0078055826,0.0092699975,0.008822354,0.00840572,0.0077093244,0.00897295,0.0077478625,0.00063099473,0.007775997,0.006299951,0.0075927894,0.009159956,0.007061364,0.0066735735,0.007771989,0.009264274,0.008005314,0.0063473335,0.009417264,0.009290772,0.0062362878,0.009119655,0.008890302,0.008349672,0.008615328,0.009408722,0.0055965846,0.007679919,0.009201051,0.0019790144,0.009156705,0.008318395,0.008854385,0.0073435795,0.008160395,0.008022454,0.00810488,0.00879546,8.6605405e-06,0.0071219467,0.006599163,0.007582913,0.00933517,0.0071719172,0.0008626777,0.008941612,0.0073611694,0.012596557,0.0007737157
0.008565382,0.0,0.0090417275,0.007717329,0.009256897,0.007976225,0.009093343,0.008992747,0.008734222,0.008616095,0.008466111,0.0068698926,0.007092742,0.0090541495,0.00862319,0.00910333,0.008762884,0.008902413,0.007790241,0.0077976123,0.008206314,0.005391666,0.008641607,0.008924899,0.0069636456,0.0033529103,0.008515059,0.006148781,0.008927017,0.0015734697,0.009007943,0.0022576537,0.008039886,0.009037203,0.007261404,0.009232,0.008464905,0.0065808105,0.008533863,0.0072841616,0.0043513984,0.0005029124,8.150647e-06,0.008562919,0.0060303505,0.0075639114,0.008795347,0.009357221,3.5430073e-06,0.008529004,0.0051610647,0.00883972,0.0086180465,0.0086849565,0.0081673525,0.008847018,0.007826204,0.008118744,0.009013266,0.0050340095,0.008798736,0.007940989,0.009295412,0.008824761,0.008333196,0.0077735097,0.009011725,0.007863771,0.0010988724,0.007731963,0.0063196104,0.007593689,0.009207768,0.00741452,0.006494536,0.007881238,0.009283867,0.007978321,0.006457022,0.009401521,0.009333284,0.006321449,0.009132136,0.009207877,0.008389898,0.008792223,0.009424869,0.005773931,0.007826973,0.009196539,0.0022059001,0.009205574,0.0078004366,0.008856215,0.0075593875,0.00812145,0.008250037,0.0081871385,0.008798403,7.411363e-07,0.007352146,0.0066197445,0.0075762146,0.0092686,0.007350533,0.0011636006,0.008783168,0.007319594,0.012444558,0.0011884818
0.0107013285,0.011005311,0.0,0.009288104,0.012022221,0.0099,0.011089191,0.011906937,0.0109851565,0.011042939,0.010847677,0.008747317,0.00863079,0.011625847,0.0114049865,0.011558464,0.011125485,0.011242398,0.009721429,0.010989891,0.011516412,0.0073234113,0.010798558,0.011039534,0.0088716075,0.005984082,0.010825936,0.008274524,0.011156568,0.0036634663,0.011799214,0.004266851,0.011205564,0.011834214,0.009138887,0.011771566,0.010502988,0.010003736,0.011039598,0.009022627,0.0059948666,0.002678778,0.00024974605,0.0113534285,0.007813756,0.00951246,0.0114090685,0.0117858,0.00015289965,0.011001878,0.0070608435,0.011322462,0.0103109935,0.011804742,0.011111034,0.011378739,0.011247051,0.010012271,0.011419859,0.0067777494,0.010952315,0.00968817,0.011248729,0.01099789,0.010220313,0.010876777,0.011232586,0.009708647,0.003290618,0.009649094,0.009996617,0.010869348,0.011881516,0.008930491,0.008502537,0.009789675,0.012003879,0.01160881,0.009626283,0.011458525,0.0116259735,0.007812819,0.011335199,0.011354506,0.011159135,0.01090972,0.011832982,0.007890493,0.011687547,0.012112111,0.0044601695,0.0115204975,0.010429381,0.011134079,0.009301181,0.010089459,0.010281176,0.010161706,0.010896505,1.0127121e-05,0.009111777,0.008771781,0.0093642,0.011834482,0.00911074,0.003287275,0.01106044,0.009280855,0.015023346,0.003487601
0.0065679634,0.007288736,0.0069041257,0.0,0.006794406,0.0062718242,0.0074172146,0.0068229237,0.0069799144,0.00668721,0.00678959,0.0051727323,0.0065433704,0.007099394,0.0070414515,0.007144656,0.0073220567,0.0072168596,0.006034434,0.0063475184,0.006761691,0.004016208,0.006632902,0.0070691234,0.0054079,0.0015959154,0.0065050693,0.004421398,0.0073527982,0.00062708766,0.0075634387,0.0009484211,0.007042205,0.0072070714,0.0059055258,0.0067823636,0.006371021,0.005619244,0.006821056,0.0055514555,0.0039668125,7.664665e-06,9.474263e-06,0.00689278,0.004288722,0.0062057655,0.0068325954,0.0069869165,4.5547526e-06,0.006837604,0.003794485,0.0072072544,0.007116938,0.006747633,0.0065314327,0.0071461983,0.0060953316,0.006292656,0.0073239594,0.0038291041,0.0070926305,0.0064837188,0.0076325745,0.006796546,0.0062480476,0.00607234,0.007435345,0.0060561085,0.00041947397,0.0059933565,0.0054639666,0.0059452006,0.006866355,0.006538303,0.0049275733,0.0061602904,0.0074517224,0.005873328,0.005613895,0.0075496333,0.0074955476,0.0049344264,0.007123817,0.0074547795,0.0066219824,0.007082141,0.0076328665,0.0040714154,0.0058880867,0.00736584,0.0010191281,0.007328764,0.005145892,0.0069017187,0.005892481,0.006390858,0.0066358955,0.006811541,0.007130183,3.4003517e-06,0.0057396716,0.004872796,0.005766105,0.0071740253,0.006328217,0.00013240795,0.0068348087,0.005253977,0.012337463,3.7481805e-06
0.010514969,0.010806851,0.011392835,0.009132872,0.0,0.009785043,0.010923546,0.011794083,0.010901364,0.010792341,0.010603352,0.008722267,0.008228246,0.011483921,0.0110156825,0.011344369,0.0106996,0.010909678,0.009765852,0.010892853,0.011464425,0.0072767837,0.010709365,0.010984581,0.008795977,0.0058580525,0.010836512,0.008296527,0.010944618,0.0038652215,0.011782127,0.0042901086,0.01114805,0.011664981,0.008917891,0.011703911,0.010635805,0.009180268,0.010722276,0.009130688,0.0057534412,0.002787809,0.00024892442,0.011097921,0.007870401,0.009252312,0.011298465,0.011482672,0.00023811244,0.010626051,0.0070669986,0.0112348255,0.010076362,0.011566533,0.010622892,0.011132249,0.011169705,0.010082764,0.011150876,0.0068337857,0.010704374,0.009472863,0.01109058,0.010897239,0.010155299,0.010551876,0.010978715,0.009922779,0.003364724,0.009566051,0.009547973,0.01052739,0.011808163,0.0086635435,0.008394738,0.009799497,0.0117807975,0.0110361595,0.009385591,0.011445307,0.01149149,0.0077741444,0.01128914,0.011047091,0.0108123245,0.0105153695,0.011677801,0.0075819325,0.011239789,0.011858297,0.0045265527,0.011336679,0.010635582,0.011052297,0.009234988,0.010101146,0.009965631,0.009947595,0.010842858,5.301688e-06,0.009160299,0.008776011,0.009250648,0.011714469,0.009072002,0.0033607355,0.010902869,0.009551655,0.0147928195,0.0035020753
0.006407257,0.0068998765,0.0071011726,0.0055796285,0.0073896265,0.0,0.0070718452,0.0072934935,0.0069925287,0.006648132,0.006850039,0.005086344,0.0048843776,0.007234878,0.007320347,0.007269882,0.0072072526,0.0072021466,0.005846022,0.0073976414,0.0071222135,0.0039031145,0.00666921,0.0070684087,0.004839681,0.0010254172,0.0065846513,0.0049889777,0.0071211746,0.00066587,0.007796313,0.0004792803,0.0076146657,0.0077890134,0.0050777374,0.0074470686,0.006817744,0.0067945723,0.0067674145,0.0054184576,0.0021778652,8.40913e-06,7.815132e-06,0.0071455403,0.0046734475,0.0055760546,0.0075330897,0.007508412,9.248328e-06,0.007043126,0.0034979424,0.0072302227,0.006591985,0.007455552,0.007404941,0.0072471867,0.0071057496,0.0066681164,0.0072549297,0.0036461956,0.0069866297,0.005794909,0.0074338787,0.0067912233,0.006504633,0.006749573,0.0074050925,0.006729236,8.775653e-06,0.00575767,0.0064585027,0.0070256377,0.00745734,0.0054215835,0.004498962,0.0063382713,0.0076509146,0.006621367,0.006195914,0.0074816598,0.0073530674,0.0043104077,0.007319591,0.007125083,0.007372797,0.006748358,0.007551943,0.003820374,0.0066255485,0.007618698,0.0009695364,0.0071831862,0.007218697,0.0069930456,0.006003615,0.006400565,0.0058942246,0.0062085954,0.0070312256,3.9173347e-06,0.0053946613,0.0051378226,0.0060117794,0.007393354,0.005347594,9.592806e-06,0.0072661787,0.0065275123,0.012181915,9.858428e-05
0.008689376,0.009223007,0.009211275,0.0077539273,0.009541725,0.0082055405,0.0,0.009314041,0.009122327,0.009026062,0.008756722,0.0072411667,0.0074655763,0.009384648,0.008910082,0.009433358,0.009222742,0.009215246,0.008006893,0.008124565,0.008473901,0.0057856822,0.008894091,0.009288796,0.0073932116,0.003750589,0.008985455,0.006327895,0.009253246,0.0016688023,0.009106056,0.0026256908,0.008380404,0.009525958,0.0075441883,0.009587654,0.00865245,0.0066731456,0.008833164,0.007381452,0.004889716,0.00080980035,9.628994e-06,0.0089353165,0.006080037,0.007872927,0.008997032,0.009542732,5.181656e-06,0.008907147,0.005358474,0.00922091,0.008783817,0.009014122,0.008571143,0.009299445,0.008079968,0.008251017,0.009305499,0.0051443996,0.00912466,0.008118277,0.009449729,0.009104736,0.008638233,0.008082156,0.009372303,0.008029389,0.0014440721,0.008031429,0.006676471,0.008000891,0.009400588,0.007570635,0.006916379,0.008028969,0.009499696,0.008337738,0.006790898,0.009524169,0.009408183,0.0065789116,0.009273721,0.009363538,0.008776998,0.00894048,0.009729391,0.0058685783,0.008227042,0.009338272,0.0023821495,0.009499348,0.0081554195,0.009082198,0.0076867836,0.008364855,0.008459868,0.0085218735,0.009189042,1.0618023e-05,0.007504525,0.0068921535,0.0077196597,0.009560962,0.0076438314,0.0014907898,0.008974487,0.007339931,0.012438722,0.0012891275
0.011148349,0.011395905,0.012201995,0.009629707,0.012610572,0.010354744,0.011520874,0.0,0.011511535,0.0115723405,0.011523505,0.009408665,0.009021369,0.01216945,0.012208062,0.012183058,0.011529003,0.011672486,0.010286238,0.011883626,0.012300672,0.007971437,0.01133871,0.011510995,0.0094643645,0.00676975,0.011468957,0.008787285,0.0114768995,0.0044996925,0.012564182,0.005113354,0.012089431,0.01248065,0.009514362,0.012271935,0.011036139,0.010970508,0.0114971325,0.009497655,0.0064432235,0.0034968473,0.0011869597,0.012031387,0.008423185,0.009940724,0.012132464,0.012263207,0.0011145406,0.011690448,0.0077192155,0.011997121,0.010749043,0.012487916,0.011841189,0.011958095,0.012232657,0.010379871,0.011844956,0.0073989704,0.011312223,0.009958097,0.0118238805,0.011416648,0.010786338,0.0115519315,0.011691757,0.010382887,0.004138584,0.010230661,0.011010653,0.011645138,0.012594156,0.009286618,0.00913136,0.0104302475,0.012523283,0.012320957,0.010576621,0.0118775815,0.011944583,0.00832135,0.011834434,0.011637195,0.011890484,0.011191804,0.012219744,0.008365894,0.012491789,0.0127602555,0.005205528,0.011966283,0.011077518,0.011714135,0.009595772,0.01050754,0.010669888,0.01063394,0.011393339,8.024369e-06,0.0095299985,0.009177624,0.009834373,0.012348954,0.009449109,0.004087321,0.011341892,0.009993748,0.015846783,0.004262607
0.0097941905,0.009958214,0.010163567,0.008207844,0.010758066,0.008910376,0.010109344,0.01046734,0.0,0.00993622,0.010041057,0.008021518,0.008208867,0.010368143,0.010124038,0.010512285,0.0101590445,0.01025766,0.008963765,0.009636649,0.009965281,0.0064494256,0.009756613,0.010178719,0.008359001,0.004872235,0.009985062,0.007026337,0.010212371,0.0023851015,0.010476909,0.0032568835,0.009933912,0.0107092215,0.0084953625,0.010517692,0.009607062,0.008657112,0.009961748,0.008175606,0.005464161,0.0016954002,2.5841575e-06,0.010224771,0.006712225,0.008862862,0.010331379,0.010646719,3.3244803e-06,0.009946055,0.0060565374,0.010412804,0.0095901,0.010253199,0.0098398635,0.010384782,0.009446863,0.009000223,0.010482781,0.005764899,0.010144435,0.008945452,0.010493047,0.009965424,0.009502403,0.009630209,0.010333851,0.008785995,0.0021448822,0.008742833,0.00844889,0.009361258,0.010583336,0.008261633,0.0077881957,0.008857032,0.0105781285,0.009710006,0.008114565,0.010444406,0.010417892,0.0071928687,0.010243176,0.01026303,0.01005026,0.009649307,0.010618696,0.006723987,0.0095209135,0.010474591,0.0030272515,0.010554427,0.0091515165,0.0103653595,0.00826822,0.009019385,0.00948029,0.009493065,0.010242209,7.1548247e-06,0.00824927,0.0077825566,0.008469218,0.010525044,0.008375017,0.0020699273,0.009841927,0.008042109,0.013161496,0.0020883647
0.009551709,0.009737292,0.010071546,0.008166207,0.010315815,0.008624442,0.0098639345,0.010161193,0.009872213,0.0,0.0097250845,0.007848849,0.007984743,0.010074796,0.009793835,0.01024884,0.00996581,0.010117806,0.008679955,0.009198528,0.009435459,0.006300702,0.009592033,0.010007045,0.008155451,0.0046195765,0.009890172,0.006785482,0.010052742,0.001939405,0.010197841,0.0029139,0.009444243,0.010388043,0.008200962,0.01026362,0.009556042,0.008019033,0.009858906,0.007977152,0.005160467,0.0012694306,3.5451512e-06,0.009861013,0.0064644828,0.008636223,0.009993268,0.010273072,6.825141e-06,0.009727883,0.0057750726,0.010000912,0.009341528,0.00988334,0.009438441,0.010090772,0.008995347,0.008908842,0.010166742,0.0055139265,0.0097568175,0.008855712,0.010276599,0.0097258445,0.009153589,0.009151044,0.010243176,0.008484014,0.0015803257,0.008648942,0.007963904,0.008975472,0.010180778,0.008019834,0.007591685,0.008513726,0.010325406,0.009114715,0.0076078526,0.010245799,0.010266384,0.0069717774,0.010053639,0.00997409,0.009651332,0.009502785,0.01033044,0.0065328353,0.009012301,0.010212965,0.0027217502,0.010182019,0.009008106,0.010042244,0.008059378,0.00888617,0.009228782,0.009296398,0.009864576,1.0772164e-05,0.008030973,0.0074344934,0.008131339,0.01046743,0.008370311,0.001639319,0.009762217,0.0077478,0.013067507,0.0016087589
0.010256379,0.010536812,0.010967511,0.008784982,0.011173352,0.009230542,0.010709184,0.011175833,0.010837119,0.010691676,0.0,0.008419467,0.00882301,0.010850519,0.011139176,0.011173944,0.011221473,0.011131973,0.009498971,0.010861326,0.0108854845,0.006848544,0.010253768,0.010863198,0.008752646,0.005688461,0.010708074,0.0075980993,0.010768227,0.0028937869,0.011231255,0.0038102171,0.010971983,0.011457968,0.008956041,0.011081159,0.010102184,0.009965177,0.010698009,0.008617102,0.0059347292,0.0024694707,1.1327816e-05,0.011059639,0.0072239097,0.00928015,0.011177904,0.011086134,3.970517e-06,0.010899795,0.0065284856,0.011250541,0.0099670235,0.011179996,0.011029503,0.011188079,0.010587567,0.009461608,0.011193995,0.0063253692,0.010667581,0.009391797,0.01107378,0.010344026,0.009833922,0.010600047,0.011265935,0.009030363,0.002660313,0.009363798,0.009827675,0.010711288,0.011221815,0.008579694,0.008433068,0.009186923,0.011359428,0.010548545,0.009830565,0.010972285,0.010941376,0.0077371025,0.010754884,0.010887649,0.011081209,0.010228786,0.011084362,0.0073489863,0.010414339,0.011167532,0.0036009976,0.011077849,0.009604986,0.011020278,0.008623035,0.009557609,0.010273568,0.01004209,0.011019387,5.9275853e-06,0.008783098,0.008203079,0.008793961,0.011338332,0.008935947,0.0025161759,0.010240118,0.008417671,0.013650101,0.002554402
0.006011936,0.0062476103,0.0067768064,0.0050519262,0.006885457,0.005640088,0.0066294353,0.00693567,0.0065967483,0.0062671797,0.006461938,0.0,0.0050646826,0.006571864,0.0068370514,0.006842555,0.006794408,0.006855676,0.005489614,0.0066350745,0.006659146,0.0034919768,0.0061644255,0.006818794,0.0047999406,0.0016835083,0.006448727,0.004035301,0.0067681214,8.978629e-06,0.0073655182,0.00049425045,0.0068815574,0.007432894,0.005049105,0.0069488552,0.00625026,0.005447077,0.0063914075,0.0050751367,0.0023300068,1.6885647e-06,1.0368221e-05,0.0066327243,0.0039359108,0.0053915414,0.0070320964,0.0069825356,5.214956e-06,0.0066317883,0.0031195616,0.0066988496,0.0062182606,0.007117395,0.006766178,0.0067650517,0.0066832732,0.006045423,0.0067241257,0.0030310734,0.006647925,0.00558183,0.0070407153,0.0064116777,0.0060948334,0.0062373285,0.0068782596,0.005656563,1.0180885e-05,0.0053292057,0.0053495765,0.005988792,0.007076074,0.0049114875,0.0045224074,0.0056240233,0.007247091,0.006451298,0.005337983,0.007003882,0.0068750614,0.0041824626,0.0067557557,0.0066845696,0.007032161,0.006135246,0.0071957903,0.0036789286,0.006528802,0.0072573517,0.0004527824,0.0068738237,0.0065771183,0.0067422385,0.005308817,0.0056698862,0.005777822,0.005988184,0.0065759295,5.21671e-07,0.0049284836,0.004483526,0.0054960744,0.0070307422,0.00519734,4.673613e-06,0.006458659,0.0053385394,0.013516415,5.952191e-06
0.0069071646,0.007654687,0.0071557737,0.007612959,0.007214476,0.0061772405,0.007896565,0.0072814133,0.007437157,0.007275674,0.007167248,0.0062019504,0.0,0.006970303,0.0070133777,0.0075391103,0.007939295,0.007900049,0.0063208593,0.006686059,0.006606417,0.0049072662,0.0066837915,0.0077267494,0.0063679055,0.002630736,0.007027705,0.0036321578,0.007970083,0.0011918216,0.007954358,0.002231205,0.006862574,0.007566927,0.007830847,0.0071308734,0.0065606777,0.0059916712,0.007142589,0.0057067713,0.007265377,0.0018434618,1.119509e-05,0.0070727626,0.0038014287,0.0074682855,0.007331003,0.007377793,1.3353307e-05,0.0071865157,0.004241575,0.0073909513,0.008274965,0.0070784576,0.0068345442,0.007523775,0.006666159,0.0059588994,0.007964385,0.0042944094,0.007319687,0.008157765,0.008026595,0.007005983,0.006908246,0.00646344,0.007845702,0.0053715333,0.0016469236,0.006289849,0.0059572808,0.006291236,0.0071554226,0.008471442,0.0062667215,0.0056489995,0.0077116727,0.006554097,0.0061960835,0.0074855774,0.0073847845,0.006311059,0.0069787675,0.00800311,0.0070579597,0.0075529222,0.0075034755,0.0043987217,0.0063634715,0.007387552,0.0011762216,0.007618417,0.0038229092,0.0073811663,0.0056133354,0.00613929,0.008335858,0.008565836,0.00786966,9.645045e-06,0.006371044,0.004785486,0.0056387098,0.007368231,0.008363472,0.0010536708,0.0061727613,0.002852938,0.014576467,0.00012283375
0.009341257,0.009669274,0.009812591,0.0079172645,0.010316245,0.009062162,0.009724327,0.010098312,0.009517173,0.00934154,0.009261364,0.0076755793,0.0069267093,0.0,0.009530926,0.010040862,0.009397808,0.009515072,0.0086494675,0.009017707,0.009339572,0.0060173743,0.009475623,0.009658156,0.0075525534,0.004029584,0.00944337,0.0073181484,0.009784853,0.0022856537,0.010095929,0.0027938106,0.00922909,0.01006458,0.0077019213,0.01053631,0.009605445,0.007888294,0.009357178,0.0078735575,0.0041827653,0.000563143,2.3077146e-06,0.009516328,0.0069533684,0.008063619,0.009690607,0.010301187,8.717965e-06,0.009271717,0.005868317,0.0098553,0.008991447,0.009840879,0.009153341,0.009753778,0.009083902,0.009071122,0.009829721,0.0057352,0.009620313,0.008262658,0.009946781,0.009627443,0.0091056265,0.008790478,0.009693073,0.008984799,0.0014733828,0.008443328,0.007713875,0.008595624,0.010411746,0.007624687,0.0071440074,0.008984312,0.010383925,0.009185212,0.0075047007,0.010277774,0.010365424,0.0066772103,0.010343938,0.009617864,0.0092962235,0.009376321,0.010528364,0.006575618,0.009016737,0.010261204,0.0031273179,0.010043082,0.009891727,0.009606548,0.008342999,0.0091798715,0.008559408,0.008557688,0.009362646,4.7801614e-06,0.0080494145,0.0075650644,0.00842491,0.010321286,0.0075066155,0.0017432129,0.0100905225,0.008827875,0.013519129,0.0019311993
0.011795808,0.01197199,0.013087906,0.010144893,0.013362757,0.010694781,0.012140382,0.01359571,0.012519779,0.012440622,0.0126491925,0.010080416,0.010179664,0.01244193,0.0,0.013102139,0.012916685,0.0131141795,0.01088065,0.013992384,0.013936429,0.008659206,0.011687072,0.012172201,0.010340598,0.008311956,0.012249259,0.009295451,0.01237631,0.005680991,0.013738351,0.0062432406,0.014232692,0.013650144,0.01049744,0.012651714,0.011496985,0.014028414,0.012556791,0.010100396,0.0076695043,0.0048077754,0.0027257598,0.013838893,0.008835626,0.010717817,0.013647225,0.012635993,0.002782398,0.013331787,0.008480752,0.012948224,0.01125432,0.014117085,0.01384079,0.013139878,0.014201534,0.010931522,0.012876402,0.008063412,0.011877082,0.010850798,0.012615492,0.011815273,0.011302771,0.013771839,0.013043506,0.010541862,0.0054475674,0.010717726,0.014130096,0.014134001,0.01314152,0.010051404,0.009861,0.010787012,0.013531183,0.014035724,0.014293685,0.012306121,0.012412019,0.00917587,0.0121796625,0.0126957735,0.013738667,0.011857429,0.012787409,0.009142081,0.014265422,0.013764312,0.0062338402,0.012813227,0.011246538,0.012557637,0.0100118155,0.011097611,0.011757804,0.011583942,0.012548158,0.00024735104,0.0103463,0.009745757,0.01022348,0.013059408,0.010555115,0.0051759398,0.011617485,0.010170286,0.017775623,0.0054586665
0.0103080645,0.010662022,0.011112582,0.009028506,0.011387814,0.009538385,0.010799565,0.011326785,0.0108070625,0.010697888,0.010634981,0.008599462,0.008759959,0.011023966,0.011023811,0.0,0.0108969,0.010997896,0.009610853,0.010635942,0.010896862,0.007016928,0.01043832,0.010917429,0.008948131,0.0057972055,0.010628488,0.007823249,0.010829938,0.0033790122,0.0113247335,0.004111251,0.01076111,0.011406081,0.008925629,0.01125565,0.01036749,0.009674699,0.01073341,0.008837836,0.0060856375,0.0025693679,8.779546e-06,0.010997611,0.007544947,0.009283719,0.011188656,0.011185319,7.745484e-06,0.010804993,0.006739158,0.011158028,0.010197196,0.011241519,0.0107532535,0.011136575,0.010670171,0.009598374,0.011075582,0.006474113,0.010534909,0.009629757,0.01112082,0.010571926,0.010090677,0.010588182,0.011086027,0.009326586,0.0029760834,0.009361964,0.00960079,0.010505266,0.011448819,0.008724097,0.008420204,0.009481358,0.011547723,0.010821188,0.009256359,0.01104758,0.011004192,0.0078114956,0.010988877,0.010935235,0.010829261,0.010494525,0.011341101,0.0074407887,0.010736651,0.011502626,0.0040577436,0.011166416,0.009760756,0.010968213,0.008810343,0.0098478785,0.010138671,0.010029458,0.010927608,3.6050149e-06,0.008968689,0.008340615,0.009016818,0.011432369,0.008981617,0.0028815325,0.010460012,0.00882896,0.013874303,0.0029611718
0.010134135,0.010336027,0.010649753,0.008865683,0.01103273,0.009176473,0.010545428,0.011034988,0.0105680125,0.010617277,0.01079099,0.008359686,0.009199891,0.010612388,0.011086046,0.010959512,0.0,0.011039374,0.009232434,0.01040234,0.010541653,0.006746892,0.010103738,0.010634802,0.00881377,0.0058467495,0.010404207,0.0073466543,0.010684744,0.0029473873,0.010885407,0.0039890343,0.0105541805,0.011204506,0.009098498,0.010698142,0.009770734,0.009904161,0.010595149,0.008375777,0.0062332493,0.0024510627,8.831176e-06,0.010967249,0.006950458,0.009240524,0.010986487,0.010888129,1.1005677e-05,0.0107721295,0.006519221,0.010982764,0.010032122,0.010944158,0.010781934,0.010955946,0.01011445,0.009120018,0.010999951,0.0061246227,0.01028889,0.00955026,0.010957681,0.010204813,0.009736537,0.010612762,0.011139014,0.008762346,0.0028822373,0.0091393925,0.009861547,0.010462865,0.010828988,0.008836995,0.008352506,0.008878963,0.011150362,0.010387884,0.009728638,0.0106395325,0.01060337,0.007698008,0.010332453,0.010858738,0.0108134905,0.010055345,0.010787501,0.0071514016,0.0102661615,0.010897793,0.003484214,0.01090139,0.008943741,0.010731776,0.008405463,0.009248137,0.010179578,0.010108328,0.010903653,2.4941876e-06,0.008689372,0.007885499,0.008491612,0.010901072,0.008957628,0.0026462828,0.009962539,0.0077629513,0.013377522,0.0026873213
0.010123359,0.01040254,0.010791526,0.008927743,0.011158116,0.009214813,0.010692264,0.011142559,0.010776454,0.010725485,0.010889138,0.008351304,0.009349816,0.010585016,0.011262357,0.011310873,0.011192483,0.0,0.00938198,0.0108486535,0.010932291,0.0067446325,0.010098767,0.01074461,0.009019521,0.0061585214,0.010523936,0.0074728723,0.0109046195,0.003236065,0.011076905,0.004123353,0.01095732,0.01132156,0.0091815805,0.010635094,0.009859864,0.009986482,0.010761316,0.0085248975,0.006518003,0.0028871344,4.930343e-06,0.0111750895,0.007075466,0.009475064,0.0111747375,0.010958359,8.1875905e-06,0.010989776,0.006539959,0.01105898,0.010025819,0.011236097,0.011149618,0.011075496,0.010333165,0.0091796275,0.011155106,0.006289092,0.010465384,0.009708014,0.011069938,0.010391414,0.009842618,0.0108062355,0.01125581,0.008734012,0.0029918987,0.009299641,0.009857229,0.01071387,0.0107969055,0.008939087,0.008415868,0.009042671,0.01131363,0.0105657745,0.009507288,0.010834566,0.010788925,0.0077034025,0.010431737,0.010941843,0.011170459,0.010195982,0.010935728,0.007443398,0.010542728,0.0109805465,0.0036025567,0.011003629,0.008817863,0.010859799,0.008523862,0.009458949,0.010489597,0.010377723,0.011014392,8.141306e-06,0.008911958,0.008150309,0.008673567,0.011044042,0.009383218,0.0026652562,0.009964444,0.0077072186,0.013575731,0.002838451
0.0070007243,0.0072311824,0.0075995484,0.005611519,0.007894715,0.006579819,0.007631653,0.0078051174,0.0074532675,0.007301442,0.0071838815,0.0054804715,0.0055566314,0.007660593,0.007543507,0.0077427235,0.0075369454,0.007638869,0.0,0.007025872,0.007054564,0.0042304858,0.007199296,0.007567764,0.0059233587,0.002787671,0.007515023,0.005069123,0.0076760594,4.450136e-05,0.007836285,0.0012210495,0.0071499934,0.008015603,0.005778162,0.007865275,0.007224815,0.005512028,0.007289061,0.0059037544,0.0028215682,8.414446e-06,6.178405e-06,0.007325866,0.004553419,0.0063176397,0.0076176845,0.008000216,5.097498e-06,0.007189334,0.0039840816,0.0076961704,0.007203047,0.0076651596,0.007254909,0.007543878,0.0069312216,0.0068420423,0.0076667736,0.0035586592,0.00766912,0.0063858526,0.007985179,0.0072708474,0.00703259,0.0068607265,0.007723297,0.006450407,5.0248036e-06,0.006232941,0.0053836745,0.0067483396,0.007855435,0.005481904,0.0054887044,0.006433,0.008044255,0.0068860915,0.005342824,0.007978447,0.007704694,0.004954903,0.00772579,0.007524013,0.0074458965,0.0070061265,0.00810943,0.004521917,0.006845492,0.007869473,0.0009376288,0.0077052433,0.0073856274,0.007650684,0.006029808,0.006577202,0.0065787686,0.006856498,0.0074224877,2.951827e-06,0.005901797,0.005511508,0.006267336,0.007968742,0.006051658,9.252661e-06,0.0075704656,0.0062557594,0.012131951,9.547753e-06
0.013181415,0.01307879,0.014402558,0.011266758,0.01470784,0.011966277,0.01317825,0.014846599,0.013860996,0.013682058,0.01436685,0.011588709,0.0115045095,0.0139003135,0.015351552,0.014440418,0.014270885,0.01441312,0.012293192,0.0,0.015984064,0.010143684,0.013114839,0.013518196,0.011899589,0.010192518,0.013901433,0.010945252,0.013412381,0.007469438,0.016200088,0.008032312,0.016808257,0.015577049,0.01169873,0.013991836,0.012857623,0.01628682,0.013946501,0.011583484,0.009153841,0.0069433693,0.004795804,0.015253364,0.010618108,0.011934908,0.015811935,0.013959251,0.0048529366,0.014538551,0.009916126,0.014359455,0.0123982355,0.015333408,0.015603165,0.014539955,0.016421493,0.012171324,0.014233995,0.00964147,0.013211833,0.011936964,0.013733932,0.013234234,0.012522277,0.015432252,0.0144642275,0.012140449,0.0071898405,0.012164534,0.016335493,0.016071586,0.014524974,0.011227907,0.011316114,0.012197764,0.014702394,0.015260496,0.017392617,0.013336225,0.013406678,0.010693526,0.013439504,0.013672946,0.015149861,0.012682437,0.01384319,0.010854282,0.015591147,0.015138447,0.008052033,0.014023713,0.013229153,0.01420932,0.011497129,0.012361697,0.013042329,0.012861573,0.014093636,0.0028497872,0.0115742665,0.011249413,0.011654549,0.0145727685,0.011809951,0.0070427465,0.013104107,0.011927027,0.022825824,0.00735924
0.012429714,0.012486033,0.013689296,0.010677539,0.014225677,0.011355538,0.012552557,0.014371449,0.013146872,0.013051932,0.013378817,0.010711216,0.01061278,0.013317429,0.014432167,0.013806891,0.013226523,0.013611125,0.011442959,0.0153261935,0.0,0.009369407,0.012376584,0.012818109,0.010945651,0.009168442,0.013073597,0.0101150405,0.012836708,0.006401864,0.015110797,0.0069546695,0.01577099,0.014701139,0.010935179,0.013530701,0.01212659,0.014613972,0.013022798,0.010721541,0.008318644,0.0058972808,0.0038374842,0.014361244,0.009701324,0.011225589,0.014682847,0.0134479925,0.0039076996,0.013646601,0.009113454,0.013663587,0.011857896,0.014609643,0.014309223,0.013737993,0.0158357,0.011488329,0.013403224,0.008766097,0.012662576,0.011227361,0.013022637,0.012634218,0.011864272,0.014387834,0.013474055,0.011327884,0.0061328067,0.011321767,0.014635795,0.014732373,0.014061557,0.010564557,0.010540409,0.011394212,0.0142218005,0.014643846,0.01530761,0.0129390005,0.012887837,0.009824658,0.01296361,0.012959503,0.014095742,0.012285931,0.013450741,0.010039831,0.014883669,0.014574921,0.00693294,0.01350937,0.012487668,0.013376211,0.010641748,0.011594429,0.012173117,0.012059356,0.013320239,0.0014391214,0.010894188,0.010466599,0.010864951,0.013983238,0.011050925,0.006009019,0.012352228,0.011176277,0.021027852,0.0062783323
0.004703577,0.0049556815,0.005543005,0.0037155198,0.0057881726,0.0044011716,0.0054897713,0.00585998,0.005246743,0.004965013,0.0053612706,0.0037201762,0.0038373577,0.0054649515,0.0061593913,0.0057319324,0.005564635,0.0056289537,0.0044308095,0.006269504,0.006051153,0.0,0.0050230953,0.0055239913,0.00370841,0.00070945575,0.005041912,0.0029821075,0.005514753,1.0560387e-05,0.006764338,2.629297e-06,0.0065536364,0.0064044446,0.0038164128,0.005557613,0.005063528,0.006137762,0.00514831,0.0038820966,0.0013155147,5.267202e-06,8.024824e-06,0.00592019,0.0026881946,0.004166307,0.0062305625,0.005785226,1.057654e-05,0.005589226,0.0022699276,0.0056561795,0.0051782597,0.0063924766,0.0061568175,0.005600251,0.006643812,0.0048522106,0.0056335046,0.0020593205,0.0055016563,0.0042648762,0.006044057,0.005007695,0.0047621005,0.0057318397,0.005887417,0.00453675,4.7249027e-06,0.00417496,0.006173529,0.0059625027,0.005856618,0.003695639,0.0033984827,0.0043450054,0.0062548034,0.0062060873,0.007014532,0.00571371,0.005488125,0.0031497146,0.005472305,0.005496117,0.006280753,0.0048818868,0.005968429,0.002367567,0.0063570333,0.0064706444,1.1248951e-05,0.005695936,0.0057305885,0.00556427,0.004094076,0.0043699867,0.0044192756,0.0046417248,0.005574673,6.8570353e-06,0.0036602984,0.0033879376,0.0043742596,0.0058001126,0.0038251155,8.289027e-06,0.005291415,0.004526786,0.016355917,3.4733096e-06
0.0081167,0.008381483,0.008541714,0.0067591444,0.009175198,0.0076343617,0.0086498875,0.008846029,0.008476847,0.008343262,0.008198648,0.0066621853,0.006147671,0.008864069,0.008408724,0.008748749,0.008450791,0.008404791,0.007662722,0.007857541,0.008108952,0.0051362882,0.0,0.0086719375,0.0067461873,0.003169756,0.008596845,0.006161094,0.008708248,0.0009152892,0.008958497,0.001728279,0.008109125,0.009076266,0.006785614,0.009237541,0.0085715465,0.0061335373,0.008356438,0.0069492618,0.0035111355,8.185918e-06,2.7497663e-06,0.008298422,0.0057480927,0.007188658,0.008721266,0.009090118,8.0141735e-06,0.008116213,0.004935462,0.00863272,0.008142608,0.008460004,0.007989913,0.00871608,0.0076468075,0.008045174,0.0086867865,0.0045520505,0.008757712,0.0073241335,0.0089650275,0.008495679,0.008148151,0.007698503,0.0086142495,0.007860934,0.00024895402,0.007452009,0.0060227513,0.0074790795,0.008989946,0.006476136,0.0062554954,0.007623665,0.009187804,0.007759684,0.006085787,0.009122613,0.009027822,0.0058995546,0.009042221,0.00851642,0.008272178,0.008119656,0.009319003,0.005452124,0.0076165535,0.008939538,0.0019179375,0.00878767,0.00883004,0.008775114,0.007341667,0.007888751,0.007677111,0.007691898,0.008457007,2.0549637e-06,0.0069870134,0.0065472703,0.0073835137,0.00915561,0.0068513122,0.00066115963,0.008918022,0.007683686,0.012454889,0.00072357146
0.009045043,0.009332639,0.009481133,0.007814778,0.009978143,0.008469363,0.009504909,0.009823927,0.009404962,0.009368602,0.009216043,0.0075064385,0.007710719,0.009716335,0.009173779,0.009801865,0.009428778,0.009603495,0.008532871,0.008627259,0.009069077,0.006204391,0.009261977,0.0,0.0076303817,0.0037812812,0.009382808,0.0066901287,0.00961073,0.0019636364,0.009728305,0.0028453511,0.008909984,0.009942458,0.007892394,0.010006286,0.009271478,0.007021797,0.009277378,0.0076445513,0.0050043785,0.0012084658,7.607203e-06,0.009225343,0.006447503,0.008269456,0.009469346,0.009938471,9.37822e-06,0.009105251,0.0057085357,0.0095962575,0.00894826,0.009345853,0.008904643,0.009572571,0.008403051,0.008723042,0.009652039,0.0055025723,0.009576281,0.008365713,0.009942702,0.00927474,0.008891037,0.008586812,0.009575386,0.008320785,0.0016482958,0.008315058,0.0068441224,0.0082433885,0.0098306425,0.007765471,0.0072084116,0.008402558,0.009956684,0.0086896755,0.0070548425,0.009959675,0.009813495,0.006941749,0.009774011,0.009486054,0.009172642,0.009201707,0.010034956,0.006008962,0.008400482,0.009692332,0.0026410841,0.009834227,0.008912872,0.009661644,0.0078047547,0.008617963,0.008693469,0.008852397,0.009526074,7.019883e-06,0.007834359,0.0071762768,0.008106201,0.00994278,0.007945806,0.0015700867,0.00937431,0.0077576605,0.012628543,0.0015455176
0.006429115,0.0066799247,0.007002169,0.0052413717,0.0072667655,0.005749704,0.00705313,0.007179458,0.006869224,0.0066853855,0.0067674303,0.005185335,0.005551583,0.006916257,0.0069576884,0.007194118,0.0070900195,0.0071785212,0.0061213295,0.0060425685,0.0067224107,0.003931461,0.006548186,0.006973891,0.0,0.0031269174,0.006937057,0.00429405,0.007165337,1.9648876e-06,0.0074001704,0.0011578426,0.006879761,0.007547868,0.0055769696,0.0069903284,0.006487538,0.005346626,0.0067485883,0.005278992,0.0029655744,6.6284133e-06,7.0668557e-06,0.0068734763,0.0036756245,0.005928156,0.0072291642,0.0072322283,5.635339e-06,0.0068207216,0.0036169272,0.0070845475,0.0066364524,0.0072480016,0.006752297,0.0071256366,0.006238717,0.006130969,0.007241953,0.0028378097,0.007251676,0.006058545,0.0075354264,0.0066899746,0.006440589,0.0064043333,0.0071672387,0.0054998044,3.817382e-06,0.005772736,0.0052796835,0.0059784334,0.0073130815,0.0052250065,0.0053748004,0.005599712,0.007404244,0.0066537177,0.0052924366,0.007291334,0.006958743,0.004703386,0.006935669,0.0070924354,0.0071180654,0.0064771306,0.0073285205,0.004150559,0.006694505,0.0075864587,0.00036698167,0.0072683156,0.0062592514,0.0072439224,0.0052565867,0.0058421823,0.0062850993,0.0066028647,0.006973932,5.166637e-07,0.0052517103,0.0048345285,0.005516762,0.00737813,0.005891821,1.1654691e-06,0.006481841,0.004950577,0.013031521,6.935399e-07
0.0039293156,0.004180247,0.0052536516,0.00230659,0.005505447,0.0029717586,0.0047000684,0.005671975,0.0047773775,0.0045010196,0.005012,0.0027716674,0.0025113437,0.0047220034,0.006031674,0.005306873,0.0052382792,0.0054505616,0.0038590792,0.006298787,0.0060296534,0.0014835659,0.0043032086,0.004702878,0.0036102354,0.0,0.0051588686,0.0022410706,0.0047918614,4.5535303e-06,0.0064901384,1.6003763e-05,0.0064917863,0.0062797815,0.0030338117,0.004963148,0.003870246,0.006466046,0.0046571093,0.0029736543,1.4676411e-05,4.3514506e-06,6.357417e-06,0.0058276355,0.001389098,0.0034954012,0.006250031,0.005322364,1.06199856e-07,0.0053922185,0.0015344982,0.0052148104,0.0042489856,0.0064105797,0.006316908,0.0052990047,0.0068880045,0.0036443062,0.005207561,0.00052515516,0.0050596558,0.003419451,0.0054179127,0.004438456,0.0040826104,0.0057869023,0.0053825146,0.0030569253,1.8960474e-06,0.00323091,0.006498093,0.0063492563,0.005580335,0.0021667783,0.003307705,0.0031598124,0.0059969095,0.0065482073,0.007387092,0.0049135913,0.00482662,0.0020230252,0.0044877646,0.0051767216,0.0063162884,0.0040526194,0.005319271,0.0047312947,0.006896216,0.0065329224,1.0291213e-05,0.005058476,0.005152251,0.0054114866,0.0029331464,0.0034225776,0.003933968,0.003935954,0.005165618,-4.8332606e-07,0.0029913245,0.0026222325,0.0032585561,0.005462149,0.0025639066,8.424853e-06,0.0042746477,0.0033287385,0.017320981,-1.0356963e-06
0.008399084,0.008577734,0.008862576,0.006607145,0.009394592,0.007584328,0.008755012,0.0091170715,0.008744612,0.00862646,0.0085906545,0.006792103,0.006563915,0.0089245085,0.00874177,0.00914435,0.00881886,0.008939737,0.007970345,0.008289631,0.008617217,0.005560017,0.008684045,0.009005693,0.007381616,0.0045320042,0.0,0.006197599,0.008794655,0.00094919326,0.00939738,0.0024008544,0.0084990915,0.009608096,0.0070915055,0.009190793,0.00862297,0.0070643835,0.008562457,0.0070850453,0.003728383,0.000664737,5.474415e-06,0.008713589,0.0055080857,0.007554779,0.009242125,0.009312231,3.9820484e-06,0.008558199,0.005147408,0.008958088,0.008131173,0.008964401,0.008350474,0.009047685,0.008142173,0.008129502,0.008986107,0.0044343853,0.009235185,0.007574304,0.009210552,0.008703872,0.008324538,0.008120233,0.009046576,0.007646541,0.0005605139,0.0077278404,0.0068978462,0.007886719,0.009117861,0.006282948,0.0070010666,0.007619623,0.009247568,0.008134962,0.00653516,0.00906744,0.009089682,0.006154669,0.009091055,0.008751232,0.008658664,0.008022386,0.009237936,0.005923314,0.008008733,0.009318592,0.0019177812,0.009135982,0.00881541,0.00912037,0.007085945,0.007890831,0.008075824,0.007992811,0.009042257,8.446348e-06,0.0069754496,0.0067455117,0.00753785,0.009428331,0.006971078,0.0008417162,0.0087399455,0.0074111633,0.012411742,0.0009859524
0.0046146177,0.0047867275,0.0055191074,0.0034233856,0.0057016797,0.004618093,0.0052748276,0.0059347157,0.005223868,0.004948074,0.005696396,0.0033690368,0.002557994,0.0054842704,0.006858924,0.0060664336,0.0060498216,0.00624332,0.004117056,0.007149333,0.006627525,0.0020722952,0.004867552,0.005193962,0.0032566146,0.0004963162,0.0049423533,0.0,0.0051370463,9.0673e-06,0.0066510923,6.6130747e-06,0.007422072,0.0070911422,0.0029814723,0.0056782584,0.0050089615,0.007625392,0.005165892,0.0038634522,1.3470023e-05,1.3658437e-05,1.2026006e-05,0.006584109,0.0031252324,0.0037521718,0.006937237,0.0058370447,8.94324e-06,0.006029443,0.0022757521,0.0061641075,0.0047162236,0.0069244597,0.006936033,0.0060508056,0.007171691,0.005007579,0.00585946,0.0021140333,0.0052244347,0.0036868202,0.005723634,0.00511037,0.0046030916,0.006589386,0.0062666163,0.005015946,1.35748005e-05,0.004011404,0.0075322115,0.0069245277,0.005825578,0.002770786,0.0028601503,0.004559664,0.006650723,0.0066407295,0.008108575,0.005572637,0.0056253914,0.0023455226,0.0054515796,0.0053690863,0.00717796,0.00479671,0.005904507,0.002981291,0.0066745514,0.0070034154,0.00021803664,0.0060591134,0.0066334554,0.0054767113,0.0042537334,0.004722777,0.0043326267,0.0040213033,0.005364418,6.645808e-06,0.0035633196,0.0039947922,0.004393806,0.006201921,0.0034318957,7.1812606e-06,0.005735632,0.0057482356,0.014806806,1.3990967e-05
0.008877214,0.009226593,0.009318066,0.00770123,0.009615053,0.008102337,0.0093864305,0.009346169,0.009204674,0.009017535,0.008941717,0.0073329387,0.0075152833,0.0094160205,0.009036162,0.009467361,0.0092547545,0.009230533,0.008282277,0.008079457,0.008652437,0.005899547,0.009026824,0.009293024,0.0075286203,0.0039701336,0.00911755,0.00639787,0.0,0.001711698,0.009196813,0.0027368485,0.008326811,0.009590655,0.007860016,0.009549176,0.008825359,0.006711073,0.009107419,0.0076360796,0.0048595276,0.0010875681,1.1244355e-05,0.008961611,0.006224243,0.008001113,0.009219619,0.009653062,4.855554e-06,0.008896633,0.0053760493,0.009370835,0.008751568,0.009043656,0.008538979,0.009330396,0.008040855,0.008382683,0.009397312,0.005119509,0.009239759,0.008275102,0.009595205,0.00911688,0.008795691,0.008186951,0.0093756085,0.0080461055,0.0013435379,0.008004784,0.006586738,0.008006749,0.009587373,0.007592708,0.007049446,0.008157206,0.009676901,0.008317529,0.0066649597,0.009597141,0.009508017,0.006634362,0.009440621,0.0094669,0.008756992,0.00894006,0.009808185,0.006095677,0.008025425,0.009438515,0.0023795762,0.009415035,0.008257715,0.009234867,0.0077033,0.008443075,0.008716893,0.008779464,0.009285054,7.59788e-06,0.0077296356,0.0069782306,0.007776917,0.009612219,0.007853053,0.0013289062,0.009142917,0.00734215,0.01239577,0.0013482315
0.0030245536,0.003395177,0.004539649,0.0019278822,0.004775218,0.0029100664,0.0038910562,0.004883541,0.0037104532,0.0034864869,0.0038794496,0.0013145367,0.0013137688,0.004056801,0.0050918674,0.004420524,0.0042011947,0.0041896114,0.002334884,0.0058468743,0.005340016,9.552533e-05,0.00327397,0.0040083136,0.0012705445,1.939369e-06,0.0031643591,0.0011821273,0.0038516745,0.0,0.0058057047,3.3349538e-06,0.0060775885,0.005341599,0.0013322801,0.0045376583,0.0033779477,0.0072134985,0.0036842157,0.0017723135,6.658301e-06,1.4685549e-05,1.3416783e-05,0.0049261875,0.0007187552,0.0019039382,0.005303477,0.004617406,5.7335883e-06,0.0045287237,1.2282236e-05,0.004357173,0.0033137451,0.0056252824,0.0054624584,0.0043978984,0.0061929305,0.0030243094,0.004111168,1.3814104e-05,0.0035345887,0.00206649,0.0044068624,0.0035369094,0.0029119079,0.004943724,0.0044256677,0.0027765357,1.3903491e-05,0.0020485448,0.0070482614,0.005651915,0.0049123396,0.0016167013,0.00068755,0.0026525406,0.0051258598,0.0054718005,0.009410258,0.0043357727,0.0040745097,0.000495986,0.0040609385,0.0039963173,0.0055089984,0.0034654639,0.004709745,0.00021958437,0.0056285327,0.0057544275,1.033958e-05,0.0043214206,0.0041295323,0.003955754,0.002172862,0.0028917294,0.0023333419,0.0025544858,0.004021814,-1.0434891e-06,0.0017065245,0.001210338,0.002399364,0.0045603137,0.0017324389,1.3499331e-05,0.003728415,0.0027888292,0.017795984,1.2504793e-05
0.012018614,0.011920177,0.012800608,0.01032351,0.0132628335,0.011205215,0.012158042,0.013331041,0.012382034,0.012411675,0.012430735,0.010510871,0.009994174,0.01282128,0.0130520435,0.012816587,0.012380546,0.012625183,0.011284839,0.0139308665,0.013768193,0.009226152,0.012292071,0.012295525,0.010948568,0.008852415,0.012862557,0.010075788,0.012378209,0.0061668744,0.0,0.0068973224,0.014073377,0.0136526385,0.010717869,0.012808297,0.012084809,0.012519134,0.012282427,0.010686461,0.007892169,0.0054582795,0.0031740826,0.0129108485,0.009702518,0.010893097,0.013649603,0.012930787,0.0032110857,0.012286934,0.009039895,0.012762466,0.011317363,0.013134723,0.012888068,0.012731455,0.013778764,0.011466152,0.012576623,0.008683047,0.012351308,0.01092244,0.012434126,0.012348457,0.011751802,0.012662923,0.012655681,0.011251683,0.005524089,0.011260539,0.012663707,0.013053776,0.013282839,0.010050394,0.010473908,0.01126459,0.01339988,0.013039749,0.013211736,0.012433628,0.012509196,0.009749343,0.012699206,0.012244717,0.012799343,0.011590274,0.012742126,0.009927187,0.01309307,0.013532285,0.006838084,0.01283495,0.012547613,0.012680054,0.010661422,0.011465225,0.011774376,0.011481181,0.0125603285,0.0006465797,0.01069221,0.010518811,0.010874522,0.013421918,0.010711706,0.0056782886,0.012336499,0.011231933,0.020802174,0.006050364
0.0034299588,0.0038191841,0.0046217125,0.0021142806,0.0049433475,0.0028066502,0.004241271,0.0051548597,0.0042403787,0.0037156972,0.004279043,0.0020142929,0.0023110297,0.004202552,0.0054956004,0.004628972,0.004545231,0.0046768314,0.0030208256,0.0058113523,0.0055496506,0.00094231626,0.0036732294,0.0043690503,0.0025760364,0.00021933645,0.004002676,0.0014072353,0.0042708353,-9.489649e-07,0.0059766877,0.0,0.006148233,0.0057697743,0.002145737,0.0044396776,0.0035475455,0.006410459,0.0041349377,0.0023705752,7.072024e-08,-2.7889687e-06,3.825694e-06,0.005240828,0.0009551045,0.002805475,0.005583258,0.004838872,9.817772e-06,0.0049215406,0.0005440193,0.0045881313,0.0036092636,0.005866971,0.005776533,0.0047516855,0.006408386,0.0032918071,0.004452415,2.761441e-05,0.004367214,0.0029200127,0.004962463,0.0039088917,0.003512891,0.005243531,0.0047978777,0.002869346,-1.5956208e-06,0.0025908502,0.0064002955,0.0056169885,0.005121459,0.0018986926,0.0020040516,0.0029000402,0.005484114,0.005846336,0.007707566,0.0044832095,0.004225203,0.0014052157,0.0040931925,0.004436339,0.005692256,0.003708196,0.0049011908,0.0011435328,0.006013718,0.0060617435,1.0549764e-05,0.004511709,0.004345652,0.00446167,0.0023943256,0.002982861,0.0030921528,0.003179351,0.004441803,1.170543e-05,0.0021856823,0.0019134291,0.002694392,0.004759093,0.0025015976,1.2322551e-05,0.004055,0.0028080444,0.017652595,6.867468e-06
0.013157963,0.013089187,0.014493291,0.011559007,0.0148753375,0.012026723,0.013344658,0.014946893,0.013851518,0.013822061,0.014347601,0.011521015,0.011581812,0.013851866,0.015369413,0.014329062,0.0142975105,0.0144021595,0.012435556,0.016735801,0.016149638,0.010332484,0.013236695,0.013581301,0.011930859,0.010366138,0.013853799,0.011042895,0.013530534,0.007712867,0.016227001,0.008192414,0.0,0.015627604,0.011897039,0.013957768,0.012946966,0.016231293,0.013892908,0.011586301,0.00941564,0.0071713803,0.0049933377,0.015432164,0.010633995,0.012124577,0.015790703,0.013950373,0.004948365,0.014541771,0.010065157,0.014527101,0.012527329,0.015265853,0.015684174,0.014503617,0.016477995,0.0123603055,0.014345372,0.009914414,0.013375142,0.012028667,0.0137191,0.013336548,0.012652209,0.015640011,0.014436674,0.012235374,0.0074445815,0.012246014,0.016425673,0.015960477,0.014497847,0.011384411,0.011457727,0.012195732,0.014812573,0.015334489,0.01747906,0.013456534,0.013596251,0.010686972,0.013620499,0.0137649905,0.015167589,0.012811527,0.013936465,0.010983094,0.015638588,0.015190945,0.008213412,0.014220522,0.01329763,0.014236226,0.011475014,0.012376027,0.013020084,0.012832909,0.014007776,0.0030880459,0.011714739,0.011328969,0.01169883,0.014557542,0.011933278,0.0073160385,0.013045376,0.011992722,0.0229947,0.007503487
0.011383582,0.011400168,0.0123914685,0.009795531,0.012974411,0.010403225,0.011675558,0.012805096,0.012045323,0.011913714,0.012022235,0.009691754,0.009449435,0.012133676,0.012722805,0.012580211,0.012218411,0.01229963,0.010578848,0.013353303,0.013189099,0.008333922,0.011606687,0.011807685,0.010008714,0.0077554546,0.012178584,0.00905952,0.011970214,0.0050350074,0.013707942,0.0057508587,0.013576023,0.0,0.010080634,0.012306331,0.011291177,0.012355638,0.011878042,0.009766326,0.0069328076,0.004072482,0.0019777587,0.012613116,0.0086310245,0.010219507,0.013144663,0.0122660315,0.0019884023,0.01220765,0.00814435,0.012373565,0.010951583,0.012753339,0.012724119,0.012389514,0.013113297,0.010657247,0.012420447,0.007830119,0.011863754,0.010285128,0.0121031,0.011543858,0.011090091,0.012459934,0.012441521,0.010477874,0.0046485853,0.01060037,0.012181165,0.012731234,0.012709677,0.009408208,0.009515008,0.010606731,0.012728704,0.0124840215,0.012336848,0.01194159,0.01196977,0.008872921,0.012006142,0.011907801,0.012453821,0.011078014,0.012259152,0.0089625595,0.012491236,0.012918215,0.005582452,0.012373153,0.011562934,0.012388685,0.009857774,0.010632822,0.011169682,0.01103957,0.01226892,3.8148255e-06,0.009916403,0.009492095,0.010029711,0.012741794,0.010012129,0.004564476,0.011497126,0.0102717215,0.016319219,0.0048411926
0.0068171523,0.0072557596,0.007149506,0.0061149583,0.00747162,0.00625452,0.007550843,0.0072894166,0.007134979,0.0070565115,0.006950197,0.0055729533,0.006918587,0.007070763,0.006957672,0.0075001693,0.007398445,0.0075334674,0.006361889,0.006176342,0.006731674,0.0042125643,0.006833875,0.0073991055,0.0058932994,0.00244497,0.0069920933,0.0042106165,0.007594643,0.00019268181,0.0076100267,0.0011906829,0.0068276566,0.0074903374,0.0,0.007386575,0.0067383964,0.005317086,0.0069777532,0.005674377,0.0042509967,5.3447693e-06,3.0556841e-06,0.0068809213,0.0039814864,0.0065326975,0.0073002265,0.0076358994,7.627588e-06,0.0068871337,0.003720788,0.007407327,0.0071876636,0.0071333586,0.0064420872,0.0074062743,0.0060862144,0.006309644,0.0076096896,0.0035356774,0.0074148234,0.006751825,0.007724329,0.006970154,0.00682492,0.005973817,0.0075076306,0.005902154,0.00017367286,0.0060196966,0.005055627,0.0058074696,0.0073999357,0.00648899,0.0054918076,0.0059222705,0.0076444885,0.0060067354,0.005288425,0.0075669386,0.0073603536,0.0051664817,0.007114126,0.0075644716,0.007079307,0.00706031,0.0077280086,0.0040893136,0.0062454604,0.0075545493,0.0005239691,0.007546175,0.005833982,0.007310092,0.0057953764,0.0062200455,0.0071130353,0.007161948,0.0072833784,6.009238e-06,0.0058468347,0.0049865535,0.0058399397,0.0074465894,0.006666808,4.4617072e-06,0.006778502,0.0046441057,0.012537028,7.848852e-06
0.009380463,0.00960378,0.0100559145,0.00793958,0.010512207,0.009070395,0.009684531,0.010299047,0.009621702,0.009443155,0.009412729,0.0077822097,0.006896585,0.010399859,0.00970776,0.01008783,0.009512603,0.009613223,0.008551628,0.0093197655,0.009604557,0.0063140537,0.009649712,0.009845029,0.007562794,0.004015092,0.0094642,0.0074989484,0.00986913,0.0025805344,0.010203415,0.0028145777,0.009451102,0.010270747,0.007724781,0.0,0.009799378,0.008022639,0.009453344,0.008048309,0.004344365,0.00071170204,4.642245e-06,0.009549161,0.007174827,0.008183727,0.009875462,0.0105210785,1.3997088e-07,0.009323562,0.005999482,0.009907697,0.009046396,0.009903051,0.009316838,0.009890402,0.009425649,0.009304999,0.009826882,0.0059486288,0.009765059,0.008290872,0.009929877,0.009768642,0.00911034,0.008922945,0.009741928,0.009143421,0.0018011362,0.00862887,0.007917891,0.008985383,0.010683312,0.007756055,0.007217797,0.009014208,0.010479929,0.009375261,0.007634284,0.010458179,0.01050292,0.0066500176,0.01049926,0.009696813,0.009369383,0.009522568,0.010597225,0.0066215065,0.009264353,0.010420094,0.0032417001,0.010065141,0.01014471,0.009752515,0.008428581,0.0093528265,0.008618384,0.0086676935,0.009508533,3.62274e-06,0.00804001,0.0076792985,0.0086148055,0.010526324,0.0075967484,0.0019816356,0.010187933,0.009108849,0.013639528,0.0023722863
0.0075819134,0.007825845,0.008175149,0.006085678,0.008522856,0.007204993,0.008091776,0.008332699,0.007929946,0.007710879,0.0076819705,0.0060780905,0.005604388,0.00828572,0.007956588,0.008368836,0.007930725,0.007871439,0.0069838585,0.007752389,0.0077765076,0.004817407,0.007935111,0.008224765,0.00612365,0.0019036473,0.007900243,0.005760656,0.0080636535,0.0008471578,0.00872086,0.0013988209,0.007950464,0.008672703,0.0060698916,0.008624881,0.0,0.006047217,0.0076860185,0.006409098,0.0029254863,4.94757e-06,9.080052e-06,0.007952161,0.0052779056,0.0067282696,0.008222795,0.00858154,3.5374646e-06,0.0077723754,0.004436892,0.008153738,0.007541081,0.008208844,0.007714391,0.008104538,0.007600635,0.0076736924,0.008244966,0.0043836143,0.008228294,0.0068520634,0.008523005,0.007982576,0.007568984,0.0073452257,0.008235201,0.007537579,5.4350978e-05,0.006939867,0.0059608985,0.007213565,0.008531195,0.0059237974,0.00558252,0.007167597,0.0085485,0.007540742,0.005961325,0.008673446,0.008434785,0.005315402,0.008489816,0.008066073,0.0078730695,0.007535461,0.008793723,0.0045860643,0.0072864224,0.008615873,0.0016473057,0.008352577,0.008698573,0.008175197,0.006761676,0.0074902033,0.007080549,0.0070613762,0.0079834685,9.823076e-06,0.0062027406,0.0061406638,0.0068892324,0.008641656,0.006424117,0.0004346728,0.008396586,0.0071836202,0.012337328,0.00052561547
0.015100834,0.015109122,0.016350223,0.0133757405,0.016277222,0.013834145,0.01512323,0.01679213,0.015847327,0.015709862,0.016368128,0.013527617,0.013661167,0.015690848,0.017238269,0.0163276,0.01622747,0.016399832,0.014041215,0.017932583,0.017350523,0.012054614,0.014937615,0.015389506,0.013673228,0.012210438,0.015431498,0.012859617,0.01532117,0.009593638,0.017450051,0.01017477,0.017969232,0.016972182,0.013776117,0.015812926,0.014695928,0.0,0.016037023,0.013445594,0.011557208,0.009147489,0.0071796007,0.017278587,0.0125925075,0.01398333,0.017144604,0.015705824,0.00702963,0.016607296,0.011971119,0.016218025,0.014421384,0.017107377,0.01748099,0.01635729,0.018066263,0.014006698,0.016057579,0.011722099,0.0149551155,0.014136915,0.015464649,0.015101968,0.0143734645,0.01759906,0.016208114,0.013827935,0.009421992,0.0139592625,0.019297823,0.017979572,0.016396228,0.01361513,0.013225366,0.013986654,0.016559983,0.017399529,0.022226753,0.015342476,0.015409685,0.012673783,0.015225848,0.015685553,0.017107358,0.014954751,0.015619799,0.01276329,0.017742228,0.016911605,0.010154387,0.015878847,0.014427732,0.015799014,0.013237691,0.014276755,0.014989987,0.014838263,0.015860373,0.0053043813,0.01348615,0.0130804395,0.013356509,0.016386349,0.0138586955,0.009251807,0.014804391,0.013404139,0.022863207,0.009571464
0.009942222,0.0101948045,0.010633489,0.008628337,0.011001994,0.009048474,0.0103010945,0.0107889045,0.010436795,0.010296406,0.010214584,0.008255489,0.008400523,0.010668913,0.01061971,0.010796412,0.010533684,0.0106952535,0.009259731,0.009911585,0.010267194,0.006585405,0.010118958,0.010407732,0.008525576,0.005218578,0.010399297,0.007214681,0.0104640275,0.0025301343,0.010811079,0.0034689447,0.01012968,0.0110512,0.008576179,0.010799073,0.010001733,0.00892004,0.0,0.008508758,0.0055598156,0.0018442353,5.183304e-06,0.010607865,0.006980793,0.009083065,0.010577735,0.010877094,6.4125347e-06,0.010262593,0.006343881,0.010758883,0.009695664,0.01068965,0.01018662,0.010624285,0.009806331,0.009153951,0.010742274,0.005898659,0.01034957,0.0092297215,0.0108177345,0.010288125,0.009737762,0.010025476,0.010750335,0.00895287,0.0022597085,0.009016003,0.008795237,0.0097673675,0.010797447,0.008460386,0.0079343235,0.008956336,0.011157708,0.010017366,0.008566291,0.010704047,0.010792874,0.0073663327,0.01049954,0.010549614,0.010337792,0.009963532,0.010871534,0.0068991245,0.009949912,0.010890725,0.003301303,0.010852192,0.009426196,0.010624899,0.008589728,0.009346077,0.009710336,0.009707797,0.010480182,8.521742e-06,0.008569115,0.00783177,0.008595526,0.010968313,0.008641144,0.002102152,0.0101749385,0.008309361,0.013531703,0.0023102832
0.0058517293,0.0062747234,0.0065829824,0.005046382,0.0068480894,0.0056799985,0.006581595,0.0069074584,0.006335938,0.006098676,0.006274676,0.004541156,0.004703605,0.0066775503,0.006913683,0.006745682,0.006829883,0.006801219,0.005607075,0.006671625,0.0066733765,0.0033494052,0.0061039464,0.006548216,0.004681142,0.0017007958,0.0063591283,0.0042721326,0.0065512653,6.7035676e-06,0.0074059535,0.0004486603,0.0069461768,0.0072568324,0.0047297277,0.0068424596,0.006164573,0.006227358,0.006242308,0.0,0.0020129296,2.2640465e-06,2.2482416e-06,0.0067543974,0.003913541,0.0052382117,0.0070829955,0.006937332,5.313183e-06,0.006545725,0.0032064226,0.0067113615,0.006257246,0.0070916493,0.006814399,0.0066304314,0.006615945,0.005998249,0.0067562587,0.002898964,0.0065480894,0.0054233246,0.0070986454,0.006341067,0.0061168345,0.006313388,0.0069644284,0.0058176313,9.807615e-06,0.0051819794,0.0062375995,0.0064412593,0.006867938,0.0046527837,0.004296981,0.0055451593,0.0071871616,0.006553807,0.005834246,0.0069934796,0.0068089343,0.003914669,0.0066464464,0.0066877506,0.0069412063,0.00609413,0.007176626,0.003723626,0.0063880375,0.007305771,0.00043844685,0.0068557514,0.0065708817,0.006566135,0.00535856,0.0057135443,0.005531133,0.0057743867,0.0066016065,2.1120063e-06,0.004889862,0.004528805,0.0054897214,0.006929184,0.0051078084,4.5129686e-06,0.006541281,0.005614224,0.012678292,1.1194508e-05
0.0049650106,0.0055100755,0.0055500357,0.0052426597,0.005781183,0.0043842085,0.00598456,0.0056858384,0.005540179,0.005194814,0.005388723,0.0038288774,0.0072264206,0.005262726,0.0057691857,0.0057952562,0.0059507303,0.0061516343,0.0043898537,0.0056981477,0.005622673,0.0026723046,0.0049290806,0.005697256,0.004411776,0.0002576741,0.004961504,0.0021000467,0.005968397,1.2662247e-05,0.0065392293,9.824998e-05,0.0060368823,0.0062318933,0.00536425,0.0054735118,0.0047078426,0.005638249,0.0052737114,0.0038747983,0.0,6.429283e-06,5.136768e-06,0.005590544,0.0021673208,0.0051862826,0.0059743705,0.005785696,8.732118e-06,0.0057193325,0.0022254465,0.0057026776,0.006005644,0.0059404564,0.0058824336,0.005763329,0.0059498185,0.004267131,0.0060341666,0.0022729773,0.0055012084,0.00564654,0.006176022,0.00518178,0.0050826417,0.0052701654,0.0061754338,0.0037189075,5.1640172e-06,0.0043464443,0.005508386,0.0055271126,0.005782468,0.0061076786,0.003873659,0.0040488597,0.006047022,0.005618668,0.0058660693,0.005849726,0.005489757,0.0039522042,0.0051710973,0.0060833856,0.0060787424,0.0055483673,0.0057621603,0.00199674,0.0055459626,0.006180519,7.6979e-06,0.0058531174,0.0028883086,0.0055784783,0.0038994525,0.0043015713,0.0059537636,0.0059427563,0.0058862898,1.0232677e-05,0.0042428556,0.0029096554,0.003995164,0.0057063242,0.0059202705,8.218843e-06,0.0046487367,0.0020937535,0.016691053,1.0042554e-05
0.003153329,0.0033982566,0.0046466445,0.0014464082,0.004935885,0.0018863693,0.004086529,0.0050292457,0.00429395,0.0038267751,0.0044672466,0.0009963241,0.0023833648,0.0039590932,0.0055429917,0.0047644787,0.0046351454,0.004919044,0.002309974,0.0060552973,0.005608275,2.9933935e-05,0.0033081495,0.004266675,0.001808559,1.7240383e-05,0.003861952,2.677486e-05,0.0040411777,1.95504e-05,0.006005949,2.4740342e-05,0.0063379062,0.005902347,0.001743083,0.004050969,0.0030202873,0.0064761704,0.004152453,0.0011834039,2.092839e-05,0.0,4.261448e-06,0.0053068157,2.7957496e-05,0.0022205294,0.005685303,0.0046919254,1.1705269e-05,0.004929186,2.7485568e-05,0.0046968656,0.0034462716,0.0058156783,0.0058714594,0.0047665327,0.006367612,0.002290622,0.0047118645,1.205882e-05,0.0037975854,0.002568402,0.004817898,0.0033781743,0.0028131963,0.005221588,0.0048133056,0.0016795719,9.842302e-06,0.001831485,0.006532569,0.00584712,0.004858113,0.0015609248,0.00119102,0.0017327105,0.0053857625,0.0057475204,0.007903619,0.004217886,0.0037532353,0.0006844467,0.0037251643,0.004413079,0.005779538,0.0033315688,0.0046487385,2.8019753e-05,0.006035998,0.0058253603,8.738906e-06,0.004510327,0.0026300286,0.00434997,0.0011657986,0.0022386475,0.002957418,0.0031445515,0.0044963704,4.279713e-06,0.0012556729,0.00055033824,0.0016142778,0.0047421996,0.002367708,9.472269e-06,0.0032861552,0.0011231712,0.018251486,1.7580862e-05
0.0018051689,0.002199627,0.004265986,1.550321e-05,0.0046311994,0.00014452991,0.0026916587,0.0048811687,0.003253256,0.0026552628,0.0036064675,-3.3108543e-06,1.9116247e-05,0.0034641754,0.005143714,0.0039947852,0.0036207815,0.0037131233,0.00022069106,0.005966226,0.0055790585,1.3803515e-05,0.002127672,0.0032005382,-1.7683718e-06,3.4845177e-06,0.0022594149,-4.5361776e-06,0.0027479504,1.2975928e-05,0.0059565986,3.787176e-06,0.0061698398,0.005405182,4.371253e-06,0.0038855092,0.0018566555,0.0069184303,0.0033628629,-3.804235e-06,-4.341037e-06,3.3558692e-06,0.0,0.004702036,1.3443637e-05,-2.7155255e-07,0.005394223,0.004269548,1.1609118e-05,0.0042707673,1.725533e-05,0.0040555284,0.0016325059,0.0056998064,0.005523771,0.0040671295,0.0065453346,0.0005202335,0.003576052,1.0410307e-05,0.002344533,8.436905e-06,0.0036594267,0.0022043602,0.0009833657,0.0050332095,0.003909375,0.00027017176,6.4477667e-06,1.0649575e-05,0.0068539707,0.0055820793,0.0048128203,1.758442e-05,1.7353988e-05,0.00030496065,0.00504326,0.0056547686,0.009571541,0.0034762276,0.0030833238,2.4163253e-06,0.0029573136,0.003202371,0.0054079164,0.002086957,0.0042134617,2.5629373e-07,0.005951741,0.005924965,9.465995e-06,0.003749391,0.0021913564,0.0033253378,2.118286e-05,0.00069265533,0.0006794286,0.0007521418,0.0033499124,-4.5216716e-06,7.6024176e-06,-5.78223e-06,1.6299098e-05,0.0043786466,8.046679e-06,1.3231575e-05,0.0023816822,1.2505035e-05,0.019170918,6.485126e-06
0.011645299,0.011792196,0.012800504,0.010009814,0.0130378725,0.010487569,0.011864528,0.013334316,0.01237329,0.012170574,0.012584498,0.009803063,0.009960204,0.012389605,0.013753759,0.012925447,0.012788066,0.0128641995,0.010650655,0.01356651,0.0135274315,0.008295472,0.011582318,0.012188641,0.010268296,0.00797113,0.012131925,0.009156618,0.012196255,0.0052984175,0.013541319,0.00594591,0.01384728,0.013496513,0.010256693,0.012502957,0.011286253,0.013555444,0.012411306,0.009940317,0.0074022315,0.0044521363,0.0022871299,0.0,0.008650425,0.010451455,0.013290329,0.012493493,0.0022009988,0.013136228,0.008124977,0.012851672,0.011083748,0.013803561,0.013601945,0.01292909,0.013784378,0.010703468,0.012663688,0.007967277,0.01178536,0.010520328,0.0122663975,0.011669731,0.011184363,0.013442529,0.0129072815,0.010314499,0.005136572,0.010536202,0.013557867,0.013786202,0.012926491,0.009883954,0.0095915,0.010555488,0.01326559,0.01370822,0.0138530815,0.012185015,0.012127167,0.009018141,0.0120861195,0.012344825,0.013431902,0.011515196,0.012525089,0.008939734,0.013896395,0.013568389,0.005833707,0.012721136,0.011024825,0.012353201,0.009881289,0.010886735,0.011568876,0.011364408,0.0124838175,1.27434e-05,0.010134887,0.009520262,0.010085508,0.012811003,0.010196079,0.004923731,0.01144936,0.010011216,0.0171155,0.0052052173
0.0048231315,0.0052076136,0.005832281,0.003907073,0.0060311793,0.004961947,0.0055035464,0.006010435,0.0053061363,0.0051434194,0.00540208,0.0035564387,0.0030614259,0.0057504186,0.0068055647,0.0059081763,0.005767046,0.0058607864,0.00434335,0.007161185,0.0066877143,0.0024746812,0.0051386226,0.0055279215,0.0033915578,6.1968356e-05,0.0049311416,0.0036089618,0.0054952484,7.719865e-06,0.006826025,5.9914605e-06,0.0074240803,0.006691152,0.0033548416,0.00591293,0.005249939,0.007513664,0.005290171,0.0039972323,0.00036125683,5.6512354e-06,7.38747e-06,0.0061656176,0.0,0.0040668864,0.006521251,0.0060782745,1.1182773e-05,0.005904704,0.0023365242,0.0057535777,0.005035028,0.006431837,0.007040346,0.0058432682,0.006714008,0.0052699903,0.005681649,0.0023643847,0.00531734,0.004120817,0.0060988707,0.005316823,0.004873474,0.0065119066,0.0059523494,0.0051796595,1.1930488e-05,0.00412439,0.0073459824,0.0064705224,0.0060085272,0.0035644432,0.0029699106,0.004960372,0.006383989,0.006098122,0.008016097,0.005837451,0.005781075,0.0028231407,0.0057247044,0.0056537557,0.0069813193,0.005135414,0.006201044,0.002767982,0.0060528647,0.006496475,0.0005046294,0.005666403,0.00639179,0.0056159417,0.0046449876,0.0049214526,0.0043106247,0.004370576,0.0055808914,2.0767636e-06,0.0039057056,0.003731632,0.0045962054,0.005940295,0.0035256934,1.0953885e-05,0.005828748,0.0055866395,0.015030385,8.346512e-06
0.0068771113,0.0073403986,0.007404002,0.0060072243,0.0076585705,0.006250882,0.007603252,0.007434905,0.007265119,0.007143264,0.0070754825,0.005628384,0.0064498577,0.0074817566,0.0071864338,0.007692326,0.0075610457,0.007510672,0.0064139157,0.0067627276,0.0069082635,0.004283097,0.007089876,0.007487314,0.005820108,0.0025903825,0.007224603,0.004584057,0.007619835,0.00030888058,0.0077219727,0.0011656357,0.006980568,0.007826293,0.0062251524,0.0075352304,0.0069810287,0.0053663794,0.007222572,0.00574962,0.003680649,1.2811268e-05,1.0688216e-05,0.0072106575,0.004405974,0.0,0.0074510956,0.0077484944,1.0016455e-05,0.0070427004,0.003870702,0.007481121,0.007315475,0.007343601,0.0069858963,0.00752085,0.0065868422,0.0066340053,0.0076371124,0.0036933895,0.0075886454,0.0067246174,0.008023998,0.007265441,0.0069544376,0.0066287336,0.007587228,0.0061267554,7.83235e-06,0.0061944537,0.0053348485,0.0065113152,0.007675491,0.006100233,0.0054968903,0.0061285663,0.0077598556,0.006627025,0.005418058,0.007732759,0.0076066037,0.005223146,0.00737463,0.0077048717,0.0072686565,0.0071344892,0.007896794,0.004307755,0.0064778714,0.0076351194,0.0008058375,0.0077394987,0.0065418975,0.0074264784,0.005881817,0.006562111,0.006926507,0.0070393756,0.0073988163,1.2550912e-05,0.0058133216,0.0053434568,0.0059868176,0.0078076064,0.0063329088,2.4398585e-05,0.0070737246,0.0052838116,0.011908308,7.819578e-06
0.011661154,0.011536906,0.01254712,0.009824611,0.013037596,0.01056215,0.011771785,0.012959511,0.012295835,0.012122214,0.012309265,0.009840442,0.009802902,0.01226156,0.013081275,0.012675287,0.012422513,0.012618118,0.010789133,0.014020366,0.013755703,0.008387508,0.011629441,0.012050008,0.010302607,0.008096782,0.012421852,0.009238775,0.012114489,0.005156029,0.014049156,0.0060912636,0.014170044,0.013665017,0.010142297,0.012447414,0.011516663,0.0131326625,0.012132127,0.010055422,0.0072761048,0.0042612357,0.0023189113,0.013014525,0.008848,0.01047173,0.0,0.0125218155,0.0021194627,0.0126522295,0.00824859,0.012606279,0.011018162,0.013248373,0.01321174,0.01271957,0.013600416,0.010745365,0.012683301,0.007865991,0.011988571,0.010403094,0.01236986,0.011742427,0.011239405,0.012943429,0.012586094,0.0105872,0.004947913,0.010608079,0.012864671,0.013298329,0.012833834,0.009539301,0.009777433,0.010537858,0.01298378,0.012748448,0.013215519,0.011984697,0.012158253,0.009025436,0.012081047,0.012187931,0.012988873,0.01133545,0.012363214,0.00901093,0.013024811,0.013194862,0.005945944,0.012476674,0.011716454,0.012493087,0.010017395,0.010788789,0.011330394,0.011316439,0.012551171,1.1331672e-05,0.010028782,0.0098037,0.010220033,0.012941748,0.010073884,0.004911982,0.011646925,0.010386032,0.017437173,0.0051847575
0.009748489,0.009965683,0.010334155,0.00831622,0.010791687,0.009099764,0.010092831,0.010643665,0.009968773,0.009921832,0.009641835,0.007951938,0.007445063,0.010589833,0.009948842,0.010397176,0.009929144,0.009968475,0.009005045,0.009438562,0.009904023,0.006618705,0.009908395,0.010058615,0.008090742,0.0045799366,0.00998174,0.00756693,0.010203095,0.0026856237,0.010525252,0.0033616128,0.009654925,0.010477647,0.008099814,0.010662178,0.009917347,0.008200605,0.009776211,0.008246539,0.004909811,0.0014139668,8.11197e-06,0.009935869,0.007073741,0.008483648,0.010180859,0.0,5.017317e-06,0.009811797,0.006260955,0.010142749,0.009415302,0.010290459,0.009485716,0.010135716,0.009486159,0.009257992,0.010095612,0.006087845,0.009924542,0.00872035,0.0102543235,0.010117109,0.009552849,0.009149643,0.010003542,0.00919713,0.0019909053,0.008941679,0.008141205,0.009197672,0.010788399,0.008053325,0.007632831,0.00908472,0.010721783,0.009747371,0.007982226,0.0105689345,0.010608142,0.0071839145,0.010514145,0.010077292,0.009675098,0.009761352,0.010815905,0.0068417033,0.009588997,0.010794124,0.0034299442,0.01028399,0.0098359,0.010038374,0.008442908,0.009327231,0.009144895,0.009189087,0.009833779,1.04342525e-05,0.008248827,0.00786515,0.008627203,0.010759522,0.008129942,0.0021598155,0.010301684,0.008858149,0.013524233,0.0025265156
0.0018659292,0.00219762,0.004305709,-5.8176e-07,0.0045912517,0.000108160726,0.002962453,0.0049550775,0.0035205174,0.0029882446,0.0037684364,2.2780277e-07,2.3216382e-05,0.0034369037,0.005416607,0.0042769695,0.003954845,0.0040138843,0.00035574322,0.0059506763,0.0055827447,5.043486e-06,0.0020950886,0.0032223698,4.2996594e-06,1.7599555e-06,0.0023263483,1.8264465e-05,0.0029824928,6.554745e-06,0.005936913,1.6798202e-05,0.006220428,0.0056041884,4.2279485e-06,0.0038455096,0.0016989328,0.0067920247,0.003480764,4.8184447e-06,2.8160204e-07,8.9935575e-06,1.0663379e-05,0.004907323,1.5504167e-05,1.8355942e-05,0.005534037,0.004264891,0.0,0.0044359555,2.1337348e-05,0.0042107305,0.001834019,0.005746257,0.0056395186,0.0041917725,0.0064502717,0.0005171663,0.0037808493,1.1468407e-05,0.0024418102,0.00013465044,0.0039064446,0.0023399012,0.0011283281,0.005098695,0.0040527047,7.9820806e-05,1.7234019e-05,-1.2710522e-06,0.00678234,0.0056646373,0.0049324613,1.7197468e-05,2.5583854e-06,0.00015498904,0.0051560854,0.005706106,0.008934407,0.0034740607,0.00307497,1.9920917e-05,0.0029671586,0.0033224206,0.0055507165,0.0021259787,0.0041193413,-3.0532387e-06,0.0059413537,0.0060845395,1.12384905e-05,0.0038900785,0.001430998,0.0035181937,2.2238832e-05,0.0007551129,0.0009924443,0.0011917118,0.00351317,1.4073113e-05,1.5758325e-05,2.611083e-06,1.4078653e-05,0.00438306,1.795995e-05,1.7241853e-05,0.0023067447,1.6668067e-05,0.01918537,2.1441825e-05
0.010728075,0.011092683,0.011766228,0.009451821,0.011926336,0.009721674,0.011334524,0.01209495,0.011572179,0.011423727,0.011486011,0.008982289,0.009841346,0.011405293,0.012500102,0.011972957,0.011908527,0.011908059,0.009731458,0.012122786,0.012179403,0.007652424,0.010678751,0.011399283,0.009318838,0.006644997,0.011184097,0.0077612614,0.011451031,0.004051268,0.011880656,0.004940435,0.012311021,0.012312245,0.009590366,0.01143148,0.010307617,0.012001586,0.011488831,0.009089345,0.0069454974,0.003653436,0.0008438445,0.012283049,0.0078233965,0.009888892,0.011994941,0.0117151495,0.001029307,0.0,0.0073387306,0.011797331,0.010705655,0.012441273,0.012210249,0.011848877,0.012103875,0.009831835,0.011902571,0.0070717214,0.010878787,0.010107435,0.011610756,0.010861163,0.010379632,0.01198865,0.011986628,0.009434106,0.0040047676,0.009768363,0.011908738,0.01225027,0.01184108,0.0093774535,0.0089306235,0.0097197285,0.01218312,0.012160946,0.01185124,0.011456838,0.011385437,0.008357994,0.011193922,0.01164431,0.012280282,0.0108683985,0.011729772,0.007897262,0.012255246,0.012299627,0.004705773,0.011891463,0.009477861,0.011430951,0.009146602,0.010030966,0.010744151,0.01067545,0.011559768,5.590414e-06,0.009349076,0.008641496,0.0093411915,0.011805837,0.009369086,0.003991212,0.010637051,0.008953952,0.014866233,0.003769045
0.0042580212,0.004653595,0.0052827075,0.0033706136,0.005504166,0.00407688,0.0052035083,0.0058057173,0.004901463,0.0047089118,0.005020979,0.0031839567,0.0032087343,0.005169058,0.0060059535,0.005502239,0.0055028247,0.005469888,0.0040972983,0.006198791,0.005844883,0.002188764,0.0046475483,0.005100464,0.003482532,0.000754387,0.0048863855,0.0031124894,0.0051635327,1.0322065e-05,0.0064414176,5.506805e-06,0.0064544845,0.0062954747,0.0032276278,0.005216735,0.00463153,0.00636828,0.004801065,0.0037128045,0.00067520636,9.470761e-06,5.3512067e-06,0.005801068,0.0025865284,0.0038456423,0.0060754647,0.0055835,7.572998e-06,0.005465094,0.0,0.0054020765,0.0047973967,0.006159409,0.006278379,0.0053687952,0.0064492472,0.0045536757,0.0053444337,0.0017531527,0.0051540444,0.003880911,0.0057231323,0.004775169,0.004471839,0.0056394255,0.0056746383,0.004347347,3.6661943e-06,0.0038962972,0.0067924885,0.0059754136,0.0055839918,0.003231539,0.0029297061,0.0042518387,0.006057925,0.0058920095,0.0074161743,0.005286665,0.005236512,0.002805327,0.0050239963,0.005265716,0.0062031136,0.0046326853,0.0056409594,0.00248024,0.00607134,0.0063945972,8.42175e-06,0.0054177465,0.0056932797,0.005240666,0.0038952108,0.0042839963,0.00407797,0.004257463,0.005219825,7.722107e-06,0.0034717922,0.0032542238,0.003984244,0.005410466,0.0036309406,2.4911706e-06,0.005181485,0.004625898,0.01642402,1.657308e-06
0.010331515,0.01047985,0.011095561,0.008929385,0.0114960885,0.009390111,0.010718187,0.011302535,0.01083556,0.010784044,0.01081649,0.008602564,0.008646988,0.010970138,0.011111433,0.011289057,0.01098173,0.011143089,0.009627738,0.01071077,0.010961485,0.007092593,0.010532353,0.010938175,0.008799477,0.0059001697,0.010728234,0.007693218,0.010944576,0.003115969,0.011484847,0.004046574,0.010976072,0.011469303,0.009079123,0.011224536,0.010294736,0.009676554,0.010787349,0.008695228,0.0059520835,0.002586334,9.046692e-06,0.011043691,0.0073700515,0.009262453,0.011174299,0.011288641,1.0908507e-05,0.010896916,0.006763191,0.0,0.010008886,0.011106634,0.010841603,0.011157496,0.010549135,0.009650803,0.011116949,0.006452743,0.010586299,0.00961048,0.011184997,0.010622765,0.009955877,0.010556783,0.011184347,0.009368253,0.0028421832,0.009345972,0.009702342,0.010433886,0.011354626,0.008592617,0.008332538,0.00935965,0.0115356995,0.010707158,0.009300893,0.011135867,0.011114867,0.007764545,0.010959582,0.010968159,0.011021962,0.010242717,0.011325945,0.0074418024,0.010572235,0.011475989,0.0038302857,0.011209083,0.009937461,0.010912645,0.00887645,0.009710567,0.010191243,0.010068715,0.010896159,6.961476e-06,0.008897006,0.008317838,0.009016837,0.011333841,0.0090489555,0.0028265305,0.010488757,0.008624268,0.013917151,0.0029750576
0.00802034,0.008461423,0.00820562,0.007022766,0.00858209,0.0073607974,0.008596568,0.008511703,0.008249505,0.008139476,0.007960927,0.0065876325,0.0071919975,0.008498535,0.0080292905,0.008505313,0.008426084,0.008485156,0.007355597,0.007318311,0.007601153,0.0050397655,0.008076545,0.0085617425,0.0066729253,0.0029828448,0.0079914415,0.0054565025,0.008591786,0.0010495838,0.008468867,0.0019933402,0.0075098993,0.008524559,0.0070576905,0.008571911,0.007961582,0.0059870407,0.008110018,0.006694616,0.004547372,0.00050749397,6.105051e-06,0.0079820035,0.005409897,0.0073219887,0.00820158,0.008732373,7.5639787e-06,0.007958129,0.0047059725,0.008476707,0.0,0.008095805,0.007740038,0.008306082,0.0072613466,0.007499868,0.008535583,0.0045348145,0.008457202,0.007579977,0.008823679,0.00825699,0.007943124,0.0072660754,0.00850813,0.0072291954,0.0007596785,0.0072484156,0.005903163,0.0070342333,0.00860409,0.0071056513,0.0062391805,0.0072252746,0.00881788,0.0073582265,0.006041311,0.008706749,0.008594418,0.0059301695,0.008443474,0.008674753,0.007892422,0.008265235,0.008845014,0.0051580453,0.0071353,0.008555732,0.0016429669,0.008557597,0.0071480167,0.008360046,0.006834691,0.0075834235,0.007832789,0.007892457,0.0084051415,6.56675e-06,0.0068004914,0.006051851,0.0069513717,0.008574744,0.0071834144,0.000666298,0.008250003,0.0062394263,0.011931186,0.000650409
0.011671674,0.012004607,0.013570319,0.0101683885,0.013902751,0.010613229,0.012525196,0.014106711,0.012780206,0.012677224,0.012961075,0.010335198,0.009985903,0.012946192,0.014178691,0.013354163,0.013067835,0.0131579675,0.011110379,0.014122914,0.014168687,0.009132271,0.011618837,0.012541137,0.010316448,0.008692824,0.012529454,0.009715217,0.0126442,0.005836014,0.014049756,0.0063095745,0.014351498,0.014005111,0.010289021,0.013070306,0.011342954,0.013825191,0.012677196,0.010131308,0.0074493964,0.0050932257,0.0032397958,0.014119236,0.0089132115,0.010953458,0.013806247,0.013105007,0.0032536169,0.013406297,0.008438921,0.013236043,0.0116109345,0.0,0.013992058,0.013356945,0.014830117,0.011213476,0.013049434,0.008128509,0.012093454,0.010544194,0.0127903875,0.011781221,0.011262006,0.013967617,0.013139081,0.010691643,0.0058682426,0.010693669,0.014029672,0.014126358,0.0136308605,0.0103247315,0.010139757,0.0107827,0.014004352,0.014851824,0.014339889,0.012726961,0.012347052,0.009041422,0.012581651,0.012820755,0.013819387,0.012097157,0.01323905,0.0096632065,0.015217909,0.014391326,0.006646902,0.01316059,0.011758693,0.012698668,0.010077933,0.011048501,0.011921193,0.01165915,0.012728651,0.0009190451,0.010278041,0.010281551,0.010160463,0.013432839,0.010291372,0.005856863,0.011761682,0.010777101,0.019461099,0.0060959314
0.011878985,0.012419214,0.013615269,0.010388641,0.013786416,0.010658362,0.0124579035,0.014205445,0.0131273875,0.012886651,0.013544099,0.010098962,0.010320389,0.013028558,0.014788701,0.013679267,0.013676497,0.013894521,0.011188007,0.015130458,0.014792385,0.008705664,0.011760605,0.012704756,0.010538971,0.0091359615,0.01282898,0.009843334,0.012879076,0.0059046177,0.0146751935,0.006471895,0.015184092,0.014509124,0.010488344,0.013180671,0.011450844,0.015623134,0.013096868,0.0102046905,0.007940034,0.005529687,0.003529564,0.014740855,0.0090323845,0.011214357,0.014517648,0.012659408,0.0034329423,0.014067795,0.008972512,0.013735032,0.011736134,0.014822643,0.0,0.013732308,0.0152356485,0.011210016,0.013633157,0.0082875965,0.012377115,0.01083917,0.0130624045,0.011952159,0.011400002,0.014849179,0.013788145,0.011087607,0.006206455,0.010883433,0.015576216,0.015163556,0.013702152,0.010477299,0.010447791,0.011171929,0.014079386,0.01479305,0.016311057,0.012685465,0.012369021,0.00919887,0.012583139,0.0130176265,0.014684071,0.01210377,0.013156297,0.009852283,0.015205706,0.014479454,0.006872063,0.013440164,0.011911241,0.013191322,0.010152722,0.011114508,0.012228437,0.012103739,0.013211223,0.0011382332,0.010422462,0.010292861,0.010180145,0.01363303,0.010658642,0.0059192977,0.012162952,0.010781021,0.018990902,0.0062983255
0.010329216,0.010542562,0.011069127,0.008941143,0.011467567,0.009389792,0.010754261,0.011387936,0.010803777,0.010722187,0.010768282,0.008663222,0.008738268,0.010992891,0.011287208,0.011293631,0.011086974,0.011124097,0.009554024,0.010921755,0.011083445,0.007128869,0.0104975365,0.010822686,0.00887633,0.0059621725,0.010755585,0.0077990107,0.0108986655,0.0032348712,0.011357939,0.0041140895,0.011051533,0.0116651645,0.008968531,0.011257873,0.01032852,0.0100028,0.010825138,0.008770785,0.0059336917,0.002678593,1.1318018e-05,0.011132201,0.007386979,0.009444919,0.011215517,0.011294976,6.408247e-06,0.010983698,0.0067086685,0.011171824,0.010047433,0.011251229,0.010955901,0.0,0.010709123,0.009591987,0.011322164,0.006430163,0.010707139,0.009578373,0.011131533,0.010631101,0.010120137,0.010646387,0.011263145,0.009313105,0.002958103,0.009496116,0.0097153075,0.010713549,0.011277853,0.008702666,0.008563684,0.009350115,0.0115754865,0.010643309,0.00945617,0.0111209685,0.011067831,0.007867823,0.010866601,0.010894011,0.010957294,0.010426578,0.011303644,0.0076064887,0.010720423,0.011343119,0.0039063185,0.011242149,0.009951036,0.011100789,0.00882825,0.00969507,0.0102344975,0.010107607,0.010912099,9.632632e-06,0.00895705,0.008330629,0.008933996,0.011397022,0.009147944,0.0029599986,0.010391449,0.00878267,0.013789838,0.0030432907
0.014116941,0.014051572,0.015244485,0.012332009,0.015521817,0.012969553,0.013954164,0.015826065,0.014545471,0.014605481,0.01502064,0.012483062,0.012338859,0.014779467,0.016017584,0.015127215,0.014725441,0.014889686,0.013094749,0.01657725,0.01650623,0.011158927,0.013980694,0.014337366,0.012661294,0.011273285,0.014465618,0.011834428,0.014214373,0.0085384175,0.016545622,0.009232477,0.016733285,0.015975967,0.012572523,0.015013461,0.013783878,0.016481258,0.014709143,0.012428894,0.010300178,0.008098087,0.005972735,0.015915236,0.011561519,0.012780936,0.015947668,0.014926175,0.006179344,0.015187407,0.010980667,0.015086287,0.013323908,0.01627416,0.01614881,0.015093061,0.0,0.0131958835,0.014846572,0.010679229,0.013836042,0.012891917,0.014385977,0.014100478,0.013347194,0.01611679,0.0150242755,0.012901232,0.008348789,0.012999919,0.016811827,0.016449843,0.015629718,0.012369173,0.012111909,0.013011209,0.01580493,0.016458234,0.01785842,0.014379458,0.0144439535,0.011516777,0.014345288,0.014469685,0.015782733,0.0137602715,0.014833676,0.011741877,0.016972575,0.016316505,0.009104339,0.014965334,0.013941539,0.014678521,0.012327177,0.013357453,0.01361233,0.013519232,0.014469036,0.003793367,0.012526231,0.0121193975,0.012606201,0.015302881,0.012689059,0.008186345,0.014004945,0.012835008,0.024771033,0.008409609
0.0062238732,0.0064860675,0.006902206,0.004992559,0.0072523057,0.0062186015,0.0068460014,0.0072298306,0.0066985134,0.0064152954,0.006696494,0.0049230433,0.004360195,0.0069240765,0.0072602113,0.007136716,0.0070662433,0.0069292565,0.005683518,0.007288639,0.007013044,0.003781796,0.0065774275,0.006904463,0.004763106,0.0013769817,0.0065938174,0.004764977,0.006894434,0.00018377759,0.0076551717,0.00064116635,0.0074068285,0.007763622,0.004866425,0.0071691494,0.0067547844,0.00678304,0.0065468606,0.0052098474,0.0017122601,9.637778e-06,1.0978644e-05,0.0069867526,0.0043240758,0.005373114,0.007490083,0.007288489,4.157131e-06,0.006865944,0.0035923915,0.0071339603,0.0062491354,0.0074618696,0.007335425,0.0069209454,0.0071192044,0.0,0.0069092643,0.0034249255,0.006918028,0.0053748214,0.0073292246,0.006546865,0.006322997,0.0067599136,0.0071028583,0.0064490405,1.0549548e-05,0.0056992657,0.006689145,0.0070063104,0.007234936,0.0047422904,0.0044214474,0.0060533667,0.007472613,0.0069197193,0.00617744,0.007336651,0.0071495967,0.004169276,0.007118518,0.00684797,0.007436049,0.006301926,0.0073903445,0.0037885646,0.006856136,0.00768213,0.0010243092,0.00710505,0.007510472,0.0068815122,0.005746077,0.0062081586,0.005640768,0.0059062717,0.0067625586,1.0135474e-05,0.005084817,0.0050699096,0.005909248,0.0073371814,0.0051043583,6.708201e-06,0.0071526375,0.0064209374,0.012008963,4.886045e-06
0.009803923,0.010022134,0.010434434,0.008448942,0.010722336,0.00888841,0.010202083,0.010534352,0.010251457,0.010227099,0.010176518,0.008191718,0.008690949,0.010422373,0.01048556,0.010657579,0.010521688,0.010607191,0.009079306,0.009873756,0.010160838,0.0067660054,0.009855952,0.010432619,0.00845624,0.005154612,0.010233452,0.007171066,0.01043751,0.002644727,0.010557805,0.0036965883,0.0100097535,0.010801194,0.008669678,0.010483066,0.009759823,0.008813108,0.010204502,0.0082277255,0.0058580823,0.0021845137,5.0918056e-06,0.010345722,0.0068824505,0.00904794,0.010533448,0.010665101,9.954964e-06,0.010229347,0.006265969,0.010610525,0.009743099,0.010470131,0.010228811,0.010538442,0.009693923,0.009148465,0.0,0.0059447195,0.0102500655,0.009153346,0.010539081,0.010023322,0.009616096,0.0097751105,0.010678872,0.0088324,0.0023272487,0.008934721,0.008650024,0.009694695,0.010491477,0.0084529,0.008105993,0.00885723,0.0107654175,0.00985258,0.008276524,0.01056664,0.010483793,0.007516325,0.010235088,0.010445477,0.010355289,0.009861915,0.010638692,0.0068152524,0.009604303,0.010477427,0.0032276795,0.010542584,0.009030746,0.0105102975,0.008445396,0.009103491,0.009828727,0.009721158,0.010460781,7.2751372e-06,0.008545579,0.0077209915,0.008489009,0.010731875,0.008747275,0.002371463,0.009779872,0.007887132,0.01303681,0.002433303
0.0042518983,0.004788088,0.005152945,0.00367529,0.005542648,0.004384443,0.005115983,0.005478636,0.004827635,0.0045318287,0.0049271034,0.0032637878,0.0033570952,0.005103097,0.0060257213,0.00542642,0.005502095,0.0055155964,0.0037709968,0.006473622,0.0058311922,0.0021014812,0.004476032,0.0051052347,0.0030141668,2.5487825e-06,0.0043795966,0.0030157766,0.005023552,1.0235146e-05,0.006670458,2.4074948e-06,0.0067809233,0.006267211,0.0032804476,0.005358089,0.0045808083,0.007186195,0.004683367,0.003532995,0.00069189916,7.680166e-06,6.863427e-06,0.0056567187,0.0028963878,0.0036700568,0.0062452434,0.0055386736,4.0916893e-06,0.0053701834,0.001852199,0.0052059116,0.004668115,0.006049296,0.0061424393,0.005410409,0.006496981,0.0047160788,0.0052513992,0.0,0.004911646,0.0037421256,0.0055359993,0.0047298213,0.004390583,0.0056147967,0.0056095477,0.0046882224,3.305394e-06,0.0036556958,0.00706563,0.0061550657,0.005518413,0.003388461,0.0026523923,0.004347849,0.005841204,0.0057607796,0.007916661,0.005398403,0.0053778435,0.002451385,0.005237185,0.0051133474,0.0062727104,0.0046983506,0.005647485,0.0021471067,0.0057752957,0.0060789045,4.8961456e-06,0.005180601,0.00559172,0.0050466126,0.0040445863,0.004443075,0.0039166543,0.004148632,0.005025465,4.7584936e-06,0.003517672,0.0030585483,0.004030489,0.005335323,0.003469198,9.52363e-06,0.0051016132,0.0045762807,0.016295962,2.854609e-06
0.008128578,0.0082983095,0.008470226,0.0065520997,0.00891043,0.007369727,0.008558002,0.008670667,0.008414385,0.008118319,0.008080452,0.006471151,0.0062838593,0.008666221,0.00822084,0.008628546,0.008498063,0.008379451,0.0077016456,0.007666427,0.007899095,0.0053029615,0.008192888,0.008673572,0.0069884234,0.0038111273,0.008534242,0.005958551,0.008529544,0.00089401955,0.008694571,0.0022101845,0.007801239,0.0088586155,0.006830754,0.008768951,0.008172191,0.005959862,0.008120263,0.0068753767,0.003631297,0.0003105452,5.7694515e-06,0.008174564,0.00538962,0.0073027913,0.0085423505,0.008962155,8.25072e-06,0.007975564,0.0048747114,0.008633723,0.007917584,0.008404937,0.007871819,0.008591512,0.0073968335,0.0077601904,0.00861327,0.0044863173,0.0,0.007275637,0.008936279,0.008378074,0.007929248,0.007493789,0.008493545,0.007416573,0.0005636638,0.007393491,0.005945738,0.007324932,0.008770331,0.006453662,0.0065185963,0.0073159565,0.008835647,0.0076576914,0.0059103216,0.00878805,0.00875835,0.0058185193,0.008730505,0.008569143,0.008196354,0.007905249,0.008858192,0.005349406,0.007357278,0.008635484,0.0018908861,0.008610299,0.008220924,0.008603588,0.0068637794,0.0076821917,0.007648289,0.0077409726,0.008514689,6.3652e-06,0.0068702484,0.0063822074,0.007251079,0.0088797705,0.0068267975,0.0007047635,0.008490339,0.0070350165,0.011997309,0.00071073405
0.007333488,0.0077781565,0.0076319333,0.006713769,0.007841958,0.006765742,0.007989945,0.0077588176,0.007645017,0.007654198,0.007410067,0.005969432,0.0073698265,0.0077697933,0.0074554957,0.00799744,0.007868558,0.008040332,0.006784186,0.006776186,0.0070704133,0.004543468,0.007334792,0.007898865,0.006276727,0.0025818844,0.0074638915,0.0048085977,0.008164888,0.000668073,0.007963106,0.001504068,0.0070080883,0.007952477,0.0068771825,0.007885392,0.0073086107,0.005507929,0.0076270658,0.0061313626,0.004673755,0.00032370276,1.02445065e-05,0.007331274,0.004568661,0.007020036,0.007619531,0.00815783,1.0253581e-05,0.0075271567,0.004220983,0.007890858,0.0078527285,0.007455469,0.007130466,0.007841372,0.0066488497,0.0067699812,0.008104233,0.004007124,0.0077995416,0.0,0.008267146,0.0076510375,0.007291379,0.006802396,0.007997953,0.006431568,0.0004935843,0.006710167,0.005360439,0.0061881775,0.007920259,0.0069951075,0.005986875,0.006480113,0.008127435,0.0067860917,0.005646715,0.008285256,0.0080131395,0.00568931,0.0077273673,0.0080365585,0.0075058374,0.0075945053,0.008250126,0.0045406874,0.006644914,0.0078486465,0.000964303,0.007966941,0.006153581,0.00785865,0.0062610665,0.006938317,0.0075609838,0.0076452764,0.007826185,7.504587e-06,0.0063591995,0.0054577887,0.006327866,0.008007012,0.0070983516,0.00027979302,0.0073289163,0.005053798,0.011899024,6.2688327e-06
0.009365016,0.009523726,0.00973036,0.008051365,0.010187409,0.008517981,0.009623556,0.0100001525,0.0096770795,0.00947565,0.009496966,0.007577305,0.007827074,0.009833883,0.009381352,0.010002243,0.009791717,0.009779243,0.008593714,0.008706699,0.009268883,0.0062592244,0.009356666,0.009668746,0.008009646,0.0044744704,0.009534272,0.006904107,0.0098288255,0.0021763172,0.009804853,0.0031505318,0.009047755,0.010127163,0.008046507,0.009910614,0.009382118,0.007739131,0.00955243,0.007836639,0.0050945347,0.0015716562,4.3264345e-06,0.0094827125,0.0065407385,0.008463589,0.009702244,0.010062185,1.08814675e-05,0.0093286205,0.0057997154,0.009895351,0.009227594,0.009506635,0.008965226,0.009845087,0.008662279,0.00875522,0.009921142,0.0055537526,0.009584091,0.00862622,0.0,0.009568074,0.009099109,0.008671341,0.009851098,0.008428021,0.0017235719,0.008400598,0.0075613456,0.008503754,0.010002027,0.007910954,0.0075352173,0.008397803,0.010070899,0.008814007,0.0073240823,0.009932346,0.009983512,0.0070683793,0.009749638,0.009705864,0.009293083,0.009302143,0.010161921,0.00651872,0.00863788,0.009878086,0.0028653496,0.010021747,0.008785703,0.009761227,0.008078997,0.00872872,0.0089399535,0.009098413,0.009745386,9.879893e-06,0.008055377,0.007442583,0.008199692,0.010080308,0.00823932,0.0017576194,0.0095587075,0.007712238,0.012669238,0.0017942898
0.008294388,0.008663738,0.008770432,0.006938183,0.009173483,0.0077535836,0.008698889,0.008840486,0.008495595,0.008453928,0.008267571,0.006798877,0.006393793,0.00903417,0.008320311,0.008967493,0.008681042,0.008521082,0.007668467,0.007838398,0.00817124,0.0052703107,0.008567205,0.008816667,0.00674315,0.0032182322,0.00847052,0.006103237,0.008715325,0.0012121942,0.008973936,0.0020528482,0.008126397,0.009058771,0.0069009876,0.009288411,0.008591146,0.0063615968,0.008445618,0.0070136953,0.0037426702,0.000102947255,5.9440745e-06,0.008252024,0.0058700745,0.007460151,0.008678445,0.009274631,4.3371647e-06,0.008316985,0.0050281263,0.00866517,0.008189895,0.008681158,0.008069035,0.00873328,0.007656377,0.008104827,0.008846345,0.004688882,0.008790238,0.007477584,0.009011715,0.0,0.0081476,0.007639052,0.008701807,0.0077839727,0.00041800053,0.0075794244,0.0061611496,0.007509082,0.009195256,0.0067073945,0.0064749666,0.007847574,0.009228142,0.007856605,0.006245709,0.009189411,0.009285837,0.0059040273,0.009038998,0.008715626,0.008337395,0.008356841,0.009441143,0.0055000456,0.0077095823,0.008940615,0.0019250199,0.008844289,0.008671903,0.008778668,0.0073713474,0.008125567,0.007800944,0.007824701,0.008603906,6.9230773e-06,0.0069892774,0.006657408,0.0073914193,0.009079083,0.0070080534,0.0006578119,0.008934602,0.007467189,0.012531819,0.0010202294
0.0074067307,0.0077764653,0.0079001095,0.0061234105,0.008110433,0.0068861446,0.007853948,0.007981641,0.0077825286,0.0075249057,0.007548543,0.006013242,0.005881147,0.0079093,0.007664577,0.007918162,0.00779395,0.0077605797,0.0069009555,0.0071794023,0.0074111754,0.0046541155,0.007473634,0.007987287,0.005995094,0.0028509258,0.0077230823,0.0053579905,0.007957163,0.00057898316,0.008189937,0.001539064,0.0073846155,0.008294609,0.0060854824,0.0081585115,0.007495615,0.0057066027,0.0074939113,0.00637177,0.003298885,9.058922e-06,9.114275e-06,0.007467919,0.0049291006,0.006637558,0.007903568,0.008299181,5.7364887e-06,0.0075652343,0.00432412,0.007843521,0.007418508,0.0077323145,0.007518553,0.007943938,0.007070944,0.0072044195,0.008059549,0.0040874938,0.007962848,0.006760665,0.008353788,0.0077761784,0.0,0.006961257,0.007917798,0.0069138953,5.1406205e-06,0.006735946,0.005606266,0.006825611,0.008071408,0.006142361,0.005673633,0.0068846685,0.008333567,0.007069396,0.0055362065,0.008333612,0.008135183,0.0052006976,0.008104979,0.008021767,0.007584829,0.0074815745,0.008499176,0.0047920565,0.0069073807,0.0081636645,0.0014197503,0.007972851,0.0077640205,0.007821305,0.0064831865,0.007164865,0.0070211613,0.007171024,0.0078061162,8.239037e-06,0.0061781653,0.0057395245,0.0066456017,0.008290185,0.006227094,0.00010479507,0.007829618,0.00658382,0.011867105,0.00023354501
0.011751923,0.012184838,0.013506721,0.01024163,0.013770504,0.011114066,0.012595595,0.0141840745,0.0130482,0.0128103625,0.013444043,0.010532724,0.0106307175,0.012986301,0.014768719,0.01382238,0.013564385,0.013729797,0.011258935,0.015188499,0.014743516,0.008747018,0.011808863,0.012829574,0.010534877,0.008665439,0.012791318,0.009687914,0.012659389,0.0057913964,0.014483342,0.006379197,0.015304547,0.014449466,0.010447447,0.013208015,0.011845914,0.015496482,0.013021275,0.010069625,0.0077196322,0.005218558,0.0032175363,0.014731055,0.009443255,0.011026674,0.01453754,0.013007359,0.0032018516,0.013991024,0.008840444,0.013650003,0.0116163455,0.014731823,0.01482381,0.01363195,0.0152306715,0.011272248,0.01345569,0.008580983,0.01230095,0.010799485,0.0129279345,0.011968274,0.011374241,0.0,0.013769324,0.011097696,0.0060139517,0.011242078,0.01549029,0.015195857,0.013633301,0.010485792,0.010366586,0.011210896,0.014188482,0.01486587,0.016345626,0.012586331,0.012700741,0.009116309,0.012629371,0.013006281,0.014642379,0.01219898,0.013202279,0.009683757,0.01516042,0.0144123295,0.00679054,0.013519733,0.011933033,0.013140571,0.010150233,0.011343033,0.01226525,0.012021294,0.013119242,0.00082383095,0.010195909,0.010288991,0.010708453,0.013430704,0.010513176,0.0056780363,0.012080397,0.010688131,0.019066466,0.005960979
0.010294395,0.0104421,0.010806685,0.008978153,0.011075834,0.009179637,0.010563575,0.011108972,0.010762283,0.010653493,0.010744381,0.0085217655,0.009191964,0.0108055,0.011081458,0.011164492,0.010967183,0.011257297,0.009381094,0.010556739,0.010832664,0.0068920427,0.010275247,0.010818682,0.008854898,0.0057650493,0.010608167,0.0075629093,0.010877647,0.0031228832,0.01104193,0.004023748,0.010791161,0.011277625,0.00919311,0.010839449,0.009956818,0.009762386,0.010624944,0.0086748665,0.0062579075,0.0027652008,6.906378e-06,0.01102635,0.0072282064,0.009278083,0.011051878,0.011002832,7.781823e-06,0.010898061,0.006513864,0.010937595,0.010018041,0.011078528,0.01093212,0.011140667,0.010426764,0.009411238,0.011080499,0.0064155753,0.0105394125,0.009617067,0.010897468,0.010435534,0.009815114,0.010624309,0.0,0.008964049,0.0030893206,0.009209107,0.009627693,0.010577306,0.0110412,0.0087527465,0.008399282,0.009188627,0.011232234,0.010618257,0.009183142,0.010852181,0.010808893,0.0077373995,0.01052719,0.0108483555,0.010937489,0.010309306,0.0110665,0.0072297617,0.010454172,0.0110686235,0.003765925,0.011125341,0.009265288,0.010802604,0.008632238,0.009533378,0.010171625,0.010188901,0.010898338,4.9686423e-06,0.008850194,0.008218409,0.008756962,0.011146546,0.009229408,0.002906633,0.010104436,0.008163227,0.013607635,0.0028075597
0.005877344,0.006310338,0.0067608235,0.0046923114,0.006996461,0.0060582357,0.006623447,0.007026338,0.0064125257,0.006108198,0.0063808328,0.0046555493,0.0039436277,0.0069052577,0.0071463636,0.0068872403,0.006832186,0.0066928263,0.005386198,0.0073763225,0.007060823,0.0033759167,0.0062878965,0.0066395793,0.0043376135,0.00084017334,0.0062906463,0.0047518103,0.0065975985,0.00018541847,0.00779277,9.53676e-05,0.0076984037,0.0075849104,0.0043812036,0.007220624,0.006575237,0.0073208134,0.0063052396,0.0050395452,0.0012065702,3.810252e-06,2.9585758e-06,0.0070706634,0.004466654,0.00497005,0.007410761,0.007154245,2.2755994e-06,0.006750986,0.003374708,0.006938227,0.006163437,0.0074103624,0.007399045,0.006782118,0.007236917,0.0062951404,0.0068000285,0.0033076291,0.0064466647,0.0051088887,0.007074464,0.0062914914,0.006031698,0.0068308613,0.006954333,0.0,7.112919e-06,0.005391493,0.0071609365,0.0071086865,0.0072096135,0.0044379113,0.0039561586,0.0060677943,0.0074236593,0.006768605,0.0074337255,0.0070985095,0.007091677,0.0036335413,0.0069947816,0.0066099414,0.0074279713,0.0061151516,0.0072575104,0.0037235348,0.0067472034,0.0075601325,0.0008444093,0.006805859,0.007703863,0.0067594144,0.005703947,0.006119897,0.0053064576,0.005418763,0.006616423,8.369573e-06,0.0049427506,0.004871446,0.005689451,0.0070050927,0.0045839925,4.9117134e-06,0.0070876908,0.0066978415,0.012646662,7.8198045e-06
0.0030543609,0.003493739,0.004434629,0.0018982848,0.0048312023,0.0025863727,0.0040660207,0.00498135,0.0038967147,0.0035609703,0.004013265,0.0012059482,0.0018935467,0.004119995,0.0052948035,0.0044936137,0.0044125495,0.004460481,0.0022469247,0.005856806,0.005408384,6.509682e-06,0.0033494388,0.004025926,0.0014128422,1.3459333e-05,0.0033376494,0.000593296,0.0038483867,2.6062223e-06,0.005802354,6.154761e-06,0.006065972,0.005577401,0.0016012457,0.0043043126,0.003197312,0.00662053,0.0039292444,0.0015548756,2.7256565e-06,1.237982e-05,9.297818e-06,0.004865904,0.00033665117,0.0019755936,0.00550448,0.004745029,-9.22674e-07,0.0046709618,1.62082e-05,0.0044992957,0.0033829766,0.0056417533,0.0055850814,0.0043991017,0.0062513603,0.0026418942,0.004367345,9.598287e-06,0.0037509184,0.002307132,0.0045710965,0.0033580558,0.0027918695,0.005149712,0.0045951004,0.0024469607,0.0,0.0019070602,0.0066128885,0.005623066,0.004852473,0.0016824078,0.00082437973,0.0024487167,0.005191424,0.005557838,0.008453111,0.0043587624,0.00406811,0.0006337832,0.0039657666,0.004236876,0.005580995,0.00345149,0.0046372497,5.6518456e-06,0.005655174,0.0057300543,8.598178e-06,0.0044217133,0.0032967872,0.004110136,0.0018714848,0.00254476,0.0026843648,0.0026997176,0.0042090397,1.06994385e-05,0.0016074746,0.0010310012,0.0020645834,0.004594775,0.0018864424,1.2876607e-05,0.0035382905,0.002031219,0.017887987,3.3500187e-06
0.006816622,0.0071551357,0.007324616,0.005706905,0.007598575,0.0064595123,0.0073240134,0.007476807,0.0071493066,0.0070584235,0.0070495945,0.0054816715,0.0054453462,0.0074893553,0.007304823,0.0074823885,0.007284993,0.0073155407,0.0061755036,0.0070158523,0.0070524723,0.0041853944,0.006974899,0.007364469,0.0054229754,0.0020949747,0.007162704,0.004802635,0.0074260132,0.00011426874,0.007825166,0.0009730346,0.0073007788,0.007897275,0.0054955534,0.007533816,0.0071325917,0.0055538206,0.0070127207,0.0056833434,0.0028438733,8.816155e-06,3.4436675e-06,0.007229141,0.004420247,0.006099428,0.007598393,0.0077907178,8.81336e-06,0.0070193526,0.0038638262,0.007513484,0.006931456,0.007465364,0.0071021635,0.0074271834,0.00694722,0.0066218814,0.007444797,0.0034294769,0.0074215434,0.0061311256,0.007818469,0.0070630317,0.0067609395,0.0066757575,0.007571173,0.006537823,7.911908e-06,0.0,0.005469602,0.006745609,0.007593556,0.005567483,0.0051550954,0.0063971453,0.0077879955,0.0068498706,0.0053628143,0.0076798135,0.007693674,0.0047593517,0.00748735,0.007431031,0.0074483594,0.0069162757,0.00783249,0.004263701,0.00663128,0.007842123,0.0009427468,0.0074437005,0.007281731,0.007302989,0.005991142,0.0064886026,0.006396459,0.0064928345,0.00727921,6.604526e-06,0.005674429,0.0053672353,0.006179825,0.0076740775,0.0057545877,7.9863785e-06,0.007378574,0.006223085,0.012168268,4.1604967e-06
0.015284924,0.015259346,0.016636198,0.013610633,0.016592646,0.014081533,0.015303102,0.016977374,0.016013177,0.015941072,0.016391208,0.013640287,0.013834981,0.015834782,0.01751412,0.01651383,0.016342537,0.016454987,0.014342834,0.01802562,0.017633671,0.012362367,0.015181327,0.0155591415,0.013900086,0.012385909,0.015688743,0.012916935,0.015515956,0.009676563,0.017687723,0.010288573,0.018135456,0.017292831,0.013994136,0.016041342,0.014981832,0.01938604,0.01612358,0.013514913,0.011658003,0.009347449,0.007273821,0.017331954,0.0127576105,0.014093273,0.017211169,0.016091466,0.007256933,0.016860928,0.012026419,0.016384546,0.01466368,0.01733732,0.01763985,0.01646952,0.018284589,0.014076685,0.016121699,0.011907402,0.015134754,0.014217438,0.01569826,0.015238768,0.014478984,0.017635446,0.016327675,0.013970773,0.0094882455,0.014133256,0.0,0.018297022,0.016578624,0.013610525,0.013400307,0.013966103,0.016888494,0.017829072,0.021465806,0.015475348,0.015465424,0.012677685,0.015438942,0.015864685,0.017259357,0.015041136,0.015932692,0.013012956,0.018027004,0.017291827,0.01028433,0.016205434,0.014624388,0.015943361,0.013443512,0.014445558,0.015012746,0.01501181,0.01591782,0.0053328276,0.013666323,0.01334071,0.01364901,0.01646888,0.01405001,0.009341931,0.015050587,0.013534984,0.024698963,0.009613881
0.01284668,0.012867403,0.0144249005,0.011117302,0.014648568,0.011824929,0.013085346,0.014892735,0.013840998,0.013588549,0.014342207,0.011250106,0.011276269,0.013720416,0.015771003,0.01439295,0.014355114,0.014551502,0.011927036,0.016517675,0.0158829,0.009823593,0.012812852,0.013443301,0.011550788,0.010005883,0.013440875,0.010591341,0.013426736,0.0072014267,0.015499165,0.007835166,0.016940095,0.015456462,0.011585836,0.013775774,0.012425908,0.01750013,0.013812581,0.011145937,0.008935487,0.0067077666,0.004924286,0.015707912,0.010259318,0.011699322,0.015536736,0.013880853,0.0044252123,0.014855996,0.009728652,0.014425683,0.012346526,0.015715094,0.015867561,0.014415681,0.016613748,0.011903134,0.014172735,0.009406499,0.01291266,0.011876078,0.013675801,0.012914122,0.01235288,0.016010452,0.014510146,0.011698925,0.007061214,0.011823443,0.017609473,0.0,0.014409458,0.011130579,0.011060615,0.011910143,0.014995329,0.015982384,0.0186264,0.013378768,0.013324345,0.010252168,0.013128611,0.0137377065,0.015688049,0.012861693,0.01377334,0.01064856,0.016393516,0.015346701,0.007839865,0.014111792,0.0127315475,0.013830535,0.011129353,0.011991953,0.012843511,0.012608359,0.013886261,0.0027021195,0.011323393,0.010877777,0.011428765,0.014251059,0.011549542,0.0067214277,0.012714846,0.011567272,0.022016205,0.0070824353
0.010812747,0.0110031655,0.011631315,0.009324095,0.012246709,0.010039742,0.010978718,0.012042091,0.011084683,0.011057785,0.010831064,0.009032866,0.008321947,0.0117733115,0.011217206,0.011612991,0.010850744,0.010840366,0.0099604,0.010910446,0.011551817,0.007557414,0.010866416,0.011065096,0.008847161,0.005951513,0.0109438915,0.008644622,0.011111831,0.00404111,0.011957165,0.0045414222,0.011154537,0.011697615,0.009032993,0.012135318,0.010854884,0.00959474,0.010950281,0.009303808,0.005687652,0.0026690606,0.00062752946,0.01136885,0.008181413,0.009444766,0.011389911,0.011901095,0.00028301837,0.010876302,0.007190403,0.011323589,0.010335922,0.011721793,0.010963877,0.01132797,0.011491874,0.010314251,0.011272217,0.007090997,0.010903017,0.00961365,0.011207392,0.0110380035,0.010493381,0.010693767,0.011085441,0.010120349,0.0035813,0.009858972,0.009626793,0.010707455,0.0,0.008798393,0.008573095,0.010244345,0.012210174,0.011465441,0.0096524125,0.011697307,0.011848187,0.007877122,0.011697274,0.011121327,0.010935295,0.010890214,0.012004955,0.007959033,0.011510115,0.012310607,0.0048361327,0.011444854,0.011199129,0.011144859,0.0094710095,0.010328203,0.009963258,0.010027315,0.010772173,9.8301025e-06,0.009256133,0.0089359395,0.009548814,0.011950271,0.0090016,0.0035529558,0.011283899,0.010113824,0.015509451,0.003956031
0.0068284925,0.007776491,0.007046283,0.007334688,0.007212312,0.006879329,0.007979082,0.007115449,0.007050875,0.00738633,0.006808665,0.0058097993,0.008128297,0.0071781287,0.0068025957,0.0072566518,0.0074325395,0.0074798153,0.0064535392,0.0064092986,0.0064698956,0.00458871,0.0066364687,0.0074132676,0.00604052,0.0015114507,0.006728156,0.0039964225,0.007824269,0.0010567337,0.0077989814,0.0016321865,0.006692436,0.0074141845,0.0068822782,0.007225914,0.006432994,0.005854293,0.0068555833,0.0056560603,0.005537906,0.0005572811,8.305673e-06,0.0067686816,0.0042957696,0.006971221,0.0070156557,0.0073797815,3.4759978e-06,0.006957609,0.0040944787,0.0072707445,0.007872546,0.0068945354,0.0066319783,0.0071846284,0.006396925,0.006495484,0.007440156,0.0043440238,0.007414654,0.0074637546,0.0076527647,0.0070440685,0.0068050143,0.006279583,0.0074091367,0.005864462,0.0012154314,0.006563066,0.0056886123,0.006068117,0.007160958,0.0,0.0056379014,0.006395607,0.007428848,0.006236264,0.00591854,0.008040212,0.007310558,0.0056898356,0.007447691,0.007553465,0.0069137574,0.0078084376,0.007530935,0.00432209,0.0061235777,0.0072999583,0.0011688841,0.007331667,0.004804384,0.0070582735,0.005829789,0.0067797313,0.0075564035,0.007652172,0.0072057457,7.4113755e-06,0.0064351805,0.005330269,0.005695342,0.007731112,0.00717457,0.0006166295,0.0065926537,0.0042233514,0.013571568,2.9220273e-05
0.0059830286,0.006225253,0.006729536,0.004814648,0.006928187,0.005307485,0.0066568125,0.0069590253,0.006433268,0.0062792287,0.0064246473,0.0047103376,0.0052715885,0.0064766323,0.0067060264,0.0067665544,0.006845452,0.006852809,0.0057719448,0.005961609,0.006379861,0.0035665326,0.006258613,0.0066153016,0.005345626,0.0027647153,0.006589553,0.003940071,0.006631542,1.0651792e-05,0.0072910804,0.0010756094,0.0062356135,0.0068394253,0.0051989155,0.0067068683,0.0059528057,0.0053838477,0.006378934,0.0049596513,0.0025602314,4.8160427e-06,6.886093e-06,0.0065841563,0.0035510848,0.0055941045,0.0066555757,0.0069991862,9.096667e-06,0.0065254243,0.003283684,0.0068138763,0.006292767,0.0070731486,0.0062407106,0.0067870724,0.0062241936,0.0057402113,0.00678591,0.002696479,0.0069463574,0.005734606,0.0072242804,0.0063742157,0.0060665873,0.005900345,0.0069027552,0.0053332583,4.1784306e-06,0.0053128614,0.005352136,0.0058741244,0.006844868,0.0049213353,0.0,0.0052056545,0.0073116124,0.006595745,0.0053351982,0.0068174433,0.0067154597,0.0043137036,0.006589637,0.0068380805,0.006871285,0.006189956,0.0069327205,0.003944589,0.006682469,0.007399538,0.0003436725,0.0069028568,0.0060794414,0.006831561,0.004914121,0.0054968805,0.0059563797,0.0060831546,0.0066820257,4.6177956e-06,0.0050507616,0.004478371,0.0051669264,0.006939333,0.005426338,4.5047677e-06,0.0062222383,0.0048275497,0.014192882,2.6417374e-06
0.0064505567,0.0067726225,0.007044039,0.0052644815,0.00746431,0.006443997,0.007058721,0.007245697,0.0067423536,0.0066697663,0.0067051025,0.0050609885,0.0045845667,0.007205763,0.0072730463,0.0072976677,0.0071562245,0.007118655,0.005864684,0.0073340763,0.0072423653,0.0038017167,0.006632716,0.007028229,0.004764481,0.0011348444,0.0066706,0.004831948,0.006894514,0.00016691485,0.0078010005,0.00048923143,0.007570048,0.007769434,0.0049876063,0.0074821226,0.0066810288,0.006782493,0.006804516,0.0054052304,0.0018641036,8.6848195e-06,5.146141e-06,0.007135462,0.0046394765,0.0055839517,0.0075356406,0.0075768866,2.8581208e-06,0.0070043006,0.0034867737,0.007187992,0.0065582003,0.007496908,0.007408305,0.0070638023,0.007140784,0.0065637412,0.0071732113,0.0035772696,0.006978936,0.005586094,0.007318847,0.00679663,0.006324457,0.0068575414,0.0072912523,0.006538894,8.430911e-06,0.005700098,0.006529686,0.0070605483,0.0073697967,0.004921267,0.0044926405,0.0,0.007625138,0.0068572615,0.0061592273,0.007495016,0.0073943064,0.0042557856,0.0072778924,0.006899074,0.007468271,0.00666096,0.007577192,0.003916589,0.0067150528,0.007571828,0.000999676,0.007222469,0.0075915307,0.0069574737,0.0059816875,0.0064014904,0.0057577193,0.006002549,0.0069437423,7.508828e-06,0.0053091575,0.0050535765,0.0059455987,0.0074425885,0.0050063697,8.738986e-06,0.0073610735,0.006724643,0.012241914,1.0586743e-05
0.011032302,0.011302996,0.012126488,0.009626999,0.012476715,0.010269332,0.011409873,0.012425701,0.011522308,0.01142904,0.011501819,0.009353654,0.009104794,0.012045437,0.01197695,0.012108464,0.011585134,0.011614754,0.010278871,0.011729961,0.0121524045,0.007806414,0.011237888,0.011453745,0.009490049,0.0068848566,0.011348303,0.008708334,0.011628439,0.0044724923,0.012584694,0.0050666966,0.011972683,0.012236153,0.009622813,0.012120669,0.011058012,0.010919437,0.011514051,0.009588189,0.0065651787,0.0034866587,0.0012975673,0.012112618,0.008285431,0.0099334065,0.011964696,0.012028716,0.0011350643,0.011686157,0.0076160324,0.011882692,0.010566183,0.012309796,0.011672321,0.011844728,0.012221226,0.010484861,0.011711977,0.007419674,0.011232539,0.010005619,0.01165705,0.0113898935,0.010711266,0.011619712,0.011791787,0.010179999,0.0040888935,0.010264492,0.0108659305,0.011515511,0.012387725,0.009276642,0.009063215,0.010259144,0.0,0.012227118,0.010635415,0.011903559,0.0120092565,0.008342466,0.011800773,0.011660649,0.011804395,0.0112601165,0.012235467,0.008348491,0.012383031,0.012755306,0.005168408,0.011846897,0.011007587,0.011565999,0.009743877,0.010667988,0.010755702,0.010577415,0.01136631,6.514582e-06,0.009644981,0.009298034,0.009761859,0.012250283,0.009534173,0.004031199,0.011469075,0.009802097,0.015680235,0.0043949457
0.012686613,0.012976983,0.014278796,0.011191506,0.014479362,0.011645393,0.013004329,0.014721754,0.013251803,0.013314209,0.013504299,0.011178366,0.010770708,0.013681035,0.01479075,0.013966355,0.01355344,0.013678548,0.01188752,0.014677167,0.014793958,0.009831436,0.012773274,0.013112836,0.011459863,0.009676187,0.013030068,0.010492939,0.013078702,0.006986783,0.014715063,0.0076055606,0.0148323085,0.014461086,0.01136155,0.013726257,0.012382903,0.0146482615,0.013384132,0.011106605,0.008633385,0.0065159146,0.0046832836,0.014876811,0.01017803,0.011503115,0.014379985,0.013670322,0.0043156156,0.013947939,0.009535025,0.01386036,0.012229191,0.015290535,0.014757193,0.013879833,0.015820218,0.011755509,0.013561035,0.009403518,0.012837255,0.011576647,0.013359765,0.012993725,0.012155337,0.014717103,0.0136995455,0.011778146,0.006846097,0.01179987,0.0150811495,0.015003627,0.014503212,0.011116981,0.010971562,0.011695497,0.014760976,0.0,0.0156058045,0.013243113,0.013318012,0.0101133585,0.013197762,0.01361354,0.014545431,0.012818374,0.013843762,0.0104117775,0.01684302,0.015265679,0.007536196,0.013658639,0.012633571,0.013402201,0.011082407,0.012051847,0.012384844,0.012309858,0.013317329,0.0021835994,0.011317172,0.010811137,0.01134568,0.014107683,0.011323596,0.0067346036,0.012690168,0.011371766,0.022299936,0.0069367853
0.017899185,0.017716339,0.018846087,0.016290367,0.018811226,0.016847301,0.017779801,0.0191713,0.018413614,0.018283194,0.018685913,0.016414164,0.0165158,0.018366124,0.019442732,0.018695913,0.018673597,0.01861247,0.016958373,0.020051537,0.019819455,0.015213521,0.01774008,0.018070737,0.016532445,0.015055258,0.018167434,0.015734198,0.017922413,0.012497088,0.019993024,0.01323858,0.020090159,0.019427158,0.016592475,0.018573204,0.017542083,0.020601736,0.018626917,0.016311271,0.014625535,0.012304782,0.009867435,0.019419048,0.015687015,0.016732706,0.01943939,0.018486358,0.009985147,0.018859535,0.014999161,0.018750863,0.017205756,0.019401597,0.019539274,0.018786784,0.020205762,0.016869813,0.018529678,0.014758315,0.017566143,0.016891371,0.018082744,0.017810209,0.017251946,0.019718368,0.01876856,0.016568441,0.012327716,0.016888456,0.020566143,0.02004238,0.018934218,0.016321437,0.01625325,0.016821446,0.019232918,0.019720674,0.0,0.018155577,0.017919354,0.01563944,0.01800214,0.0183066,0.019259261,0.017619988,0.018358912,0.015757743,0.019899568,0.01941127,0.012985218,0.018490396,0.01733602,0.018385094,0.016250694,0.016997531,0.017645177,0.017390711,0.018332044,0.008325691,0.01646106,0.016048238,0.016446361,0.01889641,0.016704999,0.012246583,0.017663857,0.016247911,0.024720993,0.012418661
0.008975032,0.00924321,0.009453055,0.0076607903,0.009730023,0.008482011,0.0094137015,0.009629195,0.009137728,0.00906895,0.008829812,0.0073081255,0.006886372,0.00971765,0.009122962,0.009493135,0.009143104,0.009237122,0.008224174,0.008344855,0.008819938,0.005771356,0.0091533745,0.009385926,0.007161034,0.0034891318,0.008951862,0.006757317,0.009422218,0.0019766854,0.009417444,0.002514974,0.008679769,0.009685889,0.00754881,0.009852992,0.0091158515,0.006831007,0.009009121,0.0077140424,0.0042967037,0.0007535128,7.2559865e-06,0.00891173,0.006574177,0.007816977,0.009240202,0.009839614,1.062624e-05,0.008809599,0.005566114,0.009266407,0.008775583,0.009250058,0.008680315,0.009253172,0.008404796,0.0087186955,0.0094815465,0.0053720823,0.00930343,0.00805395,0.009672073,0.009170821,0.008713523,0.008306973,0.009412399,0.008385238,0.0014740991,0.008083514,0.0072199292,0.008086883,0.009819202,0.0073908134,0.0069174725,0.008459592,0.009812977,0.0085172085,0.006996557,0.0,0.009998652,0.0064764977,0.009706623,0.009480065,0.008908112,0.00920362,0.0100843385,0.005950241,0.00841675,0.009679367,0.0028310998,0.0096451845,0.009078598,0.009255986,0.0080619035,0.008761087,0.008422627,0.008516191,0.00903062,3.5541686e-06,0.007729177,0.0071773934,0.008035205,0.009716096,0.0076553463,0.0013948223,0.009581728,0.008096114,0.012852413,0.0016949208
0.008489302,0.00884271,0.008949079,0.007324203,0.00938502,0.008077578,0.008866619,0.009141436,0.00865285,0.008657013,0.008557892,0.0070185284,0.0062981187,0.009295256,0.008824303,0.009040184,0.008838358,0.008874882,0.007895168,0.008082811,0.008462574,0.005427427,0.008752323,0.009027211,0.006861408,0.0033988834,0.008700814,0.0065925713,0.008921798,0.001654824,0.009185891,0.0021833233,0.0083975205,0.009267586,0.0070528276,0.009489508,0.008728996,0.0070261457,0.008538154,0.0072717434,0.0036734284,0.0001442458,3.2572711e-06,0.008575799,0.00631077,0.0075734137,0.008883352,0.009631299,7.68374e-06,0.00858674,0.0052815373,0.008997392,0.008468811,0.008946445,0.008418029,0.008928275,0.008165273,0.008380443,0.008920356,0.0052284678,0.008766306,0.007655941,0.009134699,0.008825167,0.008354903,0.008112075,0.008846787,0.00816555,0.0010266965,0.0076964414,0.0070088543,0.0078321425,0.009458073,0.0069736564,0.0064509544,0.008091744,0.00945784,0.008175161,0.0065141656,0.0095677525,0.0,0.006072948,0.009451977,0.00904031,0.0086907875,0.008620114,0.009731199,0.0058712065,0.008097297,0.009357057,0.0025362356,0.009093043,0.00914938,0.00879794,0.0076948,0.008526478,0.0077927,0.008010739,0.008616028,3.4334273e-06,0.0072660795,0.0069227456,0.0076462897,0.009498031,0.0070226924,0.0011224829,0.009165478,0.008045375,0.012628629,0.0014568669
0.0054936768,0.005844506,0.006176075,0.00479922,0.0063327183,0.0050171115,0.0062135872,0.0064656544,0.0059376894,0.005698459,0.0059178136,0.004438096,0.0057176235,0.0061002886,0.0062987856,0.0063387323,0.0062848274,0.006187501,0.005044376,0.006151196,0.006116894,0.0034421422,0.0057088058,0.006347509,0.0046803243,0.001171232,0.005966088,0.003304395,0.006229239,1.1006879e-05,0.0073431614,0.00035643866,0.0063789263,0.0068702297,0.0049277,0.006135074,0.005635879,0.005403807,0.005739421,0.0044985125,0.0031376677,2.645945e-06,5.2581795e-06,0.006072104,0.0032706338,0.005103725,0.0065824385,0.0064989026,1.0091006e-05,0.0060067778,0.0029625325,0.006174877,0.005960041,0.0064727264,0.0062618577,0.006236535,0.0063270363,0.005360721,0.0062618307,0.0025552667,0.0061651925,0.005405055,0.006647657,0.005772924,0.0055510127,0.005719692,0.006394807,0.004913444,2.0769019e-06,0.00497926,0.0054521644,0.0057219067,0.006450871,0.0053084795,0.00426823,0.005052054,0.006753394,0.005953137,0.0056323167,0.006329991,0.006214837,0.0,0.006036928,0.0062267957,0.0063501373,0.005700702,0.006577399,0.003058451,0.0060277833,0.006727535,0.0004452921,0.006232124,0.0054543978,0.0062323036,0.004643541,0.0052526677,0.0053991815,0.00568984,0.006306407,8.7939325e-06,0.004734283,0.003996254,0.004945106,0.0063367975,0.0048317076,8.790561e-06,0.0058581657,0.0044678356,0.015599123,1.1970593e-06
0.008523579,0.008711388,0.008934753,0.007104061,0.009536638,0.008325144,0.008945978,0.009271933,0.008616472,0.008631736,0.008479117,0.006876861,0.0061259344,0.009354465,0.008587776,0.009052046,0.008607278,0.008674347,0.007910863,0.008179843,0.008596261,0.0055142143,0.008852544,0.00894639,0.0068083555,0.003029658,0.008670099,0.006654632,0.008980308,0.0015666106,0.009322116,0.0019457127,0.008458302,0.009383682,0.0068249153,0.00952355,0.008853875,0.006970963,0.008607686,0.0073820394,0.003516654,6.383446e-05,5.350149e-06,0.008617087,0.0062004384,0.007413435,0.0089031095,0.009488747,3.1679049e-06,0.008469887,0.00524676,0.0090464335,0.008319904,0.008883425,0.008423659,0.008938703,0.008153766,0.008414958,0.00903179,0.0050266967,0.0088399425,0.007413742,0.009139197,0.008918297,0.0084324125,0.007938717,0.008831373,0.008403299,0.0009325151,0.007850536,0.0069307503,0.0078304205,0.009399037,0.0067757457,0.0064323866,0.008226344,0.009337155,0.008068083,0.0065640723,0.00947694,0.00951694,0.0059483345,0.0,0.008889314,0.008575307,0.00858088,0.009716044,0.005710161,0.008050067,0.009269712,0.002362814,0.009174501,0.009196066,0.008954159,0.0077112745,0.008338488,0.007738129,0.007849518,0.008574963,4.5631796e-06,0.007193644,0.007042158,0.0077122403,0.009534866,0.007037239,0.0009315891,0.00941254,0.008246634,0.012815097,0.0013012468
0.009521564,0.010007794,0.010068937,0.008546659,0.010352975,0.008793176,0.009970543,0.010283136,0.009814348,0.009880586,0.009694294,0.0077883783,0.008363419,0.009992058,0.0097991275,0.010181141,0.010029358,0.010115328,0.0088012125,0.008990722,0.00946552,0.0061587766,0.00953732,0.009879818,0.0080500925,0.0050998954,0.009727688,0.00675179,0.010062107,0.0023661605,0.010046459,0.0032047834,0.009184966,0.0102718,0.008432677,0.01019276,0.009237789,0.008090608,0.009838867,0.00818813,0.0055955783,0.0017408602,7.62365e-06,0.009923568,0.006569653,0.008756897,0.009905349,0.01025874,1.073766e-05,0.009809656,0.005877469,0.010167221,0.009536605,0.010102426,0.009531485,0.010083352,0.009064558,0.008736524,0.010222425,0.0058187176,0.009682249,0.008951947,0.010331309,0.009791239,0.009201062,0.009111589,0.010139612,0.008341079,0.0020754475,0.008570751,0.008089224,0.008900442,0.010259989,0.00834767,0.0076861545,0.008618125,0.01047635,0.009389827,0.0077726194,0.0102452235,0.010212301,0.007048873,0.009962255,0.0,0.009814132,0.009747884,0.010469555,0.0068479697,0.0092879515,0.01019997,0.0030202838,0.010251048,0.008444496,0.00982898,0.00821139,0.009042526,0.009354274,0.00935519,0.010024645,8.858484e-06,0.008179648,0.0075255195,0.008244588,0.010289337,0.00845134,0.0019417641,0.009558394,0.007546591,0.013082115,0.0020359834
0.011843427,0.0118593825,0.012990615,0.010329271,0.013254792,0.010781455,0.01217929,0.013653711,0.012544312,0.01247027,0.013007162,0.009995254,0.01031655,0.012445665,0.014130613,0.013336163,0.013053949,0.013240221,0.010850332,0.014298177,0.013904997,0.008713943,0.0117458915,0.01223993,0.010410962,0.0084830085,0.012322524,0.009466133,0.0124268355,0.0056617325,0.013953193,0.006471929,0.014309237,0.013849662,0.01045422,0.012637099,0.011475935,0.01445067,0.012660027,0.010198849,0.007814574,0.004945711,0.002764371,0.014105354,0.0089929225,0.010724492,0.013811181,0.012623758,0.0027484035,0.013416611,0.00858547,0.013223375,0.011481981,0.014183379,0.014096472,0.01325754,0.014314931,0.010773525,0.013158871,0.008212179,0.011877594,0.010854705,0.012606381,0.011844945,0.011362591,0.014048859,0.013254903,0.0107027115,0.0054505104,0.010731938,0.014414257,0.014327407,0.013102316,0.01010457,0.010007661,0.01070847,0.013679285,0.014146635,0.015037227,0.012253016,0.012349131,0.009251292,0.012065735,0.012690399,0.0,0.011734277,0.012795469,0.00925225,0.014332337,0.013870438,0.0063325004,0.012950019,0.011245328,0.012692971,0.010224848,0.011011999,0.011886987,0.011636127,0.012832072,0.00043941682,0.010249616,0.009889574,0.010185751,0.013097166,0.010550968,0.00522367,0.011575571,0.010142024,0.017678302,0.0055620978
0.008349376,0.0088656,0.008865329,0.007533569,0.009269547,0.007980154,0.00904808,0.008987444,0.008600388,0.008601546,0.008386393,0.0067869015,0.0070931376,0.008997299,0.008535126,0.009027838,0.008886126,0.008770962,0.007613045,0.007955681,0.008137779,0.005267262,0.0085320575,0.008780019,0.006718552,0.0031281882,0.008365024,0.0059362585,0.008967264,0.001570623,0.008840937,0.0020151436,0.0081738345,0.00896401,0.007195578,0.00931948,0.008306025,0.006563503,0.008500872,0.007159121,0.0044141943,0.00044731295,2.9284176e-06,0.008573737,0.0059463256,0.0074629555,0.008601008,0.0092682885,6.733523e-06,0.008453584,0.004981529,0.008877764,0.00847628,0.0088463975,0.008393316,0.008783538,0.007862181,0.007971317,0.009057611,0.0048792325,0.008680674,0.007903196,0.0090688495,0.008747921,0.0083208885,0.007816578,0.008952713,0.0076137814,0.0011934863,0.0075296336,0.0065642362,0.007710141,0.009148738,0.0074734534,0.0064037773,0.007776601,0.009376079,0.008236984,0.0066932887,0.00939492,0.0091984,0.0061105234,0.00905586,0.008990569,0.008619719,0.0,0.009445586,0.005515542,0.008048949,0.009134422,0.0021127767,0.009124915,0.007838262,0.008525241,0.00740615,0.0080616735,0.008000994,0.008054522,0.008634889,8.362502e-06,0.007250503,0.006523848,0.0074145603,0.009255473,0.007419454,0.001028243,0.008731574,0.0070624924,0.012602089,0.0010023835
0.009558316,0.009862731,0.010197478,0.008192026,0.010627512,0.008997481,0.0098601645,0.010378663,0.009640188,0.009593811,0.009526297,0.0077841715,0.0071824174,0.0103472825,0.009820709,0.010202677,0.00958683,0.009601417,0.008632437,0.009145412,0.009591416,0.0063554537,0.009757615,0.009789612,0.007819225,0.0045786183,0.009693412,0.00742232,0.00994338,0.0025494888,0.01027679,0.0032064219,0.00928536,0.010269032,0.007845435,0.010578906,0.009764769,0.00813236,0.00957607,0.008113116,0.0046083713,0.0011404073,8.132698e-06,0.009706704,0.0070217503,0.008297455,0.009783505,0.010552076,5.9097665e-06,0.009588087,0.0060768332,0.009923267,0.009182255,0.00998136,0.009367094,0.009892863,0.009411522,0.009177717,0.009980804,0.0060251667,0.00974587,0.008420237,0.010026767,0.009870128,0.009345432,0.009032013,0.009761909,0.009119677,0.00200728,0.00877922,0.008115054,0.008827722,0.010632561,0.0077538877,0.007254514,0.00902809,0.010610427,0.009460835,0.007828315,0.010427717,0.010565931,0.0069249687,0.010343014,0.009948445,0.009570379,0.009765233,0.0,0.006851581,0.00940691,0.010695236,0.0033668044,0.010078479,0.009810614,0.009882762,0.008515569,0.009339992,0.008857861,0.008853077,0.00948717,2.8036125e-06,0.008109959,0.0077200183,0.008508857,0.0103921,0.007931719,0.0020411687,0.010144451,0.008885352,0.01357197,0.0023291442
0.004657336,0.005083209,0.0056585795,0.0036205724,0.005997126,0.0045036455,0.0055363295,0.0060080383,0.0054209395,0.005064297,0.0054613473,0.0036389611,0.0038238917,0.0055271955,0.0068749604,0.005755426,0.0057881484,0.005912737,0.0043429737,0.0065500652,0.0061964295,0.002372036,0.004979782,0.005350767,0.0038776982,0.004762624,0.0051720096,0.0038375626,0.005493783,1.5398349e-06,0.006628013,0.00037969335,0.006648236,0.0065548443,0.0037568428,0.005789354,0.0047400934,0.006317227,0.0052542444,0.00397507,0.00090436696,4.14892e-06,1.2383155e-06,0.0061708502,0.003027854,0.0046046744,0.0064177406,0.00594025,1.380992e-06,0.0058695166,0.0026562857,0.005813435,0.005120185,0.0065286546,0.00663926,0.005865928,0.0065746033,0.0046733455,0.0056887963,0.0020797271,0.005405336,0.004117379,0.0059177154,0.0051994515,0.0050390954,0.0060211094,0.006034849,0.0046456098,5.7637067e-06,0.004152499,0.006081501,0.006433787,0.0059819887,0.0038308012,0.003794631,0.004532095,0.0064231995,0.0063411104,0.0067228745,0.005646721,0.00575385,0.002888389,0.0053682416,0.0058375383,0.007109947,0.0050275153,0.0060468856,0.0,0.0062903487,0.0066211717,0.0001639614,0.005714405,0.0062559713,0.005637542,0.0041881083,0.0045942743,0.0050640395,0.004970042,0.0056679766,3.663746e-06,0.0040104934,0.0038643344,0.0043965164,0.0063659227,0.0032750457,-1.514206e-06,0.0054333815,0.004829802,0.016294546,3.1200843e-06
0.013525637,0.013501166,0.014840397,0.011851139,0.014996874,0.012339121,0.013456793,0.0153043615,0.013917964,0.0140016135,0.014259397,0.011866754,0.011597591,0.014163922,0.01537667,0.014633952,0.014126978,0.014255458,0.012474155,0.015364215,0.015566341,0.010486709,0.013373109,0.013786638,0.012134772,0.01078097,0.013770774,0.01127159,0.013767023,0.007969517,0.0155686615,0.00862943,0.015547306,0.01502819,0.012048939,0.014452307,0.013164537,0.015485913,0.014076,0.011835504,0.009529045,0.007350299,0.0051832115,0.015326944,0.011020731,0.012279201,0.014882612,0.014348719,0.0054033254,0.014669971,0.010290936,0.014471185,0.012782765,0.015800212,0.015235545,0.014345981,0.016483566,0.012395133,0.014144372,0.010165251,0.013360053,0.012306885,0.013807497,0.013515378,0.012842892,0.015382964,0.014370592,0.012376944,0.007736411,0.01239076,0.01599108,0.015671734,0.0150447525,0.011932232,0.011592225,0.012380192,0.015287956,0.01673696,0.016561197,0.013810597,0.014018119,0.010985768,0.013853303,0.0140365595,0.01514981,0.013429154,0.014319642,0.011236299,0.0,0.015794,0.008365992,0.014275808,0.013134297,0.013998833,0.011871911,0.012764076,0.013144658,0.012891126,0.013808658,0.0034040504,0.011976472,0.011642159,0.01185669,0.014638596,0.012016188,0.0075179166,0.01337477,0.012194492,0.023571238,0.007904284
0.011466228,0.012111764,0.013225767,0.0104353195,0.013511373,0.010599578,0.012259516,0.013630583,0.012405753,0.012368082,0.012318069,0.010312525,0.009965679,0.01295571,0.013267849,0.013027981,0.012341257,0.012518928,0.01114439,0.012776262,0.013542768,0.008992155,0.011686426,0.012285151,0.01040864,0.008457631,0.012431275,0.009754234,0.0123882955,0.005617526,0.013869911,0.006571815,0.013398034,0.013485968,0.010488204,0.013155806,0.011522075,0.012231705,0.012367091,0.009991209,0.0077254246,0.004718935,0.0029036652,0.013350845,0.009067086,0.010812527,0.012806311,0.013094588,0.002843948,0.012660107,0.00870103,0.012740382,0.011463961,0.013750113,0.012663859,0.012831012,0.014075918,0.011375935,0.012556582,0.008168911,0.012135552,0.010915924,0.012568809,0.01181644,0.011271492,0.012865531,0.012649952,0.010738374,0.005529846,0.011006477,0.012426407,0.012625347,0.013661617,0.010184749,0.01001924,0.01117831,0.013853497,0.01394088,0.012611571,0.012621754,0.012432455,0.009065756,0.012578839,0.012678905,0.01296357,0.0119728455,0.013233831,0.009691738,0.014155433,0.0,0.006613135,0.012915933,0.011845442,0.012468611,0.01011471,0.011130398,0.011521739,0.011393362,0.012181262,0.00052716996,0.010074828,0.010231239,0.010276465,0.013337477,0.010369974,0.00555669,0.011888218,0.010604244,0.019122422,0.0058734417
0.003041637,0.0035611952,0.004478979,0.0019228852,0.0046813446,0.0028284723,0.0040067625,0.0048648906,0.0038128702,0.0033563809,0.003995821,0.0016557262,0.0012624172,0.0040749176,0.005350658,0.0042857435,0.0041281534,0.004344146,0.002534704,0.006100161,0.005433894,0.0006706127,0.0033722098,0.004021374,0.0015508636,7.374444e-06,0.0035442084,0.001682696,0.003748269,2.6027453e-06,0.0057966663,3.3568883e-06,0.0062902197,0.005523497,0.0013588648,0.0044352734,0.0034949076,0.0075707017,0.0036683169,0.0020178556,8.193643e-06,1.21491175e-05,-1.949014e-06,0.0049427627,0.0013581683,0.002206427,0.005493512,0.0046486408,6.518735e-06,0.0045628813,0.00047700203,0.0043040966,0.0032050735,0.005572766,0.0057934215,0.004369466,0.0064688292,0.0033776804,0.004100054,0.0002476207,0.0037489578,0.0022505163,0.0044955616,0.0035966886,0.0030922752,0.005206958,0.0044111805,0.0032067501,1.0713528e-05,0.002407116,0.0077359914,0.0060235974,0.0048825047,0.0014616904,0.0011116072,0.002901197,0.0051544732,0.0055188565,0.009449437,0.0042846734,0.0043124133,0.00087704917,0.004167717,0.004026153,0.005783793,0.0034338303,0.0046492214,0.0006955502,0.0059431843,0.00566557,0.0,0.004289827,0.004737181,0.0040228385,0.0024335473,0.0031011575,0.0023668204,0.0025241564,0.0040284097,-5.315748e-07,0.0019946848,0.0017688615,0.0028408088,0.004488147,0.0016119096,7.394472e-06,0.004196236,0.0037402054,0.017598683,8.375536e-06
0.0099125635,0.010229288,0.01055981,0.008448424,0.010866046,0.009168148,0.010188646,0.0107549485,0.01020559,0.010236207,0.010177102,0.008288524,0.008336341,0.010659571,0.010441222,0.010761868,0.010381193,0.010402006,0.009204769,0.009688278,0.010132173,0.0067758793,0.01003567,0.010356168,0.008426626,0.005001542,0.010221757,0.007312412,0.010427242,0.0027361745,0.010571929,0.0036379527,0.009890982,0.01074722,0.008620859,0.010817052,0.009990733,0.008685536,0.010106907,0.008522194,0.005469085,0.0020564417,9.660747e-06,0.010348692,0.0070383875,0.008878321,0.010505746,0.010766938,8.425572e-06,0.010221078,0.0064323805,0.010480808,0.009790232,0.010447825,0.010007712,0.010472992,0.009587836,0.009406205,0.010683284,0.006103323,0.010254233,0.009187741,0.0106393695,0.010193217,0.009656815,0.00964681,0.01062199,0.009109632,0.0024255435,0.009084841,0.008577949,0.009539709,0.010805944,0.008265449,0.008034101,0.0090458095,0.010948276,0.009835252,0.00820295,0.010774922,0.010672498,0.007489475,0.010560131,0.010488841,0.010138802,0.009881803,0.010915319,0.006846495,0.009841617,0.010859339,0.0035193064,0.0,0.009652212,0.01053487,0.008505829,0.009489504,0.009700031,0.009594068,0.010300407,4.130317e-06,0.008573876,0.008016049,0.00879555,0.010807181,0.008669589,0.0024060379,0.010222877,0.008508596,0.013368552,0.0023876736
0.005387209,0.0055464264,0.0065766065,0.0033993355,0.006879919,0.005479388,0.006023792,0.007069782,0.006095788,0.005601975,0.006278192,0.00443803,0.0021758196,0.0065153493,0.00759489,0.0065767663,0.006493377,0.0063912123,0.0049843774,0.008077297,0.0075207134,0.0034916322,0.005896749,0.006131067,0.0040728664,0.0025217084,0.0060897465,0.0051516667,0.006070324,0.00056821725,0.007822622,0.0008592909,0.008309283,0.0076757,0.0032842213,0.00673287,0.0061958604,0.008525637,0.0060125524,0.0046767434,1.1476982e-06,1.3937124e-06,5.3127255e-06,0.007209042,0.0044492483,0.004555266,0.007715144,0.0067560105,4.1231096e-06,0.006663511,0.0034628778,0.0066506914,0.005385389,0.0078004682,0.00779729,0.006670895,0.008039109,0.0061750542,0.0063263,0.003239952,0.006226983,0.0038821436,0.0065352027,0.0059900326,0.005109006,0.0073758904,0.0067301653,0.006337491,3.2843523e-06,0.0050194347,0.008393902,0.007970343,0.006885348,0.0030321619,0.0036882393,0.0056724763,0.0071754297,0.007442973,0.009087291,0.0064551914,0.006601334,0.0032083015,0.006539264,0.0059789824,0.007745,0.0054970104,0.006877686,0.004341387,0.0077678296,0.0076366253,0.0015677203,0.006473866,0.0,0.006416535,0.0054276437,0.0057384684,0.0045230077,0.0045132693,0.0060973656,-7.5250966e-07,0.004398529,0.004891087,0.005502296,0.0066364896,0.0036125171,5.786415e-06,0.0067476095,0.00705297,0.015438612,0.00080272136
0.009182583,0.009259077,0.009647658,0.0072967773,0.010136419,0.008402849,0.009500769,0.009979709,0.009657797,0.009434915,0.0095767975,0.00770439,0.0074769454,0.009758581,0.00962587,0.009960352,0.009726852,0.00964223,0.008579988,0.009388429,0.009612984,0.006264341,0.009472213,0.009867143,0.008108299,0.0049422393,0.009784824,0.006731922,0.0096980175,0.0017783047,0.010125687,0.0030428763,0.009544743,0.010348238,0.007945551,0.009989417,0.00937837,0.008042707,0.009504436,0.0076710153,0.004724801,0.0012835703,4.4748826e-06,0.009596704,0.0062667993,0.008396597,0.009981077,0.010075993,5.9774206e-06,0.009424489,0.00575913,0.009785986,0.0089796,0.009571672,0.0094403755,0.009949533,0.009081767,0.008816085,0.010032085,0.005210581,0.009686816,0.008459097,0.009963782,0.009343091,0.009069367,0.00909909,0.009859075,0.00836798,0.0014928909,0.008389625,0.007907141,0.00896903,0.009950933,0.0072170184,0.0076112878,0.008333574,0.010033233,0.00879741,0.0074414704,0.009948967,0.009862856,0.0068664546,0.009693211,0.009473242,0.009566099,0.008826305,0.009970273,0.006453451,0.008730153,0.010006826,0.002722445,0.009882282,0.009462677,0.0,0.00783415,0.008528523,0.008913358,0.008907016,0.009774566,6.2182403e-06,0.0078045623,0.0073266304,0.008148836,0.010202128,0.0076505626,0.0017386125,0.009388355,0.007980257,0.0126885995,0.0015890265
0.005736869,0.006236953,0.0065127998,0.004964461,0.0067610787,0.005631901,0.0064809667,0.0067700627,0.0062649082,0.006068621,0.0062001743,0.004380706,0.0042033484,0.006534739,0.006863607,0.0065976195,0.006631556,0.00658541,0.005231466,0.007000414,0.006810831,0.0033370398,0.006135228,0.006392401,0.004304436,0.0010454209,0.0060680197,0.004347685,0.006529279,2.9122793e-05,0.007367816,0.00021133585,0.0073495638,0.0073701297,0.0044757924,0.00681292,0.006005108,0.0067490353,0.0061385185,0.0048731277,0.0016632116,7.065079e-06,3.7673167e-06,0.0066754106,0.004113211,0.0050845165,0.0070658596,0.0069760163,5.912156e-06,0.0064804796,0.0031039452,0.0067179627,0.005945895,0.0070750695,0.007072022,0.006706768,0.0067755925,0.005956848,0.006535436,0.003110432,0.006320143,0.0050917584,0.006812173,0.006212232,0.0057611386,0.0066003674,0.006769912,0.005914681,7.105248e-06,0.005087629,0.0065743504,0.0068047107,0.0067998664,0.004585948,0.004028839,0.005673466,0.0071827336,0.006416019,0.006887751,0.006832872,0.006896013,0.003652344,0.0066345786,0.0065484657,0.0071884305,0.0060499925,0.0069991658,0.0035056348,0.0063229636,0.0072493693,0.00075018656,0.00655632,0.00679215,0.0063884207,0.0,0.0058506606,0.0053956965,0.005411265,0.00650215,2.9131647e-06,0.00478728,0.0046341303,0.005418597,0.0067232177,0.0047076866,1.2022942e-05,0.006706307,0.0060921814,0.012535317,6.5423146e-06
0.00699141,0.007377337,0.007507024,0.005901527,0.007949032,0.0069262395,0.0075604036,0.007776584,0.007287543,0.0072188484,0.0072261468,0.005585921,0.005122856,0.007812023,0.0076160803,0.0077751214,0.0074881073,0.007469406,0.006355218,0.007361129,0.0074667144,0.0040533114,0.007329987,0.007494496,0.005414951,0.001818245,0.007224313,0.0053045233,0.0075983745,0.00036245136,0.008118323,0.000772764,0.0075274995,0.008196487,0.005532806,0.007950916,0.007317386,0.006569107,0.007212101,0.006000601,0.0022656948,7.092069e-06,3.5759797e-06,0.007459501,0.005012033,0.0061388873,0.0077637676,0.008078172,4.894776e-06,0.0073331497,0.0039928257,0.0076227225,0.0070718215,0.0077054296,0.0076009813,0.0076054404,0.0071513765,0.0069519235,0.007595058,0.0038348949,0.0074742385,0.00627555,0.007911344,0.007371548,0.006953301,0.0070830802,0.0077359607,0.006945245,7.9962265e-06,0.0062818746,0.0063458094,0.007161789,0.007994568,0.005504684,0.004926083,0.006675722,0.008038991,0.0071265204,0.005759961,0.008164708,0.007977447,0.0047017797,0.007972447,0.007525734,0.0075993417,0.007236887,0.008323197,0.0043674093,0.006961363,0.007947384,0.0012624116,0.007690872,0.007805275,0.007444051,0.006518662,0.0,0.0064306976,0.0064113066,0.00733901,3.2293124e-06,0.0057901246,0.0055487696,0.0063354634,0.007901069,0.0056850845,9.930775e-06,0.007785794,0.0068886415,0.012250375,6.183356e-05
0.008090513,0.008469675,0.008445646,0.007400596,0.0086536165,0.0073244916,0.00864523,0.008576622,0.0086119985,0.008497147,0.008265234,0.0066480692,0.008086958,0.008474922,0.008081896,0.008730078,0.008771747,0.008948983,0.007644707,0.007334321,0.007665664,0.0050442154,0.008182349,0.008748342,0.007069877,0.003753569,0.008335336,0.0053292676,0.008908433,0.0009289489,0.008471122,0.00216868,0.007726957,0.008751574,0.0075890343,0.008498621,0.007925441,0.0061522783,0.008465061,0.0066935546,0.0053082313,0.00096005073,5.0765534e-06,0.00811236,0.0051868847,0.007733187,0.008324584,0.008848415,8.135176e-06,0.008272623,0.00472309,0.008761679,0.008334021,0.008211526,0.0077660508,0.0086271195,0.007290087,0.007431491,0.008864226,0.004387101,0.0085674655,0.008122655,0.009116259,0.008258538,0.007916512,0.0074137095,0.008942551,0.006943767,0.0009798763,0.0073775584,0.0060854624,0.007222029,0.008572042,0.0074670766,0.0067298,0.0070809815,0.0087621035,0.007315436,0.0061456454,0.008836345,0.008596969,0.006229797,0.008523387,0.0088628745,0.008142091,0.0082080625,0.008833456,0.005359752,0.0071045705,0.008506306,0.0014393239,0.008790625,0.006629328,0.008641648,0.0067597707,0.007584339,0.0,0.008516069,0.008804279,1.2138726e-05,0.006925157,0.0062493472,0.0067572407,0.008873835,0.007895881,0.0005467196,0.008087672,0.0054871156,0.011850811,0.0003760232
0.00810443,0.008371236,0.008350854,0.0072471425,0.008549072,0.0074668042,0.008754606,0.008507393,0.008428602,0.0083309915,0.008209596,0.006576152,0.007897539,0.008449149,0.008157021,0.008841623,0.008614661,0.008892646,0.0074899755,0.007413946,0.0077646337,0.0052528526,0.008105495,0.008808565,0.007109276,0.0033312985,0.008375496,0.005276571,0.008821852,0.0010319246,0.008494604,0.0021046805,0.0077852667,0.0087229945,0.007415518,0.008504562,0.008053245,0.0062124524,0.008302337,0.0066882605,0.0051082685,0.00094284496,3.1963405e-06,0.008103259,0.0050970986,0.007533444,0.0084239505,0.00887516,6.280914e-06,0.008186365,0.004709058,0.008683603,0.008304097,0.008146678,0.007747747,0.008581951,0.007236794,0.007421715,0.008832254,0.004554718,0.008596054,0.007950251,0.008942685,0.008346826,0.007978766,0.007401881,0.008924547,0.006991602,0.0010156032,0.0072081,0.0058900025,0.0071265893,0.008545588,0.007381402,0.006588053,0.0070973206,0.008874031,0.0073496695,0.006121279,0.008843647,0.008548358,0.0061378228,0.008362579,0.008756601,0.008072654,0.0083407285,0.008915691,0.005141545,0.0071764137,0.008455554,0.0014236787,0.008866745,0.0067660557,0.008532636,0.0068435334,0.007400612,0.008190139,0.0,0.008674275,5.790521e-06,0.006945257,0.0061423657,0.006839382,0.008844012,0.0077654235,0.0009064746,0.008022481,0.0055072107,0.011804414,0.00045922067
0.009608914,0.009825625,0.010002207,0.008359085,0.010546353,0.008681794,0.010107842,0.010286194,0.010162231,0.009894581,0.010062308,0.007872516,0.0084591005,0.010030168,0.010284901,0.010372134,0.01029991,0.010514564,0.008861626,0.00977071,0.010002706,0.0064436686,0.0095650945,0.010160246,0.008389892,0.0053998237,0.010111333,0.006821271,0.01010337,0.0023375321,0.010438327,0.0034749846,0.009932631,0.010729687,0.008552062,0.010128948,0.009340378,0.008773403,0.009903696,0.008134332,0.0056734327,0.0019632762,3.4307243e-06,0.01022764,0.006455525,0.008891128,0.010461229,0.010401789,7.395686e-06,0.010153751,0.006106172,0.01030174,0.009476538,0.010257671,0.009948121,0.010381002,0.009395212,0.008779609,0.01038217,0.005583196,0.009990772,0.009010234,0.010434994,0.009718463,0.009318527,0.009513072,0.010448234,0.008373763,0.0021097788,0.008672558,0.008452548,0.0094324695,0.010317473,0.008287262,0.008026968,0.008611851,0.010479675,0.009361188,0.008074504,0.010266812,0.010219095,0.007394845,0.009895141,0.010311067,0.01000646,0.009587219,0.010241545,0.006747285,0.009312694,0.010297018,0.0029110576,0.010349328,0.008683048,0.010266868,0.008094765,0.008919008,0.009606585,0.009578663,0.0,7.4725604e-06,0.008246316,0.007565272,0.0083225975,0.010398369,0.008583699,0.0021161814,0.00949492,0.007638626,0.01279646,0.0020867717
0.00045626724,0.0006734639,0.0040298426,-3.9660836e-06,0.0044559096,1.5648882e-05,0.0013029495,0.0048064627,0.002481439,0.0019205704,0.0029302875,1.4238127e-05,4.004781e-06,0.0028844068,0.0049507697,0.0036257426,0.002838249,0.0029236241,-5.277537e-06,0.0061016027,0.0057897046,-6.682476e-06,0.00063575484,0.0020044872,1.4524045e-05,1.7464814e-05,0.0008949967,1.11447525e-05,0.0013869975,-2.181284e-06,0.006114935,-9.130351e-06,0.0064302436,0.0053206,1.1387228e-05,0.0032083096,9.2660855e-05,0.0068495474,0.0026319697,1.7847275e-05,2.0192443e-05,1.9588182e-05,7.681218e-06,0.0046541896,1.7012098e-05,-1.6785273e-07,0.005215811,0.003585625,-8.520394e-06,0.0037915162,-6.2236063e-06,0.003502654,-4.6224814e-06,0.0056909546,0.005370322,0.0034159184,0.006799649,-7.871786e-06,0.0026820304,1.3873965e-05,0.0006201781,2.0907637e-05,0.0026857248,0.0008353517,1.6037766e-05,0.004995151,0.00309038,9.3171975e-06,9.10456e-06,-8.354529e-06,0.006894594,0.005653249,0.004755993,-7.049018e-06,2.1572838e-05,6.224164e-06,0.0048718723,0.0057572294,0.009747831,0.0022756825,0.0018271259,-2.008321e-06,0.0018882691,0.0022320936,0.0053924336,0.00057139614,0.00360053,7.058858e-06,0.006109185,0.0059987004,1.4465483e-05,0.0030485638,2.3644e-05,0.0022709612,-4.582814e-06,-8.441326e-06,2.2385111e-05,2.0018837e-05,0.002283521,0.0,8.688845e-06,6.2345503e-06,1.9925092e-05,0.0041380725,1.2229908e-05,-4.4902863e-06,0.000841451,1.579575e-05,0.020445442,1.95326e-05
0.006329191,0.0067631374,0.006867039,0.0055324757,0.0071197,0.0058619236,0.0069204746,0.0071120174,0.006786182,0.0065470785,0.006641374,0.0048687733,0.0053719482,0.0067763613,0.0069204434,0.0071333344,0.007013223,0.006979709,0.0058756866,0.006766356,0.006783438,0.003639822,0.006535486,0.0069883526,0.0050897566,0.0020869416,0.0064948085,0.0043382496,0.0068554725,9.448016e-06,0.0073946756,0.0007075826,0.006929469,0.0074075204,0.005226526,0.007027928,0.006260362,0.005492892,0.006529334,0.0053621465,0.0026226826,8.4770845e-06,3.5736439e-06,0.0068696407,0.0040639876,0.005758684,0.007281702,0.0072655,7.651191e-06,0.006748041,0.0034236393,0.006981632,0.00656934,0.0070881057,0.006935548,0.0070310943,0.0061191954,0.006059531,0.007026276,0.0033275075,0.0068412726,0.00587843,0.0072901663,0.006554271,0.0064178477,0.006296737,0.007136213,0.0057698204,5.3390904e-06,0.0056803073,0.0052953297,0.0060823737,0.007071007,0.005402615,0.004702271,0.00590078,0.0073796506,0.006508583,0.0053963177,0.0072371685,0.0070325364,0.0044039884,0.006871488,0.007000881,0.0069476063,0.0065116575,0.007437738,0.003994534,0.00632322,0.007401289,0.0006640497,0.007001202,0.0064743776,0.006785011,0.0056218244,0.00597525,0.006094207,0.006191589,0.006844413,4.936845e-06,0.0,0.0047694077,0.0057145,0.0070741014,0.0053730803,9.734831e-06,0.0068770163,0.0055045597,0.012385346,7.532612e-06
0.00499543,0.005728324,0.006155411,0.004260711,0.006509738,0.0051750727,0.0061012586,0.006228659,0.005909865,0.0055542486,0.0059387707,0.0041032243,0.0038300864,0.0060446635,0.0067397035,0.006414535,0.00628098,0.0064050457,0.004888065,0.0069063245,0.006665555,0.0029742802,0.0053180875,0.0061117834,0.0036970747,0.0012729786,0.0056760903,0.0039797714,0.0060856524,7.788625e-06,0.00707033,6.745004e-06,0.007062833,0.007180875,0.0037041462,0.005856401,0.0056256647,0.006933154,0.005857811,0.003999441,0.0010598811,1.046566e-05,5.6763724e-06,0.006512004,0.003523875,0.0046940017,0.0068572634,0.0061082398,1.3401828e-05,0.006325844,0.0027209164,0.0063668736,0.005589296,0.006897093,0.006864718,0.006421964,0.006864919,0.0054849763,0.00620899,0.0026115847,0.0061130845,0.0047238027,0.006633611,0.0053675137,0.0051093535,0.00636625,0.0064500556,0.0053699613,1.003179e-05,0.0047582425,0.0068247463,0.0067661726,0.0062045297,0.003874698,0.0037006824,0.0050831414,0.0069314893,0.0064453827,0.00695384,0.0064422833,0.0058987066,0.0029823093,0.0062491936,0.0061091324,0.006996868,0.0056017577,0.0066838386,0.0032106992,0.0065033007,0.0070077404,0.0002774138,0.006277825,0.006658891,0.006068999,0.004460841,0.0053573353,0.004979174,0.0049629374,0.0060091494,4.579196e-06,0.0039466536,0.0,0.004933546,0.006463515,0.0042960923,8.49315e-06,0.0062399926,0.005633665,0.013651338,7.162261e-06
0.00580002,0.0062700054,0.0066827615,0.0046492848,0.006951525,0.0057226666,0.0064375005,0.006941415,0.0064142672,0.0060398546,0.006265852,0.004560624,0.0042307866,0.0065456443,0.0069773695,0.006702526,0.0066972123,0.006594445,0.005456514,0.007153207,0.0068656863,0.0033951732,0.00613746,0.006496864,0.004434619,0.0013781021,0.006232282,0.004306918,0.0065546595,7.311699e-06,0.0075329994,0.00022723913,0.007312912,0.0074695284,0.0045863353,0.006884497,0.0061369045,0.006724281,0.006196358,0.005019303,0.0017029566,3.2681655e-06,6.216143e-06,0.006781931,0.0040704664,0.005193616,0.00721431,0.006938084,5.7933994e-06,0.0066719465,0.0032730976,0.006676638,0.006025909,0.007156881,0.007093176,0.0068006883,0.006944088,0.0061214822,0.006744151,0.0030656415,0.0064131278,0.0051302756,0.0069969026,0.0062171486,0.0059595043,0.0065248567,0.006883479,0.0059356815,4.224855e-06,0.0052802763,0.0065411087,0.0068509025,0.006933784,0.004478095,0.0042030513,0.005624195,0.0072386437,0.006598803,0.0060821283,0.0069031315,0.00678287,0.003960138,0.0067468276,0.006430186,0.007072778,0.005984288,0.007001279,0.0035190072,0.0066308156,0.007421634,0.00059355854,0.0068298164,0.0069967275,0.006628336,0.005272632,0.0057291435,0.005354284,0.0055666417,0.0065149954,6.3805387e-06,0.0048898645,0.004606138,0.0,0.0068296352,0.0046747127,1.6834076e-06,0.0066933674,0.0060555567,0.013035006,1.0254149e-05
0.010482361,0.010574151,0.011146039,0.00879523,0.011516413,0.009616894,0.010764825,0.011457251,0.0107405,0.010740981,0.010654225,0.008710207,0.008086619,0.011218216,0.010898263,0.011093234,0.010733284,0.010846546,0.009774052,0.010484532,0.0109777395,0.007203406,0.01072351,0.010731192,0.008725314,0.0058779065,0.010907761,0.008123097,0.010806948,0.0033050166,0.011688689,0.004185557,0.010716188,0.011382242,0.008787076,0.011427972,0.010507512,0.008916256,0.010643977,0.00899879,0.0055488595,0.0023993296,5.2711903e-06,0.010674258,0.007787463,0.009314182,0.01110729,0.011310786,1.0863306e-05,0.010514123,0.0069666915,0.010977292,0.009940558,0.011121446,0.010456022,0.010956055,0.010551138,0.010020502,0.010874827,0.0067030257,0.0108539555,0.009331581,0.010978766,0.010767862,0.010195482,0.010210366,0.010806743,0.009754702,0.0028546378,0.009604597,0.009234875,0.010095975,0.011558143,0.008395801,0.008368557,0.0097908825,0.011549425,0.01053537,0.009126088,0.011184692,0.011384026,0.00776939,0.011199342,0.010891217,0.010544582,0.010282387,0.011450557,0.007602249,0.010445636,0.011491487,0.004104106,0.011068408,0.010708305,0.010974421,0.00918792,0.010056434,0.009833425,0.00975312,0.0107236635,4.253241e-06,0.008930341,0.00865152,0.009208157,0.0,0.008768019,0.0029639492,0.010965271,0.009546176,0.014548704,0.0031350688
0.006834827,0.0072782924,0.007142289,0.0063266368,0.0073066037,0.0061440472,0.00757605,0.007392842,0.007106668,0.007190775,0.007055431,0.0055214795,0.007910152,0.0070472797,0.0070925304,0.007539195,0.0076574017,0.007848998,0.0064014276,0.006641325,0.0068084355,0.0039959964,0.006881334,0.007435618,0.006045583,0.0016078389,0.0068897908,0.004450096,0.0075036883,0.00058323215,0.0077165556,0.001488069,0.0069827964,0.007594805,0.0065405704,0.007181701,0.006777262,0.00604954,0.0071069854,0.00567444,0.0053091925,0.0006668683,1.28842275e-05,0.0070035146,0.0040481742,0.006515886,0.007405275,0.007446103,1.6361873e-05,0.007107093,0.0037754104,0.0074678315,0.007274534,0.007277478,0.0069784904,0.0073425975,0.0065372447,0.006337149,0.0076147052,0.003856279,0.00731801,0.0069764033,0.0078366855,0.007082091,0.006854877,0.0064705084,0.007697383,0.0058098393,0.0010171705,0.006129513,0.005844611,0.0063897534,0.0073501514,0.007161656,0.0054193544,0.0059209093,0.0077694934,0.0065227617,0.0059751444,0.007633019,0.007425414,0.0051069283,0.0071894224,0.0076077804,0.0071660415,0.007199927,0.0076541114,0.0035642819,0.0064797685,0.007490526,0.0007867279,0.0074629807,0.005413066,0.0071992544,0.0058604726,0.006302544,0.0076406067,0.0073157316,0.0073665576,1.7215794e-05,0.0057812384,0.0051803202,0.0055849543,0.0075762924,0.0,0.0004256098,0.006631896,0.004165782,0.01315764,0.00031278754
0.003051992,0.003439505,0.0044556367,0.001556746,0.0048757885,0.0024937005,0.0038283488,0.0048865364,0.0038874892,0.0033485028,0.004054721,0.001307459,0.0014427478,0.00402176,0.0051976563,0.0044185403,0.004311025,0.0042484,0.002218605,0.005919049,0.0054594553,0.00018286152,0.003396629,0.004091024,0.0014772665,3.681701e-06,0.0034496805,0.0005818515,0.0037445205,-2.1304716e-06,0.005920386,1.0447202e-05,0.0060898084,0.0055451132,0.0013962009,0.004449245,0.0032948114,0.0068675987,0.003764795,0.0016040106,9.455731e-06,1.12375255e-05,-3.93088e-06,0.004865503,0.0005018655,0.0019278002,0.005493175,0.004650874,-3.3799774e-06,0.0045721843,-2.8810202e-06,0.0043116943,0.0032885466,0.0056312163,0.0055181333,0.004496837,0.0063778902,0.002881554,0.004138088,5.3312697e-06,0.0036335194,0.0020853986,0.0045480994,0.0033330985,0.0029227936,0.0050881775,0.0044690412,0.0026260016,-6.3131656e-06,0.0019770954,0.006778613,0.005537732,0.004885455,0.0013360858,0.00096720376,0.0024139986,0.005245976,0.005481394,0.009180399,0.004287976,0.004016451,0.0005640382,0.0039565545,0.0039262064,0.0055358736,0.003318207,0.0046867738,-3.7284938e-06,0.005924132,0.005830902,1.1190605e-05,0.0043811332,0.0039414014,0.004065825,0.001752045,0.0025150583,0.002464036,0.0026955043,0.003945415,-7.10862e-06,0.0014054647,0.0008963704,0.0021246679,0.0044817273,0.0015555865,0.0,0.0037102392,0.002529224,0.018040188,1.1343618e-05
0.007364816,0.007613548,0.007954906,0.005977056,0.008506255,0.007242186,0.007941006,0.008375619,0.0077529703,0.007494611,0.0074961497,0.005783248,0.0048093926,0.0082903765,0.008155857,0.008187554,0.007874463,0.0077725044,0.006691474,0.007992551,0.007880472,0.0044556395,0.007781134,0.007925612,0.0055101523,0.0023739964,0.0075949924,0.005938511,0.0077794255,0.0007652198,0.008637307,0.0011817286,0.008257341,0.008688316,0.0057047945,0.008465934,0.007905365,0.007149499,0.007702859,0.006299982,0.0020650558,8.756043e-06,3.7976943e-06,0.007938932,0.005413682,0.006294934,0.00825295,0.008504654,9.121966e-06,0.0076667294,0.0043960745,0.0079348525,0.0071894447,0.00838447,0.007982981,0.008032968,0.0077610547,0.007580518,0.008006693,0.0043113986,0.007903232,0.006365312,0.008262926,0.007895727,0.0073811007,0.007646985,0.008074268,0.00760688,7.4054287e-06,0.0067359377,0.007078866,0.0076374076,0.008439822,0.005420384,0.0051445877,0.0073230104,0.008485919,0.007671109,0.006262518,0.008580451,0.00853151,0.004972106,0.008326548,0.007896058,0.008053195,0.007477303,0.008606789,0.0048686527,0.0075019957,0.008664334,0.0017781296,0.008033372,0.0086997785,0.007895241,0.006874319,0.0075375643,0.0065404214,0.0065501337,0.0076193428,3.9420734e-06,0.0061982996,0.006111385,0.006963691,0.008394532,0.00570987,0.00014641555,0.0,0.007936016,0.0125412615,0.00073356426
0.004677672,0.0049789306,0.0056721643,0.003492571,0.0060770637,0.0048023663,0.0053253616,0.006216367,0.0052228565,0.0049087773,0.0055671213,0.003589954,0.0016950541,0.005660387,0.0073069106,0.005811351,0.0061866385,0.005778233,0.0042424053,0.007855793,0.0072864317,0.0025429004,0.005162161,0.0052404637,0.0031545311,0.001281801,0.0050786156,0.004274335,0.00527636,4.2997995e-06,0.0070354813,-1.5089533e-07,0.008036956,0.007321843,0.0026589874,0.005848256,0.0052142455,0.008616794,0.005240709,0.0040062107,5.579815e-07,6.8066436e-07,1.360836e-07,0.0068711624,0.003707575,0.0035462175,0.0074008424,0.005958925,-9.653689e-07,0.006584592,0.002735218,0.0057416474,0.004470754,0.0074107037,0.0076075844,0.005943191,0.0078187,0.0053538773,0.0054847514,0.002471398,0.005328113,0.0033658133,0.0057090633,0.0052334233,0.004810702,0.0071822125,0.0063734218,0.005460224,-2.501556e-06,0.004097749,0.00850328,0.007780836,0.0061642607,0.0025061404,0.0027931584,0.0050964556,0.006465749,0.007115922,0.009304494,0.005787071,0.005796719,0.0025530248,0.0058427555,0.0052814046,0.007613894,0.004895797,0.0061165444,0.003189046,0.007256493,0.0070923893,0.0013969579,0.0056157387,0.007474531,0.005429041,0.0048363386,0.0049834508,0.00362431,0.0036148978,0.0054638134,-3.1632662e-06,0.003680416,0.004060065,0.004883136,0.0058367676,0.002709166,-2.361376e-06,0.006131413,0.0,0.015166487,0.00050932466
0.021091089,0.021193236,0.021140898,0.020738045,0.021254497,0.020634579,0.021268973,0.021291327,0.021118436,0.021258174,0.021049317,0.020499676,0.021123046,0.02100307,0.021204894,0.021221012,0.021134209,0.021341946,0.020751107,0.021124648,0.021195717,0.01953414,0.021007452,0.02121039,0.020595303,0.017737819,0.02107438,0.019443534,0.021338323,0.01682151,0.021186935,0.017577961,0.021256894,0.021177476,0.020835195,0.021138536,0.020936651,0.02116769,0.021164479,0.02057106,0.019955866,0.017336173,0.014705091,0.021295663,0.019501692,0.020889793,0.021053324,0.021176651,0.0152950995,0.0212175,0.019163502,0.021198263,0.021023043,0.021352192,0.02126517,0.021252444,0.02131424,0.020544065,0.02138271,0.019148063,0.021014415,0.021141378,0.021227825,0.0210394,0.020973247,0.021201245,0.021249905,0.02024662,0.01692203,0.020841623,0.021206344,0.021343078,0.021082664,0.020938847,0.020397872,0.020607945,0.021196842,0.021261455,0.021245409,0.021141073,0.021232152,0.020217754,0.021098096,0.021336414,0.021141374,0.021186875,0.021084543,0.019247705,0.021383576,0.021156898,0.017197102,0.021286314,0.019326858,0.020995779,0.020276861,0.020876905,0.02129444,0.021292707,0.021371095,0.013356313,0.020656379,0.019958902,0.020457761,0.021172889,0.02088293,0.01691416,0.020923283,0.019094432,0.0,0.016501332
0.0028804315,0.0031481674,0.0042813504,0.001279468,0.0046892087,0.002438314,0.0037641341,0.0048390524,0.0036872071,0.003234711,0.003812252,0.0011495384,0.0007052015,0.0040178355,0.005074481,0.0042772186,0.004072817,0.0041166414,0.0020496047,0.005969855,0.005344144,3.9989327e-06,0.003286722,0.003840737,0.00090882037,8.537859e-06,0.0031842894,0.0010859632,0.0035457297,-2.1878375e-06,0.0056993323,1.2403246e-05,0.006286238,0.005411747,0.0010091572,0.00435339,0.003261256,0.0073994165,0.0036670088,0.0014665178,1.3747061e-06,1.3933589e-05,7.330478e-06,0.0047498234,0.0006304919,0.0017511672,0.0052800234,0.004631276,1.580881e-05,0.00438783,7.904736e-06,0.004220505,0.0030096206,0.005537219,0.0056226524,0.0042917267,0.006299193,0.0029435856,0.003894111,9.716737e-06,0.0035141713,0.0018517374,0.0042658653,0.0033101004,0.0027342339,0.005000854,0.0041215513,0.002732651,4.809304e-06,0.001896844,0.007437586,0.0057230857,0.004944167,0.0009023528,0.0005535865,0.0024794051,0.0049877483,0.005563756,0.009794175,0.0042594424,0.004119217,0.00034178325,0.0039805705,0.0038163473,0.0055773202,0.0032455914,0.0046538883,1.6868906e-05,0.0057103927,0.005671224,2.3734495e-07,0.0040773056,0.004499939,0.0037705752,0.0021035806,0.0027615947,0.002045773,0.002075605,0.0038653295,3.9517645e-06,0.0013136049,0.0010673187,0.0021584393,0.004430094,0.0013228259,1.44133e-05,0.0038309756,0.0031626092,0.018014405,0.0
