1,2,3,4,5,6,7,8,9,10,11,12,13,14,15,16,17,18,19,20,21,22,23,24,25,26,27,28,29,30,31,32,33,34,35,36,37,38,39,40,41,42,43,44,45,46,47,48,49,50,51,52,53,54,55,56,57,58,59,60,61,62,63,64,65,66,67,68,69,70,71,72,73,74,75,76,77,78,79,80,81,82,83,84,85,86,87,88,89,90,91,92,93,94,95,96,97,98,99,100,101,102,103,104,105,106,107,108,109,110
0.0,0.99464726,-0.0035857176,-0.0035886967,-0.003910242,0.9942616,-0.00018412898,-0.0034083948,-1.5860498e-05,0.9946117,-0.0036900411,-0.0036114326,-0.0033329271,-0.0031593111,-1.9322193e-05,-0.0031863884,-0.00015214003,-0.0035941054,0.9946041,-4.150964e-05,-0.002735957,-0.0036714482,-0.0029742252,-0.0022089046,-0.0030581243,-0.0033378587,-0.0037582926,-0.0022085728,-0.0032338186,-0.002553339,-0.003052983,-0.0015966435,-0.0038882338,-0.0027647524,-0.0024255123,-0.002793795,-0.0027545984,-0.003891347,-2.5354379e-05,-0.002367732,-0.0022762376,-0.0016776208,-0.0022195212,-0.0020620865,-0.003382124,-0.003378217,-0.0037776104,-0.0025340593,-0.003079278,-0.002940957,-0.0026973847,-0.0035754107,-0.002960992,-0.003819611,-0.003378832,-0.0012621346,-0.0035977038,-0.0027659605,-0.0031281582,-0.00047610814,-0.0035852026,-0.0037092972,-0.0036606558,-0.0028075795,-0.0033810919,-0.0015083833,-0.0033569904,-0.0028119788,-2.084476e-05,-0.0031593826,-0.003585248,-0.0034643346,-0.00019011328,-0.0019247449,-0.0036554344,-0.00220632,-0.003382112,-0.0038430002,-0.00293329,0.9943478,1.2932585e-05,-0.003362461,-0.0023454572,-0.0019174091,-0.00026351516,-0.0020203707,-0.0011235711,-0.003467341,-0.0038177695,-0.002978573,0.99463236,-0.0029388252,-0.0017926024,-0.003916604,-0.0018794823,-2.012074e-06,-0.0025175314,-0.0033290077,-0.0015342649,-0.0036923955,-0.0030114776,-0.0019882673,-0.0026045889,-0.0008638659,1.1160603e-05,-0.0028404745,1.1823795e-05,-0.0014629948,-0.00075307296,-0.00097616744
-0.0036858793,0.0,-0.0038627645,-0.003873783,-0.0038906294,0.9968215,-0.003585067,-0.0038540945,-0.003685796,0.996994,-0.003884762,-0.0038656546,-0.003846452,-0.0038306136,-0.0036360007,-0.0038155837,-0.0036039765,-0.003850477,0.99700755,-0.0035753876,-0.0037942964,-0.0038664134,-0.00379163,-0.003704491,-0.0037934745,-0.0038547125,-0.0038972548,-0.003676052,-0.003832787,-0.0037460818,-0.0037977824,-0.0036521822,-0.0038994066,-0.0037629197,-0.0037458425,-0.003777817,-0.003748592,-0.0038974949,-0.0037647064,-0.0037504416,-0.0037233033,-0.003683556,-0.003696183,-0.0036947932,-0.0038540408,-0.0038518144,-0.0038748954,-0.003749486,-0.0037950166,-0.0037973525,-0.0037359677,-0.003862037,-0.003782156,-0.003866051,-0.003860267,-0.0036473281,-0.00386598,-0.0037660992,-0.0038206736,-0.0035718007,-0.0038720667,-0.003869223,-0.0038760707,-0.0037694064,-0.0038727883,-0.0036271622,-0.003839759,-0.0037682264,-0.0036930293,-0.003823775,-0.0038523052,-0.0038663566,-0.0035875977,-0.0036826092,-0.003873005,-0.0037067686,-0.0038386332,-0.003881651,-0.0038054287,0.9968822,-0.0036155574,-0.0038521516,-0.0036999627,-0.0036820858,-0.003569465,-0.0036994321,-0.0035961363,-0.0038661242,-0.0038832847,-0.003816743,0.99697816,-0.003784017,-0.0036665455,-0.0039027454,-0.0036576774,-0.0038805346,-0.0037466132,-0.0038590499,-0.0036741386,-0.0038614082,-0.0038006597,-0.0036869626,-0.0037536698,-0.0035911242,-0.0035597498,-0.0037739046,-0.0037195885,-0.0036483142,-0.0035957708,-0.0036023858
0.0021428443,0.9965151,0.0,0.0027421499,0.0029082685,0.9971938,0.0016853428,0.00275842,0.0019154196,0.9965546,0.0027962022,0.0027736959,0.0026656599,0.0025461765,0.0019264178,0.0028876772,0.0016783841,0.0027827385,0.99653697,0.001731649,0.0024011773,0.0027804559,0.002480243,0.0021539435,0.0024766575,0.002694676,0.0028284495,0.002168512,0.00290867,0.0023234754,0.0024635985,0.0020197877,0.0029222434,0.0023923207,0.0022196248,0.0024047636,0.0023881672,0.0029028687,0.0023363214,0.002204414,0.0021652181,0.0020420062,0.0021730766,0.0020923694,0.0027131527,0.003018412,0.0028261973,0.0023150442,0.0025042188,0.00245925,0.0023452316,0.002978117,0.0024470007,0.002854965,0.0027186137,0.0019364433,0.0027480705,0.002395207,0.002531419,0.0017434738,0.002753873,0.0028209582,0.0027764651,0.0024156754,0.002740539,0.0019998618,0.0029969935,0.0024003761,0.0020496068,0.0026293076,0.0030679451,0.002733777,0.001674857,0.0021017364,0.0028168357,0.002153028,0.002674318,0.0028926875,0.0024058123,0.9969395,0.0017717335,0.002676031,0.002221336,0.0020710744,0.0016784453,0.002066635,0.0018783004,0.0027589782,0.0028537815,0.0024941713,0.99651366,0.0024492284,0.0020535602,0.0029467433,0.0020692612,0.0031583058,0.0022684704,0.0026835005,0.0019920343,0.0027790708,0.002466447,0.0020862957,0.0023334082,0.0018403956,0.0017215272,0.0023960462,0.0022614512,0.0020126759,0.0017783835,0.0018403498
0.0021063315,0.9964944,0.0030340995,0.0,0.002886259,0.99714077,0.0016460342,0.0028307682,0.0018643814,0.99651855,0.002775942,0.0027456004,0.002618363,0.0028303545,0.0018771609,0.0028660928,0.0016350508,0.0028666742,0.99651533,0.001678244,0.0023833467,0.002753284,0.0024829013,0.0021170701,0.0024439862,0.0026594931,0.002797936,0.0021154503,0.0028860252,0.002282209,0.0024462338,0.0019739165,0.00289425,0.002363479,0.0021733884,0.002351564,0.0023477084,0.002868131,0.0022892933,0.0021611536,0.0021179942,0.002009884,0.0021298977,0.0020506787,0.002980264,0.0029988443,0.0031139588,0.0022796362,0.0024659005,0.002425058,0.0023098062,0.00304817,0.0023935284,0.0028129094,0.002676978,0.0018942604,0.0027575432,0.0023555704,0.002498463,0.0016903712,0.0027223662,0.002831863,0.0030541383,0.0023893605,0.002978504,0.0019521791,0.0029593883,0.002356326,0.0019969232,0.0027583493,0.0030522866,0.003027107,0.001636227,0.0020591288,0.0028320549,0.0021107618,0.0029748774,0.0028586478,0.0023706327,0.9969272,0.0017146345,0.0029628258,0.0021725122,0.0020267575,0.001640498,0.0020336763,0.0018340362,0.0030263828,0.0028328486,0.0024841109,0.99649304,0.0024134396,0.0020140274,0.0029278412,0.0020239172,0.0031069375,0.002231483,0.0026568049,0.0019468367,0.0030675118,0.0024196077,0.0020382034,0.0022980853,0.0017915379,0.0016622337,0.0023578808,0.0022144492,0.0019691666,0.00172249,0.0017863668
0.0041226135,0.99929184,0.004553109,0.0045596776,0.0,0.9995393,0.0037927318,0.0045378995,0.003949648,0.99905676,0.0045856275,0.0045698136,0.004505796,0.004419668,0.0039466103,0.00442627,0.0037836598,0.0045576054,0.99901175,0.0038142188,0.0043284628,0.0045785513,0.004348104,0.004135423,0.004359452,0.0045061368,0.0046022898,0.0041187615,0.004442686,0.0042474987,0.004368502,0.004001519,0.004636792,0.004308332,0.0041802498,0.004319262,0.004299755,0.004624726,0.0042878157,0.00416558,0.004145475,0.0040225647,0.004137373,0.0040829717,0.0045209294,0.0045189415,0.004602882,0.0042534294,0.00437965,0.004344976,0.004288396,0.004577174,0.0043477877,0.004611596,0.0045192754,0.003943373,0.0045574987,0.004312671,0.004397907,0.0038088986,0.004575679,0.004592334,0.004580636,0.0043265526,0.0045199273,0.003983299,0.0045108413,0.0043302574,0.0040518623,0.0044165845,0.0045602773,0.00454918,0.0037844449,0.0040657423,0.00458351,0.004126859,0.0045221266,0.004624411,0.0043441486,0.9992876,0.0038307686,0.004506313,0.0041809464,0.0040635397,0.0037790374,0.004068446,0.00389144,0.004555604,0.0046114996,0.0043533193,0.9991143,0.004352321,0.0040396447,0.0046408875,0.0040525757,0.004936975,0.0042204596,0.0045049516,0.0039669937,0.0045800763,0.004363369,0.004060816,0.0042646965,0.0038648734,0.0037979304,0.0043184613,0.0042216233,0.003983403,0.0038250536,0.0038655119
-0.0046892064,0.99615425,-0.0049864617,-0.0050089406,-0.00500387,0.0,-0.0044791214,-0.0049648806,-0.0045612794,0.99612993,-0.005032047,-0.0049830894,-0.004923739,-0.004929811,-0.004512462,-0.0049116765,-0.004531785,-0.004980701,0.996136,-0.004477474,-0.0048845764,-0.0050069466,-0.004890149,-0.0047179437,-0.004875809,-0.004963809,-0.0050419183,-0.0047101323,-0.0049358867,-0.0048148236,-0.004880737,-0.0046358425,-0.0050170827,-0.004824823,-0.004803012,-0.0048357057,-0.0048104534,-0.005019246,-0.0045645013,-0.0048123053,-0.004753103,-0.0046967533,-0.004716757,-0.004708153,-0.0049605165,-0.0049483003,-0.0049798586,-0.004799517,-0.004870531,-0.0048820795,-0.004788078,-0.004996924,-0.004847755,-0.004986422,-0.0049870946,-0.004601551,-0.005000143,-0.00482783,-0.004900748,-0.004495704,-0.004977776,-0.004991111,-0.0050204424,-0.004830772,-0.004991876,-0.004597908,-0.004929527,-0.004822993,-0.0045459643,-0.0049334834,-0.0049743215,-0.0050030462,-0.0045056753,-0.0046984074,-0.0050031156,-0.0047329753,-0.004953044,-0.0050016837,-0.0048885327,0.9958692,-0.0045096404,-0.0049767587,-0.0047141192,-0.004681347,-0.0044934517,-0.0047114375,-0.0045502214,-0.004976722,-0.005024593,-0.0049240175,0.99615014,-0.004851876,-0.0046678893,-0.005028758,-0.0046494664,-0.004582159,-0.004808772,-0.0049579088,-0.0046684877,-0.004978196,-0.004869171,-0.004712074,-0.0048090783,-0.004533398,-0.0044441684,-0.0048497957,-0.004538036,-0.0046239765,-0.0045380224,-0.00455638
-0.005664493,0.9949496,-0.005813517,-0.00582713,-0.0058584916,0.99456125,0.0,-0.0058376426,-0.0031228499,0.99492806,-0.005825488,-0.005812909,-0.0058116037,-0.005763319,-0.0031194694,-0.0057824696,-0.0039367564,-0.00581776,0.9949151,-0.0039629433,-0.0057781325,-0.005824546,-0.0057476563,-0.00563463,-0.0057591554,-0.005822904,-0.005837126,-0.0056744916,-0.0057925014,-0.0056958576,-0.00577084,-0.0055932156,-0.0058531486,-0.005740724,-0.0057088165,-0.0057511567,-0.005742498,-0.005851638,-0.0020299936,-0.005695309,-0.0056819473,-0.0055573178,-0.0056542545,-0.0056287902,-0.0058284635,-0.0058295876,-0.0058342204,-0.0057020555,-0.0057508913,-0.0057530785,-0.005725443,-0.0058410424,-0.0057473197,-0.00584251,-0.0058318926,-0.005471315,-0.005819284,-0.005744586,-0.0057763453,-0.004355387,-0.005833436,-0.0058386293,-0.005815703,-0.005754525,-0.0058240923,-0.0055767754,-0.005820845,-0.0057510496,-0.0029886314,-0.0057779457,-0.0058236974,-0.005842206,-0.0042590536,-0.005660483,-0.0058198664,-0.0056594717,-0.0058233375,-0.0058442173,-0.005752769,0.9946754,-0.0036935564,-0.005825189,-0.005695842,-0.005619842,-0.0040937033,-0.005638946,-0.0054313284,-0.005844474,-0.005845137,-0.005746471,0.9949395,-0.005761109,-0.0056116846,-0.0058619175,-0.0056224875,-0.0010977257,-0.0057174596,-0.0058119493,-0.0055337623,-0.00582954,-0.005747116,-0.005629816,-0.005725098,-0.005356602,-0.004080819,-0.00577135,-0.0023117685,-0.005591119,-0.0052323346,-0.005256958
0.0014336058,0.9961326,0.0020129115,0.001996769,0.0021862232,0.996114,0.00040034458,0.0,0.00064371823,0.9962154,0.0020430677,0.002012415,0.0019546552,0.0018307349,0.00066362374,0.0018490877,0.00039803694,0.0020193525,0.9961984,0.00044005687,0.0016601585,0.0020267193,0.0017468967,0.0014302175,0.0017618792,0.0019753678,0.0020742265,0.0014579729,0.0018671523,0.0015918128,0.0017444998,0.0009646461,0.0021914465,0.0016355155,0.00146045,0.0016861653,0.0016351999,0.002171098,0.00107219,0.0014701397,0.0013836026,0.0008653534,0.0014576488,0.0013720152,0.0019882554,0.0019812463,0.002092247,0.0015593786,0.0017877799,0.0017226259,0.0016106333,0.0020444323,0.0017254588,0.0021283315,0.0020054537,0.0007573521,0.0019924429,0.0016668937,0.0018027659,0.00046839393,0.0020264352,0.0020701368,0.0020218533,0.0016710637,0.001984904,0.00092014525,0.0019446308,0.0016638997,0.000764953,0.0018505107,0.0019984716,0.002033807,0.00039835228,0.001412886,0.002045401,0.0014292552,0.0019702737,0.002159231,0.0016906671,0.99594533,0.0004916839,0.0019738863,0.0014876167,0.0012465339,0.00040330592,0.0012922962,0.00072542665,0.0020384062,0.0021104573,0.0017546691,0.9961624,0.0017189902,0.0013864308,0.002224991,0.0013244381,0.001953779,0.0015281345,0.0019672355,0.0008720547,0.0020331445,0.0017434855,0.0014038216,0.0015925354,0.00057900546,0.00043605667,0.0016653724,0.0010021478,0.0008570263,0.00052548765,0.00063823187
-0.0061696377,0.99471754,-0.006176993,-0.00618406,-0.006174851,0.9942988,-0.0062049143,-0.0062048165,0.0,0.99468327,-0.006181632,-0.0061811153,-0.0061936677,-0.0061662793,-0.006333983,-0.0061694416,-0.006217165,-0.0061827046,0.99466753,-0.0062622153,-0.006217298,-0.006181558,-0.006167867,-0.0061573777,-0.006160842,-0.006198594,-0.0061819116,-0.0061645806,-0.006176891,-0.00617598,-0.006179393,-0.0061817225,-0.0061718146,-0.0061907456,-0.0061847176,-0.0061797732,-0.0061882376,-0.006173133,-0.006681265,-0.0061801076,-0.0061733723,-0.006192852,-0.0061641727,-0.0061699823,-0.0061965706,-0.00619885,-0.0061761197,-0.0061804904,-0.0061652916,-0.0061750053,-0.006187814,-0.006199511,-0.0061710044,-0.0061787535,-0.0062036766,-0.006172956,-0.0061826864,-0.0061822115,-0.0061680307,-0.0061858427,-0.0061983904,-0.006180831,-0.006178991,-0.006191057,-0.0061966036,-0.006181423,-0.006200832,-0.006188849,-0.00646294,-0.00616777,-0.0061858264,-0.0062082903,-0.0062250895,-0.0061728815,-0.0061846883,-0.006167972,-0.0061995913,-0.0061766263,-0.0061807376,0.99440324,-0.0062560546,-0.0061953682,-0.006175589,-0.006169773,-0.0061935848,-0.006175654,-0.006178054,-0.0062012486,-0.0061776605,-0.0061657373,0.9946994,-0.006178386,-0.0061748885,-0.006172502,-0.0061707613,-0.0068351035,-0.006182541,-0.00619005,-0.00617634,-0.006181047,-0.0061678067,-0.006158271,-0.0061807716,-0.0061840885,-0.006234992,-0.0061883796,-0.006624367,-0.006170047,-0.0061723064,-0.0061627235
-0.0038513918,0.9970208,-0.0040489906,-0.0040618554,-0.004075483,0.99678814,-0.003736069,-0.004039271,-0.003842475,0.0,-0.00407431,-0.004049589,-0.0040269704,-0.0040133353,-0.003791936,-0.0039973324,-0.0037608724,-0.00403569,0.99707067,-0.0037298615,-0.003976188,-0.0040543075,-0.003973623,-0.003872205,-0.003972851,-0.0040401923,-0.0040870435,-0.003847373,-0.0040172483,-0.0039238427,-0.0039788317,-0.003817217,-0.0040843906,-0.00393952,-0.0039235153,-0.0039547365,-0.00392462,-0.0040839263,-0.003918437,-0.0039287857,-0.0038956478,-0.0038528126,-0.0038653072,-0.003864182,-0.004038869,-0.0040360764,-0.0040590754,-0.003923589,-0.00397257,-0.003977973,-0.0039097993,-0.004049284,-0.0039595114,-0.004050304,-0.0040489123,-0.0038068541,-0.0040530404,-0.003942451,-0.0040006563,-0.0037252668,-0.0040567955,-0.004053863,-0.004064517,-0.0039459188,-0.0040607955,-0.0037894067,-0.0040218756,-0.0039438563,-0.0038510528,-0.004007501,-0.0040372424,-0.0040564574,-0.0037429482,-0.0038524775,-0.004058728,-0.003877531,-0.004023838,-0.004066135,-0.003987785,0.99687016,-0.003769654,-0.0040397616,-0.0038684527,-0.0038486053,-0.0037246218,-0.0038690942,-0.0037551667,-0.0040516965,-0.004071306,-0.004001151,0.997049,-0.0039614406,-0.0038336383,-0.0040887343,-0.003822284,-0.0040330663,-0.0039240923,-0.004042325,-0.0038427445,-0.00404606,-0.003978539,-0.0038583751,-0.003928763,-0.0037481496,-0.0037115999,-0.003953623,-0.0038751762,-0.0038115652,-0.0037536353,-0.0037623888
0.002721928,0.99714696,0.0033193254,0.0033218733,0.0034536086,0.99773043,0.002281269,0.0032949161,0.0024865852,0.99713033,0.0,0.0033344845,0.003242613,0.0031293628,0.0024962716,0.003142493,0.0022731135,0.0033289038,0.997114,0.00231083,0.0029860232,0.0033542234,0.0030366904,0.0027354315,0.003058486,0.003250977,0.0033912545,0.0027297176,0.0031620618,0.00288587,0.00305516,0.0025881156,0.003462474,0.0029582686,0.0028003568,0.002977864,0.0029473738,0.0034439636,0.0028910842,0.0027822743,0.002747811,0.0026194896,0.0027411352,0.0026709926,0.0032689113,0.0032594767,0.003390914,0.0028800596,0.0030800018,0.0030240435,0.0029287073,0.0033514968,0.003025031,0.0034122698,0.0032723388,0.0025079357,0.0033216216,0.0029692184,0.0031064192,0.0023192784,0.00333784,0.003375118,0.0033535704,0.0029815442,0.0032705416,0.0025641022,0.003244934,0.0029824337,0.002613275,0.003142609,0.0033195012,0.0033078312,0.0022685258,0.0026611537,0.0033629574,0.0027303048,0.0032668805,0.00343563,0.0030067565,0.99749696,0.0023444328,0.0032514355,0.0027946169,0.0026500775,0.002275103,0.0026533983,0.0024464044,0.0033177338,0.0034095913,0.0030455128,0.9971186,0.0030210416,0.0026277024,0.0034773587,0.0026457924,0.003672179,0.0028451572,0.003249747,0.0025551273,0.0033560127,0.003044929,0.002655633,0.002907707,0.002410314,0.0022948757,0.002980401,0.0028187765,0.002574219,0.0023516945,0.0024080945
0.0022023998,0.996603,0.0027998623,0.0028005526,0.002963432,0.9972582,0.0017498834,0.0028074253,0.0019738574,0.9966383,0.0028525735,0.0,0.0027259078,0.0026051826,0.001978494,0.0026063772,0.001741028,0.0028355522,0.99661595,0.0017843819,0.0024716223,0.0028357808,0.002533284,0.002212599,0.0025347099,0.0027476735,0.002885414,0.0022156953,0.002965798,0.0023767368,0.0025311448,0.0020730079,0.0029732857,0.002439052,0.0022755743,0.0024573223,0.0024328518,0.0029550733,0.0023857052,0.002261692,0.0022192285,0.0021096235,0.0022229229,0.0021508513,0.0027458526,0.003067472,0.0028788825,0.0023653482,0.0025674182,0.002511646,0.0024045818,0.0029103851,0.0024980085,0.002912667,0.0027689738,0.0019941095,0.0028091935,0.0024463297,0.0025856057,0.0017942068,0.0028233975,0.0028773937,0.0028330754,0.0024688623,0.0027607887,0.002051554,0.002714049,0.0024531705,0.002096979,0.002657225,0.0031244392,0.002787143,0.0017359323,0.0021490813,0.0028689858,0.0022071456,0.0027377438,0.0029438878,0.0024740794,0.99702764,0.0018234204,0.0027320154,0.002274748,0.002128554,0.0017403596,0.0021315345,0.0019297644,0.0028037834,0.0029096848,0.0025463577,0.99660057,0.0024977156,0.0021085157,0.0030036443,0.0021215205,0.003190547,0.0023229043,0.0027402337,0.0020463075,0.002835547,0.0025215934,0.0021421735,0.002386532,0.0018924493,0.0017729203,0.002453698,0.0023102297,0.0020698057,0.0018296442,0.0018943038
0.0009076618,0.9958694,0.0014044045,0.001407321,0.001574159,0.9958764,2.392039e-06,0.0014510796,0.00018537801,0.99596524,0.0014389843,0.0014075318,0.0,0.0012841473,0.00021552094,0.0012975562,-6.888391e-06,0.0014181463,0.9959541,-1.7613949e-06,0.0011505437,0.0014227219,0.0012039086,0.0009361576,0.0012183611,0.0014043661,0.0014670066,0.0009311608,0.0013132726,0.0010564127,0.0012077657,0.00085569173,0.0015735119,0.0011089179,0.0009703686,0.0011550458,0.0011054988,0.0015555071,0.00058213464,0.0009558563,0.00092179194,0.00055490463,0.0009318389,0.00087783695,0.0014198439,0.001414744,0.0014786714,0.0010362521,0.0012469231,0.0011837108,0.0010877664,0.0014541466,0.0011905723,0.001511198,0.0014303611,0.00045659434,0.001404139,0.0011364304,0.0012554072,6.158001e-05,0.0014485578,0.0014572032,0.0014170542,0.0011338354,0.0014112856,0.0008395546,0.001385159,0.0011324838,0.00028803112,0.0012978785,0.0014161167,0.0014521875,9.051446e-06,0.00089489785,0.001438791,0.0009156374,0.0014060724,0.001538635,0.0011631635,0.9963883,3.8792925e-05,0.0014071935,0.0009791552,0.00086656335,-1.37780235e-05,0.00085934764,0.00037307644,0.0014598656,0.0014982944,0.0012079199,0.99590987,0.0011746642,0.0008684804,0.0016001014,0.00086072576,0.0014449272,0.0010108198,0.0014017338,0.0008616644,0.0014290682,0.0012033946,0.00088356395,0.0010653745,0.000238562,-1.0228369e-05,0.0011360031,0.0005187519,0.00089758314,0.00028662654,0.0006525891
1.1373974e-05,0.9954529,0.0002990374,0.0002998124,0.00038798258,0.99611104,-4.879249e-06,0.00038702626,-8.6709537e-07,0.9955541,0.00030915695,0.00028878852,0.00034719348,0.0,2.032725e-06,0.00027975114,8.057788e-06,0.00031401703,0.9955585,-9.510868e-06,0.00019476186,0.00029985522,0.00022564105,3.107129e-05,0.0002311332,0.00035648793,0.00032113603,2.8262022e-05,0.00029355343,0.00012494704,0.00022585187,3.708382e-06,0.00038079495,0.00015916367,5.8895126e-05,0.00019996008,0.00015723983,0.0003772588,6.4921464e-06,4.5599747e-05,2.7174188e-05,1.758092e-05,3.1604017e-05,-1.1483903e-05,0.0003687877,0.00037359045,0.00033216277,9.8799275e-05,0.00024867358,0.00021346608,0.00014673291,0.00035472852,0.00022094778,0.00034918287,0.00037692476,-6.0036073e-06,0.00029281157,0.00018632373,0.00025562025,7.139155e-07,0.00034766173,0.00031950846,0.00029122332,0.0001764536,0.00035773742,1.0363218e-05,0.00033696345,0.00017708,7.698514e-06,0.00028511192,0.00031279936,0.0003784878,9.1301445e-06,1.1897189e-05,0.00030575332,2.3358494e-05,0.0003525502,0.0003687412,0.00020264948,0.99595106,3.853022e-06,0.00035896615,7.577972e-05,-1.0912772e-05,5.3103386e-06,7.943044e-06,-7.973547e-06,0.00038735446,0.0003405379,0.00022677323,0.99549544,0.00020651707,-5.6913796e-06,0.00039792949,-1.0203327e-05,0.00044120444,9.025661e-05,0.00035755005,8.154729e-06,0.0003035564,0.00022676802,-1.0678793e-05,0.00012730024,-1.2103349e-05,-3.2342966e-06,0.00018437233,-8.951521e-06,4.4690187e-06,4.235974e-06,-9.690399e-06
-0.006119,0.9947466,-0.0061308546,-0.0061387895,-0.0061351643,0.99433,-0.0061475965,-0.006156664,-0.0062972624,0.9947119,-0.0061384374,-0.0061337203,-0.006146317,-0.0061202766,0.0,-0.006122115,-0.0061543365,-0.006136867,0.99469936,-0.0061947494,-0.006171965,-0.0061372546,-0.0061207726,-0.0061013834,-0.006116331,-0.0061518988,-0.006137461,-0.0061098565,-0.0061315433,-0.0061229384,-0.00612356,-0.0061253924,-0.006132544,-0.0061401194,-0.0061333617,-0.006133825,-0.0061377296,-0.00613155,-0.0066341967,-0.0061274683,-0.0061250553,-0.0061381646,-0.0061111,-0.0061151227,-0.006151465,-0.0061506075,-0.006134917,-0.0061290925,-0.006116224,-0.006125528,-0.0061334213,-0.0061565004,-0.0061205253,-0.0061347815,-0.006154312,-0.0061139613,-0.0061389045,-0.0061311927,-0.0061174096,-0.0061143194,-0.0061494904,-0.006139651,-0.0061366535,-0.0061393264,-0.0061513796,-0.0061410647,-0.0061550066,-0.0061361264,-0.0063792327,-0.0061241416,-0.0061410945,-0.006160492,-0.0061515938,-0.006115669,-0.00614138,-0.0061077634,-0.006151435,-0.006134016,-0.0061264657,0.994436,-0.006188681,-0.006149826,-0.0061203367,-0.006119903,-0.0061333673,-0.0061265924,-0.006117974,-0.0061575817,-0.006134693,-0.006116954,0.9947276,-0.006130397,-0.006116474,-0.0061302753,-0.0061131762,-0.006765447,-0.0061293775,-0.0061437865,-0.006118331,-0.006136475,-0.006113108,-0.006111894,-0.00612933,-0.006109749,-0.006166278,-0.0061342837,-0.0065312525,-0.0061142617,-0.0061058593,-0.0060891276
0.00012964122,0.99550337,0.00044620116,0.00044195293,0.00054352346,0.99617946,1.9797872e-06,0.00052797364,-1.6922771e-05,0.99559945,0.00045277865,0.00043582244,0.0004849998,0.0004024883,-1.7585007e-05,0.0,-3.9985675e-06,0.00045814965,0.9956089,-1.2673613e-05,0.00031438482,0.00044393708,0.00035359606,0.0001538436,0.00035949342,0.00049273,0.00046730146,0.00015039447,0.0004243389,0.00025013895,0.0003517967,9.046637e-05,0.00053627166,0.0002796459,0.00017576807,0.00033082836,0.00028112272,0.000531109,3.7136042e-06,0.00016747433,0.00014476852,0.00013540113,0.0001492992,0.00010775368,0.000506586,0.0005082707,0.00048121792,0.00022266476,0.00038026596,0.00034017352,0.00027083972,0.0004985695,0.00034937673,0.00049975805,0.0005141216,5.1774925e-05,0.00043262425,0.00031266364,0.0003858954,-1.3067675e-05,0.00048966904,0.0004685604,0.0004373171,0.00030293886,0.00049378735,9.3572286e-05,0.00046614936,0.00030083375,-1.00661886e-07,0.00041534528,0.0004513091,0.00051715126,1.11867685e-05,0.00012486234,0.00045215365,0.00014475055,0.00048890535,0.00052495336,0.0003280384,0.99599993,-1.8574452e-05,0.00049682846,0.00019506464,0.000104744824,5.324173e-06,9.39852e-05,-3.5974476e-06,0.0005272508,0.0004869604,0.00035534907,0.99555135,0.00033583754,0.00011078449,0.0005560558,0.00010829221,0.0005943266,0.00021018041,0.0004961862,9.46653e-05,0.00044773903,0.0003537575,0.00011621679,0.00024771324,1.0706854e-05,-1.5928812e-05,0.00030771305,-1.3792439e-05,0.00012434705,-9.2887325e-07,-2.8726251e-06
-0.0056765745,0.9949363,-0.0058407397,-0.005861317,-0.0058940556,0.9945372,-0.003452536,-0.0058683367,-0.0025288602,0.99491596,-0.005857509,-0.0058369697,-0.0058578085,-0.005800445,-0.0025957124,-0.0058171107,0.0,-0.0058513847,0.99490196,-0.0032613308,-0.0058119404,-0.005854928,-0.005798555,-0.005697005,-0.005802799,-0.0058596255,-0.0058594495,-0.0057145106,-0.005826051,-0.005747368,-0.0058133327,-0.00511144,-0.005888023,-0.005782136,-0.0057537667,-0.005785948,-0.0057864413,-0.0058760038,-0.0012930346,-0.0057475865,-0.0057303365,-0.0055780923,-0.005702781,-0.005666205,-0.0058714715,-0.00586825,-0.005861216,-0.005757743,-0.0057838503,-0.0057855956,-0.005787656,-0.005877858,-0.0057873004,-0.0058683557,-0.005866111,-0.0049456586,-0.0058591827,-0.005777344,-0.005808031,-0.0043828445,-0.005870838,-0.0058666454,-0.005851878,-0.0057968292,-0.005863274,-0.0055861063,-0.0058660014,-0.0057930886,-0.0026007106,-0.005804684,-0.005854359,-0.005876058,-0.0038295763,-0.0056843907,-0.005861421,-0.005713976,-0.0058603487,-0.0058757938,-0.0057849977,0.99465525,-0.0031905852,-0.0058616917,-0.005731759,-0.0056511946,-0.0034947554,-0.005663504,-0.004761649,-0.005876093,-0.0058717197,-0.005779834,0.9949257,-0.0058005196,-0.0056586605,-0.0058942996,-0.0056585013,-0.0006190252,-0.005753529,-0.005844415,-0.005052267,-0.005858341,-0.0057857437,-0.0056671435,-0.0057669845,-0.004693008,-0.0036991213,-0.0057970523,-0.0016810365,-0.0051079625,-0.0044910195,-0.004462308
0.0020313468,0.9963791,0.0029651504,0.0029512667,0.0028131946,0.9970462,0.0015552635,0.0027933281,0.0017899568,0.9964251,0.0027058225,0.002708872,0.0028766287,0.0027508107,0.0018005966,0.0028387823,0.0015496372,0.0,0.99640703,0.0015980708,0.0022990552,0.0027303703,0.0024303205,0.0020377976,0.002672967,0.002652055,0.0027267563,0.0020479965,0.0028519377,0.002210302,0.0023624615,0.0018975128,0.002828783,0.0023109831,0.0020941403,0.0022833496,0.0022884996,0.0028040665,0.0022130397,0.0020852552,0.0020411306,0.0019283692,0.0020578867,0.0019686124,0.002978114,0.00294845,0.0030427421,0.0022142043,0.0024025752,0.002365428,0.0022379444,0.0031527297,0.0023171792,0.002740825,0.0026518903,0.0018142823,0.0029305066,0.0022880659,0.0024273533,0.0016127087,0.0029689237,0.0028020919,0.0029788963,0.0023320212,0.002935126,0.0018739055,0.0028969233,0.0022830302,0.0019216549,0.0027409059,0.0030172914,0.0029605802,0.0015484027,0.0019800584,0.0028019147,0.0020316816,0.0029466914,0.002801065,0.0026256456,0.9968127,0.0016429285,0.0028989718,0.0020958895,0.0019513564,0.0015483478,0.0019474864,0.0017549583,0.00295983,0.0027825055,0.0024230161,0.9963894,0.002340221,0.0019336839,0.0028638614,0.0019487727,0.0030416742,0.0021497447,0.002872982,0.0018720529,0.0029929369,0.002342653,0.001966121,0.0022296845,0.0017130967,0.0015888481,0.0022782702,0.0021365734,0.0018968905,0.0016461234,0.0017105982
-0.0038960082,0.99702734,-0.0040989826,-0.004112183,-0.004124369,0.99676675,-0.0037774693,-0.0040890523,-0.0038854952,0.9970605,-0.0041248915,-0.00409893,-0.004075558,-0.0040625446,-0.0038330455,-0.0040465645,-0.0038034162,-0.0040854444,0.0,-0.003770746,-0.004025928,-0.004104434,-0.0040232474,-0.003918293,-0.0040212832,-0.004089924,-0.004137735,-0.0038944941,-0.0040666973,-0.003972169,-0.0040266393,-0.0038617009,-0.0041333665,-0.0039871056,-0.003971941,-0.0040030573,-0.0039722947,-0.0041332804,-0.003958717,-0.0039772303,-0.003942866,-0.0038994774,-0.0039116303,-0.0039098826,-0.0040882095,-0.004085098,-0.0041082725,-0.0039709164,-0.004020764,-0.0040269503,-0.0039568604,-0.004099513,-0.0040075663,-0.0040995483,-0.004099505,-0.0038498186,-0.004103196,-0.003990383,-0.0040489463,-0.0037674466,-0.0041062674,-0.0041033314,-0.004114924,-0.0039938167,-0.004111217,-0.003833626,-0.0040705493,-0.003991119,-0.0038893917,-0.0040571624,-0.0040868884,-0.004107641,-0.0037845075,-0.0038978634,-0.004108602,-0.0039234757,-0.004073335,-0.0041152555,-0.0040362063,0.9968525,-0.0038111892,-0.004090117,-0.0039140168,-0.003893607,-0.0037664387,-0.0039150943,-0.00379819,-0.0041013495,-0.0041211066,-0.0040512537,0.9970526,-0.004009578,-0.0038787127,-0.0041379896,-0.0038668266,-0.0040709004,-0.0039718896,-0.0040917494,-0.003888219,-0.0040953574,-0.0040264707,-0.0039060367,-0.003975865,-0.003790286,-0.0037532393,-0.0040020095,-0.003915735,-0.0038563022,-0.0037961432,-0.0038058145
-0.005774757,0.99489653,-0.0058936025,-0.005903319,-0.005927314,0.99449825,-0.005613235,-0.0059186714,-0.0045143086,0.99487054,-0.005903402,-0.0058942214,-0.0059039756,-0.0058583347,-0.004541511,-0.0058619864,-0.0055969805,-0.0059034456,0.99486005,0.0,-0.0058935606,-0.005905986,-0.005857912,-0.0057946467,-0.0058490173,-0.005906852,-0.0059121214,-0.005787354,-0.0058774212,-0.005816302,-0.005867055,-0.00575042,-0.0059269844,-0.0058481568,-0.005826675,-0.005843239,-0.0058470187,-0.0059205713,-0.0036654964,-0.0058110678,-0.0057992972,-0.0057703354,-0.005779624,-0.005769413,-0.0059132185,-0.0059086373,-0.005907996,-0.0058174366,-0.0058462424,-0.0058454084,-0.0058449134,-0.0059168963,-0.005849199,-0.0059199934,-0.005912862,-0.0056909933,-0.0059067444,-0.005842563,-0.005857975,-0.005650132,-0.0059192027,-0.0059041516,-0.005901823,-0.0058500976,-0.005906081,-0.005722477,-0.0059145014,-0.005847365,-0.0041644764,-0.005856729,-0.0059019113,-0.0059235035,-0.0056380685,-0.005757764,-0.005907212,-0.005777867,-0.005910688,-0.005918118,-0.005852335,0.9945978,-0.0056392434,-0.005907269,-0.0057935016,-0.005756679,-0.005581243,-0.0057787257,-0.0056879516,-0.005917567,-0.0059147,-0.0058419975,0.99488443,-0.0058487123,-0.005762547,-0.0059310305,-0.005753053,-0.002828145,-0.005818221,-0.0058954777,-0.005740975,-0.0059105414,-0.0058385585,-0.005757571,-0.005824408,-0.0056491704,-0.0056486716,-0.0058506625,-0.0037984494,-0.0057237125,-0.005634493,-0.0056629223
-0.00059646234,0.9943073,-0.0014574645,-0.0014151265,-0.0016316826,0.9946531,-8.665243e-06,-0.0012966578,-3.8219383e-05,0.9942736,-0.0015016969,-0.0014495123,-0.0012399853,-0.0011413477,-1.8270975e-05,-0.0011806929,-8.443423e-06,-0.0014224569,0.9942703,-4.5577097e-05,0.0,-0.0014957499,-0.0010661538,-0.000636479,-0.0011119073,-0.0012592138,-0.0015312484,-0.0006768471,-0.0012034685,-0.00084040005,-0.0011215175,-0.00040605283,-0.0016198668,-0.0009137109,-0.00072154804,-0.0009560225,-0.0009334539,-0.0016303436,-3.2940723e-06,-0.0007131827,-0.0006276242,-0.00034472995,-0.0006968191,-0.0006123762,-0.0012683489,-0.0012698616,-0.001575436,-0.0007940373,-0.0011036006,-0.0010284275,-0.00087133335,-0.001387644,-0.0010425813,-0.001608467,-0.001305882,-0.00026201495,-0.0014542565,-0.00094582525,-0.001141285,-4.2893265e-05,-0.0013829252,-0.0015317344,-0.0015002497,-0.00097204256,-0.0013078683,-0.00033407653,-0.001262136,-0.00096603285,4.0834434e-06,-0.0011473603,-0.0014075972,-0.0013486622,-3.3069227e-05,-0.0005307689,-0.0014781974,-0.00065798586,-0.0012872375,-0.0016216895,-0.0010231752,0.99462074,1.1880579e-06,-0.0012574759,-0.00076787977,-0.00049411465,-4.1690796e-06,-0.0005337872,-0.00022721481,-0.0013220673,-0.0016036166,-0.0010570958,0.99427146,-0.00103701,-0.00045293677,-0.0016500619,-0.0005120476,-1.0636344e-05,-0.0008026344,-0.0012291848,-0.0004147818,-0.0014994174,-0.0010778686,-0.0005936305,-0.0008415295,-0.00016103248,-4.897051e-05,-0.0009683913,-7.378415e-06,-0.00038246345,-0.00012209603,-0.00018747257
0.0026198872,0.99701715,0.0032218057,0.0032241102,0.0033636838,0.9976198,0.002176361,0.0032028025,0.0023838792,0.99699914,0.0032712503,0.003237214,0.0031460468,0.0030311125,0.0023931914,0.0030428295,0.002165058,0.0032344486,0.9969935,0.002207088,0.002883231,0.0,0.0029386198,0.002633268,0.0029594866,0.0031569945,0.003293792,0.0026231392,0.0030656138,0.0027867423,0.0029640335,0.0024806175,0.003374516,0.0028556255,0.0026967274,0.0028782422,0.0028459302,0.0033519394,0.0027954069,0.0026784097,0.002645369,0.0025180865,0.0026404578,0.0025679243,0.003180062,0.003164224,0.0032986796,0.002782234,0.0029794665,0.0029210015,0.002829509,0.003256662,0.0029252453,0.003318876,0.003178616,0.002403244,0.0032290157,0.002869005,0.0030109254,0.002217654,0.003241692,0.0032830557,0.0032576395,0.0028839265,0.0031762067,0.0024599936,0.0031480922,0.0028787034,0.0025117856,0.0030444562,0.003224656,0.0032126082,0.0021584998,0.0025627227,0.0032662672,0.0026261902,0.003173768,0.0033397689,0.0029108422,0.9973859,0.0022371288,0.003155012,0.0026904014,0.0025493416,0.0021669047,0.0025513347,0.0023446896,0.0032236467,0.003322556,0.0029457284,0.9969943,0.0029201643,0.0025242756,0.003388927,0.0025422564,0.00357947,0.0027470752,0.0031500026,0.0024547786,0.0032626966,0.002944363,0.0025522076,0.0028048942,0.002306525,0.0021899135,0.0028753446,0.002717429,0.002471597,0.0022480437,0.0023047621
-3.0205312e-05,0.99486446,-0.00011111504,-0.00013424993,-0.00017551756,0.99551725,-3.718395e-06,-0.00010050023,-1.3285436e-05,0.9949822,-0.00014544104,-0.00011272473,-8.364916e-05,-8.325597e-05,-1.0414947e-05,-8.3701394e-05,4.72346e-06,-0.00013051146,0.99499094,-1.3854548e-05,-5.5439075e-05,-0.00014367825,0.0,-3.454626e-05,-9.45492e-05,-0.00010624125,-0.00013254603,-1.9451683e-05,-0.00010004816,-4.026362e-05,-7.340238e-05,-2.6409942e-05,-0.00015881911,-5.6645542e-05,-2.9946323e-05,-4.7092974e-05,-5.3075175e-05,-0.0001627013,-1.2584817e-05,-3.513787e-05,-2.7808828e-05,-8.163376e-06,-3.0687454e-05,-2.086849e-05,-0.000110519104,-0.00010577617,-0.00013205378,-2.2311538e-05,-7.6627766e-05,-7.091614e-05,-4.4506793e-05,-0.00012569407,-6.522053e-05,-0.00014394897,-9.9498764e-05,-9.909782e-06,-0.000115413044,-5.3486565e-05,-9.222438e-05,-2.1549004e-05,-0.00012370807,-0.00013132974,-0.00013756398,-5.2770112e-05,-9.334677e-05,-7.1989894e-06,-0.00010632906,-4.6592682e-05,-1.37264215e-05,-6.772002e-05,-0.00011451529,-0.00010402401,4.0185514e-06,-3.492685e-05,-0.00011883863,-2.5230678e-05,-0.00011407622,-0.0001365456,-5.1826835e-05,0.99537677,-2.4125338e-05,-8.683487e-05,-1.4871174e-05,-3.5658795e-05,4.4273947e-06,-3.125724e-05,-1.7964398e-05,-0.00010451718,-0.00015301598,-6.291099e-05,0.99493223,-7.355916e-05,-4.0449155e-05,-0.00016438312,-1.675314e-05,-2.4584768e-05,-2.5381027e-05,-0.00010415901,-2.9936542e-05,-0.00012553154,-7.858426e-05,-2.3752664e-05,-4.577813e-05,-2.0697978e-05,-6.864469e-06,-6.3746964e-05,-2.612605e-05,-2.2703432e-05,-5.013263e-06,-2.273852e-06
-0.0018109513,0.9946221,-0.0034945752,-0.0035023664,-0.0038172663,0.99422747,-1.2042069e-05,-0.0032952821,2.225715e-06,0.99458617,-0.0035881836,-0.0035230774,-0.0032085502,-0.00303375,-4.4744174e-05,-0.0030545113,-1.5642456e-05,-0.003474083,0.994579,-3.253506e-05,-0.0024400768,-0.0035902706,-0.0028225675,0.0,-0.002938735,-0.0032362458,-0.003659242,-0.0018173592,-0.0031124929,-0.002370372,-0.0029202,-0.001216127,-0.0038428367,-0.0026089838,-0.0020881975,-0.0026310876,-0.002605397,-0.0038050143,8.268933e-06,-0.0020374455,-0.0019156117,-0.0012941017,-0.0018478916,-0.0016644002,-0.0032528993,-0.0032501067,-0.0036839708,-0.0023682825,-0.0029327534,-0.0028038055,-0.0025338158,-0.0034476814,-0.0028200431,-0.0037231457,-0.0032733586,-0.00091111165,-0.0035135676,-0.0026138874,-0.003003806,-0.00023643285,-0.0034579823,-0.0036212092,-0.003543104,-0.0026581222,-0.0032656111,-0.0011925575,-0.0032542273,-0.0026648631,-1.4968135e-05,-0.003029497,-0.0034721084,-0.003357571,1.3693362e-06,-0.0015843937,-0.0035720507,-0.00186365,-0.0032742003,-0.0037502332,-0.002783061,0.99432236,-2.606907e-05,-0.003239428,-0.002006616,-0.0015619645,-6.606115e-05,-0.0016486623,-0.00078347186,-0.0033574342,-0.0037220905,-0.00283012,0.99460775,-0.0028164848,-0.0014267605,-0.0038726672,-0.0015285023,-2.0182773e-05,-0.0023518035,-0.0032090845,-0.0011493373,-0.0036043257,-0.0028825388,-0.0015934783,-0.0024417273,-0.0006742907,-9.107771e-06,-0.0026945316,6.470811e-06,-0.0010978746,-0.00053396577,-0.0006288876
-1.4843034e-05,0.99520946,-1.317991e-05,-1.4688869e-05,-4.816664e-06,0.9958666,-1.8901095e-05,4.649586e-06,3.245623e-06,0.99531466,7.5230746e-06,1.0648384e-07,-1.4935871e-06,4.1645267e-06,-1.14504455e-05,-1.9533109e-05,7.7832084e-07,-5.360919e-07,0.99532664,-1.9736857e-05,-1.250347e-05,5.9534693e-07,-1.760613e-06,-2.9205412e-06,0.0,8.502492e-06,1.1029779e-05,-5.7389667e-07,-8.806788e-06,-8.00926e-06,-1.0372704e-05,-6.3587695e-06,-1.632658e-05,-2.0219872e-05,-1.4635297e-05,-4.918063e-06,6.960429e-06,-1.0598668e-05,-1.3870794e-05,6.5237605e-06,-4.896765e-06,-3.126487e-06,1.7557005e-06,-1.3475417e-05,-6.1434303e-06,-3.2539643e-07,-5.7545417e-06,-6.0127904e-06,7.0968945e-06,-9.932658e-06,7.906003e-06,-1.1791906e-05,-1.5570719e-06,6.934664e-07,-1.4966436e-06,-1.4202557e-06,6.0011774e-07,-1.6226355e-05,-1.6865888e-05,-1.3879012e-05,-1.538953e-06,-9.932768e-06,-1.3071058e-06,3.107248e-07,8.5380325e-06,-1.6275257e-05,-1.1918562e-05,-3.6454092e-06,-9.301564e-06,-1.5310829e-05,-9.018979e-06,-6.282078e-06,6.5363924e-06,-5.7450575e-06,-1.6860033e-05,-1.1434896e-05,5.5768382e-06,-1.14057775e-05,5.364557e-06,0.99572575,1.0414407e-05,-1.4007758e-05,8.096353e-06,-5.0324825e-06,-1.616671e-05,-1.5780473e-05,5.353953e-06,6.8664036e-07,-1.1597456e-05,9.692442e-07,0.9952655,-2.1093663e-06,-1.7027804e-05,1.5055452e-06,2.0175423e-06,6.461589e-06,-1.89204e-05,-1.9488758e-05,1.7841102e-06,7.7913126e-07,-1.9599386e-06,6.4832716e-06,-1.827375e-05,4.447558e-06,-2.2548008e-07,1.4809195e-06,2.9837597e-06,4.914344e-06,9.051259e-06,-1.2334069e-05
0.0010281625,0.99593294,0.0015569152,0.0015418521,0.0017151108,0.99592966,4.4623124e-05,0.0015860676,0.00027230696,0.99601823,0.001580035,0.0015508007,0.0015186364,0.0014047744,0.00029817014,0.0014242992,3.9515977e-05,0.0015650382,0.99602044,9.587628e-05,0.0012477152,0.0015642587,0.0013258291,0.0010348418,0.0013421952,0.0,0.0016073977,0.0010525661,0.00143496,0.0011897213,0.0013235083,0.00096719014,0.001716503,0.0012277048,0.0010790391,0.001274938,0.0012287993,0.0016981811,0.0006807107,0.001072267,0.001025706,0.0006308687,0.0010555248,0.0009803465,0.0015527243,0.0015478432,0.0016252719,0.001149679,0.001367,0.0013084093,0.0012060427,0.0015895198,0.0013163192,0.0016597365,0.0015692146,0.00054058013,0.0015390407,0.0012601217,0.0013860649,0.00013921276,0.0015725795,0.0016036549,0.0015590134,0.0012588287,0.00154493,0.00094888895,0.0015153382,0.0012593647,0.00040680825,0.0014253057,0.0015424008,0.0015912246,6.250489e-05,0.0010192115,0.0015828914,0.0010383925,0.0015304368,0.0016895395,0.0012770527,0.99602264,0.0001335991,0.0015368481,0.0011069396,0.0009674877,6.244696e-05,0.00095938426,0.00046325932,0.0015954189,0.0016418723,0.0013322326,0.9959659,0.001301855,0.0009742955,0.0017455812,0.00096929737,0.0015491244,0.0011276746,0.001534334,0.0006105927,0.0015742356,0.0013306008,0.0009913516,0.001179931,0.00026773027,9.142384e-05,0.0012559775,0.0006242311,0.00063962495,0.00027291419,0.00047060323
0.0030592757,0.99755996,0.003631175,0.00363575,0.0037481913,0.9980946,0.0026354748,0.0036043327,0.002834314,0.99750775,0.003672202,0.0036492408,0.00355768,0.0034467701,0.0028386405,0.0034625486,0.0026276933,0.0036389192,0.99748075,0.0026663651,0.0033179647,0.0036582889,0.0033566284,0.0030746474,0.003376477,0.0035647217,0.0,0.0030663158,0.0034822477,0.0032163875,0.0033758413,0.0029239582,0.0037561047,0.003289664,0.003136779,0.0033103751,0.0032790927,0.0037419184,0.0032225617,0.003118622,0.003087419,0.0029545326,0.0030784914,0.0030123373,0.003580581,0.003573974,0.003697717,0.0032115607,0.003400732,0.0033480532,0.0032593715,0.0036531473,0.003349125,0.0037163135,0.0035809064,0.0028459814,0.0036302726,0.0032971266,0.0034262685,0.0026727389,0.0036472024,0.0036822662,0.003660123,0.0033123912,0.0035785346,0.0029039264,0.003561056,0.003311521,0.002958426,0.0034565732,0.0036350745,0.0036174508,0.0026232402,0.0030006224,0.003670185,0.003064605,0.0035733343,0.0037360871,0.003339433,0.9978471,0.0026981416,0.003564425,0.0031314185,0.0029901497,0.0026235448,0.0029940773,0.0027879206,0.0036262209,0.0037129433,0.003367292,0.9974996,0.0033475037,0.0029653243,0.0037690545,0.0029800225,0.00397962,0.0031807811,0.0035586222,0.0028908732,0.0036663534,0.0033715318,0.0029929266,0.00323857,0.0027586995,0.0026504928,0.0033060645,0.00314856,0.0029059579,0.0026986655,0.0027525404
-0.0017982391,0.9946174,-0.00345126,-0.003484692,-0.003817228,0.99422485,-2.4265444e-05,-0.0032540683,-3.2714237e-05,0.9945775,-0.0035971121,-0.003505009,-0.003196105,-0.0030261462,-2.5025607e-05,-0.0030486414,-8.797972e-06,-0.003449596,0.9945762,-3.7873884e-05,-0.0025166632,-0.0035680777,-0.0027973226,-0.001808209,-0.0029234611,-0.0032022428,-0.0036596984,0.0,-0.0031073506,-0.0022898233,-0.00292366,-0.0012115905,-0.003838127,-0.0026004605,-0.002090167,-0.0025938817,-0.0025838104,-0.0038015514,-3.084664e-05,-0.0020298415,-0.0019057229,-0.0014004842,-0.001787182,-0.0016615604,-0.0032369343,-0.003240391,-0.0036725004,-0.0023374774,-0.0029274784,-0.0027886608,-0.0025211056,-0.0034322964,-0.0027928746,-0.003703593,-0.0032307024,-0.0009027332,-0.0034975663,-0.0025844271,-0.0029969583,-0.00021135493,-0.0034603262,-0.0035898294,-0.003553833,-0.0026294726,-0.0032391415,-0.0011567216,-0.0032325583,-0.0026367796,-4.256405e-05,-0.0030195864,-0.003466708,-0.0033252535,-6.491776e-05,-0.0014934072,-0.0035376763,-0.0018485662,-0.0032624255,-0.0037308882,-0.0027919582,0.9943203,-7.269815e-07,-0.0032209149,-0.00207574,-0.0015749377,-6.10184e-05,-0.00166605,-0.00076747563,-0.0033361376,-0.0037150073,-0.0028067287,0.9946036,-0.0027814428,-0.0014269587,-0.0038633586,-0.0014870433,-9.230183e-06,-0.002338069,-0.0031946795,-0.0011105103,-0.0035899323,-0.0028608239,-0.0015465175,-0.0024415674,-0.0006127491,-5.2783358e-05,-0.002680802,-3.6291636e-05,-0.0010002457,-0.0005084871,-0.0005702389
0.0003472981,0.99558645,0.0007083702,0.00071456004,0.0008466703,0.99629134,-1.548126e-05,0.0007818479,-1.2159447e-05,0.9956757,0.00073629495,0.0007080626,0.000738838,0.0006504423,-1.7138584e-05,0.00065791904,-7.885257e-06,0.0007261293,0.995681,1.2972504e-05,0.0005303804,0.00072456803,0.00058837334,0.00036797684,0.00060073804,0.00074278016,0.0007507976,0.00036263812,0.0,0.00046279797,0.00062345155,0.00031921468,0.0008404919,0.0005116843,0.00039121386,0.0005536153,0.00051388756,0.00082897575,2.8085642e-05,0.0003818896,0.00035131376,0.00034824965,0.0003636918,0.0003356072,0.0007636628,0.0007662195,0.0007691256,0.00044911093,0.0006192759,0.00057302375,0.0004957927,0.00077562744,0.00057867524,0.0007892268,0.0007723065,0.00026646035,0.00070557813,0.0005411773,0.0006254016,6.3451675e-06,0.0007637443,0.0007436502,0.0007229299,0.0005324973,0.00075761054,0.00029815838,0.00072992756,0.0005307371,-2.8788234e-06,0.0006601586,0.0007222761,0.0007817981,-4.4076855e-06,0.0003402391,0.0007199344,0.00035479685,0.0007535369,0.0008154491,0.00057912694,0.996105,1.1435947e-05,0.00075378094,0.00040709635,0.0003139706,9.55542e-06,0.00031497708,0.00020944078,0.00079007796,0.000781499,0.00058984786,0.99563545,0.00057074946,0.00032205382,0.0008612264,0.00031788737,0.00084952335,0.00042848132,0.0007494581,0.00032031364,0.00072986266,0.00058882823,0.0003252457,0.0004720683,0.00013201578,8.339606e-06,0.0005430533,8.674382e-06,0.00032867625,7.905642e-05,0.00016235835
-0.0010784753,0.99424314,-0.002284512,-0.0023222498,-0.0026256389,0.9942681,-5.089991e-05,-0.0021160017,-4.1129362e-05,0.994171,-0.002405687,-0.0023399072,-0.002067541,-0.0019088337,-1.8904765e-07,-0.001927732,-5.376835e-05,-0.0022851783,0.9941661,-2.3136625e-05,-0.0016017894,-0.0023992916,-0.0017226409,-0.0011086669,-0.0018279434,-0.0020580145,-0.0024763667,-0.0010386748,-0.0019871825,0.0,-0.001841104,-0.0007013013,-0.0026417808,-0.0015515139,-0.0012739627,-0.0015557561,-0.0015411302,-0.0025951474,-5.8137894e-06,-0.0012296072,-0.0011703438,-0.00077915675,-0.0010715538,-0.0010018873,-0.0021106636,-0.0020987608,-0.0024903659,-0.0013698285,-0.001811753,-0.0016959702,-0.0014826766,-0.0022922938,-0.0017058325,-0.0025274735,-0.00208924,-0.0004805122,-0.0023340473,-0.0015366188,-0.001880991,-7.6493874e-05,-0.0022978166,-0.0024168896,-0.0023762456,-0.0015884506,-0.0021025722,-0.00061510305,-0.0020884646,-0.001576624,-2.6950871e-05,-0.0018995506,-0.0023077081,-0.0021672589,-5.2590764e-05,-0.00089830894,-0.0023582822,-0.001099623,-0.0021230176,-0.0025367038,-0.0017261559,0.9942969,-3.598119e-05,-0.0020937899,-0.001151708,-0.0009091355,-9.995126e-06,-0.0009979297,-0.00040130925,-0.0021762652,-0.0025374363,-0.0017260298,0.99421334,-0.0017024622,-0.00082388363,-0.0026617846,-0.00085636025,3.0952292e-06,-0.0013451552,-0.0020544098,-0.0006353145,-0.0024188887,-0.0017636751,-0.00091199036,-0.001418107,-0.00026230008,-4.1331867e-05,-0.0016215522,9.564319e-06,-0.0005573914,-0.0002426124,-0.00027940964
-2.3240016e-05,0.9950638,-2.7629976e-05,-3.4842673e-05,-2.1527152e-05,0.9957177,6.294927e-07,-1.413342e-05,5.654786e-06,0.9951527,-1.6130693e-05,-2.3595712e-05,-8.656961e-06,-1.6710042e-05,-2.0947404e-05,-2.4765443e-05,-4.1372996e-06,-2.5505155e-05,0.9951757,-2.5234607e-07,-2.8011054e-05,-9.713549e-06,-2.1479567e-05,-1.0279517e-06,-2.9259501e-05,-5.758641e-06,-1.4914191e-05,-1.2663684e-05,-2.9785499e-05,-1.8271821e-05,0.0,-2.2260652e-05,-1.2835404e-05,-2.4004377e-05,-1.0836897e-05,-1.0040586e-05,-7.316736e-06,-1.9457992e-05,2.9386567e-06,-2.5258876e-05,-1.4116102e-05,-2.7575097e-06,-1.5071724e-06,-2.314078e-05,-1.993167e-05,-3.175392e-05,-8.099767e-06,-7.4576465e-06,-5.132472e-06,-9.168908e-06,-2.7643802e-05,-2.1985175e-05,-2.72026e-05,-3.242057e-05,-1.37866755e-05,-1.6525475e-05,-1.0391453e-05,-5.720293e-06,-2.656568e-05,-6.26643e-06,-7.621208e-06,-1.8927833e-05,-6.887206e-06,-1.487311e-05,-2.016896e-05,-2.3086535e-05,-2.8303888e-05,-1.6441034e-05,5.4606658e-06,-1.1968306e-05,-2.1020758e-05,-1.6708509e-05,-2.6110636e-05,-1.0725889e-05,-2.8645758e-05,-1.0376411e-05,-2.080371e-05,-1.5548909e-05,5.281559e-07,0.99560976,-2.0478104e-05,-2.2370356e-05,-2.0928177e-05,-2.0626312e-06,-1.8629904e-05,-2.7653516e-06,3.8702938e-06,-1.7548737e-05,-2.1132912e-05,-1.5485408e-05,0.99512583,-8.306062e-06,-6.532518e-06,-3.526314e-05,-2.4388428e-05,1.5195679e-05,-8.24469e-06,-2.7189146e-05,-2.2181403e-05,-1.4214227e-05,-2.4402421e-05,-1.1584769e-05,-4.677317e-06,-7.62082e-06,2.9464882e-06,-1.7429797e-06,-1.4861117e-06,-3.3672181e-06,-1.4481144e-05,-2.0654943e-05
-0.0032711707,0.99484986,-0.004513416,-0.0045321253,-0.0047617718,0.994505,-0.0016972565,-0.0043835468,-0.0009276897,0.99482834,-0.004598216,-0.004540283,-0.0043217,-0.0041671256,-0.00094322686,-0.0041462523,-0.0015703088,-0.004517821,0.9948226,-0.0014372842,-0.0038569425,-0.004597895,-0.0039850534,-0.0033765421,-0.0040510716,-0.0042858864,-0.0046457686,-0.0033802532,-0.004209419,-0.0036718454,-0.003998873,0.0,-0.0047792816,-0.0038212219,-0.0035784058,-0.003858344,-0.0038111678,-0.0047512194,-0.00020015462,-0.0035428465,-0.00339016,-0.0029503575,-0.0034101566,-0.0031938883,-0.004361691,-0.0043566166,-0.0046602446,-0.0036484718,-0.0040450552,-0.0039550834,-0.0037848996,-0.0045093005,-0.0039748535,-0.0046988083,-0.0043610907,-0.002555479,-0.004535074,-0.0038315086,-0.0041068085,-0.0021983886,-0.0045041027,-0.004608371,-0.0045730327,-0.0038802843,-0.0043591172,-0.0027974423,-0.0042924955,-0.0038839153,-0.00060220103,-0.004128515,-0.0045184307,-0.0044229007,-0.0018023242,-0.0031265505,-0.0045766816,-0.0034135808,-0.004367723,-0.0046969024,-0.003932189,0.9945985,-0.0013484133,-0.004343339,-0.0035090065,-0.0031079813,-0.0017118448,-0.003148552,-0.0024962586,-0.0044335257,-0.0046976604,-0.003982261,0.99484235,-0.0039642607,-0.003026185,-0.004808405,-0.0030893127,1.7014725e-05,-0.0036485908,-0.0043206164,-0.002738192,-0.004616923,-0.004005995,-0.0031103087,-0.0037156972,-0.0024184443,-0.0016114877,-0.003887043,-0.00024587888,-0.0027402511,-0.0022851531,-0.0023075186
0.004092206,0.9992545,0.004527715,0.004528198,0.0045994506,0.99952185,0.0037604165,0.0045071673,0.003919922,0.9990297,0.0045554945,0.004540051,0.004475939,0.004388516,0.0039174296,0.0043949033,0.0037503794,0.0045295344,0.998983,0.0037797694,0.004297116,0.0045508477,0.004319582,0.0041067675,0.004332119,0.0044793854,0.0045723114,0.0040898384,0.004414693,0.0042167907,0.0043347343,0.0039748317,0.0,0.0042750533,0.004148887,0.0042878934,0.0042703026,0.0045977402,0.0042585037,0.004133448,0.004112048,0.0039896388,0.0041073216,0.004050412,0.0044935388,0.0044887094,0.0045745405,0.004221,0.004350447,0.0043151514,0.004257844,0.0045460234,0.004319623,0.004584712,0.0044899476,0.003912764,0.0045280717,0.0042815274,0.0043681073,0.0037755484,0.004545399,0.0045615933,0.0045496747,0.0042987526,0.0044917874,0.003949248,0.004481669,0.004296747,0.0040237214,0.004386022,0.0045339516,0.0045198393,0.00374922,0.0040319124,0.0045531844,0.0040967427,0.004487665,0.0045954254,0.00431221,0.9992664,0.0037952575,0.004476105,0.004147184,0.0040279683,0.003743398,0.0040380876,0.0038637859,0.0045258333,0.0045814235,0.0043251403,0.9990824,0.004319992,0.004005016,0.004611804,0.0040213345,0.0049105147,0.004186729,0.004476581,0.003936072,0.0045536393,0.004335233,0.0040284516,0.0042336537,0.0038360304,0.0037653684,0.004287977,0.0041894345,0.003949839,0.003794955,0.00383309
-0.00061030017,0.99435043,-0.0015070443,-0.0015202597,-0.0017766899,0.9947635,3.1128932e-06,-0.0013511182,-1.7524882e-05,0.99435216,-0.0015977141,-0.0015400782,-0.0012907338,-0.0011993097,-3.5068886e-05,-0.0012057251,-2.2192171e-05,-0.0015043494,0.9943406,-2.7848396e-06,-0.0009171114,-0.0015858229,-0.0010755683,-0.00062492146,-0.0011436841,-0.0013001122,-0.0016553393,-0.00063110236,-0.0012372705,-0.00080644054,-0.001134047,-0.00034864954,-0.0017922635,0.0,-0.0007616369,-0.00097106386,-0.0009295212,-0.0017451489,1.6222979e-06,-0.0007322231,-0.0006714446,-0.00038757524,-0.00062427897,-0.0005629005,-0.0013398825,-0.0013315057,-0.0016665282,-0.00081506144,-0.0011371969,-0.0010455645,-0.0009087201,-0.0014888347,-0.0010592442,-0.0017154979,-0.0013340703,-0.00020767767,-0.0015304581,-0.0009413812,-0.0011682479,-2.4223293e-05,-0.0014855386,-0.0016132958,-0.0015684349,-0.0009616186,-0.0013360931,-0.0003215572,-0.0013160504,-0.00096294953,-3.5360747e-05,-0.001198268,-0.0015031428,-0.0013785581,-2.065362e-05,-0.0004936466,-0.0015807356,-0.0006403065,-0.0013413561,-0.0017147391,-0.0010458162,0.99466294,-1.5247936e-05,-0.0013117853,-0.0006884586,-0.00048448858,-1.2907061e-05,-0.00052817736,-0.00016256062,-0.0014007263,-0.0017100463,-0.0010720035,0.99431825,-0.00105566,-0.00043939045,-0.0018145335,-0.0004882899,-7.327511e-06,-0.0008106257,-0.0012950833,-0.00034081322,-0.0016088381,-0.001094862,-0.00051979773,-0.0008534732,-0.000116313044,5.8821292e-06,-0.0009865977,1.0331145e-05,-0.00029762337,-6.476129e-05,-0.0001131334
-0.0013639246,0.99438316,-0.0027515294,-0.0027540969,-0.0031008339,0.9938989,-4.7321693e-05,-0.0025457048,5.304659e-07,0.99432987,-0.0028638088,-0.0027754484,-0.002464124,-0.0023092215,-2.0958396e-05,-0.0023345763,-5.383091e-05,-0.0027472542,0.99432206,-5.92816e-06,-0.0019061947,-0.0028484447,-0.002134836,-0.0014061215,-0.00222644,-0.00247962,-0.0029276004,-0.001405531,-0.0023898806,-0.0017032332,-0.0022247913,-0.0008943195,-0.0031222082,-0.0019274682,0.0,-0.0019549378,-0.0019242201,-0.0030762658,-1.2081887e-06,-0.0015681278,-0.0014747911,-0.0009673882,-0.001419845,-0.001287742,-0.0025194697,-0.0025233694,-0.0029538062,-0.0017223306,-0.0022139724,-0.002100457,-0.0018664243,-0.0027245516,-0.0021176275,-0.0029931176,-0.002529427,-0.0006665759,-0.0027694905,-0.0019295709,-0.0022885285,-0.00012893311,-0.0027348371,-0.0028780801,-0.002834944,-0.0019791187,-0.002524444,-0.00085033284,-0.0025049206,-0.0019811178,-2.1376825e-05,-0.0023103757,-0.002749165,-0.0026097456,-6.0774066e-05,-0.001189547,-0.002816491,-0.0014362967,-0.002537118,-0.0030082008,-0.0021131241,0.99401855,-1.5038157e-05,-0.0025134033,-0.0015269397,-0.0011721489,-1.5738058e-05,-0.0012442238,-0.00057235104,-0.0026134194,-0.0030088152,-0.0021324758,0.99436265,-0.0021157232,-0.0010756585,-0.0031420463,-0.0011435145,7.959954e-06,-0.0017075074,-0.0024690395,-0.0008665589,-0.002872342,-0.0021774713,-0.0012178574,-0.0017864386,-0.0004446577,2.6460864e-06,-0.00200703,-1.7337576e-05,-0.00079449255,-0.00038070392,-0.0004344386
-0.00041306054,0.9942997,-0.0011443597,-0.0011469121,-0.0013719333,0.99491924,-3.282088e-05,-0.0010168653,-1.785391e-05,0.99442947,-0.0012164994,-0.0011620078,-0.0009754205,-0.000897999,-2.987583e-05,-0.0009090553,-1.5311905e-05,-0.0011457439,0.99438643,-5.068647e-06,-0.0006738741,-0.0012078949,-0.0007979115,-0.00043412394,-0.00084694807,-0.0009836139,-0.0012719413,-0.00040690086,-0.0009384931,-0.0005586752,-0.0008749721,-0.00024073874,-0.0013737048,-0.0006862128,-0.00052879093,0.0,-0.0006843361,-0.0013592129,-2.0320605e-05,-0.00049722905,-0.0004525524,-0.00026921605,-0.00042017942,-0.00039837795,-0.0010094518,-0.0010106142,-0.0012784267,-0.0005651084,-0.0008385107,-0.00077622395,-0.00064150593,-0.0011387309,-0.0007886267,-0.0013046697,-0.0010082378,-0.00012656311,-0.0011691563,-0.0006616124,-0.00087656494,-4.5604495e-05,-0.0011459636,-0.0012167528,-0.0012128053,-0.00070010906,-0.0010190771,-0.00021346616,-0.0010125147,-0.0007062101,4.250801e-06,-0.00089219713,-0.0011632644,-0.0010558302,-3.9539267e-05,-0.00033960878,-0.0011971024,-0.0004501392,-0.0010193852,-0.0013204797,-0.0007814698,0.99479747,-2.5267907e-05,-0.0009982516,-0.00047797596,-0.00034093874,-4.1018633e-05,-0.00036547612,-0.0001115162,-0.0010595957,-0.0013169989,-0.0007922889,0.99432755,-0.0007736121,-0.00029907585,-0.0013999228,-0.000305971,-2.0567843e-05,-0.0005681128,-0.00097324525,-0.0002195263,-0.001234927,-0.000808285,-0.0003473029,-0.0006075903,-6.007289e-05,2.1780613e-06,-0.00071852066,5.81982e-06,-0.0001821248,-4.1823805e-05,-4.7971e-05
-0.00055653794,0.9943678,-0.001466455,-0.0014797176,-0.0017507734,0.99475837,-2.453199e-05,-0.0013057557,-1.6882948e-05,0.9943465,-0.0015652195,-0.0014948449,-0.0012508071,-0.0011485069,-1.5648301e-06,-0.0011728544,-4.2007337e-05,-0.0014523797,0.9943217,-3.294512e-05,-0.000908552,-0.001555536,-0.0010354859,-0.0005908024,-0.001097752,-0.0012547908,-0.0016087231,-0.0005794984,-0.0012018456,-0.0007635396,-0.0010933278,-0.00030263234,-0.0017505548,-0.0008910826,-0.0007134118,-0.00090534234,0.0,-0.0017275991,-2.6310418e-05,-0.0006836218,-0.0006246035,-0.00035230856,-0.0005879928,-0.0005053214,-0.0012957286,-0.0012857476,-0.0016225845,-0.00077118207,-0.001096624,-0.0010103295,-0.00085282954,-0.0014304621,-0.0010217798,-0.0016699969,-0.0012800354,-0.0001838533,-0.0014925828,-0.0008802874,-0.0011363466,-2.1445912e-05,-0.0014541761,-0.0015775893,-0.0015357152,-0.00093931775,-0.0012985576,-0.00027331442,-0.001287056,-0.0009291034,-3.4242286e-05,-0.0011406979,-0.0014592499,-0.0013370691,-2.4344981e-05,-0.00044857466,-0.0015233246,-0.0006103953,-0.0013096547,-0.0016720438,-0.0010145343,0.99464923,2.4772278e-06,-0.0012755882,-0.0006521614,-0.00045928906,-3.1487698e-06,-0.00050232594,-0.0001440469,-0.0013484673,-0.0016719821,-0.0010340603,0.9943279,-0.0010201088,-0.00039666114,-0.0017674962,-0.0004374233,-1.3220199e-05,-0.0007631768,-0.0012453847,-0.0002672792,-0.001578582,-0.0010670188,-0.00047556582,-0.0008117159,-9.427868e-05,-1.5853651e-05,-0.00095535343,-1.6848328e-05,-0.00025832187,-4.5585093e-05,-6.556775e-05
0.0039527793,0.9989488,0.004410421,0.004408617,0.0044839056,0.9992772,0.003603841,0.004385376,0.0037621618,0.9987581,0.004438791,0.0044235797,0.004352445,0.0042585954,0.0037700648,0.004269341,0.0035909023,0.0044140653,0.9987059,0.0036205596,0.0041590864,0.004428295,0.0041883048,0.003962749,0.0042035747,0.004356458,0.0044579525,0.00395109,0.004287582,0.0040813107,0.0042045102,0.0038277558,0.004494436,0.004142728,0.0040105516,0.004157167,0.0041309483,0.0,0.004117482,0.003995683,0.003972124,0.0038486875,0.003966459,0.0039062737,0.0043705693,0.0043631643,0.004457213,0.0040808124,0.0042247977,0.004187213,0.0041173366,0.004428362,0.004186318,0.0044656666,0.004367245,0.0037639905,0.004407365,0.00414799,0.0042402097,0.003619124,0.0044214316,0.004447993,0.004433692,0.004161998,0.004367236,0.0038031326,0.004357847,0.004161639,0.0038705498,0.0042624986,0.0044115013,0.004395653,0.0035838066,0.0038880846,0.004436419,0.003951882,0.004363518,0.0044812555,0.0041805184,0.99901146,0.003645001,0.004353586,0.004007286,0.003885996,0.0035869635,0.0038897477,0.003712875,0.0044051446,0.004467205,0.004192825,0.9987976,0.0041894987,0.003862518,0.0045017386,0.0038803837,0.0047805384,0.004051053,0.004353259,0.0037920603,0.004436219,0.0041993973,0.0038864117,0.0041007726,0.0036833568,0.0036115167,0.004151999,0.00404467,0.003808793,0.0036412117,0.0036812054
-0.0066120005,0.9944246,-0.0065541877,-0.00656203,-0.006523357,0.99396205,-0.0067321653,-0.006586057,-0.0068818484,0.9943725,-0.0065535596,-0.006560475,-0.0065828916,-0.006566319,-0.00684925,-0.0065686796,-0.006741147,-0.006560379,0.9943528,-0.0067877006,-0.0066296672,-0.006553859,-0.0065765963,-0.0065979376,-0.0065615755,-0.006584779,-0.006551032,-0.006604714,-0.006572261,-0.006605951,-0.006574136,-0.006639639,-0.00652306,-0.0066114115,-0.0066166334,-0.006596578,-0.0066050137,-0.006527646,0.0,-0.0066130967,-0.0066138697,-0.006648795,-0.0066081453,-0.0066162604,-0.0065787076,-0.0065806187,-0.006542372,-0.0066057015,-0.006568844,-0.006588772,-0.006604459,-0.006577461,-0.0065813176,-0.0065367087,-0.006585226,-0.0066440883,-0.0065582814,-0.0065990686,-0.006568617,-0.0066850428,-0.0065722065,-0.0065530306,-0.006553088,-0.00660401,-0.0065800566,-0.0066485824,-0.006588026,-0.0066036843,-0.006974279,-0.0065696915,-0.0065639657,-0.006588248,-0.006728045,-0.006616761,-0.00655926,-0.006603691,-0.006581035,-0.0065349503,-0.0065888558,0.99407077,-0.006788442,-0.006581246,-0.006606414,-0.0066195396,-0.0067235427,-0.0066231857,-0.006655937,-0.006581415,-0.006540889,-0.006574108,0.99439543,-0.0065900953,-0.006623315,-0.0065205987,-0.0066185994,-0.0081624305,-0.00660959,-0.00658065,-0.006635622,-0.00655287,-0.006572565,-0.006609353,-0.0066029215,-0.0066674217,-0.0067572314,-0.0066003716,-0.007101013,-0.006634255,-0.006665162,-0.00664969
-0.0015387224,0.99444914,-0.0029677975,-0.002978833,-0.0032835132,0.9939902,-1.778668e-05,-0.0027762288,3.2328983e-06,0.994401,-0.0030873553,-0.0029988468,-0.0026952836,-0.0025114506,-5.561068e-06,-0.0025309464,-5.1646675e-05,-0.002979959,0.994395,3.308222e-06,-0.002107418,-0.0030661752,-0.002323845,-0.001582743,-0.0024189018,-0.00270809,-0.0031262224,-0.0015740652,-0.002588066,-0.0018957884,-0.0024282294,-0.0010752752,-0.0033047688,-0.0021134033,-0.0018122612,-0.0021523368,-0.0021105625,-0.003257881,9.855922e-06,0.0,-0.0016567116,-0.001123794,-0.0015725909,-0.0014584477,-0.0027439052,-0.002736241,-0.0031432803,-0.0019187194,-0.0024233721,-0.0022809473,-0.0020708214,-0.0029571848,-0.0023031018,-0.0031909936,-0.0027431448,-0.00078362616,-0.0029916638,-0.0021233766,-0.002490629,-0.00021364355,-0.0029677316,-0.0030948168,-0.0030581483,-0.0021551198,-0.0027534734,-0.00096417847,-0.0027446344,-0.0021600078,6.648555e-06,-0.0025135619,-0.0029632847,-0.0028388456,-6.167612e-05,-0.0013546463,-0.0030447775,-0.0015857737,-0.0027600783,-0.0032058696,-0.0023060483,0.99410105,-4.3572818e-05,-0.002725926,-0.0017028371,-0.0013224777,-3.9486375e-05,-0.0014163392,-0.00068772095,-0.0028366197,-0.0031940301,-0.002319444,0.9944297,-0.002290042,-0.001236084,-0.0033294966,-0.0013086594,-1.088578e-05,-0.0019002912,-0.0026862822,-0.0010040023,-0.0030961253,-0.0023664893,-0.0013803068,-0.0019885185,-0.0005587905,-2.5177736e-05,-0.0021987727,1.6395658e-06,-0.0009083137,-0.00043851094,-0.0005513845
-0.0017782619,0.9945376,-0.0032865622,-0.0032910085,-0.003634068,0.9941153,-5.1359e-05,-0.0030683181,2.6081254e-06,0.99449384,-0.0034142814,-0.0033264803,-0.002982437,-0.0028044647,5.8863507e-06,-0.0028319643,-3.739723e-05,-0.003272026,0.99448454,-6.0278908e-05,-0.0023366895,-0.003388452,-0.0026017684,-0.0018061779,-0.0027084348,-0.0030061211,-0.0034759918,-0.001796497,-0.0028987513,-0.0021354512,-0.00273025,-0.0011728244,-0.0036461654,-0.002380606,-0.0020338988,-0.0024091622,-0.0023924694,-0.0036124564,-6.65085e-06,-0.0019905884,0.0,-0.0012035858,-0.0018200788,-0.0015907092,-0.0030258242,-0.0030276927,-0.0035004136,-0.0021616903,-0.0027176659,-0.0025791272,-0.0023206843,-0.0032496168,-0.0025851822,-0.0035394083,-0.0030414942,-0.0008466155,-0.0033097065,-0.0023899493,-0.0027741522,-0.00018419158,-0.0032613836,-0.0034197087,-0.0033788988,-0.0024295151,-0.0030415878,-0.0010700782,-0.003021193,-0.0024303228,3.5559465e-06,-0.0028033138,-0.003268877,-0.0031225737,-2.1528684e-05,-0.0015500872,-0.0033672187,-0.0018547878,-0.0030497399,-0.0035600553,-0.0025814485,0.99421316,-1.6736907e-05,-0.0030148993,-0.0019706872,-0.0014442672,-5.476622e-05,-0.0015366628,-0.0007283744,-0.003129919,-0.0035392323,-0.0026052226,0.9945177,-0.0025826064,-0.0013072555,-0.0036773887,-0.0014045486,4.759566e-06,-0.0021364712,-0.0029795598,-0.0010918219,-0.0034161222,-0.0026496872,-0.0016129635,-0.0022355344,-0.0006090025,-1.8386469e-05,-0.0024661836,-3.8766e-05,-0.0010237185,-0.00050517655,-0.0006174424
-0.0031204196,0.99480295,-0.004364189,-0.0043291594,-0.0046405694,0.99444455,-0.0012841122,-0.004152673,-0.0006601406,0.9947808,-0.004453048,-0.0043454873,-0.0040766317,-0.0040077553,-0.0006617018,-0.003953454,-0.0013041592,-0.0042758896,0.9947689,-0.001222066,-0.003561106,-0.0043981187,-0.0037990033,-0.003144443,-0.0038682993,-0.0040978454,-0.0044966447,-0.0031928052,-0.0039957906,-0.0034429121,-0.0038450868,-0.00266243,-0.004655357,-0.0036024305,-0.0033325485,-0.0036778594,-0.003595342,-0.0046216557,-3.2394303e-06,-0.0033070678,-0.0032181463,0.0,-0.0031948062,-0.0030297015,-0.004126388,-0.0041087354,-0.0045291465,-0.0034357156,-0.003853384,-0.0037706003,-0.0035567554,-0.0042627463,-0.003788995,-0.00456204,-0.0041291616,-0.0023858172,-0.0043347874,-0.0036452843,-0.003904437,-0.0018543872,-0.0042707473,-0.00446248,-0.0043908344,-0.0036554663,-0.004123512,-0.002604737,-0.004104103,-0.0036420398,-0.0005696313,-0.004009354,-0.004274853,-0.004189217,-0.0015750128,-0.0030243406,-0.004387968,-0.003183993,-0.0041291006,-0.0045817625,-0.0038314636,0.99453896,-0.0010940576,-0.0041024024,-0.0033031437,-0.002942318,-0.0014259194,-0.0029906547,-0.0023011153,-0.004196191,-0.004564273,-0.0037960643,0.99479276,-0.003784238,-0.0028700384,-0.00467439,-0.0029413656,-1.887874e-05,-0.0034235562,-0.0041491087,-0.0026337847,-0.0044272295,-0.0038929177,-0.003001964,-0.0034846186,-0.0021575608,-0.0014358098,-0.003660615,-6.904248e-05,-0.002609141,-0.0020598804,-0.0021478455
-0.0018159082,0.9946014,-0.0034874976,-0.003511493,-0.0038272198,0.9942014,-3.8019723e-05,-0.0032917536,-1.5274765e-05,0.9945601,-0.0036037886,-0.0035274436,-0.0032243903,-0.0030505327,-3.3570064e-05,-0.003067477,-7.431921e-05,-0.0034842198,0.9945574,-1.5345393e-05,-0.0025285657,-0.0035671103,-0.0028406472,-0.0018702075,-0.002946865,-0.0032334486,-0.0036780052,-0.001823429,-0.0031236224,-0.0021915534,-0.002961832,-0.0013015212,-0.003824879,-0.0026358992,-0.002115021,-0.0026427938,-0.0026201855,-0.0038099093,-2.9377634e-05,-0.0020452004,-0.0019265882,-0.0014183488,0.0,-0.0017347258,-0.0032693695,-0.0032651261,-0.0036882516,-0.0022193298,-0.0029584635,-0.0028132726,-0.0023875935,-0.003461297,-0.0028289729,-0.0037268444,-0.003266414,-0.0009650765,-0.003518176,-0.002616517,-0.0030182549,-0.00030857802,-0.0034873988,-0.0035908036,-0.0035449541,-0.0026647628,-0.003276199,-0.0011860293,-0.0032660111,-0.002678342,-4.6191067e-06,-0.003049287,-0.0034955766,-0.0033538865,-4.4129094e-05,-0.0015794595,-0.0035354227,-0.001898382,-0.0032843119,-0.0037506644,-0.002838138,0.99429077,-3.990421e-05,-0.0032508916,-0.0019765983,-0.001614895,-0.000114519324,-0.0016976972,-0.0008376438,-0.0033665304,-0.0037318107,-0.0028411585,0.994586,-0.0028147933,-0.0014941763,-0.0038718078,-0.0015603169,-2.866951e-05,-0.002199156,-0.0032212583,-0.0011823777,-0.0036112003,-0.0028915636,-0.0016084526,-0.0024727893,-0.0007039387,-4.1294978e-05,-0.0027122935,-1.9574294e-05,-0.0010859552,-0.0005858744,-0.0006805898
-0.0023454628,0.99470365,-0.0038543174,-0.0038384555,-0.004115333,0.9943332,-0.00032091097,-0.0036744378,-4.1786345e-05,0.9946709,-0.003904631,-0.003852866,-0.0036027436,-0.003445594,-5.235742e-06,-0.0034684185,-0.0002724162,-0.0038374565,0.99466735,-0.00010578952,-0.0031365845,-0.00392019,-0.003283956,-0.002492589,-0.0033483112,-0.0036198152,-0.00396509,-0.0023670972,-0.0034971393,-0.0028774256,-0.0033264544,-0.0017164781,-0.0041086143,-0.0030946005,-0.0027712702,-0.0031270015,-0.003064911,-0.0040998,-2.8795776e-05,-0.0027298348,-0.0024901882,-0.0018780911,-0.00241229,0.0,-0.0036532881,-0.0036543747,-0.003989297,-0.0028743064,-0.003376663,-0.0032660796,-0.0030330906,-0.0038117766,-0.0032834623,-0.00403052,-0.0036580677,-0.001460621,-0.0038427897,-0.00309301,-0.0034183906,-0.00089500233,-0.0038172463,-0.003936213,-0.0039011647,-0.0031484275,-0.0036519838,-0.0017530269,-0.003639593,-0.003153238,-3.2941007e-05,-0.003452806,-0.003846388,-0.0037377942,-0.000442538,-0.002154074,-0.003889485,-0.0024249721,-0.0036627434,-0.004046527,-0.0032405448,0.9944224,-6.633281e-05,-0.0036282316,-0.0026732876,-0.0021302858,-0.00042159727,-0.0021942158,-0.0013520869,-0.003741044,-0.0040337513,-0.003292046,0.99469066,-0.0032668186,-0.002026279,-0.0041310517,-0.0020923598,7.7954355e-06,-0.0028636812,-0.0036049304,-0.0016852429,-0.0039160433,-0.0033338747,-0.0021388975,-0.0029486406,-0.001210704,-0.00020973485,-0.003163317,-2.6370684e-05,-0.0016946078,-0.0010770359,-0.0011473687
0.0012096044,0.99600965,0.001752409,0.0017496883,0.0019414134,0.9959927,0.00022127412,0.0017787127,0.00044068875,0.9960873,0.001789353,0.0017456744,0.001719505,0.0015982365,0.00047254335,0.0016147542,0.0002025148,0.0017664621,0.99609435,0.00024099588,0.0014616237,0.0017816856,0.001517592,0.0012231497,0.0015330842,0.0017304012,0.0018251688,0.0012270851,0.0016343432,0.0013616019,0.001526705,0.0011393479,0.0019435973,0.0014140762,0.0012527399,0.0014556798,0.0014084507,0.0019190602,0.00086808694,0.0012486206,0.0012000663,0.00075814873,0.0012300166,0.0011452496,0.0,0.0017559007,0.0018386148,0.0013383818,0.001548306,0.0014894775,0.0013917827,0.001799784,0.0014991028,0.0018688724,0.0017565122,0.0006642546,0.001746325,0.0014354667,0.0015774253,0.00029469645,0.0017825593,0.0018091021,0.0017746218,0.0014531115,0.0017466276,0.0010796698,0.0017148979,0.0014405475,0.000569613,0.0016173633,0.0017607866,0.0017867842,0.00022847185,0.0011959056,0.0017788595,0.0012168185,0.0017405002,0.0019008559,0.00147987,0.9959191,0.00029049604,0.0017385886,0.0012649526,0.0011318584,0.00021856868,0.0011264879,0.00061181415,0.001799681,0.0018677528,0.0015216745,0.9960393,0.0014870971,0.0011641418,0.001968963,0.0011460385,0.0017627561,0.0013123349,0.0017228173,0.0007730468,0.0017865796,0.0015172205,0.0011550267,0.0013677522,0.00040818352,0.0002409686,0.0014402119,0.0007973553,0.00078728166,0.00036883797,0.0005912013
0.0012045908,0.9960088,0.001748932,0.0017408794,0.0019365086,0.9959858,0.00021424211,0.0017739688,0.00043575518,0.99607986,0.0017838647,0.0017422973,0.0017083274,0.0015944,0.00046847842,0.0016081961,0.00019291377,0.0017599536,0.9960833,0.00024122697,0.0014466525,0.0017750822,0.0015104203,0.0012172698,0.001526089,0.0017236457,0.0018157396,0.0012195586,0.0016271308,0.0013572866,0.00152398,0.0011388029,0.0019343216,0.0014081713,0.001245248,0.0014518446,0.001403043,0.0019092029,0.00085616694,0.0012425785,0.0011931264,0.00074886146,0.0012229584,0.0011517222,0.0017553522,0.0,0.0018272477,0.0013293164,0.0015470004,0.0014847374,0.0013861742,0.001792916,0.0014918024,0.0018606528,0.0017518817,0.0006569334,0.0017410428,0.0014326175,0.0015747224,0.0002850377,0.0017739335,0.0018018996,0.0017665115,0.0014418239,0.0017387044,0.0011357706,0.0017065499,0.0014398479,0.00056522904,0.0016092953,0.001751137,0.0017810931,0.00021981787,0.001188951,0.0017713507,0.0012166473,0.0017335772,0.0018930098,0.0014740231,0.9959249,0.00028357457,0.0017290905,0.0012675372,0.0011314992,0.00021570409,0.0011261407,0.00059873983,0.0017924259,0.0018588313,0.0015157957,0.9960402,0.0014804032,0.0011553246,0.001959202,0.0011441954,0.00174469,0.0013051077,0.0017184261,0.00076907483,0.0017771323,0.0015127892,0.0011548431,0.0013629295,0.0004088939,0.00023911228,0.0014336946,0.0007931852,0.0007772067,0.00036728283,0.00057008804
0.0032416675,0.99775934,0.0038002264,0.003797055,0.00390201,0.99827987,0.002822591,0.0037715451,0.0030183275,0.9976842,0.0038318434,0.0038101443,0.0037236002,0.0036166776,0.0030231273,0.0036281054,0.0028177393,0.003802285,0.99766,0.0028546453,0.0034839239,0.0038261039,0.0035332697,0.0032542353,0.003551657,0.00373085,0.003855739,0.003246402,0.0036478296,0.0033948827,0.0035478463,0.0031046213,0.003913192,0.0034656588,0.0033167251,0.003487154,0.0034563888,0.0038985596,0.0034086653,0.0032970237,0.0032659855,0.003129614,0.0032620567,0.0031947365,0.0037480707,0.0037392173,0.0,0.0033930575,0.0035713697,0.003521843,0.0034377063,0.0038177536,0.0035255773,0.0038793338,0.003750849,0.003029686,0.0037926955,0.0034751908,0.0035937955,0.0028595938,0.0038129403,0.003846199,0.0038230885,0.0034904703,0.0037493207,0.003082402,0.0037256035,0.003488352,0.003145387,0.0036239636,0.0037950736,0.0037817156,0.0028086836,0.003183237,0.0038313048,0.0032456238,0.0037403922,0.0038922809,0.003511232,0.9980225,0.0028870313,0.0037336184,0.0033065956,0.0031701862,0.0028133749,0.003173464,0.0029736743,0.0037897497,0.0038733478,0.0035391282,0.99768865,0.0035251745,0.0031448225,0.0039232355,0.0031622911,0.0041416194,0.0033580875,0.003727606,0.0030726308,0.003828304,0.0035434833,0.0031748076,0.003418191,0.0029408648,0.0028422007,0.0034817487,0.0033317055,0.0030895541,0.0028897645,0.002938967
-0.0011362701,0.99427354,-0.0023989442,-0.0024070845,-0.002720963,0.9942588,-1.5927366e-05,-0.0022130446,-1.4183902e-05,0.9942105,-0.0025172315,-0.002436407,-0.0021365117,-0.0019765664,-3.3624026e-05,-0.0019965821,-4.2934305e-05,-0.0023966364,0.99420583,6.8733293e-06,-0.0016352233,-0.00250183,-0.0018122098,-0.0011488469,-0.0019057814,-0.0021530334,-0.0025685455,-0.0011474813,-0.0020423261,-0.0014314788,-0.0019045064,-0.00071726035,-0.0027342716,-0.0016208318,-0.0013586693,-0.0016572734,-0.0016220759,-0.0026925902,7.262688e-06,-0.0013085854,-0.0012244098,-0.00078861014,-0.0011596703,-0.0010487469,-0.0021812,-0.0021753286,-0.0025850039,0.0,-0.0019074518,-0.0017773295,-0.001583493,-0.0023681151,-0.0017942265,-0.002631069,-0.0021825356,-0.00050393207,-0.0024266036,-0.0016311143,-0.0019573786,-0.000105160405,-0.0023806095,-0.0025264435,-0.0024850213,-0.001679349,-0.0021949196,-0.00065198203,-0.0021758783,-0.0016734697,-2.7779763e-05,-0.0019744572,-0.0023942995,-0.0022584966,-8.9230537e-07,-0.0009627969,-0.0024776575,-0.0011819779,-0.0021867426,-0.0026406476,-0.0017884363,0.9943341,-3.897675e-05,-0.0021656791,-0.0012691979,-0.0009669822,-7.65244e-06,-0.0010275453,-0.00044584283,-0.0022618324,-0.0026346166,-0.001813461,0.99424684,-0.0017866417,-0.0008692488,-0.0027560461,-0.0009381478,-2.662154e-05,-0.0014364478,-0.0021283457,-0.000668937,-0.0025304009,-0.0018576484,-0.0009959068,-0.001508242,-0.00034181253,-4.457889e-05,-0.0016967667,-2.2784861e-05,-0.0006321906,-0.00027241078,-0.00034868772
-1.6559814e-05,0.99521834,-7.0011665e-06,-1.1971278e-05,-5.559599e-07,0.9958906,-1.834569e-05,-5.631539e-06,1.5232421e-06,0.9953336,-1.12221705e-05,-1.4919696e-05,-1.0737991e-05,-1.6657299e-05,1.1940803e-05,-6.083924e-06,-1.1249614e-05,8.880369e-06,0.9953266,-1.9692094e-05,-1.13842725e-05,4.6236614e-06,8.909745e-06,-1.309798e-05,-6.858032e-07,-4.1483104e-06,-8.076185e-06,5.7478184e-07,-1.5521987e-06,2.301386e-06,-2.5809707e-06,-1.8259125e-05,-1.2048634e-05,-1.6935399e-05,-2.1332437e-06,2.6948305e-06,-7.975833e-06,-5.6335766e-06,1.089735e-05,-1.852091e-05,-4.8694956e-06,5.6856993e-07,1.1641815e-06,6.6286084e-06,-8.110148e-06,8.098058e-07,-6.9505277e-06,-5.6615395e-06,0.0,-7.618998e-07,-1.546794e-05,-5.2827386e-06,6.429168e-06,1.0350494e-05,-1.835243e-05,6.9793964e-06,-1.5223985e-05,-1.15426055e-05,-5.3352087e-06,-5.829116e-06,-1.0978953e-05,-2.0077534e-06,1.274503e-06,-4.0825325e-06,-1.1984878e-05,6.1718206e-06,-5.408793e-06,4.1855938e-06,-1.7311724e-05,-2.660493e-06,6.460021e-06,2.725864e-06,-7.457459e-06,3.82033e-06,-2.179948e-06,-4.282858e-06,5.5168666e-06,-1.8425354e-06,-6.356406e-06,0.9957381,4.098408e-06,-7.873498e-06,-1.2988784e-05,7.599264e-06,5.7989782e-06,-5.2309338e-06,1.8314622e-06,8.276655e-06,-5.7065427e-06,-1.027555e-05,0.9952783,-1.0390164e-05,5.2455766e-06,2.5480988e-06,3.2313822e-06,1.8933802e-05,-1.1617418e-05,1.5416714e-06,-7.951149e-06,6.1790834e-06,2.148667e-06,-1.1957595e-05,-3.381099e-06,-1.1907648e-05,8.134093e-06,5.216214e-06,-8.78942e-07,-1.6743568e-05,-9.75328e-06,-9.053526e-06
-0.00013769012,0.9946556,-0.00042783644,-0.00043484935,-0.0005470513,0.99531573,-2.9982933e-05,-0.0003751089,-2.9007995e-05,0.99479055,-0.00046744212,-0.0004290761,-0.00035896496,-0.00031787294,-3.2936445e-05,-0.0003220693,-1.85727e-05,-0.0004324618,0.9947909,-2.1187143e-05,-0.00022631823,-0.0004473453,-0.00027125925,-0.00013400508,-0.00030510678,-0.00035940396,-0.00049148285,-0.00012976368,-0.0003387654,-0.00017053269,-0.00030923064,-3.9640803e-05,-0.0005303687,-0.00021230566,-0.00015783645,-0.00022235926,-0.00021208976,-0.0005224112,-1.2820141e-05,-0.00014669483,-0.00013727638,-6.7737004e-05,-0.0001295855,-0.000117584335,-0.00038031716,-0.0003746941,-0.000492786,-0.00019370133,-0.00029129273,0.0,-0.00021813746,-0.0004228137,-0.00026374316,-0.0004955754,-0.00037080227,-3.3348802e-05,-0.000446539,-0.00021638184,-0.0003202089,-6.0108478e-06,-0.0004188938,-0.00047119302,-0.00045722397,-0.00022631587,-0.00036777253,-4.646302e-05,-0.00037170347,-0.00022201825,2.4882474e-06,-0.00031516555,-0.00042689894,-0.00039194184,-1.0812059e-06,-0.000110770336,-0.00044659956,-0.00014792682,-0.000374314,-0.00051360147,-0.00027337746,0.99518347,-1.458852e-05,-0.0003689762,-0.00013577071,-8.70968e-05,-3.6253183e-05,-0.0001138668,-3.1831816e-05,-0.00039485988,-0.0005004521,-0.00026711245,0.99474466,-0.00026277205,-8.634856e-05,-0.0005377601,-7.609362e-05,-5.466597e-06,-0.00017124336,-0.0003531663,-4.8416863e-05,-0.00046841416,-0.0002845988,-0.00011560026,-0.00020301013,-2.6782594e-05,-7.830022e-06,-0.0002383207,-6.07008e-07,-4.1337942e-05,-1.5997368e-05,-3.352724e-05
-0.0006819335,0.99403775,-0.0017381598,-0.0017532731,-0.0020011296,0.99465716,1.12114e-06,-0.001562376,-2.2090058e-05,0.99437565,-0.001841709,-0.0017621316,-0.0015028203,-0.0013712555,-3.6986235e-06,-0.0013915608,2.5408485e-06,-0.0017261519,0.99435776,-3.29769e-05,-0.0010509498,-0.0018271866,-0.0012320535,-0.0007155136,-0.0013032772,-0.0015116704,-0.0018841617,-0.0007146704,-0.0014414118,-0.0009163854,-0.0013038776,-0.00041743912,-0.0020032148,-0.0010734779,-0.00085405255,-0.0010846022,-0.001076396,-0.0020128991,7.2925586e-06,-0.0008227893,-0.00075542874,-0.00044393627,-0.00072470197,-0.000651475,-0.0015343904,-0.0015295844,-0.0019094713,-0.0009257916,-0.0012894849,-0.0012038709,0.0,-0.0017120996,-0.001217133,-0.0019562808,-0.001533872,-0.00025794015,-0.0017535522,-0.0010670306,-0.0013522779,-1.9808193e-05,-0.0017143294,-0.001855486,-0.0018165386,-0.0011162172,-0.0015436925,-0.0003694516,-0.0015274704,-0.001112351,-1.0794948e-05,-0.0013619591,-0.0017316974,-0.0015979623,-2.9978932e-05,-0.00056416774,-0.001804092,-0.00073147606,-0.0015522029,-0.0019612808,-0.001208165,0.9945657,-7.195855e-06,-0.0015283809,-0.0007970211,-0.0005705662,-3.0851843e-05,-0.00063470093,-0.0002017136,-0.0016001269,-0.0019567385,-0.0012342852,0.9939947,-0.0012124472,-0.000513182,-0.0020251777,-0.00054483005,1.08116665e-05,-0.00091236667,-0.0014920599,-0.0003774364,-0.0018546565,-0.0012521778,-0.0006060358,-0.0009646519,-0.0001423417,-2.3681892e-05,-0.0011475841,-1.5141727e-05,-0.00034548237,-7.5937234e-05,-0.00010778522
0.0018038175,0.99617773,0.0029431363,0.0029594922,0.002676102,0.9968083,0.0013177278,0.0030100646,0.0015476616,0.99620384,0.0029988922,0.0029669916,0.0028179665,0.0027543246,0.0015592948,0.0028153844,0.0013068711,0.0030373526,0.9961932,0.0013454021,0.0021063061,0.0030026012,0.0024018341,0.0018218881,0.0025888635,0.002904104,0.0028766147,0.0018274599,0.0028267074,0.0020298294,0.0024421322,0.0016659652,0.0027359847,0.0022888759,0.0018612746,0.0023624534,0.002280865,0.0027673622,0.0019834286,0.001859999,0.0018041545,0.0017008373,0.001843401,0.0017386733,0.0029815086,0.002911212,0.002968265,0.0020627882,0.0025104252,0.0023904908,0.0022385006,0.0,0.0024182156,0.0029945674,0.0029332642,0.0015720949,0.0029953714,0.0023279942,0.0024986232,0.0013629874,0.0029145551,0.0030812647,0.0030436106,0.0023074616,0.0029680002,0.0016435188,0.0028695029,0.0023118737,0.0016761447,0.0028489165,0.0029832732,0.0029903445,0.001305179,0.0017575887,0.0030960494,0.0018069838,0.0029637355,0.0029035667,0.0024329755,0.99659544,0.0013875132,0.0029234446,0.0018699525,0.0017179931,0.0013073252,0.0017202185,0.0015206917,0.003020088,0.0031052195,0.0024072127,0.99618196,0.0023948255,0.0017080143,0.0027425378,0.0017117002,0.0028334162,0.0019476839,0.002899189,0.0016398563,0.0029570635,0.0024420728,0.0017416957,0.0020692574,0.0014710138,0.001331431,0.002314695,0.0019032678,0.0016586389,0.0014025834,0.0014699285
-4.105052e-05,0.99475676,-0.00024232344,-0.00025924537,-0.00032115108,0.99540967,-2.4999972e-05,-0.00022322586,-4.920311e-06,0.9948839,-0.0002563529,-0.00024440317,-0.00019577578,-0.00017208462,-1.4533769e-05,-0.00017694147,-2.2714692e-05,-0.00023095819,0.994898,-9.9261715e-06,-0.000102735576,-0.0002491848,-0.00014537256,-6.375894e-05,-0.00017522658,-0.0002133116,-0.000283012,-5.144274e-05,-0.00019829767,-8.946462e-05,-0.000162973,-3.0947886e-05,-0.00032607606,-0.00011644239,-7.0261805e-05,-0.000117049785,-0.00011414849,-0.0003025711,7.0043934e-06,-6.297263e-05,-4.9024893e-05,-4.7026653e-05,-5.4772823e-05,-4.0514446e-05,-0.00022077226,-0.00022121734,-0.00028252933,-9.643421e-05,-0.00015950567,-0.00014390232,-0.00010236138,-0.00025420045,0.0,-0.00028668242,-0.00021892608,-3.4830442e-05,-0.00024615153,-0.000115603725,-0.00017874832,-9.715575e-06,-0.00024830402,-0.00029151904,-0.0002423491,-0.000113128335,-0.00021010879,-2.4502055e-05,-0.00022523958,-0.000112971065,-2.8074051e-05,-0.0001862544,-0.00024765453,-0.00023216194,-1.0558123e-05,-4.6260127e-05,-0.00026042105,-4.100941e-05,-0.00022666655,-0.00029247077,-0.00015880182,0.99527717,-4.84734e-06,-0.00019497154,-5.3315758e-05,-3.9430404e-05,-2.7953865e-05,-4.4663397e-05,-3.6380705e-05,-0.00022759919,-0.00028681077,-0.00014189414,0.9948372,-0.00014754829,-4.121954e-05,-0.00030744422,-2.1625996e-05,9.1253605e-06,-9.855273e-05,-0.0002076388,-3.9824543e-05,-0.00026537493,-0.00015743321,-4.087364e-05,-9.729764e-05,-2.8691415e-05,-1.715971e-05,-0.00013270299,-8.207165e-06,-1.8509438e-05,-3.60337e-05,-1.28293195e-05
0.0035634304,0.9982402,0.0040817363,0.0040832264,0.004173363,0.9986881,0.0031749154,0.004053978,0.0033554551,0.9981324,0.004111764,0.0040967437,0.0040144776,0.003912513,0.0033558435,0.0039246827,0.0031605365,0.004084416,0.9980902,0.003202508,0.0037990438,0.00410372,0.00383356,0.0035742575,0.003848498,0.004018795,0.004133498,0.0035677224,0.003941529,0.003707808,0.0038494559,0.003430168,0.00418399,0.0037760234,0.0036328803,0.0037966818,0.003769413,0.0041663866,0.003726136,0.0036166608,0.0035890983,0.003459062,0.0035805104,0.0035158794,0.004033415,0.0040259697,0.0041409815,0.0037076892,0.00387249,0.0038258415,0.0037522432,0.004098062,0.0038298715,0.0,0.0040354207,0.003361943,0.004077704,0.0037830656,0.0038890757,0.0032031601,0.0040984093,0.004122075,0.0041024205,0.0037988191,0.0040333425,0.003408487,0.0040180627,0.0037994697,0.0034699878,0.003918653,0.0040845205,0.004068074,0.0031602306,0.0035061003,0.0041134763,0.0035697976,0.0040263836,0.0041649956,0.0038199145,0.9984284,0.0032277259,0.0040184455,0.00362861,0.0034919188,0.0031598802,0.0034975994,0.0033067549,0.0040747505,0.004149628,0.0038377803,0.9981416,0.003829256,0.0034719778,0.0041889893,0.0034874298,0.004432929,0.0036761852,0.0040152865,0.0033982713,0.0041094916,0.003847337,0.0034974513,0.003730172,0.0032760215,0.0031871297,0.003788438,0.0036508965,0.003411789,0.003231546,0.0032748282
0.0012629322,0.99604374,0.0018295811,0.0018173205,0.0020018185,0.9960298,0.00025414577,0.0018504175,0.00048460456,0.9961236,0.0018596246,0.0018260631,0.0017777678,0.0016577913,0.00050823484,0.0016766498,0.00024748943,0.0018349238,0.99611866,0.00029806493,0.0014913508,0.0018433152,0.001571766,0.0012634937,0.0015894221,0.0018023226,0.0018878282,0.0012888754,0.0016943417,0.0014250488,0.0015758733,0.00083499507,0.0020041799,0.0014705105,0.0013015654,0.0015160847,0.0014687415,0.0019823837,0.0009052959,0.0013044075,0.0012378226,0.0007686175,0.0012883755,0.001209631,0.001810296,0.0018062516,0.0019084193,0.0013928999,0.0016132424,0.0015541974,0.0014463038,0.0018633531,0.0015572575,0.0019422723,0.0,0.0006815047,0.001809537,0.0014996286,0.0016340582,0.0003306863,0.0018449062,0.0018820309,0.0018390561,0.0015010637,0.0018111255,0.00083976577,0.0017724634,0.0014982137,0.0006173729,0.0016770518,0.0018147451,0.0018533741,0.00026026982,0.0012491791,0.0018610322,0.0012688545,0.0017947735,0.001974676,0.0015224001,0.99592674,0.00033835473,0.0017968486,0.0013292916,0.0011841431,0.0002577438,0.001175136,0.00063524523,0.0018609049,0.0019236136,0.0015820357,0.9960856,0.0015493641,0.0012053056,0.0020361287,0.0011868264,0.0017875882,0.0013636971,0.0017943358,0.0008052992,0.0018496227,0.0015765184,0.0012233092,0.0014224411,0.0004478721,0.00029090006,0.0014961963,0.00084216613,0.0007907867,0.0004077249,0.00056634744
-0.0037465743,0.99492586,-0.004996577,-0.0050129266,-0.0052819652,0.99457586,-0.0020280855,-0.0048296344,-0.0011546524,0.99490565,-0.0050929924,-0.0050218757,-0.0047607925,-0.004593384,-0.0011542467,-0.004618607,-0.0020066989,-0.0049831253,0.99489963,-0.001739376,-0.0042919153,-0.0050771693,-0.00442738,-0.003764615,-0.0045149876,-0.004775188,-0.005154327,-0.0037667984,-0.004652966,-0.0040730317,-0.004486152,-0.0032375015,-0.0053081494,-0.004252279,-0.0039874366,-0.004290515,-0.0042458903,-0.0052867713,-0.00035039513,-0.003944965,-0.0038553225,-0.0033980254,-0.0037902396,-0.0036275007,-0.004801058,-0.0047957255,-0.0051732482,-0.004064819,-0.004514276,-0.004407739,-0.0042004264,-0.0049720905,-0.004424485,-0.005203268,-0.004802848,0.0,-0.005004658,-0.0042674206,-0.0045698895,-0.0023999042,-0.0049766945,-0.0051036165,-0.005060425,-0.004302824,-0.0048036706,-0.0032296416,-0.0047871033,-0.004310588,-0.00079967396,-0.004599575,-0.0049907765,-0.0048718937,-0.0020895207,-0.0035555174,-0.005060042,-0.0037962513,-0.004808203,-0.0052273646,-0.0043926686,0.9946681,-0.0015929498,-0.0047792085,-0.0039070146,-0.0035575386,-0.0020748754,-0.003619477,-0.002876344,-0.0048808204,-0.005206961,-0.004432691,0.9949195,-0.004415229,-0.0034576457,-0.0053299754,-0.0035211956,-1.4454856e-05,-0.00406229,-0.004755386,-0.0032051045,-0.005104103,-0.0044637057,-0.0035857777,-0.004126461,-0.0027710202,-0.0018262613,-0.0043290835,-0.0004047297,-0.0031681182,-0.0026351872,-0.0027147299
0.002163505,0.9965529,0.0030851224,0.0027605374,0.0029367208,0.9972028,0.0017082602,0.0027757245,0.0019290013,0.9965739,0.0028184287,0.0027929877,0.0026869655,0.0025696082,0.0019401574,0.0029067432,0.0016972647,0.002809747,0.99656993,0.0017387188,0.0024387748,0.0028054928,0.00250432,0.002173928,0.0024989496,0.0027083587,0.0028458552,0.0021733083,0.0029285548,0.0023367,0.002508125,0.0020345314,0.002947419,0.0024133404,0.002237648,0.0024137564,0.0023969891,0.002921533,0.002345262,0.0022211673,0.0021802462,0.002072721,0.0021849999,0.0021100768,0.0030335945,0.0030445678,0.0028393548,0.002333598,0.0025257606,0.0024709387,0.0023656113,0.003074952,0.0024548126,0.0028690381,0.002726831,0.0019532095,0.0,0.0024111755,0.002549464,0.0017468198,0.0027802244,0.0028426733,0.0027991666,0.0024416358,0.0029516765,0.0020125285,0.0030178558,0.002417359,0.0020535581,0.0026673994,0.0030934592,0.0030786828,0.0016912661,0.0021101225,0.0028443404,0.0021670281,0.0026941365,0.002907435,0.002438957,0.9969844,0.001774569,0.0026849115,0.0022306328,0.0020913177,0.0016995732,0.002093302,0.0018899866,0.0027618043,0.0028820755,0.0025203088,0.99654925,0.0024611554,0.002072082,0.0029768487,0.0020801474,0.0031599014,0.0022881238,0.002702744,0.0020066292,0.0027962478,0.0024771667,0.0021012512,0.0023514393,0.0018468342,0.0017230967,0.002415392,0.002265878,0.002025432,0.0017843766,0.0018484292
-0.00049183,0.9943158,-0.0012992948,-0.0013388448,-0.0015856226,0.9948467,1.6946443e-06,-0.0011812677,-2.7741373e-05,0.9943719,-0.0014052937,-0.0013352942,-0.0011371622,-0.001050974,6.1044457e-06,-0.0010644133,-1.8654837e-06,-0.0013047144,0.9943527,-2.1274205e-05,-0.00080828,-0.0014010072,-0.0009335976,-0.00050580845,-0.0009916709,-0.0011427801,-0.0014508441,-0.0005003494,-0.0011075911,-0.0006622602,-0.000999236,-0.00027819508,-0.0015885492,-0.00080591865,-0.00063472905,-0.0008013757,-0.000804094,-0.0015547588,-1.83867e-05,-0.000602066,-0.00055809936,-0.00032474205,-0.0005109596,-0.00044089492,-0.0011756727,-0.0011721879,-0.0014640888,-0.00068429526,-0.0009812799,-0.00091233745,-0.0007646677,-0.0012997196,-0.0009207938,-0.0015120924,-0.0011704346,-0.0001588369,-0.0013379283,0.0,-0.0010391154,-4.6939018e-05,-0.0013056893,-0.0014094913,-0.0013795403,-0.0008390988,-0.0011847316,-0.00022896817,-0.0011600063,-0.0008351471,-3.2920238e-05,-0.0010440237,-0.0013143575,-0.0012191756,-7.2514745e-06,-0.00038601653,-0.001357573,-0.00051310746,-0.0011826177,-0.0015058481,-0.0009109819,0.99472684,-2.77982e-05,-0.0011640893,-0.0005643206,-0.00040677033,-1.6315536e-05,-0.0004319159,-0.00011647577,-0.0012292132,-0.0015064403,-0.00093475275,0.99429417,-0.0009186594,-0.00034719353,-0.0016042474,-0.00037844223,1.0932592e-05,-0.0006750928,-0.0011349239,-0.00023480596,-0.0014048503,-0.0009667616,-0.00040710578,-0.0007178911,-6.869203e-05,-2.287137e-05,-0.00086729106,-2.3918348e-05,-0.00020179902,-2.8318313e-05,-6.807501e-05
5.119463e-06,0.995382,0.00012716485,0.00012644289,0.00021233552,0.99603957,-1.306312e-05,0.00021657743,-1.13381575e-05,0.9954814,0.0001362191,0.000115407194,0.00017832364,0.000113467184,-1.7039089e-06,0.0001222298,8.599276e-06,0.00014510403,0.99549854,-1.22318725e-05,4.948083e-05,0.00013169272,6.95379e-05,-5.2557893e-06,6.969824e-05,0.00019154746,0.0001484055,-1.0814875e-05,0.00012792999,7.2524767e-06,7.095748e-05,-8.1043245e-06,0.00019749718,3.6993176e-06,-7.6221713e-06,4.2210682e-05,6.2362806e-06,0.00019580658,-7.758393e-06,5.0634753e-06,-9.9878835e-06,-5.0562335e-06,-1.2276682e-05,2.66414e-08,0.00020762336,0.00021204223,0.00014913437,4.3816468e-07,8.836461e-05,5.6085344e-05,-1.007708e-06,0.00018255222,6.4765234e-05,0.00017049017,0.00020888505,-3.0141816e-06,0.0001217366,2.8084853e-05,0.0,-6.5372396e-06,0.00017122111,0.00014434799,0.00011706818,2.2413138e-05,0.00018752935,2.3710552e-06,0.00017686436,3.2379354e-05,1.3516133e-05,0.00012690583,0.00013823436,0.0002092679,3.3110564e-06,6.072591e-06,0.00012910424,-7.938817e-06,0.0001869372,0.00019004162,5.563064e-05,0.9958891,-1.1426633e-05,0.00019252789,1.1088709e-05,-1.6226148e-05,-2.1891294e-06,-3.106393e-06,-1.1599665e-05,0.00022315267,0.00017032238,7.092547e-05,0.99543524,4.5879624e-05,-6.9452385e-06,0.0002115769,-1.03017255e-05,0.00026137725,-3.8224193e-06,0.00019130329,4.2764927e-06,0.00013443756,7.018725e-05,3.5527264e-06,6.2592803e-06,2.177193e-07,-1.6185399e-05,3.1267286e-05,1.3638445e-05,-2.769665e-06,-1.6764054e-05,5.2102628e-06
-0.0044612936,0.9949848,-0.0059079984,-0.005906329,-0.005932793,0.9946134,-0.00218747,-0.0059510563,-0.0010659,0.994966,-0.0059035774,-0.0058953506,-0.005916853,-0.0058539826,-0.00090660783,-0.0054776887,-0.0023902934,-0.0059100003,0.9949566,-0.0018657399,-0.0051776078,-0.005910236,-0.0053862315,-0.0044678487,-0.005448421,-0.005932771,-0.0059033236,-0.004455727,-0.0059029874,-0.0048647434,-0.005459601,-0.003953367,-0.005920078,-0.005184403,-0.0047873063,-0.0052119046,-0.0051791505,-0.005921229,-6.5629625e-05,-0.0047185584,-0.004566929,-0.003957116,-0.004500056,-0.0043856935,-0.005937307,-0.0059422725,-0.005909097,-0.004912955,-0.005434943,-0.00538627,-0.0050963205,-0.005932873,-0.005379522,-0.005924025,-0.005947451,-0.003436357,-0.005893617,-0.005195608,-0.0054630903,0.0,-0.0059249736,-0.0059117884,-0.005885958,-0.005200505,-0.0059389416,-0.0037682871,-0.0059310137,-0.005225458,-0.00065382366,-0.005495528,-0.0058948128,-0.0059413393,-0.0021857538,-0.0041459594,-0.005903274,-0.004491499,-0.0059447167,-0.0059110033,-0.005372881,0.9947032,-0.0014631469,-0.0059510404,-0.0046754843,-0.004187667,-0.0023492612,-0.0043263356,-0.0032536942,-0.0059505636,-0.0059182537,-0.0053951168,0.994978,-0.0053901607,-0.0040138396,-0.0059367623,-0.004111085,-4.99002e-06,-0.0048889695,-0.0059320405,-0.003831175,-0.005908688,-0.0054192985,-0.0042631673,-0.004965688,-0.0030153699,-0.0016534562,-0.0052594296,-2.8170183e-05,-0.003667293,-0.0028681525,-0.0031042919
0.0019442566,0.99628454,0.0029606519,0.002912839,0.0027675834,0.9969265,0.0014757325,0.0028445346,0.001704649,0.9963214,0.0029141677,0.0028653906,0.002793017,0.0027132956,0.0017102242,0.0029200122,0.0014658663,0.003091554,0.9963073,0.0015115691,0.0022464173,0.0029336556,0.0025224662,0.0019614627,0.002589168,0.002810901,0.0027359098,0.001956544,0.0029116664,0.0021412184,0.0025086347,0.0018142771,0.0027887572,0.0023161664,0.0020087697,0.002496891,0.0023325593,0.002753694,0.002127479,0.0019957572,0.0019489841,0.0018530992,0.001976984,0.001890332,0.003090373,0.0029819554,0.0029882942,0.0021672347,0.0024729837,0.002393495,0.0022025493,0.0032369997,0.002340266,0.0029805708,0.0028211293,0.0017315588,0.002870414,0.0023054574,0.0024865526,0.0015064573,0.0,0.0029181987,0.0031365883,0.0023789979,0.0031059186,0.0017919326,0.002886613,0.0022508749,0.0018279441,0.0030353041,0.0030235802,0.0030267702,0.0014550061,0.0018949314,0.0028733637,0.0019461276,0.003049829,0.0028670395,0.002537326,0.99671954,0.0015430921,0.0029452268,0.002004647,0.0018678148,0.0014675728,0.001867417,0.001664368,0.0030546936,0.0029713453,0.0024997098,0.9962891,0.0025147663,0.0018480851,0.0028279943,0.0018533136,0.0029727116,0.002076474,0.0027985966,0.001774473,0.0029323408,0.0023000163,0.0018808576,0.0021796927,0.0016119204,0.0014728135,0.0022425333,0.0020535218,0.0017936545,0.0015516023,0.0016204265
0.0028462934,0.9972599,0.0034418837,0.003443383,0.0035640113,0.99784833,0.0024089417,0.0034177115,0.0026122723,0.99724585,0.0034790551,0.0034573888,0.0033631974,0.0032493076,0.0026208663,0.0032642754,0.0023949402,0.003447804,0.99721485,0.00243895,0.0031050548,0.0034707864,0.003159528,0.002857681,0.0031792028,0.0033733859,0.0035061724,0.0028570774,0.003279113,0.0030117068,0.0031707727,0.0027111638,0.0035731809,0.0030806235,0.0029235452,0.0031061347,0.0030746728,0.0035592609,0.003019598,0.0029058596,0.0028762333,0.00274167,0.002864872,0.0027975729,0.0033895832,0.0033775552,0.0035129818,0.00300249,0.003202132,0.0031443625,0.0030508647,0.0034650052,0.0031476123,0.0035302828,0.0033923404,0.0026298722,0.0034411887,0.0030909004,0.0032267177,0.0024475087,0.0034521518,0.0,0.003469167,0.003106254,0.0033888703,0.0026898244,0.0033650356,0.003104961,0.0027392823,0.0032596535,0.003439859,0.0034279705,0.0023899158,0.0027897104,0.0034798442,0.002848966,0.003375466,0.0035483786,0.003128694,0.99759877,0.002474422,0.0033722082,0.0029202488,0.0027733778,0.0023950597,0.0027792018,0.0025688438,0.0034374648,0.003528318,0.0031651566,0.99722624,0.0031456812,0.0027500996,0.0035904339,0.0027663952,0.0037806402,0.0029698182,0.0033650447,0.0026782025,0.0034760174,0.003167145,0.0027834815,0.0030270675,0.0025355136,0.0024315503,0.0030985672,0.0029374734,0.0027009572,0.0024830974,0.0025359788
0.0024816475,0.99688697,0.003087615,0.0030920669,0.0032318595,0.9975118,0.0020352649,0.0030679984,0.0022484495,0.9968846,0.0031355317,0.0031016266,0.0030075659,0.002892618,0.0022602074,0.0029058263,0.0020270804,0.0031000716,0.99687904,0.0020652907,0.0027368267,0.0031222934,0.0028038523,0.0024949403,0.0028228103,0.0030198365,0.0031584783,0.0024936502,0.002927357,0.0026491117,0.002825038,0.0023522743,0.0032408147,0.0027218582,0.0025583024,0.0027431955,0.0027081557,0.003222838,0.0026663167,0.0025419937,0.0025063502,0.0023818638,0.0025036244,0.0024308958,0.0030443908,0.0030256053,0.003161191,0.0026454395,0.002843042,0.0027869684,0.0026865243,0.0031290266,0.0027823811,0.003182528,0.003044981,0.002269401,0.003091264,0.0027307814,0.0028724005,0.0020770824,0.0030947963,0.0031481404,0.0,0.0027491122,0.0030418497,0.0023299742,0.0030094448,0.0027410307,0.002383719,0.0029152336,0.0030819685,0.0030756933,0.002025201,0.0024326686,0.0031324013,0.0024890671,0.0030348431,0.00321156,0.0027724658,0.9972741,0.0021085201,0.003020106,0.0025592954,0.0024110207,0.0020256585,0.0024135052,0.0022131817,0.0030884475,0.0031876776,0.0028109357,0.99686885,0.0027883197,0.0023900329,0.003259305,0.0024047352,0.0034557278,0.0026099388,0.00301609,0.0023227548,0.003126071,0.0028068884,0.002420031,0.00266696,0.002172531,0.002056383,0.002734744,0.0025853042,0.0023479867,0.00211354,0.0021715593
-0.00044099276,0.99430454,-0.0011756306,-0.0011896084,-0.0014029009,0.9948716,-3.091464e-05,-0.0010550192,1.6867242e-06,0.99439746,-0.0012647507,-0.001206003,-0.0010187415,-0.0009051444,7.3755646e-06,-0.00092418713,-4.1093514e-05,-0.0011808207,0.9943791,1.7755289e-08,-0.0007002572,-0.0012417252,-0.000814448,-0.0004379673,-0.00087628065,-0.0010299224,-0.0012930209,-0.00044214167,-0.0009594302,-0.0005691838,-0.0008703284,-0.00023677651,-0.0014100011,-0.0006882954,-0.00056332094,-0.00070305564,-0.00069121906,-0.0014001355,-1.4501259e-05,-0.0005318142,-0.0004821418,-0.00026006543,-0.00045359047,-0.00039426537,-0.0010321403,-0.0010311173,-0.0013026953,-0.000603496,-0.0008768362,-0.0008004255,-0.00067820394,-0.0011747219,-0.0007961438,-0.0013417494,-0.0010368067,-0.00014804151,-0.0012135446,-0.00070422003,-0.0008975903,-2.0554766e-05,-0.001183099,-0.0012611422,-0.001224248,0.0,-0.0010416921,-0.00021088663,-0.0010396849,-0.0007098808,-9.47287e-06,-0.00091972627,-0.0011788624,-0.0010888281,-2.1081403e-05,-0.0003236409,-0.0012221606,-0.0004459915,-0.0010596256,-0.0013461683,-0.0007933251,0.9947656,-2.5440371e-05,-0.0010381334,-0.0005137275,-0.0003353206,-4.3809236e-05,-0.00039066892,-9.300725e-05,-0.0010981115,-0.0013423125,-0.000815682,0.99430263,-0.00079288945,-0.000287458,-0.0014353787,-0.0003305583,-1.7639037e-05,-0.0006009151,-0.0010050879,-0.00021680514,-0.0012724316,-0.0008431984,-0.00037649708,-0.00064341206,-6.653166e-05,-4.2273355e-06,-0.0007482026,-2.9342196e-05,-0.00019707686,-3.5869998e-05,-6.19003e-05
0.0012524397,0.99605703,0.0017928033,0.0017890994,0.001974346,0.9960438,0.00025091617,0.0018181723,0.00047775416,0.99613035,0.0018301143,0.0017921978,0.0017560051,0.0016399563,0.0005087192,0.0016530129,0.00024285523,0.0018014795,0.9961349,0.00028827673,0.0014830056,0.001818516,0.001553305,0.001253179,0.0015721689,0.001770383,0.0018599369,0.0012621894,0.0016769882,0.0013980429,0.0015682885,0.00082604634,0.0019768109,0.0014549914,0.0012911462,0.00149688,0.00145017,0.0019526223,0.0008999063,0.0012934783,0.0012379248,0.0007825264,0.0012730804,0.0011931198,0.0017930262,0.0017865242,0.0018795377,0.0013789096,0.0015924969,0.0015320664,0.0014301309,0.0018369007,0.0015393842,0.0019083195,0.0018027326,0.0006690566,0.001784219,0.0014781209,0.0016112232,0.00032465707,0.0018246333,0.0018489467,0.0018134381,0.0014900555,0.0,0.00082986214,0.0017516417,0.0014794668,0.0006093603,0.0016546127,0.0017944252,0.0018262751,0.00025867485,0.0012294111,0.0018237043,0.0012512006,0.0017767377,0.0019384773,0.0015161387,0.9959447,0.00033068028,0.0017738414,0.0013101897,0.0011615547,0.00025810942,0.0011596049,0.0006350113,0.0018351051,0.0018997733,0.0015574128,0.9960851,0.0015299658,0.0011972666,0.0020008094,0.0011749096,0.0017831272,0.0013489432,0.0017677487,0.0008080196,0.0018222535,0.0015554552,0.0012006599,0.0014070584,0.00044151238,0.00027287618,0.0014844541,0.0008301178,0.0008159924,0.0004000712,0.0005864331
-0.0033582174,0.9948648,-0.0045514815,-0.004569597,-0.0048378585,0.99451977,-0.0018016101,-0.004400919,-0.0009423421,0.9948446,-0.004649966,-0.0045744414,-0.0043361234,-0.004176294,-0.001086191,-0.004199682,-0.00176801,-0.004545906,0.99483633,-0.001414149,-0.0038732844,-0.0046340143,-0.00403052,-0.0034141403,-0.004100553,-0.004345392,-0.0047045834,-0.0033900156,-0.004237834,-0.0036794636,-0.0041034776,-0.0029210122,-0.0048534954,-0.0038521753,-0.003589339,-0.0038891325,-0.0038581328,-0.004820511,-0.0002517111,-0.0035455253,-0.0034666054,-0.0030324706,-0.003390085,-0.0032810282,-0.0043827593,-0.0043767416,-0.004721282,-0.003674949,-0.0041032676,-0.003998336,-0.003817248,-0.004542127,-0.004012608,-0.0047596036,-0.004371635,-0.0026548428,-0.004567415,-0.0038588995,-0.0041573145,-0.002108406,-0.0045448896,-0.0046646367,-0.004619264,-0.0038978157,-0.0043760445,0.0,-0.0043629617,-0.00390868,-0.0007302726,-0.0041849604,-0.004543872,-0.0044476395,-0.0018028897,-0.0031815302,-0.004616982,-0.0034146647,-0.0043823626,-0.0047721853,-0.0040158317,0.9946034,-0.0013693131,-0.0043592067,-0.0034997307,-0.0031852222,-0.001822698,-0.0032427986,-0.0025510765,-0.0044545797,-0.0047586593,-0.0040240493,0.9948583,-0.003999283,-0.0031091373,-0.004875141,-0.003164872,-5.330011e-05,-0.0036751982,-0.0043290774,-0.0028798606,-0.004655266,-0.004051914,-0.003208311,-0.003743424,-0.0024444747,-0.0015148296,-0.0039221356,-0.0003552088,-0.0027956737,-0.0023299016,-0.002439649
0.0010382786,0.99593997,0.0015543958,0.001561988,0.0017407773,0.99592143,6.998797e-05,0.0015882299,0.00027211674,0.99602336,0.0015990866,0.0015591374,0.0015335641,0.0014225494,0.0003098013,0.0014316192,5.574776e-05,0.0015687118,0.9960319,9.951457e-05,0.0012864923,0.0015838955,0.0013372998,0.0010458129,0.0013552672,0.0015476844,0.0016288797,0.0010523271,0.0014566605,0.0011804563,0.0013606013,0.0009908996,0.0017387919,0.0012470392,0.0010941263,0.0012705373,0.0012407383,0.0017167138,0.00068977394,0.0010774097,0.0010367271,0.0006417887,0.0010501028,0.0009975961,0.0015650605,0.001563455,0.0016388792,0.0011635397,0.001375034,0.0013115951,0.0012158485,0.0016077004,0.0013219152,0.0016737775,0.0015705077,0.0005503724,0.0015583072,0.0012643492,0.0013997529,0.00014492177,0.0015941188,0.0016113757,0.0015796707,0.0012669729,0.0015582052,0.0009651352,0.0,0.0012658766,0.00041523395,0.0014382037,0.001567835,0.0016004295,7.0728725e-05,0.0010318302,0.0015928788,0.0010402888,0.0015549774,0.0017009834,0.0013059174,0.99603045,0.00013769137,0.0015494983,0.0011053183,0.0009808919,8.032546e-05,0.0009815951,0.00047400716,0.0016090517,0.0016697668,0.001339594,0.9959776,0.0013077146,0.0009893744,0.0017674724,0.0009833771,0.0015522974,0.00113896,0.0015394614,0.0009897798,0.0015964133,0.0013424925,0.0009864371,0.0011918512,0.00027683156,8.224466e-05,0.001271973,0.0006221698,0.00064134534,0.0002873824,0.00046949202
-0.0004481443,0.99429405,-0.00117963,-0.0011952578,-0.0014178617,0.99491864,-3.5603607e-05,-0.001051068,-3.7334696e-06,0.99442714,-0.0012619963,-0.001191813,-0.0010022793,-0.0009170191,-3.7457572e-05,-0.0009261378,-3.7033147e-05,-0.0011921333,0.994417,-4.301217e-06,-0.0007062101,-0.0012443081,-0.0008176506,-0.0004569377,-0.00087222,-0.001003015,-0.0012948923,-0.00043763098,-0.0009682122,-0.0005772675,-0.0008693426,-0.00025870538,-0.0014233524,-0.00069696887,-0.0005478494,-0.00072332646,-0.00069946336,-0.0014082319,-1.1606792e-05,-0.0005177474,-0.00049221667,-0.00025543847,-0.00044424203,-0.00041283833,-0.0010235241,-0.0010327217,-0.0013110699,-0.00059484295,-0.00087955553,-0.0008020779,-0.0006629265,-0.0011647008,-0.00080418633,-0.0013537589,-0.0010418313,-0.0001399167,-0.0012055045,-0.00070894277,-0.0008992691,-4.9313472e-05,-0.0011899739,-0.0012685491,-0.0012417103,-0.00072237453,-0.0010422207,-0.00022598726,-0.0010327911,0.0,-1.641687e-05,-0.0009258399,-0.0011826216,-0.0010865086,-1.0027198e-05,-0.00035298013,-0.0012297579,-0.0004579732,-0.0010599244,-0.0013550459,-0.00081151,0.99480605,1.0887258e-06,-0.0010236892,-0.00049308623,-0.00034917475,-3.0737683e-05,-0.00039635113,-0.00012785244,-0.0010924288,-0.0013512137,-0.0008184379,0.99434024,-0.0008094666,-0.00030885753,-0.0014496198,-0.00031635715,1.0569664e-06,-0.0005835399,-0.0010090803,-0.00020251631,-0.0012734603,-0.00084547675,-0.00036841014,-0.00062125444,-7.0118185e-05,-2.312427e-07,-0.0007542258,-2.5404484e-05,-0.00018337193,-4.9809576e-05,-7.1084956e-05
-0.0062994165,0.99463606,-0.0062688533,-0.006281091,-0.0062582437,0.9942036,-0.006376716,-0.0062998286,-0.006518066,0.9945933,-0.0062734927,-0.0062763295,-0.0062918076,-0.006272978,-0.006478045,-0.006271089,-0.0063910144,-0.0062804325,0.99458116,-0.006403709,-0.006341928,-0.0062747067,-0.0062796124,-0.006291801,-0.0062618926,-0.0062909694,-0.0062785973,-0.0062859952,-0.0062856055,-0.006293514,-0.0062771128,-0.006301466,-0.0062591126,-0.0063020536,-0.006298652,-0.0062911515,-0.0062974887,-0.0062581883,-0.0068351575,-0.0062932535,-0.006302307,-0.006323215,-0.006283273,-0.006283298,-0.0062942705,-0.006292749,-0.006270315,-0.0062926714,-0.006273221,-0.006285651,-0.006295738,-0.0062938994,-0.006280786,-0.006272238,-0.0062996005,-0.0063062683,-0.0062766634,-0.006293223,-0.006274163,-0.006332676,-0.006292461,-0.006271483,-0.0062746876,-0.0062975734,-0.0062950486,-0.006313622,-0.0062995437,-0.006301396,0.0,-0.0062719625,-0.0062785074,-0.006305739,-0.006365549,-0.0062856926,-0.006279682,-0.006276622,-0.0062911175,-0.0062668533,-0.0062821372,0.99430865,-0.006413134,-0.0062969327,-0.0062945555,-0.006293453,-0.0063595274,-0.0063057346,-0.0063088923,-0.006300784,-0.006263399,-0.006277296,0.99461395,-0.006289098,-0.006299313,-0.0062575503,-0.0062935012,-0.007923261,-0.006297923,-0.006291498,-0.006309189,-0.0062700855,-0.0062695616,-0.0062920023,-0.0062876726,-0.0063038943,-0.0063988315,-0.006296455,-0.0067421766,-0.0063022966,-0.0063081477,-0.0063021774
4.0948536e-05,0.9954602,0.00034782244,0.00034080775,0.00043222858,0.9961267,-1.37187e-05,0.00042895254,-1.1498588e-05,0.99556667,0.00035204,0.0003328318,0.00038327402,0.00030662256,-2.146794e-06,0.0003171577,-1.5037101e-05,0.0003605208,0.9955726,3.5255446e-06,0.00022021285,0.00033943812,0.0002642197,5.954902e-05,0.00026326263,0.00039722322,0.00036584676,6.789936e-05,0.0003256256,0.00016722281,0.00025489548,-1.2250471e-06,0.00042449686,0.0001892139,8.629233e-05,0.00023682509,0.00019097762,0.00041882394,3.9275815e-06,7.5184405e-05,5.9034435e-05,4.3352327e-05,6.2333595e-05,1.4890489e-05,0.0004101434,0.0004115075,0.00037546095,0.00012916123,0.00028259138,0.0002461895,0.00018177179,0.00039427157,0.0002586085,0.00039817186,0.00041783857,-2.981341e-06,0.00033149097,0.00022047153,0.00029281378,-4.5435763e-06,0.000378187,0.00036597272,0.00033399562,0.00021393885,0.00039570744,8.078445e-06,0.00037721894,0.00021701473,4.4789126e-06,0.0,0.00035116973,0.00042360008,-1.2205747e-06,4.781527e-05,0.00035333246,5.209474e-05,0.00038738005,0.00041962418,0.00023531997,0.9959561,-5.3727763e-06,0.00039624082,0.00011241119,1.6806109e-05,-5.9407894e-06,5.023054e-06,-6.3015154e-06,0.00043205387,0.00038457432,0.0002651037,0.9955156,0.0002405935,2.3284503e-05,0.00044240343,2.0382991e-05,0.00048198193,0.00012253174,0.00039337898,9.827054e-06,0.00034671417,0.0002615125,2.3040862e-05,0.00016122009,1.1614541e-05,9.1370106e-07,0.00022053154,-1.232978e-05,3.6783982e-05,-9.0894684e-07,-5.31104e-06
0.0020556846,0.9964187,0.0029835508,0.0029702072,0.0028333387,0.9970774,0.0015961874,0.00286834,0.0018179731,0.9964539,0.0027112074,0.0027212605,0.0025691998,0.0027763604,0.001829558,0.0028588837,0.0015780131,0.0029394163,0.9964422,0.0016218218,0.0023387445,0.0026735696,0.0024552087,0.0020688537,0.002385614,0.0027153508,0.002736047,0.0020656392,0.0028518825,0.0022317502,0.00240801,0.0019238192,0.0028476145,0.0023217376,0.0021219742,0.0022968603,0.0023117065,0.0028156242,0.002237796,0.0021086766,0.0020712519,0.001964691,0.002081599,0.0019980248,0.0029642463,0.0029719372,0.0030565227,0.002238876,0.0024339824,0.0023832484,0.00226543,0.0030718595,0.002344504,0.002761103,0.0026507983,0.0018417551,0.002752286,0.0023128141,0.0024405536,0.0016383873,0.00266993,0.0028012437,0.003007692,0.002353725,0.0029606954,0.0019001398,0.0029080529,0.0023145294,0.0019460827,0.0027576804,0.0,0.0029825768,0.0015786738,0.0020067506,0.00282459,0.0020547488,0.0029324961,0.0028050663,0.0023285972,0.99686015,0.0016661672,0.002912802,0.0021161495,0.0019807843,0.001586871,0.0019823976,0.0017825867,0.0029783607,0.0028040928,0.0024702896,0.9964195,0.002357294,0.0019670953,0.0028801803,0.001969699,0.0030657537,0.0021763984,0.002791559,0.001896109,0.0030126546,0.002363048,0.0019871423,0.002256112,0.0017338957,0.0016071049,0.0023078194,0.0021598635,0.0019160849,0.0016723715,0.0017382497
0.0013633213,0.99633545,0.0023213543,0.0023197026,0.0025119728,0.9963003,0.00066504086,0.0023329908,0.0009037555,0.99640495,0.0023671938,0.0023301952,0.0022594722,0.002135217,0.0009247683,0.0021523582,0.0006530686,0.0023353326,0.99639946,0.0007030819,0.0019713154,0.0023516808,0.0020471232,0.0017069856,0.0020608425,0.002282013,0.002397509,0.0014032684,0.0021718326,0.0018980261,0.0020513192,0.0011106929,0.0025200625,0.0019418497,0.0015464795,0.0019730867,0.0019374082,0.0024906101,0.0013421254,0.0014377186,0.0014152013,0.001080637,0.0017695824,0.001318329,0.00229796,0.0022884551,0.0024062723,0.0018710315,0.0020840033,0.0020161548,0.0019036771,0.0023622795,0.0020176126,0.0024489216,0.0023047768,0.0009762705,0.0023173967,0.001959543,0.0021077339,0.0007310594,0.0023363817,0.0023904543,0.0023469308,0.0019753145,0.0022946536,0.0010556064,0.0022583038,0.001960213,0.0010396342,0.0021561428,0.002316368,0.0,0.0006606933,0.0013175324,0.0023674865,0.0013793303,0.0022822672,0.002479613,0.0019835203,0.9961016,0.0007521118,0.002275251,0.0016847366,0.0012125196,0.0006648146,0.0012561533,0.000932702,0.0023476498,0.0024380512,0.0020562164,0.9963573,0.0020135022,0.0012321449,0.0025545165,0.0012695256,0.002228558,0.0018113024,0.0022677612,0.0010533548,0.0023551676,0.0020363163,0.00131826,0.001894862,0.0008366322,0.00070107327,0.001959144,0.0012687526,0.0010616774,0.000777409,0.00085676473
-0.005615415,0.9949627,-0.0058051487,-0.005817849,-0.005859967,0.99458504,-0.003625163,-0.005828666,-0.0027514072,0.9949426,-0.005817994,-0.0058065183,-0.0058089592,-0.0057511055,-0.0027599554,-0.0057685156,-0.003619302,-0.0058103693,0.9949349,-0.0032815638,-0.0057836,-0.005818107,-0.0057463693,-0.005631777,-0.0057466114,-0.005813761,-0.005826905,-0.0056373123,-0.0057796813,-0.0056868563,-0.0057626883,-0.0054920246,-0.0058545168,-0.0057242843,-0.0056922776,-0.0057267016,-0.0057334597,-0.0058477763,-0.001720031,-0.0056626783,-0.0056415405,-0.0054921918,-0.0056095845,-0.005611901,-0.0058232914,-0.005816068,-0.00582576,-0.0056805983,-0.005740579,-0.005738523,-0.0057160063,-0.0058347196,-0.0057333596,-0.005845651,-0.005822989,-0.005113871,-0.0058184783,-0.005725135,-0.0057594264,-0.0039636386,-0.0058328104,-0.005825535,-0.0058090473,-0.005735854,-0.0058105085,-0.0054148156,-0.0058172774,-0.005733261,-0.0025147942,-0.005756229,-0.005814989,-0.005837286,0.0,-0.005567891,-0.0058163493,-0.0056252414,-0.0058271135,-0.0058395476,-0.0057440414,0.99468416,-0.0031886166,-0.00580517,-0.005648942,-0.0055801407,-0.0037132525,-0.0056066904,-0.004882401,-0.005831932,-0.0058352808,-0.005739056,0.9949539,-0.0057362337,-0.005540013,-0.0058609396,-0.0055441693,-0.00059994543,-0.0056964904,-0.0058005988,-0.0053883004,-0.0058242558,-0.0057298755,-0.0055694864,-0.0056993635,-0.0047462173,-0.0033790807,-0.005745535,-0.0019146283,-0.0054017548,-0.0045720045,-0.0046919496
-0.0025571426,0.9947467,-0.004005245,-0.003962394,-0.0042345067,0.99439234,-0.000742722,-0.0038399787,-6.458853e-05,0.99471456,-0.0040164776,-0.0039844285,-0.0037798665,-0.0036048344,-3.3841578e-05,-0.0036370275,-0.00074202486,-0.003998556,0.99471253,-0.00034444896,-0.003178009,-0.003985185,-0.003417345,-0.0026508113,-0.0035136621,-0.0037767056,-0.0040803743,-0.0025967245,-0.0036746915,-0.0029391635,-0.0035080772,-0.0020719694,-0.00424377,-0.0031212897,-0.002844157,-0.0033054738,-0.003125409,-0.004214626,-2.2358883e-05,-0.0027788833,-0.002675643,-0.0022358072,-0.0026303474,-0.0024852552,-0.0037990864,-0.0038052949,-0.0040962542,-0.002924022,-0.0035402027,-0.0034025176,-0.003072639,-0.0039916155,-0.0034092234,-0.0041427114,-0.0038111138,-0.0017207172,-0.004022653,-0.0032771009,-0.0035827158,-0.0009666933,-0.0039526373,-0.00403442,-0.003975363,-0.0033100108,-0.0038160393,-0.001990923,-0.0037983672,-0.0031722023,-1.9228053e-06,-0.003601772,-0.004012236,-0.0038910834,-0.00064637256,0.0,-0.003969757,-0.0026577043,-0.0038238398,-0.004161561,-0.0033993341,0.99447197,-0.00023773554,-0.0037939223,-0.0027455853,-0.0023749876,-0.0007937804,-0.0024489881,-0.0015807153,-0.0039035287,-0.004138591,-0.0034281379,0.99473625,-0.003393997,-0.0022133423,-0.004271807,-0.0023022182,-1.8117027e-05,-0.0029017641,-0.003771467,-0.0019882226,-0.004027388,-0.0034682283,-0.0024067564,-0.0029952594,-0.0013959488,-0.00037319885,-0.00330787,1.1445754e-06,-0.0019542095,-0.0012750035,-0.0014857365
0.002492494,0.99688816,0.003110163,0.0031113708,0.0032483744,0.9975105,0.0020398928,0.0030903823,0.0022626736,0.996903,0.0031559472,0.0031314865,0.0030309444,0.0029113377,0.0022656342,0.002927347,0.0020386898,0.0031218217,0.99687594,0.0020811043,0.0027668383,0.003140964,0.0028170308,0.0025057755,0.0028394524,0.0030435042,0.0031829637,0.002511014,0.0029436676,0.0026697575,0.0028252683,0.0023542691,0.0032579463,0.0027352415,0.002575721,0.0027594299,0.0027270296,0.0032399076,0.0026684238,0.0025555384,0.0025225333,0.0023919987,0.0025150874,0.0024421685,0.003054829,0.0030352343,0.0031840592,0.0026561595,0.0028652472,0.002803697,0.0027029442,0.0031420588,0.0028047676,0.0032131844,0.0030647323,0.0022809333,0.0031109396,0.0027463266,0.0028872096,0.0020912045,0.003122993,0.003170608,0.0031396705,0.0027597493,0.0030581236,0.0023408183,0.0030278536,0.0027568962,0.0023850922,0.0029298489,0.0031071568,0.003098009,0.00203147,0.002436601,0.0,0.0025004146,0.003048998,0.003236011,0.0027782368,0.9972614,0.0021168024,0.003037095,0.0025745581,0.0024230042,0.0020342043,0.0024237863,0.0022141312,0.0031075294,0.003201368,0.002832025,0.9968722,0.0028011913,0.002399986,0.0032770853,0.0024125916,0.0034644017,0.002621663,0.0030356126,0.002328227,0.0031421545,0.0028239102,0.0024306572,0.0026811108,0.0021819423,0.0020647345,0.0027541572,0.002594136,0.0023576405,0.0021208369,0.0021840746
-0.0017723226,0.9946034,-0.0034575919,-0.0034764472,-0.0037923185,0.99420327,-3.907467e-05,-0.0032778182,-1.6410284e-05,0.9945634,-0.0035884385,-0.0034958324,-0.0031977517,-0.003013337,-4.6169258e-05,-0.003036084,-2.1749864e-05,-0.0034397761,0.9945588,-3.2858385e-05,-0.0024381415,-0.003556422,-0.0028122568,-0.0018276864,-0.0029220784,-0.0032012416,-0.0036244926,-0.0018149709,-0.0030880987,-0.0023345994,-0.0028969122,-0.0012476618,-0.0038148917,-0.002601809,-0.0020931272,-0.0026181163,-0.0025851997,-0.0037766774,1.1557379e-05,-0.002010715,-0.001929121,-0.001319998,-0.0018313875,-0.0016870426,-0.0032376123,-0.0032309755,-0.0036364475,-0.0023647796,-0.0029216479,-0.0027840051,-0.0025195465,-0.0034221024,-0.0027992346,-0.0036950384,-0.0032439271,-0.0009226693,-0.003480044,-0.002598049,-0.002979836,-0.00024225395,-0.0034386571,-0.0035946446,-0.0035469714,-0.0026360943,-0.0032521656,-0.0011729175,-0.0032355257,-0.0026348715,3.9988274e-07,-0.0030196083,-0.0034567085,-0.0033372317,-7.082939e-05,-0.0015561628,-0.0035423713,0.0,-0.0032553885,-0.0037169363,-0.0027747161,0.9942934,-1.5011054e-05,-0.003223353,-0.0019604755,-0.0015456136,-9.101988e-05,-0.0016707027,-0.0007815003,-0.003335908,-0.0037003688,-0.0028181209,0.99458724,-0.0027909968,-0.0014246946,-0.003846726,-0.0015001172,9.844022e-06,-0.002171141,-0.0031867113,-0.0011877452,-0.0035887158,-0.002860677,-0.0016141107,-0.0024257828,-0.00058674836,1.1796348e-05,-0.0026907315,-3.180786e-05,-0.0010965952,-0.00050626515,-0.0006231908
0.0012228644,0.99603754,0.0017632039,0.0017715892,0.0019599667,0.9960126,0.00023049384,0.0017913772,0.00044716,0.996109,0.0018114521,0.0017667062,0.0017324345,0.0016149405,0.0004777048,0.001630318,0.00022039314,0.0017757822,0.9961251,0.00026515513,0.0014721618,0.0017974982,0.0015243258,0.0012303165,0.0015487722,0.001743061,0.0018383943,0.0012292549,0.0016537912,0.0013661643,0.0015512413,0.0011743201,0.0019582263,0.0014302073,0.0012626038,0.0014607218,0.0014220856,0.0019350005,0.0008720199,0.0012596651,0.0012129518,0.00076391903,0.0012337017,0.0011697294,0.0017684242,0.0017662648,0.0018541176,0.0013536433,0.0015671011,0.0015067016,0.0014041179,0.0018187829,0.0015118114,0.0018848524,0.0017725275,0.00066572777,0.0017630653,0.0014516474,0.0015916658,0.00029624818,0.0018083042,0.0018218319,0.0017905198,0.0014548156,0.001760767,0.0010328415,0.0017317361,0.0014502691,0.00058166945,0.0016295832,0.0017699593,0.0018002624,0.00023014662,0.0012034348,0.0018004843,0.0012255708,0.0,0.0019134434,0.0014960864,0.9959418,0.0003003166,0.0017508473,0.0012796688,0.0011499226,0.00023436724,0.0011503261,0.00061833847,0.0018116697,0.001880634,0.001532643,0.99607325,0.0014998332,0.0011733915,0.0019865017,0.001149705,0.0017532905,0.001323481,0.001741386,0.00078738405,0.0018037716,0.0015301995,0.0011683437,0.0013827106,0.0004163294,0.00024103525,0.0014594877,0.00080515497,0.00079969596,0.00038053107,0.00059093384
0.0036719248,0.9984192,0.0041756267,0.0041769296,0.0042607756,0.9988402,0.0032919163,0.0041474453,0.0034675219,0.9982869,0.0042048884,0.0041909646,0.0041100793,0.0040101395,0.0034685344,0.004021272,0.0032813726,0.0041796425,0.9982445,0.0033184444,0.0038943584,0.004194784,0.0039317277,0.0036806436,0.003947079,0.004112833,0.0042262697,0.0036753647,0.0040399726,0.0038157976,0.003946117,0.0035419394,0.00427015,0.003879366,0.0037380313,0.0039003731,0.0038683368,0.0042583514,0.003832637,0.0037236512,0.0036940007,0.003564931,0.00368803,0.0036299531,0.0041268226,0.004122655,0.0042275265,0.0038130865,0.003970226,0.003931029,0.003852039,0.004193374,0.003928026,0.0042398428,0.004130797,0.003475808,0.004172824,0.003885188,0.003988301,0.0033220882,0.004184219,0.0042129825,0.0041987994,0.0038994383,0.0041279173,0.0035208561,0.004114208,0.0038998171,0.0035839193,0.004016962,0.0041752737,0.004161063,0.003276862,0.0036171707,0.004205006,0.0036766988,0.004120649,0.0,0.003918414,0.99856687,0.0033452248,0.0041113878,0.0037373733,0.0036036847,0.0032806296,0.0036089406,0.003421096,0.0041671963,0.0042349105,0.003938629,0.99830574,0.0039303987,0.0035784282,0.0042759473,0.0035941547,0.004527484,0.0037801655,0.00411221,0.0035081988,0.004202514,0.003947623,0.0036085604,0.0038303456,0.0033893397,0.003304664,0.003891822,0.003763767,0.003531051,0.0033455626,0.0033857224
-0.00015387815,0.9946017,-0.00046680655,-0.0004876353,-0.0005829504,0.995245,-3.51108e-05,-0.0004071707,-2.9175953e-05,0.9947213,-0.0004983762,-0.00047845987,-0.000406703,-0.00035558513,4.5919637e-06,-0.00036765108,-3.335501e-05,-0.00046343615,0.9947276,-7.3614315e-06,-0.00022880208,-0.0005117434,-0.0003016435,-0.00013219035,-0.00035328712,-0.000396398,-0.0005200938,-0.00015056717,-0.00036038805,-0.00021258745,-0.00029959084,-4.4374206e-05,-0.0005773652,-0.00024797808,-0.0001925984,-0.00026423336,-0.00023708263,-0.00057701906,6.508767e-06,-0.0001816703,-0.0001615876,-7.194826e-05,-0.0001688301,-0.000105966814,-0.0004138497,-0.00039993657,-0.0005250903,-0.00020038288,-0.00032176252,-0.0003043762,-0.00024486883,-0.00047573788,-0.0003053771,-0.0005467023,-0.00041920366,-2.6996213e-05,-0.00047582228,-0.0002621941,-0.000353216,-3.832645e-05,-0.00046145692,-0.0005051153,-0.00048295013,-0.00025504452,-0.00040074633,-4.9562434e-05,-0.00039830824,-0.00026225447,5.566899e-06,-0.00035372714,-0.00046415246,-0.00044770585,-2.634471e-05,-0.00011751485,-0.00048285144,-0.00015287641,-0.00040771582,-0.00054986903,0.0,0.9951373,2.9814114e-06,-0.0004160166,-0.00018278607,-0.00010040299,-1.5987043e-05,-0.00013266738,-2.6586793e-05,-0.00044342453,-0.0005400682,-0.00030219994,0.9946854,-0.00030518541,-7.435257e-05,-0.0005878355,-0.000115477305,-6.088226e-06,-0.00019399567,-0.0004091004,-6.7448855e-05,-0.0004979277,-0.00032249023,-0.00012215553,-0.0002274021,-2.2507887e-05,-2.3929091e-05,-0.0002704124,-7.021741e-06,-4.4541735e-05,-1.4103241e-05,-1.7786002e-05
-0.0045191683,0.9964207,-0.00480074,-0.0048184013,-0.0048162816,0.9960511,-0.004323574,-0.0047800504,-0.004419845,0.9964028,-0.0048389547,-0.0047947885,-0.0047448333,-0.004745915,-0.0043697865,-0.0047281515,-0.0043689674,-0.004789949,0.99640965,-0.00432915,-0.004696109,-0.0048145074,-0.004707498,-0.0045468826,-0.004694334,-0.004780756,-0.0048501287,-0.0045412676,-0.00475056,-0.0046408367,-0.0046959477,-0.0044672596,-0.0048280987,-0.0046471856,-0.004628794,-0.0046620597,-0.004632657,-0.0048307735,-0.004436508,-0.0046373536,-0.0045829504,-0.00452182,-0.0045487825,-0.0045360248,-0.0047754156,-0.004767173,-0.0047971816,-0.0046234843,-0.004689501,-0.0047014477,-0.0046117124,-0.004804822,-0.0046713897,-0.004797551,-0.0048010577,-0.004440881,-0.0048085577,-0.004652159,-0.0047205505,-0.004345233,-0.004792825,-0.0048017935,-0.004827535,-0.004654247,-0.004805931,-0.004437148,-0.004747533,-0.004648285,-0.004411704,-0.0047480883,-0.0047851293,-0.004814805,-0.004351875,-0.0045319907,-0.004812469,-0.004562228,-0.004765451,-0.0048126676,-0.004706722,0.0,-0.0043633888,-0.004789486,-0.0045489706,-0.0045136893,-0.0043345327,-0.0045403107,-0.004390528,-0.004791443,-0.0048311627,-0.004740284,0.9964194,-0.004674037,-0.00449897,-0.0048371395,-0.004484236,-0.004484236,-0.0046324143,-0.0047745844,-0.004501501,-0.0047911834,-0.004692438,-0.004542554,-0.004632203,-0.0043784603,-0.0043068044,-0.0046711504,-0.0044105607,-0.0044653276,-0.004381306,-0.004398659
-0.005858766,0.994871,-0.005941115,-0.0059510027,-0.005966932,0.99447495,-0.0057744347,-0.0059670405,-0.005882747,0.994846,-0.00594982,-0.0059444974,-0.0059509827,-0.0059115803,-0.005864211,-0.00591656,-0.0057692914,-0.005950671,0.9948327,-0.0057937135,-0.005950775,-0.005950564,-0.0059047607,-0.005851205,-0.0059014987,-0.0059546116,-0.005955381,-0.0058561387,-0.0059299064,-0.005887504,-0.005916226,-0.0058371536,-0.0059613963,-0.005908592,-0.00588833,-0.005906234,-0.0059105325,-0.005960683,-0.004677597,-0.0058762217,-0.0058686365,-0.0058613783,-0.0058525167,-0.005850257,-0.0059588426,-0.005955659,-0.0059522246,-0.0058862288,-0.005903212,-0.005908185,-0.0059044873,-0.005964788,-0.005906173,-0.0059595094,-0.0059615206,-0.005802931,-0.0059479657,-0.005905039,-0.0059114248,-0.0057509327,-0.005963209,-0.00595307,-0.0059456974,-0.0059154974,-0.0059563923,-0.005834647,-0.0059575494,-0.005910623,-0.0054114843,-0.0059146625,-0.0059499075,-0.005967571,-0.0057878867,-0.00584386,-0.005954639,-0.005856144,-0.0059608454,-0.005959951,-0.0059098834,0.9945754,0.0,-0.0059547923,-0.0058750575,-0.0058444943,-0.005753835,-0.0058575477,-0.005798441,-0.005965888,-0.005958825,-0.005900618,0.9948588,-0.005910093,-0.0058453083,-0.0059642154,-0.0058407653,-0.0041330126,-0.0058912653,-0.0059464215,-0.005831763,-0.0059502055,-0.0058985953,-0.0058404217,-0.0058925976,-0.0057900366,-0.005763175,-0.005914507,-0.0047835805,-0.005823011,-0.005764189,-0.0057700677
0.0011414074,0.99598676,0.0016753613,0.001671319,0.0018497615,0.99597484,0.00016154588,0.0017067876,0.0003790417,0.99606985,0.0017093051,0.0016729933,0.0016432193,0.0015265676,0.00041084483,0.0015438594,0.00014848041,0.0016846192,0.9960714,0.00019384938,0.0013831714,0.0016939752,0.0014432474,0.0011540266,0.0014621255,0.0016563459,0.0017399797,0.0011554516,0.0015605644,0.0012885126,0.0014518235,0.0010877401,0.0018527327,0.0013435374,0.0011879588,0.0013885585,0.0013407015,0.0018323201,0.0007937205,0.0011823002,0.0011378592,0.000721184,0.0011615661,0.001092754,0.0016784928,0.0016716662,0.0017559903,0.0012679071,0.0014838815,0.0014248159,0.0013200113,0.0017173449,0.0014307197,0.0017854165,0.001684565,0.00062826416,0.0016624356,0.001369756,0.0015019258,0.00022970112,0.0017101129,0.0017258525,0.0016869571,0.0013735995,0.0016679211,0.0010448301,0.0016357009,0.0013703782,0.0005049004,0.0015417573,0.0016748357,0.0017072805,0.00016647446,0.0011226429,0.001703779,0.0011456854,0.0016604214,0.0018162087,0.0014060185,0.9959891,0.00023389186,0.0,0.0012029128,0.0010765741,0.00016103439,0.0010700575,0.0005575734,0.0017182245,0.0017751005,0.001448617,0.9960252,0.0014161017,0.0010887213,0.0018819678,0.0010792945,0.0016741127,0.001242269,0.0016528269,0.0007160847,0.0017014116,0.001446611,0.0010968259,0.0012969573,0.00035826967,0.0001827743,0.0013702731,0.00072934944,0.0007358843,0.00034180057,0.0005549638
-0.0014962138,0.99446946,-0.0029514858,-0.0029813536,-0.0033025097,0.99402004,-1.4683572e-05,-0.0027448267,1.0035171e-05,0.9944176,-0.003078541,-0.002995691,-0.0026854402,-0.002495977,-3.8905073e-05,-0.0025266376,-2.1982676e-06,-0.0029396876,0.9944147,-1.7740847e-05,-0.0021530357,-0.0030613882,-0.002280971,-0.0015529571,-0.0023990325,-0.002673625,-0.0031384134,-0.001472068,-0.0025945283,-0.0018117585,-0.002411104,-0.0009884124,-0.0033151966,-0.002079355,-0.0017503006,-0.002085967,-0.0020692851,-0.0032676512,-1.6575414e-06,-0.001691227,-0.0016084604,-0.0010997739,-0.0014979091,-0.001404448,-0.0027350269,-0.0027228673,-0.003144951,-0.001861962,-0.0023951484,-0.0022502337,-0.0020104523,-0.0029531254,-0.0022697807,-0.003189121,-0.002718532,-0.0007073996,-0.0029887233,-0.0020540606,-0.0024787532,-0.00013451766,-0.0029553978,-0.0030921306,-0.0030454758,-0.0021222911,-0.0027393603,-0.00088030053,-0.0027252377,-0.0021179367,-5.3621244e-07,-0.002487275,-0.0029664526,-0.0028110964,8.770055e-07,-0.001245875,-0.0030365812,-0.0015404061,-0.0027581244,-0.0032045234,-0.002288629,0.99413013,-2.0955253e-05,-0.0027156302,0.0,-0.0012897818,-2.5181022e-05,-0.001378034,-0.00058610144,-0.0028274744,-0.0031977738,-0.0022872128,0.99444795,-0.0022573909,-0.0011822219,-0.0033365486,-0.0012279176,-2.9213641e-05,-0.0018358148,-0.002669802,-0.00090957386,-0.0030883232,-0.0023318455,-0.0012882954,-0.0019250652,-0.00040078175,-2.0938483e-05,-0.002166855,-1.961727e-05,-0.00077752926,-0.000352203,-0.00042953764
-0.0026318352,0.9947565,-0.003980003,-0.0039897123,-0.0042981724,0.99439746,-0.0006586297,-0.003840001,6.662378e-06,0.99472976,-0.004081375,-0.0040078987,-0.003763747,-0.0036698806,1.5816384e-05,-0.0036914481,-0.00064536656,-0.0039716386,0.9947221,-0.00037116514,-0.0031910245,-0.0040669776,-0.0033755118,-0.002685405,-0.003575666,-0.0037754457,-0.0041409167,-0.00269854,-0.003737891,-0.0030060513,-0.003451573,-0.0021289065,-0.004287458,-0.0032038216,-0.00290934,-0.0032431004,-0.003194445,-0.0042727804,9.333963e-06,-0.0028555868,-0.0027648557,-0.0022012189,-0.0027071147,-0.0025560898,-0.0038532794,-0.0038746714,-0.0041676997,-0.0030036108,-0.003458011,-0.0033289867,-0.003150846,-0.0039545707,-0.003347955,-0.0042097503,-0.0038696353,-0.0017532115,-0.00400009,-0.0032142473,-0.0036433476,-0.0010502745,-0.0039550904,-0.0040974943,-0.0040584924,-0.0032505193,-0.0038648727,-0.0020604653,-0.0037913409,-0.0032505034,-4.225713e-05,-0.0036747614,-0.0039723734,-0.0038917451,-0.000722499,-0.0024631422,-0.0040489566,-0.0027006113,-0.0038161962,-0.0042315284,-0.0033277364,0.9944838,-0.00030188076,-0.0038370676,-0.002829715,0.0,-0.000748754,-0.002501268,-0.0016284026,-0.00388852,-0.0042086286,-0.003380587,0.9947468,-0.0033477712,-0.0023308415,-0.0043103327,-0.002410899,-2.0659858e-05,-0.0029948126,-0.0038306462,-0.0020842927,-0.0040883278,-0.0034122653,-0.0024975576,-0.0030652063,-0.0014859894,-0.0005032624,-0.003272462,-8.977951e-06,-0.0020339047,-0.0013294932,-0.0014897918
-0.005644953,0.9949574,-0.0058231745,-0.00584601,-0.005878684,0.9945684,-0.0028175076,-0.005857059,-0.0016559417,0.99493945,-0.0058446364,-0.0058244844,-0.0058450243,-0.005782059,-0.0017941884,-0.0058045313,-0.002655765,-0.0058382177,0.9949272,-0.0025902214,-0.005808006,-0.0058403993,-0.0057785227,-0.005665926,-0.005783008,-0.005844708,-0.005846022,-0.0056883283,-0.005810137,-0.005732143,-0.005800803,-0.004716397,-0.005872425,-0.005759936,-0.0057224403,-0.005769369,-0.00576758,-0.005867259,-0.0004403048,-0.005724556,-0.005711516,-0.004876466,-0.0056638084,-0.0051916074,-0.005864881,-0.0058538886,-0.005847147,-0.005730622,-0.0057664164,-0.0057807555,-0.005758542,-0.005862246,-0.005776274,-0.0058586397,-0.0058509153,-0.0043620714,-0.005845584,-0.0057673305,-0.0057893693,-0.0037067307,-0.005852466,-0.005849712,-0.005843254,-0.005782959,-0.005848785,-0.0048070936,-0.0058456813,-0.0057751946,-0.0015144603,-0.005786973,-0.005842304,-0.005862347,-0.0032128012,-0.005201311,-0.005849553,-0.005694099,-0.0058467058,-0.005866748,-0.0057754386,0.9946805,-0.0024375296,-0.0058542485,-0.005707915,-0.0051771454,0.0,-0.0052012447,-0.0042431336,-0.0058592665,-0.0058603184,-0.005767673,0.99494916,-0.0057882355,-0.005112364,-0.0058811684,-0.0051755593,-4.744959e-05,-0.005734158,-0.0058330814,-0.0046537635,-0.005838401,-0.005767704,-0.0052172914,-0.0057461467,-0.00407352,-0.0030210817,-0.005779357,-0.00074251083,-0.0046721655,-0.003874662,-0.0039775902
-0.002504484,0.99472034,-0.003939286,-0.003944023,-0.0042168023,0.9943538,-0.0004850307,-0.0037844458,-5.7313715e-05,0.9946909,-0.004043558,-0.0039609806,-0.0037048133,-0.0035346616,-4.3359243e-05,-0.0035586632,-0.00047517844,-0.0039252867,0.9946837,-0.00024074316,-0.0030818058,-0.0040250868,-0.0033690592,-0.0025662663,-0.0034397102,-0.0037215636,-0.00410276,-0.0025639671,-0.003596161,-0.0028877005,-0.003428849,-0.0019462286,-0.004178019,-0.003071947,-0.0027662276,-0.0031254685,-0.0030734094,-0.0041870787,-2.2761678e-05,-0.0027222924,-0.002622172,-0.0020495844,-0.002589724,-0.0023821257,-0.0037534859,-0.0037471731,-0.0041227136,-0.0028616248,-0.0034502274,-0.003331265,-0.0030279835,-0.0038961314,-0.0033576973,-0.004133354,-0.003758651,-0.0016706793,-0.003948552,-0.0030854547,-0.0035124272,-0.00097601576,-0.0039043997,-0.004055651,-0.0040095807,-0.0031333535,-0.0037529008,-0.0019135344,-0.0037394078,-0.003127728,-1.8669962e-05,-0.0035423911,-0.003921652,-0.003838334,-0.0006090987,-0.002326186,-0.0040112645,-0.0025904109,-0.0037549504,-0.0041496446,-0.0033352296,0.9944435,-0.00017366881,-0.0037266528,-0.0026959504,-0.002287661,-0.0005535983,0.0,-0.0015570401,-0.0038408106,-0.004120885,-0.0033638787,0.9947099,-0.0033471126,-0.0021861105,-0.00420294,-0.0022704205,4.4271374e-06,-0.0028581626,-0.0037029996,-0.0018891912,-0.0040498464,-0.0034045225,-0.0023259101,-0.0029343057,-0.0013613,-0.00040244346,-0.0031481623,-1.7362798e-06,-0.0018709683,-0.0012036824,-0.0014262478
-0.00391691,0.9949591,-0.005251278,-0.0052686,-0.005540444,0.9946073,-0.002075549,-0.0050821397,-0.0011654085,0.9949383,-0.005351617,-0.005285799,-0.0050200736,-0.004840921,-0.0011253607,-0.0048638633,-0.0020921386,-0.00524867,0.994933,-0.0017409731,-0.0045158146,-0.005328071,-0.0046605915,-0.003937986,-0.0047449754,-0.0050284574,-0.005415254,-0.003930445,-0.0049033,-0.004269223,-0.0047346265,-0.0034137943,-0.0055463947,-0.004476896,-0.0041833506,-0.004504644,-0.0044661374,-0.0055385367,-0.00023110598,-0.004125769,-0.0040313634,-0.0035504182,-0.003961082,-0.0038104057,-0.0050478647,-0.005049634,-0.005430376,-0.0042701266,-0.004757457,-0.0046439976,-0.004422632,-0.005240186,-0.0046602003,-0.0054564956,-0.0050667813,-0.0030993607,-0.005261661,-0.004485228,-0.0048188977,-0.002398406,-0.0052402914,-0.0053598005,-0.0053267507,-0.004517474,-0.005050519,-0.0033565653,-0.005045435,-0.0045236754,-0.0008355894,-0.0048504206,-0.0052661058,-0.0051327017,-0.0020665324,-0.00369571,-0.005317337,-0.003970131,-0.005056593,-0.005496671,-0.004627431,0.9946977,-0.0015669652,-0.0050335983,-0.0040895077,-0.0037137389,-0.0021812534,-0.0037984792,0.0,-0.005139297,-0.0054696146,-0.00467021,0.99495184,-0.0046459762,-0.003594699,-0.0055725863,-0.0036666498,-4.3167714e-05,-0.004261818,-0.0050157015,-0.0033489303,-0.005362762,-0.004704754,-0.0037427838,-0.004338181,-0.002847811,-0.0017436153,-0.0045482195,-0.00031369142,-0.0032938018,-0.0027009193,-0.0028117867
0.0014220126,0.9963725,0.0023966054,0.0023982194,0.0025953236,0.9963247,0.0007334277,0.0024056395,0.0009654237,0.99643624,0.0024467923,0.0024064665,0.0023333505,0.002207763,0.0009879201,0.0022253238,0.000715889,0.002416939,0.9964342,0.0007688447,0.0020673533,0.002433192,0.0021166932,0.0017737815,0.0021335436,0.0023510426,0.002480088,0.0014651858,0.0022493151,0.0019662622,0.0021261089,0.0011733532,0.0026010962,0.0020133823,0.0015903019,0.002042146,0.0020040441,0.0025723292,0.0014049326,0.0015086657,0.0014822779,0.0011457676,0.00183083,0.001377768,0.0023759832,0.0023609225,0.0024824308,0.0019431725,0.0021542169,0.002091325,0.0019749377,0.00244429,0.0020854531,0.002526428,0.0023789548,0.0010292511,0.002395402,0.0020277805,0.0021838376,0.0007891605,0.0024206114,0.0024679732,0.0024268979,0.0020444056,0.0023694201,0.0011068763,0.0023330925,0.0020297237,0.0011035627,0.0022315136,0.0023979468,0.0024122295,0.0007275039,0.0013815657,0.002444707,0.0014438732,0.0023596615,0.0025590619,0.00206312,0.9961352,0.00081531773,0.0023516533,0.0017301869,0.0012335718,0.0007247031,0.001273984,0.0009901861,0.0,0.002519919,0.0021259873,0.9963975,0.0020841968,0.0012741521,0.0026375547,0.0013107725,0.0022969379,0.0018834601,0.0023445992,0.0011143122,0.0024326816,0.0021064603,0.0013897928,0.0019684567,0.0008979497,0.00075398025,0.002027213,0.0013326963,0.0011186199,0.00082682667,0.0009131637
0.0034890757,0.99813694,0.004016855,0.0040172576,0.0041144667,0.99859613,0.0031026946,0.0039915564,0.0032780191,0.99802154,0.0040471274,0.004032181,0.0039468654,0.0038454505,0.0032802697,0.0038573518,0.0030855343,0.0040210253,0.9980057,0.0031222154,0.0037327094,0.0040430957,0.003765697,0.0035079967,0.0037840826,0.0039551193,0.004071919,0.0034934864,0.0038786018,0.0036343026,0.0037833822,0.0033582982,0.00412255,0.0037091451,0.0035636204,0.0037276098,0.0036952023,0.004109356,0.0036589925,0.0035416363,0.0035162878,0.003389773,0.0035116712,0.0034440972,0.003969835,0.003961417,0.004074098,0.003635712,0.0038051708,0.0037602363,0.0036799714,0.0040385094,0.0037614573,0.004090024,0.0039692875,0.0032878777,0.0040182387,0.0037108592,0.0038286087,0.0031248224,0.0040320186,0.004061082,0.004043719,0.0037286275,0.0039688395,0.0033332896,0.0039530382,0.0037299914,0.003395327,0.0038541974,0.0040204423,0.004001139,0.003081761,0.0034324285,0.004045527,0.0034961933,0.003965046,0.004101952,0.0037540637,0.9983497,0.0031517018,0.0039542033,0.0035519486,0.0034234603,0.00308341,0.0034301488,0.003234047,0.004010067,0.0,0.0037693337,0.9980436,0.0037609164,0.0033977123,0.0041304287,0.0034170465,0.0043686307,0.0036045285,0.0039508455,0.003327503,0.0040511214,0.003776434,0.0034234817,0.0036601163,0.0032022765,0.0031092248,0.0037185294,0.003578707,0.003342228,0.0031537453,0.0031955708
-1.8821811e-05,0.9948782,-0.00010530257,-0.00012292564,-0.00014627146,0.99554235,-3.085797e-05,-8.9878406e-05,-3.4225618e-06,0.994996,-0.00013655759,-0.0001055111,-0.00010863998,-7.671765e-05,2.03249e-06,-7.69348e-05,-2.6412647e-06,-0.00012541946,0.995007,-2.9380928e-05,-4.860798e-05,-0.00013676262,-5.7254565e-05,-2.9337854e-05,-8.624825e-05,-9.969888e-05,-0.0001317062,-4.667806e-05,-8.800451e-05,-3.0524185e-05,-9.206519e-05,-1.1111117e-05,-0.00015734982,-4.900979e-05,-2.4888963e-05,-4.1930853e-05,-4.526359e-05,-0.00015712527,-2.3242492e-06,-2.5653673e-05,-2.4776375e-05,-3.3916436e-05,-2.2846254e-05,-4.0393665e-05,-0.00011018494,-9.885348e-05,-0.00013148351,-4.5070035e-05,-8.7270295e-05,-5.9238246e-05,-3.8502047e-05,-0.00012089137,-5.509466e-05,-0.00014112446,-8.912108e-05,-3.4040087e-05,-0.00011108499,-4.5474175e-05,-8.7210436e-05,-2.2006698e-05,-0.00010809668,-0.00012642537,-0.00013110109,-5.0049508e-05,-9.118986e-05,-2.424063e-05,-0.0001049583,-4.324885e-05,-2.449249e-06,-9.236132e-05,-0.0001099937,-9.8589626e-05,-1.7992146e-05,-3.1272444e-05,-0.00011217967,-4.5173856e-05,-0.00010440533,-0.00015404755,-7.0415255e-05,0.9953944,-1.3436195e-05,-0.0001112069,-3.5456476e-05,-2.1941025e-05,-1.7399263e-05,-1.8155064e-05,-1.2104059e-05,-9.907266e-05,-0.00015240048,0.0,0.9949394,-6.450179e-05,-2.9925264e-05,-0.00015903884,-4.108041e-05,-1.4605583e-05,-4.7002184e-05,-9.096554e-05,-1.5856136e-05,-0.00012334684,-6.834186e-05,-4.4775985e-05,-3.6974205e-05,-1.0992275e-05,-7.070469e-06,-5.443413e-05,-1.7126697e-05,-9.303089e-06,-2.7678554e-05,-1.6935683e-05
-0.0037804886,0.9970109,-0.0039697927,-0.0039819,-0.0039971494,0.9968189,-0.0036719448,-0.0039607286,-0.003777599,0.99705523,-0.0039937133,-0.0039713415,-0.003950237,-0.003935452,-0.0037266088,-0.0039201025,-0.0036944104,-0.0039568245,0.99706775,-0.00366434,-0.0038994313,-0.0039742766,-0.0038961845,-0.003800626,-0.0038963072,-0.003961453,-0.004006497,-0.0037741556,-0.0039387606,-0.0038481299,-0.0039013186,-0.0037467221,-0.004006045,-0.003864145,-0.0038479907,-0.0038795157,-0.0038495196,-0.0040049027,-0.0038559856,-0.0038528966,-0.0038223807,-0.0037810395,-0.0037929907,-0.0037917546,-0.0039602937,-0.003957763,-0.0039809127,-0.0038492142,-0.0038969037,-0.0039011245,-0.0038355042,-0.0039696805,-0.003883994,-0.0039721397,-0.0039689024,-0.0037385747,-0.0039733606,-0.0038672558,-0.0039239926,-0.0036599222,-0.0039783944,-0.0039754263,-0.0039842636,-0.003870613,-0.003981132,-0.0037202244,-0.003944527,-0.0038689729,-0.003784409,-0.003929359,-0.003958619,-0.0039758966,-0.0036766655,-0.00377964,-0.003979792,-0.0038044192,-0.003945055,-0.003987865,-0.0039098477,0.99689394,-0.0037045071,-0.003960037,-0.003796503,-0.003777331,-0.0036584456,-0.0037967174,-0.0036870916,-0.0039729523,-0.0039914697,-0.0039227568,0.0,-0.0038859283,-0.0037621746,-0.00401002,-0.0037518735,-0.003972869,-0.0038484074,-0.0039644833,-0.0037708206,-0.0039674686,-0.0039026337,-0.0037853972,-0.0038539066,-0.0036809442,-0.0036473093,-0.003877008,-0.003811537,-0.0037419242,-0.0036860928,-0.003694111
-0.00012295872,0.99463284,-0.00040866036,-0.00043139394,-0.00053110835,0.99530524,-6.231829e-06,-0.00037095963,-2.078213e-05,0.9947798,-0.0004680445,-0.0004298052,-0.00035569104,-0.0003094971,1.5869603e-06,-0.00031668897,-3.9185208e-05,-0.00042883673,0.99477875,-2.1041398e-05,-0.00022120324,-0.0004640629,-0.00026134585,-0.0001292805,-0.00031248774,-0.00035233822,-0.00047299048,-0.00013730871,-0.00033892924,-0.00018539211,-0.00030370615,-4.0600968e-05,-0.0005381324,-0.0002058423,-0.00015379497,-0.00023037127,-0.00020532633,-0.00051157933,-2.4013307e-05,-0.00016603593,-0.00014821273,-7.355944e-05,-0.00013699658,-0.000116588446,-0.0003671893,-0.00036155788,-0.00046890648,-0.0001837552,-0.00028995622,-0.00025210154,-0.0002098382,-0.0004214953,-0.00027405593,-0.0005034104,-0.00035966354,-3.1665724e-05,-0.0004438,-0.00020391685,-0.00031079652,-2.304014e-05,-0.00042044706,-0.0004642241,-0.00045075853,-0.00023435307,-0.00037147282,-3.8313785e-05,-0.0003644542,-0.00020998268,-2.6498847e-05,-0.0003051914,-0.0004241941,-0.00038391486,-2.227045e-05,-8.5641426e-05,-0.00043469315,-0.00013441787,-0.0003668341,-0.00049409334,-0.00026424625,0.9951807,-4.1195617e-06,-0.00036244336,-0.00015354624,-8.085733e-05,-2.689763e-05,-0.000115701114,-1.3738289e-05,-0.00038214467,-0.0005157315,-0.00028257212,0.99472123,0.0,-6.905676e-05,-0.00054311875,-9.255031e-05,-4.5384554e-06,-0.00018967943,-0.00034494817,-4.5182474e-05,-0.00046828992,-0.00027399193,-0.00010035148,-0.00020156428,-1.6271311e-05,-2.045773e-05,-0.00022836939,-1.2315259e-05,-3.0613326e-05,-9.458761e-06,-3.1496824e-05
-0.0029179335,0.9948064,-0.004191233,-0.0042015337,-0.0044578672,0.99445754,-0.0010985589,-0.004037886,-0.00038566528,0.9947787,-0.004285283,-0.00421809,-0.0039692605,-0.0037980103,-0.00033281,-0.0038330334,-0.0011084832,-0.004187513,0.9947747,-0.0008493125,-0.0034801725,-0.0042638676,-0.0036884034,-0.0029683146,-0.0037233233,-0.003981194,-0.004339332,-0.002980491,-0.0038662732,-0.0033277685,-0.0037161305,-0.0024341764,-0.004425848,-0.00350969,-0.0031581614,-0.0035493928,-0.003481427,-0.00439694,-2.6744348e-05,-0.0031469488,-0.0030135498,-0.0025093618,-0.0029977572,-0.0028364076,-0.0039966465,-0.00398996,-0.0043580816,-0.0033268107,-0.0037358056,-0.0036299978,-0.0034647926,-0.0041787177,-0.0036821049,-0.004396875,-0.004017531,-0.0021474787,-0.004207681,-0.003530154,-0.0037803655,-0.001411972,-0.004179961,-0.004293314,-0.004251323,-0.003553196,-0.004006515,-0.002380623,-0.003994212,-0.0035594956,-0.00017843462,-0.0038066974,-0.004190216,-0.004079447,-0.0011345604,-0.0027549735,-0.0042645554,-0.0030047463,-0.0040103723,-0.0044097533,-0.0036488285,0.99454343,-0.0006814426,-0.0039858837,-0.0031227241,-0.0026849073,-0.0012090867,-0.0027595812,-0.001983763,-0.0040859524,-0.0043861973,-0.0036556632,0.9947961,-0.0036651788,0.0,-0.0045212596,-0.0026928296,1.4403191e-05,-0.0032789658,-0.003968236,-0.002361237,-0.0042918553,-0.00371838,-0.0027837032,-0.0033859725,-0.0018694346,-0.00093333685,-0.0035859102,7.7946615e-06,-0.0023307772,-0.0017211918,-0.0018810059
0.0042719324,0.99966025,0.00467464,0.00467802,0.00474152,0.9998496,0.003958397,0.0046613095,0.004107271,0.99939483,0.0047039865,0.004691906,0.004631348,0.0045468523,0.0041033886,0.0045542642,0.0039487295,0.0046812464,0.9993336,0.003972024,0.0044634384,0.004698602,0.0044822185,0.0042805816,0.004494602,0.0046337917,0.004721437,0.00426353,0.0045689475,0.0043856394,0.004495013,0.004156118,0.00474951,0.0044462685,0.0043250206,0.004458893,0.0044387407,0.004741832,0.0044404026,0.0043119797,0.0042918352,0.0041744513,0.0042804796,0.004225036,0.004646695,0.0046423213,0.0047219805,0.004392707,0.0045133014,0.0044805314,0.004425007,0.0046994877,0.004481843,0.0047281627,0.0046439185,0.0041009183,0.004679022,0.00444512,0.0045282356,0.0039704894,0.0046921186,0.004715277,0.004700839,0.0044653025,0.004642186,0.004132046,0.004636424,0.004462906,0.004207219,0.004545232,0.0046828873,0.0046719536,0.00394032,0.004211657,0.0047025024,0.0042708013,0.0046382407,0.0047382433,0.0044789733,0.99958694,0.0039931815,0.0046314537,0.004318251,0.0042082607,0.003939044,0.0042157383,0.004052885,0.0046765143,0.0047275214,0.0044834316,0.99945986,0.004486963,0.004190146,0.0,0.0042027514,0.0050604087,0.004360442,0.00463425,0.0041178544,0.004703138,0.0044940133,0.0042063827,0.0044045113,0.004027039,0.0039626514,0.004453331,0.0043691504,0.004134518,0.003989916,0.004020533
-0.0027180573,0.9947669,-0.0040782294,-0.004093771,-0.004319485,0.99440956,-0.0008139313,-0.0039316174,-3.8163413e-05,0.9947374,-0.004173572,-0.004103527,-0.0037686462,-0.0036033278,-5.809757e-05,-0.0036269168,-0.0007596268,-0.004078277,0.99473125,-0.0004683673,-0.0032896646,-0.004156614,-0.0034418711,-0.0027532692,-0.0035176107,-0.0037845082,-0.0042397995,-0.0027694143,-0.0036742259,-0.003079949,-0.0035170203,-0.0021733043,-0.004330316,-0.0032598942,-0.0029663285,-0.0033221173,-0.0032531973,-0.00429436,1.3047798e-05,-0.002916769,-0.0028380293,-0.002253238,-0.0027879344,-0.0026472162,-0.0038932129,-0.0038908976,-0.004260547,-0.003065314,-0.0035234364,-0.0034166398,-0.0032043844,-0.0040639522,-0.003429818,-0.0043031718,-0.0039086384,-0.0018600139,-0.004100695,-0.0032624186,-0.0035787537,-0.0010937487,-0.00408333,-0.004185473,-0.0041400697,-0.0033009506,-0.003907193,-0.0020964139,-0.003802907,-0.0033027402,-5.590563e-05,-0.0036082175,-0.004086887,-0.004003239,-0.0008324617,-0.002553388,-0.004144236,-0.0027601977,-0.0038404812,-0.0043196552,-0.0034154863,0.9944926,-0.0003942886,-0.0038815662,-0.0029038284,-0.0024786382,-0.0008786742,-0.0025612887,-0.0017095151,-0.0040038098,-0.0043015145,-0.003441126,0.9947544,-0.0034172675,-0.002330376,-0.0043550995,0.0,-6.9129233e-06,-0.0030494067,-0.0038538391,-0.0020964434,-0.004180207,-0.003476884,-0.002573251,-0.003122407,-0.0015500815,-0.0005752078,-0.0033309397,-5.044312e-06,-0.0020257367,-0.001440581,-0.0015642544
-0.007028096,0.9940893,-0.0069366554,-0.0069430103,-0.006886304,0.9935899,-0.0071746856,-0.00697073,-0.007317281,0.99402416,-0.006932942,-0.0069432156,-0.0069713113,-0.0069634784,-0.0072834576,-0.006960043,-0.00719013,-0.0069410205,0.9940027,-0.007225303,-0.007037028,-0.006931878,-0.0069760727,-0.0070107286,-0.006958188,-0.006971965,-0.0069261678,-0.007012846,-0.006964304,-0.0070124795,-0.006969989,-0.0070604575,-0.006886658,-0.0070148543,-0.0070241834,-0.006999367,-0.007008824,-0.0068914653,-0.007581536,-0.007020125,-0.0070246696,-0.0070685945,-0.0070187612,-0.0070320843,-0.006962745,-0.006964816,-0.0069159074,-0.007013895,-0.006966544,-0.0069900085,-0.0070101297,-0.00695953,-0.006982825,-0.0069078957,-0.0069726896,-0.0070665227,-0.006939331,-0.0070034117,-0.0069611426,-0.007114982,-0.006955366,-0.0069275135,-0.0069323825,-0.007005979,-0.0069679962,-0.007066805,-0.006975461,-0.0070068315,-0.0073910193,-0.006964394,-0.0069453726,-0.0069727055,-0.00716151,-0.007029856,-0.006939802,-0.007014708,-0.006968465,-0.00690419,-0.0069900863,0.99369764,-0.0072200224,-0.006965349,-0.0070152977,-0.0070355437,-0.0071680928,-0.007040979,-0.007075307,-0.006965352,-0.0069086794,-0.006977121,0.994051,-0.0069892094,-0.007039012,-0.006880281,-0.007034975,0.0,-0.007015729,-0.006969397,-0.007055431,-0.0069282516,-0.006971508,-0.007026704,-0.007008114,-0.00708818,-0.0071853306,-0.0070017325,-0.007514438,-0.007048687,-0.00709163,-0.007077653
-0.001166643,0.9942961,-0.0024635731,-0.002468562,-0.002791538,0.99422795,-1.9660962e-05,-0.0022759172,-2.3362825e-05,0.9942312,-0.002572645,-0.0024916714,-0.0022050242,-0.0020511355,-2.9164091e-06,-0.0020625212,-2.2528175e-05,-0.0024509632,0.9942236,-1.4947465e-06,-0.0016865534,-0.0025529696,-0.001868291,-0.0012232121,-0.0019626142,-0.0022127682,-0.0026353416,-0.0012122585,-0.0021060614,-0.0014785104,-0.0019555832,-0.0007628568,-0.0028108081,-0.00169073,-0.0014058433,-0.0017188806,-0.0016907156,-0.0027657028,6.6758257e-06,-0.0013587843,-0.0012674895,-0.0008431253,-0.0012202332,-0.0011184687,-0.0022416029,-0.002231839,-0.002657972,-0.0015002636,-0.0019639763,-0.001840045,-0.0016313072,-0.0024277116,-0.0018512617,-0.0027007975,-0.0022430336,-0.0005333322,-0.002480343,-0.001693292,-0.0020262168,-9.5202755e-05,-0.0024445148,-0.0025884751,-0.00254127,-0.0017391574,-0.0022549236,-0.000713665,-0.00223368,-0.0017411563,-3.4590046e-06,-0.0020467993,-0.0024549342,-0.00232329,-5.9308873e-05,-0.0010009506,-0.0025362873,-0.0012380737,-0.0022641423,-0.002714187,-0.0018429463,0.9943187,-1.6200633e-05,-0.002230158,-0.0013262465,-0.0010096799,-5.7236142e-05,-0.0010793838,-0.00046430682,-0.0023310957,-0.002697291,-0.0018722861,0.994267,-0.0018452296,-0.00090576254,-0.0028354654,-0.0009705755,-4.7090207e-06,0.0,-0.0021953706,-0.0007200977,-0.002579787,-0.0019104442,-0.0010519769,-0.0015579606,-0.000361783,-3.531438e-05,-0.0017687235,-2.0941858e-05,-0.0006610474,-0.00027151057,-0.00035529648
0.0009093713,0.995865,0.0014050053,0.0014030349,0.0015683115,0.9958699,-1.1544828e-05,0.0014469946,0.00017283316,0.99595416,0.0014355858,0.0014045592,0.0013864745,0.0012774693,0.0002021945,0.0012941022,7.584003e-06,0.001414892,0.9959511,-8.339352e-06,0.0011400804,0.0014175621,0.001198351,0.00092354347,0.0012134996,0.001404327,0.0014604162,0.00092492293,0.0013114971,0.001055619,0.0012063396,0.000847586,0.0015664332,0.0011022664,0.000962433,0.0011482284,0.0011050539,0.0015475025,0.00057219213,0.0009553615,0.00091464334,0.00054929673,0.0009301114,0.0008705086,0.0014133028,0.0014126699,0.001476496,0.0010261079,0.0012409964,0.0011811645,0.0010813662,0.0014500937,0.0011875815,0.001506597,0.0014310447,0.00044856168,0.0013965805,0.0011295321,0.0012543409,4.770697e-05,0.0014463178,0.0014527775,0.0014132839,0.0011309606,0.0014106925,0.00083009683,0.0013786927,0.001128956,0.0002994768,0.001291615,0.0014053156,0.0014455842,1.4545618e-06,0.00089159264,0.0014314164,0.0009184241,0.0014012728,0.0015376542,0.0011588368,0.9963848,2.4657105e-05,0.0014033607,0.0009806943,0.0008590511,1.3616755e-06,0.0008484239,0.00037033396,0.0014574602,0.0014949156,0.0012066643,0.99591374,0.0011739845,0.0008579286,0.0015967614,0.00085292547,0.0014301435,0.001008729,0.0,0.0008517922,0.0014274183,0.0012021854,0.0008734177,0.0010584438,0.00021560238,5.5844735e-06,0.0011324849,0.00051204604,0.0008908593,0.00027166965,0.0005404303
-0.003436387,0.9948768,-0.004599164,-0.0046205856,-0.0048861937,0.9945353,-0.0017489902,-0.0044417796,-0.0010198468,0.9948526,-0.004700578,-0.0046190536,-0.004385401,-0.0042293235,-0.0010037504,-0.0042514284,-0.0017335976,-0.0045979316,0.9948479,-0.0015754304,-0.003991731,-0.0046844925,-0.0040724957,-0.0034471294,-0.00415074,-0.0043966803,-0.0047586355,-0.0034349288,-0.0042758295,-0.0037312116,-0.0040996256,-0.0029261345,-0.0049044928,-0.0039111767,-0.0036601236,-0.0039384123,-0.0038983491,-0.004877706,-0.00022830442,-0.0036170827,-0.0035454023,-0.0030753359,-0.0034558987,-0.003281109,-0.0044285287,-0.004417486,-0.004770591,-0.0037309702,-0.004138962,-0.0040471223,-0.0038646723,-0.004576375,-0.004061731,-0.004808756,-0.004426028,-0.0027263158,-0.004613546,-0.0039075743,-0.0042051487,-0.0022763703,-0.004595127,-0.0047087376,-0.004659889,-0.0039572674,-0.0044195405,-0.0029560535,-0.0044037136,-0.0039562355,-0.0007788329,-0.0042247437,-0.0046014073,-0.0044898493,-0.0019093056,-0.0032662465,-0.004666006,-0.003496548,-0.0044246917,-0.0048306184,-0.0040339776,0.9946243,-0.001439486,-0.00440007,-0.0035629633,-0.0032606733,-0.0018314382,-0.003294204,-0.0026243501,-0.0045030545,-0.0047979206,-0.0040782634,0.9948679,-0.004055722,-0.0031666395,-0.004927994,-0.003232794,1.2828472e-05,-0.0037243953,-0.004380457,0.0,-0.004709004,-0.0041006138,-0.0032350402,-0.0037905804,-0.002539943,-0.0016509998,-0.003974304,-0.00030330478,-0.0028596148,-0.0024194436,-0.0024398891
0.0027759522,0.9971919,0.003376051,0.0033761545,0.003502526,0.9977701,0.0023356471,0.0033485107,0.0025424773,0.99716383,0.003418111,0.0033901364,0.0032951536,0.003182156,0.002548012,0.003197429,0.0023261916,0.0033817657,0.9971514,0.0023683324,0.0030422928,0.0034073133,0.0030907583,0.0027904185,0.0031130237,0.0033098906,0.0034434213,0.0027851353,0.0032199873,0.0029376647,0.0031085967,0.00264194,0.0035139227,0.003014718,0.002854825,0.003037327,0.0030040324,0.003497582,0.0029465093,0.0028352789,0.0028000807,0.0026736825,0.0027965705,0.0027254275,0.0033242693,0.0033143968,0.0034445797,0.0029374966,0.0031337251,0.0030779687,0.002983074,0.0034053172,0.0030766253,0.003464952,0.0033255583,0.0025581527,0.0033755605,0.0030223066,0.0031610588,0.0023734313,0.003391501,0.0034294396,0.0034080744,0.0030395074,0.003321925,0.002616989,0.0033011695,0.003035725,0.0026660913,0.0031946825,0.003377942,0.003360507,0.0023210116,0.00272046,0.0034129932,0.0027855823,0.0033182495,0.0034872475,0.0030671493,0.9975267,0.0023986928,0.0033061504,0.0028486988,0.0027043964,0.002321332,0.0027062977,0.0025023122,0.0033686562,0.003468521,0.0030949062,0.9971532,0.0030769769,0.0026797892,0.003528797,0.0026952242,0.003718326,0.0029038554,0.003300608,0.0026074222,0.0,0.003099726,0.0027105843,0.0029614712,0.0024672588,0.0023478474,0.0030321258,0.0028665261,0.002626567,0.0024065136,0.0024623168
-1.0787908e-05,0.9950088,-2.1447575e-05,-3.670465e-05,-5.470304e-05,0.9956681,-1.07371825e-05,-3.6577276e-05,6.014487e-06,0.995124,-3.20604e-05,-4.5541772e-05,-3.1170337e-05,-2.4234125e-05,-1.0601133e-05,-2.1309537e-05,-7.793086e-06,-3.812389e-05,0.995135,-1.5535754e-05,-3.0873347e-05,-3.5888264e-05,-2.942107e-05,-2.9947292e-05,-1.6208945e-05,-1.8091749e-05,-4.28524e-05,-1.6189508e-05,-2.7723921e-05,-2.6983615e-05,-2.9262848e-05,-2.120005e-05,-3.7304457e-05,-1.5906975e-05,-3.0473648e-05,-3.720894e-05,-1.7412527e-05,-4.8485905e-05,-4.4299463e-06,-3.5138884e-05,-9.974801e-06,-2.7380596e-05,-2.1632939e-05,-2.5168418e-05,-4.617733e-05,-3.9967363e-05,-3.8796174e-05,-9.713552e-06,-3.02029e-05,-3.3651108e-05,-1.2424219e-05,-3.380245e-05,-3.049445e-05,-4.45241e-05,-3.524269e-05,-1.9255542e-05,-4.740484e-05,-1.5774793e-05,-3.461127e-05,-9.430892e-06,-2.4193272e-05,-2.512381e-05,-3.364541e-05,-9.976956e-06,-3.194315e-05,1.363003e-06,-1.9039104e-05,-3.2520828e-05,6.4007686e-06,-4.1400515e-05,-2.5638248e-05,-3.0584295e-05,-1.4023121e-05,-8.030741e-06,-4.4016357e-05,-3.1551903e-05,-4.1792384e-05,-5.3183216e-05,-1.7442106e-05,0.99552983,-1.6421114e-05,-2.452696e-05,-1.8620447e-05,-6.6243524e-06,-2.169332e-05,-3.2434753e-05,-8.039977e-06,-2.6684509e-05,-2.571196e-05,-2.5611189e-05,0.9950689,-3.8842933e-05,-1.7099741e-05,-2.754841e-05,-2.3044611e-05,6.287607e-06,-1.2270124e-05,-4.460666e-05,-4.3159275e-06,-4.0675182e-05,0.0,-3.0633955e-06,-2.2160577e-05,-1.1701067e-05,-2.6015277e-05,-3.9322287e-05,-2.5443876e-06,-2.5342431e-05,-6.928938e-06,7.370311e-07
-0.002471564,0.9947367,-0.0039203004,-0.0039004167,-0.0042442083,0.9943805,-0.00044675462,-0.0037194856,-1.3411713e-05,0.99470896,-0.0039916183,-0.0039137155,-0.003655601,-0.0035337906,-4.5508405e-05,-0.0035475094,-0.0004494261,-0.0038791355,0.9947029,-0.00021870341,-0.003124899,-0.0039780666,-0.0033662873,-0.0024721564,-0.0034535415,-0.00366796,-0.004087765,-0.002445292,-0.0035990453,-0.0029329876,-0.0034549988,-0.0018905917,-0.0042046434,-0.0031775753,-0.0027373387,-0.003175459,-0.0031565542,-0.004219149,4.569748e-06,-0.0026747482,-0.0025926533,-0.0020372064,-0.002502931,-0.00231679,-0.0037170032,-0.003708471,-0.004102435,-0.0029562607,-0.0034564624,-0.0033364906,-0.003118864,-0.0039008635,-0.0033534202,-0.0041480414,-0.0037098252,-0.0016204463,-0.003909295,-0.003151299,-0.0034748008,-0.0009143183,-0.003867442,-0.004000329,-0.0039615976,-0.0032174191,-0.003705433,-0.0018584017,-0.0037078443,-0.0032283915,-2.6267551e-05,-0.003539259,-0.0038871716,-0.0037861294,-0.0005494163,-0.0022603306,-0.003949414,-0.0025367604,-0.003714105,-0.004166353,-0.003350504,0.9944622,-6.207193e-05,-0.003689381,-0.0025977883,-0.002250149,-0.00057850115,-0.0023192836,-0.0014916016,-0.0037929732,-0.004154661,-0.003359718,0.99472535,-0.0033333811,-0.0021551517,-0.0042328285,-0.0022266298,-1.8202321e-05,-0.0028179677,-0.003653141,-0.0018255407,-0.004016207,-0.0034185273,0.0,-0.0030355721,-0.0013702724,-0.00023820798,-0.0032461481,1.3210455e-06,-0.001753917,-0.0012275985,-0.0012686667
-0.00091410516,0.99416345,-0.0020693066,-0.0020774268,-0.0023849842,0.9943984,-2.0043206e-05,-0.0018715082,-1.556468e-05,0.9940876,-0.0021821565,-0.0021009205,-0.0018136286,-0.001673105,6.66325e-06,-0.0016864476,-4.4990225e-05,-0.0020481285,0.9940818,1.8466955e-06,-0.0013425028,-0.002155715,-0.001506391,-0.0009202622,-0.0015969056,-0.0018252549,-0.0022334235,-0.0009263214,-0.0017244192,-0.0011665642,-0.0015742833,-0.00056084915,-0.0023887274,-0.0013279342,-0.0011004038,-0.0013781069,-0.0013290852,-0.0023579823,-5.918258e-06,-0.0010713045,-0.0009886556,-0.0006147294,-0.0009373639,-0.0008380104,-0.0018466029,-0.0018414825,-0.002257692,-0.0011641,-0.0015812999,-0.0014744024,-0.001295896,-0.0020264236,-0.0014905451,-0.0023019137,-0.0018549962,-0.0003778099,-0.0020836806,-0.0013480808,-0.0016387032,-3.3236025e-05,-0.0020463525,-0.0021908327,-0.0021461118,-0.0013765569,-0.0018510793,-0.0005387234,-0.0018317094,-0.0013724434,-3.2560292e-05,-0.0016661115,-0.0020489558,-0.0019183083,-3.684444e-05,-0.00077276665,-0.002146122,-0.0009469444,-0.0018524325,-0.0023146868,-0.0014677284,0.9943349,-4.1283824e-05,-0.0018367138,-0.0010225862,-0.00076754234,1.6279666e-06,-0.0008180995,-0.0003371925,-0.0019223897,-0.0022945607,-0.0015126743,0.99412704,-0.0014950453,-0.0006790415,-0.0024152538,-0.0007407343,2.343653e-06,-0.0011660025,-0.0018095471,-0.00052826136,-0.0021819756,-0.0015458347,-0.0007961405,0.0,-0.00024726192,-3.309996e-05,-0.001403779,-1.9156398e-05,-0.0004925624,-0.00017600066,-0.00023650886
-0.00399315,0.99496156,-0.0054221596,-0.005419735,-0.005675227,0.99460167,-0.0020076055,-0.0052448525,-0.0010309309,0.9949428,-0.005519679,-0.0054544774,-0.0051736217,-0.004988959,-0.000806857,-0.0050190194,-0.0020174687,-0.0053956583,0.9949336,-0.0014766956,-0.004657054,-0.0054934374,-0.0047919974,-0.0040479135,-0.004902771,-0.0051722834,-0.005566713,-0.004013979,-0.005058568,-0.00436032,-0.004878639,-0.0034727335,-0.0056635546,-0.0046106353,-0.004284423,-0.004640611,-0.004582284,-0.0056564435,1.7661876e-05,-0.004226901,-0.0041397777,-0.0035647936,-0.0040507773,-0.0038916073,-0.0052159987,-0.005209233,-0.0055779666,-0.0043985015,-0.0048903534,-0.0047881575,-0.0045419987,-0.005396701,-0.0047981944,-0.005598107,-0.005228258,-0.003120119,-0.00542105,-0.004617397,-0.0049530044,-0.0023066814,-0.005409135,-0.005522765,-0.005468759,-0.0046553,-0.0052236263,-0.0034003658,-0.005192416,-0.0046426016,-0.00026781645,-0.0049977796,-0.0054237586,-0.005293006,-0.002022638,-0.0037833243,-0.0054570446,-0.004022377,-0.005235415,-0.0056275376,-0.004769389,0.9946894,-0.0014026951,-0.005184784,-0.004141598,-0.0037868565,-0.002081862,-0.0038891935,-0.0029936337,-0.005290114,-0.005612853,-0.0048067668,0.994955,-0.0047922935,-0.0036782494,-0.0056819543,-0.003726795,1.9536355e-05,-0.0043755095,-0.005167925,-0.0034083081,-0.0055200937,-0.004854122,-0.0038411445,-0.004444568,0.0,-0.0015860928,-0.0046897917,1.9558143e-05,-0.0033221345,-0.0026346135,-0.002730496
-0.005714201,0.99492687,-0.0058428077,-0.0058471058,-0.0058826334,0.994551,-0.005614113,-0.0058730445,-0.004266352,0.9949053,-0.0058565247,-0.0058449586,-0.0058452105,-0.005803498,-0.0042712316,-0.0058033303,-0.0056160837,-0.00584871,0.9948948,-0.0055814516,-0.0058497293,-0.0058535044,-0.0057883975,-0.005718142,-0.005788766,-0.0058489987,-0.0058583766,-0.0057025943,-0.0058228844,-0.005752715,-0.0058093304,-0.0056909192,-0.005874391,-0.0057851044,-0.005752038,-0.005775792,-0.005789633,-0.0058752885,-0.0035682095,-0.00573588,-0.005725681,-0.005723227,-0.0056928555,-0.0057041333,-0.005853877,-0.005853788,-0.0058581415,-0.0057485844,-0.0057909084,-0.005787241,-0.0057784496,-0.005866179,-0.0057867547,-0.0058708657,-0.005854482,-0.005623466,-0.0058515095,-0.005781707,-0.0057968316,-0.005513763,-0.005862648,-0.0058574616,-0.0058434545,-0.005785377,-0.005852454,-0.005651741,-0.0058568646,-0.0057853325,-0.004099037,-0.005799863,-0.005849429,-0.0058679376,-0.005587335,-0.0056718737,-0.0058561782,-0.005707704,-0.005869212,-0.005869683,-0.0057945135,0.9946336,-0.0055297464,-0.0058456473,-0.005733202,-0.005687591,-0.0056126975,-0.0057145227,-0.0056027407,-0.0058649345,-0.0058657173,-0.005787321,0.994917,-0.005785003,-0.0056896782,-0.005878744,-0.0056847413,-0.0024593691,-0.005765205,-0.005838393,-0.0056721875,-0.0058539836,-0.00578073,-0.0056811934,-0.0057675424,-0.005593209,0.0,-0.0058042896,-0.0035863705,-0.005639636,-0.0055443486,-0.005571681
-0.000308943,0.9943356,-0.0008993683,-0.0009090085,-0.0010937863,0.99501896,-2.2882534e-05,-0.000802858,-2.551791e-05,0.9944877,-0.0009721394,-0.00090367877,-0.0007685451,-0.0007012496,-2.4397958e-05,-0.00071219343,-1.5374364e-05,-0.0009002642,0.9944901,-1.6596521e-05,-0.0005141047,-0.0009651825,-0.00060761994,-0.00032041667,-0.0006669791,-0.00077232654,-0.0009985459,-0.0003085469,-0.00072423334,-0.00041666903,-0.00066083454,-0.0001407139,-0.0011082285,-0.00050148286,-0.00038232384,-0.00053368014,-0.00050511153,-0.0010707584,-2.514952e-06,-0.00038598944,-0.00035081498,-0.00018226281,-0.00031477425,-0.00027950926,-0.0007940873,-0.00078545825,-0.0010159138,-0.00044140485,-0.0006524051,-0.00058849383,-0.00049733,-0.00089275657,-0.00059812795,-0.0010530938,-0.00078856025,-8.8395405e-05,-0.00091974606,-0.0005186658,-0.00069137657,-4.5755736e-05,-0.0008941991,-0.0009794342,-0.00094900077,-0.0005491111,-0.00080113555,-0.00013195525,-0.0007880979,-0.0005223875,-3.0009316e-05,-0.0006905591,-0.0008938147,-0.0008295524,-3.2351898e-05,-0.00023321103,-0.00093967566,-0.00033016872,-0.0007926059,-0.0010555498,-0.0005945933,0.9949019,-2.8899733e-05,-0.0007875127,-0.0003674962,-0.00022780805,-2.7287018e-05,-0.00026629344,-6.3665895e-05,-0.00083264627,-0.0010440742,-0.00060604664,0.99442124,-0.0005984998,-0.00020033565,-0.0011251315,-0.00023377033,-5.9665686e-06,-0.00043756366,-0.00075833825,-0.00013738293,-0.00096187665,-0.0006260885,-0.00024725404,-0.00046480828,-3.511796e-05,-1.027552e-05,0.0,-2.911661e-05,-0.00012806947,-1.4749858e-05,-1.8291092e-05
-0.0065380353,0.9944746,-0.006488562,-0.006496999,-0.006466176,0.99402314,-0.006651751,-0.0065211277,-0.0068012294,0.9944258,-0.006491129,-0.0064964416,-0.0065161195,-0.0065000234,-0.006756013,-0.0064979866,-0.0066643436,-0.006495843,0.99440855,-0.0067029423,-0.006563192,-0.006490183,-0.0065085995,-0.006525474,-0.0064934758,-0.006516812,-0.0064887335,-0.006529281,-0.0065065557,-0.006532041,-0.00650623,-0.0065623275,-0.006464473,-0.0065395124,-0.0065414836,-0.0065236725,-0.006536132,-0.0064661703,-0.0070874924,-0.006538579,-0.0065408847,-0.00657284,-0.0065325564,-0.006540495,-0.0065133716,-0.0065156166,-0.006480462,-0.0065354393,-0.006500472,-0.0065183514,-0.0065337876,-0.006511971,-0.0065118754,-0.006475908,-0.0065202666,-0.0065642316,-0.0064940653,-0.006528679,-0.0064982576,-0.006605817,-0.0065107406,-0.0064880475,-0.006489739,-0.006532822,-0.006514652,-0.0065712663,-0.006520225,-0.006535219,-0.0068735294,-0.006500064,-0.0064984825,-0.0065240487,-0.006649671,-0.006539977,-0.006497068,-0.0065297764,-0.006516507,-0.006475064,-0.0065191034,0.99412787,-0.006699504,-0.006515563,-0.006535551,-0.006548222,-0.006644427,-0.006552252,-0.006573215,-0.0065160445,-0.006476015,-0.0065072593,0.9944473,-0.006519336,-0.0065488396,-0.006460571,-0.0065427935,-0.008082636,-0.006536304,-0.006513663,-0.006558922,-0.0064888867,-0.006501632,-0.0065337834,-0.006532492,-0.006583987,-0.006668854,-0.0065316735,0.0,-0.006554588,-0.006583807,-0.006566742
-0.0034458376,0.9948906,-0.0046083345,-0.004633777,-0.004901656,0.9945546,-0.0019081623,-0.0044072364,-0.0010186785,0.9948714,-0.0047116317,-0.004547286,-0.004396284,-0.0042123124,-0.0010705511,-0.004230665,-0.0018870537,-0.004527094,0.9948634,-0.0015559463,-0.003998105,-0.004697621,-0.0040829987,-0.0034644993,-0.0041678455,-0.0044034584,-0.004773129,-0.0034223988,-0.004271582,-0.0036411353,-0.0041676615,-0.0029928337,-0.004920066,-0.003919705,-0.0036650358,-0.0038452484,-0.003911023,-0.004893159,-0.00033446617,-0.0036145593,-0.003542463,-0.003127296,-0.0034429792,-0.0033335479,-0.0044431537,-0.0043911105,-0.004788797,-0.0037447256,-0.004133564,-0.0040606433,-0.0038692527,-0.004598893,-0.0040708496,-0.004820141,-0.0043841084,-0.002729665,-0.004634376,-0.0039171353,-0.0042248783,-0.0021604947,-0.004617253,-0.0047231163,-0.004680585,-0.0039577438,-0.0043903133,-0.0029319057,-0.0044295792,-0.003961591,-0.00083816826,-0.0042199013,-0.0046155155,-0.0045062406,-0.0019049087,-0.0032454762,-0.0046755117,-0.0034841655,-0.004448247,-0.0048381593,-0.0040743086,0.99463266,-0.0014178095,-0.004370154,-0.0035436754,-0.0032644274,-0.0019424533,-0.0033312538,-0.002633059,-0.0044554356,-0.004822624,-0.004078863,0.9948834,-0.0040616025,-0.0031857726,-0.004943851,-0.0032245384,-4.081707e-05,-0.0037340526,-0.0043445067,-0.002923515,-0.004722923,-0.0040988866,-0.0032466622,-0.003805679,-0.0025097963,-0.0014976092,-0.003993992,-0.0003490641,0.0,-0.0023999875,-0.002432792
-0.00421089,0.9949804,-0.005591925,-0.0055843904,-0.0060591223,0.9946192,-0.0021162152,-0.005506755,-0.0010772155,0.99496216,-0.0056296587,-0.0055988487,-0.0054454473,-0.005264683,-0.0009937995,-0.0052817278,-0.00213026,-0.0055891,0.9949542,-0.0017268307,-0.0048709027,-0.0056249346,-0.0050624846,-0.004246648,-0.005159149,-0.005444882,-0.005628243,-0.0042441455,-0.0053306893,-0.0046067396,-0.0051526334,-0.0036572504,-0.0060485695,-0.0048567136,-0.004515438,-0.0048889727,-0.0048378143,-0.0060420255,-4.2924938e-05,-0.0044531603,-0.0043448163,-0.003772585,-0.004275746,-0.0041100187,-0.0054702684,-0.005474377,-0.00563078,-0.004618503,-0.0051700585,-0.0050428817,-0.004786012,-0.0055993167,-0.0050622676,-0.005638501,-0.0055085835,-0.0033036277,-0.0055882963,-0.004865065,-0.005230499,-0.002488003,-0.0055829743,-0.0056220368,-0.0056038615,-0.0048995567,-0.005475726,-0.0035908928,-0.00547093,-0.0049061226,-0.00062504096,-0.005274259,-0.0056000687,-0.005541133,-0.002144372,-0.0039812457,-0.0056028627,-0.0042606816,-0.005480511,-0.006035049,-0.0050268555,0.99471205,-0.0015456467,-0.005473929,-0.004406866,-0.0039821374,-0.00221802,-0.004079529,-0.0031593265,-0.0055393237,-0.005644432,-0.005068862,0.99497384,-0.0050547174,-0.0038510414,-0.0060606576,-0.0039357496,2.7772035e-06,-0.0046098037,-0.005457496,-0.0036039988,-0.0056274408,-0.0051172078,-0.0040347152,-0.0046861414,-0.002974122,-0.0017922453,-0.004940853,-0.00012945285,-0.0035262955,0.0,-0.0029502602
-0.004074931,0.9949704,-0.00543905,-0.0054356996,-0.0056719235,0.9946158,-0.0020633948,-0.005250673,-0.0010499281,0.9949526,-0.0055379346,-0.005470142,-0.0051973937,-0.005019351,-0.0008131022,-0.005042493,-0.0019734264,-0.0054354896,0.9949441,-0.0016858384,-0.004712429,-0.0055339546,-0.0048204497,-0.004086574,-0.0049212268,-0.0051954817,-0.00558532,-0.004060921,-0.0050773364,-0.004399624,-0.00489034,-0.003485769,-0.0056613944,-0.0046551027,-0.0043469537,-0.004656284,-0.004607955,-0.0056509855,-3.3844895e-05,-0.0042931167,-0.0042122495,-0.0036552045,-0.004117934,-0.0039170743,-0.0052304915,-0.0052273194,-0.0055888304,-0.0044372943,-0.0049064914,-0.0048072697,-0.004569136,-0.005406928,-0.004832033,-0.005605218,-0.0052496074,-0.003202349,-0.0054301815,-0.004647505,-0.0049935332,-0.0025364882,-0.005408688,-0.005530367,-0.0054930546,-0.00470289,-0.0052290387,-0.0035203586,-0.005224999,-0.004694324,-0.00067082106,-0.0050232206,-0.0054533654,-0.005313403,-0.0021747982,-0.0038781238,-0.0054790135,-0.0041094953,-0.0052505117,-0.0056184987,-0.0047843913,0.99470514,-0.0015219531,-0.0052129673,-0.004207396,-0.0038592268,-0.0021503116,-0.003954059,-0.0030978164,-0.0053122733,-0.005619513,-0.004830472,0.9949617,-0.004813866,-0.0037598931,-0.005682528,-0.003810266,-1.2627591e-05,-0.0044170264,-0.005202957,-0.0034341912,-0.0055474564,-0.0048763896,-0.0038463618,-0.004485394,-0.002884305,-0.0017291355,-0.004728258,-2.948934e-06,-0.0033721698,-0.0027561933,0.0
