1,2,3,4,5,6,7,8,9,10,11,12,13,14,15,16,17,18,19,20,21,22,23,24,25,26,27,28,29,30,31,32,33,34,35,36,37,38,39,40,41,42,43,44,45,46,47,48,49,50,51,52,53,54,55,56,57,58,59,60,61,62,63,64,65,66,67,68,69,70,71,72,73,74,75,76,77,78,79,80,81,82,83,84,85,86,87,88,89,90,91,92,93,94,95,96,97,98,99,100,101,102,103,104,105,106,107,108,109,110
0.0,0.007856167,0.0096939,0.0045317463,0.009987306,0.0045072767,0.008390839,0.010150588,0.009243298,0.008764484,0.00938286,0.0029556935,0.006236352,0.008293856,0.010573894,0.009930728,0.009805738,0.009997544,0.005235586,0.010360152,0.010271778,-1.731051e-05,0.007090925,0.008785309,0.0042561367,-2.3529756e-05,0.0076541915,-1.7323595e-05,0.008617539,-2.192849e-05,0.010560448,-2.2158647e-05,0.010643121,0.010793164,0.005096521,0.0085677905,0.006225373,0.009554633,0.009179824,0.0032859682,0.000605128,-2.0555151e-05,-2.302577e-05,0.010397591,-1.7762328e-05,0.0052851615,0.010631133,0.009295024,-2.2071496e-05,0.010108476,-1.8515972e-05,0.00983532,0.007200865,0.010640154,0.010545805,0.009715178,0.010220885,0.004085501,0.009606388,-2.2109421e-05,0.0074450932,0.006363757,0.009233419,0.0074166087,0.0061547817,0.010046937,0.0100899935,0.003007625,-2.3002469e-05,0.0047835787,0.009430397,0.010209532,0.0096460115,0.0053113024,0.003396866,0.003918229,0.010345989,0.010213314,0.010076481,0.008664352,0.007833129,0.0023037763,0.007638501,0.009163905,0.010513737,0.0077694086,0.0089272475,-1.7085831e-05,0.010106021,0.010553128,-2.4137687e-05,0.009616438,0.00048444353,0.008625838,0.0027630907,0.0050538294,0.0074421363,0.0076042973,0.00939339,-2.8912813e-05,0.0036619946,0.0014053445,0.0031117313,0.009696315,0.005786456,-2.3614843e-05,0.005875697,-2.1850812e-05,0.01658315,-2.4273475e-05
0.0077234833,0.0,0.010021489,0.0053081335,0.010001575,0.0048626782,0.008735901,0.010179606,0.009318783,0.008878166,0.009488439,0.0032324232,0.006548051,0.008478396,0.010755728,0.010074168,0.009815816,0.010210791,0.0054475167,0.010287011,0.0103204185,0.000111470894,0.007217076,0.0088843,0.004448805,-1.40766515e-05,0.007631466,-7.389258e-06,0.008664402,-1.2169514e-05,0.010532173,-9.082831e-06,0.010540376,0.010600925,0.0053805117,0.008649248,0.006226909,0.009801478,0.009223698,0.0035366542,0.0011456213,-1.2379995e-05,-1.6739317e-05,0.010629718,0.00026914233,0.005459716,0.010589392,0.009360598,-1.6309074e-05,0.01020712,-1.18159505e-05,0.00981054,0.007647119,0.010754659,0.010557045,0.009843021,0.010356972,0.0043727895,0.009779821,-1.0766393e-05,0.007539101,0.006654885,0.009376272,0.007574045,0.006255524,0.010190323,0.010225199,0.003390159,-1.2574549e-05,0.0049259653,0.0095152315,0.01028506,0.009810189,0.0058440706,0.0033979067,0.004264582,0.010466944,0.0102803055,0.010243968,0.008796469,0.008042634,0.0025941702,0.007815108,0.009597292,0.010635648,0.008099647,0.009083124,-8.044956e-06,0.010346058,0.010646171,-1.6409802e-05,0.009774634,0.00031300477,0.008736593,0.0032374922,0.0052266475,0.007795886,0.0078144055,0.009494773,-2.0962028e-05,0.004100294,0.0016830508,0.0033431805,0.009739421,0.006129061,-1.2679319e-05,0.0059172637,-1.4011562e-05,0.016535822,-1.6870577e-05
0.009786452,0.010209512,0.0,0.0069647213,0.012537434,0.0069582458,0.010605075,0.012824128,0.01135263,0.0111211445,0.011613147,0.0053430838,0.007969756,0.010954419,0.013175688,0.012276071,0.011918054,0.012262676,0.0074660266,0.013084988,0.013272569,0.0024676004,0.009364362,0.010842244,0.0064644776,-1.2497833e-05,0.009880658,0.0025847561,0.010761046,-1.658875e-05,0.013024874,-1.1183183e-05,0.013311565,0.013092185,0.0072891526,0.01109501,0.008345392,0.012762561,0.011503733,0.0055178977,0.0029586605,-1.2775156e-05,-2.1426129e-05,0.013063733,0.002536189,0.007466676,0.012873116,0.011635025,-1.9188512e-05,0.012357177,0.0014877745,0.01204179,0.009276495,0.013519526,0.013115136,0.012120435,0.013384177,0.0065148002,0.011951635,0.0011115038,0.009663063,0.008368096,0.011162446,0.009718564,0.008200904,0.01290403,0.012166693,0.0055720545,-1.4651626e-05,0.00698555,0.012734475,0.013146133,0.012273023,0.0073526567,0.00557768,0.006406936,0.012918542,0.0135345,0.012899609,0.010758096,0.010314635,0.004325334,0.0099989,0.011545808,0.013030461,0.010128793,0.011374131,0.0019183903,0.0138090355,0.013270884,-1.6682812e-05,0.011876019,0.0036663956,0.01087277,0.005293014,0.0073471772,0.009709808,0.009660054,0.011364192,-1.996803e-05,0.0060489075,0.0042258524,0.0054366095,0.012107208,0.007846281,-1.6958544e-05,0.0083537465,0.0022058955,0.018569391,-1.7244669e-05
0.0055012247,0.0064159585,0.008192018,0.0,0.007778161,0.002324919,0.0069798627,0.008372598,0.0077450876,0.0070357197,0.008111769,0.00050078775,0.005868049,0.006376738,0.0098102065,0.008412001,0.008684399,0.008914772,0.003027295,0.009564547,0.009499721,-9.364613e-06,0.004810265,0.007032619,0.0021570008,-1.1075302e-05,0.005348316,-8.22393e-06,0.0070277364,-1.459586e-05,0.0095293755,-1.1535152e-05,0.010273397,0.009224949,0.0034965263,0.0060568275,0.0035055657,0.009774982,0.007722194,0.0007536922,-6.1085743e-06,-1.4137458e-05,-1.470803e-05,0.009578302,-8.262951e-06,0.0035055873,0.009151178,0.0070096026,-1.5713122e-05,0.00901358,-9.456826e-06,0.008469657,0.005887098,0.009440809,0.009626001,0.008436471,0.009373447,0.0015012211,0.008321673,-6.272648e-06,0.0054741437,0.004853554,0.0077454727,0.0052018855,0.0035851595,0.00920729,0.009016086,0.00033778578,-1.02781205e-05,0.0023917423,0.009592779,0.009431717,0.0076653506,0.0045691845,0.0009367071,0.001544255,0.0089981435,0.008875405,0.010502308,0.0067997626,0.005861128,0.00014358562,0.005451067,0.007974601,0.009534022,0.0062396405,0.007214087,-8.878801e-06,0.0091700945,0.009252752,-1.4884374e-05,0.008078564,-1.3311172e-05,0.0067304047,0.00037268124,0.0027001114,0.0060575367,0.0063536186,0.008031312,-2.458212e-05,0.0015739669,-3.4449827e-06,0.00034113709,0.0077888276,0.004808373,-9.64216e-06,0.003161741,-1.2365402e-05,0.017653799,-1.7301856e-05
0.009416679,0.009822172,0.011896264,0.006653892,0.0,0.006697396,0.010244531,0.012482772,0.01105441,0.010662468,0.011143552,0.005191493,0.007371136,0.010622613,0.012536008,0.011837431,0.011264393,0.011697505,0.007360205,0.012733322,0.012973407,0.002326903,0.009105183,0.010585698,0.006242715,-1.39850345e-05,0.009711974,0.0025286523,0.010352377,-1.7343107e-05,0.012775285,-1.6842825e-05,0.012999329,0.012687709,0.0069051306,0.010837236,0.008326061,0.011670279,0.0109690735,0.0055007157,0.0025789312,-1.2926392e-05,-1.973339e-05,0.0125589995,0.0025032957,0.007049769,0.012522142,0.011130359,-1.7431617e-05,0.011741423,0.0014163596,0.01173074,0.00885832,0.013032588,0.012372792,0.011650536,0.013050005,0.006460432,0.011463556,0.0010834184,0.009241895,0.007976579,0.010800788,0.009443641,0.007980363,0.012322707,0.011682224,0.0056723733,-1.35263645e-05,0.0067620375,0.012013045,0.012543735,0.011985045,0.006909657,0.0053353766,0.006287205,0.01246672,0.01270723,0.012379071,0.010555218,0.010005722,0.0041630985,0.009780163,0.011026792,0.012431095,0.009544187,0.011024464,0.0015352134,0.013101549,0.012783051,-1.5880087e-05,0.01147726,0.0038192968,0.010593299,0.00511026,0.0072165118,0.009201193,0.009249058,0.011093155,-2.531001e-05,0.0059622373,0.0041295197,0.0052075223,0.011776603,0.007629352,-1.8091478e-05,0.008056486,0.0024300101,0.018043578,-1.7264945e-05
0.0047200774,0.0054197507,0.007759334,0.001966217,0.0077405674,0.0,0.0060057333,0.008213458,0.007100574,0.006349924,0.00751227,-3.9810902e-07,0.0035298425,0.0059363157,0.009434218,0.007887179,0.007912474,0.008227826,0.0022401174,0.009953361,0.009203937,-5.794568e-07,0.0042428225,0.006392508,0.0009698896,-3.3156361e-06,0.004780758,1.9013416e-06,0.0061595533,-3.048491e-06,0.009124189,-2.7088292e-06,0.010186706,0.009146579,0.0020382146,0.0061587845,0.0033831308,0.010276215,0.0070180176,8.807771e-05,5.920137e-06,-4.675559e-06,-7.1469967e-06,0.009170815,8.9333537e-07,0.0022561846,0.009186019,0.0069127535,-7.6190386e-06,0.0085458085,-2.2201548e-06,0.007837798,0.004740701,0.009507023,0.009835515,0.0078770695,0.009742498,0.0013822452,0.007585637,1.5843967e-06,0.0047392785,0.003530972,0.006899915,0.004599255,0.0032536485,0.009226498,0.0083213225,0.0005746422,-2.2867894e-06,0.001575126,0.009939862,0.009852166,0.007647833,0.002866067,3.5096255e-06,0.0012348226,0.008566707,0.008991107,0.010421234,0.006131589,0.005159412,1.751792e-06,0.0050743264,0.0070037222,0.009622592,0.00529816,0.006549507,-7.889876e-07,0.009274471,0.008888271,-1.0896501e-05,0.0072877295,-5.5497967e-06,0.006170931,6.5127624e-06,0.002189323,0.0046545267,0.0050932374,0.0072621303,-9.789235e-06,0.00068638986,3.0737596e-08,8.7854525e-05,0.0073748725,0.0031677384,-9.682259e-06,0.00306031,-2.5489871e-06,0.01691646,-7.222927e-06
0.0080250865,0.008677604,0.010279081,0.0055781095,0.010385611,0.0053431927,0.0,0.010581891,0.009824682,0.009419635,0.009878411,0.0039198115,0.007099589,0.008964202,0.0110865105,0.010500688,0.010377183,0.010609802,0.0059186197,0.0106452005,0.010633819,0.00089641707,0.0076749353,0.009389413,0.005151128,-1.6598575e-05,0.00829569,0.0005095437,0.009144371,-1.6626636e-05,0.010704337,-1.3428221e-05,0.010912433,0.011162947,0.005898386,0.009158236,0.0066520753,0.009904851,0.009633637,0.0039420486,0.001988825,-1.6441794e-05,-1.5425672e-05,0.011049837,0.00071564846,0.0060131177,0.010853671,0.009681859,-1.8967237e-05,0.010655927,-1.1514436e-05,0.010290133,0.007999889,0.011126363,0.010998215,0.010395242,0.010636851,0.0048075784,0.010182781,-1.2528921e-05,0.008068293,0.0070319697,0.009669718,0.008048792,0.006796545,0.010531997,0.010672982,0.003885812,-1.3343531e-05,0.0055000866,0.009877114,0.010714602,0.01010634,0.0062039853,0.004124825,0.004704381,0.01076543,0.010666557,0.010563674,0.009077566,0.008304186,0.0031809625,0.0081462795,0.009874483,0.011063047,0.008409764,0.009535264,-1.28772e-05,0.010762037,0.01085661,-1.782893e-05,0.0101831155,0.0011494277,0.009121232,0.0036924186,0.0057321154,0.00817427,0.008311439,0.010001603,-1.9053312e-05,0.0045453697,0.0023219497,0.0038186735,0.010148822,0.0066146953,-1.5031338e-05,0.0063759875,6.2534364e-06,0.016461803,-1.894744e-05
0.010059543,0.010420278,0.012707519,0.007170037,0.012909025,0.007303039,0.010848098,0.0,0.011665791,0.011447316,0.012065725,0.005915043,0.008172391,0.011319962,0.013725141,0.012678278,0.01209759,0.012459751,0.007900143,0.013717679,0.0138059,0.0030762395,0.009748574,0.011117569,0.006932301,-1.5080329e-05,0.010355174,0.003088708,0.010891109,-1.3795202e-05,0.013555018,-1.3323035e-05,0.013934307,0.013502614,0.007517511,0.011418476,0.008746732,0.013449954,0.011746242,0.0059036203,0.0032959175,-1.0505665e-05,-1.7169503e-05,0.013489376,0.0031203884,0.007757155,0.013353191,0.011917131,-1.764442e-05,0.012804012,0.0021316642,0.012493984,0.009543312,0.0139511265,0.013586045,0.012477743,0.014109198,0.0067937877,0.012159109,0.0017203705,0.009861833,0.008472262,0.011538494,0.009975811,0.008629394,0.013318437,0.012394861,0.006183343,-1.5013126e-05,0.007452848,0.013470096,0.0136542255,0.012775361,0.0075503504,0.006099705,0.0069563338,0.013210885,0.013987751,0.013555554,0.0109961,0.010473782,0.0047457134,0.010340044,0.0116198715,0.013505183,0.010230131,0.01157607,0.0024124628,0.01434852,0.013687184,-1.6900489e-05,0.012109517,0.004356278,0.011263839,0.0055159647,0.0076519256,0.009912037,0.009941527,0.011645304,-2.1822836e-05,0.0063640503,0.0045815343,0.0058360104,0.012414963,0.008010903,-1.1730261e-05,0.008526625,0.0029658454,0.019081216,-1.838818e-05
0.009360772,0.009635311,0.011401935,0.006310038,0.011779784,0.006349687,0.010118869,0.011900949,0.0,0.010526855,0.011341404,0.005036399,0.008070471,0.010162419,0.012443283,0.011755318,0.011490612,0.0118218865,0.00716566,0.012296018,0.0122702215,0.0019724993,0.008787355,0.010485661,0.0064308844,-2.2882852e-05,0.009544066,0.0016428968,0.010316798,-2.193644e-05,0.012238977,-2.197888e-05,0.012602489,0.012508788,0.007128192,0.010301344,0.00788559,0.012009674,0.010945561,0.005076856,0.0028911284,-1.8337636e-05,-2.4297166e-05,0.012482624,0.0017463359,0.0072839046,0.012344774,0.010986035,-2.4853529e-05,0.011849131,0.00083516253,0.011658627,0.009038681,0.012506612,0.012405053,0.011658026,0.012133847,0.005892218,0.011543739,0.00040639777,0.0093412865,0.008108439,0.010916641,0.009151235,0.007937633,0.012216938,0.011806293,0.0049967207,-2.2397433e-05,0.0065195304,0.011766685,0.012204444,0.011468674,0.0071462533,0.005329384,0.005852626,0.012008191,0.012169026,0.011994647,0.010214666,0.009551495,0.0041456865,0.0093571,0.010966133,0.012477134,0.009337595,0.010630789,0.0010821937,0.012179009,0.012148879,-2.1484118e-05,0.011424698,0.0026316654,0.010619932,0.0046204235,0.0066813463,0.00942016,0.009503734,0.011244886,-2.6489197e-05,0.0056072646,0.0036028223,0.0049243513,0.011303481,0.0075967503,-1.883148e-05,0.0075425277,0.0012064556,0.017260022,-2.5645344e-05
0.008894466,0.009195165,0.011149394,0.00598012,0.011169094,0.0057465737,0.009665143,0.011440383,0.010585886,0.0,0.010864017,0.0045247134,0.0076272953,0.009658065,0.0119820805,0.011329676,0.011136725,0.011527623,0.0065949843,0.011732145,0.011607598,0.0014102047,0.008377486,0.01011883,0.0059266267,-1.9263422e-05,0.0092190355,0.0009501204,0.009953814,-2.5258458e-05,0.011810438,-1.9152018e-05,0.011987334,0.012041124,0.006563195,0.009835579,0.007558721,0.011262242,0.010672585,0.0045322543,0.0022599793,-1.8234514e-05,-2.4162824e-05,0.0119872475,0.0010677106,0.0067825997,0.011864762,0.010419586,-2.1499765e-05,0.011488141,0.000100925914,0.0110850725,0.008561018,0.012003722,0.011876915,0.0112016965,0.011560013,0.005454826,0.011058611,-1.787934e-05,0.008711558,0.007775227,0.0105092,0.008672143,0.0073135905,0.011612253,0.011558313,0.004321762,-1.8557499e-05,0.0061229104,0.011173829,0.011698967,0.010896093,0.006647853,0.0048060142,0.0051754024,0.011601683,0.011447975,0.01138694,0.009802541,0.009161739,0.0035773558,0.008927739,0.010495463,0.011948763,0.008972216,0.010140342,0.00042469244,0.011550326,0.011741354,-2.5732257e-05,0.0108785145,0.0019811564,0.010099696,0.0040461775,0.0062436564,0.00895726,0.009097213,0.010693008,-3.0449077e-05,0.0050661108,0.0028592467,0.004224333,0.011069832,0.007344277,-2.0700569e-05,0.007162826,0.0003856416,0.017075645,-2.461285e-05
0.009826067,0.010217412,0.012229145,0.0068754083,0.012216546,0.0066555273,0.010724577,0.012635333,0.011745723,0.011298325,0.0,0.0054207556,0.008691313,0.010649842,0.013497832,0.012440877,0.01257857,0.012726046,0.0076923976,0.013564881,0.013228206,0.0023573476,0.009282618,0.011183596,0.006819504,-2.4146175e-05,0.010272694,0.0021938456,0.0108811585,-2.4010322e-05,0.013021538,-1.9903908e-05,0.013684196,0.013290013,0.007584207,0.010869128,0.0083751455,0.013376891,0.01170307,0.0055009443,0.003350888,-2.1507347e-05,-2.6002612e-05,0.013357887,0.0022350864,0.007697994,0.013226102,0.011435532,-2.520177e-05,0.012835901,0.0012837979,0.0125215035,0.009418402,0.0134692695,0.013638026,0.012485778,0.01331664,0.0063359374,0.012277781,0.0009440741,0.009866198,0.008554392,0.011510858,0.009527179,0.008259474,0.013230514,0.01276614,0.005221455,-1.9659265e-05,0.007129873,0.013202933,0.013601759,0.012125496,0.0074574742,0.005962491,0.006167477,0.012814931,0.0130454805,0.013778462,0.010746726,0.010071748,0.004678514,0.009866389,0.01160619,0.013549061,0.009920341,0.011102919,0.0016923156,0.013113748,0.012868859,-2.3601602e-05,0.01196775,0.0030702627,0.0112896105,0.004955894,0.0072046276,0.010222948,0.010063751,0.012042735,-2.5463552e-05,0.0061257337,0.004005066,0.0052322107,0.012134388,0.008161959,-2.6182159e-05,0.007929776,0.0015547515,0.01781233,-2.8378961e-05
0.0041155964,0.004527944,0.007550312,0.000806469,0.0073144115,0.00034578552,0.0054455437,0.008025974,0.0068133026,0.0060088937,0.0073330645,0.0,0.0036251878,0.0050514904,0.009329129,0.0076264385,0.0077173156,0.00814346,0.0014071842,0.009663412,0.009131511,-1.9932671e-05,0.0034173208,0.0061036698,0.00048629043,-2.7821185e-05,0.004529378,-1.7566703e-05,0.0057281526,-2.2843733e-05,0.008965491,-1.8010041e-05,0.009922907,0.009098525,0.0016385482,0.005416533,0.0023060697,0.009571369,0.0067593935,-1.7720376e-05,-1.5254605e-05,-2.1594364e-05,-2.6608224e-05,0.009030158,-1.6301597e-05,0.0016631576,0.0090364795,0.0063254354,-2.932845e-05,0.008467105,-1.8787574e-05,0.0074856295,0.0041360897,0.009506635,0.009645087,0.0075968825,0.009762932,-2.0481059e-05,0.0072152074,-2.6046735e-05,0.0041598985,0.003033597,0.006513183,0.003912871,0.0023960841,0.009153359,0.008021161,-1.5995642e-05,-2.1571335e-05,0.00057766034,0.009426245,0.009311737,0.0072978875,0.00192344,-1.7436807e-05,-1.5935448e-05,0.008334993,0.009167565,0.0102922395,0.0054369285,0.004302076,-2.1489286e-05,0.004144313,0.0065990714,0.009695008,0.0044325218,0.00602153,-2.4857209e-05,0.009562492,0.008738073,-2.1980404e-05,0.0070620715,-1.9843259e-05,0.0059518698,-1.5752805e-05,0.0007444308,0.0044669034,0.004794495,0.0069670198,-2.0992375e-05,-1.4861726e-05,-1.5017811e-05,-2.1379235e-05,0.0070711407,0.0027253972,-2.7748714e-05,0.0015971924,-2.5383044e-05,0.018810697,-2.560606e-05
0.0072105676,0.008100406,0.009580383,0.0060560517,0.009361808,0.0037183533,0.008776584,0.009950917,0.009437212,0.008891002,0.0096859485,0.003214583,0.0,0.007536271,0.010820698,0.009985322,0.01050733,0.0107678715,0.0048631504,0.0109071275,0.010379215,-1.4868428e-05,0.0062841857,0.00898615,0.004759366,-2.6379406e-05,0.0073033543,-2.26445e-05,0.008969418,-2.6302376e-05,0.011017884,-2.4353507e-05,0.011093169,0.01070033,0.0069705183,0.007678997,0.005190866,0.011102015,0.009258158,0.002560437,0.004907731,-2.0844556e-05,-2.7878059e-05,0.010807656,-2.4833502e-05,0.0063188253,0.01074111,0.008650232,-2.3287872e-05,0.010478895,-2.2408149e-05,0.0098370155,0.008445511,0.010793448,0.01095167,0.010004305,0.010912808,0.0027785401,0.010187725,-2.1503902e-05,0.007145377,0.007978966,0.009430616,0.006804805,0.0057475306,0.010612361,0.0105966395,0.0012881807,-2.428214e-05,0.0042806785,0.011019597,0.010759083,0.009116805,0.007951288,0.0039700605,0.0026042154,0.010377349,0.0105252275,0.011967266,0.008036093,0.007104433,0.003266987,0.00667012,0.00976489,0.011005399,0.008017928,0.008349432,-2.1066999e-05,0.010587042,0.010352801,-2.6709777e-05,0.009588962,-2.4366764e-05,0.008557716,0.0017364322,0.003960521,0.00914701,0.009479719,0.010016836,-2.566627e-05,0.0038205036,0.00021143124,0.0018986958,0.009194903,0.008283699,-2.2997368e-05,0.0040166453,-2.3274446e-05,0.020591287,-2.4362935e-05
0.007785396,0.008238745,0.0099999495,0.0048461766,0.010279149,0.0053494507,0.008625905,0.010486768,0.009318229,0.008839486,0.009485592,0.003456242,0.005623242,0.0,0.01081565,0.010214343,0.009650002,0.010004895,0.0056614797,0.010648813,0.010611582,0.00022670721,0.007368512,0.008864597,0.0043938276,-1.0245816e-05,0.007853283,0.00063867006,0.008779016,-1.3259863e-05,0.010810454,-1.1119525e-05,0.01087076,0.010811654,0.005139422,0.009242435,0.0067273076,0.010213055,0.009262558,0.003543298,0.0003354573,-1.0752207e-05,-1.2421275e-05,0.010736225,0.0007226034,0.005293526,0.0106547605,0.009558895,-1.4379499e-05,0.010114298,-4.857046e-06,0.010030899,0.0073034307,0.01106849,0.010684054,0.00995215,0.010759232,0.004756224,0.009804984,-8.300421e-06,0.0076655396,0.0062675104,0.009269107,0.0076857745,0.006371173,0.010346433,0.010093056,0.003985878,-9.292415e-06,0.0050152433,0.01002186,0.010413969,0.010247111,0.0053573567,0.0034278051,0.0047938353,0.0107689155,0.010635463,0.010371907,0.008950334,0.008392304,0.0023549048,0.008344506,0.0092335595,0.0106858015,0.007953888,0.009462285,-7.669603e-06,0.010673961,0.010907758,-8.861501e-06,0.009835075,0.0020591484,0.008746107,0.0034760823,0.005673527,0.007361005,0.007435482,0.0092709595,-1.3781215e-05,0.004197793,0.002111252,0.0036462292,0.010028635,0.0055534486,-1.05062245e-05,0.006620928,0.00064264046,0.01668189,-1.4199209e-05
0.011762984,0.012046788,0.014646871,0.008759182,0.0147125395,0.008708106,0.012526202,0.015340818,0.0137430085,0.013378379,0.014268018,0.007687895,0.010434313,0.012625203,0.0,0.014665237,0.014566351,0.014989146,0.009574858,0.016920706,0.01652247,0.0049183047,0.011150667,0.012841419,0.008923369,0.0024318958,0.012209477,0.004740193,0.01285342,-1.9536861e-05,0.01579329,0.00047564248,0.017170142,0.01574854,0.00959659,0.012826895,0.01026731,0.017625466,0.013871528,0.0076030674,0.005661423,-1.8851626e-05,-2.2326589e-05,0.016385702,0.004659637,0.009620411,0.015951619,0.0133329,-2.2983066e-05,0.015532609,0.0040633925,0.014514328,0.011115076,0.01665481,0.016681807,0.014730917,0.017157516,0.0084300665,0.014265914,0.003538313,0.011496961,0.010444436,0.013393741,0.011424343,0.010214057,0.016635463,0.014829522,0.0074278354,-2.0901405e-05,0.009021374,0.017699206,0.017244171,0.014360066,0.009389085,0.007951,0.008385681,0.0152728725,0.016772103,0.01840364,0.012467653,0.011977636,0.006727925,0.011724137,0.013741122,0.016447335,0.011946107,0.013176982,0.004355718,0.01719573,0.015739592,-2.0660596e-05,0.014019267,0.0056807618,0.013178511,0.00702272,0.009301259,0.012081331,0.011975856,0.013880002,-2.188338e-05,0.008268384,0.006271142,0.0073227463,0.014174077,0.0102160955,-1.954856e-05,0.009858175,0.0043086098,0.022113651,-2.1013011e-05
0.009785527,0.010247848,0.012207688,0.0070954636,0.012272273,0.0069721066,0.0107030645,0.012610116,0.011560348,0.011164119,0.011785466,0.0056135594,0.008516004,0.010726408,0.013158548,0.0,0.012076957,0.012402243,0.00776543,0.013093255,0.013015814,0.0025937774,0.009398544,0.011109417,0.006971027,-1.9149025e-05,0.010092386,0.0025373898,0.010826174,-2.1408752e-05,0.012917933,-1.9102668e-05,0.013227926,0.013038288,0.007494268,0.010948676,0.0086052595,0.0127963945,0.011580336,0.005741384,0.003489331,-1.8577552e-05,-2.1793843e-05,0.013073728,0.002663721,0.0076525225,0.013025135,0.011411207,-1.9503352e-05,0.012537525,0.0015975126,0.012257457,0.009560847,0.013313107,0.013122444,0.012260981,0.013158645,0.0064964527,0.011995239,0.0012136995,0.009650274,0.008714279,0.011424946,0.0096819885,0.008472947,0.012978466,0.01240161,0.0055776043,-1.8070714e-05,0.007110616,0.012693148,0.01314156,0.012205042,0.0075418535,0.0059292177,0.0064870873,0.0128277615,0.0130928755,0.0128823845,0.010724724,0.010069402,0.0047600344,0.010033392,0.011509797,0.013066137,0.010092562,0.011254369,0.0019045172,0.013200522,0.013019242,-1.8210369e-05,0.011903395,0.003391771,0.01110908,0.005195242,0.007493312,0.009973453,0.009931001,0.011787616,-2.7785753e-05,0.0063141063,0.0042074258,0.005496313,0.012082281,0.008120859,-1.9869767e-05,0.00814566,0.0021496953,0.017722815,-1.8752291e-05
0.009980995,0.010299684,0.0121581135,0.007279346,0.012325802,0.0069366693,0.010832027,0.012735172,0.011725876,0.011476645,0.012355086,0.0056919446,0.009346745,0.010685467,0.013671809,0.012469591,0.0,0.012870674,0.0077273673,0.013322113,0.013107375,0.0026188095,0.009416301,0.011216058,0.0071808435,-1.6555136e-05,0.010231989,0.0023300815,0.011064028,-2.1541133e-05,0.012903467,-1.9895282e-05,0.013482731,0.013264346,0.008023604,0.010761465,0.0083454605,0.013524391,0.011847286,0.0055942694,0.0039796503,-1.8625247e-05,-2.3645387e-05,0.013493295,0.0023454856,0.007956351,0.013261185,0.011498847,-2.1010266e-05,0.012942143,0.0016555471,0.012494499,0.00976565,0.013462931,0.013611503,0.0124930125,0.013062307,0.0063302214,0.012328086,0.0011394356,0.009763771,0.009003405,0.011651239,0.009672421,0.008460621,0.013466296,0.012880216,0.0053078593,-1.623367e-05,0.007215381,0.013449155,0.013571125,0.011984055,0.008022027,0.0061941543,0.006197071,0.012845903,0.0131130535,0.013880592,0.0106901275,0.010024103,0.0049705333,0.009731393,0.011833505,0.013506241,0.010028846,0.011075514,0.0018712371,0.01319128,0.012835023,-1.9506413e-05,0.012041101,0.0028084477,0.011251403,0.005090978,0.0072196634,0.010397681,0.0103991795,0.012170522,-2.345448e-05,0.0063573234,0.0040438115,0.0052728015,0.011945932,0.008483073,-1.5965921e-05,0.007967041,0.0013128546,0.01774943,-2.3408471e-05
0.010323558,0.010704731,0.012608883,0.007715793,0.012764107,0.0073536783,0.011321652,0.0131490175,0.012265227,0.011921094,0.012778836,0.0060963808,0.009865716,0.010990994,0.014144295,0.013140927,0.013115411,0.0,0.008268385,0.014061027,0.013794936,0.00306816,0.00977439,0.011666821,0.0078006634,0.00020405349,0.010724335,0.0029066282,0.011628352,-2.7328577e-05,0.01340285,-2.3082257e-05,0.014177929,0.013694142,0.008495992,0.011027627,0.008810377,0.013879901,0.012339538,0.006154775,0.0046888846,-2.3164e-05,-2.7578022e-05,0.013999596,0.0029074005,0.008580211,0.013758548,0.011897717,-2.4960116e-05,0.013469414,0.0021444634,0.012892741,0.010115523,0.014045548,0.014273883,0.012935758,0.013562412,0.006792065,0.012814225,0.0017547561,0.010312905,0.0095298095,0.012103804,0.010214633,0.008946037,0.013951499,0.013317623,0.0056853713,-2.5232011e-05,0.00777223,0.013713753,0.014108455,0.012261986,0.008487575,0.0066815065,0.0067527904,0.013316243,0.013570991,0.013916012,0.011221265,0.010554449,0.0054021147,0.010178988,0.012244922,0.01415977,0.010508469,0.011552013,0.0026370995,0.013742971,0.013215063,-2.2730705e-05,0.012470049,0.0031455592,0.011735349,0.0056176404,0.0078069186,0.011067077,0.011026286,0.012619462,-2.5365352e-05,0.0069805263,0.0047423774,0.005870122,0.012412105,0.0092773745,-2.5376414e-05,0.008344666,0.0017282723,0.018181637,-2.6848631e-05
0.005714012,0.0060731284,0.008462647,0.002401967,0.008483348,0.0025023294,0.0069152135,0.008920642,0.007876894,0.0073371157,0.008131213,0.0008703661,0.0046360036,0.0066604903,0.009793641,0.008615692,0.008521238,0.008925101,0.0,0.009724364,0.009298005,-2.1675962e-05,0.0052213874,0.0072372076,0.0027174377,-2.2541459e-05,0.006239424,-2.2910197e-05,0.007079005,-2.053809e-05,0.009396549,-2.3556562e-05,0.009858348,0.009612681,0.0032725155,0.006848861,0.004266942,0.009075803,0.007829098,0.0011561193,-1.4466946e-05,-1.9953903e-05,-2.5949861e-05,0.009499854,-2.1315973e-05,0.0035436642,0.009492379,0.007709017,-2.2382132e-05,0.00890626,-2.1366062e-05,0.008575577,0.005754366,0.009828915,0.009820272,0.008457559,0.009654471,0.0020686826,0.00830811,-2.2038776e-05,0.005920046,0.004567652,0.007805606,0.005491863,0.0042816787,0.009451898,0.008891129,0.0007730731,-2.1963491e-05,0.0026202744,0.008905521,0.009670809,0.008266111,0.0032856206,0.0015859155,0.0017909608,0.009157726,0.009308239,0.0095736915,0.006947374,0.005845554,0.00026739348,0.005846255,0.0076978924,0.009836024,0.005858034,0.007389757,-1.8313189e-05,0.009522313,0.009293287,-2.7469947e-05,0.008099553,-2.48324e-05,0.0072621545,0.0005484235,0.0028042165,0.0057718107,0.0061426577,0.0079975305,-2.1926835e-05,0.0017334394,-2.1621787e-05,0.00092706963,0.008247121,0.0043159258,-2.5223457e-05,0.003841718,-2.567277e-05,0.016634298,-2.299256e-05
0.012615166,0.012590349,0.0154309375,0.009295784,0.015532831,0.00939164,0.013023209,0.016070435,0.014573382,0.014096965,0.015480592,0.008669184,0.011212276,0.013529228,0.01746136,0.015485467,0.0154094715,0.015785657,0.010485406,0.0,0.018098708,0.005900642,0.01204781,0.013659789,0.010020451,0.0039822417,0.013397039,0.005868951,0.013352158,8.609882e-05,0.01779647,0.0018494339,0.01929343,0.017199693,0.010268989,0.013603917,0.01109054,0.019433627,0.014740448,0.008561567,0.0066037853,0.0013711364,-2.81672e-05,0.017302763,0.005891048,0.010308598,0.017650092,0.0141185755,-2.7342161e-05,0.016233006,0.0050116424,0.015415583,0.011704809,0.017365973,0.01796534,0.015623869,0.01890089,0.009128702,0.015112779,0.0045505925,0.012333529,0.010984647,0.013988742,0.012303645,0.01090251,0.017809989,0.015742045,0.008462988,0.00069436483,0.0099419,0.019444602,0.018710488,0.015203984,0.009974244,0.008939549,0.009230357,0.015921172,0.017482366,0.021068228,0.012939193,0.012402249,0.007741483,0.012430307,0.014182476,0.017370433,0.0121932225,0.013673636,0.0055732,0.018010939,0.016591126,0.00038308467,0.014705534,0.0071641784,0.014338615,0.007947889,0.009995134,0.0128402375,0.012724305,0.014935558,-2.7374013e-05,0.008950171,0.007259611,0.008220048,0.015172355,0.010943565,-2.5306306e-05,0.010781946,0.005576227,0.026692428,-2.7996068e-05
0.011592866,0.011739319,0.014429031,0.008467486,0.014762944,0.008550707,0.012123011,0.015300809,0.013558194,0.013175507,0.014178694,0.0075266575,0.010026441,0.012691209,0.016211482,0.014550341,0.014051021,0.014662084,0.009356298,0.017449671,0.0,0.004848257,0.011045634,0.012673028,0.00875495,0.0025719288,0.01226057,0.0047879345,0.012496341,-2.3311797e-05,0.016378412,0.00045196892,0.017903214,0.015996365,0.009221691,0.012894523,0.010104979,0.01738562,0.013520031,0.0074422043,0.005487311,-1.7435781e-05,-2.6333673e-05,0.01608075,0.004735033,0.00932295,0.016183723,0.013336298,-2.2535258e-05,0.015020522,0.0039325734,0.014413673,0.010898681,0.016323585,0.016327817,0.014513419,0.017979551,0.008198097,0.013974878,0.0034370658,0.011495005,0.010000388,0.012987546,0.01144388,0.00998265,0.016422963,0.014435814,0.0074210647,-2.0252164e-05,0.008835569,0.0173779,0.017019968,0.014467673,0.009063145,0.007857926,0.008194542,0.015147112,0.016550247,0.018590981,0.012286604,0.011643695,0.0065899948,0.011706451,0.013183717,0.015978677,0.011546332,0.013027995,0.0044813007,0.016982356,0.015735047,-2.0877747e-05,0.013897867,0.0061712447,0.013197169,0.0068585346,0.008996651,0.011678196,0.011626827,0.013845664,-2.8549455e-05,0.008016452,0.0062184567,0.007179048,0.014294966,0.009896558,-1.9916464e-05,0.009798185,0.0045800027,0.024524577,-2.0673846e-05
0.0014026252,0.0018991464,0.0061056344,-1.0754548e-05,0.0058554187,-1.367104e-05,0.0032151784,0.006886497,0.0050156014,0.004039828,0.006086362,-1.6974618e-05,0.001225531,0.0026829075,0.009253314,0.0063257455,0.0063647917,0.006968923,-1.6788543e-05,0.010158895,0.0091179395,0.0,0.000495143,0.003941557,-1.6873968e-05,-1.5318714e-05,0.0017345437,-2.6222147e-05,0.0034535148,-2.186199e-05,0.008552792,-2.9359802e-05,0.010460488,0.008290601,-1.0953831e-05,0.0027524272,-1.5182628e-05,0.011629938,0.005132925,-2.507449e-05,-1.1460265e-05,-2.747459e-05,-1.8918343e-05,0.008878561,-2.7126425e-05,-2.047817e-05,0.008621892,0.00426323,-1.5862237e-05,0.007718674,-2.6048876e-05,0.0062577864,0.0016156542,0.009323595,0.009821915,0.006267896,0.010589339,-1.5352336e-05,0.0058082533,-2.191586e-05,0.0013734741,4.3616845e-05,0.004731969,0.0008295522,-1.31656425e-05,0.009454261,0.007015976,-2.421011e-05,-2.7623511e-05,-2.1295731e-05,0.011591771,0.01028117,0.0056067556,-1.6897417e-05,-1.5030831e-05,-2.2823979e-05,0.007278568,0.009607453,0.0137335835,0.0028781216,0.0011808249,-1.5658123e-05,0.0011233307,0.0048113638,0.009631947,0.0018517631,0.0036814283,-2.33899e-05,0.01022497,0.0080583,-2.7860267e-05,0.0054196236,-2.0418334e-05,0.0038824377,-1.6840508e-05,-1.7501656e-05,0.0019806433,0.0023869853,0.0056119715,-2.147251e-05,-1.8683622e-05,-1.9116396e-05,-1.9327908e-05,0.0052950205,-7.954867e-06,-2.5460413e-05,-1.848087e-05,-1.622673e-05,0.023561053,-2.677155e-05
0.006766288,0.007157141,0.009092088,0.0037270873,0.00948089,0.0038473653,0.007800667,0.009617081,0.008622879,0.008154959,0.008807304,0.002374957,0.005099742,0.007784658,0.0101642255,0.009297252,0.009091728,0.009306127,0.004743366,0.009992089,0.009852854,-2.0704189e-05,0.0,0.008160102,0.0036548593,-2.5187705e-05,0.007226617,-1.7328919e-05,0.007965332,-2.317282e-05,0.010096476,-2.1736378e-05,0.010254044,0.0102513805,0.004342,0.008147718,0.0057559083,0.009030894,0.008612572,0.0025370908,-1.6276152e-05,-2.1519521e-05,-2.6818683e-05,0.00998597,-1.8887322e-05,0.0045158034,0.010133471,0.008624931,-2.8442259e-05,0.009401525,-1.8543184e-05,0.009184747,0.006650839,0.010146045,0.010016789,0.00929661,0.009819996,0.0036271259,0.0090254005,-2.1819396e-05,0.0069797356,0.005498902,0.008585281,0.0067155,0.005501944,0.009749435,0.00941332,0.0026682946,-2.4653176e-05,0.0040487815,0.008888539,0.009817168,0.009150462,0.0043309126,0.0025518935,0.0033363323,0.009957032,0.009679814,0.00956394,0.008011365,0.007194378,0.0015254259,0.0071872957,0.008453178,0.010145794,0.00690751,0.008487588,-1.752847e-05,0.009759894,0.009986591,-2.759857e-05,0.008916828,0.00047830556,0.008200337,0.0023093403,0.0043670977,0.00673573,0.006829389,0.0087254,-2.3483775e-05,0.003099571,0.0008910595,0.002464355,0.00918769,0.0050806412,-2.1202279e-05,0.0054449565,-2.00571e-05,0.016196277,-2.8140686e-05
0.008420549,0.0088225035,0.010579297,0.0056715487,0.010853589,0.0056403875,0.009336086,0.01112137,0.010142368,0.00980015,0.010375149,0.004224515,0.00738925,0.009329036,0.011374419,0.010903241,0.0106193805,0.011032598,0.006487837,0.011170138,0.011253108,0.0013640014,0.008081299,0.0,0.0054439893,-2.1020873e-05,0.008741919,0.00090307195,0.009541051,-2.3603212e-05,0.011355387,-2.0161144e-05,0.011462331,0.011611241,0.0062951148,0.009608111,0.007312413,0.010263337,0.010113238,0.0042429487,0.0021517572,-1.9457784e-05,-2.4363211e-05,0.011364858,0.0010996868,0.0064548543,0.011356017,0.010110568,-2.1381757e-05,0.010880149,8.14478e-05,0.010700701,0.00820164,0.011478473,0.011353107,0.010703008,0.010974648,0.0053142207,0.010566281,-2.0909703e-05,0.008565769,0.0073230816,0.010201883,0.008254009,0.0070869722,0.01105907,0.010911187,0.004202995,-1.9367393e-05,0.005826249,0.010054743,0.010974476,0.01056737,0.006433635,0.0044658654,0.0051076175,0.011250488,0.011033068,0.01082652,0.00954619,0.008740631,0.003590532,0.008681452,0.010031566,0.011482026,0.0087021785,0.00987095,-1.6829958e-05,0.010947036,0.011235201,-2.1487529e-05,0.010554175,0.0019257589,0.009746007,0.0038345407,0.006014028,0.00845288,0.008687135,0.010377654,-2.875814e-05,0.004910218,0.002644589,0.004240612,0.010566859,0.006961787,-2.1565646e-05,0.006807058,0.00043171176,0.01663648,-2.5863701e-05
0.0053587686,0.005732145,0.008240469,0.002084177,0.008216629,0.0016438273,0.006594661,0.008692971,0.0076577663,0.007045572,0.008127726,0.0005670503,0.0049091047,0.006123522,0.00972775,0.008459085,0.00849169,0.008909907,0.003194875,0.00932881,0.009490034,-2.512522e-05,0.0047298884,0.0069400975,0.0,-2.6401764e-05,0.0059271636,-2.3993252e-05,0.0068394733,-2.9253606e-05,0.009429234,-2.1970232e-05,0.010172744,0.009615164,0.003234731,0.0061705806,0.003621172,0.009597761,0.0076527307,0.0005051988,-2.8293312e-05,-2.323482e-05,-2.100387e-05,0.009561676,-2.662769e-05,0.0032886083,0.009608946,0.007215825,-2.3226674e-05,0.009004894,-2.3113873e-05,0.008361768,0.0053827455,0.00991439,0.009878641,0.00844188,0.009522384,0.0013108372,0.008269541,-2.7272246e-05,0.005712489,0.004435782,0.0076662116,0.005077909,0.0038028276,0.00955752,0.008767424,-2.6005837e-05,-2.240106e-05,0.0022152797,0.009468294,0.009500344,0.008046524,0.0031578746,0.0015711425,0.0008862826,0.0089112315,0.009594303,0.010289277,0.006467347,0.0052342927,3.5075038e-05,0.005196555,0.0075888843,0.0100484,0.0055253953,0.0068332274,-2.5320576e-05,0.009914657,0.009422995,-2.346173e-05,0.0080116615,-2.3991106e-05,0.0071734334,-2.5192736e-05,0.0020604755,0.00575492,0.006178045,0.007939543,-2.4474144e-05,0.0010882624,-2.6315176e-05,9.892273e-05,0.007988757,0.0043804194,-2.6850978e-05,0.002746785,-2.5530864e-05,0.01827578,-2.8767754e-05
3.2427208e-05,3.1192965e-05,0.004345973,3.154536e-05,0.003909031,3.967371e-05,5.0475046e-05,0.005416917,0.0026810437,0.0014352952,0.0042388993,3.1193045e-05,3.8337697e-05,4.427904e-05,0.008767917,0.0043923613,0.004579233,0.005571246,3.201325e-05,0.010238748,0.008725776,3.2349126e-05,3.769938e-05,0.0007376098,2.6345662e-05,0.0,3.061516e-05,3.1286094e-05,0.00017164975,2.9655455e-05,0.007343312,2.438391e-05,0.010455561,0.0072072754,3.290097e-05,3.9398103e-05,2.4768859e-05,0.012923776,0.002866696,2.421827e-05,2.5735888e-05,3.8450085e-05,2.9094295e-05,0.008353247,4.0616364e-05,2.6993408e-05,0.007924646,0.0014957121,2.9000725e-05,0.0066679036,2.633978e-05,0.0042873383,3.171698e-05,0.008937742,0.009901213,0.004453848,0.010934177,2.6606847e-05,0.0036541694,3.427886e-05,2.5161758e-05,3.079965e-05,0.0018092667,3.234925e-05,2.9868392e-05,0.00945767,0.0052162884,2.7307095e-05,3.721272e-05,2.8312132e-05,0.012845589,0.010940797,0.0035486922,3.903966e-05,3.2668187e-05,2.683735e-05,0.005745645,0.009798041,0.01586256,4.3961456e-05,3.268043e-05,2.848426e-05,2.6532693e-05,0.0024761807,0.009424095,3.515037e-05,0.00049132603,3.809231e-05,0.010846681,0.00710173,3.409776e-05,0.0029170564,3.1182924e-05,0.0012538177,3.2876076e-05,2.9942166e-05,3.771569e-05,4.4595377e-05,0.0034071929,2.395131e-05,2.8049553e-05,2.7251584e-05,3.8232487e-05,0.0030198258,2.5346706e-05,2.6467662e-05,3.9122755e-05,2.604344e-05,0.026612477,3.502566e-05
0.007377715,0.0076599065,0.0096277995,0.0039810473,0.009933391,0.0042372174,0.008197882,0.010092682,0.009144172,0.008702687,0.00943041,0.0030300114,0.0058379835,0.008133546,0.010669766,0.0099163,0.009689627,0.010059508,0.0055075544,0.010609533,0.010544339,0.000198894,0.0070883315,0.008776691,0.0048000286,-2.7478187e-05,0.0,-2.78371e-05,0.008343373,-2.6606771e-05,0.010763159,-3.1303214e-05,0.010826416,0.010993968,0.005065517,0.008381235,0.006219068,0.010127329,0.009058105,0.0032041261,0.00039381447,-2.5922423e-05,-2.7490345e-05,0.010576481,-3.148838e-05,0.005308347,0.010863146,0.009114543,-3.0984742e-05,0.010032017,-2.8087174e-05,0.009738291,0.0069632167,0.010820251,0.010549177,0.009854923,0.010473247,0.004230154,0.0095649855,-2.9962024e-05,0.007839942,0.006108299,0.009106777,0.0072713667,0.0060898676,0.010337325,0.010065521,0.0029808911,-3.0231227e-05,0.004790091,0.009917218,0.010388932,0.009500119,0.004487071,0.0038403256,0.0038111904,0.010218728,0.010208682,0.010173495,0.008249913,0.0075855553,0.0023369973,0.007573825,0.008938276,0.0107042,0.007103849,0.0086800195,-2.6413703e-05,0.010296744,0.010549007,-2.921376e-05,0.009508417,0.0012346981,0.00885424,0.0025855391,0.004799648,0.0074541382,0.007443435,0.009572221,-2.5128182e-05,0.003573313,0.0017060135,0.0031716086,0.009712418,0.0055736676,-3.103026e-05,0.0056926864,-2.6187892e-05,0.016261972,-2.6116903e-05
0.00063863816,0.0011172845,0.005380897,-1.4547826e-05,0.005065141,-1.8097098e-05,0.0023108404,0.006242309,0.0042218976,0.003268991,0.005614665,-1.2412284e-05,-5.31544e-06,0.002102532,0.009165529,0.0058961767,0.006038399,0.0067643016,-1.345149e-05,0.010205172,0.008895569,-1.2513094e-05,-1.1021899e-05,0.0028755206,-1.4973124e-05,-2.8013283e-05,0.00084348966,0.0,0.0023534982,-2.5641133e-05,0.0076467143,-2.4443918e-05,0.010501413,0.008164087,-1.0518863e-05,0.002303466,-1.4976577e-05,0.012241347,0.004388664,-1.0031622e-05,-1.6505344e-05,-2.4762898e-05,-3.170796e-05,0.008750155,-1.919088e-05,-1.5714246e-05,0.008501155,0.0036440159,-3.1183143e-05,0.007350687,-1.9771624e-05,0.005984104,0.000471045,0.009108988,0.009780897,0.005922243,0.010345229,-1.2767034e-05,0.0052331067,-1.9818188e-05,0.0003747186,-9.518806e-06,0.003659761,0.000307726,-1.7100514e-05,0.009498131,0.0065937927,-1.3914786e-05,-2.3764622e-05,-8.999738e-06,0.012117318,0.01042318,0.0049153883,-5.608328e-06,-8.779975e-06,-1.5147984e-05,0.006958744,0.0093281595,0.013958706,0.0021237626,0.00078651257,-1.695327e-05,0.0005369862,0.003964714,0.009719914,0.0011714244,0.0030170446,-2.750495e-05,0.00982599,0.007887077,-1.7956521e-05,0.0050355764,-2.1877859e-05,0.00296542,-2.106384e-05,-1.2222626e-05,0.0011158972,0.0009906116,0.0045790267,-3.91329e-05,-1.45771155e-05,-1.8228211e-05,-1.725822e-05,0.004975971,-1.2370107e-05,-2.518092e-05,-1.46392185e-05,-1.9284e-05,0.02135011,-1.9568864e-05
0.008246891,0.008712582,0.010420487,0.0055435896,0.010492683,0.005250413,0.009215304,0.01064875,0.009944248,0.009449765,0.010104344,0.0040300703,0.0071887523,0.009025634,0.011245794,0.010572734,0.010449937,0.010664135,0.0062210523,0.01063146,0.0108445985,0.001022773,0.007838408,0.009431499,0.0053219707,-1.7752374e-05,0.008469202,0.0005709074,0.0,-1.855115e-05,0.010830436,-1.6352144e-05,0.010888402,0.0112648355,0.006249808,0.009147338,0.006853229,0.009969301,0.009945771,0.0042126835,0.0019861206,-1.6136923e-05,-2.6616133e-05,0.011109225,0.0008417825,0.006171811,0.0111119505,0.009826277,-1.8833458e-05,0.010679909,-1.5528787e-05,0.010478697,0.007999272,0.011185757,0.010997376,0.010465277,0.010624357,0.004950475,0.010314114,-1.8193405e-05,0.00821935,0.00722397,0.00985376,0.008090252,0.006981737,0.010668099,0.010715198,0.0039019207,-1.9141684e-05,0.0055014826,0.009812701,0.010748976,0.010327698,0.006252205,0.004284951,0.0048411866,0.010976813,0.0106723355,0.010456024,0.009181554,0.00842992,0.003260342,0.008340529,0.010015014,0.011075682,0.008437532,0.00964451,-1.2054163e-05,0.010584424,0.010989591,-2.1501364e-05,0.01013648,0.0012278629,0.009316554,0.0037091388,0.005825736,0.008472179,0.008608884,0.010138872,-2.396922e-05,0.0047879787,0.002418015,0.0038891754,0.010238464,0.006855106,-1.885275e-05,0.0065659485,-1.8518202e-05,0.01641844,-1.7962071e-05
-5.33794e-06,8.08467e-06,0.0013106733,-1.2362221e-05,0.00024632295,-3.9714014e-06,1.0352602e-05,0.0028105464,1.4966032e-05,2.5446711e-06,0.00073342293,-2.756913e-06,5.355269e-08,9.335933e-06,0.008404642,0.0010611848,0.0012595964,0.0026748811,-8.360461e-06,0.011159496,0.008505872,-2.8515997e-05,6.5334834e-06,1.1898888e-06,-8.580106e-06,-3.8067938e-05,7.078358e-06,-2.786771e-05,6.429042e-06,0.0,0.0055489936,-1.6479189e-05,0.011450087,0.005257165,-5.1211373e-06,-7.22074e-06,-1.6540664e-05,0.016724465,1.0710059e-05,-1.6266886e-05,-6.7107467e-06,-3.249037e-05,-1.6101692e-05,0.007857149,-1.574629e-05,3.1547172e-06,0.006574632,8.771309e-06,-2.046419e-05,0.0050783306,-2.2956267e-05,0.00096312526,5.8241876e-06,0.008646037,0.010209153,0.0010982936,0.0118201515,-3.1242334e-06,9.881779e-06,-7.288529e-06,2.6616644e-06,5.5653913e-06,1.27330495e-05,-1.2831012e-05,-1.763894e-05,0.009911143,0.0024279736,-9.210786e-06,-2.8682385e-05,-1.6298032e-05,0.016512655,0.0121971015,9.616521e-06,-5.075092e-06,-1.0297185e-05,-2.4568715e-05,0.0030498975,0.009895451,0.022267157,-9.144901e-06,-1.0004477e-05,-2.7961834e-05,-8.764247e-06,1.8310238e-05,0.009455956,5.666776e-06,-4.141435e-06,-9.949123e-06,0.011300953,0.0052027246,-3.419156e-05,1.3366911e-05,-9.658775e-06,8.859997e-06,-1.2000719e-05,-1.2488737e-06,-5.633978e-07,9.003471e-06,1.9602012e-05,-3.4021414e-05,-2.1386402e-05,-2.7388149e-05,-1.570233e-05,2.232275e-06,7.844903e-06,-3.5992896e-05,-1.9239986e-05,-2.8728706e-05,0.032654032,-4.0885177e-05
0.010520482,0.010511203,0.012818649,0.0075117126,0.013086555,0.007830375,0.0110488115,0.013531564,0.012074473,0.011828293,0.012496139,0.006764657,0.00870608,0.011536245,0.0140685905,0.01282835,0.012468656,0.012925089,0.008589264,0.01529048,0.014790045,0.004192743,0.010323018,0.011452017,0.008144947,0.0018338892,0.011382533,0.004286913,0.011351395,-2.6512891e-05,0.0,-2.902717e-05,0.015441011,0.014200502,0.008366589,0.011517054,0.009461166,0.014521902,0.012056404,0.0068602003,0.0044598193,-2.8483806e-05,-3.3268436e-05,0.013867799,0.0042681717,0.008370107,0.0143940905,0.012136087,-2.8024062e-05,0.012904548,0.003382537,0.012783829,0.009695572,0.014095218,0.014140101,0.012774263,0.015164711,0.0076366714,0.012418264,0.0028895573,0.010530116,0.00903993,0.011699734,0.010520659,0.009259529,0.013928863,0.012872096,0.0068370155,-2.6085076e-05,0.008190357,0.014639222,0.014571988,0.012986629,0.007909781,0.007193131,0.0075181047,0.013598933,0.014192463,0.015728222,0.011120761,0.010639492,0.0059448685,0.010810203,0.011762125,0.013916996,0.010191567,0.011659054,0.003927874,0.014435529,0.013966865,-2.831468e-05,0.012506734,0.005842113,0.011804528,0.0063629583,0.008297955,0.010590113,0.010350665,0.012358527,-3.2635056e-05,0.0072482596,0.0057682674,0.006661231,0.013029718,0.008895972,-2.9009827e-05,0.0092162695,0.0042516147,0.023543784,-3.0370258e-05
6.0697903e-06,6.1068617e-06,0.0028916155,2.893205e-06,0.002185012,4.0894133e-06,9.377639e-06,0.0044288053,0.0009452987,2.1948632e-05,0.0029970529,2.1129414e-05,2.269994e-05,1.30938215e-05,0.009249044,0.0030332026,0.0034159701,0.0047181547,1.3289349e-05,0.011380006,0.009311736,1.46405755e-05,2.4402189e-05,2.1204816e-05,2.2110187e-05,1.1360058e-05,2.5081174e-05,3.8509593e-06,2.557457e-05,1.2461856e-05,0.007058065,0.0,0.01174058,0.007015773,4.568801e-06,2.129104e-05,2.4226129e-05,0.015405239,0.0012482732,8.626364e-06,2.402312e-05,6.7629812e-06,1.7073698e-05,0.008704895,8.413084e-06,2.0944866e-05,0.007930062,1.3541473e-05,-2.9600665e-06,0.0066354326,1.3616888e-05,0.0030251546,1.633118e-05,0.00923742,0.01079312,0.0033447389,0.012008162,2.5276893e-05,0.0020129983,6.136177e-06,2.614938e-05,7.703851e-06,2.4209581e-05,6.688442e-06,1.705817e-05,0.010353475,0.004366122,2.5218482e-05,2.021628e-05,1.2925265e-05,0.015194749,0.012049872,0.001641684,1.8214436e-05,2.1936283e-05,1.312514e-06,0.0047601247,0.010172614,0.019368803,1.3942417e-05,4.227794e-06,1.710101e-05,1.0754233e-05,0.000113181086,0.010021125,1.3851958e-05,2.6146918e-05,6.369976e-06,0.011343207,0.0065144543,1.5373165e-05,0.0010560816,1.963249e-05,1.6343969e-05,2.3299961e-05,1.2325194e-05,1.9489244e-05,2.1034193e-05,0.0017765999,9.305635e-06,1.861446e-05,1.164709e-05,7.3299097e-06,0.00083472725,2.071226e-05,3.5809878e-06,1.036468e-05,1.4108594e-05,0.030177807,2.2882969e-05
0.012555986,0.012566918,0.01545887,0.009583413,0.015640788,0.009463776,0.013147081,0.016104361,0.014502772,0.014182096,0.015392137,0.008611104,0.011244839,0.013445122,0.017393658,0.01530839,0.015367061,0.015700338,0.010613879,0.019119706,0.018178083,0.0061264667,0.012143814,0.013673356,0.010033407,0.004220479,0.0133070415,0.0060247253,0.013424746,0.0004388561,0.017745754,0.0020817053,0.0,0.017171878,0.01044482,0.013536176,0.011169531,0.019272057,0.014625944,0.008577693,0.006864234,0.0016553074,-2.4308647e-05,0.017397331,0.005958229,0.010482402,0.017546013,0.014062555,-2.6811123e-05,0.016157083,0.0052104047,0.015516412,0.011801464,0.017216485,0.017955253,0.0155199105,0.018866945,0.009334278,0.0151592465,0.004883806,0.012463475,0.011046274,0.013921996,0.012378633,0.011017589,0.017927058,0.01564275,0.00858982,0.0010393658,0.010018589,0.01943047,0.018503599,0.015121652,0.010110951,0.009073969,0.0092448415,0.015964733,0.017472895,0.021039372,0.013024066,0.012570937,0.0077423984,0.012587752,0.014219356,0.01729961,0.012289232,0.013728898,0.005760878,0.017971221,0.01657442,0.0006556815,0.014843199,0.0073160324,0.014312823,0.007954332,0.010015145,0.012772651,0.012648892,0.014783892,-2.6232454e-05,0.009097154,0.007373152,0.008286567,0.015100119,0.011035335,0.0003436608,0.010727321,0.0057298155,0.026748693,-2.4085963e-05
0.010620065,0.010725206,0.013167674,0.00767288,0.013553201,0.007686525,0.011311851,0.0137653295,0.012503728,0.012093955,0.012863159,0.0066086887,0.008939761,0.011574946,0.0145094665,0.013362824,0.013084799,0.013383416,0.008581531,0.015473032,0.014973137,0.0039159404,0.010354914,0.011725198,0.0079094255,0.0012662202,0.011437494,0.0038233257,0.01169656,-2.266416e-05,0.0149935195,-2.0265763e-05,0.015703397,0.0,0.008459504,0.011735814,0.009355703,0.015113483,0.012421681,0.00657954,0.004205318,-2.1113146e-05,-2.8761031e-05,0.014342701,0.0037570146,0.008410496,0.014660788,0.012211101,-2.613292e-05,0.013603829,0.0030593798,0.013163033,0.010069972,0.014474468,0.014743898,0.013204158,0.015248711,0.007459975,0.0130371405,0.0025934582,0.0107755,0.009141931,0.012128015,0.010429868,0.009292537,0.014496673,0.01343749,0.006661268,-2.2368047e-05,0.008207475,0.01490564,0.015011162,0.013158882,0.007990842,0.0069287117,0.0074976487,0.013684234,0.014391558,0.015588976,0.011355941,0.0108001875,0.0057399194,0.010825332,0.012183838,0.014341368,0.0104071945,0.01189799,0.0035099115,0.014584768,0.014100341,-2.5950747e-05,0.012810644,0.0053273314,0.012275782,0.006165519,0.008122363,0.010747998,0.010679449,0.01283886,-2.5508716e-05,0.007135594,0.0053401683,0.006440263,0.013101808,0.008928233,-2.2574812e-05,0.009030683,0.0037492123,0.019762632,-2.8513043e-05
0.0060695964,0.00664647,0.008643121,0.003369327,0.008677668,0.0025849722,0.007403256,0.009045553,0.008179273,0.007695304,0.008544279,0.0013502063,0.0066082897,0.0066106822,0.009907404,0.009013641,0.009037611,0.009485937,0.0037654184,0.009577868,0.009658775,-2.876199e-05,0.005353747,0.0076583605,0.0031357096,-2.5060679e-05,0.0062371343,-2.7229802e-05,0.0075771515,-2.8494263e-05,0.009804986,-3.084352e-05,0.010238754,0.009745132,0.0,0.006907708,0.0042350157,0.0096397335,0.008143517,0.0012879234,0.0006342744,-2.4692241e-05,-2.9240482e-05,0.009752205,-2.8922806e-05,0.0042413785,0.009845413,0.007919653,-2.8489629e-05,0.009286665,-2.3140059e-05,0.008925036,0.0062850346,0.009986729,0.00971973,0.008960343,0.009512488,0.0018931597,0.008886919,-2.5785263e-05,0.006174442,0.005473888,0.008137868,0.005696458,0.004536806,0.009282075,0.009336597,0.00053844566,-3.064241e-05,0.0028335294,0.0093298415,0.0094557265,0.008415008,0.004823263,0.0020011878,0.0016456179,0.0093973065,0.009128383,0.010303581,0.0070806458,0.0060018627,0.0008735019,0.0057318397,0.008348379,0.010175297,0.0064640925,0.0075611165,-2.5942692e-05,0.009632359,0.009627666,-2.839869e-05,0.008558884,-2.85204e-05,0.0075042197,0.0006383918,0.002856485,0.0068859993,0.007040683,0.008482665,-3.0860934e-05,0.0020837546,-2.5586254e-05,0.0008353564,0.00832179,0.0054755216,-2.5973744e-05,0.0034567632,-2.727853e-05,0.017811675,-3.1481497e-05
0.0077085723,0.008057044,0.01009896,0.004788711,0.01033458,0.005305892,0.008459862,0.0105393,0.009280023,0.008802766,0.009486594,0.0035069461,0.0054633017,0.008991656,0.010832003,0.010112591,0.009613012,0.009948613,0.0054796846,0.010790179,0.010718275,0.00050626503,0.007438115,0.008919464,0.004323486,-1.0298352e-05,0.007759942,0.000836984,0.008733655,-1.3551293e-05,0.010768692,-1.2487292e-05,0.010931916,0.010863525,0.0050639207,0.0,0.0068354015,0.01017635,0.009213871,0.003669768,0.00042409706,-6.8786626e-06,-1.5723232e-05,0.010608689,0.00094844337,0.0053202747,0.010684125,0.009648682,-1.0984467e-05,0.010005421,-1.0758775e-05,0.009934421,0.007240378,0.010973331,0.010684614,0.009938044,0.010940193,0.004945985,0.009654732,-6.744709e-06,0.007702552,0.006186279,0.009116662,0.0077191577,0.0062848055,0.010316139,0.009989821,0.004115769,-1.0635803e-05,0.0051249876,0.010058875,0.010639231,0.010378841,0.005387323,0.0034320147,0.0047745826,0.01071631,0.010669024,0.01033175,0.0090118,0.008426109,0.002267689,0.0083957445,0.009172588,0.0105966795,0.007981034,0.009407366,-8.1207845e-06,0.010763554,0.010915818,-1.5019054e-05,0.009714885,0.002365261,0.008758375,0.0035290048,0.0057784826,0.007290887,0.0074177235,0.009272513,-1.8446024e-05,0.0041256305,0.0022033197,0.00379924,0.010095249,0.0055355714,-9.409924e-06,0.0066454676,0.0009838848,0.016649863,-1.1878178e-05
0.0059226514,0.006305831,0.008528129,0.0026633658,0.008617712,0.0029972966,0.006960801,0.008919456,0.007848736,0.007277125,0.008090371,0.0013288343,0.0042629056,0.0069195544,0.0095868055,0.0087169055,0.00837353,0.008590472,0.00366719,0.009781761,0.009392299,-1.5618516e-05,0.0056356443,0.0074502905,0.0026235173,-1.8888917e-05,0.0062111,-2.1842878e-05,0.007044857,-2.4057223e-05,0.009688218,-1.915955e-05,0.009991491,0.009681701,0.003255195,0.007249532,0.0,0.008887348,0.007722193,0.001529183,-1.2601362e-05,-2.1950245e-05,-2.6626012e-05,0.009509314,-1.5071034e-05,0.0036718445,0.0094848685,0.007859652,-2.7415954e-05,0.008900712,-1.6030179e-05,0.008504956,0.005733388,0.009767975,0.009630891,0.008483929,0.009675927,0.0027955712,0.008368648,-1.7603865e-05,0.006112639,0.0046936474,0.007887257,0.005870626,0.0045474665,0.00928885,0.008847658,0.0018494445,-2.3834604e-05,0.003117689,0.008771375,0.009462773,0.0084741,0.0034384148,0.0014265496,0.0024257652,0.0091325985,0.009350722,0.009422665,0.007271228,0.0062764157,0.00046993952,0.006303636,0.0077654603,0.009627665,0.0060274797,0.0076882923,-1.6808e-05,0.009333967,0.009497279,-2.7022277e-05,0.008256233,-2.0117019e-05,0.007330771,0.0012406323,0.003554026,0.0058491873,0.005915963,0.008029846,-2.858243e-05,0.001874544,-1.40656e-05,0.0014810828,0.008441634,0.0043250434,-1.9912462e-05,0.004509423,-1.7830533e-05,0.016088916,-2.8376768e-05
0.015450071,0.015529225,0.018435646,0.012201462,0.018139808,0.011979323,0.01592596,0.019104518,0.017620374,0.017158885,0.018613705,0.011422758,0.014386011,0.016229456,0.020566287,0.018467657,0.018510463,0.01892385,0.013063989,0.021665141,0.020665733,0.008583026,0.014749666,0.01651828,0.012652593,0.007023756,0.015887136,0.008460018,0.016246967,0.0028255817,0.020170065,0.0047402484,0.021708896,0.019752402,0.013244889,0.016324153,0.013762432,0.0,0.017901367,0.011177114,0.0098770335,0.004498012,-2.393367e-05,0.020541655,0.008543141,0.013250641,0.020162066,0.0168429,-2.212273e-05,0.01949691,0.0077967425,0.01837875,0.01466112,0.020330269,0.021105064,0.018562343,0.021798667,0.011702933,0.018035104,0.0073266677,0.014982977,0.014095768,0.016738882,0.015054713,0.01361065,0.021236187,0.018613985,0.010859649,0.0036108159,0.012582452,0.023787694,0.021911368,0.018089566,0.013223163,0.01169664,0.011757222,0.01886918,0.020825142,0.027395539,0.015860552,0.015274715,0.010559884,0.015071456,0.017225144,0.020567589,0.015389647,0.016387733,0.008330842,0.021391574,0.019480001,0.0031611507,0.017609125,0.009085394,0.016983198,0.010418668,0.012695036,0.015791792,0.015688248,0.017786099,-2.7796641e-05,0.011671393,0.009836232,0.010691183,0.018012308,0.0138690295,0.0028424982,0.013321045,0.007719784,0.028103622,0.0018648357
0.0093505345,0.00971704,0.011745835,0.0065432824,0.011893122,0.006290044,0.010159617,0.01209924,0.011190202,0.010748071,0.011386315,0.0050577903,0.008102883,0.010313556,0.012825061,0.011911201,0.011736802,0.012133588,0.0072710337,0.012456798,0.012456625,0.0018625844,0.008981413,0.010570179,0.006396698,-2.0657322e-05,0.009794038,0.0015734289,0.0104196,-1.8544699e-05,0.012448958,-1.970656e-05,0.012684753,0.0127290385,0.0070244297,0.01043313,0.0080987895,0.012163827,0.0,0.00519365,0.0027748663,-1.9488016e-05,-2.769167e-05,0.0127522545,0.0017666711,0.007320974,0.012470623,0.011073984,-2.3995044e-05,0.012045586,0.0008578814,0.011876803,0.008983411,0.01282856,0.01263854,0.011768386,0.012382972,0.005831265,0.011671,0.0002818923,0.009377341,0.008223248,0.011098188,0.009308218,0.007988653,0.01249987,0.012095781,0.0049410253,-2.106956e-05,0.006596326,0.012007062,0.012500231,0.011552632,0.007170241,0.0052623893,0.0057472168,0.01246502,0.012366126,0.012339229,0.010322544,0.009764099,0.0040999944,0.009449654,0.011114197,0.012651006,0.009497464,0.010738206,0.0009913165,0.012500243,0.012446293,-2.1178843e-05,0.011588526,0.0026303905,0.0107337665,0.004721973,0.0068151327,0.009496147,0.009564895,0.011346505,-2.8279042e-05,0.005721932,0.0034158009,0.004829747,0.011612443,0.0076916856,-2.1867783e-05,0.007684839,0.0011865237,0.017534863,-1.9562458e-05
0.0039799334,0.0045851776,0.0073018237,0.0009301369,0.007233129,0.00055788667,0.0053974665,0.007927366,0.006502507,0.0057998346,0.0070612314,-1.9096484e-05,0.0032449611,0.005176739,0.009285155,0.007459478,0.0076599997,0.007995582,0.0016261083,0.009563515,0.009030768,-1.8799681e-05,0.0034104623,0.0058125253,0.00046608577,-2.611238e-05,0.0044501917,-1.577929e-05,0.005499648,-2.61413e-05,0.008933634,-2.1451133e-05,0.009851796,0.008823372,0.0013781379,0.0053332634,0.002315124,0.010154252,0.0065515293,0.0,-1.2870221e-05,-2.5545723e-05,-2.4198915e-05,0.009032697,-1.5015237e-05,0.0015741495,0.008980053,0.0062687625,-2.4808764e-05,0.008269951,-1.5903672e-05,0.007425478,0.0041976734,0.00937235,0.00955583,0.007382515,0.009563898,1.253367e-05,0.0071780304,-2.3767127e-05,0.0040975716,0.0029137884,0.006539819,0.0038929284,0.0025077628,0.009090461,0.008022856,-1.5305583e-05,-2.1057194e-05,0.00054092787,0.010129933,0.009615436,0.0070537897,0.0017324033,-1.6121625e-05,-1.48303725e-05,0.008207152,0.009157571,0.010570028,0.005455514,0.0042986237,-1.9141977e-05,0.004095644,0.006568759,0.009476835,0.0044256467,0.006017482,-1.5690559e-05,0.009299687,0.008706479,-2.2148777e-05,0.0069933515,-2.1298241e-05,0.0057259984,-1.890813e-05,0.0009330659,0.0042060358,0.00456628,0.006931222,-2.8893832e-05,-1.8966992e-05,-2.2225851e-05,-1.8878223e-05,0.0069286986,0.0027012986,-2.7654056e-05,0.0018056259,-2.589217e-05,0.017803382,-2.7637121e-05
0.003092483,0.003865511,0.007328941,0.00013544537,0.007092559,-2.6290913e-05,0.0051021017,0.007897231,0.0065936013,0.0055861487,0.0073403995,-2.3232033e-05,0.0061085885,0.0038480756,0.009934927,0.007618426,0.007982931,0.008692624,-2.4572659e-05,0.010595654,0.0097485855,-2.2402433e-05,0.0018615917,0.0054664323,-2.1546324e-05,-2.4284822e-05,0.0030697547,-2.3800401e-05,0.0052872314,-2.3590823e-05,0.009457938,-2.9464965e-05,0.010947774,0.009256357,0.0014676435,0.0040281587,-1.5718548e-05,0.0120502375,0.00652327,-2.6651476e-05,0.0,-1.9106436e-05,-2.7067215e-05,0.009630537,-2.4311828e-05,0.00081955234,0.009475725,0.0055887,-1.5932737e-05,0.008993319,-2.6438915e-05,0.0075307256,0.0038886834,0.009947725,0.010583608,0.007653993,0.010889269,-3.1244042e-05,0.007474425,-2.1359878e-05,0.0028294486,0.0029236143,0.006201933,0.0024505646,0.0007116099,0.010023164,0.008515268,-2.7206652e-05,-2.5163157e-05,-2.1915148e-05,0.011836395,0.010835281,0.006778889,0.002769573,-2.1546613e-05,-2.8920382e-05,0.008255223,0.010061647,0.013403927,0.0044000843,0.002617304,-2.812579e-05,0.002253763,0.006710332,0.010486988,0.0039330362,0.0048264912,-1.8750776e-05,0.01042334,0.008909209,-3.066003e-05,0.006854252,-2.4528503e-05,0.005238658,-2.5275449e-05,-2.166098e-05,0.004937835,0.0051067374,0.007196971,-2.1653545e-05,-2.3343266e-05,-3.060108e-05,-2.7828235e-05,0.0064713294,0.00335039,-1.8585066e-05,-2.2151962e-05,-3.1018884e-05,0.024614215,-2.2503158e-05
5.2946707e-05,5.416477e-05,0.0042588674,3.907587e-05,0.0037243275,4.221393e-05,4.945456e-05,0.005405538,0.0025758697,0.0010050866,0.0042963363,4.237936e-05,5.6238005e-05,4.9998125e-05,0.009298907,0.0043858835,0.0046304706,0.0057181446,3.7463982e-05,0.011162701,0.009323195,4.0221974e-05,5.4063115e-05,0.00042521142,3.5439632e-05,4.945974e-05,5.384819e-05,4.611261e-05,5.9965354e-05,5.209569e-05,0.007636585,5.7402765e-05,0.011477422,0.0076298816,4.8607642e-05,6.186605e-05,4.2378724e-05,0.014373627,0.0027848817,3.9773622e-05,4.6624962e-05,0.0,5.0707204e-05,0.008826291,4.2384196e-05,4.783104e-05,0.00824853,0.000981662,4.3308897e-05,0.0070169093,5.438076e-05,0.004321321,5.072636e-05,0.009335119,0.010577831,0.0044846158,0.011608529,4.5976805e-05,0.003617769,4.8854872e-05,4.932795e-05,5.683771e-05,0.0013877767,5.3617445e-05,4.1236755e-05,0.010036205,0.005295364,3.7085134e-05,4.2804502e-05,4.4040695e-05,0.014322188,0.011690768,0.003206167,5.219988e-05,3.4575893e-05,4.6820427e-05,0.0057537826,0.010080875,0.018015746,6.0366005e-05,4.7970756e-05,3.4277633e-05,5.6021163e-05,0.0020090141,0.009954597,5.625232e-05,4.9195052e-05,3.974552e-05,0.011156413,0.0071550957,4.8581842e-05,0.0027362797,4.073917e-05,0.00036384887,4.882209e-05,4.738445e-05,4.9305654e-05,5.8573478e-05,0.0031818168,4.98497e-05,4.555613e-05,3.845146e-05,3.689674e-05,0.0026292137,4.8057016e-05,5.59915e-05,4.5449262e-05,4.202886e-05,0.029292226,5.644383e-05
-1.410292e-05,-1.2673245e-05,1.1912875e-06,-7.294399e-06,-1.7414864e-05,-9.3771433e-07,-1.903682e-05,-2.0633006e-05,4.8548172e-06,2.3917094e-06,-1.1736134e-05,-2.0892623e-05,-2.0148016e-05,-2.1024707e-05,0.0035451853,6.631571e-06,6.293863e-06,-1.4474887e-05,-1.5751799e-05,0.009190421,0.0038780086,-8.251674e-06,-2.053244e-05,-2.3989922e-05,-2.181455e-05,-2.1036845e-05,-2.0953474e-05,-9.230539e-06,-9.684111e-06,-1.8856883e-05,-1.993741e-05,-1.3714573e-05,0.009484876,-5.2060836e-06,-5.420879e-06,-6.8307436e-06,2.8814466e-06,0.019714229,-1.4808069e-05,8.854918e-06,-3.7990749e-06,-2.8095194e-06,0.0,0.0022677665,-1.4673269e-05,1.1883602e-05,5.753581e-06,4.392915e-06,7.646634e-06,-8.731098e-06,-2.079408e-06,3.6440752e-06,-1.8872937e-05,0.0031727697,0.007316648,3.2334663e-06,0.010150368,5.294593e-07,-1.5287505e-05,2.844172e-06,3.114512e-06,-3.6251365e-06,-1.2643598e-05,-1.8007089e-06,-5.1400825e-06,0.007167008,-1.9719728e-05,-3.2409766e-06,-1.6771352e-05,-1.2137221e-05,0.019255245,0.011361538,-1.3651158e-05,-2.2102874e-06,-1.8266574e-06,-5.5113696e-06,-2.0849873e-05,0.0059458828,0.029733991,-5.433819e-06,-6.5631007e-06,-1.3582846e-05,9.8025685e-06,8.119003e-06,0.005331617,1.0797498e-05,-1.0147338e-05,-1.5600735e-05,0.009057423,-7.899701e-06,-4.932667e-08,8.317093e-06,-1.2256002e-05,-2.101211e-05,-1.6036378e-05,-5.288144e-06,-2.1241713e-05,-1.6778178e-05,2.952701e-06,-1.747493e-05,1.2018814e-05,-3.1067239e-06,-1.735759e-05,2.3374325e-06,-1.3508149e-05,3.8745674e-07,5.63367e-06,-1.2951986e-06,0.04245763,-7.833459e-06
0.011683827,0.011937008,0.014438356,0.008684642,0.014465699,0.008551036,0.012323333,0.01515942,0.013674794,0.013185465,0.014284872,0.0074628904,0.010292712,0.012641077,0.016445138,0.014569083,0.014518577,0.014823458,0.009407061,0.016582191,0.016198488,0.004594895,0.011112066,0.012934475,0.008911494,0.0021012635,0.012163066,0.0046278057,0.012746298,-2.1003336e-05,0.015676416,0.00019855618,0.016872635,0.01567767,0.009422296,0.012745487,0.010115566,0.01724429,0.013805389,0.0074925655,0.005453069,-2.004391e-05,-2.3511073e-05,0.0,0.0045050075,0.009419881,0.01567917,0.013263545,-2.6132157e-05,0.015422978,0.003738324,0.014498412,0.011014665,0.016425667,0.016531188,0.014601401,0.016826192,0.008246811,0.014134395,0.0034690923,0.011474223,0.010183817,0.013121617,0.011344714,0.010155068,0.016394312,0.0147765875,0.0072402423,-2.3630897e-05,0.008897098,0.017217066,0.016985467,0.01422041,0.009286786,0.0077391635,0.008201727,0.015087357,0.016529648,0.018058037,0.012416247,0.011757532,0.006624051,0.011694686,0.013467114,0.016228374,0.011675931,0.012984356,0.004172114,0.016912488,0.01562344,-2.5776297e-05,0.014005989,0.005467264,0.013050579,0.006935599,0.009144248,0.011968969,0.011832481,0.013895736,-2.4180406e-05,0.008109631,0.0060844054,0.007228368,0.01400175,0.009930052,-2.3022489e-05,0.009740619,0.0041547846,0.021545472,-2.4237826e-05
0.0011646538,0.00187356,0.0059889946,1.1745106e-05,0.0056921593,-7.948978e-08,0.0028838492,0.006608001,0.004587863,0.0037623844,0.0055985353,6.51155e-06,1.5472502e-05,0.0027098672,0.009376611,0.0060241446,0.0060356837,0.0066546677,3.432881e-06,0.010464843,0.009211359,-8.422346e-06,0.0002970384,0.0035153944,8.918698e-06,-4.4661997e-06,0.0011137538,1.2962475e-07,0.003024718,-4.4550966e-06,0.008081438,-1.327722e-05,0.010750504,0.008027153,6.981946e-06,0.0028919177,6.903918e-06,0.012362791,0.0048022214,-3.1619572e-06,-2.508404e-06,-7.04052e-06,-1.0976464e-05,0.008595866,0.0,4.4705207e-06,0.008343771,0.0041998816,-1.3403097e-05,0.0075044623,3.1069949e-06,0.0058565214,0.0011255206,0.008892474,0.010139966,0.005992714,0.010147789,-2.8778338e-06,0.005340811,-4.85608e-06,0.0007671434,4.538141e-06,0.004334792,0.00085484167,7.941197e-06,0.00967914,0.0065571284,-7.2595554e-07,-1.2933192e-05,2.454285e-06,0.012176001,0.0102192005,0.0054063727,1.1674899e-05,6.1555606e-06,3.5880619e-06,0.00698183,0.009063141,0.014090505,0.0027168982,0.001301594,-2.2916968e-06,0.0011539056,0.0045513157,0.0097836135,0.0018459911,0.0036535102,2.3378955e-06,0.009480848,0.00767132,-1.6890426e-06,0.004938361,-8.003052e-06,0.003405943,-5.2047817e-06,4.988658e-06,0.0013980949,0.0016481167,0.005070328,-1.2775979e-05,8.288105e-06,5.122391e-06,-5.2111154e-06,0.0050060996,8.932122e-06,-1.4507091e-05,6.291193e-06,-1.2612089e-05,0.02183042,-4.192774e-06
0.00584686,0.006450523,0.008563538,0.0030304056,0.008537463,0.0023729627,0.0071556726,0.008852284,0.007974976,0.007461979,0.008324729,0.0012178234,0.005817399,0.0067423084,0.009760695,0.008864112,0.008852,0.009105292,0.0035785753,0.00977964,0.009463824,-1.9571655e-05,0.0053505944,0.007431872,0.0028155164,-2.1264279e-05,0.0061828657,-2.4384419e-05,0.0072944644,-3.045922e-05,0.00956974,-2.1128842e-05,0.010008576,0.009724532,0.0039592893,0.0067787427,0.004246305,0.009289566,0.0080559,0.0011788262,-1.8577814e-05,-2.6518586e-05,-2.523102e-05,0.009709794,-2.3404797e-05,0.0,0.009630194,0.007729859,-2.7758993e-05,0.009077461,-1.9571375e-05,0.008658682,0.0061254757,0.009829937,0.009881871,0.008735226,0.009637114,0.0020479693,0.008576457,-2.3036357e-05,0.006073676,0.005162988,0.008124749,0.005730576,0.004427199,0.009552384,0.009060077,0.0006250089,-2.346397e-05,0.0027997638,0.009210334,0.009769891,0.008372983,0.004163438,0.0017880525,0.0016814999,0.009174661,0.009378941,0.010021924,0.0069618267,0.0059962263,0.00073067856,0.0057376395,0.00816552,0.009985147,0.0062582693,0.007444572,-2.3661021e-05,0.009490039,0.009366189,-3.1378866e-05,0.008423183,-2.1870223e-05,0.0073074913,0.00058366155,0.0030020375,0.006392665,0.0065998635,0.008259107,-3.396295e-05,0.0018514359,-2.2344357e-05,0.0008266118,0.008366045,0.00484926,-2.5966337e-05,0.0035636278,-2.4794503e-05,0.016774837,-3.2294716e-05
0.011132432,0.011092707,0.0135759795,0.0079175,0.013867165,0.00805132,0.011647475,0.014175478,0.013010963,0.012550659,0.013411698,0.006970437,0.00954218,0.0119298,0.015146058,0.013715611,0.013551393,0.013971317,0.009022688,0.016431177,0.01582003,0.0041802656,0.010604368,0.012213364,0.008447849,0.0018238182,0.011931125,0.0041949004,0.012082051,-2.754588e-05,0.015607408,-2.363782e-05,0.016588258,0.015253938,0.008756001,0.012100776,0.009799812,0.016190266,0.012929371,0.0070810798,0.0047769374,-2.2216773e-05,-2.8042261e-05,0.01502112,0.0041631875,0.008891835,0.0,0.012705545,-2.590822e-05,0.014318855,0.0033690867,0.013654977,0.010368654,0.015242515,0.01551638,0.013793933,0.01601791,0.0077566067,0.013558744,0.002817189,0.01114082,0.00949487,0.01264161,0.010856236,0.009665643,0.015264876,0.013848878,0.006961731,-2.7874388e-05,0.008433076,0.015886202,0.015868828,0.013525065,0.008345062,0.0074283374,0.0076285927,0.01419425,0.014928861,0.016778542,0.011627417,0.011205907,0.006115307,0.0111199515,0.012711298,0.0151581885,0.01089154,0.012229422,0.003746843,0.015394984,0.014632422,-2.6443102e-05,0.013165399,0.005658329,0.012631226,0.006522464,0.008481521,0.011154792,0.011205538,0.013386197,-2.7932596e-05,0.0074597173,0.005856563,0.006834744,0.013548938,0.009237051,-2.3907322e-05,0.009380876,0.004038135,0.021188417,-2.606485e-05
0.008538332,0.008868486,0.010778129,0.005661491,0.0110225035,0.0058132666,0.009316585,0.0112799145,0.010054635,0.009716163,0.010129395,0.004213888,0.006487346,0.00962268,0.011442578,0.010833968,0.010443932,0.010710863,0.0064384853,0.011264715,0.011386506,0.0013933959,0.008172585,0.009574314,0.0053726994,-1.4429083e-05,0.008748083,0.0014775996,0.009519083,-1.5296744e-05,0.011477751,-1.2570956e-05,0.011490957,0.011462229,0.0059431707,0.009687531,0.0074475706,0.010695496,0.009959071,0.004400025,0.0015409155,-1.1062614e-05,-1.5687889e-05,0.011369116,0.0014061554,0.006126815,0.011372967,0.0,-1.6711585e-05,0.010890531,0.00029974704,0.010581751,0.008082655,0.011726873,0.011217239,0.010599903,0.011350797,0.0054156263,0.010347559,1.804239e-05,0.00834037,0.007097563,0.009882997,0.0085390955,0.00722464,0.010902247,0.010657706,0.0046971175,-1.1506577e-05,0.0059562693,0.010611691,0.011202619,0.010894959,0.006160566,0.004386121,0.0053556557,0.011354714,0.0113920225,0.010993412,0.009571639,0.008990445,0.0033626403,0.008873731,0.0099816015,0.011271917,0.008674169,0.0100641465,0.0004676009,0.011430684,0.011673301,-1.1397066e-05,0.010356903,0.002643619,0.009498193,0.0040769866,0.006254053,0.008283193,0.008398267,0.010023116,-2.2790511e-05,0.004852301,0.002956835,0.00434954,0.01075023,0.0065528066,-1.3859862e-05,0.0072720493,0.0013464547,0.016790818,-1.5963536e-05
-2.3234794e-05,-6.5135077e-06,-1.181094e-05,-1.5026887e-05,-6.225807e-06,-4.2196207e-06,-2.4819534e-05,-2.9839628e-06,-1.9976029e-05,-4.832132e-06,-2.5644918e-05,-2.2583397e-05,-8.512498e-06,-2.1062815e-05,0.005214884,-3.399411e-06,-1.2759933e-05,-1.6364855e-05,-2.2929366e-06,0.010117795,0.0052498584,-1.7035698e-05,-2.5040517e-05,-4.713602e-06,1.9032045e-06,-2.0977594e-05,-9.606054e-06,-4.6164105e-06,3.116324e-07,-2.2269245e-05,-4.783264e-06,-1.5699363e-05,0.010464764,1.3778299e-06,-4.8349298e-06,-1.2720629e-05,6.2173804e-06,0.019751502,-9.670325e-06,6.3410102e-06,-1.5198613e-05,-2.332191e-05,6.342218e-06,0.0039651105,2.3845786e-07,-3.9376223e-06,0.0015679772,-1.344515e-05,0.0,-2.6519512e-05,-6.307651e-07,-1.0669631e-05,-1.6350796e-05,0.0046479423,0.008540552,-2.3756409e-05,0.010933855,-8.249486e-06,-7.794493e-06,1.0016388e-05,-2.3155822e-07,-2.2057664e-05,-3.984477e-06,-1.5905116e-05,-8.46547e-07,0.008285021,-1.5211459e-05,-2.4018163e-05,-6.0438438e-06,7.584162e-06,0.019319236,0.012168061,-9.441569e-06,-6.1365436e-06,-6.504259e-06,-1.4233273e-05,-2.2208347e-05,0.007137782,0.028539052,2.7954732e-06,-1.1571421e-05,-1.6144373e-05,-1.8557752e-05,-1.7778564e-05,0.006742549,1.4965982e-06,2.7724852e-07,5.4635375e-06,0.009935119,-2.4444616e-05,-1.2781651e-05,-1.2026509e-06,-1.8431352e-05,-6.413726e-06,5.2722216e-06,-1.1229742e-05,-7.527311e-07,-2.2601807e-05,-2.566534e-06,9.204439e-06,-2.24421e-05,-7.5441935e-06,-2.3430242e-05,-9.882755e-06,-2.3443736e-05,2.5672107e-06,-2.3095059e-05,-1.2481068e-05,0.04134541,-2.0367424e-05
0.010823064,0.011294843,0.013480949,0.008148278,0.013423815,0.0077738333,0.0118611865,0.01400295,0.012954872,0.01251473,0.013271509,0.0066510695,0.010245392,0.011716801,0.015285764,0.013700974,0.013727175,0.013955289,0.008515902,0.0152358925,0.014945745,0.003912919,0.010258011,0.0122125,0.007978397,0.00067280466,0.011272937,0.0031547397,0.012071011,-1.4351463e-05,0.014095112,-1.2878648e-05,0.015434106,0.014582376,0.008797502,0.011733686,0.009165243,0.015812224,0.012963418,0.006642499,0.005018477,-1.1679238e-05,-1.9501058e-05,0.015011152,0.0036250602,0.008893712,0.014474565,0.01255685,-1.822008e-05,0.0,0.002897065,0.013527148,0.010702797,0.015155616,0.0152388355,0.013609189,0.015247203,0.0073626963,0.013457112,0.002510428,0.010615568,0.0098236585,0.01253915,0.010590065,0.009391492,0.015038095,0.013941259,0.0063359197,-1.177957e-05,0.008158244,0.015681723,0.015552054,0.013210795,0.008828877,0.0070976224,0.007364475,0.014090633,0.015073679,0.01618559,0.011747594,0.011066512,0.0059772846,0.010849443,0.012847433,0.015173974,0.011084212,0.012256068,0.003076029,0.015366691,0.014444148,-1.7155877e-05,0.013253879,0.0038121743,0.012201054,0.006184297,0.008306295,0.0112136565,0.011207921,0.013053654,-1.9455105e-05,0.007338146,0.0051724142,0.006474553,0.013071149,0.009133431,-1.5396221e-05,0.008959218,0.002982315,0.019398402,-1.721779e-05
0.0001181545,0.0008009603,0.005542478,-2.6635664e-05,0.0051973048,-2.1459933e-05,0.0022341067,0.006592519,0.0042490647,0.0032565587,0.0054394277,-2.986165e-05,-2.248871e-05,0.001626643,0.009147023,0.0057843556,0.006004427,0.0065939594,-2.5172945e-05,0.010253768,0.008966916,-2.1660218e-05,-1.781965e-05,0.0028914928,-1.7726643e-05,-3.3296375e-05,0.0007387366,-2.6374662e-05,0.0024171523,-1.7749535e-05,0.008120465,-3.3702458e-05,0.010529764,0.008057961,-2.9944176e-05,0.001648767,-1.9718904e-05,0.012243379,0.0043855654,-2.203369e-05,-2.1174304e-05,-2.3652998e-05,-2.5949184e-05,0.008782822,-1.9776227e-05,-1.7521168e-05,0.008412833,0.0034703626,-1.726916e-05,0.007498615,0.0,0.0056888736,0.00034350358,0.00912613,0.010068838,0.0057309982,0.010581313,-3.0710264e-05,0.005139858,-1.9602143e-05,7.563488e-05,-2.0412348e-05,0.003829693,-2.7470454e-05,-3.0555646e-05,0.009486844,0.0065562213,-2.0960108e-05,-1.8917153e-05,-2.5170993e-05,0.012588874,0.010517966,0.004924561,-2.8225626e-05,-2.5760506e-05,-2.5504132e-05,0.006847938,0.009400898,0.014704376,0.0016859834,-1.6105041e-05,-1.7917442e-05,-2.3881199e-05,0.0041010687,0.009634082,0.00081199687,0.0026718986,-2.3489456e-05,0.010114321,0.007832317,-3.0690735e-05,0.004704219,-2.3012057e-05,0.002896594,-2.3361354e-05,-2.3455908e-05,0.0008911167,0.001263819,0.0048667938,-2.1939399e-05,-2.586478e-05,-1.8570967e-05,-2.9757786e-05,0.0044544404,-2.0779837e-05,-3.2741227e-05,-2.8194389e-05,-2.8852046e-05,0.024304755,-2.3102764e-05
0.00979534,0.01005043,0.012191837,0.006964132,0.012381156,0.0067826677,0.010611298,0.0125894435,0.011588979,0.011247015,0.011971996,0.0055804495,0.008391983,0.010658326,0.013260096,0.012388132,0.012166498,0.012554727,0.007759187,0.013189091,0.013095811,0.0026226575,0.009473965,0.011124122,0.006802658,-2.1456128e-05,0.010184132,0.002346396,0.010932097,-1.9913254e-05,0.013089834,-2.174053e-05,0.013463673,0.0131122805,0.007626744,0.010902547,0.008507222,0.012829321,0.011634356,0.005560956,0.0033241382,-2.116336e-05,-2.832233e-05,0.013133499,0.0024285573,0.0076101064,0.013024257,0.011506781,-2.355087e-05,0.012639026,0.0015673875,0.0,0.0093561625,0.013190801,0.013228991,0.012286267,0.013056081,0.006510188,0.01203849,0.001127873,0.009688235,0.008677396,0.011484508,0.00971518,0.008315201,0.012964962,0.012506099,0.0055693807,-1.9095623e-05,0.0070653786,0.012823004,0.013091792,0.012107813,0.007385909,0.005816375,0.0063234363,0.012819142,0.012992007,0.012965053,0.010798733,0.010159265,0.0046794205,0.009984147,0.011539025,0.013274826,0.009824517,0.011226752,0.0018486686,0.013051594,0.01299825,-2.0328938e-05,0.01194514,0.0035005494,0.011049136,0.005213495,0.0073209894,0.010017748,0.009962667,0.011759153,-2.5913576e-05,0.006207538,0.0041390667,0.005453276,0.011981877,0.008173592,-2.053774e-05,0.008140498,0.0018711307,0.01779632,-2.4195557e-05
0.0073577752,0.007929077,0.009449301,0.0046859495,0.00957683,0.004259955,0.008444922,0.009976366,0.00909787,0.008647889,0.009274048,0.0029902451,0.006875369,0.008097907,0.010497562,0.0097554745,0.009775081,0.010097999,0.005121689,0.010164065,0.010049163,-8.143821e-06,0.006800945,0.0087464,0.0042724903,-6.275983e-06,0.007308599,-5.390756e-06,0.008545986,-9.694096e-06,0.010292748,-7.983118e-06,0.010365447,0.01040011,0.005321068,0.00815923,0.0058225486,0.009615128,0.009065933,0.0029641686,0.0014299513,-4.605039e-06,-1.4038106e-05,0.010381945,-7.157367e-06,0.005342648,0.010319642,0.008952961,-1.529536e-05,0.009959483,-6.968277e-06,0.009728553,0.0,0.010488014,0.0104828235,0.0095885005,0.010141513,0.0037548891,0.009578748,-6.023044e-06,0.007365625,0.00645917,0.00914141,0.0071571143,0.0059776716,0.01003517,0.010017356,0.0027054048,-5.624216e-06,0.0045278794,0.00949573,0.010091657,0.009447341,0.0056713847,0.0032307378,0.0036128666,0.010279752,0.009985821,0.010261035,0.008279595,0.007436587,0.002257398,0.007263114,0.009309747,0.010481749,0.007743628,0.008691898,-6.673987e-06,0.009989059,0.010293459,-1.0234337e-05,0.009383201,-9.506835e-06,0.008481436,0.0024785523,0.004736736,0.0075976816,0.007740679,0.009378718,-1.2659499e-05,0.0035973776,0.0010657473,0.0027075761,0.00929309,0.0061187474,-9.919454e-06,0.0054445295,-6.464298e-06,0.016412774,-1.1083723e-05
0.011206715,0.011660094,0.014678732,0.00839245,0.014805331,0.008263492,0.012472825,0.01539601,0.013539451,0.013156065,0.014101021,0.0075430353,0.009770931,0.012714341,0.01629491,0.014449483,0.014236331,0.014545806,0.00938213,0.016549453,0.01626737,0.005002784,0.01066007,0.012757209,0.008452433,0.0023952876,0.012031203,0.004822929,0.012672227,-1.6742435e-05,0.01562855,0.00016294472,0.016789597,0.015618811,0.008946229,0.012836637,0.009709539,0.01689874,0.013527579,0.0072479397,0.005007537,-1.5706575e-05,-2.080554e-05,0.016176064,0.004407078,0.009425487,0.015620064,0.013368297,-1.6372043e-05,0.015118805,0.0036527999,0.014331752,0.011035044,0.0,0.016334286,0.014473552,0.017301492,0.008338639,0.013964392,0.0032675192,0.011269868,0.00969776,0.0131120905,0.01097223,0.009760983,0.016332386,0.014444313,0.00723284,-1.4419587e-05,0.008588437,0.017085772,0.016733762,0.014413279,0.009249232,0.0077911844,0.00801507,0.015290679,0.017122041,0.017916946,0.012467821,0.011515891,0.0061722966,0.01171947,0.01341175,0.016032686,0.011771658,0.0132126575,0.004523091,0.017677706,0.015913699,-1.9368912e-05,0.013906418,0.005898268,0.012850955,0.006734941,0.008875412,0.011783737,0.0115873115,0.01358204,-1.9841516e-05,0.0078053703,0.006435633,0.006888184,0.014096419,0.009509204,-1.7248114e-05,0.009620646,0.0046228063,0.023298923,-1.7727396e-05
0.011976457,0.012612116,0.015315691,0.009106165,0.01527733,0.008760197,0.012976401,0.016098285,0.01450336,0.0139699215,0.015324341,0.007833814,0.010722288,0.013328304,0.017566677,0.015395323,0.015487706,0.015937127,0.010017388,0.018249756,0.017555706,0.0050995867,0.011350496,0.013513965,0.0092777135,0.003474581,0.012948123,0.005398841,0.013491902,-2.1657284e-05,0.016900849,0.0008746772,0.01831181,0.016779687,0.009724855,0.013467341,0.010341175,0.019430945,0.0145612,0.007827416,0.0060691987,0.00056454656,-2.5395604e-05,0.017460408,0.004957064,0.010252353,0.017000068,0.013487368,-2.5547366e-05,0.016437624,0.0046896185,0.015457633,0.011723985,0.017524958,0.0,0.01548291,0.018370558,0.00881735,0.015181088,0.0038632925,0.012139096,0.010563498,0.013985199,0.0116834445,0.01043658,0.017894538,0.015736489,0.008069608,0.00035362938,0.009315005,0.019346625,0.018463604,0.015052217,0.009925703,0.008691478,0.008870003,0.015968129,0.017690217,0.020645395,0.01296486,0.012042711,0.0068923505,0.012240172,0.014203366,0.017571338,0.012305706,0.013663279,0.0052016475,0.018300803,0.016602593,-2.3814986e-05,0.014791993,0.006460378,0.013971447,0.007265438,0.009419842,0.012699039,0.012640147,0.014706716,-2.7908356e-05,0.00846168,0.006939558,0.0073947823,0.01489158,0.010462288,-2.1851542e-05,0.01051171,0.0050325138,0.023521073,-2.510456e-05
0.009797182,0.010115399,0.012164869,0.0069808722,0.012351975,0.0067865686,0.010649668,0.012675274,0.0115586305,0.011186971,0.011925247,0.005656383,0.008486791,0.010684314,0.01343646,0.0123938685,0.0122731775,0.01253692,0.0076941606,0.013401811,0.01321905,0.0026795734,0.009445103,0.0110100135,0.0068902825,-2.1861959e-05,0.010216278,0.0024740775,0.010888697,-2.5680916e-05,0.012963464,-2.2092963e-05,0.01354049,0.013309333,0.0075240317,0.01093876,0.00854818,0.013161698,0.011673475,0.0056502423,0.0033179936,-2.1558999e-05,-2.553259e-05,0.01322283,0.0024642658,0.0078008967,0.013066208,0.011516356,-2.4775018e-05,0.012729334,0.0015388551,0.012275936,0.009399821,0.013334919,0.0133450115,0.0,0.0132174995,0.006462302,0.012245576,0.0011279912,0.009814303,0.008650213,0.011433131,0.009728985,0.008487189,0.01305514,0.01258512,0.005530272,-2.245904e-05,0.007228938,0.01283983,0.013373058,0.0120320665,0.007500596,0.006061741,0.0063250954,0.012859681,0.01292667,0.013128943,0.010786961,0.010116567,0.004799824,0.009895839,0.011467086,0.013211015,0.010010756,0.011207643,0.0020455534,0.013198307,0.012866488,-2.4841356e-05,0.011979368,0.0035453348,0.011241928,0.005180212,0.007315297,0.01006426,0.0100031,0.01177681,-3.0609674e-05,0.006279566,0.004169526,0.005386537,0.012046824,0.0082743615,-2.7325295e-05,0.00805651,0.002063191,0.017667573,-2.3773726e-05
0.01284518,0.012887073,0.015582965,0.009706989,0.01565174,0.009777148,0.013096816,0.016358512,0.014527793,0.014301398,0.015400459,0.008877767,0.011296235,0.013748265,0.017405877,0.0154564725,0.015131287,0.015518307,0.010559592,0.018306011,0.017890977,0.0062271436,0.012217463,0.013758557,0.009997133,0.0043057273,0.013190088,0.0061514936,0.013443325,0.00058153126,0.01740365,0.002333719,0.018473681,0.016858408,0.01040515,0.013980071,0.011340331,0.01888471,0.014785958,0.0087311985,0.00701501,0.0017572441,-1.9497693e-05,0.0172413,0.0062470967,0.010435521,0.017035522,0.014404828,-1.547801e-05,0.016157294,0.005406737,0.0154193,0.011932918,0.017606156,0.01777734,0.01545124,0.0,0.009503024,0.014990685,0.005005162,0.012214105,0.011220133,0.013920103,0.012487962,0.011038042,0.017763974,0.015565325,0.008630297,0.0012185135,0.010085287,0.019193659,0.018355554,0.015641501,0.010446485,0.008962554,0.0094239805,0.016336856,0.017998165,0.02079227,0.013317398,0.012806858,0.007837383,0.012674927,0.0142762335,0.017273424,0.012613409,0.014016731,0.005844724,0.01871064,0.017099336,0.0008516438,0.01493386,0.00734969,0.0140602635,0.008170226,0.010369163,0.012669681,0.012635947,0.0145542445,-1.8458897e-05,0.009232897,0.0074754986,0.008525669,0.015199097,0.011074566,0.00046994534,0.011064236,0.0059417733,0.02795443,-1.676225e-05
0.0042557856,0.004701343,0.007302641,0.0010096164,0.007346288,0.0013631167,0.0055065113,0.007900873,0.006573193,0.005871593,0.007135272,-1.2581324e-05,0.0027434821,0.0053191404,0.0091516925,0.007516316,0.007544773,0.0077358373,0.0017828346,0.009640943,0.008882704,-1.322267e-05,0.0038631144,0.005967382,0.0006281973,-1.7433294e-05,0.004561713,-1.6689408e-05,0.0056711496,-2.061355e-05,0.008765371,-1.2852204e-05,0.009774077,0.0089097675,0.0015383365,0.00556261,0.0030040299,0.010078597,0.006557723,-1.0359121e-05,-1.1090354e-05,-1.4792619e-05,-1.870833e-05,0.0087901065,-1.6890985e-05,0.0017687199,0.008935689,0.006425036,-1.8882509e-05,0.008153395,-1.4268696e-05,0.007511894,0.004107461,0.009277969,0.009556571,0.007328444,0.00953745,0.0,0.0070129777,-1.38959485e-05,0.004407013,0.00282003,0.0065484145,0.004061737,0.0027762335,0.009017871,0.0077898153,-1.4074955e-05,-1.8057284e-05,0.0012118162,0.009963042,0.009622333,0.0071563977,0.0018432343,-1.2330739e-05,0.000549211,0.008143196,0.009040441,0.0102116475,0.0056877104,0.004627169,-1.631172e-05,0.0045565963,0.006470872,0.009469942,0.0045339987,0.0060904957,-1.6777909e-05,0.009258105,0.008702784,-2.3972874e-05,0.0069631543,-1.390291e-05,0.0058321957,-1.495216e-05,0.0016264134,0.004151949,0.004527519,0.0067748223,-2.3058807e-05,2.8580094e-05,-1.1938182e-05,-1.0382125e-05,0.0070737274,0.0026390103,-1.9774308e-05,0.002610063,-1.6214659e-05,0.016451947,-1.8967352e-05
0.00953379,0.009857852,0.011799682,0.006743903,0.011874983,0.0065274644,0.010365207,0.012090677,0.0112780435,0.01096134,0.011606307,0.005424329,0.0087208785,0.01036997,0.012912455,0.012030135,0.011983052,0.012297809,0.0074714078,0.012631169,0.012570818,0.0025416287,0.009058,0.010889543,0.0067272466,-2.2909613e-05,0.009955406,0.0020486012,0.010694555,-2.4082261e-05,0.012431843,-2.5719994e-05,0.012775894,0.012717693,0.007489335,0.010419655,0.008227755,0.0122532165,0.011323827,0.005344854,0.0035049235,-2.1552667e-05,-2.746257e-05,0.012714407,0.0021702633,0.00766099,0.012659445,0.011147898,-2.8555198e-05,0.012251044,0.0013080771,0.011985919,0.009359509,0.012829341,0.012896994,0.0119402325,0.012475798,0.0062520937,0.0,0.00085139147,0.009617146,0.008491967,0.011108742,0.009376702,0.008235348,0.012464445,0.012278247,0.005268659,-2.2128312e-05,0.0069114147,0.012054566,0.012634547,0.011508809,0.0075168638,0.0058543594,0.006065013,0.012318136,0.012411609,0.012232215,0.010492053,0.009784096,0.004693105,0.009515854,0.011288001,0.012888179,0.009709007,0.010800402,0.0014436018,0.012358247,0.012267334,-2.5369023e-05,0.011549935,0.0027939803,0.010918349,0.0050233123,0.0069620023,0.009929534,0.009892001,0.011599083,-2.9002109e-05,0.0061101057,0.0037800986,0.005169168,0.011645817,0.008148387,-2.563691e-05,0.0076758564,0.0013326758,0.017196203,-2.8518862e-05
5.9987387e-06,0.00061505364,0.0053481893,6.146447e-06,0.005113681,-1.2848969e-06,0.0018326803,0.0062270965,0.0039436314,0.0028126193,0.0051905946,-2.2490217e-06,8.496086e-06,0.0012887474,0.00925884,0.0055842693,0.0058568306,0.006530184,5.4358716e-06,0.010616816,0.008998913,-4.6187747e-06,5.937404e-06,0.00259335,4.203412e-06,-1.2227182e-05,2.2810655e-06,-1.1313062e-05,0.0019402578,-2.1521586e-05,0.0082415445,-1.5639547e-05,0.010951676,0.007947408,-2.4408637e-06,0.001560542,8.327359e-06,0.013282144,0.004083254,-2.152496e-06,-5.919611e-06,-9.589799e-06,-1.4483286e-05,0.008713403,-1.2571978e-05,8.996313e-06,0.0085340915,0.0031823632,-2.285892e-05,0.007389808,-4.556438e-06,0.0053450842,1.0849836e-05,0.009132956,0.01003861,0.005615043,0.010798552,-7.859989e-07,0.0048397696,0.0,7.588031e-06,5.0222293e-06,0.0033358722,4.910585e-06,-1.5517555e-06,0.009600411,0.0063862167,9.200581e-07,-1.493681e-05,4.3945065e-06,0.013128755,0.010864242,0.0047575533,-1.3848696e-06,2.1093601e-06,-4.0253353e-06,0.0065918737,0.009474927,0.015546208,0.0014945664,5.744782e-07,-8.206707e-06,6.364517e-06,0.003741657,0.009799137,0.0005833517,0.0024390856,-1.0649309e-05,0.010068107,0.0075489916,-2.0292553e-05,0.004276841,-2.107811e-05,0.0022906184,-8.883557e-06,-2.3886168e-06,0.00029338794,0.00077422126,0.0043976945,-2.3111415e-05,4.8201805e-06,-4.7694443e-06,-1.1104863e-05,0.0041637,1.313486e-06,-2.1089256e-05,2.2467118e-06,-1.1353266e-05,0.02479306,-2.5790743e-05
0.007163452,0.0074416758,0.00932549,0.0039535,0.009533007,0.004035909,0.008071295,0.009739507,0.008896126,0.008273927,0.009010173,0.0026897495,0.005628463,0.007942236,0.010250625,0.009491739,0.00945928,0.009593569,0.005246498,0.010077069,0.009921208,-2.5924535e-05,0.0066403123,0.008518896,0.004399622,-2.5989359e-05,0.0075816223,-2.4231585e-05,0.008149437,-2.644474e-05,0.010137054,-3.0051342e-05,0.010219947,0.010335988,0.0048349714,0.008028914,0.005790732,0.009110909,0.008702454,0.002969295,0.00029786624,-2.842139e-05,-3.25333e-05,0.010139425,-2.6714155e-05,0.005078947,0.010253829,0.008837886,-3.1281517e-05,0.009552393,-2.3762772e-05,0.009503537,0.0068122577,0.010360707,0.010169885,0.009489423,0.009826057,0.0038380923,0.009280753,-2.8576063e-05,0.0,0.0058605894,0.008908977,0.006992392,0.0057193823,0.009813479,0.0096063595,0.0027221837,-2.6395874e-05,0.004457203,0.009057934,0.009924996,0.009240038,0.00471186,0.0033387747,0.0034991545,0.009900467,0.009833038,0.009627837,0.008036206,0.007303629,0.0019748595,0.0072608856,0.00883882,0.010343509,0.0070535988,0.0083703,-2.5040343e-05,0.009748079,0.009962657,-3.0192514e-05,0.009068517,0.0004916952,0.00840262,0.0023342136,0.004601167,0.0070919343,0.007261515,0.009125562,-3.0158191e-05,0.0034632257,0.001279469,0.0028469185,0.009241463,0.0054725516,-2.4448826e-05,0.0054538045,-3.0696232e-05,0.015938273,-2.6302065e-05
0.0067808917,0.007364252,0.009135735,0.004352465,0.009079343,0.0035618383,0.007988568,0.009499703,0.008726087,0.008366799,0.008991572,0.0022318813,0.0072085075,0.0074915388,0.010281463,0.009511112,0.00949162,0.00994975,0.004529733,0.010006471,0.009872133,-2.1346907e-05,0.006112726,0.008265114,0.0038567656,-2.5363395e-05,0.0068853986,-1.8263248e-05,0.008279906,-2.0601665e-05,0.010094074,-2.0115811e-05,0.01024829,0.010137195,0.0051715914,0.0075940373,0.0051523265,0.009576396,0.008822119,0.0022507913,0.0014808396,-1.7254868e-05,-2.1676666e-05,0.010085381,-1.676513e-05,0.0050471993,0.0100675775,0.008552638,-2.5330843e-05,0.00985021,-1.7899103e-05,0.009406112,0.0071612624,0.010197309,0.010252072,0.009388586,0.009911025,0.0028691397,0.009397423,-2.0078123e-05,0.006784465,0.0,0.008773653,0.006621092,0.005328195,0.009953749,0.009796197,0.001670867,-2.3669163e-05,0.003923622,0.009389068,0.009647639,0.008987835,0.0056138923,0.0029029534,0.0027165916,0.009865992,0.009778669,0.010346571,0.0079834405,0.0069164587,0.0018765156,0.006605679,0.008887481,0.010463309,0.007195606,0.008241075,-1.6090778e-05,0.009880471,0.009881314,-2.0832142e-05,0.009023302,-2.2668102e-05,0.008152073,0.0016897992,0.004006715,0.0074759875,0.007657105,0.009043459,-2.2823591e-05,0.0030508575,0.00020848407,0.0018838134,0.00893939,0.00613749,-2.1061169e-05,0.004432276,-2.240945e-05,0.016868552,-2.6736605e-05
0.008739241,0.0090082595,0.010780338,0.005946217,0.011020567,0.005741069,0.009440353,0.011244846,0.010376276,0.0098778205,0.010606859,0.0043718945,0.0074917474,0.009439267,0.011504179,0.011055421,0.010932151,0.011150804,0.006588321,0.011164075,0.011376663,0.0015392522,0.00819209,0.009786369,0.0058676237,-2.306756e-05,0.008895984,0.0012667519,0.009742423,-2.6137692e-05,0.011373187,-2.004232e-05,0.011514605,0.011733742,0.0064731715,0.009504623,0.0074606207,0.010882733,0.010347587,0.0045146123,0.0023008995,-1.86046e-05,-2.4031382e-05,0.011546159,0.0013280127,0.0066832122,0.011519921,0.010213456,-2.4101773e-05,0.011038,0.00032132724,0.010952149,0.008481617,0.011564228,0.011330951,0.010927815,0.011149178,0.00542466,0.010792155,-1.6667134e-05,0.008583783,0.007591149,0.0,0.008559363,0.0073301173,0.011058122,0.011131201,0.0044091004,-1.9429666e-05,0.0059679584,0.01067211,0.01114441,0.010701247,0.0065936167,0.0048536714,0.0051769214,0.011312425,0.011076681,0.010985622,0.009512293,0.008923621,0.0037962343,0.008669684,0.01021896,0.011522103,0.008797778,0.009986159,0.0006167403,0.011098529,0.011362992,-2.6480267e-05,0.010703411,0.0019933681,0.009826265,0.0042048283,0.0061813747,0.008687368,0.00891549,0.010556207,-2.8838449e-05,0.0051966687,0.0030272412,0.004428606,0.010671129,0.007258856,-2.1697344e-05,0.007052698,0.0005962683,0.016550137,-2.6060152e-05
0.0070510525,0.007544188,0.009371244,0.0040700627,0.009536688,0.004162844,0.007942427,0.009655655,0.008702216,0.008334588,0.008920601,0.0027101804,0.005441725,0.008056434,0.010090959,0.009564563,0.009366148,0.009460026,0.0049037887,0.009976858,0.009930221,-1.2064598e-05,0.0067337947,0.008384936,0.0038075126,-1.5960553e-05,0.0072016353,-1.3468272e-05,0.008059088,-1.771235e-05,0.010142699,-1.5655058e-05,0.010275435,0.010263327,0.0045966515,0.008302083,0.0059259464,0.009239325,0.008758335,0.002805659,7.977649e-05,-1.4022372e-05,-2.449691e-05,0.009956416,-1.3968782e-05,0.0049332865,0.010114982,0.0088911485,-2.043396e-05,0.00963183,-1.4283973e-05,0.009265211,0.0068090702,0.010386088,0.01010278,0.0093608955,0.0098355925,0.0038935854,0.0092382105,-1.720504e-05,0.007128898,0.0057731634,0.008706943,0.0,0.0056512062,0.009697253,0.009542415,0.0028264355,-1.4954085e-05,0.004341892,0.009010817,0.009846143,0.0094181765,0.0046998938,0.0029503887,0.00376518,0.010042139,0.009790506,0.009690706,0.008180686,0.007582887,0.0017262081,0.0073077185,0.008721161,0.010222772,0.0072506303,0.008706328,-1.3434161e-05,0.0098613715,0.010026771,-1.573425e-05,0.009033852,0.00066011917,0.008283365,0.002570192,0.0047847442,0.006951201,0.0070531825,0.008928639,-2.1758731e-05,0.0032895412,0.0012406061,0.0026917676,0.009173949,0.00535734,-1.8078921e-05,0.0056333905,-1.8293524e-05,0.016243277,-1.6023443e-05
0.006158296,0.0066582994,0.008654057,0.0031066868,0.0086079575,0.0030716048,0.0071389815,0.008971401,0.008116995,0.007500439,0.008368455,0.0016847728,0.004960993,0.006942356,0.00970406,0.008673618,0.008649921,0.008892967,0.004008124,0.009624523,0.009439124,-1.6694758e-05,0.0055850437,0.0076209097,0.0029307855,-1.9544988e-05,0.0064570694,-1.6099537e-05,0.007348485,-2.5993822e-05,0.009574679,-1.8540146e-05,0.00984071,0.009715975,0.0036939995,0.007180617,0.004705542,0.008968415,0.007939322,0.0019155577,-1.6839196e-05,-2.3468856e-05,-2.9297502e-05,0.009434886,-1.6742812e-05,0.0040009236,0.009579295,0.007983862,-2.4096702e-05,0.009108094,-2.1003612e-05,0.008604101,0.006019664,0.009697699,0.0098479055,0.008735792,0.009557452,0.0027356702,0.0085962275,-1.9449308e-05,0.006267167,0.005017108,0.008128264,0.0060802936,0.0,0.009315419,0.008942027,0.001630516,-2.2463964e-05,0.0033311057,0.008833523,0.009488349,0.008412684,0.0040662116,0.0019671659,0.0025469991,0.009322574,0.009281146,0.009423484,0.007336344,0.00638257,0.000783677,0.0063193743,0.008131978,0.00975164,0.006380502,0.0077997055,-1.80183e-05,0.0093573835,0.009448246,-2.4233384e-05,0.0082836915,-1.7304126e-05,0.007392364,0.0013748811,0.0036378065,0.0062080976,0.0064405818,0.008271428,-2.7490261e-05,0.0022689067,-2.0847447e-05,0.0016555449,0.008494569,0.004544398,-2.3029614e-05,0.004346183,-2.2224132e-05,0.01602217,-2.5642306e-05
0.011935821,0.012474127,0.015345705,0.0090180915,0.015392981,0.009275401,0.01321586,0.016219925,0.014546808,0.014007693,0.015357564,0.008286094,0.011129783,0.013386012,0.017714083,0.01567297,0.015511675,0.015913982,0.010131527,0.018478356,0.017667858,0.0051234527,0.011468215,0.013749014,0.009307164,0.0028936162,0.012980135,0.0052079805,0.013373775,-2.2360122e-05,0.01684843,0.0006882549,0.018603412,0.016864805,0.009744172,0.013599558,0.010788338,0.019493591,0.014611932,0.007706715,0.005878932,0.00016636097,-2.2073538e-05,0.017615987,0.0053475103,0.010117345,0.017170759,0.013942013,-2.2075006e-05,0.016511386,0.0045113056,0.015505523,0.011692643,0.0176009,0.018020878,0.0155137805,0.018540354,0.008901467,0.01513021,0.004132709,0.0121327145,0.010602911,0.013959241,0.011775396,0.010461512,0.0,0.015859503,0.008090022,0.000108133485,0.009705007,0.019454135,0.01867574,0.015112034,0.010016238,0.008631995,0.008936871,0.016218884,0.017940274,0.02088514,0.012962387,0.012454759,0.006817523,0.0123659,0.014310744,0.01769882,0.01250203,0.013811156,0.004981755,0.018438727,0.016684625,-2.3112312e-05,0.014996458,0.0064161383,0.014019726,0.0072695357,0.0096902605,0.012829027,0.012661377,0.0147338705,-2.6670004e-05,0.008264058,0.006920324,0.007927256,0.014806912,0.010395097,-2.0022724e-05,0.010464976,0.0048537157,0.023832126,-1.87397e-05
0.0103525715,0.010604389,0.012475764,0.0076327207,0.012534277,0.0071925647,0.011048484,0.012965488,0.012101493,0.011701394,0.012481198,0.006130942,0.009558893,0.011072854,0.013804028,0.012843172,0.012736394,0.013254767,0.008128215,0.013605399,0.013536197,0.0030816894,0.009811751,0.011595205,0.007491729,-2.3770994e-05,0.010662012,0.0028696868,0.011456549,-2.1728882e-05,0.01321382,-2.234054e-05,0.013848425,0.013493854,0.008365388,0.011094545,0.008771715,0.013481693,0.012053518,0.006170765,0.0042858133,-2.0819532e-05,-2.4359055e-05,0.013691412,0.0029340237,0.008242198,0.013477111,0.011798935,-2.2787483e-05,0.013219594,0.0019842663,0.012619746,0.009966165,0.013731239,0.013893164,0.012848124,0.013495303,0.006893414,0.012587253,0.0017548571,0.0102439,0.009297211,0.0117845135,0.0101202335,0.00877997,0.013607276,0.0,0.005788989,-2.0731874e-05,0.007543104,0.013313849,0.0138067035,0.012361682,0.008162045,0.006522558,0.006769555,0.013084743,0.013467205,0.013411365,0.011099775,0.010439628,0.0052952585,0.010138438,0.012003923,0.013765804,0.010482127,0.011543501,0.002286693,0.01349646,0.013152968,-2.2448075e-05,0.012443244,0.003472481,0.011530298,0.00559746,0.0077501712,0.010601431,0.0106904805,0.012350216,-2.4968876e-05,0.00678394,0.004678368,0.0058215167,0.012367828,0.008978585,-2.1891907e-05,0.0083521735,0.0020609987,0.018044785,-2.3010143e-05
0.0033875043,0.0040342677,0.00686284,4.605134e-05,0.006759064,0.00051239686,0.004822876,0.007425573,0.005915645,0.0051618707,0.006503367,-7.022875e-06,0.0018094953,0.0048388517,0.008873195,0.006953837,0.0070006386,0.0072149956,0.00078586175,0.009601071,0.008759504,-1.390518e-05,0.0029907122,0.0052638412,-5.3149183e-06,-1.76705e-05,0.0036904074,-1.1376688e-05,0.0049090893,-1.1620393e-05,0.008642362,-1.761298e-05,0.009939847,0.008482189,0.00039711286,0.005163578,0.002162129,0.010584941,0.0059652654,-3.846236e-06,-1.0223861e-05,-1.5656426e-05,-1.7600101e-05,0.008700294,-1.157903e-05,0.0006889842,0.008632963,0.0058735055,-1.8922192e-05,0.007814895,-1.3900875e-05,0.0069977297,0.0034938909,0.00906552,0.009483741,0.0068723075,0.009552067,-9.888065e-06,0.006554326,-1.0550398e-05,0.0033447396,0.001970796,0.0058657913,0.0032464813,0.001827561,0.008960338,0.0073493393,0.0,-1.8559964e-05,0.00017020649,0.010416141,0.0096299,0.0067990627,0.00096145814,-7.0316078e-06,-4.8301767e-06,0.007820954,0.008768347,0.011523466,0.004973432,0.00403753,-1.0918461e-05,0.0038840382,0.005851432,0.009310251,0.0038695661,0.0055207964,-1.1075897e-05,0.009058392,0.008351896,-1.5121967e-05,0.006302472,-8.442716e-06,0.0052486765,-9.688548e-06,0.0008457345,0.0033158762,0.0035517619,0.006257407,-1.8130473e-05,-3.163812e-06,-9.839178e-06,-9.003004e-06,0.0063710306,0.0015179896,-1.694496e-05,0.0018515096,-1.0376947e-05,0.017236007,-1.332889e-05
1.7972523e-05,1.8687679e-05,0.0024143949,1.3173941e-05,0.0016944938,1.4015487e-05,1.4665159e-05,0.003994389,4.344668e-05,1.1326164e-05,0.0022782683,6.772369e-06,3.5690798e-06,9.853305e-06,0.009043532,0.0025047201,0.0028686263,0.004122128,1.6178008e-05,0.011437265,0.00909109,5.626423e-06,1.1100258e-05,1.3907329e-05,-3.439457e-06,5.2896603e-06,7.844179e-06,1.3171654e-05,1.2401968e-05,-3.3126693e-07,0.0065430244,1.51758395e-05,0.011687544,0.0065137637,5.4028314e-06,1.3563767e-06,4.3495461e-07,0.015945634,0.000552668,1.0994276e-05,-5.492063e-06,1.4203242e-05,2.2856743e-06,0.00829052,1.40261e-06,3.827053e-06,0.0075985324,1.04269e-05,-5.0178273e-06,0.0061570313,4.5789225e-06,0.0025132333,1.5603884e-05,0.009034899,0.010636759,0.0025431486,0.012007472,8.229856e-06,0.0014083063,7.1880477e-06,1.7074604e-05,-4.1034187e-07,1.2658696e-05,2.0121915e-06,7.749568e-06,0.010354933,0.0037985877,9.5069845e-06,0.0,1.6658688e-06,0.01580323,0.012216635,0.001018516,3.915913e-06,-7.292454e-07,5.593187e-06,0.004204618,0.010078914,0.020723589,1.7430276e-06,1.7300528e-05,1.7148336e-07,1.4973597e-05,5.470068e-06,0.009907252,5.9978493e-06,7.3873075e-06,-8.3048116e-07,0.011277081,0.006044512,6.6542657e-07,0.0004691726,1.1727024e-05,1.0340262e-05,1.2759498e-05,7.039964e-06,1.7019634e-05,6.136715e-06,0.0009237221,1.3231183e-06,3.994188e-06,-6.844309e-06,1.0288629e-05,0.00015571612,4.8033894e-06,1.224126e-05,9.752913e-06,7.2689545e-06,0.03170814,-6.8885956e-06
0.0052561513,0.0057412605,0.008041845,0.0021327953,0.008020589,0.0019679938,0.006365742,0.008462352,0.007391928,0.006897362,0.007851576,0.00042915976,0.004269895,0.0062441877,0.00948598,0.008207866,0.0081272675,0.008471543,0.0027469047,0.009657732,0.009219425,-2.9125447e-05,0.0046907538,0.00681176,0.0018028638,-2.8393571e-05,0.0055949246,-2.5547757e-05,0.0065963594,-2.7184207e-05,0.009260634,-2.5969282e-05,0.0099538015,0.009379289,0.0026410872,0.0062742014,0.0038214568,0.009130117,0.0073847794,0.00047660846,-1.952494e-05,-2.331979e-05,-3.003567e-05,0.009329103,-2.255748e-05,0.0029770953,0.009368064,0.0072864485,-2.292326e-05,0.008640127,-2.22387e-05,0.00824342,0.0052048927,0.009558275,0.0096144155,0.008196272,0.009631193,0.0013970592,0.007923341,-2.6790398e-05,0.0053606974,0.0040110108,0.0074277394,0.0049882145,0.0036590314,0.009215854,0.0086011,0.00038606903,-2.2491762e-05,0.0,0.009001293,0.009635183,0.0078388015,0.0030585655,0.0008067338,0.0013240265,0.008772683,0.009221139,0.009645969,0.006400734,0.0055469926,-2.42691e-05,0.0053138714,0.007415649,0.009774161,0.0055212434,0.0068862997,-2.7775086e-05,0.009272669,0.0091591915,-2.3989296e-05,0.0076613845,-2.3258492e-05,0.0066858316,3.731109e-05,0.0023316264,0.0053397086,0.0055278945,0.0076764124,-2.5185867e-05,0.0010909238,-2.741358e-05,0.00037466866,0.0077707777,0.0037104618,-2.789756e-05,0.003284711,-2.3789247e-05,0.016735978,-2.357591e-05
0.015295499,0.015362315,0.018403592,0.012131622,0.0181224,0.011985414,0.015768785,0.01896854,0.017426107,0.017037442,0.018275438,0.011199396,0.014184527,0.016072625,0.020510275,0.018310303,0.018281903,0.01861902,0.013012764,0.021416169,0.020611936,0.008555032,0.014656409,0.016342923,0.012496321,0.006812354,0.015756037,0.008249307,0.01609261,0.002693543,0.020065557,0.0044924864,0.02153489,0.019721387,0.013095072,0.016264353,0.013722878,0.023592278,0.01763903,0.010928011,0.009602282,0.0041877264,-2.2996173e-05,0.020258851,0.008458878,0.012997087,0.019874668,0.016899463,-2.3224407e-05,0.019395355,0.0075258785,0.018193914,0.014562664,0.020242624,0.020921564,0.018315105,0.021697078,0.011479584,0.017733617,0.0072548594,0.014797789,0.0138226645,0.016618105,0.014861683,0.013376212,0.020938424,0.018382533,0.0107493065,0.0034280247,0.012405904,0.0,0.021893207,0.017964074,0.012916914,0.011478478,0.011461209,0.0188772,0.020952802,0.026285361,0.015678449,0.015038295,0.0101837525,0.014976916,0.017064186,0.02037969,0.015166885,0.016400851,0.008289198,0.021377712,0.019554099,0.0030236954,0.017594177,0.00904682,0.016749749,0.010349072,0.012573252,0.015441146,0.01549992,0.017473435,-2.2525133e-05,0.011529731,0.00978442,0.010676333,0.017757384,0.013695049,0.002652273,0.013250477,0.007593477,0.029699577,0.0016528592
0.012959964,0.01307781,0.016178897,0.009834322,0.016188484,0.009928063,0.013627113,0.01684471,0.015261395,0.014707254,0.016177597,0.008979183,0.011697088,0.014040337,0.018637197,0.01616174,0.016221724,0.016656164,0.010759489,0.019739747,0.018735474,0.0062132995,0.012411474,0.014282181,0.010297403,0.0043700635,0.013582397,0.00614597,0.014064238,0.0004646318,0.017798908,0.0022448904,0.020170957,0.01779909,0.010826465,0.014083386,0.011318473,0.021433385,0.0153223835,0.008764459,0.0070586647,0.001760257,-2.237508e-05,0.018513292,0.006180837,0.010739552,0.018098984,0.01473982,-2.1200147e-05,0.017297298,0.005444091,0.01620181,0.012346396,0.018503865,0.018990142,0.016220184,0.019851776,0.009507512,0.01576856,0.0049772635,0.01268802,0.011609364,0.014630572,0.012656285,0.011393247,0.019153425,0.016518751,0.008676371,0.0012152481,0.010253119,0.021505674,0.0,0.015803294,0.010583111,0.00930654,0.009603483,0.01694298,0.018972995,0.023109412,0.013677331,0.013009349,0.007940914,0.01279593,0.014961335,0.018667221,0.013083528,0.014305019,0.0059992187,0.019589163,0.017536487,0.00079626904,0.015506488,0.007294192,0.014641976,0.008237087,0.010295357,0.013335372,0.013168566,0.015429956,-2.260067e-05,0.009357764,0.007520483,0.008638405,0.01555029,0.011370155,0.00027316913,0.0110608,0.0058317115,0.026709635,-2.3843335e-05
0.009251302,0.009556153,0.011689536,0.0063634515,0.012096796,0.0064875223,0.0098379105,0.012287952,0.010781917,0.010472844,0.010921674,0.0050182957,0.006987449,0.01045941,0.012297223,0.011656578,0.010965369,0.011176282,0.0070784967,0.012315433,0.012622568,0.0021066586,0.008797677,0.010208853,0.005809386,-1.2568086e-05,0.009355892,0.0023839518,0.010058956,-1.0232201e-05,0.012510365,-9.316132e-06,0.012570193,0.012278077,0.00654007,0.010817321,0.008076383,0.011648354,0.010744395,0.005189309,0.0020109552,-1.16952015e-05,-1.7981303e-05,0.01238826,0.0023250706,0.006762599,0.012171808,0.01109605,-1.5338783e-05,0.011543231,0.0010319976,0.011369679,0.008650338,0.012749735,0.012273905,0.011395446,0.012941182,0.006214082,0.011130407,0.00084401696,0.008973494,0.0076433616,0.010459533,0.009121125,0.007844217,0.012026096,0.011337609,0.0053940285,-1.157333e-05,0.0065739537,0.01166384,0.012286274,0.0,0.0065710777,0.005023405,0.0062572,0.012452826,0.012702085,0.012214474,0.010348488,0.009901921,0.0037704892,0.009728128,0.010645164,0.0121129835,0.0094531905,0.01089888,0.0014207916,0.012939938,0.012798063,-1.3396475e-05,0.011133614,0.0038943843,0.010229978,0.004865181,0.0069701476,0.008730722,0.008862907,0.010567376,-1.985615e-05,0.0055779126,0.0037971882,0.005023059,0.011564298,0.0070748585,-1.0577802e-05,0.007966776,0.0024913484,0.018348213,-1.4980086e-05
0.0062130215,0.007331224,0.0086739855,0.0048019546,0.00854564,0.0034806258,0.007967596,0.008998699,0.008199864,0.008134218,0.008497922,0.0017529606,0.007932151,0.0068802573,0.009865073,0.008881197,0.009167298,0.0095295785,0.003986021,0.009906602,0.009500411,-9.5403375e-06,0.0052932114,0.0077908803,0.003371084,-6.004524e-06,0.0060524866,-9.436562e-06,0.007927551,-1.0583747e-05,0.010085012,-7.6493725e-06,0.010201219,0.009763112,0.0050068,0.0069208047,0.0040890304,0.0102572655,0.008130793,0.00145469,0.0020634865,-8.821292e-06,-1.840769e-05,0.009750503,-4.1379685e-06,0.004805371,0.009653891,0.0077992342,-1.42399385e-05,0.009458333,-3.6130118e-06,0.008893159,0.007107179,0.009875834,0.01001242,0.008837691,0.009941303,0.0022967483,0.008815367,-9.066918e-06,0.0062832413,0.006320278,0.008177332,0.005916894,0.004663157,0.009697415,0.009342786,0.00076259667,-8.145491e-06,0.003520107,0.010067081,0.00982149,0.008315875,0.0,0.0022487845,0.0023534514,0.009308387,0.009502391,0.011023663,0.0077097863,0.00613315,0.0015249014,0.0062317736,0.008461547,0.010116595,0.0073763416,0.0075212256,-3.6349256e-06,0.009658175,0.009506904,-1.1340487e-05,0.008459179,-1.1644181e-05,0.0073297927,0.0009180859,0.0036250066,0.0074324138,0.007641762,0.008497433,-1.765711e-05,0.0028533451,-7.100636e-06,0.00089356286,0.008722238,0.006117315,-9.559228e-06,0.0034516652,-6.746267e-06,0.019048331,-1.4560088e-05
0.004606527,0.004980156,0.007876608,0.0011541314,0.0077576847,0.00061788486,0.005948326,0.008410847,0.0070870877,0.0064665745,0.0077039925,-1.9255833e-05,0.0043580467,0.0054081213,0.009526068,0.0079439115,0.008171132,0.008535845,0.0023595837,0.009338462,0.00919636,-2.2809476e-05,0.004063126,0.006370716,0.0017824738,-1.7602604e-05,0.005268029,-1.720032e-05,0.0060687806,-2.4244977e-05,0.009294281,-1.822492e-05,0.009620522,0.0088890195,0.0024175073,0.0056113964,0.0026006436,0.009815879,0.0071617183,-1.8002498e-05,-1.4968758e-05,-1.6660706e-05,-2.4031882e-05,0.009314435,-2.1156095e-05,0.002501798,0.00904286,0.0067777126,-2.1366348e-05,0.0087119015,-2.110793e-05,0.008003212,0.004721625,0.009778189,0.009447313,0.008019379,0.009605046,0.00026594385,0.007699329,-2.0259236e-05,0.005054705,0.0037480963,0.0071591297,0.0044100103,0.0029774816,0.009138601,0.008441476,-2.0965723e-05,-1.9908633e-05,0.0012197045,0.009716863,0.009511736,0.0074442415,0.0024556841,0.0,-2.155771e-05,0.008758999,0.009600882,0.010578245,0.0057150833,0.004630702,-2.2481581e-05,0.0044868593,0.007175153,0.009865247,0.0049561574,0.006192738,-1.8962239e-05,0.009992383,0.009207773,-2.481262e-05,0.0075094826,-1.668222e-05,0.0065441136,-2.1270987e-05,0.0011654443,0.0051664268,0.005409399,0.0075271903,-1.751441e-05,0.00029850443,-1.9733752e-05,-2.1490932e-05,0.0073999143,0.0035489674,-1.5469539e-05,0.0019489502,-1.845812e-05,0.019700354,-1.9697376e-05
0.004408766,0.004923928,0.007416532,0.0011894063,0.007522071,0.0014983196,0.0056563565,0.007894184,0.006562852,0.006072702,0.007103899,-3.193932e-06,0.0028863905,0.00554668,0.009157695,0.007641751,0.007595938,0.007891463,0.001846448,0.009682263,0.00910265,-4.4576964e-06,0.0038326194,0.006032246,0.00048201278,-7.279179e-06,0.0045376555,-6.722369e-06,0.005604997,-1.04995515e-05,0.008872034,-9.955401e-06,0.009933713,0.008888949,0.0015488345,0.0058282143,0.002826049,0.010090105,0.006772392,-3.5646951e-06,-3.084376e-06,-5.3236377e-06,-1.6526134e-05,0.008931794,-4.70812e-06,0.0018692501,0.008957522,0.0066594975,-1.673524e-05,0.008275985,-5.7873126e-06,0.007526794,0.0043439586,0.009309597,0.009626602,0.0074318415,0.00956574,0.00076307723,0.0072314595,-8.369437e-06,0.004370905,0.0029440224,0.006477982,0.0042306287,0.0026673342,0.009115497,0.00794454,-6.108401e-06,-8.783369e-06,0.001091728,0.009823058,0.009681484,0.0072603947,0.0019424995,2.9056348e-06,0.0,0.008271182,0.008987266,0.010224301,0.0057872073,0.0048070992,-2.763567e-07,0.004644318,0.006476219,0.009497386,0.0048376946,0.006227481,-9.962692e-06,0.009132445,0.008580705,-8.0041755e-06,0.0070369435,-5.519576e-06,0.0058361054,-9.167377e-07,0.0017245568,0.0041907905,0.0045519588,0.0069001466,-1.8623095e-05,0.0001319234,-6.778383e-06,-4.745181e-06,0.007134186,0.0024374882,-1.5215017e-05,0.0027196228,-6.4361793e-06,0.01675657,-1.7529946e-05
0.010014652,0.010394811,0.012675335,0.0072615263,0.012821696,0.0073197447,0.010800878,0.013156659,0.011726613,0.0113586895,0.012087984,0.0059737605,0.008324814,0.011261054,0.013521584,0.012647759,0.012197501,0.012441731,0.007987363,0.013586007,0.013685206,0.0030484912,0.0097277,0.011119121,0.0070559946,-1.4240185e-05,0.010306696,0.003160684,0.011105868,-1.3740981e-05,0.013611876,-1.3309692e-05,0.013839754,0.013293729,0.0077146413,0.011331797,0.008860824,0.013411437,0.011811773,0.0061099962,0.0035270771,-1.4015864e-05,-1.5565896e-05,0.013599202,0.0031280462,0.007841044,0.013217864,0.011742087,-1.6716529e-05,0.012835699,0.002181008,0.012424263,0.009434058,0.01380133,0.013441156,0.012408562,0.014120535,0.0070138886,0.012073717,0.001893212,0.009859585,0.008598622,0.011429619,0.010028401,0.008646231,0.013409309,0.012535715,0.0061050267,-1.5039971e-05,0.0075872988,0.013338691,0.013544208,0.012617506,0.00762301,0.0061368076,0.0068960628,0.0,0.013918445,0.013619359,0.011090565,0.010617626,0.004882976,0.01038282,0.011697871,0.013445362,0.010366213,0.011656641,0.0025480646,0.014261557,0.013720247,-1.5929952e-05,0.012040372,0.004457402,0.011177572,0.005789831,0.007914476,0.010065154,0.009950267,0.011667752,-2.1814676e-05,0.0065870904,0.0048355116,0.005885237,0.012367557,0.008174997,-1.6174028e-05,0.008754707,0.0029476364,0.0189128,-1.766467e-05
0.011983303,0.012418926,0.015228355,0.009165672,0.015210958,0.009048854,0.012732008,0.015855748,0.013810012,0.013584637,0.01445706,0.008069423,0.010301912,0.0132433465,0.01677674,0.014883404,0.014535642,0.014887136,0.009863331,0.016975608,0.01675592,0.005343412,0.011559438,0.013111487,0.0092667295,0.0029085395,0.012257961,0.00526573,0.012883371,-1.3767193e-05,0.016130157,0.0010203453,0.01714498,0.015908131,0.00972866,0.013294017,0.010478914,0.017624842,0.014043792,0.007913474,0.0058628954,0.0004820836,-1.6589376e-05,0.016799498,0.0053562033,0.009686837,0.016033698,0.013735551,-1.5473419e-05,0.015500732,0.0043780343,0.014773496,0.0114102755,0.017234972,0.016972339,0.014810634,0.018185142,0.008589232,0.014278053,0.0042141527,0.011743504,0.0104708485,0.013465622,0.011941404,0.01037842,0.016959997,0.014827577,0.008031549,0.00014559811,0.0093972,0.0180494,0.017499264,0.015117949,0.009800017,0.008282826,0.008651796,0.015892651,0.0,0.019114744,0.012774771,0.01226885,0.0069005582,0.012104627,0.014008614,0.016627438,0.012292672,0.013622468,0.0049039605,0.019216932,0.016650833,-1.1900995e-05,0.014212317,0.0064384066,0.013312198,0.007448748,0.00961805,0.011999853,0.011996995,0.013960539,-1.6338476e-05,0.0085484125,0.006636211,0.0077626146,0.014580465,0.010279682,-1.3146181e-05,0.010283722,0.004879642,0.026137248,-1.3616171e-05
0.019199183,0.019114938,0.021900546,0.01615305,0.021633014,0.016090613,0.019533733,0.022447715,0.021111611,0.020656455,0.021844456,0.015324698,0.01815863,0.019882029,0.0237359,0.021774927,0.021870676,0.022062365,0.016953431,0.024739696,0.024093477,0.012831073,0.018509584,0.020137314,0.016462786,0.01096604,0.019521892,0.012528805,0.019780012,0.007114086,0.023654992,0.009005539,0.024788462,0.023137419,0.017006204,0.02007859,0.01759557,0.026115583,0.021423135,0.015098682,0.013931225,0.008777089,0.0022543943,0.023645032,0.012830243,0.016950067,0.023391373,0.020578815,0.0031480768,0.022686763,0.011969862,0.021839341,0.01839815,0.023605812,0.024120905,0.021911297,0.024917735,0.015635014,0.021422567,0.011572965,0.01852522,0.017799033,0.020280788,0.018727979,0.017464947,0.024321603,0.022110244,0.014731337,0.007826836,0.01649528,0.026029319,0.02494411,0.021599367,0.016938234,0.015687872,0.01567346,0.022505896,0.024147913,0.0,0.019650212,0.018782888,0.014525559,0.0188364,0.020790948,0.02368006,0.019044865,0.020104107,0.012458843,0.024557069,0.022952633,0.0073541827,0.02115896,0.013255328,0.020450477,0.014541441,0.016462445,0.019357568,0.019165989,0.021166878,-2.6849119e-05,0.015663322,0.01390072,0.014846974,0.021461552,0.017699769,0.0071499352,0.017200517,0.011861635,0.031055316,0.006126213
0.007841344,0.008234125,0.01004682,0.00503226,0.010101933,0.0051969914,0.008734682,0.010420029,0.009354287,0.008981955,0.009462818,0.0035253111,0.0060181045,0.008838758,0.010806589,0.0100760525,0.009803246,0.010136819,0.005671209,0.010370442,0.01048968,0.00043370615,0.007471096,0.009010872,0.004441535,-9.094562e-06,0.0077846586,0.00052513176,0.0088370945,-9.92803e-06,0.010533011,-6.889744e-06,0.010716012,0.01083503,0.0054253805,0.00896812,0.0066643967,0.009545094,0.009326486,0.0038283805,0.0009067274,-6.254621e-06,-1.6942637e-05,0.010532688,0.00078285986,0.0054813833,0.010606175,0.00951141,-1.0519978e-05,0.010058645,-7.813549e-06,0.009850681,0.007515115,0.01087476,0.010607798,0.009861148,0.010471114,0.004837996,0.009869727,-6.1357673e-06,0.0077759344,0.006492844,0.009411844,0.007652096,0.006410109,0.010259344,0.010222454,0.0038175357,-1.0014901e-05,0.0050913254,0.009912291,0.0102993045,0.010058767,0.00555432,0.0036442257,0.0047002165,0.010601322,0.010362049,0.010246572,0.0,0.0084430035,0.002604571,0.008126833,0.009510931,0.010697209,0.008207898,0.009429864,-6.10452e-06,0.010466351,0.010721518,-1.3408929e-05,0.009849108,0.0016697319,0.008810511,0.0036357786,0.0056870766,0.007651004,0.007821063,0.009352856,-1.6286258e-05,0.0043106894,0.0021718035,0.0036927091,0.009832783,0.006151881,-1.0243071e-05,0.0065396894,0.00036274362,0.016390858,-1.2984234e-05
0.006997871,0.0074782353,0.009235201,0.0042938753,0.009444466,0.0044042715,0.007840378,0.009633405,0.008545574,0.008238849,0.008883027,0.0028201398,0.005065495,0.008074429,0.010235918,0.009312244,0.009194086,0.009472278,0.004948727,0.00985392,0.009861584,9.746768e-09,0.006696399,0.008314014,0.0037421475,-3.2147568e-06,0.0071726535,-3.160881e-08,0.007990027,-5.1305537e-06,0.0100102965,4.790739e-07,0.01017937,0.010128386,0.0045395405,0.008264828,0.00589163,0.00950849,0.008536297,0.0029622011,3.8817298e-06,-2.5890515e-06,-8.623819e-06,0.0099219745,7.35423e-05,0.004847804,0.009969195,0.008967191,-9.3243525e-06,0.0095451875,-1.6086927e-06,0.009272244,0.0068412204,0.0103011485,0.010082658,0.009226029,0.00997984,0.004083546,0.008989328,-1.0172415e-06,0.0068701063,0.005718649,0.008537946,0.006942187,0.0056663547,0.009804624,0.009353144,0.003176307,-4.97908e-07,0.0042955247,0.009475597,0.009794189,0.009383212,0.004759926,0.002763359,0.003922918,0.009946046,0.009759858,0.009557721,0.008309554,0.0,0.0017649148,0.0075060125,0.008741568,0.0102111725,0.0072646774,0.008739359,2.2417072e-07,0.0098952055,0.010113578,-7.144722e-06,0.008975833,0.0012847311,0.008018772,0.0028437942,0.0050530494,0.006667523,0.006965897,0.008617946,-9.335594e-06,0.00343996,0.0014680572,0.0028788163,0.009290954,0.0051286635,-4.618086e-06,0.00572259,-4.708945e-06,0.015979217,-3.6198564e-06
0.0036526825,0.0041770726,0.007274312,0.00033402533,0.0070531573,-3.030525e-05,0.0051593264,0.00791776,0.0064509274,0.0056787687,0.0071583274,-2.6335063e-05,0.0044306805,0.004634862,0.00932725,0.007471996,0.007583371,0.007896445,0.0008039619,0.009789779,0.0091283005,-2.7490038e-05,0.0029220846,0.005821703,0.00022885525,-2.970734e-05,0.004144506,-2.5734991e-05,0.0053408365,-2.984919e-05,0.009392137,-2.9575453e-05,0.010030299,0.008990908,0.0014449942,0.004642303,0.001514114,0.010270177,0.006412063,-2.7120443e-05,-2.9360483e-05,-2.1976997e-05,-2.9811661e-05,0.008998117,-2.6932532e-05,0.0012558204,0.009087217,0.006011395,-3.075447e-05,0.008316295,-2.385313e-05,0.007314965,0.0039173234,0.009371633,0.009729055,0.0074306843,0.009998227,-2.4724864e-05,0.007085052,-2.286515e-05,0.003697891,0.0028604346,0.0063329856,0.0032518813,0.00171401,0.009222767,0.007937298,-3.1116237e-05,-2.672154e-05,-1.7906339e-05,0.010244511,0.009682151,0.0069244225,0.002243785,-2.4054947e-05,-2.5635734e-05,0.008202714,0.00920081,0.011422211,0.004828063,0.0035730482,0.0,0.003369764,0.00639218,0.009576465,0.004040568,0.005495058,-2.801928e-05,0.009628346,0.008601898,-2.1583995e-05,0.006701135,-3.1206175e-05,0.0056437002,-3.1303985e-05,9.452157e-06,0.004237073,0.004653887,0.007031453,-3.1584725e-05,-3.1114538e-05,-2.6452857e-05,-2.9339135e-05,0.006632992,0.0023921747,-2.0335543e-05,0.00069141027,-2.839172e-05,0.021701412,-2.4622399e-05
0.0069906292,0.0073119923,0.009219029,0.0039962907,0.009587131,0.004532367,0.00789065,0.009764227,0.008498479,0.008196812,0.008798155,0.0025543107,0.0048576295,0.008096619,0.0100111,0.009321656,0.008954391,0.009272235,0.004879938,0.0099598095,0.010006199,-9.451204e-06,0.0067437957,0.008208196,0.0035942732,-1.4954521e-05,0.0070948233,-1.3039647e-05,0.008020729,-1.5717778e-05,0.010151617,-1.0844397e-05,0.010249234,0.0102461865,0.00423945,0.008261435,0.005937158,0.009468895,0.008597674,0.0029506008,-6.9345438e-06,-1.1831358e-05,-1.8322693e-05,0.0099743605,-1.3856197e-05,0.004611895,0.009991501,0.008803906,-1.8838755e-05,0.0094358055,-1.0538738e-05,0.009316932,0.0066512106,0.010247481,0.010101587,0.009232775,0.009980103,0.003994511,0.009093975,-1.415223e-05,0.0068882317,0.0054245945,0.008521556,0.006981902,0.005666455,0.009642634,0.009336023,0.0032650747,-1.619779e-05,0.0043607033,0.009409014,0.009806604,0.009315638,0.0045020143,0.0026377104,0.003938047,0.009826117,0.009663635,0.009621596,0.008184517,0.00754522,0.0015240685,0.0,0.008578426,0.010108094,0.007193283,0.008691664,-1.3374947e-05,0.009859944,0.010027778,-1.9247642e-05,0.009046451,0.0010693078,0.008138021,0.00271507,0.0047683627,0.006577221,0.0067692404,0.008565693,-1.937056e-05,0.0032573305,0.0014322284,0.0028040668,0.009317557,0.0051030586,-1.3591688e-05,0.0058799004,-1.2632793e-05,0.016179388,-2.0109852e-05
0.009024906,0.0096250875,0.01124685,0.0065869163,0.011312378,0.006170903,0.00991705,0.011654171,0.010640124,0.010407844,0.010929268,0.0047250954,0.008159392,0.0097268205,0.012052179,0.0113607105,0.011295509,0.011613646,0.006929468,0.011576946,0.011701324,0.0015883903,0.008503598,0.01012405,0.0060389107,-1.7748289e-05,0.009213161,0.0012812166,0.01010404,-1.5640238e-05,0.011740098,-1.8899385e-05,0.011780975,0.012004018,0.006993421,0.009917407,0.0074495086,0.011362378,0.010759929,0.005012625,0.0029439142,-1.6667997e-05,-1.8175733e-05,0.01211644,0.0015267069,0.007107098,0.0118496595,0.010537032,-1.729531e-05,0.0116477385,0.0005588884,0.011349805,0.008922198,0.012290847,0.012026466,0.011291457,0.011683054,0.0055523855,0.011219398,0.00037906418,0.0088092415,0.008049996,0.010691539,0.008913877,0.0075659943,0.011628692,0.011546298,0.004479173,-1.4179296e-05,0.0062724245,0.011331752,0.011671764,0.0110861305,0.007170211,0.005137134,0.0055474727,0.011845752,0.011785786,0.011566063,0.009956062,0.009287192,0.003917277,0.009014081,0.0,0.012173065,0.009375371,0.010423006,0.0011098057,0.011883144,0.011813089,-1.7219605e-05,0.0110589685,0.001827688,0.010017044,0.0044940854,0.006638917,0.009229482,0.0093004815,0.010961036,-1.9699337e-05,0.005464903,0.0032623848,0.0046216627,0.011004875,0.0076049743,-1.6658174e-05,0.007190271,0.0006131752,0.017113818,-1.969305e-05
0.012033171,0.012150177,0.014775103,0.00915397,0.014830137,0.00899463,0.012787872,0.015627583,0.014000243,0.013637358,0.01486313,0.007823766,0.010808777,0.012843229,0.016977923,0.015132127,0.014941741,0.015356723,0.009771107,0.01747648,0.01673424,0.00519882,0.0114292605,0.013136844,0.009231346,0.002860261,0.012518677,0.005117872,0.013129893,-2.1974e-05,0.016249523,0.00094735244,0.017496357,0.016188683,0.009782385,0.013024101,0.010462371,0.018307388,0.014206237,0.007919779,0.0060400614,3.9508668e-05,-2.436277e-05,0.016894775,0.0050207,0.009853553,0.01636002,0.013542881,-2.2509836e-05,0.015859958,0.004391304,0.015023914,0.0115652615,0.01695809,0.017185645,0.015084703,0.017513685,0.008480201,0.01478537,0.0038962173,0.011726066,0.010674271,0.0136142885,0.011672392,0.0104939565,0.017159075,0.015280411,0.0077935643,-1.8462875e-05,0.009255423,0.018237256,0.017687578,0.014540964,0.0096576465,0.008335052,0.008513592,0.015650231,0.017116511,0.019412901,0.012629864,0.012125615,0.00703594,0.011821516,0.013964914,0.0,0.012036651,0.013400018,0.004685852,0.017497947,0.0160736,-2.115179e-05,0.014385646,0.005879598,0.0135510545,0.0074427393,0.009423053,0.012443727,0.012260568,0.014403848,-2.7691896e-05,0.008386112,0.0066301497,0.007496882,0.014437452,0.0104460195,-2.0843781e-05,0.010022036,0.004481353,0.022263883,-2.3301161e-05
0.0075461315,0.008196342,0.009904804,0.0051535657,0.010072348,0.0048994683,0.00873019,0.010237796,0.009238625,0.008913135,0.009471689,0.0031704053,0.0065913936,0.008457105,0.010754085,0.0100575015,0.010005373,0.010147133,0.005299944,0.010544712,0.010338401,9.982822e-06,0.00713732,0.00878506,0.0042333463,-1.8923339e-06,0.0075204587,-4.0799823e-06,0.008744563,-3.4013378e-06,0.010438529,-2.4932385e-06,0.010774072,0.010602995,0.005347164,0.008770776,0.0060926364,0.009907702,0.009245375,0.0034313367,0.0012364987,-1.1558888e-06,-1.1563854e-05,0.010726322,0.00020113563,0.005390531,0.010476713,0.009311958,-9.001426e-06,0.010201582,2.1619734e-07,0.0099102575,0.0075355326,0.011001484,0.010876942,0.009840931,0.010489636,0.00424695,0.0098822955,-1.6521362e-06,0.007458481,0.0066494946,0.009195603,0.007526916,0.0062695188,0.010330277,0.01023349,0.003160697,-3.5984444e-06,0.004747123,0.009883534,0.010504463,0.009802001,0.0059301225,0.0033348748,0.0041793403,0.010621309,0.01063278,0.010626943,0.00882668,0.007935046,0.0024012453,0.007767655,0.00942555,0.010955586,0.0,0.0091399895,-3.088557e-06,0.010668274,0.010650896,-4.9679293e-06,0.009748317,0.00036448851,0.008451423,0.0031055638,0.005189312,0.0075892783,0.0077283275,0.009390009,-1.5180167e-05,0.004021144,0.0016053827,0.0032032023,0.009776784,0.006236165,-7.364204e-06,0.005882165,-2.4369836e-06,0.016855767,-9.576185e-06
0.008106757,0.008526269,0.010413189,0.005289898,0.010629753,0.005488883,0.008845353,0.010787897,0.0094902115,0.009151182,0.009782533,0.0037960152,0.0059756823,0.009146674,0.011094449,0.0104071945,0.009870602,0.010111905,0.0058206366,0.010759029,0.010854774,0.0008754564,0.0077792043,0.009069177,0.004852193,-4.4117774e-06,0.00821963,0.0010913713,0.009018523,-4.3185464e-06,0.011005246,-3.67571e-06,0.010909181,0.011029484,0.0054391716,0.00937187,0.0070508723,0.0104146665,0.009523937,0.004019645,0.000977474,-3.0988842e-06,-7.722613e-06,0.010918402,0.0011183326,0.00569207,0.010754367,0.009876685,-9.6159265e-06,0.010436453,-2.5872694e-07,0.010131042,0.0076033603,0.011199469,0.010879243,0.010122881,0.011063851,0.0050956868,0.009996735,1.01292e-08,0.007919872,0.006550809,0.009416581,0.008050207,0.0067728874,0.010568737,0.010185907,0.00438181,-6.141575e-06,0.005540722,0.010380644,0.010618094,0.010508379,0.005616574,0.0037547902,0.0050593964,0.011015459,0.010893121,0.01063661,0.009192345,0.00871223,0.0028405795,0.0084628295,0.0096155,0.010946041,0.008436727,0.0,0.0002336869,0.0110392645,0.011351108,-7.5629096e-06,0.009917467,0.00238721,0.0091064535,0.0039082407,0.006022909,0.00775285,0.007821357,0.009441796,-1.31928045e-05,0.0044682655,0.0025579657,0.003985415,0.010148698,0.0061043296,-4.671241e-06,0.0068615167,0.0011244905,0.01666184,-9.002149e-06
0.00030227882,0.0010099808,0.0054616653,9.452613e-06,0.0052528395,2.0340071e-06,0.0022882386,0.006328615,0.0043348293,0.0032483437,0.0054225675,4.840297e-06,0.00014250384,0.0018041478,0.009425719,0.005581335,0.005855106,0.0065215784,1.4426751e-05,0.009940134,0.008697192,3.075572e-06,2.1598064e-05,0.0028067883,5.700357e-06,6.457082e-06,0.0007449595,3.2640276e-06,0.0024603424,-8.423732e-06,0.0077419216,4.9486416e-06,0.010059968,0.007760361,1.132143e-05,0.0020595447,1.5173924e-05,0.011557691,0.0044147987,7.287893e-06,4.4228595e-06,-7.40982e-06,-1.834042e-06,0.008562641,4.6277782e-07,8.858314e-06,0.008153273,0.0035028262,-1.7165631e-06,0.0073610134,-6.4081655e-06,0.0056386245,0.0005078589,0.008918566,0.009807565,0.0057661165,0.010084434,-1.0954552e-06,0.005037885,-5.1729526e-06,0.0001336102,1.6608397e-05,0.0036785596,1.42726385e-05,6.130768e-06,0.009256221,0.006410841,1.1511466e-05,-3.8147587e-06,1.4276001e-05,0.011259496,0.010325029,0.004950595,1.3147173e-05,7.64928e-06,1.0484815e-05,0.006743565,0.009261865,0.013358013,0.0018140315,0.0004380412,4.5617696e-07,1.4652362e-05,0.0042907353,0.009933662,0.0010313943,0.00285536,0.0,0.009729128,0.0075885765,-5.1541515e-06,0.004597244,-8.6881055e-06,0.0030001998,3.271206e-06,5.1392917e-06,0.0015967301,0.001669783,0.0048427875,-1.1191073e-05,3.5175774e-06,-2.6474736e-06,2.785683e-06,0.0050108456,2.2864815e-05,6.848741e-06,1.0479718e-05,-1.0882827e-05,0.023474174,-1.00676225e-05
0.012821059,0.0129470965,0.015792428,0.009839548,0.015729025,0.009767311,0.01318319,0.016440667,0.014471674,0.0142685,0.015208543,0.008773639,0.0111227045,0.013730346,0.017366756,0.015549886,0.015106031,0.0154612465,0.010452825,0.017665468,0.017531043,0.006031632,0.012160497,0.013781938,0.009939514,0.0040764697,0.012990137,0.0060976646,0.013568742,0.0005432474,0.016981132,0.0021028847,0.01786352,0.016473759,0.010415159,0.014026749,0.011267806,0.01847022,0.014733052,0.008661584,0.0067674625,0.0013710529,-1.3140304e-05,0.017253313,0.006250486,0.010464309,0.016535172,0.014414392,-1.3081995e-05,0.016223606,0.0051775207,0.015382237,0.0119652515,0.017750073,0.01745496,0.015274008,0.018855754,0.009252134,0.01485709,0.0050313883,0.012261696,0.01120019,0.013909437,0.012464317,0.0110690165,0.017630886,0.015496329,0.008667008,0.00112453,0.0099966815,0.018968996,0.018173251,0.015662719,0.010623024,0.008906292,0.009362154,0.016421864,0.018920269,0.020082986,0.01334548,0.012976836,0.0077865394,0.012766568,0.014429947,0.017235665,0.012909625,0.014102145,0.0057835076,0.0,0.017183254,0.00055801746,0.014827408,0.0070150658,0.013900958,0.008270714,0.010348974,0.012753209,0.012572463,0.014444773,-1.7583594e-05,0.009222971,0.0075002206,0.008299618,0.015110416,0.010970346,0.0002541013,0.010987288,0.0057831313,0.027432656,-1.4510235e-05
0.009899132,0.010654405,0.013215308,0.0075384476,0.013299178,0.0071532377,0.011094447,0.013803611,0.012042296,0.011734993,0.012334466,0.006426834,0.008609184,0.01163455,0.014242028,0.0130006075,0.012383695,0.012769749,0.008319643,0.014061921,0.0145082,0.0037544537,0.00963668,0.011389484,0.007436801,0.0010526644,0.010834531,0.003765359,0.011306716,-1.1137075e-05,0.014333931,-4.7945637e-06,0.014695444,0.013975622,0.008030309,0.011834291,0.008801921,0.014151624,0.0120994765,0.0060083778,0.004147857,-5.799166e-06,-1.2408736e-05,0.014265918,0.0034623316,0.00817958,0.013488001,0.012257129,-1.0671298e-05,0.013236106,0.0028027315,0.012714864,0.0097796,0.0146775665,0.013860447,0.012827117,0.015415713,0.0074081705,0.012347658,0.002197072,0.010211815,0.008953749,0.011778709,0.00991577,0.008675231,0.014083201,0.012820144,0.0061950027,-7.458903e-06,0.0078060315,0.0143337175,0.014082612,0.013342708,0.007987447,0.0065591424,0.0073243207,0.014024998,0.015072466,0.015026757,0.011263245,0.010515548,0.005087508,0.010628754,0.012152968,0.014031736,0.010530282,0.012117122,0.0034717864,0.015474244,0.0,-1.1831948e-05,0.012546079,0.0049154083,0.011522145,0.0056812307,0.007872881,0.010264938,0.01019725,0.011909262,-1.2234951e-05,0.006506261,0.0052887886,0.005913976,0.012898041,0.008442001,-1.0224897e-05,0.008671546,0.0033575187,0.021799834,-9.4903735e-06
-1.7941865e-06,-1.14299655e-05,0.00013168449,-2.814169e-05,-6.32139e-06,-1.142355e-05,-1.488093e-05,0.0018360992,5.210217e-07,3.5791338e-06,9.854429e-06,-2.2079217e-05,-2.0651598e-05,-5.41261e-06,0.008293067,1.2776396e-05,0.00027618662,0.0020547814,-2.8173665e-05,0.011289944,0.00826406,-9.531358e-06,-2.1110644e-05,-1.8870232e-05,-7.5457197e-06,-1.6504593e-05,-2.1645183e-05,-2.4664572e-05,-1.6579332e-06,-1.1412881e-05,0.004880004,-2.340531e-05,0.011541602,0.0048234486,-2.9757035e-05,-5.0800836e-06,-2.1201124e-05,0.017458934,-1.1459237e-05,-1.2243589e-05,-2.4420251e-05,-2.8603756e-05,-2.892e-05,0.0074755363,-1.3126681e-05,-2.4446388e-05,0.0062612784,6.404577e-06,-1.3887998e-06,0.004630371,-7.64984e-06,7.694373e-06,-2.2455558e-06,0.00811088,0.010357265,0.00015584982,0.011961753,-1.0504591e-05,6.535535e-07,-1.6421824e-05,-2.4394716e-05,-9.977233e-06,2.6835576e-06,-1.9758363e-05,-2.3412651e-05,0.009957885,0.0015356678,-2.811094e-05,-2.9671246e-05,-3.5462358e-06,0.01748124,0.012540183,-1.1430273e-05,-1.1964821e-05,-1.1439455e-05,-5.8601063e-06,0.0021387772,0.009511568,0.02299753,-7.615442e-06,-1.4311095e-05,-1.3711182e-05,-1.032971e-05,6.8081827e-06,0.009455607,1.5068343e-06,-1.0753303e-05,-3.123114e-05,0.01131714,0.0043204213,0.0,4.5143393e-06,-9.296615e-06,-1.9051076e-05,-8.025518e-06,-1.838589e-05,-1.5863438e-05,-2.4210665e-06,-6.452062e-06,-9.814713e-06,-5.17575e-06,-1.8361194e-05,-2.4429573e-05,-1.1421049e-05,-1.1718331e-05,-3.1297473e-05,-1.1804776e-05,-2.9412904e-05,0.032947116,-9.896989e-06
0.009265864,0.009693073,0.011562052,0.006356947,0.011654424,0.006428183,0.0099768145,0.011948299,0.010859308,0.010598444,0.011234897,0.0051171035,0.007971442,0.010243681,0.01249849,0.011764829,0.01146891,0.011716971,0.007204611,0.012073282,0.012174142,0.0021261093,0.008861111,0.010439346,0.00628894,-2.0890331e-05,0.009559744,0.0017759851,0.010309844,-1.928437e-05,0.012081018,-2.055924e-05,0.012285617,0.012294762,0.0070433277,0.010391566,0.0080765225,0.011742687,0.010856059,0.005237543,0.0026950007,-1.8770714e-05,-2.3942213e-05,0.012346996,0.0019172905,0.00709693,0.012260705,0.010884249,-2.502834e-05,0.011869482,0.0010422315,0.01148704,0.009026389,0.012441326,0.012302666,0.011504156,0.0120042795,0.006116768,0.011506132,0.0005914911,0.009237869,0.00813918,0.010836141,0.009171208,0.007888851,0.011963618,0.011847438,0.0051543736,-1.7510827e-05,0.0066674226,0.011606216,0.012105711,0.011464129,0.006942439,0.005368825,0.005867096,0.012138444,0.012032226,0.011770736,0.010333103,0.009604671,0.0042487606,0.009472012,0.0109605435,0.0122998,0.009357122,0.010713884,0.0010455394,0.012233695,0.012290195,-1.8840365e-05,0.0,0.0029963707,0.010564593,0.0046881894,0.006966761,0.009417118,0.0093798665,0.011062038,-2.746014e-05,0.0057429625,0.0036653806,0.0050750705,0.011356521,0.007674047,-1.7605333e-05,0.007739519,0.0015322727,0.017166013,-2.0060077e-05
0.0009262633,0.0013426399,0.0051834295,-2.8614738e-06,0.0050830403,-5.700914e-06,0.0023704434,0.006036086,0.003987634,0.002959557,0.0049161417,-1.20386085e-05,-2.0975967e-06,0.0025437358,0.008173769,0.0051479912,0.0051869852,0.0055070724,-3.7936466e-06,0.009260175,0.008065749,-1.7850803e-05,0.0005045824,0.0029768115,-1.1006308e-05,-1.4224636e-05,0.0015174354,-1.7375169e-05,0.0025563703,-1.353557e-05,0.007334638,-1.1401008e-05,0.009514397,0.0072431867,-2.2103035e-07,0.0027717869,-9.151027e-06,0.011024753,0.0040933364,-1.1632917e-05,-4.6797672e-06,-1.9480196e-05,-1.5002101e-05,0.007670659,-1.6763985e-05,-1.8424319e-06,0.0076763663,0.0037311483,-1.3084063e-05,0.006443277,-1.9014877e-05,0.005213823,0.0007266801,0.008290783,0.008819823,0.005278239,0.009345932,-1.5153195e-05,0.004526396,-1.690841e-05,0.0010559801,7.353923e-07,0.0035849544,0.0009019173,9.11504e-07,0.008445066,0.005692632,-9.178811e-06,-1.7587883e-05,-5.9258546e-06,0.010870063,0.00952926,0.0048808716,-6.536396e-07,-8.389842e-06,-1.3013689e-05,0.006147375,0.008350362,0.012624776,0.0024326667,0.0015098691,-5.118577e-06,0.0013596453,0.0035638416,0.008514732,0.0013454345,0.0033177917,-1.7023676e-05,0.009057071,0.0070853205,-1.9244233e-05,0.0043569105,0.0,0.003118944,-7.74147e-06,-7.5198222e-06,0.00064982905,0.0007846582,0.004161546,-1.5966294e-05,-2.6084442e-06,-7.029253e-06,-9.1052025e-06,0.004363989,-3.4793181e-06,-1.0800007e-05,-1.127224e-05,-1.7540551e-05,0.019536654,-2.0446327e-05
0.008256404,0.008442476,0.0104457475,0.004849053,0.010715679,0.005281476,0.009023936,0.010979721,0.01008804,0.0095579475,0.0104263555,0.0041487305,0.0068254187,0.00906873,0.011539505,0.010757246,0.010604501,0.01076759,0.006253247,0.0116633745,0.011517961,0.001181544,0.007994298,0.0097033745,0.005644048,-2.5364865e-05,0.008849547,0.0007093522,0.009317898,-2.7764763e-05,0.011469932,-2.450772e-05,0.011827983,0.011725216,0.006047452,0.009290679,0.007131317,0.011038769,0.010033644,0.003999574,0.0015737058,-2.3999457e-05,-2.592553e-05,0.0114481645,0.00066657306,0.006281725,0.011581183,0.009943349,-2.9000847e-05,0.010898471,-2.6818332e-05,0.010584395,0.007925872,0.011417547,0.011609409,0.010773772,0.011381346,0.0051332195,0.010637694,-2.8270108e-05,0.008380963,0.0071084276,0.009912395,0.008022152,0.006971416,0.011291328,0.010890951,0.003985603,-2.8966639e-05,0.005613415,0.010866988,0.011429546,0.010388412,0.005567535,0.004596201,0.004760383,0.01102828,0.010857305,0.010997432,0.009231866,0.008485877,0.0032476243,0.00830444,0.009710105,0.011590561,0.008017588,0.0095008,0.00014559826,0.0109980805,0.01125351,-2.823822e-05,0.010296998,0.0022696597,0.0,0.0035926409,0.005637243,0.008357624,0.008431015,0.010320186,-2.867872e-05,0.0045946753,0.002540604,0.004016483,0.010525804,0.0063689454,-2.6206884e-05,0.006534215,0.0004501337,0.016473608,-2.6274342e-05
0.0034639977,0.004181337,0.0069518243,0.00041596385,0.0068460824,9.622731e-05,0.0049357885,0.00751951,0.006088043,0.005420135,0.006673181,-2.199963e-06,0.00232427,0.004686748,0.009009532,0.0070085865,0.0071535003,0.007480895,0.0007482159,0.009670534,0.008929801,-1.2044312e-06,0.0030112392,0.0052917236,-8.4407617e-07,-1.4547758e-05,0.0036954673,-7.796622e-06,0.0051013534,-5.98362e-06,0.008600211,-1.1572571e-05,0.010037764,0.008653446,0.0006413825,0.004968473,0.0017024014,0.010509297,0.0061253686,-5.3943513e-06,-4.3633386e-06,-8.177463e-06,-1.499089e-05,0.00872259,-4.1215594e-06,0.0009435723,0.008692001,0.00596904,-1.7850149e-05,0.0079398,-2.4543726e-06,0.0071222107,0.0034846745,0.009141066,0.009595486,0.0071453913,0.0095347725,-3.2462328e-06,0.006625819,-5.384179e-06,0.0034145738,0.0021466983,0.0058901804,0.0033540053,0.0016916267,0.009167094,0.0075289104,-6.673838e-06,-1.08321965e-05,-3.0331828e-06,0.010316189,0.0097839,0.0066954675,0.0012644916,1.546425e-06,-4.957864e-06,0.007933573,0.008837929,0.011505839,0.004938733,0.004018067,1.5494263e-06,0.003691779,0.006095382,0.009499547,0.0040298,0.005509713,-5.0384806e-06,0.009070029,0.008410467,-7.4174222e-06,0.0063692224,-4.2876522e-06,0.0051566595,0.0,0.00063633174,0.0036604642,0.0038026988,0.0064796987,-1.4930094e-05,-5.496258e-07,4.8290434e-07,-9.767591e-07,0.006394114,0.0018468199,-1.4560473e-05,0.0015237264,-7.1291347e-06,0.017641857,-9.0393305e-06
0.0051804953,0.0057325116,0.0079023745,0.0022063595,0.008060204,0.0024233041,0.006334217,0.008425234,0.0071896515,0.0067349053,0.007657574,0.0004232848,0.0036311487,0.006339772,0.009400381,0.008149929,0.007956787,0.008242186,0.0027384392,0.009579654,0.009233228,-6.5473964e-06,0.0048220106,0.0066441842,0.0015701796,-9.054503e-06,0.0053490284,-5.9248273e-06,0.006478279,-1.2990329e-05,0.009169972,-9.804218e-06,0.009759977,0.009290078,0.0024492065,0.006479504,0.0038405969,0.00966755,0.007245157,0.00071252725,-2.6146201e-06,-7.3453475e-06,-1.9316602e-05,0.009164007,-4.4843723e-06,0.0027974793,0.009135019,0.00729479,-1.8559358e-05,0.008557527,-9.605051e-06,0.007996774,0.0050995816,0.009420968,0.0096945455,0.008007166,0.009432074,0.0016758264,0.0077143447,-1.2585155e-05,0.0051529226,0.0039134407,0.0072053084,0.0050769937,0.0036633634,0.0092118755,0.008397114,0.00082561286,-8.816902e-06,0.002113702,0.009425403,0.009623666,0.007944099,0.0028160207,0.00037951206,0.0015678745,0.008684509,0.009129139,0.009550722,0.0066525545,0.0056533082,-7.846494e-06,0.0056074625,0.0071945777,0.009517498,0.0056149242,0.0071359547,-8.955956e-06,0.009227581,0.008924972,-1.6058824e-05,0.007581667,-1.0590932e-05,0.006493199,0.000571773,0.0,0.005064198,0.0051476937,0.0073700864,-2.3048746e-05,0.0010928244,-7.118631e-06,0.00047705448,0.007678878,0.0033897592,-1.4497716e-05,0.0035750244,-1.0491972e-05,0.016431287,-1.7574044e-05
0.0078421775,0.008342885,0.010067354,0.005497369,0.010032809,0.004649537,0.008896369,0.01041585,0.009851356,0.009401665,0.009963944,0.0035072414,0.008198904,0.008470062,0.01091465,0.010363842,0.010508756,0.010947379,0.0058533037,0.010540845,0.010477193,0.00020733212,0.0073233806,0.00933673,0.005138585,-2.2421156e-05,0.008074297,-2.4089486e-05,0.00926649,-2.859248e-05,0.0106712505,-2.2494447e-05,0.010942679,0.0110011175,0.0062977686,0.00847856,0.006215978,0.010135066,0.009808935,0.0034186223,0.002669951,-2.497101e-05,-2.4468853e-05,0.010880495,-2.3590259e-05,0.006199811,0.010814795,0.009460066,-2.8597125e-05,0.01064701,-2.294889e-05,0.010398344,0.007957203,0.010966639,0.010872681,0.010293434,0.010521682,0.004134735,0.010298644,-2.4543186e-05,0.007903603,0.00743012,0.009833691,0.007573988,0.006385844,0.010545112,0.010838068,0.0028620407,-2.5668367e-05,0.0051013725,0.010027554,0.010637602,0.009794332,0.006458917,0.004193624,0.0039020628,0.010598071,0.010296922,0.010712063,0.008809927,0.007846991,0.0030295188,0.0077500343,0.009892265,0.011096306,0.008091701,0.009074514,-2.5425084e-05,0.010308065,0.010610256,-2.4030496e-05,0.010007791,-2.1541466e-05,0.00916827,0.0028508327,0.0051649828,0.0,0.00878298,0.010172624,-2.6568981e-05,0.0041707316,0.0017345096,0.0029695781,0.009977792,0.007276988,-2.866504e-05,0.005705323,-2.6308247e-05,0.016641645,-2.831772e-05
0.00800578,0.008391989,0.010117212,0.005498775,0.010073764,0.004954251,0.009156043,0.0104895225,0.009818667,0.009384667,0.010058402,0.003591732,0.008173426,0.008588579,0.011136652,0.01062325,0.010502477,0.011043027,0.005854667,0.010767354,0.010720526,0.0005805141,0.0073945164,0.009549984,0.005342559,-2.3004046e-05,0.008266086,-2.1911474e-05,0.009332198,-2.6930478e-05,0.010836574,-2.26521e-05,0.011146992,0.011119979,0.0062869773,0.008628598,0.006493727,0.01033534,0.009795236,0.0035666744,0.0026400592,-2.0139e-05,-2.9571851e-05,0.011018348,-1.8331117e-05,0.0061549856,0.011062781,0.009629755,-2.3162176e-05,0.010707012,-1.9744102e-05,0.010468417,0.008081189,0.011044413,0.011000778,0.01039595,0.010608754,0.004278261,0.0104176495,-2.0949325e-05,0.008086378,0.007418319,0.009810087,0.0078079603,0.0065960833,0.01068259,0.010972246,0.0030578515,-2.0824316e-05,0.0050791604,0.009973272,0.010687775,0.009908185,0.0065300697,0.0042158742,0.0040695127,0.0108518405,0.010471932,0.010823954,0.00896206,0.007939374,0.00309509,0.0077345446,0.009932316,0.011174641,0.008372706,0.009296579,-2.2256756e-05,0.01052073,0.0106975185,-2.8587594e-05,0.010232575,-2.1160437e-05,0.009214258,0.003081612,0.0051255263,0.008529136,0.0,0.010194659,-2.6136293e-05,0.004343356,0.00177898,0.0032005177,0.010090855,0.007312266,-2.329359e-05,0.0057754493,-2.5595486e-05,0.01674102,-2.666513e-05
0.009445217,0.009764455,0.011489452,0.006742962,0.011819906,0.0063991095,0.010379393,0.011965574,0.011311869,0.010744595,0.011618428,0.005188993,0.008599154,0.010078428,0.012852065,0.011867581,0.011887404,0.012335996,0.007358889,0.012683643,0.012556976,0.0022972329,0.008866083,0.01073019,0.006776936,-2.2268454e-05,0.009956073,0.0017583361,0.010470571,-2.6420215e-05,0.01245675,-2.4708854e-05,0.012853577,0.012782682,0.007473967,0.010162682,0.007897356,0.012377656,0.011143152,0.005339368,0.0034130937,-2.4240719e-05,-2.8368842e-05,0.012734426,0.0017998657,0.0076016374,0.012731647,0.01099562,-2.8066455e-05,0.012306766,0.0012231789,0.011801914,0.009192114,0.012754937,0.012761978,0.01190729,0.012323966,0.005967568,0.011700715,0.0005359463,0.009470204,0.008450462,0.011119709,0.009172843,0.008035462,0.012347089,0.012176905,0.0048722066,-2.3687659e-05,0.0067409533,0.012018744,0.012524871,0.011447222,0.0074431663,0.0058834916,0.005892678,0.012155628,0.012059454,0.012206843,0.010294457,0.009612453,0.0046626423,0.009271289,0.011269799,0.0126820225,0.009536212,0.0105055915,0.0014336142,0.012209075,0.012210902,-2.8854807e-05,0.011474743,0.0024887251,0.010790889,0.0047423225,0.0068574166,0.009820104,0.009862576,0.0,-2.5374555e-05,0.0058968375,0.0037020168,0.005081437,0.011429802,0.008098523,-2.6058995e-05,0.007464888,0.0011384703,0.017129067,-2.873747e-05
-4.2025304e-06,4.5093266e-06,5.9672925e-07,3.9337738e-06,1.3824395e-05,1.2504818e-05,1.1442381e-05,-2.4041317e-05,-1.8313689e-06,-1.8611978e-05,-1.8754674e-05,6.7415785e-06,8.441206e-06,1.444568e-05,1.1639009e-05,8.330854e-06,-2.1753635e-06,-1.5142606e-05,7.0567535e-07,0.004610286,-7.9192705e-06,7.675174e-06,1.5831782e-05,8.6231836e-07,-2.1327167e-05,-6.2430295e-06,-1.8272089e-05,9.486031e-06,1.6485748e-05,1.3152824e-05,-1.0177496e-06,-1.2769413e-05,0.0050938386,1.0240275e-05,5.8157248e-06,-1.6551174e-05,-1.396379e-05,0.021286728,-1.28290785e-05,-5.6413987e-06,2.0281132e-06,-1.5271753e-05,-2.1820695e-06,-4.79312e-06,-1.2020623e-05,1.1477462e-05,-4.649797e-06,2.2972313e-06,4.433378e-06,-5.069855e-06,5.0435706e-06,4.124233e-06,7.9784295e-06,-1.8654386e-05,0.001576915,-1.0409469e-05,0.0060296017,1.5183672e-06,-2.104795e-05,1.19410915e-05,-1.1165146e-05,-4.0686905e-07,-1.3760714e-05,1.0154814e-05,-4.6895843e-06,0.0017904142,1.4588337e-05,5.3671206e-06,-2.120756e-05,-1.3891495e-05,0.020742597,0.008448545,1.3080792e-06,9.991814e-06,-6.1708106e-06,-2.8351742e-06,1.5286702e-07,7.2408134e-06,0.036181815,3.87292e-06,2.4703402e-06,-7.800579e-06,9.579878e-06,-1.7688166e-05,8.684044e-06,1.6125596e-05,-1.0073221e-05,-1.0296047e-05,0.004591749,1.5068244e-05,4.7348362e-07,-4.3700984e-06,9.170354e-06,-1.6273749e-06,-1.1365456e-05,1.11732925e-05,-2.1350346e-05,-2.3405903e-05,-1.3488772e-06,0.0,-4.613294e-06,1.1628197e-05,-9.12434e-06,3.6424292e-06,1.3691277e-05,-5.739261e-09,-1.4946853e-05,6.7657643e-06,0.051998284,-8.936469e-06
0.0046987524,0.0053087748,0.0077374442,0.0017261952,0.007665245,0.001082079,0.0059578144,0.008272814,0.0071218614,0.0064404584,0.007584271,-8.008098e-06,0.0041548708,0.005507933,0.0093847485,0.008001645,0.008005539,0.008313549,0.0021878865,0.009721358,0.009224004,-1.3940939e-05,0.004107495,0.0064566913,0.0011705548,-1.1744793e-05,0.0048186122,-1.539074e-05,0.0060223946,-2.182259e-05,0.0090214675,-1.9433774e-05,0.009898324,0.009091551,0.0021681937,0.0057503055,0.002713143,0.009466197,0.007008814,-8.941061e-06,-1.0911901e-05,-1.803441e-05,-1.926264e-05,0.009243934,-1.3221317e-05,0.0023997426,0.009281041,0.0067938897,-1.5903452e-05,0.008593455,-1.602291e-05,0.007851189,0.004759697,0.009463203,0.009755193,0.007938287,0.009132983,0.00043828893,0.007614386,-1.2786961e-05,0.0046434873,0.0036345895,0.0069310004,0.0043640644,0.0030997335,0.00915236,0.008336686,-1.0989275e-05,-2.0237449e-05,0.0013703706,0.009231916,0.00931662,0.0074275266,0.0027657214,-3.7084455e-06,0.00045814313,0.008539858,0.009196618,0.010142888,0.005924231,0.004785255,-9.905381e-06,0.00458178,0.007065164,0.009566863,0.00507908,0.0064961547,-1.6840428e-05,0.00930769,0.008931316,-2.1609449e-05,0.007314908,-1.8830535e-05,0.0061633233,-1.0786138e-05,0.0015258837,0.0050000018,0.005208455,0.0073380074,-2.3731372e-05,0.0,-1.0808802e-05,-1.4180611e-05,0.007250137,0.0031985221,-1.8270888e-05,0.0024872862,-1.9643516e-05,0.017486034,-2.3920646e-05
0.0022678534,0.0032156215,0.006517927,-1.5513919e-05,0.0064713303,-1.815397e-05,0.0041891066,0.0069529004,0.0056057894,0.004703327,0.0063869683,-2.3161034e-05,0.0015848174,0.0037608384,0.00908437,0.006773141,0.0067852535,0.0073379036,-1.5709367e-05,0.009873055,0.008990853,-2.2879969e-05,0.0016232975,0.004734392,-1.8399614e-05,-3.1855696e-05,0.002912684,-2.2125645e-05,0.0043351194,-3.4132234e-05,0.0083946055,-2.8175682e-05,0.0100458255,0.008560565,-1.3847224e-05,0.0035595226,0.0005751517,0.011162854,0.005731994,-2.3803235e-05,-2.167425e-05,-2.2740496e-05,-3.124026e-05,0.008745101,-2.5965814e-05,-2.048626e-05,0.008632246,0.004823565,-3.675052e-05,0.007892168,-2.1927068e-05,0.0067283968,0.0026361449,0.009129471,0.009654404,0.006831094,0.009902956,-2.0382842e-05,0.0062193074,-3.0221425e-05,0.0027030688,0.0012387845,0.005473469,0.0019571485,0.00032440457,0.009197481,0.007217819,-2.6694583e-05,-2.2276414e-05,-1.6460124e-05,0.01100854,0.010075905,0.0059322407,-2.0688025e-05,-2.1840455e-05,-1.627947e-05,0.0076573873,0.009067621,0.012159696,0.004113277,0.0024154529,-1.6836817e-05,0.0027221418,0.005465894,0.00953756,0.003115441,0.0048032575,-2.6564645e-05,0.009496122,0.00818721,-3.555703e-05,0.005946696,-2.3271008e-05,0.0045833867,-2.5946607e-05,-1.733165e-05,0.0029009304,0.0030229166,0.0059037926,-2.4397292e-05,-1.6785893e-05,0.0,-2.457531e-05,0.005976463,0.00091520173,-2.5143494e-05,0.00016679322,-3.0081224e-05,0.019322557,-2.7165192e-05
0.0035706994,0.0042299465,0.007097025,0.0001426162,0.0070201373,0.00021357105,0.0049078343,0.0076655014,0.0062525803,0.0054142466,0.0067481645,-1.3130692e-05,0.0024114018,0.00471134,0.009075512,0.0071088965,0.0072285705,0.007486474,0.0010677787,0.009774229,0.008943106,-9.76493e-06,0.0030759722,0.00542081,-6.8934282e-06,-1.2921311e-05,0.003954919,-1.7455955e-05,0.005161471,-1.7255534e-05,0.008751075,-1.4630553e-05,0.009948556,0.0087410575,0.00084274996,0.005044521,0.0019086759,0.010422823,0.0061893202,-1.2385586e-05,-9.702778e-06,-1.3884876e-05,-2.0105997e-05,0.008783224,-1.3156843e-05,0.0011430257,0.008818967,0.005939709,-2.7430407e-05,0.0081091905,-1.3720904e-05,0.0070826705,0.0036078636,0.0091659995,0.009567818,0.007247543,0.009634828,-1.42355075e-05,0.006849882,-1.5590736e-05,0.0035860804,0.0022474523,0.006103651,0.0034053472,0.001968806,0.009036233,0.0076351105,-1.6508424e-05,-1.8305616e-05,0.00025373392,0.010205971,0.009767198,0.006812201,0.0011885257,-1.19656515e-05,-9.2513155e-06,0.00796255,0.008942249,0.010608994,0.0050187935,0.003923394,-1.256888e-05,0.0038381433,0.0059818444,0.009334871,0.0039738296,0.0055120555,-1.189177e-05,0.009288921,0.008540772,-1.571777e-05,0.0066484674,-1.5110722e-05,0.0054571936,-8.863477e-06,0.0005647931,0.0036763095,0.0040030014,0.006519392,-2.9152648e-05,-7.595172e-06,-1.5053001e-05,0.0,0.0065106237,0.0018663272,-2.1766506e-05,0.0015998206,-1.564523e-05,0.017952178,-1.7072865e-05
0.009140105,0.009339719,0.011434302,0.0060179457,0.011595288,0.006209149,0.009847797,0.011936137,0.010677821,0.010393237,0.010991124,0.0048747766,0.0069929883,0.0101118265,0.012222678,0.01137756,0.011096264,0.011432105,0.007096361,0.012138065,0.012293243,0.0019079089,0.008865083,0.010105967,0.005903408,-1.999031e-05,0.009554529,0.0019696504,0.009983623,-2.3679704e-05,0.012483719,-1.9501633e-05,0.012379298,0.012209253,0.006511406,0.010313197,0.007921736,0.011229319,0.010677715,0.0050551933,0.0020774254,-1.9923596e-05,-2.5089377e-05,0.011938985,0.0020381089,0.0068441434,0.012136813,0.010728555,-2.4323323e-05,0.011430609,0.00094708183,0.011265623,0.008476234,0.012386285,0.012015062,0.01126862,0.012239608,0.0060780747,0.010978174,0.0005588214,0.009147098,0.00758009,0.010466342,0.009059964,0.0077474904,0.011789247,0.011304366,0.0051591555,-2.0140606e-05,0.0065173674,0.011520864,0.011923157,0.011513288,0.0063691367,0.0050265756,0.005957724,0.012025134,0.012003285,0.0119440835,0.0100484,0.009632772,0.0038591672,0.009430921,0.010648841,0.011969461,0.009057283,0.010555503,0.0011866511,0.012106175,0.012208411,-2.0652888e-05,0.010992948,0.003468363,0.010300379,0.00472407,0.006869606,0.008837886,0.008822815,0.010765904,-2.50392e-05,0.005431101,0.003665242,0.0048397626,0.0,0.007060011,-1.9179664e-05,0.0078273695,0.0019978513,0.01760218,-2.3438972e-05
0.0066497014,0.0072399694,0.009019235,0.0043819277,0.008919295,0.0033512358,0.007943359,0.009505561,0.008558838,0.008264912,0.009007793,0.0021893797,0.008129372,0.007122815,0.010320469,0.009424645,0.009645573,0.010138697,0.004544559,0.01029419,0.010012157,-2.6867452e-05,0.0060311025,0.008169725,0.004043093,-2.8574585e-05,0.006684772,-2.1841955e-05,0.007984822,-2.4282723e-05,0.010246648,-2.3710192e-05,0.010645582,0.010161546,0.00522705,0.007242647,0.0050094384,0.010569796,0.008668329,0.002221055,0.00254217,-2.3081606e-05,-3.361648e-05,0.010160407,-2.2960696e-05,0.0049347687,0.0102463355,0.008204476,-3.0544456e-05,0.009811488,-2.630461e-05,0.009356008,0.0069449735,0.010421677,0.010515889,0.009258298,0.010215384,0.002864667,0.009277931,-2.3200793e-05,0.006681519,0.006321557,0.008707974,0.006420074,0.0052703964,0.010037634,0.009875817,0.0014761593,-2.9650166e-05,0.0037452132,0.01031881,0.0102806855,0.008778057,0.006161429,0.0027570538,0.002569594,0.009879127,0.009927958,0.011170442,0.007699727,0.0066904905,0.0017125251,0.006438755,0.008823234,0.0105330935,0.0071864543,0.008002165,-2.7206224e-05,0.010136181,0.009893313,-2.785112e-05,0.008885382,-2.4807374e-05,0.0078502055,0.0017109731,0.0037631707,0.007925402,0.0077047893,0.008956006,-3.2284242e-05,0.0028701478,0.00038185768,0.001558441,0.008871695,0.0,-2.780027e-05,0.004110259,-2.8810386e-05,0.018674128,-3.0868097e-05
-2.8316703e-05,-2.8094819e-05,-6.173674e-06,-2.6549049e-05,-1.584512e-05,-2.6974103e-06,-5.953068e-06,0.001790505,-5.5187916e-06,-2.3239534e-05,-1.6861597e-05,-2.500748e-05,-1.0841955e-05,-2.1757554e-05,0.008610587,-1.971662e-05,0.0003881054,0.002050055,-2.9231569e-05,0.011835372,0.008769117,-9.218079e-06,-1.0599994e-05,-2.5526968e-05,-1.0247624e-05,-5.231433e-06,-1.0971972e-05,-3.933429e-06,-2.1765893e-05,-1.3172767e-05,0.005136822,-8.348136e-06,0.012054959,0.0050640614,-2.190189e-05,-1.8500932e-05,-2.024653e-05,0.017761383,-3.5855744e-06,-1.8594916e-05,-1.870922e-05,2.5443046e-06,-9.484853e-06,0.007839388,-2.0154996e-05,-1.5455282e-05,0.0066276705,-2.2133145e-06,-1.6877317e-05,0.004857664,-1.220788e-05,-1.1871106e-05,-1.3426356e-05,0.00856643,0.010700991,0.00016176091,0.012484478,-3.0657327e-05,-2.5937154e-05,-1.0988793e-05,-8.630571e-06,-6.2144595e-06,-6.1485966e-06,-8.837224e-06,-5.9935905e-06,0.010499917,0.0016450663,-7.5581823e-07,-1.9167215e-05,-9.139647e-06,0.01750597,0.012825268,-7.656702e-06,-2.7384052e-05,-2.0915204e-05,-2.2551447e-05,0.0021300942,0.009950795,0.023985364,-7.126692e-06,-6.068139e-06,-8.89608e-06,-1.6683489e-05,-8.946337e-07,0.009740998,-2.892106e-06,-1.8848054e-06,-1.351075e-05,0.011883138,0.0044713686,-2.5841558e-05,-2.254964e-05,-8.8015395e-06,-2.575264e-06,-2.3432414e-05,-1.977102e-06,-2.125857e-05,-1.6625128e-05,-1.8329216e-05,-3.7735333e-06,-2.8451033e-05,-1.9789102e-05,-1.4038057e-05,-7.4414684e-06,-2.1048527e-05,0.0,-1.8051065e-05,-6.3482735e-06,0.034756612,-1.0376882e-05
0.005276748,0.0056650867,0.007906209,0.002115406,0.008194835,0.0026137112,0.0063883616,0.008568678,0.0072598904,0.00664666,0.0075050434,0.00060581544,0.0030178817,0.0065079974,0.009412181,0.008134121,0.007915474,0.008093106,0.002932468,0.009657417,0.0091207195,-1.5255948e-05,0.0050539793,0.0067302207,0.0015512832,-1.8581468e-05,0.0054703564,-1.668546e-05,0.006339615,-1.7303462e-05,0.009209983,-1.9936613e-05,0.009933492,0.009310119,0.0024455832,0.0066797514,0.0042797197,0.009659245,0.007332137,0.0009857763,-7.419253e-06,-1.3683048e-05,-2.7880795e-05,0.009119897,-1.621552e-05,0.002797757,0.0091284765,0.007371885,-2.2749839e-05,0.008411653,-1.429748e-05,0.007884381,0.0049549225,0.009567922,0.009534052,0.008013822,0.009480413,0.002274929,0.0077233952,-1.3473293e-05,0.0053532096,0.0037663537,0.007207636,0.005356214,0.003924728,0.009225628,0.008284878,0.0015181476,-1.5984497e-05,0.002482109,0.009557248,0.009528423,0.007982006,0.002492851,0.00054718484,0.0021678777,0.008676052,0.009115793,0.009419005,0.006757205,0.005952571,-1.1105845e-05,0.0057201,0.0071785743,0.009435257,0.005543061,0.0070853326,-1.7560771e-05,0.009193312,0.009161491,-2.0733345e-05,0.0075274045,-1.9060115e-05,0.006635102,0.00093901943,0.0031812906,0.004877629,0.004972858,0.0072497497,-2.3405151e-05,0.0014461008,-1.3295399e-05,0.0011438278,0.0077910037,0.0031406432,-1.681647e-05,0.0,-1.735744e-05,0.016012652,-2.2845796e-05
1.37744e-05,0.0003555357,0.0045450334,-2.714102e-06,0.0044519203,-1.0778032e-06,0.0014170752,0.005540038,0.003253742,0.0022658573,0.0045218966,-6.7866417e-06,6.204095e-06,0.0013193522,0.008657322,0.004666619,0.0052057565,0.005335132,1.5593151e-06,0.009976629,0.008599694,-8.046569e-06,3.903748e-06,0.001962217,-5.3468775e-06,-9.141088e-06,7.255502e-05,-1.32339255e-05,0.0015406988,-7.70464e-06,0.0070827557,-2.2045995e-06,0.010179078,0.007435645,5.6282815e-06,0.0015142999,4.971523e-06,0.012339547,0.0034916373,3.8041942e-06,-6.743923e-06,-1.3276662e-05,-1.2937423e-05,0.008080547,-2.6806913e-07,-9.8195386e-08,0.008005002,0.002799406,-2.3670043e-05,0.0069371834,-1.5245203e-05,0.004590647,3.4014581e-06,0.008625481,0.009512606,0.004849204,0.010051044,-4.237466e-06,0.0038945582,-1.7126187e-05,4.4882895e-06,1.11762265e-05,0.0026849678,7.928926e-06,-1.1393691e-06,0.009147981,0.0057337186,-1.0443575e-05,-1.6233515e-05,-1.716256e-06,0.0121816015,0.010346811,0.004266393,5.7078337e-06,-6.5619893e-06,1.32772e-06,0.005790677,0.0088334,0.014306214,0.0013872026,3.2793323e-05,-6.2801437e-06,1.01067535e-05,0.0029008586,0.009209097,0.000315643,0.00226543,-1.39314625e-05,0.009447886,0.0069957688,-1.6150156e-05,0.0036212557,-5.4032384e-06,0.0020002807,-1.0992814e-05,6.359974e-06,1.3794005e-05,1.5840767e-05,0.0037099926,-1.3224523e-05,4.1699154e-06,-1.089929e-05,-5.2593796e-06,0.0036384107,5.379252e-06,-1.5415939e-05,7.1456793e-06,0.0,0.020869862,-1.8648192e-05
0.021736626,0.02207536,0.02303478,0.0207992,0.022989215,0.020357313,0.022189409,0.023261478,0.022536134,0.022478528,0.022652073,0.019546831,0.021711083,0.021885924,0.023807535,0.022947347,0.02271324,0.023206618,0.020546475,0.023968317,0.023779532,0.017856257,0.021346807,0.022306632,0.020148449,0.013821472,0.021466108,0.017536595,0.022275668,0.013628059,0.023390876,0.014624678,0.024120655,0.023247743,0.020775924,0.022061668,0.020852251,0.024615338,0.022682844,0.01976118,0.019195953,0.014898357,0.009838416,0.023844507,0.017800808,0.020725287,0.023306409,0.022401566,0.010805358,0.023356073,0.017155774,0.022872001,0.021574246,0.023962209,0.024026865,0.02288951,0.024261508,0.01979639,0.022871913,0.017217102,0.021323157,0.021508684,0.022331972,0.021478014,0.020885771,0.024002593,0.023097336,0.019192403,0.014321969,0.020381033,0.024657601,0.0243781,0.022731224,0.021245532,0.019641459,0.019969888,0.023163615,0.024144588,0.025321532,0.022099065,0.021731596,0.019226763,0.021636676,0.0227129,0.0238073,0.022146681,0.022121267,0.016533898,0.024447463,0.023277389,0.013696838,0.02276161,0.016508803,0.021701677,0.019270765,0.020584717,0.021981118,0.022102008,0.022760192,0.0074036918,0.019981723,0.018602943,0.01933586,0.022645231,0.021583619,0.013728986,0.020634102,0.016550342,0.0,0.012614833
-1.9015177e-05,-9.846304e-06,-7.893234e-06,-1.9289164e-05,-1.2284935e-05,-8.204804e-09,-1.1774937e-05,4.74462e-06,-1.2752077e-05,-1.8321716e-05,6.7057485e-06,-2.3038625e-05,-1.0770807e-05,-2.1142952e-05,0.007159363,-1.148665e-06,1.9762606e-06,3.4436096e-06,-1.7480965e-05,0.010897552,0.007290091,-1.9430365e-05,-2.2285098e-05,-7.234469e-06,-1.790069e-05,-1.6809518e-05,-1.2241381e-05,-8.699499e-06,-1.9590441e-05,-4.193565e-06,0.0029393153,-2.094292e-05,0.011288626,0.0029239142,3.4781812e-07,-1.7986637e-05,-2.018324e-05,0.018239414,-7.5627786e-06,9.332915e-07,-4.6184873e-06,1.6917532e-07,-6.38259e-06,0.0063298913,-3.7273855e-06,-9.492277e-06,0.00463295,-8.6085665e-06,-6.1448764e-06,0.0028307314,-1.2321916e-05,-1.302048e-05,-1.2194043e-05,0.007109435,0.009753794,-2.4720316e-06,0.011595996,6.716208e-08,-1.3317401e-05,-1.2517087e-05,-7.3254034e-07,-1.8669536e-05,5.667953e-06,9.2938535e-07,-1.28592e-05,0.0093677975,-8.416011e-06,-8.4871535e-06,-1.5099836e-05,-1.7356588e-05,0.018101493,0.01231507,6.9715647e-06,-4.6979553e-06,-2.0085085e-05,-7.339702e-06,-1.4517352e-06,0.008963826,0.025232265,1.2965421e-06,-5.0767326e-06,-2.6152e-05,-2.2392078e-05,-3.1078007e-06,0.008578726,-1.9669737e-05,1.691384e-06,-1.4352674e-05,0.010851341,0.0023634902,-5.751188e-07,-7.336311e-07,-1.3294031e-07,6.1024956e-08,-9.095525e-06,-1.7321243e-05,-3.112904e-06,-1.0791868e-05,3.0906907e-08,-2.2406484e-05,-2.2420001e-05,-1.4399138e-05,-1.0573189e-05,2.268321e-06,-1.9560659e-05,-2.8361832e-05,-1.9050332e-05,-1.5875507e-05,0.035730954,0.0
